survey_id,customer_id,visit_id,survey_date,overall_satisfaction,likelihood_recommend,cleanliness_rating,staff_rating,cat_experience,food_quality,comments
1,131,139,2022-06-02,3,4,5,6,3,7.0,Coffee was excellent.
2,161,152,2022-06-03,8,9,8,6,10,5.0,Wish there were more cats available.
3,213,164,2022-06-04,7,6,8,8,7,5.0,
4,219,167,2022-06-04,5,5,7,9,4,4.0,Best cat cafe in DC!
5,167,170,2022-06-04,8,9,9,10,9,8.0,Coffee was excellent.
6,64,176,2022-06-05,8,8,7,6,7,7.0,
7,157,184,2022-06-05,6,7,7,8,9,4.0,Loved the cats!
8,191,190,2022-06-05,5,5,7,8,6,6.0,
9,50,198,2022-06-06,7,7,8,8,8,8.0,Best cat cafe in DC!
10,35,206,2022-06-06,7,7,7,7,7,7.0,Wish there were more cats available.
11,29,218,2022-06-07,5,5,6,9,2,8.0,
12,212,220,2022-06-07,5,6,6,7,4,7.0,
13,104,232,2022-06-08,3,4,8,7,3,9.0,
14,35,241,2022-06-08,5,4,10,8,5,7.0,Cat yoga was amazing!
15,68,243,2022-06-08,7,7,8,7,7,6.0,
16,215,246,2022-06-09,5,5,7,7,7,8.0,
17,122,253,2022-06-09,5,5,6,7,6,5.0,Loved the cats!
18,114,258,2022-06-09,8,10,8,7,9,5.0,Loved the cats!
19,197,262,2022-06-10,9,9,8,7,7,5.0,The staff was so helpful.
20,8,265,2022-06-10,7,9,6,7,8,6.0,Best cat cafe in DC!
21,84,270,2022-06-10,6,7,9,7,6,8.0,Will definitely come back.
22,202,280,2022-06-11,5,6,7,9,6,7.0,
23,129,289,2022-06-11,6,7,7,8,9,6.0,Coffee was excellent.
24,78,295,2022-06-12,7,7,9,8,5,,My new favorite spot!
25,84,301,2022-06-12,5,5,7,6,5,7.0,Perfect rainy day activity.
26,34,305,2022-06-12,3,5,9,8,5,7.0,My new favorite spot!
27,112,309,2022-06-12,8,7,9,8,7,7.0,Cat yoga was amazing!
28,56,324,2022-06-13,7,8,9,8,8,8.0,
29,68,333,2022-06-14,6,5,8,8,7,7.0,Wish there were more cats available.
30,104,337,2022-06-14,5,6,7,7,5,6.0,Loved the cats!
31,186,338,2022-06-14,6,6,9,6,7,7.0,
32,149,347,2022-06-15,6,5,8,8,7,7.0,Would recommend to friends.
33,48,355,2022-06-15,7,7,9,8,8,8.0,Best cat cafe in DC!
35,142,362,2022-06-15,6,7,6,8,5,7.0,
36,46,363,2022-06-15,7,6,8,8,7,6.0,The staff was so helpful.
37,185,364,2022-06-16,4,5,8,8,4,8.0,Will definitely come back.
39,146,375,2022-06-16,8,7,8,8,7,6.0,
40,142,378,2022-06-16,6,7,9,9,7,7.0,Would recommend to friends.
41,28,383,2022-06-17,7,6,7,8,7,,Relaxing atmosphere.
42,102,387,2022-06-17,7,6,8,8,6,6.0,
43,120,405,2022-06-18,7,7,8,7,8,9.0,Cat yoga was amazing!
44,192,420,2022-06-19,5,4,9,8,8,6.0,Perfect rainy day activity.
45,102,429,2022-06-19,7,6,8,7,7,9.0,Perfect rainy day activity.
47,1,440,2022-06-20,6,4,7,6,6,9.0,Perfect rainy day activity.
48,55,441,2022-06-20,7,6,7,9,8,8.0,Great experience!
49,130,442,2022-06-20,7,7,8,6,8,9.0,
50,153,447,2022-06-20,6,5,8,7,6,5.0,Would recommend to friends.
51,218,450,2022-06-21,9,9,8,9,9,7.0,
52,234,456,2022-06-21,6,6,8,7,5,8.0,
53,30,459,2022-06-21,5,6,8,7,8,9.0,
54,161,461,2022-06-21,6,6,9,7,6,8.0,
56,192,477,2022-06-22,7,7,7,7,7,6.0,Perfect rainy day activity.
57,143,479,2022-06-22,8,6,6,8,7,6.0,
58,114,481,2022-06-22,8,8,7,7,10,5.0,Best cat cafe in DC!
59,59,487,2022-06-23,4,5,8,8,6,7.0,Great experience!
60,53,488,2022-06-23,6,6,7,7,7,7.0,
61,99,496,2022-06-23,4,4,8,7,5,8.0,
62,78,510,2022-06-24,10,8,8,7,10,7.0,
63,23,527,2022-06-25,9,10,7,7,8,,Perfect rainy day activity.
64,56,534,2022-06-25,5,5,8,10,5,8.0,
65,225,536,2022-06-26,6,6,9,7,8,6.0,Cat yoga was amazing!
66,55,541,2022-06-26,6,7,7,7,8,5.0,My new favorite spot!
67,81,543,2022-06-26,5,4,8,8,9,7.0,The waffles were delicious.
68,12,549,2022-06-26,6,6,9,8,8,8.0,
69,49,551,2022-06-26,7,7,8,8,7,9.0,
70,51,576,2022-06-28,6,6,6,8,7,7.0,Loved the cats!
71,47,597,2022-06-29,8,7,8,8,8,9.0,Perfect rainy day activity.
72,243,611,2022-06-30,9,8,7,8,7,5.0,My new favorite spot!
73,215,614,2022-06-30,5,4,7,7,5,6.0,The staff was so helpful.
74,196,618,2022-06-30,5,7,8,9,5,9.0,The waffles were delicious.
75,238,623,2022-07-01,6,7,8,8,6,7.0,Perfect rainy day activity.
77,76,665,2022-07-03,8,10,9,8,10,8.0,A bit crowded today.
78,57,669,2022-07-03,4,3,7,9,5,,The staff was so helpful.
79,80,674,2022-07-04,9,9,9,8,10,6.0,
80,22,680,2022-07-04,9,9,8,7,8,7.0,Will definitely come back.
81,185,684,2022-07-04,6,7,7,7,7,,A bit crowded today.
82,76,698,2022-07-05,8,7,9,7,8,6.0,Wish there were more cats available.
83,178,704,2022-07-05,7,8,8,8,8,6.0,Wish there were more cats available.
84,198,705,2022-07-05,7,6,8,8,6,8.0,My new favorite spot!
85,130,714,2022-07-06,8,8,8,7,8,6.0,
86,159,715,2022-07-06,6,6,7,8,6,7.0,Will definitely come back.
87,95,722,2022-07-06,6,5,10,8,5,7.0,Would recommend to friends.
90,227,756,2022-07-08,7,7,7,8,6,7.0,The waffles were delicious.
91,166,759,2022-07-09,5,6,8,8,6,7.0,
92,116,766,2022-07-09,6,7,8,8,6,7.0,Perfect rainy day activity.
93,115,767,2022-07-09,6,5,7,8,6,7.0,
94,212,773,2022-07-09,4,6,8,8,4,8.0,
95,176,785,2022-07-10,5,3,8,7,5,7.0,Best cat cafe in DC!
96,10,793,2022-07-11,5,6,7,7,7,7.0,Will definitely come back.
97,29,797,2022-07-11,7,9,9,8,8,6.0,The waffles were delicious.
98,213,800,2022-07-11,8,8,8,9,10,8.0,
99,68,802,2022-07-11,7,8,9,8,8,6.0,
100,7,806,2022-07-11,5,5,7,9,9,7.0,My new favorite spot!
101,164,816,2022-07-12,7,8,7,7,8,4.0,Best cat cafe in DC!
102,6,823,2022-07-12,7,7,10,7,8,7.0,
103,20,827,2022-07-12,6,6,8,8,6,6.0,The waffles were delicious.
104,211,831,2022-07-13,6,7,8,8,5,7.0,Will definitely come back.
105,78,841,2022-07-13,8,7,7,8,6,7.0,Loved the cats!
106,52,842,2022-07-13,6,8,8,7,9,8.0,A bit crowded today.
107,138,844,2022-07-13,4,5,10,8,5,,Best cat cafe in DC!
108,21,849,2022-07-14,3,4,8,7,4,6.0,Wish there were more cats available.
109,42,853,2022-07-14,5,6,7,7,7,7.0,Will definitely come back.
110,120,854,2022-07-14,5,6,9,7,5,6.0,Relaxing atmosphere.
111,127,855,2022-07-14,6,7,8,7,6,7.0,Will definitely come back.
112,18,857,2022-07-14,7,6,9,8,7,6.0,The waffles were delicious.
113,98,860,2022-07-14,7,7,7,7,6,5.0,Great experience!
114,213,865,2022-07-15,9,9,8,7,10,6.0,Would recommend to friends.
116,219,880,2022-07-16,6,6,7,8,7,5.0,Wish there were more cats available.
117,212,884,2022-07-16,7,8,9,8,8,7.0,Great experience!
118,167,888,2022-07-16,6,7,7,7,6,8.0,Best cat cafe in DC!
119,246,892,2022-07-16,6,5,8,6,7,7.0,Coffee was excellent.
120,8,914,2022-07-18,6,7,9,8,8,8.0,Relaxing atmosphere.
121,233,916,2022-07-18,9,9,7,6,8,4.0,
122,230,919,2022-07-18,6,4,9,8,6,8.0,Perfect rainy day activity.
123,22,936,2022-07-19,7,7,9,7,6,7.0,My new favorite spot!
124,26,942,2022-07-19,6,4,9,8,6,,
125,118,945,2022-07-19,9,7,7,8,10,8.0,Cat yoga was amazing!
126,231,955,2022-07-20,4,2,9,7,4,5.0,Wish there were more cats available.
127,119,959,2022-07-20,6,6,8,8,7,8.0,Would recommend to friends.
128,236,960,2022-07-20,3,4,7,7,4,7.0,
129,210,975,2022-07-21,7,6,7,8,8,7.0,My new favorite spot!
130,41,976,2022-07-21,8,9,8,8,9,6.0,
131,30,985,2022-07-22,6,6,8,9,6,8.0,Relaxing atmosphere.
132,44,986,2022-07-22,7,8,7,8,9,7.0,The staff was so helpful.
133,8,996,2022-07-22,4,5,8,7,6,,Great experience!
134,182,998,2022-07-22,6,7,8,8,6,7.0,
135,28,1018,2022-07-24,5,5,7,8,5,7.0,
137,205,1028,2022-07-24,6,7,8,8,4,9.0,
138,15,1031,2022-07-24,5,6,8,8,5,7.0,
139,152,1035,2022-07-25,8,7,6,9,9,9.0,My new favorite spot!
140,45,1037,2022-07-25,7,7,5,8,6,7.0,
141,187,1048,2022-07-25,9,10,8,9,10,7.0,
142,132,1053,2022-07-26,6,6,8,7,6,7.0,Would recommend to friends.
143,20,1061,2022-07-26,5,5,7,8,5,7.0,Great experience!
144,41,1072,2022-07-27,7,7,8,9,9,8.0,My new favorite spot!
145,225,1082,2022-07-27,8,9,8,9,8,5.0,Will definitely come back.
146,96,1084,2022-07-27,5,5,9,7,5,7.0,My new favorite spot!
147,64,1105,2022-07-29,6,6,8,8,9,7.0,A bit crowded today.
148,194,1107,2022-07-29,6,7,8,9,6,7.0,
149,242,1123,2022-07-30,8,7,9,8,8,9.0,
150,245,1127,2022-07-30,7,7,8,7,7,9.0,Coffee was excellent.
151,239,1129,2022-07-30,7,7,8,8,7,7.0,My new favorite spot!
152,72,1134,2022-07-30,4,2,8,8,3,6.0,Coffee was excellent.
154,217,1143,2022-07-31,9,9,9,7,8,8.0,My new favorite spot!
155,173,1153,2022-07-31,9,8,6,7,8,7.0,Perfect rainy day activity.
156,17,1163,2022-08-01,6,6,6,10,6,8.0,Wish there were more cats available.
157,132,1167,2022-08-01,9,7,9,8,9,6.0,Coffee was excellent.
158,122,1178,2022-08-02,7,7,6,6,7,9.0,The waffles were delicious.
159,174,1183,2022-08-02,6,6,9,8,8,6.0,The waffles were delicious.
160,187,1186,2022-08-02,6,7,9,7,6,9.0,
162,209,1225,2022-08-05,5,3,7,6,5,4.0,
163,53,1235,2022-08-05,8,10,6,6,10,7.0,Great experience!
164,120,1236,2022-08-05,7,8,7,9,9,,
165,137,1251,2022-08-06,6,6,10,8,7,9.0,Best cat cafe in DC!
166,124,1260,2022-08-07,7,8,9,7,9,6.0,Best cat cafe in DC!
167,72,1269,2022-08-07,8,8,5,9,7,8.0,
168,197,1272,2022-08-07,6,6,9,9,2,7.0,
169,128,1273,2022-08-07,7,7,7,8,6,6.0,The staff was so helpful.
170,129,1275,2022-08-08,6,7,8,8,7,5.0,Loved the cats!
171,115,1279,2022-08-08,6,5,8,8,7,8.0,Will definitely come back.
172,120,1285,2022-08-08,9,8,7,8,10,5.0,My new favorite spot!
173,90,1287,2022-08-08,7,7,8,8,8,8.0,Relaxing atmosphere.
174,185,1290,2022-08-08,7,8,8,8,8,7.0,Perfect rainy day activity.
175,161,1295,2022-08-09,5,4,7,8,5,7.0,Great experience!
176,78,1297,2022-08-09,8,6,7,10,8,7.0,
177,150,1304,2022-08-09,8,9,7,7,10,6.0,Perfect rainy day activity.
178,167,1307,2022-08-09,6,7,7,8,5,6.0,Coffee was excellent.
179,88,1343,2022-08-12,7,7,8,8,7,7.0,
180,224,1346,2022-08-12,7,8,8,8,7,7.0,Would recommend to friends.
181,89,1363,2022-08-13,7,6,6,9,7,,Loved the cats!
182,147,1366,2022-08-13,6,6,8,8,6,7.0,
183,159,1370,2022-08-13,9,9,7,8,9,6.0,
184,190,1389,2022-08-14,7,6,9,8,7,7.0,Would recommend to friends.
185,24,1391,2022-08-14,7,9,8,9,9,5.0,Would recommend to friends.
186,103,1392,2022-08-14,10,9,9,7,10,8.0,Perfect rainy day activity.
187,178,1395,2022-08-15,7,7,7,8,7,5.0,
188,136,1398,2022-08-15,6,6,7,7,7,7.0,A bit crowded today.
189,2,1403,2022-08-15,9,9,7,8,8,8.0,
190,3,1405,2022-08-15,6,8,7,7,5,8.0,
192,42,1417,2022-08-16,8,8,9,8,7,6.0,
193,135,1425,2022-08-16,6,7,8,8,8,7.0,Loved the cats!
194,198,1428,2022-08-16,8,7,9,7,7,8.0,Perfect rainy day activity.
195,196,1430,2022-08-17,5,5,7,8,6,7.0,
196,156,1442,2022-08-17,5,5,7,8,5,8.0,Loved the cats!
197,168,1445,2022-08-17,8,7,7,9,7,6.0,Best cat cafe in DC!
198,223,1454,2022-08-18,3,4,7,9,5,7.0,A bit crowded today.
199,38,1459,2022-08-18,8,8,8,8,10,9.0,
200,217,1462,2022-08-18,10,10,8,8,10,7.0,Best cat cafe in DC!
201,65,1465,2022-08-19,8,8,8,7,6,7.0,Coffee was excellent.
202,175,1478,2022-08-19,5,6,8,8,5,,
203,165,1481,2022-08-20,5,5,7,7,6,7.0,Perfect rainy day activity.
204,95,1485,2022-08-20,9,10,6,9,10,6.0,Great experience!
205,184,1488,2022-08-20,7,6,7,8,7,7.0,Best cat cafe in DC!
206,30,1495,2022-08-20,8,6,8,8,9,8.0,
207,27,1509,2022-08-21,4,2,9,8,5,7.0,Loved the cats!
208,11,1514,2022-08-22,6,5,7,8,9,7.0,
209,230,1521,2022-08-22,5,6,8,9,6,6.0,My new favorite spot!
210,241,1525,2022-08-22,8,8,8,7,9,7.0,
211,138,1535,2022-08-23,9,10,6,8,10,7.0,Cat yoga was amazing!
212,6,1544,2022-08-23,9,10,6,8,9,,The staff was so helpful.
213,70,1545,2022-08-23,6,7,8,7,6,9.0,The staff was so helpful.
214,175,1546,2022-08-23,5,4,8,7,5,6.0,
215,85,1548,2022-08-23,7,8,8,6,7,7.0,The staff was so helpful.
216,206,1554,2022-08-24,6,5,8,8,6,8.0,
217,226,1564,2022-08-24,4,3,8,8,5,6.0,Relaxing atmosphere.
218,120,1581,2022-08-25,6,5,7,8,7,7.0,The staff was so helpful.
219,121,1593,2022-08-26,9,7,8,9,10,7.0,Wish there were more cats available.
220,115,1597,2022-08-26,8,9,8,8,8,7.0,Cat yoga was amazing!
221,220,1600,2022-08-27,5,4,7,7,5,6.0,Wish there were more cats available.
222,104,1602,2022-08-27,3,5,7,10,4,6.0,The waffles were delicious.
223,139,1608,2022-08-27,6,6,7,7,6,9.0,Perfect rainy day activity.
224,55,1623,2022-08-28,6,7,8,9,7,6.0,
225,206,1626,2022-08-28,6,8,8,8,7,9.0,Loved the cats!
226,42,1633,2022-08-28,7,6,9,9,8,6.0,Relaxing atmosphere.
227,90,1644,2022-08-29,8,8,8,7,8,9.0,Loved the cats!
228,207,1648,2022-08-29,5,4,9,7,5,8.0,Wish there were more cats available.
229,246,1651,2022-08-29,8,9,9,9,7,7.0,A bit crowded today.
230,195,1665,2022-08-30,8,7,7,9,9,7.0,Best cat cafe in DC!
231,138,1667,2022-08-30,7,7,8,8,8,6.0,
232,91,1670,2022-08-31,5,5,8,8,5,5.0,My new favorite spot!
233,17,1671,2022-08-31,6,6,9,9,5,7.0,The waffles were delicious.
234,155,1672,2022-08-31,8,7,5,7,8,9.0,The staff was so helpful.
235,94,1679,2022-08-31,7,7,9,8,6,7.0,Perfect rainy day activity.
236,245,1683,2022-08-31,7,7,8,8,7,8.0,The waffles were delicious.
237,141,1692,2022-09-01,8,8,8,7,6,9.0,
238,76,1697,2022-09-01,8,7,7,9,8,8.0,
239,210,1708,2022-09-02,8,7,9,8,9,8.0,
240,28,1710,2022-09-02,6,7,9,7,7,6.0,A bit crowded today.
241,203,1746,2022-09-04,10,10,8,8,10,7.0,Will definitely come back.
242,229,1751,2022-09-04,6,6,8,7,6,8.0,A bit crowded today.
243,46,1754,2022-09-04,6,5,6,9,6,7.0,Cat yoga was amazing!
244,121,1755,2022-09-05,7,6,10,6,9,,
245,205,1756,2022-09-05,6,6,8,8,7,9.0,Would recommend to friends.
246,164,1757,2022-09-05,6,7,7,8,8,8.0,
247,14,1769,2022-09-05,7,6,6,8,8,5.0,Cat yoga was amazing!
248,189,1779,2022-09-06,5,8,7,7,6,8.0,
249,115,1780,2022-09-06,7,8,8,8,10,5.0,Best cat cafe in DC!
250,151,1788,2022-09-06,5,4,8,9,6,7.0,The waffles were delicious.
251,36,1798,2022-09-07,7,8,8,8,6,6.0,
252,27,1800,2022-09-07,8,8,7,7,10,6.0,Would recommend to friends.
253,172,1801,2022-09-07,8,8,8,8,7,9.0,
254,164,1802,2022-09-07,8,8,7,8,8,8.0,Wish there were more cats available.
255,204,1808,2022-09-08,9,9,8,6,7,9.0,
256,64,1809,2022-09-08,7,9,9,8,10,6.0,The staff was so helpful.
257,14,1812,2022-09-08,6,7,9,7,7,6.0,
258,142,1815,2022-09-08,7,4,8,7,6,7.0,
260,27,1839,2022-09-09,7,6,7,7,6,5.0,Would recommend to friends.
262,202,1854,2022-09-10,5,6,7,9,6,5.0,
263,178,1873,2022-09-11,7,7,9,7,8,8.0,A bit crowded today.
264,147,1875,2022-09-12,9,8,8,7,9,7.0,Coffee was excellent.
265,2,1891,2022-09-12,7,7,7,6,7,9.0,
266,49,1904,2022-09-13,8,9,8,7,7,6.0,
267,82,1908,2022-09-13,4,6,9,8,6,8.0,Perfect rainy day activity.
268,169,1926,2022-09-14,7,7,8,8,6,7.0,Wish there were more cats available.
269,173,1941,2022-09-15,5,5,7,10,5,8.0,Would recommend to friends.
270,29,1946,2022-09-16,7,9,7,7,8,6.0,Wish there were more cats available.
271,182,1961,2022-09-17,4,4,7,7,7,,Relaxing atmosphere.
272,22,1962,2022-09-17,7,8,8,8,8,8.0,Would recommend to friends.
273,225,1972,2022-09-17,8,8,8,8,10,7.0,Relaxing atmosphere.
274,88,1974,2022-09-17,7,8,7,8,8,7.0,
275,77,1975,2022-09-17,6,7,8,7,7,7.0,
276,22,1978,2022-09-18,3,4,8,8,4,8.0,
277,32,1985,2022-09-18,7,8,9,8,9,6.0,Cat yoga was amazing!
278,71,1999,2022-09-19,7,8,7,6,5,7.0,
279,118,2003,2022-09-19,8,8,6,7,8,,Perfect rainy day activity.
280,20,2009,2022-09-19,4,6,9,6,5,7.0,Perfect rainy day activity.
281,55,2021,2022-09-20,7,8,7,8,9,7.0,A bit crowded today.
282,164,2029,2022-09-20,4,4,8,7,6,9.0,
283,57,2038,2022-09-21,8,8,6,8,8,6.0,
284,183,2042,2022-09-21,7,6,6,9,5,7.0,Will definitely come back.
285,156,2044,2022-09-21,7,6,8,8,6,7.0,Best cat cafe in DC!
286,125,2045,2022-09-21,4,5,8,7,3,7.0,
287,204,2046,2022-09-21,5,6,9,8,8,7.0,
288,175,2047,2022-09-22,7,7,8,7,6,10.0,
289,80,2050,2022-09-22,5,5,8,7,5,7.0,Best cat cafe in DC!
290,92,2054,2022-09-22,8,7,7,8,8,8.0,
291,209,2059,2022-09-22,6,7,9,8,7,6.0,The waffles were delicious.
292,242,2062,2022-09-22,5,5,9,8,8,7.0,Relaxing atmosphere.
293,198,2063,2022-09-22,7,7,7,7,7,5.0,
294,200,2067,2022-09-23,6,6,9,8,6,5.0,Cat yoga was amazing!
295,90,2086,2022-09-24,3,4,9,9,3,6.0,Coffee was excellent.
296,202,2087,2022-09-24,9,8,7,7,8,8.0,
297,109,2089,2022-09-24,8,8,7,8,9,6.0,
298,132,2091,2022-09-24,8,7,6,10,7,8.0,Will definitely come back.
300,165,2106,2022-09-25,10,9,8,8,10,9.0,
301,16,2107,2022-09-25,9,7,9,7,8,8.0,Great experience!
302,201,2124,2022-09-26,7,5,8,8,8,7.0,Coffee was excellent.
303,220,2136,2022-09-27,7,8,9,8,8,8.0,Would recommend to friends.
304,218,2139,2022-09-27,9,9,7,8,10,5.0,
305,104,2154,2022-09-28,7,5,6,7,8,6.0,
306,223,2158,2022-09-28,7,7,8,8,7,5.0,My new favorite spot!
307,71,2165,2022-09-28,7,7,6,7,7,8.0,
308,132,2180,2022-09-29,6,7,8,8,7,5.0,My new favorite spot!
309,111,2191,2022-09-30,7,8,7,7,8,7.0,Would recommend to friends.
310,230,2193,2022-09-30,9,10,7,10,9,5.0,The waffles were delicious.
311,208,2197,2022-09-30,5,5,7,7,4,,
312,95,2202,2022-10-01,6,5,9,7,6,9.0,My new favorite spot!
313,120,2207,2022-10-01,7,5,7,8,7,7.0,The waffles were delicious.
314,136,2209,2022-10-01,10,9,8,7,10,8.0,Would recommend to friends.
315,225,2210,2022-10-01,9,9,6,8,9,9.0,My new favorite spot!
316,113,2213,2022-10-01,5,5,6,9,6,6.0,Coffee was excellent.
317,150,2214,2022-10-01,8,10,8,7,8,7.0,
318,50,2218,2022-10-02,7,7,6,8,7,7.0,Relaxing atmosphere.
319,216,2221,2022-10-02,5,5,10,7,6,8.0,
320,92,2230,2022-10-02,4,4,7,8,3,6.0,
321,82,2234,2022-10-02,7,8,7,9,8,7.0,
322,177,2243,2022-10-03,6,7,8,7,6,8.0,Coffee was excellent.
323,2,2244,2022-10-03,8,8,8,8,8,6.0,Best cat cafe in DC!
324,47,2257,2022-10-04,8,8,7,7,10,6.0,Perfect rainy day activity.
325,107,2259,2022-10-04,7,7,7,7,7,7.0,Wish there were more cats available.
326,15,2262,2022-10-04,6,7,9,7,6,7.0,A bit crowded today.
327,24,2264,2022-10-04,5,4,9,7,8,8.0,A bit crowded today.
328,119,2265,2022-10-04,9,8,6,8,8,8.0,
329,58,2268,2022-10-04,7,7,8,9,7,10.0,Wish there were more cats available.
330,91,2277,2022-10-05,9,8,8,8,9,6.0,Best cat cafe in DC!
331,86,2280,2022-10-05,7,6,7,7,7,5.0,Relaxing atmosphere.
332,40,2292,2022-10-06,5,6,8,9,4,5.0,Cat yoga was amazing!
333,183,2296,2022-10-06,7,7,7,6,6,7.0,The staff was so helpful.
334,67,2297,2022-10-06,6,7,8,7,8,6.0,
335,157,2302,2022-10-06,8,8,7,8,10,8.0,Perfect rainy day activity.
336,219,2308,2022-10-07,5,5,7,7,6,7.0,Great experience!
337,203,2314,2022-10-07,9,10,8,8,10,7.0,Will definitely come back.
338,70,2315,2022-10-07,7,8,8,6,10,,
339,31,2317,2022-10-07,7,7,7,8,7,4.0,Would recommend to friends.
340,26,2330,2022-10-08,8,7,9,7,8,7.0,My new favorite spot!
341,62,2334,2022-10-08,6,7,7,8,6,7.0,The staff was so helpful.
342,245,2337,2022-10-08,5,6,9,7,4,7.0,Loved the cats!
343,155,2341,2022-10-09,6,6,7,9,7,5.0,
344,95,2344,2022-10-09,7,7,7,8,9,7.0,Wish there were more cats available.
345,88,2348,2022-10-09,7,7,9,7,8,10.0,Perfect rainy day activity.
346,119,2349,2022-10-09,7,7,8,8,6,4.0,
347,61,2356,2022-10-10,8,9,7,8,9,6.0,
348,202,2360,2022-10-10,8,5,8,8,9,6.0,
349,156,2372,2022-10-10,7,6,5,8,5,9.0,Perfect rainy day activity.
350,121,2375,2022-10-11,9,8,8,6,10,7.0,Loved the cats!
351,24,2377,2022-10-11,8,8,6,8,8,8.0,
352,24,2385,2022-10-11,9,8,8,8,10,,Coffee was excellent.
353,182,2387,2022-10-11,6,7,6,8,10,7.0,A bit crowded today.
354,227,2388,2022-10-11,9,10,8,9,10,5.0,
355,69,2391,2022-10-12,8,6,7,8,5,6.0,My new favorite spot!
356,70,2393,2022-10-12,2,1,9,8,2,7.0,The waffles were delicious.
357,190,2410,2022-10-13,7,6,7,8,8,8.0,Coffee was excellent.
358,2,2413,2022-10-13,6,6,8,7,5,7.0,My new favorite spot!
359,1,2427,2022-10-14,4,4,7,8,4,8.0,My new favorite spot!
360,187,2430,2022-10-14,6,6,6,7,7,6.0,
361,81,2453,2022-10-15,2,3,9,7,2,,Best cat cafe in DC!
362,210,2454,2022-10-15,4,5,8,7,3,,
363,76,2455,2022-10-15,7,7,8,7,8,8.0,The waffles were delicious.
364,238,2458,2022-10-15,8,7,6,9,6,6.0,Will definitely come back.
365,160,2470,2022-10-16,4,3,8,8,4,,
366,59,2473,2022-10-16,6,5,6,6,7,7.0,My new favorite spot!
367,179,2475,2022-10-16,5,6,7,8,6,8.0,
368,115,2476,2022-10-17,6,7,8,8,7,8.0,Best cat cafe in DC!
369,80,2492,2022-10-17,6,6,8,8,7,6.0,Would recommend to friends.
370,25,2500,2022-10-18,7,7,7,8,8,5.0,
371,200,2505,2022-10-18,9,9,9,9,10,6.0,Loved the cats!
372,230,2508,2022-10-18,4,5,6,9,6,6.0,Great experience!
373,187,2510,2022-10-19,4,4,8,7,3,7.0,Best cat cafe in DC!
375,238,2548,2022-10-21,7,8,8,7,7,6.0,
376,34,2569,2022-10-22,6,6,10,6,7,7.0,Best cat cafe in DC!
377,126,2580,2022-10-23,7,6,7,9,10,6.0,Coffee was excellent.
379,5,2590,2022-10-23,5,5,5,8,5,7.0,Would recommend to friends.
380,108,2594,2022-10-23,6,4,7,8,6,6.0,Cat yoga was amazing!
382,197,2601,2022-10-24,4,6,6,9,6,7.0,
383,196,2605,2022-10-24,6,6,8,9,7,6.0,Wish there were more cats available.
384,7,2611,2022-10-24,6,7,6,8,6,7.0,Best cat cafe in DC!
385,116,2620,2022-10-25,5,5,7,9,6,6.0,Perfect rainy day activity.
386,232,2624,2022-10-25,7,7,7,6,8,6.0,My new favorite spot!
387,216,2627,2022-10-25,8,8,9,9,10,8.0,Cat yoga was amazing!
388,220,2632,2022-10-26,8,8,8,9,9,4.0,My new favorite spot!
389,69,2634,2022-10-26,6,5,9,8,6,9.0,
390,121,2636,2022-10-26,7,8,6,10,8,7.0,
391,216,2649,2022-10-27,6,6,8,8,6,7.0,Loved the cats!
392,154,2651,2022-10-27,7,8,7,7,7,10.0,Perfect rainy day activity.
393,133,2654,2022-10-27,2,3,7,8,3,7.0,The waffles were delicious.
394,224,2655,2022-10-27,7,8,9,9,8,7.0,
395,53,2658,2022-10-27,6,5,7,8,6,6.0,Will definitely come back.
396,166,2664,2022-10-27,4,6,8,8,4,6.0,
397,152,2671,2022-10-28,6,5,8,8,8,7.0,Great experience!
398,186,2686,2022-10-29,6,8,7,8,6,4.0,The staff was so helpful.
399,177,2698,2022-10-29,7,7,7,8,9,9.0,
401,239,2701,2022-10-30,9,8,6,8,10,6.0,
402,167,2709,2022-10-30,3,4,9,6,3,7.0,Best cat cafe in DC!
403,39,2711,2022-10-30,5,5,6,9,6,7.0,Best cat cafe in DC!
404,163,2719,2022-10-31,7,6,7,7,8,7.0,
405,133,2730,2022-10-31,5,6,8,7,5,6.0,
406,56,2735,2022-11-01,8,7,9,8,8,,
407,245,2738,2022-11-01,5,5,7,8,5,6.0,Best cat cafe in DC!
408,245,2742,2022-11-01,6,6,8,7,6,9.0,Best cat cafe in DC!
409,100,2752,2022-11-02,7,7,9,8,6,9.0,Great experience!
410,29,2757,2022-11-02,10,10,7,7,9,8.0,Will definitely come back.
411,249,2761,2022-11-02,3,2,9,7,4,8.0,The staff was so helpful.
412,136,2765,2022-11-02,6,4,7,9,8,9.0,
413,226,2766,2022-11-02,4,4,7,8,5,8.0,My new favorite spot!
414,33,2768,2022-11-03,6,5,6,9,5,8.0,Cat yoga was amazing!
415,26,2770,2022-11-03,5,7,7,7,8,8.0,Relaxing atmosphere.
416,46,2772,2022-11-03,7,7,8,8,7,7.0,Would recommend to friends.
417,184,2777,2022-11-03,7,8,7,7,8,7.0,Wish there were more cats available.
418,88,2782,2022-11-03,8,8,8,7,10,9.0,
420,72,2787,2022-11-04,6,7,9,8,6,6.0,The staff was so helpful.
421,213,2800,2022-11-04,9,9,7,7,10,6.0,Cat yoga was amazing!
422,60,2808,2022-11-05,7,7,6,8,8,8.0,
423,140,2814,2022-11-05,8,8,7,7,9,6.0,Coffee was excellent.
424,3,2815,2022-11-05,8,9,8,8,9,8.0,Great experience!
425,246,2817,2022-11-05,8,8,7,7,7,8.0,Best cat cafe in DC!
426,121,2830,2022-11-06,4,5,7,7,5,6.0,Perfect rainy day activity.
427,12,2833,2022-11-06,5,6,7,9,8,7.0,
428,246,2843,2022-11-07,8,7,10,9,9,8.0,Great experience!
429,173,2847,2022-11-07,6,8,6,9,7,6.0,Cat yoga was amazing!
430,41,2850,2022-11-07,6,6,8,8,7,8.0,
431,209,2865,2022-11-08,10,10,6,8,10,6.0,Best cat cafe in DC!
432,169,2868,2022-11-08,8,8,7,7,8,7.0,The waffles were delicious.
433,88,2902,2022-11-10,9,7,5,9,9,6.0,
434,173,2903,2022-11-10,6,7,8,8,6,7.0,Loved the cats!
435,201,2913,2022-11-11,7,9,9,8,9,9.0,Wish there were more cats available.
436,29,2924,2022-11-12,6,7,9,6,6,8.0,Best cat cafe in DC!
437,232,2930,2022-11-12,9,9,7,8,10,7.0,The waffles were delicious.
438,176,2946,2022-11-13,5,7,8,7,7,6.0,
439,169,2948,2022-11-13,9,9,7,7,10,6.0,Great experience!
441,131,2951,2022-11-13,7,6,8,6,7,7.0,Coffee was excellent.
442,199,2953,2022-11-13,9,8,8,8,10,6.0,Loved the cats!
443,122,2955,2022-11-13,5,5,7,6,4,6.0,Coffee was excellent.
444,41,2963,2022-11-14,7,8,7,8,7,7.0,
445,233,2966,2022-11-14,6,5,8,8,5,8.0,Coffee was excellent.
446,99,2974,2022-11-15,7,6,7,8,8,5.0,Would recommend to friends.
447,15,2976,2022-11-15,7,7,5,8,7,7.0,The staff was so helpful.
448,96,2977,2022-11-15,6,5,7,7,7,7.0,
449,196,2994,2022-11-16,7,6,9,8,7,8.0,Wish there were more cats available.
450,149,3001,2022-11-16,7,8,7,8,8,6.0,Would recommend to friends.
451,225,3016,2022-11-17,6,9,9,7,8,7.0,Cat yoga was amazing!
452,23,3019,2022-11-17,8,6,9,7,8,9.0,Cat yoga was amazing!
453,95,3052,2022-11-19,7,8,9,9,7,8.0,Cat yoga was amazing!
454,96,3055,2022-11-19,9,8,9,7,10,5.0,
455,146,3057,2022-11-19,6,6,7,8,7,10.0,A bit crowded today.
456,176,3063,2022-11-20,6,7,8,8,6,8.0,Relaxing atmosphere.
457,143,3066,2022-11-20,6,7,10,8,4,7.0,
458,225,3080,2022-11-21,5,5,8,8,4,9.0,
459,161,3085,2022-11-21,10,8,6,9,10,8.0,Coffee was excellent.
460,184,3089,2022-11-21,7,8,7,9,8,5.0,Will definitely come back.
461,137,3098,2022-11-22,7,6,7,6,5,5.0,
462,25,3101,2022-11-22,7,7,9,7,8,7.0,A bit crowded today.
463,30,3108,2022-11-22,6,5,9,7,7,6.0,
464,57,3112,2022-11-23,7,7,8,9,8,,Wish there were more cats available.
466,90,3129,2022-11-24,3,3,9,8,4,8.0,Best cat cafe in DC!
467,50,3145,2022-11-24,9,9,8,7,10,6.0,Coffee was excellent.
468,15,3150,2022-11-25,7,7,8,8,7,4.0,
469,19,3151,2022-11-25,6,7,9,6,3,6.0,Best cat cafe in DC!
470,216,3162,2022-11-25,6,5,8,8,5,5.0,My new favorite spot!
471,46,3184,2022-11-27,4,5,7,8,6,7.0,Best cat cafe in DC!
472,192,3194,2022-11-27,8,7,7,8,8,7.0,Great experience!
473,178,3199,2022-11-28,6,6,8,7,8,7.0,My new favorite spot!
474,189,3200,2022-11-28,7,7,6,9,8,7.0,Wish there were more cats available.
475,31,3227,2022-11-29,9,9,8,7,10,7.0,Will definitely come back.
476,134,3234,2022-11-30,6,6,7,7,5,9.0,
477,239,3246,2022-11-30,3,2,7,7,3,7.0,
478,239,3249,2022-12-01,6,9,8,8,7,,
479,25,3256,2022-12-01,8,8,6,7,8,9.0,Would recommend to friends.
480,226,3261,2022-12-01,9,8,7,7,8,8.0,The staff was so helpful.
481,147,3266,2022-12-02,9,8,9,9,8,6.0,
482,98,3271,2022-12-02,7,7,6,9,6,8.0,A bit crowded today.
483,69,3274,2022-12-02,6,6,8,6,7,8.0,Will definitely come back.
484,185,3289,2022-12-03,7,8,7,9,7,7.0,
485,37,3316,2022-12-04,8,8,8,7,7,7.0,Perfect rainy day activity.
486,3,3333,2022-12-05,9,8,9,9,9,7.0,
487,69,3366,2022-12-07,6,6,9,7,7,7.0,
488,177,3392,2022-12-09,7,5,7,8,6,,The staff was so helpful.
489,147,3420,2022-12-11,8,10,7,9,7,6.0,
490,51,3422,2022-12-11,7,7,7,7,8,6.0,Loved the cats!
491,161,3427,2022-12-11,8,9,9,6,9,7.0,A bit crowded today.
492,151,3433,2022-12-11,6,6,7,8,8,5.0,
493,196,3439,2022-12-12,5,6,8,7,6,6.0,Will definitely come back.
494,10,3442,2022-12-12,7,8,8,8,7,8.0,Coffee was excellent.
495,110,3455,2022-12-13,7,6,7,8,8,7.0,
496,139,3457,2022-12-13,8,6,8,8,8,8.0,Cat yoga was amazing!
497,112,3464,2022-12-13,10,9,7,8,10,6.0,Coffee was excellent.
498,241,3465,2022-12-13,5,6,9,7,7,7.0,Would recommend to friends.
499,220,3473,2022-12-14,7,7,7,7,6,5.0,A bit crowded today.
500,166,3474,2022-12-14,5,5,8,7,7,8.0,
501,54,3475,2022-12-14,5,5,8,9,7,6.0,Cat yoga was amazing!
502,160,3484,2022-12-14,5,6,9,7,4,,
503,105,3492,2022-12-15,7,6,7,6,8,9.0,Great experience!
505,215,3508,2022-12-16,7,8,7,8,7,7.0,
506,80,3511,2022-12-16,6,7,8,8,7,9.0,Loved the cats!
507,91,3533,2022-12-17,5,6,4,8,5,7.0,
508,163,3535,2022-12-17,5,8,8,7,6,6.0,Relaxing atmosphere.
509,247,3546,2022-12-18,7,7,8,8,7,7.0,Loved the cats!
510,70,3549,2022-12-18,7,8,8,6,9,8.0,Will definitely come back.
511,111,3558,2022-12-19,7,8,7,8,7,8.0,The waffles were delicious.
512,127,3566,2022-12-19,8,7,7,6,9,5.0,Would recommend to friends.
513,228,3573,2022-12-19,7,7,7,8,8,6.0,
514,248,3582,2022-12-20,8,6,8,8,8,8.0,Great experience!
515,176,3590,2022-12-20,5,6,9,8,7,7.0,The waffles were delicious.
516,187,3612,2022-12-22,6,5,7,8,7,8.0,The staff was so helpful.
517,163,3618,2022-12-22,8,7,6,7,8,8.0,Perfect rainy day activity.
518,94,3627,2022-12-23,7,7,7,7,8,8.0,Will definitely come back.
519,242,3635,2022-12-23,8,7,7,7,7,6.0,Would recommend to friends.
520,28,3639,2022-12-23,4,5,7,8,5,,
521,100,3645,2022-12-24,10,8,7,8,10,5.0,
522,17,3648,2022-12-24,7,5,6,8,7,,Loved the cats!
523,5,3658,2022-12-24,10,10,6,9,9,6.0,
524,163,3660,2022-12-24,5,5,8,6,5,6.0,A bit crowded today.
525,224,3665,2022-12-25,4,5,7,9,5,6.0,Loved the cats!
526,122,3675,2022-12-25,4,5,8,7,4,5.0,
527,66,3690,2022-12-26,5,4,7,8,7,5.0,My new favorite spot!
528,180,3691,2022-12-26,6,6,8,7,5,5.0,Cat yoga was amazing!
529,102,3694,2022-12-26,6,5,7,8,8,7.0,The waffles were delicious.
530,79,3704,2022-12-27,4,3,9,9,5,,Perfect rainy day activity.
531,122,3716,2022-12-28,7,7,8,7,9,5.0,Would recommend to friends.
532,179,3719,2022-12-28,6,5,8,7,6,6.0,The staff was so helpful.
533,195,3738,2022-12-29,8,9,7,9,9,9.0,Will definitely come back.
534,50,3788,2023-01-01,6,6,7,8,6,8.0,My new favorite spot!
535,142,3795,2023-01-01,5,4,8,8,6,6.0,Will definitely come back.
536,67,3798,2023-01-02,6,6,8,7,6,,Would recommend to friends.
537,222,3805,2023-01-02,5,7,7,8,8,6.0,Perfect rainy day activity.
538,47,3809,2023-01-02,9,9,7,8,10,6.0,Cat yoga was amazing!
539,3,3811,2023-01-02,10,10,10,8,10,6.0,
540,112,3812,2023-01-02,10,8,7,8,10,6.0,The staff was so helpful.
541,144,3816,2023-01-03,10,10,7,7,10,,The staff was so helpful.
542,133,3836,2023-01-04,5,4,8,8,6,7.0,Cat yoga was amazing!
543,242,3837,2023-01-04,5,4,7,8,4,7.0,Great experience!
545,124,3853,2023-01-05,6,5,7,9,7,8.0,
546,170,3858,2023-01-05,8,9,8,9,10,7.0,Wish there were more cats available.
547,241,3859,2023-01-05,6,7,10,8,6,7.0,Coffee was excellent.
548,215,3860,2023-01-05,3,3,8,9,4,8.0,My new favorite spot!
549,35,3869,2023-01-06,5,5,10,7,7,,
550,168,3871,2023-01-06,8,8,7,8,10,6.0,Perfect rainy day activity.
552,34,3886,2023-01-07,8,8,8,8,6,5.0,My new favorite spot!
553,246,3889,2023-01-07,4,5,7,7,5,7.0,Cat yoga was amazing!
554,70,3890,2023-01-07,6,6,9,8,5,6.0,Coffee was excellent.
555,245,3895,2023-01-07,8,8,6,7,8,7.0,A bit crowded today.
556,132,3896,2023-01-07,5,2,9,7,4,8.0,Would recommend to friends.
557,229,3900,2023-01-07,8,6,8,7,7,6.0,
558,129,3915,2023-01-08,5,5,6,8,6,6.0,A bit crowded today.
559,241,3916,2023-01-08,6,7,6,8,7,7.0,The waffles were delicious.
560,45,3924,2023-01-09,3,4,8,7,4,6.0,Loved the cats!
562,206,3939,2023-01-10,7,8,6,8,9,7.0,
563,61,3953,2023-01-11,6,5,7,9,6,6.0,Wish there were more cats available.
564,114,3956,2023-01-11,6,5,10,8,6,6.0,Perfect rainy day activity.
565,38,3958,2023-01-11,8,7,9,8,8,5.0,Great experience!
566,45,3974,2023-01-12,6,5,10,10,7,7.0,Best cat cafe in DC!
567,101,3988,2023-01-13,5,6,7,8,6,,Relaxing atmosphere.
569,25,4012,2023-01-14,6,6,5,8,8,6.0,Wish there were more cats available.
570,246,4023,2023-01-15,5,5,7,6,6,6.0,Will definitely come back.
571,107,4028,2023-01-15,7,6,8,7,7,7.0,The staff was so helpful.
573,128,4047,2023-01-16,8,7,6,8,8,5.0,
574,23,4059,2023-01-17,7,7,7,7,9,6.0,
575,26,4064,2023-01-17,8,9,7,8,9,7.0,Will definitely come back.
576,103,4068,2023-01-17,6,8,8,8,7,8.0,Cat yoga was amazing!
577,195,4073,2023-01-18,8,7,8,7,9,9.0,Loved the cats!
578,107,4075,2023-01-18,6,7,6,9,7,7.0,
579,80,4077,2023-01-18,6,5,8,8,6,3.0,The waffles were delicious.
580,211,4086,2023-01-18,8,7,7,6,10,7.0,Wish there were more cats available.
582,42,4088,2023-01-18,8,8,7,6,8,5.0,
583,205,4098,2023-01-19,6,5,5,9,5,10.0,
584,42,4111,2023-01-20,8,8,6,9,9,8.0,
585,144,4112,2023-01-20,4,4,7,8,5,,Cat yoga was amazing!
586,65,4114,2023-01-20,6,5,8,7,9,5.0,Relaxing atmosphere.
588,77,4119,2023-01-20,8,6,8,7,8,6.0,Coffee was excellent.
589,143,4124,2023-01-21,6,5,8,7,5,8.0,Would recommend to friends.
590,15,4130,2023-01-21,8,8,7,6,6,7.0,Relaxing atmosphere.
591,86,4132,2023-01-21,9,9,7,8,8,7.0,Loved the cats!
592,73,4140,2023-01-21,8,7,7,8,9,8.0,
593,109,4156,2023-01-22,6,7,7,7,5,7.0,
594,244,4161,2023-01-23,5,6,9,8,7,7.0,
595,138,4176,2023-01-24,6,7,6,7,8,9.0,Cat yoga was amazing!
596,16,4191,2023-01-24,5,5,6,8,4,5.0,
597,241,4192,2023-01-24,7,7,7,6,7,7.0,
598,230,4196,2023-01-25,8,8,7,8,8,7.0,A bit crowded today.
599,173,4209,2023-01-25,8,8,8,7,10,8.0,Will definitely come back.
600,144,4227,2023-01-27,6,6,7,8,6,8.0,Perfect rainy day activity.
601,225,4235,2023-01-27,9,10,7,8,10,7.0,
602,244,4237,2023-01-27,8,6,8,8,8,7.0,
603,172,4253,2023-01-28,5,4,8,8,6,6.0,
604,104,4261,2023-01-28,7,8,7,9,9,6.0,Wish there were more cats available.
605,213,4264,2023-01-29,7,9,7,8,9,5.0,A bit crowded today.
606,195,4267,2023-01-29,8,7,9,7,9,8.0,
607,241,4270,2023-01-29,9,8,7,8,8,9.0,
608,22,4285,2023-01-30,7,6,8,8,8,9.0,
609,233,4286,2023-01-30,7,7,9,8,7,9.0,
610,149,4290,2023-01-30,8,8,8,7,9,8.0,Will definitely come back.
611,151,4314,2023-02-01,5,5,7,8,4,4.0,Great experience!
612,8,4317,2023-02-01,3,4,8,10,5,8.0,Would recommend to friends.
613,9,4319,2023-02-01,7,6,7,7,8,10.0,Loved the cats!
614,86,4325,2023-02-01,5,6,9,8,4,6.0,The waffles were delicious.
615,210,4337,2023-02-02,8,8,8,7,10,6.0,A bit crowded today.
616,194,4354,2023-02-03,7,6,6,8,9,6.0,Wish there were more cats available.
617,112,4357,2023-02-03,7,7,6,9,10,8.0,Would recommend to friends.
618,174,4364,2023-02-03,6,6,7,7,7,8.0,Will definitely come back.
619,54,4376,2023-02-04,8,8,7,8,8,7.0,Would recommend to friends.
620,159,4378,2023-02-04,5,5,7,9,7,8.0,Great experience!
621,26,4385,2023-02-05,7,7,8,6,8,8.0,The waffles were delicious.
622,182,4388,2023-02-05,6,6,9,7,8,6.0,Relaxing atmosphere.
623,95,4396,2023-02-05,8,8,6,9,10,6.0,The staff was so helpful.
624,83,4399,2023-02-06,6,6,7,8,7,8.0,Great experience!
625,208,4400,2023-02-06,10,8,5,8,10,6.0,The staff was so helpful.
626,61,4405,2023-02-06,8,9,8,7,9,7.0,
627,146,4408,2023-02-06,6,7,7,8,7,5.0,
628,108,4417,2023-02-07,8,7,7,7,7,7.0,
629,166,4418,2023-02-07,5,4,7,7,5,8.0,The staff was so helpful.
630,184,4420,2023-02-07,7,7,8,7,6,7.0,Cat yoga was amazing!
631,98,4428,2023-02-07,7,8,6,8,6,,Perfect rainy day activity.
632,14,4449,2023-02-08,9,9,9,7,10,4.0,
633,115,4462,2023-02-09,6,5,7,8,6,5.0,
634,20,4479,2023-02-10,4,5,6,8,4,8.0,
635,112,4484,2023-02-10,5,6,10,8,5,9.0,My new favorite spot!
636,187,4515,2023-02-12,6,6,7,6,7,6.0,Will definitely come back.
637,220,4526,2023-02-13,7,6,9,9,8,8.0,My new favorite spot!
638,39,4537,2023-02-14,3,4,9,7,4,5.0,The staff was so helpful.
639,199,4544,2023-02-14,4,3,8,8,6,,Loved the cats!
640,211,4555,2023-02-15,7,6,7,7,7,6.0,
641,159,4558,2023-02-15,5,5,6,8,5,8.0,
642,244,4567,2023-02-15,8,7,8,8,9,9.0,Best cat cafe in DC!
643,67,4578,2023-02-16,7,7,9,7,5,6.0,A bit crowded today.
644,206,4583,2023-02-16,5,6,9,7,7,7.0,Would recommend to friends.
645,68,4585,2023-02-16,8,9,7,8,6,7.0,Relaxing atmosphere.
647,173,4589,2023-02-17,5,6,7,9,6,7.0,Coffee was excellent.
648,164,4593,2023-02-17,4,4,8,7,5,8.0,Will definitely come back.
649,205,4600,2023-02-17,6,4,7,8,6,5.0,
650,79,4601,2023-02-17,7,7,7,7,7,7.0,Best cat cafe in DC!
651,68,4602,2023-02-17,7,6,7,8,9,7.0,
652,198,4603,2023-02-17,5,4,6,9,5,8.0,
654,98,4615,2023-02-18,7,8,8,9,6,6.0,
655,94,4618,2023-02-18,7,8,7,8,7,4.0,The waffles were delicious.
656,20,4620,2023-02-18,6,6,10,7,8,7.0,
657,134,4621,2023-02-18,5,6,8,9,3,5.0,
658,28,4622,2023-02-19,7,6,9,8,7,7.0,A bit crowded today.
659,63,4640,2023-02-20,6,6,6,9,7,5.0,My new favorite spot!
660,144,4643,2023-02-20,8,8,6,7,8,9.0,Cat yoga was amazing!
661,127,4653,2023-02-20,9,10,8,6,10,9.0,
662,68,4660,2023-02-21,6,5,6,7,6,6.0,
663,178,4663,2023-02-21,5,5,7,7,8,6.0,A bit crowded today.
664,244,4667,2023-02-21,5,4,9,8,5,3.0,The staff was so helpful.
665,159,4683,2023-02-22,8,7,7,7,7,5.0,Great experience!
666,75,4693,2023-02-23,5,5,7,8,6,6.0,The staff was so helpful.
667,5,4700,2023-02-23,8,8,8,8,9,7.0,Wish there were more cats available.
668,33,4703,2023-02-23,8,9,6,8,10,8.0,
669,117,4712,2023-02-24,6,7,8,9,8,5.0,The staff was so helpful.
670,243,4719,2023-02-24,6,7,8,8,6,8.0,
671,58,4722,2023-02-24,8,7,9,8,9,8.0,Great experience!
672,136,4729,2023-02-25,4,4,7,8,5,,Great experience!
673,58,4736,2023-02-25,6,6,8,8,6,9.0,
674,235,4737,2023-02-25,7,6,7,7,8,7.0,
675,87,4740,2023-02-25,7,6,9,8,8,7.0,My new favorite spot!
676,106,4743,2023-02-26,6,6,7,8,6,8.0,Perfect rainy day activity.
677,190,4745,2023-02-26,7,7,6,7,7,6.0,
678,210,4747,2023-02-26,7,6,7,8,7,6.0,Will definitely come back.
679,44,4748,2023-02-26,6,8,7,9,9,8.0,
680,228,4753,2023-02-26,9,10,6,8,10,8.0,Perfect rainy day activity.
681,35,4759,2023-02-26,5,5,9,6,4,,My new favorite spot!
682,185,4764,2023-02-27,7,7,7,7,9,8.0,Cat yoga was amazing!
684,39,4778,2023-02-28,6,5,7,6,5,7.0,
685,165,4780,2023-02-28,8,8,7,6,8,9.0,Relaxing atmosphere.
686,167,4781,2023-02-28,9,9,6,8,8,6.0,The staff was so helpful.
687,175,4785,2023-02-28,7,7,8,8,8,,Cat yoga was amazing!
688,66,4800,2023-03-01,8,8,7,8,9,7.0,Relaxing atmosphere.
689,22,4802,2023-03-01,8,6,6,8,7,7.0,
690,202,4804,2023-03-01,7,7,7,8,7,7.0,
691,231,4817,2023-03-02,8,7,9,9,7,6.0,Cat yoga was amazing!
692,247,4818,2023-03-02,10,9,9,9,9,8.0,My new favorite spot!
693,74,4821,2023-03-02,9,10,6,9,9,8.0,
695,210,4840,2023-03-03,4,4,8,9,5,6.0,Cat yoga was amazing!
696,154,4854,2023-03-04,7,7,8,7,7,,
698,166,4870,2023-03-05,8,8,7,7,7,6.0,
699,221,4873,2023-03-05,6,8,8,7,8,8.0,
700,112,4874,2023-03-05,8,8,7,8,9,4.0,Wish there were more cats available.
701,95,4875,2023-03-05,5,7,8,8,6,7.0,Relaxing atmosphere.
702,148,4876,2023-03-05,6,7,10,9,7,8.0,Best cat cafe in DC!
704,163,4881,2023-03-06,6,6,7,7,6,8.0,The staff was so helpful.
705,246,4891,2023-03-06,9,7,8,9,9,,My new favorite spot!
706,194,4895,2023-03-06,7,7,7,9,8,6.0,The waffles were delicious.
707,224,4903,2023-03-07,7,6,8,6,9,7.0,Best cat cafe in DC!
708,194,4909,2023-03-07,5,6,6,9,8,,My new favorite spot!
709,191,4918,2023-03-08,7,7,9,8,7,9.0,Great experience!
710,95,4928,2023-03-08,8,7,8,9,8,10.0,Relaxing atmosphere.
711,77,4938,2023-03-09,4,3,8,9,5,7.0,Relaxing atmosphere.
712,195,4943,2023-03-09,8,8,7,7,9,5.0,
713,29,4950,2023-03-10,7,7,8,8,7,7.0,Relaxing atmosphere.
714,121,4954,2023-03-10,6,5,5,7,5,6.0,My new favorite spot!
715,140,4956,2023-03-10,6,5,8,9,6,6.0,Would recommend to friends.
716,165,4991,2023-03-12,7,7,8,8,6,7.0,
717,71,4993,2023-03-12,5,6,5,9,8,6.0,The waffles were delicious.
718,231,4998,2023-03-12,6,8,8,7,9,7.0,My new favorite spot!
719,2,5010,2023-03-13,8,7,7,8,7,7.0,Relaxing atmosphere.
720,87,5020,2023-03-14,8,7,6,7,8,6.0,Relaxing atmosphere.
721,246,5022,2023-03-14,6,5,9,9,6,8.0,
722,91,5028,2023-03-14,9,8,7,7,7,8.0,
723,137,5034,2023-03-15,7,6,8,7,9,8.0,The waffles were delicious.
724,240,5036,2023-03-15,10,9,7,8,10,5.0,
725,220,5051,2023-03-15,4,6,8,8,6,8.0,
727,207,5066,2023-03-16,8,8,8,8,9,6.0,
728,193,5068,2023-03-16,5,6,8,8,5,7.0,
729,229,5069,2023-03-17,5,6,7,9,4,7.0,Loved the cats!
730,117,5089,2023-03-18,5,5,6,10,8,8.0,Loved the cats!
731,107,5093,2023-03-18,4,7,8,8,6,,Wish there were more cats available.
732,59,5109,2023-03-19,7,7,8,8,7,6.0,Will definitely come back.
733,43,5115,2023-03-19,6,6,7,7,5,8.0,Wish there were more cats available.
734,170,5123,2023-03-20,7,6,8,9,5,7.0,Coffee was excellent.
735,166,5124,2023-03-20,5,5,7,8,5,8.0,
736,80,5131,2023-03-20,6,5,9,9,6,6.0,Cat yoga was amazing!
737,176,5132,2023-03-20,5,7,7,7,7,6.0,Cat yoga was amazing!
738,233,5139,2023-03-21,8,8,9,9,7,7.0,Will definitely come back.
739,151,5140,2023-03-21,6,5,7,7,5,8.0,Perfect rainy day activity.
740,108,5144,2023-03-21,8,7,7,8,7,,
741,6,5145,2023-03-21,10,7,8,7,9,7.0,Best cat cafe in DC!
742,205,5154,2023-03-21,8,8,9,7,9,,The waffles were delicious.
743,30,5157,2023-03-22,6,5,8,8,7,6.0,
744,27,5168,2023-03-22,7,7,8,7,6,7.0,Great experience!
745,122,5174,2023-03-23,5,5,8,7,5,7.0,Coffee was excellent.
746,88,5183,2023-03-23,8,8,7,8,8,7.0,Cat yoga was amazing!
747,132,5187,2023-03-23,8,8,9,7,10,8.0,Great experience!
748,90,5193,2023-03-24,7,7,9,8,8,7.0,Cat yoga was amazing!
749,179,5194,2023-03-24,6,7,8,8,9,6.0,
750,15,5195,2023-03-24,5,6,7,6,6,10.0,Loved the cats!
751,32,5196,2023-03-24,7,7,8,8,8,6.0,Relaxing atmosphere.
752,35,5208,2023-03-25,7,6,9,8,6,7.0,Would recommend to friends.
753,234,5209,2023-03-25,8,8,7,7,7,4.0,Great experience!
754,40,5220,2023-03-25,5,5,7,8,4,7.0,
755,211,5222,2023-03-25,5,5,7,7,5,6.0,The waffles were delicious.
756,207,5234,2023-03-26,8,9,10,8,9,,The waffles were delicious.
757,192,5235,2023-03-26,7,8,7,9,8,6.0,Would recommend to friends.
758,235,5253,2023-03-27,9,8,7,8,9,7.0,Relaxing atmosphere.
759,17,5255,2023-03-27,6,6,7,8,6,7.0,
760,180,5257,2023-03-27,5,5,7,9,5,7.0,
761,113,5258,2023-03-28,6,6,9,7,6,9.0,Cat yoga was amazing!
762,133,5265,2023-03-28,5,5,8,5,5,8.0,Coffee was excellent.
763,120,5276,2023-03-29,7,6,8,8,8,7.0,Best cat cafe in DC!
764,14,5290,2023-03-29,6,7,7,8,6,5.0,Loved the cats!
765,139,5292,2023-03-30,6,5,10,9,6,6.0,
766,234,5297,2023-03-30,5,6,7,8,7,8.0,Would recommend to friends.
767,177,5299,2023-03-30,10,9,8,8,8,6.0,
768,171,5306,2023-03-30,5,5,7,8,7,7.0,Loved the cats!
769,152,5307,2023-03-30,6,6,7,7,5,7.0,Wish there were more cats available.
770,132,5317,2023-03-31,4,3,7,8,3,,
771,214,5318,2023-03-31,7,6,8,7,9,8.0,Perfect rainy day activity.
772,17,5320,2023-03-31,7,8,7,9,8,6.0,Loved the cats!
773,237,5323,2023-03-31,5,6,10,9,8,8.0,Best cat cafe in DC!
774,3,5343,2023-04-02,7,7,8,9,8,7.0,Wish there were more cats available.
775,72,5346,2023-04-02,4,4,8,7,3,8.0,The staff was so helpful.
776,202,5364,2023-04-03,6,7,7,8,7,7.0,The waffles were delicious.
778,71,5371,2023-04-03,9,9,8,8,10,7.0,My new favorite spot!
779,180,5373,2023-04-03,9,9,7,10,8,7.0,Wish there were more cats available.
780,52,5381,2023-04-04,7,9,7,7,7,8.0,
781,181,5387,2023-04-04,5,4,6,10,5,6.0,Great experience!
782,151,5392,2023-04-04,6,6,8,8,8,8.0,A bit crowded today.
783,203,5399,2023-04-05,7,6,10,7,7,7.0,A bit crowded today.
784,151,5404,2023-04-05,7,8,7,8,7,7.0,My new favorite spot!
785,18,5406,2023-04-05,5,6,7,7,6,6.0,Coffee was excellent.
786,17,5407,2023-04-05,8,9,10,8,8,6.0,
787,188,5409,2023-04-05,8,6,7,8,8,9.0,Perfect rainy day activity.
788,161,5414,2023-04-06,7,6,6,9,7,6.0,
789,56,5431,2023-04-07,10,9,5,7,10,6.0,Will definitely come back.
790,37,5432,2023-04-07,6,7,7,7,6,8.0,Perfect rainy day activity.
791,84,5434,2023-04-07,8,8,8,7,9,6.0,Best cat cafe in DC!
792,95,5435,2023-04-07,6,6,7,6,7,,
793,144,5436,2023-04-07,6,7,8,8,9,7.0,My new favorite spot!
794,246,5438,2023-04-07,7,6,9,9,7,7.0,Best cat cafe in DC!
795,145,5444,2023-04-07,5,4,7,8,6,8.0,The waffles were delicious.
796,44,5448,2023-04-08,8,7,9,8,8,7.0,Will definitely come back.
797,23,5449,2023-04-08,8,8,7,7,8,8.0,A bit crowded today.
798,228,5457,2023-04-08,9,9,8,8,9,6.0,Cat yoga was amazing!
799,164,5460,2023-04-08,7,7,8,9,7,9.0,Relaxing atmosphere.
800,99,5468,2023-04-09,7,8,7,7,9,7.0,
801,60,5479,2023-04-09,9,10,8,9,10,8.0,
802,119,5480,2023-04-09,6,6,6,9,6,7.0,Cat yoga was amazing!
803,111,5482,2023-04-10,9,9,9,8,10,7.0,Would recommend to friends.
804,158,5486,2023-04-10,7,8,7,7,8,8.0,
806,66,5489,2023-04-10,4,4,8,7,4,5.0,Loved the cats!
807,17,5493,2023-04-10,7,6,7,7,7,7.0,
808,76,5496,2023-04-10,5,4,7,7,6,6.0,Great experience!
809,195,5503,2023-04-11,5,4,6,7,3,9.0,Wish there were more cats available.
810,182,5516,2023-04-12,4,4,8,7,5,7.0,
811,183,5521,2023-04-12,8,8,8,7,9,6.0,Wish there were more cats available.
812,35,5523,2023-04-12,4,4,6,7,5,8.0,Great experience!
813,19,5531,2023-04-12,6,5,7,8,7,7.0,My new favorite spot!
814,238,5535,2023-04-13,8,10,8,8,8,6.0,Loved the cats!
815,52,5537,2023-04-13,5,5,7,7,7,6.0,Would recommend to friends.
816,132,5541,2023-04-13,9,10,7,8,10,6.0,Relaxing atmosphere.
817,220,5554,2023-04-14,6,7,9,8,6,6.0,
818,183,5567,2023-04-15,4,5,7,7,2,8.0,
819,209,5568,2023-04-15,7,8,7,10,7,7.0,Perfect rainy day activity.
820,190,5576,2023-04-15,3,2,7,9,3,,
821,168,5579,2023-04-15,7,8,5,8,9,8.0,Wish there were more cats available.
822,130,5582,2023-04-15,8,9,9,8,9,7.0,Great experience!
823,11,5583,2023-04-15,5,5,6,7,4,5.0,Loved the cats!
824,7,5586,2023-04-16,6,7,8,7,7,8.0,My new favorite spot!
825,119,5611,2023-04-17,8,6,5,8,7,,Relaxing atmosphere.
826,202,5620,2023-04-18,6,7,7,8,6,7.0,Would recommend to friends.
827,3,5622,2023-04-18,9,10,10,8,10,8.0,Best cat cafe in DC!
828,245,5632,2023-04-18,8,8,7,7,8,7.0,The waffles were delicious.
829,229,5633,2023-04-18,5,6,7,8,7,8.0,Would recommend to friends.
830,58,5634,2023-04-18,9,9,8,6,9,8.0,
831,247,5638,2023-04-19,6,6,6,7,7,9.0,
832,169,5640,2023-04-19,6,5,9,8,6,,
833,93,5651,2023-04-19,9,8,8,8,9,4.0,The staff was so helpful.
834,29,5656,2023-04-20,7,7,7,7,7,8.0,Will definitely come back.
835,230,5662,2023-04-20,9,8,7,7,9,8.0,Coffee was excellent.
836,67,5663,2023-04-20,7,7,6,7,7,7.0,Best cat cafe in DC!
838,61,5669,2023-04-20,10,10,6,8,10,7.0,
839,224,5685,2023-04-21,9,10,7,7,10,7.0,A bit crowded today.
840,202,5694,2023-04-22,5,5,9,7,5,8.0,The staff was so helpful.
841,18,5700,2023-04-22,7,8,9,8,7,7.0,Coffee was excellent.
842,144,5706,2023-04-23,4,5,7,7,5,8.0,Coffee was excellent.
843,115,5707,2023-04-23,9,8,10,8,9,8.0,Coffee was excellent.
844,163,5709,2023-04-23,7,7,8,9,5,10.0,The staff was so helpful.
845,216,5710,2023-04-23,7,7,8,7,7,,
846,232,5714,2023-04-23,7,7,8,8,7,8.0,Loved the cats!
847,140,5720,2023-04-23,5,6,7,7,6,6.0,Loved the cats!
848,205,5723,2023-04-24,7,6,9,9,8,6.0,Best cat cafe in DC!
849,125,5724,2023-04-24,4,6,9,10,6,7.0,Would recommend to friends.
850,69,5731,2023-04-24,6,4,8,7,7,9.0,A bit crowded today.
851,150,5738,2023-04-25,5,6,7,8,7,9.0,
852,105,5742,2023-04-25,9,9,8,8,9,6.0,The staff was so helpful.
853,246,5745,2023-04-25,7,8,9,8,6,7.0,Great experience!
854,222,5758,2023-04-26,6,9,7,8,6,6.0,Relaxing atmosphere.
855,150,5759,2023-04-26,6,8,7,8,6,7.0,Perfect rainy day activity.
856,1,5763,2023-04-26,8,8,9,8,7,7.0,
857,155,5767,2023-04-26,8,10,7,8,9,,Perfect rainy day activity.
858,237,5778,2023-04-27,9,9,5,7,8,8.0,Perfect rainy day activity.
859,53,5791,2023-04-28,7,7,6,7,8,6.0,
860,91,5793,2023-04-28,6,6,7,7,5,7.0,Will definitely come back.
861,139,5797,2023-04-28,6,8,7,8,7,9.0,Wish there were more cats available.
863,72,5840,2023-04-30,8,6,7,9,8,8.0,
864,136,5843,2023-05-01,9,8,8,8,8,6.0,Loved the cats!
865,170,5872,2023-05-02,7,5,8,8,5,8.0,
866,175,5880,2023-05-03,5,4,8,8,6,8.0,The waffles were delicious.
867,152,5884,2023-05-03,9,9,7,7,10,7.0,Best cat cafe in DC!
868,76,5886,2023-05-03,10,10,7,8,8,8.0,Cat yoga was amazing!
869,170,5900,2023-05-04,8,8,7,7,10,5.0,
870,163,5921,2023-05-05,7,8,9,8,8,7.0,Loved the cats!
871,169,5925,2023-05-05,6,6,8,7,6,5.0,The staff was so helpful.
872,93,5927,2023-05-06,6,7,7,6,7,7.0,Perfect rainy day activity.
873,112,5933,2023-05-06,6,7,8,6,8,8.0,Great experience!
874,67,5936,2023-05-06,8,7,9,9,9,7.0,Great experience!
875,60,5938,2023-05-06,9,9,6,8,10,7.0,
876,203,5939,2023-05-06,4,5,8,8,7,5.0,The waffles were delicious.
877,88,5940,2023-05-06,6,6,8,8,7,6.0,Best cat cafe in DC!
878,100,5955,2023-05-07,5,5,10,8,6,8.0,My new favorite spot!
879,116,5958,2023-05-07,5,6,7,8,6,10.0,Relaxing atmosphere.
880,98,5960,2023-05-07,8,7,7,7,7,8.0,The waffles were delicious.
881,114,5963,2023-05-08,8,8,8,8,9,7.0,Perfect rainy day activity.
883,27,5992,2023-05-09,7,7,6,7,6,8.0,Great experience!
884,215,5994,2023-05-09,6,7,7,8,7,9.0,My new favorite spot!
885,73,6002,2023-05-10,6,6,9,9,8,7.0,Wish there were more cats available.
886,14,6004,2023-05-10,6,6,8,7,7,7.0,Would recommend to friends.
888,142,6016,2023-05-11,7,8,7,7,8,7.0,Perfect rainy day activity.
889,12,6017,2023-05-11,5,5,8,7,7,7.0,Great experience!
890,187,6020,2023-05-11,7,8,7,7,6,8.0,
891,189,6025,2023-05-11,6,6,7,8,7,8.0,
892,110,6027,2023-05-11,8,8,8,8,9,7.0,Would recommend to friends.
893,49,6033,2023-05-12,5,5,8,8,6,6.0,My new favorite spot!
894,24,6057,2023-05-13,6,5,6,7,7,9.0,Cat yoga was amazing!
895,39,6070,2023-05-14,5,5,7,8,5,8.0,
896,235,6074,2023-05-14,9,8,9,7,10,8.0,Loved the cats!
897,126,6075,2023-05-14,3,2,8,8,4,6.0,
898,196,6095,2023-05-15,9,8,7,8,9,5.0,Great experience!
899,175,6096,2023-05-15,6,7,7,7,6,6.0,
900,234,6101,2023-05-16,6,7,7,7,6,6.0,Coffee was excellent.
901,169,6112,2023-05-16,7,8,8,8,7,9.0,
902,249,6118,2023-05-17,6,6,7,8,5,6.0,
903,148,6126,2023-05-17,6,6,7,7,5,8.0,Great experience!
904,81,6146,2023-05-18,4,4,7,8,6,8.0,The waffles were delicious.
905,54,6149,2023-05-18,8,8,7,6,10,,Perfect rainy day activity.
907,220,6156,2023-05-19,4,4,9,9,5,8.0,Coffee was excellent.
908,105,6157,2023-05-19,6,6,6,7,7,8.0,Loved the cats!
911,228,6201,2023-05-21,5,6,10,8,6,9.0,Best cat cafe in DC!
912,25,6202,2023-05-22,7,7,6,8,6,,
913,137,6204,2023-05-22,7,9,7,7,7,7.0,
914,67,6213,2023-05-22,6,7,9,8,7,7.0,Coffee was excellent.
915,149,6215,2023-05-22,5,5,8,8,5,4.0,A bit crowded today.
916,202,6221,2023-05-23,9,10,8,8,10,6.0,Loved the cats!
917,194,6232,2023-05-23,8,7,7,8,7,9.0,The waffles were delicious.
918,187,6238,2023-05-24,5,4,8,8,6,6.0,Cat yoga was amazing!
919,118,6240,2023-05-24,7,8,8,7,7,6.0,Best cat cafe in DC!
920,159,6242,2023-05-24,5,7,7,7,8,8.0,My new favorite spot!
921,3,6245,2023-05-24,5,5,8,7,7,6.0,The staff was so helpful.
922,122,6254,2023-05-25,7,7,7,7,8,7.0,My new favorite spot!
923,31,6257,2023-05-25,8,7,7,8,9,8.0,
924,233,6260,2023-05-25,6,5,7,8,8,8.0,Relaxing atmosphere.
925,46,6269,2023-05-25,6,8,9,9,7,8.0,My new favorite spot!
926,241,6277,2023-05-26,8,9,8,8,10,7.0,Would recommend to friends.
927,15,6279,2023-05-26,6,6,9,7,6,8.0,
928,209,6296,2023-05-27,8,6,6,7,6,6.0,Loved the cats!
929,47,6300,2023-05-27,8,9,7,7,10,8.0,My new favorite spot!
930,19,6302,2023-05-27,6,5,6,8,6,,Will definitely come back.
931,131,6315,2023-05-28,5,5,7,9,6,7.0,
932,235,6325,2023-05-29,8,7,8,8,9,7.0,Will definitely come back.
933,140,6330,2023-05-29,8,8,8,8,6,6.0,The staff was so helpful.
934,248,6341,2023-05-30,6,7,8,8,7,,Best cat cafe in DC!
935,57,6346,2023-05-30,5,5,7,8,7,7.0,
936,159,6350,2023-05-30,7,7,7,8,7,8.0,Wish there were more cats available.
937,178,6351,2023-05-30,4,5,9,7,5,7.0,Cat yoga was amazing!
938,58,6353,2023-05-30,5,6,7,8,6,8.0,Cat yoga was amazing!
939,46,6356,2023-05-31,7,7,9,7,8,7.0,Great experience!
940,7,6357,2023-05-31,9,8,8,7,7,6.0,
942,97,6371,2023-05-31,7,5,8,8,8,7.0,Coffee was excellent.
943,13,6375,2023-06-01,8,9,9,9,10,6.0,
944,65,6382,2023-06-01,8,8,9,9,9,6.0,
945,111,6398,2023-06-02,6,6,8,7,5,6.0,
946,130,6418,2023-06-03,8,8,7,7,9,8.0,Will definitely come back.
947,123,6430,2023-06-04,5,5,8,7,6,6.0,Loved the cats!
948,139,6436,2023-06-04,7,9,8,7,8,6.0,Great experience!
949,153,6448,2023-06-05,4,4,9,6,5,6.0,My new favorite spot!
950,197,6452,2023-06-05,10,9,8,8,9,,
951,107,6460,2023-06-06,8,8,6,8,8,9.0,Relaxing atmosphere.
952,188,6468,2023-06-06,7,8,7,7,8,5.0,
953,173,6469,2023-06-06,6,5,7,8,6,7.0,
954,12,6474,2023-06-06,10,7,6,7,10,6.0,Cat yoga was amazing!
955,192,6485,2023-06-07,5,7,9,8,7,6.0,The waffles were delicious.
956,39,6491,2023-06-07,7,8,6,8,6,8.0,
957,122,6497,2023-06-08,7,7,9,8,8,7.0,Great experience!
958,164,6504,2023-06-08,7,7,7,8,6,6.0,Would recommend to friends.
959,77,6511,2023-06-09,5,5,6,9,5,,Wish there were more cats available.
960,25,6513,2023-06-09,8,9,9,7,9,7.0,Relaxing atmosphere.
961,164,6517,2023-06-09,5,4,7,7,5,7.0,A bit crowded today.
962,219,6524,2023-06-09,7,7,10,7,7,8.0,Cat yoga was amazing!
963,174,6545,2023-06-11,4,4,7,7,6,7.0,
964,178,6547,2023-06-11,7,6,7,8,7,7.0,
965,141,6554,2023-06-11,8,8,9,7,8,4.0,Coffee was excellent.
966,37,6565,2023-06-12,6,4,8,7,6,6.0,Wish there were more cats available.
967,21,6566,2023-06-12,8,7,7,6,7,5.0,My new favorite spot!
968,205,6567,2023-06-12,9,9,10,9,9,9.0,The staff was so helpful.
969,82,6568,2023-06-12,10,10,7,9,9,8.0,Wish there were more cats available.
970,60,6586,2023-06-13,6,7,7,9,7,4.0,A bit crowded today.
971,227,6596,2023-06-13,8,8,8,8,9,6.0,
972,128,6607,2023-06-14,7,7,8,8,9,7.0,Coffee was excellent.
973,189,6623,2023-06-15,9,8,7,9,9,7.0,A bit crowded today.
974,59,6624,2023-06-15,8,9,8,8,10,7.0,
975,41,6627,2023-06-15,9,8,8,9,8,6.0,My new favorite spot!
976,237,6628,2023-06-15,8,9,6,6,10,8.0,Best cat cafe in DC!
977,9,6644,2023-06-16,7,8,7,9,8,7.0,
978,71,6649,2023-06-17,5,5,9,7,4,7.0,Coffee was excellent.
979,215,6650,2023-06-17,7,8,8,8,9,,
980,36,6652,2023-06-17,7,5,8,7,7,7.0,
981,222,6665,2023-06-17,9,9,7,8,9,8.0,Would recommend to friends.
982,83,6667,2023-06-18,8,7,8,8,10,5.0,Perfect rainy day activity.
983,132,6668,2023-06-18,6,7,9,8,6,6.0,Great experience!
984,26,6676,2023-06-18,3,3,7,8,5,,
985,116,6686,2023-06-19,8,7,7,7,10,9.0,Relaxing atmosphere.
986,155,6687,2023-06-19,4,4,8,7,4,,
987,136,6691,2023-06-19,4,5,6,7,4,8.0,The waffles were delicious.
988,42,6693,2023-06-19,5,6,8,7,6,6.0,Cat yoga was amazing!
989,194,6699,2023-06-19,5,5,8,7,6,10.0,The staff was so helpful.
990,109,6700,2023-06-20,8,8,7,9,9,7.0,Best cat cafe in DC!
991,211,6707,2023-06-20,6,6,7,9,7,7.0,Coffee was excellent.
992,112,6736,2023-06-22,7,8,9,8,8,9.0,Loved the cats!
993,46,6739,2023-06-22,4,5,7,8,5,6.0,Great experience!
994,120,6741,2023-06-22,10,10,6,6,10,7.0,Wish there were more cats available.
995,89,6742,2023-06-22,9,10,8,8,10,7.0,Will definitely come back.
996,153,6755,2023-06-23,7,6,9,7,7,7.0,My new favorite spot!
997,99,6765,2023-06-23,8,7,9,8,7,5.0,Wish there were more cats available.
998,38,6770,2023-06-24,8,7,7,7,7,7.0,Will definitely come back.
999,168,6776,2023-06-24,4,5,7,7,5,6.0,
1000,221,6795,2023-06-25,5,5,8,7,6,7.0,The waffles were delicious.
1001,86,6802,2023-06-25,7,7,10,8,8,6.0,Loved the cats!
1002,117,6805,2023-06-26,8,8,5,8,10,5.0,Great experience!
1003,221,6810,2023-06-26,9,10,9,7,10,,
1004,110,6811,2023-06-26,6,6,8,7,7,7.0,
1005,68,6815,2023-06-26,7,7,7,7,10,7.0,Best cat cafe in DC!
1006,226,6821,2023-06-27,6,5,6,7,7,6.0,Relaxing atmosphere.
1007,16,6822,2023-06-27,5,5,8,9,4,6.0,
1008,168,6834,2023-06-27,8,8,6,8,10,6.0,
1009,27,6835,2023-06-27,9,9,9,9,10,6.0,Best cat cafe in DC!
1010,100,6837,2023-06-28,9,7,8,8,10,,Coffee was excellent.
1011,246,6860,2023-06-29,6,7,8,8,7,6.0,Wish there were more cats available.
1012,45,6869,2023-06-29,8,9,8,9,8,6.0,Great experience!
1013,188,6876,2023-06-30,5,6,6,7,5,8.0,Relaxing atmosphere.
1014,151,6880,2023-06-30,7,6,9,8,7,8.0,The waffles were delicious.
1015,219,6883,2023-06-30,7,6,5,8,7,5.0,Coffee was excellent.
1016,196,6886,2023-06-30,6,6,7,8,6,4.0,
1017,5,6888,2023-06-30,8,8,6,7,9,,Would recommend to friends.
1018,100,6892,2023-07-01,8,7,8,7,9,7.0,Would recommend to friends.
1019,186,6901,2023-07-01,7,6,8,9,8,5.0,
1020,30,6905,2023-07-01,8,9,9,8,8,8.0,
1021,62,6910,2023-07-02,8,7,9,8,9,7.0,
1022,115,6913,2023-07-02,7,7,7,8,9,,
1024,166,6917,2023-07-02,4,4,6,8,5,7.0,
1025,107,6923,2023-07-03,10,9,7,6,10,8.0,Wish there were more cats available.
1026,14,6924,2023-07-03,10,9,7,7,10,7.0,
1027,44,6964,2023-07-05,7,7,5,8,8,8.0,Will definitely come back.
1028,59,6979,2023-07-06,6,5,9,7,7,8.0,A bit crowded today.
1029,9,6980,2023-07-06,7,7,8,8,8,6.0,The waffles were delicious.
1030,235,6981,2023-07-06,8,6,7,9,6,7.0,
1031,83,6983,2023-07-06,8,6,7,7,9,7.0,Cat yoga was amazing!
1032,4,6994,2023-07-07,6,7,7,9,6,7.0,Will definitely come back.
1033,131,6995,2023-07-07,7,8,8,8,9,6.0,Loved the cats!
1034,2,7004,2023-07-07,8,8,9,8,9,7.0,Coffee was excellent.
1035,155,7008,2023-07-07,7,6,6,8,7,7.0,Would recommend to friends.
1037,249,7033,2023-07-09,4,5,7,7,3,,
1038,68,7042,2023-07-09,3,6,9,7,6,8.0,The staff was so helpful.
1039,162,7047,2023-07-10,9,10,8,8,9,7.0,
1040,132,7049,2023-07-10,2,3,8,7,3,6.0,
1041,186,7056,2023-07-10,8,7,7,6,9,6.0,Cat yoga was amazing!
1042,157,7068,2023-07-11,10,9,8,8,9,8.0,Great experience!
1043,201,7071,2023-07-11,6,5,7,7,6,8.0,
1044,2,7076,2023-07-11,8,9,7,7,9,6.0,
1045,54,7079,2023-07-12,8,8,6,7,10,5.0,
1046,180,7080,2023-07-12,5,6,7,7,6,6.0,Will definitely come back.
1047,65,7081,2023-07-12,10,10,8,8,10,6.0,A bit crowded today.
1048,219,7092,2023-07-12,9,10,7,8,8,8.0,Best cat cafe in DC!
1049,2,7097,2023-07-13,10,10,7,7,9,6.0,Cat yoga was amazing!
1050,112,7103,2023-07-13,5,6,7,7,5,8.0,
1051,161,7111,2023-07-13,7,8,9,7,7,7.0,Would recommend to friends.
1052,181,7117,2023-07-14,8,8,8,7,10,6.0,Loved the cats!
1053,140,7127,2023-07-14,9,9,7,8,10,7.0,Perfect rainy day activity.
1054,220,7143,2023-07-15,7,7,6,7,8,7.0,
1055,96,7146,2023-07-16,6,6,7,8,7,,Wish there were more cats available.
1056,19,7148,2023-07-16,8,8,7,9,6,6.0,The waffles were delicious.
1057,17,7167,2023-07-17,9,7,9,9,7,5.0,Cat yoga was amazing!
1058,165,7172,2023-07-17,6,6,7,8,8,7.0,A bit crowded today.
1059,39,7176,2023-07-17,9,9,8,8,7,6.0,The staff was so helpful.
1060,139,7180,2023-07-17,5,5,6,8,4,9.0,Coffee was excellent.
1061,81,7203,2023-07-19,4,4,9,7,5,8.0,
1062,28,7213,2023-07-19,6,6,9,8,6,6.0,Will definitely come back.
1063,207,7218,2023-07-20,6,6,7,7,7,7.0,Cat yoga was amazing!
1064,75,7242,2023-07-21,6,7,7,7,5,7.0,Would recommend to friends.
1065,3,7244,2023-07-21,8,7,7,8,10,8.0,Would recommend to friends.
1066,191,7249,2023-07-22,7,7,8,8,7,8.0,Relaxing atmosphere.
1067,212,7255,2023-07-22,5,7,9,8,7,7.0,Wish there were more cats available.
1068,82,7257,2023-07-22,7,8,6,7,8,6.0,
1069,115,7259,2023-07-22,6,6,6,7,8,6.0,The waffles were delicious.
1070,189,7263,2023-07-22,6,6,7,7,7,7.0,The waffles were delicious.
1071,216,7280,2023-07-23,7,8,7,7,9,8.0,Perfect rainy day activity.
1072,151,7288,2023-07-24,8,7,6,7,9,7.0,Great experience!
1073,242,7293,2023-07-24,3,4,6,8,6,,
1074,146,7303,2023-07-25,7,8,6,7,8,6.0,
1075,25,7307,2023-07-25,9,7,8,8,8,8.0,
1076,247,7309,2023-07-25,7,7,8,7,8,7.0,
1077,26,7312,2023-07-25,6,5,7,8,4,7.0,My new favorite spot!
1078,80,7318,2023-07-26,7,6,9,8,7,7.0,The staff was so helpful.
1079,169,7330,2023-07-26,6,6,7,7,5,8.0,A bit crowded today.
1080,129,7334,2023-07-26,9,8,7,7,9,7.0,
1081,117,7338,2023-07-27,9,7,8,8,8,7.0,
1082,171,7343,2023-07-27,5,5,6,7,7,7.0,A bit crowded today.
1083,151,7345,2023-07-27,7,8,7,9,8,9.0,
1084,97,7349,2023-07-27,9,9,7,7,10,6.0,
1085,11,7352,2023-07-28,5,7,7,8,8,7.0,Great experience!
1086,220,7360,2023-07-28,4,2,6,8,4,6.0,Will definitely come back.
1087,209,7365,2023-07-28,5,5,8,7,7,7.0,Great experience!
1088,106,7377,2023-07-29,7,6,6,8,10,7.0,Wish there were more cats available.
1089,233,7388,2023-07-30,6,9,6,7,8,7.0,Wish there were more cats available.
1090,223,7393,2023-07-30,8,8,7,7,10,,Relaxing atmosphere.
1091,150,7394,2023-07-30,5,6,9,8,6,5.0,Great experience!
1092,215,7410,2023-07-31,7,6,6,8,9,7.0,Best cat cafe in DC!
1093,98,7420,2023-07-31,9,7,7,6,8,7.0,
1094,71,7425,2023-08-01,5,4,7,8,7,8.0,
1095,169,7426,2023-08-01,9,7,6,7,8,8.0,Relaxing atmosphere.
1096,82,7432,2023-08-01,8,9,6,10,10,7.0,Perfect rainy day activity.
1097,5,7434,2023-08-01,6,7,9,6,6,6.0,The staff was so helpful.
1098,29,7445,2023-08-02,7,7,9,7,6,7.0,
1099,115,7463,2023-08-03,5,7,7,8,7,6.0,
1100,153,7465,2023-08-03,4,6,7,7,5,7.0,Wish there were more cats available.
1101,142,7468,2023-08-03,7,6,6,7,7,6.0,Wish there were more cats available.
1102,31,7476,2023-08-04,7,8,7,7,7,7.0,Would recommend to friends.
1103,223,7481,2023-08-04,9,8,7,9,8,8.0,
1104,19,7482,2023-08-04,5,5,9,8,5,9.0,Would recommend to friends.
1106,189,7503,2023-08-05,5,5,8,7,5,8.0,A bit crowded today.
1107,218,7506,2023-08-05,7,7,8,9,6,7.0,Loved the cats!
1108,82,7507,2023-08-06,6,7,7,7,6,7.0,Great experience!
1109,176,7508,2023-08-06,8,9,7,8,7,7.0,Relaxing atmosphere.
1110,142,7511,2023-08-06,7,6,8,7,8,9.0,The waffles were delicious.
1111,25,7513,2023-08-06,4,6,7,8,7,,Relaxing atmosphere.
1112,131,7516,2023-08-06,8,8,8,7,8,7.0,Best cat cafe in DC!
1113,95,7520,2023-08-06,7,8,9,7,7,6.0,
1114,231,7532,2023-08-07,6,5,7,7,6,7.0,Coffee was excellent.
1115,150,7533,2023-08-07,6,6,6,8,6,8.0,The staff was so helpful.
1116,80,7538,2023-08-07,8,7,8,8,9,9.0,
1117,167,7539,2023-08-07,8,9,6,8,9,,
1118,41,7544,2023-08-08,6,7,9,8,6,6.0,
1119,228,7551,2023-08-08,5,3,7,7,3,5.0,Relaxing atmosphere.
1120,8,7565,2023-08-09,6,6,8,8,6,9.0,
1121,51,7571,2023-08-09,6,6,9,8,6,6.0,
1122,22,7584,2023-08-10,6,8,7,9,8,8.0,Relaxing atmosphere.
1123,162,7593,2023-08-11,6,6,6,8,8,6.0,The waffles were delicious.
1124,124,7604,2023-08-11,7,7,8,8,5,6.0,
1125,139,7612,2023-08-12,5,6,8,9,8,7.0,My new favorite spot!
1126,136,7617,2023-08-12,5,5,6,8,8,7.0,Best cat cafe in DC!
1127,189,7626,2023-08-12,4,5,8,8,6,9.0,Loved the cats!
1128,224,7641,2023-08-13,6,6,9,7,7,8.0,Coffee was excellent.
1129,43,7645,2023-08-14,8,6,7,7,8,8.0,
1130,79,7646,2023-08-14,6,6,8,8,7,8.0,
1131,70,7649,2023-08-14,8,9,7,8,10,5.0,The staff was so helpful.
1132,183,7661,2023-08-15,8,8,8,7,8,8.0,My new favorite spot!
1133,42,7692,2023-08-16,5,6,9,7,7,8.0,The staff was so helpful.
1134,114,7698,2023-08-17,8,7,6,9,8,5.0,Coffee was excellent.
1135,58,7701,2023-08-17,6,6,8,8,6,6.0,
1136,112,7705,2023-08-17,7,7,8,7,8,7.0,
1137,183,7717,2023-08-18,3,5,5,8,4,7.0,A bit crowded today.
1138,163,7723,2023-08-18,9,5,8,8,6,8.0,Would recommend to friends.
1139,185,7724,2023-08-18,5,6,8,8,7,6.0,Relaxing atmosphere.
1140,72,7732,2023-08-19,6,6,7,8,7,6.0,Wish there were more cats available.
1141,178,7737,2023-08-19,5,7,7,9,5,,Perfect rainy day activity.
1142,60,7748,2023-08-20,5,4,8,8,6,6.0,Would recommend to friends.
1143,4,7772,2023-08-21,8,10,7,8,9,8.0,
1144,41,7775,2023-08-21,7,7,6,8,9,7.0,Great experience!
1145,69,7784,2023-08-22,9,7,7,8,9,8.0,The staff was so helpful.
1146,41,7796,2023-08-22,8,6,8,8,6,6.0,
1147,51,7799,2023-08-23,6,5,7,9,4,5.0,Would recommend to friends.
1148,152,7800,2023-08-23,8,7,7,8,8,7.0,
1149,178,7801,2023-08-23,8,9,8,7,9,8.0,Wish there were more cats available.
1150,118,7803,2023-08-23,5,5,8,8,7,7.0,The waffles were delicious.
1151,217,7805,2023-08-23,7,8,8,8,6,8.0,
1152,162,7814,2023-08-23,7,6,9,8,8,8.0,
1153,132,7816,2023-08-24,7,7,8,7,8,6.0,Perfect rainy day activity.
1154,157,7819,2023-08-24,6,6,9,8,7,6.0,Best cat cafe in DC!
1155,18,7821,2023-08-24,6,7,7,9,8,8.0,Cat yoga was amazing!
1156,202,7823,2023-08-24,6,3,9,8,6,8.0,Relaxing atmosphere.
1157,244,7828,2023-08-24,8,5,8,8,7,7.0,Great experience!
1158,196,7836,2023-08-25,6,6,7,8,7,9.0,Loved the cats!
1159,56,7838,2023-08-25,7,7,7,8,6,8.0,Relaxing atmosphere.
1160,96,7844,2023-08-25,9,9,9,7,8,8.0,Would recommend to friends.
1161,68,7846,2023-08-25,3,4,8,8,4,6.0,
1162,226,7855,2023-08-26,4,5,6,8,5,6.0,Coffee was excellent.
1163,43,7859,2023-08-26,10,10,9,7,10,7.0,Cat yoga was amazing!
1164,217,7862,2023-08-26,5,6,9,9,7,7.0,
1165,211,7863,2023-08-26,4,5,7,8,5,6.0,
1166,107,7864,2023-08-26,7,7,9,9,8,6.0,Cat yoga was amazing!
1167,37,7881,2023-08-27,10,9,8,8,10,,Perfect rainy day activity.
1168,77,7928,2023-08-30,5,7,7,7,7,5.0,Relaxing atmosphere.
1169,233,7935,2023-08-30,7,6,7,7,5,8.0,
1170,16,7940,2023-08-31,9,9,7,8,10,,Relaxing atmosphere.
1171,53,7944,2023-08-31,5,5,8,8,7,5.0,
1172,244,7950,2023-08-31,5,6,7,8,6,10.0,Relaxing atmosphere.
1173,234,7951,2023-08-31,8,7,7,7,10,8.0,Loved the cats!
1174,141,7952,2023-08-31,4,5,7,7,5,5.0,Relaxing atmosphere.
1175,211,7958,2023-09-01,4,5,9,7,5,5.0,Coffee was excellent.
1176,116,7965,2023-09-01,10,7,8,8,9,8.0,Great experience!
1177,63,7977,2023-09-02,6,7,8,8,6,6.0,
1178,117,7978,2023-09-02,8,7,7,8,5,6.0,
1179,184,7979,2023-09-02,4,5,7,7,5,7.0,
1180,2,7984,2023-09-02,7,7,9,8,7,6.0,Wish there were more cats available.
1181,200,7989,2023-09-03,4,5,8,8,5,6.0,A bit crowded today.
1182,109,7991,2023-09-03,6,6,8,7,6,6.0,My new favorite spot!
1183,85,8002,2023-09-03,7,7,6,8,8,6.0,The staff was so helpful.
1184,87,8003,2023-09-03,7,7,7,9,7,9.0,Wish there were more cats available.
1185,40,8011,2023-09-04,6,6,8,9,7,6.0,Wish there were more cats available.
1186,156,8022,2023-09-05,7,8,8,7,7,5.0,Wish there were more cats available.
1187,29,8025,2023-09-05,6,4,9,5,6,8.0,Relaxing atmosphere.
1188,179,8041,2023-09-06,8,9,8,7,8,8.0,Perfect rainy day activity.
1189,7,8063,2023-09-07,4,6,9,7,4,9.0,Would recommend to friends.
1190,191,8070,2023-09-07,8,7,7,7,8,7.0,Coffee was excellent.
1191,205,8071,2023-09-07,8,9,6,7,9,6.0,Relaxing atmosphere.
1192,185,8074,2023-09-08,4,7,7,7,6,8.0,Would recommend to friends.
1193,138,8081,2023-09-08,8,8,8,6,9,8.0,Perfect rainy day activity.
1194,239,8083,2023-09-08,8,8,8,7,8,7.0,Relaxing atmosphere.
1195,223,8122,2023-09-10,8,6,8,7,8,6.0,Coffee was excellent.
1196,45,8129,2023-09-11,6,7,8,7,6,6.0,A bit crowded today.
1197,30,8137,2023-09-11,9,10,9,7,10,6.0,Coffee was excellent.
1199,235,8146,2023-09-12,6,6,8,7,6,7.0,
1200,180,8158,2023-09-12,6,5,7,7,7,6.0,
1201,127,8166,2023-09-13,8,9,8,7,8,5.0,
1202,48,8177,2023-09-14,7,8,6,8,8,8.0,A bit crowded today.
1203,149,8182,2023-09-14,8,10,8,8,7,9.0,
1204,180,8199,2023-09-15,6,7,7,9,4,6.0,Perfect rainy day activity.
1205,130,8204,2023-09-15,7,6,7,7,5,7.0,Would recommend to friends.
1206,116,8207,2023-09-15,9,9,7,6,8,7.0,Would recommend to friends.
1207,88,8210,2023-09-15,7,6,8,7,5,6.0,Will definitely come back.
1208,50,8233,2023-09-17,7,7,8,8,7,7.0,Perfect rainy day activity.
1209,41,8253,2023-09-18,8,7,10,8,5,7.0,
1210,118,8260,2023-09-18,6,7,7,7,6,5.0,Perfect rainy day activity.
1211,213,8261,2023-09-18,6,7,9,8,6,,
1212,4,8267,2023-09-19,5,5,9,8,5,7.0,Coffee was excellent.
1214,187,8288,2023-09-20,9,8,8,8,9,8.0,The waffles were delicious.
1215,36,8295,2023-09-20,7,7,7,7,5,6.0,
1216,175,8301,2023-09-21,7,7,7,8,10,9.0,Coffee was excellent.
1217,201,8312,2023-09-21,6,6,7,7,7,8.0,Would recommend to friends.
1218,170,8313,2023-09-21,9,8,8,6,10,,Great experience!
1219,239,8315,2023-09-22,7,6,8,7,8,7.0,Relaxing atmosphere.
1220,47,8321,2023-09-22,6,7,8,8,7,5.0,The staff was so helpful.
1221,172,8328,2023-09-22,7,5,8,7,6,6.0,A bit crowded today.
1222,194,8332,2023-09-23,2,3,8,6,3,8.0,The staff was so helpful.
1223,49,8334,2023-09-23,6,7,9,7,7,6.0,The staff was so helpful.
1224,241,8337,2023-09-23,6,7,8,9,6,8.0,
1225,184,8338,2023-09-23,6,6,8,7,7,8.0,Best cat cafe in DC!
1226,185,8361,2023-09-24,4,5,8,8,3,7.0,Great experience!
1228,207,8368,2023-09-25,9,8,6,9,8,7.0,
1229,90,8371,2023-09-25,8,7,5,9,7,7.0,Wish there were more cats available.
1230,66,8387,2023-09-26,8,10,5,6,9,8.0,Great experience!
1231,99,8388,2023-09-26,6,6,8,7,7,6.0,The waffles were delicious.
1232,53,8406,2023-09-27,8,10,7,8,9,8.0,
1233,51,8410,2023-09-27,7,8,8,7,8,8.0,The staff was so helpful.
1234,198,8413,2023-09-27,6,5,8,7,6,6.0,The staff was so helpful.
1235,193,8415,2023-09-27,8,8,6,8,7,6.0,Perfect rainy day activity.
1236,232,8422,2023-09-28,6,7,7,8,7,7.0,Best cat cafe in DC!
1237,40,8429,2023-09-28,6,6,6,8,7,8.0,Would recommend to friends.
1238,188,8431,2023-09-28,7,6,8,7,7,9.0,Coffee was excellent.
1239,21,8435,2023-09-29,7,9,8,8,8,6.0,Coffee was excellent.
1240,232,8456,2023-09-30,9,8,8,7,10,5.0,Relaxing atmosphere.
1241,195,8466,2023-09-30,6,8,7,7,7,7.0,Will definitely come back.
1242,205,8478,2023-10-01,10,8,8,9,9,10.0,
1243,129,8482,2023-10-01,6,4,10,7,5,7.0,Great experience!
1244,161,8499,2023-10-02,8,8,8,8,9,6.0,The staff was so helpful.
1245,59,8505,2023-10-03,7,7,8,7,7,7.0,The staff was so helpful.
1246,161,8512,2023-10-03,6,6,10,7,7,8.0,Loved the cats!
1247,29,8515,2023-10-03,6,6,10,8,8,6.0,The staff was so helpful.
1248,43,8519,2023-10-03,9,10,8,8,10,8.0,My new favorite spot!
1250,146,8529,2023-10-04,9,9,8,7,9,5.0,
1251,65,8541,2023-10-05,8,8,8,8,8,5.0,
1252,176,8547,2023-10-05,4,4,8,8,5,9.0,Coffee was excellent.
1254,26,8551,2023-10-05,7,6,7,8,5,5.0,My new favorite spot!
1255,133,8553,2023-10-05,7,8,8,8,8,5.0,Best cat cafe in DC!
1256,119,8556,2023-10-06,8,7,8,7,10,6.0,My new favorite spot!
1257,42,8562,2023-10-06,5,6,7,8,6,6.0,
1258,199,8576,2023-10-07,7,9,8,9,8,7.0,Cat yoga was amazing!
1259,246,8578,2023-10-07,6,6,8,9,7,7.0,Would recommend to friends.
1260,209,8590,2023-10-08,5,5,8,8,5,8.0,The staff was so helpful.
1261,141,8591,2023-10-08,5,6,7,9,5,6.0,
1262,78,8592,2023-10-08,7,7,8,7,5,6.0,Great experience!
1263,107,8599,2023-10-08,9,9,10,7,9,7.0,The staff was so helpful.
1264,29,8603,2023-10-08,6,6,7,7,4,6.0,Cat yoga was amazing!
1265,123,8623,2023-10-10,7,9,7,8,7,6.0,
1266,245,8632,2023-10-10,6,7,7,8,6,7.0,Would recommend to friends.
1267,207,8636,2023-10-10,9,10,8,7,8,7.0,
1268,179,8664,2023-10-12,5,5,7,7,7,9.0,The staff was so helpful.
1269,32,8670,2023-10-12,7,7,8,8,10,7.0,
1270,108,8680,2023-10-13,7,6,9,7,8,6.0,My new favorite spot!
1271,63,8683,2023-10-13,8,7,8,7,8,9.0,
1273,55,8703,2023-10-14,6,5,7,7,7,,
1274,162,8704,2023-10-14,9,10,10,9,10,7.0,A bit crowded today.
1275,140,8708,2023-10-14,7,6,8,9,8,8.0,Would recommend to friends.
1276,211,8713,2023-10-15,8,7,8,7,9,7.0,
1277,230,8714,2023-10-15,6,8,7,8,8,7.0,Will definitely come back.
1278,134,8717,2023-10-15,6,7,8,8,7,7.0,
1279,2,8735,2023-10-16,7,6,7,8,6,7.0,
1280,101,8742,2023-10-16,4,5,8,8,4,7.0,Great experience!
1281,214,8759,2023-10-17,8,9,9,9,9,6.0,
1282,82,8763,2023-10-18,7,7,7,7,7,4.0,
1283,8,8764,2023-10-18,8,8,8,8,10,8.0,The staff was so helpful.
1284,136,8770,2023-10-18,7,7,7,9,9,7.0,Loved the cats!
1285,191,8771,2023-10-18,5,3,9,7,4,,Coffee was excellent.
1286,65,8774,2023-10-18,10,10,10,7,9,6.0,A bit crowded today.
1287,34,8775,2023-10-18,6,6,7,7,9,8.0,
1288,202,8806,2023-10-20,2,1,8,6,1,7.0,Would recommend to friends.
1289,209,8812,2023-10-21,6,7,9,7,5,5.0,Loved the cats!
1290,69,8816,2023-10-21,9,9,9,7,10,9.0,Great experience!
1291,87,8818,2023-10-21,9,10,5,8,9,,Will definitely come back.
1292,208,8831,2023-10-22,6,7,8,7,6,6.0,A bit crowded today.
1293,184,8839,2023-10-22,7,8,8,6,8,8.0,The waffles were delicious.
1294,35,8840,2023-10-22,8,8,8,10,7,9.0,The waffles were delicious.
1295,35,8843,2023-10-22,7,6,7,7,8,7.0,
1296,42,8848,2023-10-23,6,4,8,8,6,,
1297,182,8852,2023-10-23,9,9,8,8,7,8.0,
1298,76,8860,2023-10-23,8,9,8,8,9,7.0,Best cat cafe in DC!
1299,81,8862,2023-10-23,5,6,8,6,5,7.0,
1300,79,8868,2023-10-24,8,9,6,7,10,6.0,Coffee was excellent.
1301,152,8875,2023-10-24,5,4,8,8,5,9.0,
1302,63,8885,2023-10-25,6,5,8,7,6,4.0,Loved the cats!
1303,242,8890,2023-10-25,6,6,8,7,8,7.0,Perfect rainy day activity.
1304,8,8896,2023-10-25,6,6,8,8,6,7.0,
1305,248,8901,2023-10-26,10,9,7,9,8,8.0,
1306,120,8907,2023-10-26,6,6,7,8,8,8.0,
1307,158,8909,2023-10-26,6,6,8,8,7,8.0,My new favorite spot!
1309,173,8914,2023-10-26,8,7,8,7,7,4.0,A bit crowded today.
1310,8,8916,2023-10-27,7,6,7,9,7,7.0,Relaxing atmosphere.
1311,1,8928,2023-10-27,7,6,6,8,6,8.0,Will definitely come back.
1312,162,8953,2023-10-29,7,8,6,8,8,8.0,Loved the cats!
1313,197,8954,2023-10-29,6,6,8,8,6,7.0,Would recommend to friends.
1314,136,8962,2023-10-29,3,4,6,8,5,9.0,Best cat cafe in DC!
1315,227,8967,2023-10-30,5,6,8,8,9,6.0,Wish there were more cats available.
1317,204,8973,2023-10-30,10,9,7,9,10,8.0,
1318,88,8975,2023-10-30,7,9,7,8,9,9.0,My new favorite spot!
1319,89,8987,2023-10-31,8,8,8,7,8,6.0,
1320,27,8989,2023-10-31,7,8,9,7,8,7.0,Best cat cafe in DC!
1321,228,9017,2023-11-01,8,7,9,8,8,,Wish there were more cats available.
1322,156,9024,2023-11-02,8,8,7,7,10,7.0,
1323,212,9025,2023-11-02,7,5,9,10,7,8.0,Great experience!
1324,25,9035,2023-11-03,9,10,6,7,9,7.0,
1325,77,9052,2023-11-04,9,10,7,7,10,6.0,Coffee was excellent.
1326,138,9055,2023-11-04,8,10,8,7,9,7.0,
1327,175,9063,2023-11-04,7,8,10,7,7,8.0,Would recommend to friends.
1328,161,9065,2023-11-04,4,4,7,8,4,7.0,The staff was so helpful.
1329,114,9072,2023-11-05,10,8,9,8,8,8.0,
1330,139,9074,2023-11-05,7,7,8,10,9,8.0,The waffles were delicious.
1331,126,9077,2023-11-05,7,6,7,8,7,5.0,Cat yoga was amazing!
1332,122,9078,2023-11-05,6,6,8,9,5,6.0,Coffee was excellent.
1333,227,9084,2023-11-05,7,7,7,9,8,9.0,Relaxing atmosphere.
1334,132,9091,2023-11-06,7,7,5,8,7,8.0,Will definitely come back.
1335,65,9092,2023-11-06,7,7,7,7,7,6.0,Wish there were more cats available.
1336,172,9112,2023-11-07,7,6,7,8,8,6.0,Will definitely come back.
1337,39,9117,2023-11-07,6,6,6,8,9,8.0,Great experience!
1338,115,9129,2023-11-08,5,6,8,7,6,6.0,
1339,226,9130,2023-11-08,9,9,8,8,9,9.0,My new favorite spot!
1340,163,9138,2023-11-09,8,7,8,7,8,6.0,A bit crowded today.
1341,15,9141,2023-11-09,8,7,7,6,7,9.0,Wish there were more cats available.
1342,87,9149,2023-11-09,7,6,7,8,8,,
1343,208,9155,2023-11-10,7,7,8,8,8,,My new favorite spot!
1344,224,9169,2023-11-10,7,8,7,8,8,6.0,Best cat cafe in DC!
1345,107,9173,2023-11-11,9,10,7,8,9,7.0,
1346,152,9191,2023-11-12,5,5,7,8,5,7.0,
1347,140,9201,2023-11-12,7,7,6,8,8,6.0,The staff was so helpful.
1348,125,9220,2023-11-13,4,2,8,8,5,,Relaxing atmosphere.
1349,202,9231,2023-11-14,6,6,8,8,7,7.0,Relaxing atmosphere.
1350,12,9232,2023-11-14,5,6,6,9,6,6.0,The staff was so helpful.
1351,174,9233,2023-11-14,9,8,7,8,10,8.0,
1352,191,9237,2023-11-14,7,6,7,8,10,4.0,
1353,55,9250,2023-11-15,7,6,8,8,6,8.0,My new favorite spot!
1354,100,9257,2023-11-15,6,7,9,8,7,,Would recommend to friends.
1355,83,9269,2023-11-16,6,7,7,8,7,7.0,Wish there were more cats available.
1356,167,9272,2023-11-16,6,6,7,8,5,6.0,Perfect rainy day activity.
1357,104,9274,2023-11-16,8,7,8,8,8,7.0,The waffles were delicious.
1358,248,9280,2023-11-17,6,7,7,9,6,9.0,Would recommend to friends.
1359,199,9290,2023-11-17,4,6,9,7,4,8.0,Relaxing atmosphere.
1360,172,9301,2023-11-18,9,7,7,8,9,7.0,Cat yoga was amazing!
1361,105,9303,2023-11-18,3,3,7,7,5,7.0,Perfect rainy day activity.
1362,79,9321,2023-11-19,7,7,8,7,8,8.0,Will definitely come back.
1363,219,9323,2023-11-19,4,6,6,7,6,8.0,My new favorite spot!
1364,220,9325,2023-11-19,8,7,7,8,7,6.0,Coffee was excellent.
1365,34,9338,2023-11-20,7,8,9,8,9,8.0,Would recommend to friends.
1366,27,9342,2023-11-20,8,6,8,8,5,7.0,
1367,41,9343,2023-11-20,7,6,8,6,7,,
1368,242,9350,2023-11-21,5,6,6,8,7,,
1369,239,9352,2023-11-21,7,8,8,8,7,8.0,
1370,110,9354,2023-11-21,7,6,9,8,7,5.0,Wish there were more cats available.
1371,5,9367,2023-11-22,8,8,8,8,7,8.0,The staff was so helpful.
1372,104,9370,2023-11-22,8,5,8,8,7,8.0,A bit crowded today.
1373,13,9371,2023-11-22,9,8,6,8,8,8.0,My new favorite spot!
1374,131,9384,2023-11-23,5,4,8,8,5,7.0,Relaxing atmosphere.
1375,69,9387,2023-11-23,8,6,8,7,10,8.0,The waffles were delicious.
1376,170,9389,2023-11-23,7,8,8,9,8,6.0,My new favorite spot!
1377,119,9393,2023-11-23,5,4,7,8,6,8.0,The staff was so helpful.
1378,155,9398,2023-11-24,8,9,6,8,9,8.0,My new favorite spot!
1379,33,9415,2023-11-25,6,4,8,9,6,,My new favorite spot!
1380,74,9419,2023-11-25,9,9,9,7,9,8.0,
1381,191,9420,2023-11-25,7,6,7,10,8,7.0,
1382,217,9426,2023-11-25,7,6,8,7,9,6.0,Would recommend to friends.
1383,236,9430,2023-11-26,6,5,8,6,7,7.0,Wish there were more cats available.
1384,92,9452,2023-11-27,7,7,7,9,9,5.0,Best cat cafe in DC!
1385,142,9456,2023-11-27,9,9,9,8,8,,
1386,222,9457,2023-11-27,7,8,8,6,7,6.0,Perfect rainy day activity.
1387,72,9460,2023-11-27,5,3,8,8,5,8.0,Perfect rainy day activity.
1388,195,9462,2023-11-27,9,10,8,7,10,7.0,Great experience!
1389,127,9464,2023-11-28,7,6,7,7,10,6.0,
1390,155,9465,2023-11-28,9,9,8,8,9,5.0,
1391,88,9485,2023-11-29,5,8,8,8,7,5.0,Loved the cats!
1392,26,9486,2023-11-29,6,7,7,9,8,8.0,The staff was so helpful.
1393,158,9488,2023-11-29,9,9,7,7,9,8.0,The waffles were delicious.
1394,125,9497,2023-11-29,8,7,8,8,9,7.0,The waffles were delicious.
1395,216,9499,2023-11-30,6,4,7,8,7,8.0,Will definitely come back.
1396,25,9505,2023-11-30,7,6,9,8,6,6.0,
1397,209,9509,2023-11-30,7,8,7,7,9,7.0,
1398,202,9510,2023-11-30,10,10,8,8,10,7.0,
1399,184,9518,2023-12-01,10,8,6,8,10,8.0,Loved the cats!
1400,241,9525,2023-12-01,7,7,6,8,8,7.0,Cat yoga was amazing!
1401,36,9528,2023-12-01,7,7,8,9,7,8.0,
1402,31,9534,2023-12-02,7,6,8,9,7,7.0,
1404,65,9556,2023-12-03,5,5,6,7,5,7.0,
1405,49,9559,2023-12-03,8,7,9,8,6,8.0,The staff was so helpful.
1406,135,9567,2023-12-04,7,8,6,7,8,5.0,Loved the cats!
1407,165,9571,2023-12-04,8,8,7,9,9,,Relaxing atmosphere.
1408,23,9586,2023-12-05,10,10,8,9,10,9.0,
1409,115,9590,2023-12-05,7,7,7,7,6,7.0,
1410,6,9602,2023-12-06,7,6,10,6,7,8.0,
1411,78,9603,2023-12-06,7,7,9,7,5,7.0,
1412,23,9606,2023-12-06,8,9,7,8,8,6.0,
1413,211,9609,2023-12-06,6,5,8,8,6,7.0,
1414,86,9613,2023-12-06,7,7,9,9,7,6.0,Wish there were more cats available.
1415,62,9623,2023-12-07,6,7,8,7,7,8.0,
1416,127,9629,2023-12-07,8,8,8,8,9,7.0,Great experience!
1417,230,9630,2023-12-07,7,6,9,8,8,6.0,The staff was so helpful.
1418,140,9640,2023-12-08,8,8,6,8,9,8.0,
1419,106,9649,2023-12-08,5,4,8,8,6,8.0,
1420,87,9654,2023-12-09,9,8,8,7,9,9.0,Wish there were more cats available.
1421,118,9657,2023-12-09,7,7,8,8,10,6.0,A bit crowded today.
1422,211,9658,2023-12-09,8,8,6,7,8,7.0,Best cat cafe in DC!
1423,207,9671,2023-12-10,8,6,8,8,9,6.0,Would recommend to friends.
1424,151,9682,2023-12-10,8,7,9,7,5,4.0,
1425,99,9683,2023-12-10,7,7,6,8,7,7.0,Loved the cats!
1426,64,9687,2023-12-10,7,9,8,8,8,5.0,
1427,240,9694,2023-12-11,6,7,8,6,8,6.0,Perfect rainy day activity.
1428,189,9695,2023-12-11,5,3,9,8,5,6.0,Best cat cafe in DC!
1429,201,9705,2023-12-12,5,5,7,6,4,7.0,
1430,174,9712,2023-12-12,8,9,7,8,8,6.0,A bit crowded today.
1432,151,9725,2023-12-13,8,8,6,7,8,8.0,Coffee was excellent.
1433,28,9741,2023-12-14,5,6,9,7,6,9.0,Perfect rainy day activity.
1434,144,9743,2023-12-14,7,7,9,8,9,8.0,Relaxing atmosphere.
1435,67,9744,2023-12-14,9,7,6,6,9,7.0,My new favorite spot!
1436,150,9748,2023-12-14,7,7,8,8,8,7.0,
1437,160,9758,2023-12-15,7,6,8,8,8,7.0,The waffles were delicious.
1438,240,9764,2023-12-15,7,7,6,7,6,6.0,
1439,11,9766,2023-12-15,8,8,9,8,8,7.0,The staff was so helpful.
1440,50,9775,2023-12-16,7,9,7,8,7,8.0,Relaxing atmosphere.
1441,185,9781,2023-12-16,9,9,6,6,10,7.0,The waffles were delicious.
1442,225,9782,2023-12-16,6,5,7,8,3,7.0,The waffles were delicious.
1443,81,9799,2023-12-17,9,10,7,7,8,6.0,Cat yoga was amazing!
1444,55,9802,2023-12-17,9,9,8,7,9,10.0,
1403,217,9552,2023-12-03,7,7,7,9,8,7.0,
1445,230,9812,2023-12-18,7,7,10,8,9,9.0,Would recommend to friends.
1446,147,9816,2023-12-18,5,6,7,8,6,8.0,My new favorite spot!
1447,43,9835,2023-12-19,4,4,7,9,4,5.0,Cat yoga was amazing!
1448,186,9840,2023-12-19,5,4,6,8,6,7.0,
1449,88,9844,2023-12-20,8,8,7,8,8,8.0,
1450,44,9847,2023-12-20,8,8,8,8,9,7.0,Great experience!
1451,11,9849,2023-12-20,4,4,6,7,4,8.0,Perfect rainy day activity.
1452,190,9850,2023-12-20,6,6,6,7,5,5.0,Perfect rainy day activity.
1453,231,9859,2023-12-21,6,5,7,8,6,8.0,Relaxing atmosphere.
1454,50,9864,2023-12-21,7,8,8,7,10,9.0,Perfect rainy day activity.
1455,8,9869,2023-12-21,7,7,7,8,7,5.0,
1456,122,9874,2023-12-21,7,9,7,8,7,6.0,Loved the cats!
1457,1,9877,2023-12-22,5,6,9,9,7,8.0,My new favorite spot!
1458,109,9894,2023-12-23,6,4,8,8,6,10.0,
1459,171,9898,2023-12-23,7,7,9,8,6,9.0,
1460,34,9904,2023-12-23,6,4,7,9,6,7.0,
1461,91,9905,2023-12-23,5,5,7,9,5,6.0,Loved the cats!
1462,187,9910,2023-12-23,6,8,9,9,6,8.0,The waffles were delicious.
1464,223,9918,2023-12-24,9,7,8,8,6,8.0,Relaxing atmosphere.
1465,148,9923,2023-12-24,4,5,6,8,5,7.0,My new favorite spot!
1466,78,9931,2023-12-25,7,6,10,8,6,7.0,A bit crowded today.
1467,79,9940,2023-12-25,7,8,9,8,6,5.0,
1468,104,9960,2023-12-26,7,7,8,7,7,9.0,Best cat cafe in DC!
1469,232,9968,2023-12-27,7,7,8,8,5,5.0,A bit crowded today.
1471,101,9976,2023-12-27,7,7,8,8,8,7.0,
1472,128,9982,2023-12-28,7,8,8,7,8,5.0,The staff was so helpful.
1473,197,9987,2023-12-28,7,8,8,8,9,6.0,Loved the cats!
1474,154,9989,2023-12-28,9,7,7,7,8,8.0,Will definitely come back.
1475,119,9991,2023-12-28,6,6,7,8,7,7.0,Cat yoga was amazing!
1476,153,9996,2023-12-28,7,6,8,6,9,7.0,
1477,225,10002,2023-12-29,8,7,6,8,9,8.0,Will definitely come back.
1478,36,10004,2023-12-29,8,8,7,7,10,9.0,
1479,125,10008,2023-12-29,7,7,8,7,6,5.0,
1480,14,10010,2023-12-29,3,3,7,8,2,6.0,Great experience!
1481,229,10019,2023-12-30,7,8,8,8,8,8.0,
1482,172,10020,2023-12-30,6,5,7,7,6,6.0,A bit crowded today.
1483,71,10027,2023-12-30,6,5,8,8,8,7.0,
1484,33,10031,2023-12-31,7,7,6,8,8,7.0,Loved the cats!
1485,4,10062,2024-01-01,5,5,7,7,7,9.0,My new favorite spot!
1486,63,10064,2024-01-01,9,8,8,8,9,6.0,A bit crowded today.
1487,21,10065,2024-01-02,5,6,8,7,6,6.0,Perfect rainy day activity.
1488,94,10072,2024-01-02,7,8,5,8,6,8.0,Best cat cafe in DC!
1489,69,10081,2024-01-02,7,8,7,7,10,5.0,The waffles were delicious.
1490,188,10085,2024-01-03,8,7,6,7,8,7.0,
1491,209,10104,2024-01-04,7,8,8,8,8,10.0,
1492,170,10114,2024-01-04,8,5,8,8,6,6.0,Relaxing atmosphere.
1493,234,10122,2024-01-05,8,9,7,7,8,7.0,Cat yoga was amazing!
1494,99,10128,2024-01-05,6,5,7,9,8,8.0,Cat yoga was amazing!
1495,35,10138,2024-01-06,5,3,8,8,4,7.0,A bit crowded today.
1496,5,10142,2024-01-06,8,7,8,8,7,8.0,My new favorite spot!
1497,239,10147,2024-01-06,8,8,6,8,9,7.0,
1498,18,10159,2024-01-07,5,5,8,6,7,8.0,
1499,59,10160,2024-01-07,5,4,9,8,5,6.0,Cat yoga was amazing!
1500,32,10163,2024-01-07,7,7,7,7,7,,
1501,158,10171,2024-01-08,7,8,9,7,7,5.0,Coffee was excellent.
1502,125,10181,2024-01-08,6,8,8,8,6,9.0,
1503,175,10185,2024-01-09,6,4,9,8,6,9.0,Cat yoga was amazing!
1504,129,10204,2024-01-10,8,9,7,8,9,8.0,Wish there were more cats available.
1505,108,10219,2024-01-10,7,6,6,7,8,7.0,The waffles were delicious.
1506,75,10221,2024-01-11,8,8,6,7,9,8.0,
1507,43,10222,2024-01-11,8,7,8,9,8,6.0,
1508,12,10231,2024-01-11,6,6,7,8,8,7.0,Coffee was excellent.
1510,202,10250,2024-01-12,6,6,7,8,6,6.0,
1511,163,10261,2024-01-13,8,7,7,8,9,8.0,
1512,197,10271,2024-01-14,7,7,7,8,6,7.0,Loved the cats!
1513,220,10274,2024-01-14,6,7,7,7,7,7.0,Perfect rainy day activity.
1514,41,10280,2024-01-14,10,9,7,7,10,7.0,
1515,41,10286,2024-01-14,8,8,7,7,9,7.0,
1516,146,10301,2024-01-15,3,4,8,7,4,7.0,Will definitely come back.
1517,103,10313,2024-01-16,9,9,6,7,9,6.0,The staff was so helpful.
1518,144,10317,2024-01-16,5,3,9,7,4,5.0,
1519,147,10318,2024-01-16,8,7,9,8,9,8.0,My new favorite spot!
1520,88,10325,2024-01-17,5,6,8,8,5,9.0,Will definitely come back.
1521,225,10326,2024-01-17,7,8,6,7,9,7.0,Perfect rainy day activity.
1522,58,10333,2024-01-17,6,6,8,8,7,7.0,
1523,228,10350,2024-01-18,6,7,8,8,7,6.0,
1524,88,10355,2024-01-18,7,7,7,8,7,8.0,My new favorite spot!
1525,174,10356,2024-01-18,6,5,10,8,3,7.0,
1526,6,10362,2024-01-19,9,9,6,8,8,7.0,Perfect rainy day activity.
1527,138,10369,2024-01-19,9,9,7,8,9,9.0,Best cat cafe in DC!
1528,47,10372,2024-01-19,6,7,8,8,7,10.0,
1529,71,10376,2024-01-20,6,8,10,7,10,9.0,
1530,163,10385,2024-01-20,8,7,8,9,9,8.0,
1531,153,10386,2024-01-20,9,9,8,7,9,5.0,
1532,52,10388,2024-01-20,5,5,8,7,5,6.0,Wish there were more cats available.
1533,170,10395,2024-01-21,8,7,8,7,10,7.0,
1535,223,10398,2024-01-21,8,8,9,7,7,9.0,Loved the cats!
1536,48,10407,2024-01-21,9,9,6,9,10,8.0,My new favorite spot!
1537,203,10414,2024-01-22,8,8,6,9,9,6.0,A bit crowded today.
1538,18,10416,2024-01-22,8,9,6,7,10,6.0,Loved the cats!
1539,167,10423,2024-01-22,6,5,8,7,6,7.0,Will definitely come back.
1540,64,10428,2024-01-23,9,10,8,8,8,8.0,A bit crowded today.
1541,95,10439,2024-01-23,5,5,8,7,5,4.0,Would recommend to friends.
1542,220,10445,2024-01-24,3,3,7,8,3,9.0,Will definitely come back.
1543,241,10446,2024-01-24,4,5,8,7,5,8.0,Perfect rainy day activity.
1544,134,10449,2024-01-24,7,5,6,6,8,6.0,My new favorite spot!
1545,121,10450,2024-01-24,9,8,8,8,9,5.0,Cat yoga was amazing!
1546,249,10461,2024-01-25,4,5,9,9,5,8.0,Best cat cafe in DC!
1547,198,10462,2024-01-25,6,7,8,5,6,,
1548,243,10480,2024-01-26,10,9,7,6,10,8.0,Wish there were more cats available.
1551,100,10500,2024-01-27,8,9,7,8,9,6.0,Cat yoga was amazing!
1552,242,10501,2024-01-27,3,4,9,8,3,6.0,A bit crowded today.
1553,1,10505,2024-01-27,3,2,7,8,3,6.0,Coffee was excellent.
1554,64,10509,2024-01-27,10,9,7,8,9,8.0,A bit crowded today.
1555,143,10531,2024-01-29,7,7,7,8,8,7.0,The staff was so helpful.
1556,244,10540,2024-01-29,6,6,6,7,6,9.0,Perfect rainy day activity.
1557,46,10548,2024-01-30,8,8,6,7,7,9.0,Will definitely come back.
1558,81,10549,2024-01-30,7,7,7,7,7,7.0,
1559,2,10552,2024-01-30,9,10,7,7,10,8.0,
1560,144,10553,2024-01-30,7,8,7,7,8,6.0,The staff was so helpful.
1561,120,10562,2024-01-30,9,10,7,9,10,6.0,
1562,76,10566,2024-01-31,9,10,9,9,10,6.0,The waffles were delicious.
1563,15,10572,2024-01-31,6,5,8,8,6,6.0,Would recommend to friends.
1564,212,10583,2024-02-01,6,5,8,6,8,7.0,Wish there were more cats available.
1565,28,10609,2024-02-02,7,8,8,6,6,7.0,
1566,81,10614,2024-02-02,10,10,7,6,10,8.0,
1567,73,10617,2024-02-03,6,6,6,9,8,6.0,Loved the cats!
1568,221,10620,2024-02-03,7,7,6,7,9,,The staff was so helpful.
1569,231,10623,2024-02-03,10,10,7,7,10,,
1570,71,10635,2024-02-04,8,7,6,9,9,5.0,Loved the cats!
1571,235,10643,2024-02-04,6,8,7,7,8,7.0,Best cat cafe in DC!
1572,64,10647,2024-02-04,9,9,8,7,10,8.0,Great experience!
1573,165,10650,2024-02-05,6,6,8,8,7,7.0,Would recommend to friends.
1574,7,10652,2024-02-05,6,7,7,7,6,6.0,Wish there were more cats available.
1575,43,10661,2024-02-05,5,5,9,7,5,8.0,The staff was so helpful.
1576,231,10665,2024-02-05,8,8,6,7,8,7.0,Great experience!
1577,28,10670,2024-02-06,8,7,7,8,9,6.0,The waffles were delicious.
1578,175,10676,2024-02-06,5,5,6,8,4,5.0,Cat yoga was amazing!
1579,74,10680,2024-02-06,7,7,9,7,8,7.0,A bit crowded today.
1581,138,10683,2024-02-07,10,8,6,8,10,,Coffee was excellent.
1582,2,10686,2024-02-07,6,7,7,8,6,,
1583,70,10697,2024-02-07,5,4,7,8,3,6.0,
1584,37,10704,2024-02-08,6,6,7,7,7,9.0,Cat yoga was amazing!
1585,60,10705,2024-02-08,6,8,7,8,6,5.0,The staff was so helpful.
1587,110,10709,2024-02-08,9,8,7,9,9,8.0,
1588,30,10711,2024-02-08,8,9,7,7,10,8.0,Great experience!
1589,228,10717,2024-02-08,7,7,6,8,9,9.0,
1590,105,10725,2024-02-09,6,6,8,8,7,10.0,
1591,201,10726,2024-02-09,5,5,8,8,6,8.0,My new favorite spot!
1592,121,10728,2024-02-09,5,5,8,8,6,7.0,My new favorite spot!
1593,201,10729,2024-02-09,7,8,8,8,7,8.0,Loved the cats!
1594,98,10730,2024-02-09,6,7,8,6,6,6.0,
1595,210,10737,2024-02-10,6,6,7,7,7,,Great experience!
1596,233,10738,2024-02-10,8,9,8,8,7,7.0,Perfect rainy day activity.
1597,94,10739,2024-02-10,7,5,8,9,6,10.0,Loved the cats!
1598,13,10742,2024-02-10,8,7,7,8,9,6.0,
1599,156,10750,2024-02-10,6,7,7,7,7,5.0,Perfect rainy day activity.
1600,129,10752,2024-02-11,7,8,8,9,9,,Best cat cafe in DC!
1601,38,10766,2024-02-11,5,4,10,9,4,8.0,Will definitely come back.
1602,30,10770,2024-02-12,8,7,6,7,9,6.0,The staff was so helpful.
1603,121,10774,2024-02-12,6,8,7,6,8,7.0,Great experience!
1604,201,10779,2024-02-12,5,3,8,8,6,6.0,Would recommend to friends.
1605,48,10781,2024-02-12,4,4,9,6,5,,
1606,163,10798,2024-02-13,8,8,6,7,8,6.0,
1607,52,10806,2024-02-14,7,7,9,9,8,5.0,Perfect rainy day activity.
1608,166,10811,2024-02-14,7,8,7,7,7,8.0,
1609,8,10820,2024-02-14,8,8,8,7,10,6.0,
1611,28,10824,2024-02-15,7,7,6,9,9,7.0,
1612,123,10834,2024-02-15,6,3,7,8,4,8.0,Perfect rainy day activity.
1613,200,10841,2024-02-16,5,3,7,7,4,7.0,A bit crowded today.
1614,118,10867,2024-02-17,7,7,8,8,8,8.0,The staff was so helpful.
1615,44,10914,2024-02-20,5,5,8,8,5,10.0,Great experience!
1616,57,10928,2024-02-21,6,7,7,9,5,8.0,
1617,204,10938,2024-02-21,10,9,7,8,10,8.0,Best cat cafe in DC!
1618,139,10944,2024-02-22,9,9,6,7,8,7.0,The staff was so helpful.
1619,160,10949,2024-02-22,8,8,8,7,9,7.0,Relaxing atmosphere.
1620,132,10956,2024-02-22,4,4,7,8,5,5.0,
1621,34,10975,2024-02-24,5,6,6,7,4,6.0,The staff was so helpful.
1622,191,10979,2024-02-24,6,7,8,7,6,8.0,Loved the cats!
1623,105,10981,2024-02-24,5,6,7,8,5,7.0,
1624,26,10983,2024-02-24,5,4,6,9,6,8.0,Will definitely come back.
1625,17,10986,2024-02-24,5,5,6,8,7,7.0,Will definitely come back.
1626,101,10989,2024-02-24,4,5,7,7,3,7.0,
1627,57,10996,2024-02-25,7,6,7,8,5,7.0,Coffee was excellent.
1628,72,11006,2024-02-25,6,6,6,6,9,5.0,Wish there were more cats available.
1630,248,11016,2024-02-26,5,6,7,7,4,8.0,Will definitely come back.
1632,46,11031,2024-02-27,4,3,7,7,5,6.0,
1633,125,11037,2024-02-27,8,8,7,7,6,7.0,
1634,18,11038,2024-02-27,8,7,10,7,8,7.0,A bit crowded today.
1635,27,11043,2024-02-27,8,8,6,8,7,6.0,Coffee was excellent.
1636,91,11047,2024-02-28,9,9,7,8,10,7.0,A bit crowded today.
1637,78,11055,2024-02-28,7,7,7,8,7,5.0,Great experience!
1638,161,11062,2024-02-29,3,2,6,9,4,8.0,
1639,193,11065,2024-02-29,8,8,8,8,8,6.0,Will definitely come back.
1640,198,11068,2024-02-29,7,8,6,7,7,9.0,
1641,171,11069,2024-02-29,9,10,9,9,9,8.0,The staff was so helpful.
1642,125,11077,2024-02-29,8,7,8,7,8,8.0,Perfect rainy day activity.
1643,244,11081,2024-03-01,6,7,7,8,6,5.0,A bit crowded today.
1644,218,11082,2024-03-01,6,7,10,7,7,6.0,
1645,103,11088,2024-03-01,9,9,10,6,9,6.0,
1646,198,11091,2024-03-01,6,6,7,8,5,5.0,
1647,205,11092,2024-03-01,6,7,9,9,6,5.0,
1648,82,11096,2024-03-02,7,6,5,7,6,6.0,Cat yoga was amazing!
1649,57,11097,2024-03-02,9,9,10,7,9,5.0,Would recommend to friends.
1650,39,11102,2024-03-02,7,7,7,9,7,7.0,A bit crowded today.
1651,128,11107,2024-03-02,6,5,8,8,6,6.0,
1652,3,11111,2024-03-02,7,9,8,7,8,6.0,
1653,48,11115,2024-03-03,7,8,7,8,6,8.0,Cat yoga was amazing!
1654,158,11117,2024-03-03,4,5,8,7,4,6.0,Perfect rainy day activity.
1655,26,11120,2024-03-03,7,7,7,8,7,10.0,Best cat cafe in DC!
1656,238,11122,2024-03-03,7,8,8,8,9,5.0,Wish there were more cats available.
1657,13,11126,2024-03-03,5,6,8,8,4,9.0,Great experience!
1658,68,11132,2024-03-04,5,4,8,7,7,10.0,Wish there were more cats available.
1659,140,11159,2024-03-05,5,5,9,8,5,7.0,
1660,74,11165,2024-03-06,5,4,8,9,5,8.0,A bit crowded today.
1661,178,11176,2024-03-06,6,7,8,8,7,7.0,The waffles were delicious.
1662,158,11193,2024-03-07,6,5,9,7,7,7.0,A bit crowded today.
1663,16,11195,2024-03-07,4,5,6,6,6,7.0,A bit crowded today.
1664,56,11210,2024-03-08,7,6,8,8,8,7.0,Best cat cafe in DC!
1665,88,11213,2024-03-08,5,6,8,8,5,7.0,
1666,201,11237,2024-03-10,8,8,7,7,9,6.0,A bit crowded today.
1667,12,11243,2024-03-10,5,3,9,9,5,7.0,Will definitely come back.
1668,43,11244,2024-03-10,9,7,10,8,10,8.0,Cat yoga was amazing!
1669,17,11246,2024-03-10,6,7,8,8,8,8.0,The waffles were delicious.
1670,25,11254,2024-03-11,7,8,7,9,7,7.0,
1671,214,11255,2024-03-11,9,8,8,7,9,6.0,
1672,8,11256,2024-03-11,4,4,9,9,6,6.0,
1673,202,11270,2024-03-12,5,7,7,8,6,8.0,The staff was so helpful.
1674,231,11277,2024-03-12,5,5,8,7,4,7.0,My new favorite spot!
1675,202,11285,2024-03-13,7,8,8,8,7,6.0,Will definitely come back.
1676,91,11320,2024-03-15,7,8,6,7,9,7.0,
1677,72,11339,2024-03-16,7,7,7,8,7,8.0,
1678,32,11340,2024-03-16,6,5,8,8,5,7.0,Coffee was excellent.
1680,125,11361,2024-03-17,8,7,9,8,7,6.0,
1681,119,11370,2024-03-18,5,5,10,7,7,8.0,
1682,173,11372,2024-03-18,6,7,6,7,7,5.0,Best cat cafe in DC!
1683,151,11375,2024-03-18,8,8,9,8,7,7.0,The waffles were delicious.
1684,13,11390,2024-03-19,4,4,8,8,5,,
1685,174,11392,2024-03-19,8,9,7,8,8,8.0,
1686,209,11395,2024-03-19,6,7,6,8,9,7.0,Cat yoga was amazing!
1687,127,11399,2024-03-19,9,10,9,8,8,9.0,Relaxing atmosphere.
1689,69,11416,2024-03-20,7,8,7,9,8,,A bit crowded today.
1690,3,11422,2024-03-21,7,4,7,9,7,9.0,
1691,210,11423,2024-03-21,6,5,8,7,7,6.0,Would recommend to friends.
1692,12,11424,2024-03-21,8,7,8,7,7,5.0,The staff was so helpful.
1693,56,11437,2024-03-21,8,8,7,7,8,7.0,The waffles were delicious.
1694,224,11447,2024-03-22,6,6,8,7,7,8.0,Wish there were more cats available.
1695,130,11448,2024-03-22,9,8,7,7,9,8.0,Would recommend to friends.
1696,215,11449,2024-03-22,4,3,9,8,5,6.0,Perfect rainy day activity.
1697,167,11451,2024-03-22,7,7,8,9,7,6.0,Loved the cats!
1698,45,11454,2024-03-22,9,8,7,9,8,8.0,Cat yoga was amazing!
1699,156,11470,2024-03-23,6,5,8,7,7,4.0,
1700,214,11471,2024-03-23,7,6,8,9,9,6.0,
1701,212,11475,2024-03-24,9,8,7,9,9,8.0,A bit crowded today.
1703,178,11482,2024-03-24,7,7,8,8,8,8.0,
1704,66,11497,2024-03-25,6,6,7,7,7,8.0,My new favorite spot!
1705,233,11507,2024-03-25,4,3,8,7,6,,Coffee was excellent.
1706,168,11516,2024-03-26,4,4,7,9,4,8.0,The waffles were delicious.
1707,100,11525,2024-03-27,4,4,6,9,4,8.0,
1708,54,11533,2024-03-27,7,6,8,6,6,9.0,A bit crowded today.
1709,156,11540,2024-03-27,6,7,7,7,8,7.0,A bit crowded today.
1710,139,11548,2024-03-28,5,5,8,7,7,8.0,My new favorite spot!
1711,64,11562,2024-03-29,7,7,7,8,9,8.0,Perfect rainy day activity.
1712,175,11565,2024-03-29,6,6,7,8,8,,Perfect rainy day activity.
1713,160,11567,2024-03-29,8,9,8,7,8,6.0,Would recommend to friends.
1714,52,11572,2024-03-29,6,6,8,9,5,6.0,Wish there were more cats available.
1715,219,11581,2024-03-30,4,2,7,6,5,7.0,
1717,103,11586,2024-03-30,5,6,7,7,7,7.0,
1718,226,11588,2024-03-30,6,5,7,7,4,7.0,Great experience!
1719,41,11589,2024-03-30,4,5,8,8,5,5.0,The staff was so helpful.
1720,188,11600,2024-03-31,7,6,7,8,9,9.0,
1721,65,11616,2024-04-01,8,9,6,9,8,6.0,
1722,57,11618,2024-04-01,3,3,6,7,4,6.0,Would recommend to friends.
1723,94,11637,2024-04-02,6,7,7,8,7,8.0,Great experience!
1724,88,11642,2024-04-02,3,4,9,7,6,6.0,
1725,96,11647,2024-04-03,6,6,8,6,7,7.0,
1726,23,11651,2024-04-03,4,4,5,8,4,,Coffee was excellent.
1727,52,11653,2024-04-03,5,5,9,7,6,8.0,A bit crowded today.
1728,49,11669,2024-04-04,5,4,9,8,5,9.0,A bit crowded today.
1729,228,11673,2024-04-04,10,8,7,8,9,5.0,Cat yoga was amazing!
1730,19,11677,2024-04-04,5,6,9,8,4,8.0,Coffee was excellent.
1731,229,11682,2024-04-05,9,10,8,8,10,9.0,Cat yoga was amazing!
1732,237,11685,2024-04-05,8,6,7,7,7,10.0,Great experience!
1733,133,11686,2024-04-05,8,8,8,6,7,6.0,
1734,209,11702,2024-04-06,9,8,8,8,9,5.0,Great experience!
1735,118,11704,2024-04-06,4,4,8,6,7,,
1736,50,11710,2024-04-06,5,5,7,7,5,6.0,
1737,16,11714,2024-04-07,6,6,8,9,8,9.0,
1738,50,11723,2024-04-07,9,8,7,8,8,5.0,
1739,139,11731,2024-04-08,6,6,7,7,6,5.0,Cat yoga was amazing!
1740,152,11741,2024-04-08,5,5,9,7,6,5.0,
1741,147,11742,2024-04-08,7,9,9,9,8,8.0,A bit crowded today.
1742,5,11746,2024-04-08,8,8,10,5,7,7.0,Loved the cats!
1743,169,11752,2024-04-09,5,3,7,7,5,8.0,Great experience!
1744,100,11792,2024-04-11,7,6,8,8,7,7.0,Great experience!
1745,33,11808,2024-04-12,8,7,9,7,9,8.0,Will definitely come back.
1746,100,11810,2024-04-12,8,9,6,7,10,8.0,
1747,103,11821,2024-04-13,9,10,8,7,9,7.0,
1748,57,11822,2024-04-13,6,5,7,8,7,8.0,A bit crowded today.
1749,7,11823,2024-04-13,8,9,7,8,10,6.0,Cat yoga was amazing!
1750,20,11835,2024-04-14,7,6,8,8,7,6.0,Great experience!
1751,155,11836,2024-04-14,8,9,9,7,7,5.0,
1752,201,11843,2024-04-14,5,4,7,7,6,9.0,
1753,221,11850,2024-04-14,6,6,8,8,6,6.0,A bit crowded today.
1754,154,11853,2024-04-15,8,9,8,7,9,4.0,Best cat cafe in DC!
1755,161,11855,2024-04-15,7,8,7,9,7,8.0,
1756,101,11857,2024-04-15,7,7,7,8,7,,Would recommend to friends.
1757,174,11858,2024-04-15,7,7,6,7,7,,
1758,137,11860,2024-04-15,5,7,8,8,9,5.0,The waffles were delicious.
1759,81,11868,2024-04-16,5,4,6,9,5,8.0,Perfect rainy day activity.
1760,110,11869,2024-04-16,7,7,8,8,8,6.0,Best cat cafe in DC!
1761,110,11871,2024-04-16,6,6,8,7,7,6.0,
1762,114,11873,2024-04-16,9,8,8,7,8,8.0,The waffles were delicious.
1763,45,11877,2024-04-16,7,8,7,7,8,5.0,
1764,225,11907,2024-04-18,6,6,8,8,6,6.0,The staff was so helpful.
1765,153,11913,2024-04-18,9,8,5,9,10,6.0,Coffee was excellent.
1766,63,11918,2024-04-18,6,7,9,8,7,7.0,Best cat cafe in DC!
1767,235,11929,2024-04-19,5,4,7,7,4,9.0,Wish there were more cats available.
1768,189,11932,2024-04-19,9,10,7,8,10,5.0,Would recommend to friends.
1769,21,11944,2024-04-20,8,9,7,8,10,4.0,Cat yoga was amazing!
1770,31,11947,2024-04-20,6,5,8,8,4,6.0,Will definitely come back.
1771,90,11949,2024-04-20,8,9,9,6,10,9.0,My new favorite spot!
1772,160,11950,2024-04-20,7,8,8,7,8,9.0,Would recommend to friends.
1773,50,11953,2024-04-20,7,7,6,8,8,7.0,Wish there were more cats available.
1774,15,11963,2024-04-21,7,7,8,7,8,8.0,Loved the cats!
1775,68,11964,2024-04-21,6,7,8,7,8,6.0,The staff was so helpful.
1776,162,11973,2024-04-22,8,9,7,8,8,5.0,Cat yoga was amazing!
1777,56,11979,2024-04-22,9,10,6,9,10,5.0,
1778,145,11987,2024-04-22,5,4,7,7,5,7.0,
1779,80,11992,2024-04-23,6,5,9,9,7,7.0,
1780,131,11994,2024-04-23,8,7,7,8,9,5.0,The waffles were delicious.
1781,40,12003,2024-04-23,7,9,6,9,9,10.0,Loved the cats!
1782,63,12004,2024-04-23,8,7,6,7,9,5.0,My new favorite spot!
1783,211,12011,2024-04-24,7,8,8,9,8,7.0,
1784,239,12013,2024-04-24,6,7,8,8,8,9.0,
1785,225,12021,2024-04-24,6,4,10,7,5,5.0,Cat yoga was amazing!
1786,178,12028,2024-04-25,4,5,9,8,4,8.0,The staff was so helpful.
1787,134,12032,2024-04-25,7,7,8,6,9,7.0,A bit crowded today.
1788,190,12037,2024-04-25,4,6,8,9,7,6.0,
1789,226,12039,2024-04-25,8,8,9,7,10,7.0,Perfect rainy day activity.
1791,213,12068,2024-04-27,6,6,8,9,6,5.0,
1792,91,12072,2024-04-27,7,7,8,8,8,7.0,
1793,60,12077,2024-04-28,6,6,8,7,6,6.0,
1794,118,12084,2024-04-28,8,8,7,7,10,8.0,Loved the cats!
1795,151,12088,2024-04-28,6,6,7,7,8,6.0,
1796,87,12090,2024-04-28,6,6,7,8,7,,
1797,197,12092,2024-04-29,6,8,8,9,8,8.0,Would recommend to friends.
1798,37,12099,2024-04-29,7,7,6,8,8,8.0,
1799,225,12100,2024-04-29,7,7,8,7,10,8.0,Would recommend to friends.
1800,110,12104,2024-04-29,6,8,6,8,9,8.0,Perfect rainy day activity.
1801,147,12115,2024-04-30,5,6,10,7,6,8.0,
1802,56,12124,2024-04-30,9,9,7,10,10,8.0,My new favorite spot!
1803,122,12130,2024-05-01,7,6,7,9,6,7.0,
1804,167,12136,2024-05-01,4,5,8,9,6,6.0,
1805,68,12145,2024-05-02,8,7,7,8,8,,
1807,194,12149,2024-05-02,7,9,6,9,8,7.0,
1808,96,12159,2024-05-02,8,8,7,7,10,7.0,
1809,152,12160,2024-05-03,7,8,7,7,10,6.0,Loved the cats!
1810,237,12167,2024-05-03,3,3,8,9,3,8.0,
1811,1,12174,2024-05-03,5,8,7,7,7,8.0,The staff was so helpful.
1812,109,12182,2024-05-04,4,4,6,9,4,,Relaxing atmosphere.
1813,163,12197,2024-05-05,9,8,7,8,10,6.0,Wish there were more cats available.
1814,121,12214,2024-05-06,8,8,6,7,8,7.0,Best cat cafe in DC!
1815,89,12216,2024-05-06,8,7,8,9,6,7.0,
1816,24,12227,2024-05-06,7,7,8,7,8,6.0,Would recommend to friends.
1817,137,12232,2024-05-07,7,7,8,9,8,5.0,My new favorite spot!
1818,241,12238,2024-05-07,10,10,8,8,10,6.0,A bit crowded today.
1819,230,12244,2024-05-07,7,7,9,8,8,7.0,Coffee was excellent.
1820,76,12251,2024-05-08,5,5,9,7,6,7.0,The waffles were delicious.
1821,120,12252,2024-05-08,7,9,6,9,9,7.0,
1822,27,12258,2024-05-08,7,6,7,9,8,7.0,Best cat cafe in DC!
1823,134,12261,2024-05-08,3,6,7,7,5,9.0,
1824,61,12267,2024-05-09,7,6,7,10,8,6.0,Will definitely come back.
1825,2,12280,2024-05-10,9,7,8,8,8,7.0,
1826,209,12284,2024-05-10,8,8,8,7,8,7.0,Will definitely come back.
1827,36,12290,2024-05-10,7,7,8,8,6,7.0,
1828,201,12299,2024-05-11,6,5,7,8,5,8.0,A bit crowded today.
1829,117,12311,2024-05-11,10,9,7,6,10,5.0,
1830,26,12312,2024-05-11,7,6,5,8,8,7.0,
1831,186,12330,2024-05-12,9,10,7,6,10,9.0,Wish there were more cats available.
1832,117,12333,2024-05-13,7,6,8,8,7,7.0,Cat yoga was amazing!
1833,23,12336,2024-05-13,9,10,8,9,10,7.0,Wish there were more cats available.
1834,212,12340,2024-05-13,8,10,8,7,10,4.0,Perfect rainy day activity.
1835,196,12341,2024-05-13,4,3,6,8,3,7.0,
1836,50,12347,2024-05-13,8,8,10,7,8,9.0,Will definitely come back.
1837,114,12349,2024-05-14,8,8,9,6,7,5.0,
1838,129,12359,2024-05-14,5,4,6,8,5,8.0,Relaxing atmosphere.
1839,142,12367,2024-05-15,7,6,8,8,6,8.0,Best cat cafe in DC!
1840,213,12372,2024-05-15,5,5,9,9,6,7.0,
1841,161,12378,2024-05-15,8,8,8,8,9,6.0,Coffee was excellent.
1842,228,12388,2024-05-16,8,10,9,7,7,8.0,Loved the cats!
1843,29,12395,2024-05-16,5,6,7,9,4,6.0,Best cat cafe in DC!
1844,166,12426,2024-05-18,6,6,8,7,6,10.0,
1845,111,12429,2024-05-18,6,6,8,8,6,4.0,The waffles were delicious.
1846,19,12443,2024-05-19,9,8,8,8,9,8.0,Best cat cafe in DC!
1847,120,12450,2024-05-19,6,7,7,8,6,6.0,Loved the cats!
1848,91,12460,2024-05-20,8,6,7,7,9,7.0,
1849,242,12467,2024-05-20,7,7,6,8,7,8.0,Wish there were more cats available.
1850,183,12468,2024-05-20,8,10,10,9,9,8.0,Best cat cafe in DC!
1851,62,12473,2024-05-21,6,5,8,8,4,7.0,Coffee was excellent.
1852,104,12480,2024-05-21,6,6,9,9,8,7.0,The waffles were delicious.
1853,10,12481,2024-05-21,8,8,8,8,6,7.0,
1854,15,12493,2024-05-22,5,5,8,6,6,6.0,
1855,3,12497,2024-05-22,7,8,7,8,10,6.0,Cat yoga was amazing!
1856,73,12501,2024-05-22,9,9,6,9,10,8.0,The waffles were delicious.
1857,15,12515,2024-05-23,7,6,8,9,7,5.0,Best cat cafe in DC!
1858,241,12525,2024-05-24,8,7,7,8,10,6.0,Will definitely come back.
1859,100,12529,2024-05-24,6,6,7,7,6,9.0,My new favorite spot!
1860,78,12535,2024-05-24,5,5,9,9,7,8.0,
1861,73,12537,2024-05-24,9,9,8,7,9,8.0,Best cat cafe in DC!
1862,55,12542,2024-05-25,7,4,6,8,7,7.0,Coffee was excellent.
1863,248,12544,2024-05-25,7,7,8,8,8,9.0,Cat yoga was amazing!
1864,225,12546,2024-05-25,6,6,7,8,8,7.0,My new favorite spot!
1865,50,12555,2024-05-26,6,5,9,6,4,7.0,Best cat cafe in DC!
1866,123,12558,2024-05-26,9,8,7,9,9,6.0,A bit crowded today.
1867,232,12559,2024-05-26,4,4,7,8,5,7.0,
1868,77,12563,2024-05-26,6,6,9,7,7,8.0,My new favorite spot!
1869,237,12566,2024-05-26,7,7,9,8,7,6.0,Great experience!
1870,246,12582,2024-05-27,5,5,6,8,5,5.0,The staff was so helpful.
1871,42,12583,2024-05-27,8,7,8,7,8,7.0,Relaxing atmosphere.
1872,32,12585,2024-05-27,8,6,6,8,10,6.0,Loved the cats!
1873,73,12588,2024-05-27,9,10,7,7,10,7.0,Will definitely come back.
1874,61,12591,2024-05-28,7,8,7,7,8,8.0,Will definitely come back.
1875,210,12596,2024-05-28,4,5,7,6,6,7.0,Coffee was excellent.
1876,139,12602,2024-05-28,6,7,8,8,8,6.0,Coffee was excellent.
1877,175,12617,2024-05-29,6,5,8,8,7,6.0,The staff was so helpful.
1878,141,12620,2024-05-29,8,8,8,8,7,5.0,Best cat cafe in DC!
1879,229,12628,2024-05-30,7,7,8,10,8,7.0,
1880,25,12636,2024-05-30,8,9,8,6,9,7.0,Will definitely come back.
1881,151,12641,2024-05-31,9,9,8,7,9,6.0,The waffles were delicious.
1882,119,12649,2024-05-31,7,8,8,7,8,8.0,
1883,226,12659,2024-06-01,4,4,5,7,5,8.0,Perfect rainy day activity.
1884,224,12663,2024-06-01,9,9,7,8,7,7.0,
1885,17,12679,2024-06-02,8,8,7,8,8,7.0,My new favorite spot!
1886,130,12684,2024-06-02,6,7,9,8,7,8.0,My new favorite spot!
1887,19,12685,2024-06-02,6,5,8,8,6,8.0,
1888,193,12701,2024-06-03,9,9,7,7,10,7.0,My new favorite spot!
1889,91,12707,2024-06-03,7,8,7,7,8,8.0,
1890,235,12719,2024-06-04,7,6,7,7,6,7.0,A bit crowded today.
1891,91,12723,2024-06-04,9,8,9,8,8,8.0,
1892,5,12728,2024-06-05,4,4,10,8,3,9.0,My new favorite spot!
1893,171,12730,2024-06-05,7,7,7,8,8,7.0,The waffles were delicious.
1894,56,12741,2024-06-05,7,8,8,8,7,6.0,
1895,233,12749,2024-06-06,4,4,7,8,6,,Best cat cafe in DC!
1896,218,12765,2024-06-07,8,7,8,8,6,5.0,Great experience!
1898,136,12788,2024-06-08,5,7,8,7,6,7.0,
1900,10,12792,2024-06-08,6,6,6,9,6,7.0,
1901,217,12793,2024-06-08,7,5,8,8,8,7.0,Relaxing atmosphere.
1902,91,12795,2024-06-09,7,8,7,7,8,,
1904,182,12799,2024-06-09,9,8,10,6,9,7.0,Coffee was excellent.
1905,184,12802,2024-06-09,8,7,6,8,10,6.0,Coffee was excellent.
1906,39,12807,2024-06-09,8,9,8,7,8,8.0,The waffles were delicious.
1907,148,12818,2024-06-10,7,5,8,7,6,5.0,Relaxing atmosphere.
1908,176,12821,2024-06-10,9,10,10,8,9,8.0,Will definitely come back.
1909,224,12833,2024-06-11,8,8,8,8,9,,The staff was so helpful.
1910,142,12834,2024-06-11,7,7,7,8,6,6.0,The staff was so helpful.
1911,185,12863,2024-06-12,6,5,7,7,7,6.0,Would recommend to friends.
1912,152,12868,2024-06-13,9,10,8,7,9,7.0,A bit crowded today.
1913,108,12878,2024-06-13,7,7,8,7,6,7.0,
1914,230,12879,2024-06-13,9,8,5,9,10,7.0,
1915,68,12881,2024-06-14,7,6,9,8,7,8.0,The staff was so helpful.
1916,137,12897,2024-06-14,6,7,9,7,7,8.0,Perfect rainy day activity.
1917,41,12914,2024-06-15,6,5,7,7,6,6.0,Coffee was excellent.
1918,12,12916,2024-06-16,6,5,7,6,5,7.0,
1919,28,12918,2024-06-16,7,6,7,8,8,5.0,Coffee was excellent.
1920,79,12922,2024-06-16,6,6,7,7,6,,Loved the cats!
1921,210,12930,2024-06-16,7,6,8,7,6,7.0,My new favorite spot!
1922,213,12932,2024-06-16,6,6,8,7,7,6.0,Would recommend to friends.
1923,188,12935,2024-06-17,4,4,8,7,4,,Loved the cats!
1924,81,12940,2024-06-17,9,8,8,8,10,,Relaxing atmosphere.
1925,221,12944,2024-06-17,8,8,8,8,8,7.0,Cat yoga was amazing!
1926,136,12960,2024-06-18,8,7,8,8,9,7.0,
1927,134,12981,2024-06-19,9,8,8,7,9,6.0,
1928,77,12992,2024-06-20,7,8,7,8,8,8.0,
1929,243,13005,2024-06-21,7,7,7,8,9,9.0,Coffee was excellent.
1931,89,13009,2024-06-21,6,6,6,8,6,8.0,
1932,70,13022,2024-06-22,7,7,7,8,7,6.0,Will definitely come back.
1933,188,13028,2024-06-22,8,7,6,7,7,9.0,Loved the cats!
1934,213,13034,2024-06-22,8,9,8,7,9,6.0,Wish there were more cats available.
1935,14,13047,2024-06-23,8,7,8,8,7,8.0,Would recommend to friends.
1936,23,13052,2024-06-23,7,7,7,9,7,7.0,Cat yoga was amazing!
1937,56,13059,2024-06-24,7,6,7,8,4,9.0,
1938,32,13075,2024-06-25,7,7,6,8,8,7.0,Best cat cafe in DC!
1939,152,13077,2024-06-25,7,9,9,8,7,10.0,Perfect rainy day activity.
1940,89,13079,2024-06-25,7,7,8,7,8,5.0,
1941,227,13090,2024-06-26,8,8,6,8,8,8.0,
1942,145,13095,2024-06-26,9,9,8,6,10,5.0,
1943,180,13104,2024-06-27,6,7,6,7,8,7.0,
1944,70,13106,2024-06-27,9,8,8,8,10,9.0,
1945,165,13111,2024-06-27,7,7,8,9,7,6.0,My new favorite spot!
1946,90,13115,2024-06-27,6,6,7,9,6,7.0,
1947,38,13118,2024-06-27,7,6,8,7,8,4.0,Great experience!
1948,36,13135,2024-06-28,7,7,8,9,7,,
1949,14,13150,2024-06-29,6,6,7,7,7,8.0,Will definitely come back.
1950,84,13157,2024-06-30,5,6,8,9,6,8.0,
1951,94,13161,2024-06-30,7,6,6,6,7,8.0,
1952,183,13163,2024-06-30,6,6,8,8,5,6.0,Best cat cafe in DC!
1953,246,13184,2024-07-01,8,9,6,7,8,8.0,A bit crowded today.
1954,231,13187,2024-07-01,6,8,6,7,7,5.0,Will definitely come back.
1955,157,13198,2024-07-02,4,3,7,8,4,,
1956,92,13199,2024-07-02,6,7,8,8,4,7.0,Great experience!
1957,132,13217,2024-07-03,6,7,9,10,7,8.0,Cat yoga was amazing!
1958,93,13222,2024-07-03,6,7,8,7,8,8.0,Relaxing atmosphere.
1959,164,13236,2024-07-04,8,8,8,7,8,6.0,Coffee was excellent.
1960,234,13237,2024-07-04,6,5,8,9,7,9.0,
1961,175,13238,2024-07-04,6,7,6,8,7,6.0,Wish there were more cats available.
1962,23,13249,2024-07-05,8,8,8,8,7,7.0,Great experience!
1963,143,13260,2024-07-06,6,6,8,7,5,9.0,Cat yoga was amazing!
1964,138,13263,2024-07-06,7,5,6,7,6,7.0,
1965,186,13267,2024-07-06,7,7,9,8,7,7.0,
1966,186,13273,2024-07-06,7,7,8,7,6,6.0,Perfect rainy day activity.
1967,210,13279,2024-07-07,6,6,7,6,7,8.0,Perfect rainy day activity.
1968,101,13284,2024-07-07,8,7,8,8,10,,
1969,246,13286,2024-07-07,6,7,8,9,7,5.0,Would recommend to friends.
1970,235,13287,2024-07-07,6,6,8,8,6,7.0,
1971,96,13288,2024-07-07,7,7,6,8,8,7.0,My new favorite spot!
1972,193,13293,2024-07-08,7,7,8,7,8,6.0,Will definitely come back.
1973,78,13318,2024-07-09,4,4,6,7,5,7.0,
1974,235,13319,2024-07-09,8,8,8,8,7,8.0,Loved the cats!
1975,173,13321,2024-07-09,8,8,8,6,7,7.0,The staff was so helpful.
1976,40,13322,2024-07-09,7,7,8,8,6,3.0,The staff was so helpful.
1977,188,13334,2024-07-10,2,3,8,8,3,6.0,
1978,173,13339,2024-07-10,9,8,7,8,10,7.0,A bit crowded today.
1979,168,13353,2024-07-11,5,6,8,8,5,8.0,Cat yoga was amazing!
1980,201,13359,2024-07-11,6,7,7,7,7,7.0,Perfect rainy day activity.
1981,10,13361,2024-07-11,8,7,7,6,9,6.0,Would recommend to friends.
1982,188,13364,2024-07-12,7,7,8,6,7,7.0,
1983,65,13382,2024-07-13,6,6,6,7,7,8.0,A bit crowded today.
1984,99,13401,2024-07-14,7,4,9,7,6,6.0,Coffee was excellent.
1985,153,13411,2024-07-14,7,8,7,7,7,6.0,Great experience!
1986,151,13420,2024-07-15,8,9,7,7,9,8.0,Coffee was excellent.
1987,46,13429,2024-07-15,5,6,8,7,5,7.0,Best cat cafe in DC!
1988,207,13437,2024-07-16,7,6,7,8,9,7.0,
1989,215,13467,2024-07-18,5,6,8,6,5,7.0,Relaxing atmosphere.
1990,172,13475,2024-07-18,7,7,8,8,8,,Great experience!
1991,136,13487,2024-07-19,6,8,9,8,7,9.0,My new favorite spot!
1992,146,13492,2024-07-19,7,5,8,7,7,7.0,
1993,233,13495,2024-07-19,9,10,7,8,10,6.0,
1994,84,13507,2024-07-20,7,7,7,8,8,6.0,
1995,55,13509,2024-07-20,6,5,7,9,7,6.0,Will definitely come back.
1996,171,13513,2024-07-20,9,10,7,7,8,7.0,Cat yoga was amazing!
1997,72,13520,2024-07-21,6,7,8,9,7,4.0,Wish there were more cats available.
1998,97,13530,2024-07-21,7,6,8,8,8,7.0,Wish there were more cats available.
1999,170,13538,2024-07-22,8,8,8,7,7,8.0,Coffee was excellent.
2000,49,13541,2024-07-22,9,8,8,8,7,9.0,
2001,167,13545,2024-07-22,7,7,8,6,6,7.0,Would recommend to friends.
2002,94,13547,2024-07-22,6,7,7,9,7,8.0,Relaxing atmosphere.
2003,135,13563,2024-07-23,8,7,9,7,8,6.0,The waffles were delicious.
2004,238,13566,2024-07-23,7,9,9,8,8,,Loved the cats!
2005,14,13574,2024-07-24,6,6,8,8,7,8.0,
2006,71,13579,2024-07-24,5,5,9,8,5,7.0,Relaxing atmosphere.
2007,62,13605,2024-07-26,6,6,6,9,6,8.0,
2008,38,13612,2024-07-26,7,8,8,7,6,7.0,A bit crowded today.
2010,129,13635,2024-07-27,6,6,7,7,5,8.0,
2011,141,13638,2024-07-28,8,8,8,7,10,5.0,Wish there were more cats available.
2012,177,13641,2024-07-28,7,7,8,9,7,7.0,Best cat cafe in DC!
2013,36,13653,2024-07-28,6,6,8,8,7,9.0,Coffee was excellent.
2014,166,13654,2024-07-29,6,6,7,8,5,8.0,
2016,143,13708,2024-08-01,8,8,6,8,7,5.0,Perfect rainy day activity.
2017,218,13722,2024-08-01,7,6,7,7,9,5.0,
2018,229,13730,2024-08-02,6,6,7,6,7,6.0,Relaxing atmosphere.
2019,7,13733,2024-08-02,7,5,9,8,6,6.0,Loved the cats!
2020,75,13748,2024-08-03,7,7,8,8,7,6.0,
2021,78,13751,2024-08-03,6,6,8,8,7,7.0,Loved the cats!
2022,15,13752,2024-08-03,5,5,8,8,6,6.0,Loved the cats!
2023,134,13760,2024-08-04,9,7,8,7,9,7.0,Coffee was excellent.
2025,150,13777,2024-08-05,8,8,8,6,8,7.0,
2026,220,13794,2024-08-06,8,8,6,7,9,4.0,Best cat cafe in DC!
2027,131,13805,2024-08-06,5,6,9,9,6,7.0,
2028,60,13813,2024-08-07,6,6,8,7,7,7.0,A bit crowded today.
2029,236,13820,2024-08-07,6,7,8,7,6,7.0,Would recommend to friends.
2030,13,13821,2024-08-07,6,5,9,7,8,7.0,A bit crowded today.
2031,198,13834,2024-08-08,6,7,7,8,5,8.0,
2032,33,13836,2024-08-08,8,8,9,8,8,5.0,Coffee was excellent.
2033,114,13840,2024-08-08,7,6,7,8,8,8.0,
2034,181,13842,2024-08-08,9,7,9,9,8,6.0,Perfect rainy day activity.
2035,44,13862,2024-08-10,7,6,9,9,8,,
2036,211,13865,2024-08-10,8,7,8,8,9,6.0,A bit crowded today.
2037,151,13875,2024-08-10,7,7,5,8,6,5.0,
2038,122,13886,2024-08-11,5,5,8,7,5,6.0,Perfect rainy day activity.
2039,113,13895,2024-08-12,5,6,8,7,6,7.0,Loved the cats!
2040,91,13896,2024-08-12,7,6,9,8,8,7.0,
2041,81,13902,2024-08-12,8,8,6,6,10,7.0,The waffles were delicious.
2042,202,13912,2024-08-13,6,7,8,9,8,5.0,My new favorite spot!
2043,8,13922,2024-08-13,10,9,7,8,9,5.0,Best cat cafe in DC!
2044,95,13924,2024-08-13,7,6,9,8,8,7.0,Would recommend to friends.
2045,220,13935,2024-08-14,7,8,9,7,8,8.0,
2046,10,13938,2024-08-14,8,8,7,9,9,7.0,Great experience!
2047,217,13939,2024-08-14,10,9,8,7,10,6.0,Wish there were more cats available.
2048,180,13943,2024-08-14,5,7,8,7,6,6.0,
2049,211,13945,2024-08-14,6,7,9,8,6,6.0,
2050,233,13948,2024-08-15,6,6,7,8,5,8.0,My new favorite spot!
2051,86,13951,2024-08-15,7,8,7,8,8,7.0,Loved the cats!
2052,164,13953,2024-08-15,8,9,7,8,9,8.0,Loved the cats!
2053,125,13960,2024-08-15,5,5,10,8,8,6.0,Loved the cats!
2054,185,13973,2024-08-16,6,6,7,8,8,9.0,
2055,132,13977,2024-08-16,6,7,7,10,6,6.0,Loved the cats!
2056,124,13980,2024-08-17,6,6,7,6,7,8.0,Loved the cats!
2057,149,13988,2024-08-17,5,6,8,8,7,8.0,
2058,221,13990,2024-08-17,9,8,9,7,10,5.0,
2059,171,13991,2024-08-17,3,3,7,8,4,5.0,Wish there were more cats available.
2060,236,13997,2024-08-18,9,7,8,8,8,8.0,Will definitely come back.
2061,215,13999,2024-08-18,7,6,9,7,7,6.0,Relaxing atmosphere.
2062,4,14000,2024-08-18,7,7,8,7,7,8.0,The waffles were delicious.
2063,99,14018,2024-08-19,9,9,8,8,8,7.0,A bit crowded today.
2064,191,14022,2024-08-19,9,10,9,8,9,8.0,
2065,65,14024,2024-08-19,8,9,7,7,9,8.0,Will definitely come back.
2066,92,14025,2024-08-19,7,8,7,7,7,8.0,
2067,146,14027,2024-08-19,5,4,7,8,7,6.0,Cat yoga was amazing!
2068,59,14028,2024-08-19,4,3,7,7,4,8.0,My new favorite spot!
2069,134,14034,2024-08-20,6,5,9,7,7,9.0,The staff was so helpful.
2071,223,14046,2024-08-20,8,8,9,7,9,9.0,My new favorite spot!
2072,212,14050,2024-08-21,5,4,6,9,6,7.0,Would recommend to friends.
2073,171,14056,2024-08-21,6,6,7,6,6,6.0,Relaxing atmosphere.
2074,29,14059,2024-08-21,6,6,7,7,6,7.0,Coffee was excellent.
2075,37,14094,2024-08-23,6,6,8,8,8,6.0,
2076,2,14102,2024-08-24,8,9,7,6,9,5.0,Coffee was excellent.
2077,90,14107,2024-08-24,6,7,8,7,7,7.0,A bit crowded today.
2078,172,14116,2024-08-24,5,4,8,9,5,8.0,Great experience!
2079,87,14120,2024-08-25,5,5,9,8,4,6.0,
2080,204,14136,2024-08-26,7,7,8,8,6,6.0,
2081,136,14137,2024-08-26,5,5,7,8,8,7.0,Cat yoga was amazing!
2083,97,14141,2024-08-26,6,7,7,8,7,6.0,Perfect rainy day activity.
2084,53,14151,2024-08-26,4,5,7,7,5,7.0,
2085,218,14157,2024-08-27,6,5,6,7,5,7.0,
2086,244,14159,2024-08-27,10,10,7,8,9,7.0,
2087,213,14170,2024-08-28,7,6,6,8,9,7.0,Cat yoga was amazing!
2088,189,14175,2024-08-28,9,9,6,7,7,6.0,The staff was so helpful.
2089,150,14176,2024-08-28,8,10,8,7,10,7.0,Cat yoga was amazing!
2090,225,14177,2024-08-28,8,5,7,7,7,7.0,
2091,32,14178,2024-08-28,6,5,7,8,7,6.0,Cat yoga was amazing!
2092,74,14183,2024-08-28,9,10,8,7,9,,My new favorite spot!
2094,104,14186,2024-08-29,8,9,7,8,7,8.0,Cat yoga was amazing!
2095,46,14187,2024-08-29,5,5,6,8,5,5.0,
2096,171,14188,2024-08-29,6,6,7,8,4,,
2097,150,14189,2024-08-29,10,10,8,8,10,7.0,
2098,123,14204,2024-08-30,10,9,6,7,10,6.0,Will definitely come back.
2099,183,14210,2024-08-30,6,4,5,8,7,7.0,Wish there were more cats available.
2100,219,14222,2024-08-31,9,9,8,8,10,7.0,Great experience!
2101,49,14224,2024-08-31,5,7,8,7,5,8.0,
2102,122,14241,2024-09-01,8,10,8,8,8,,Would recommend to friends.
2103,185,14245,2024-09-01,5,4,7,7,4,6.0,A bit crowded today.
2104,145,14252,2024-09-01,9,10,8,8,10,,
2105,249,14256,2024-09-02,5,4,8,7,4,7.0,My new favorite spot!
2106,115,14257,2024-09-02,6,6,7,8,6,7.0,Coffee was excellent.
2107,78,14259,2024-09-02,7,7,9,8,8,8.0,
2108,205,14261,2024-09-02,8,8,7,9,8,7.0,Would recommend to friends.
2109,221,14266,2024-09-02,5,5,5,6,4,8.0,Best cat cafe in DC!
2110,115,14275,2024-09-03,7,8,9,7,8,8.0,Cat yoga was amazing!
2111,20,14278,2024-09-03,8,7,7,8,7,8.0,
2112,199,14294,2024-09-04,9,9,8,9,9,5.0,Would recommend to friends.
2113,144,14308,2024-09-05,6,7,9,7,6,6.0,Coffee was excellent.
2114,157,14323,2024-09-06,8,8,7,8,8,8.0,Will definitely come back.
2115,127,14330,2024-09-06,6,6,8,6,6,6.0,
2116,197,14336,2024-09-06,9,8,6,9,10,4.0,The staff was so helpful.
2117,40,14342,2024-09-07,4,4,7,6,4,6.0,My new favorite spot!
2118,128,14343,2024-09-07,6,7,8,7,6,8.0,
2119,169,14349,2024-09-07,9,10,8,8,10,8.0,
2120,247,14355,2024-09-07,4,5,8,7,7,6.0,Best cat cafe in DC!
2121,73,14358,2024-09-08,9,8,9,7,8,6.0,
2123,7,14370,2024-09-08,7,8,10,8,8,,
2124,183,14374,2024-09-08,9,7,8,7,7,7.0,My new favorite spot!
2125,114,14377,2024-09-09,7,7,6,9,9,6.0,Best cat cafe in DC!
2126,85,14388,2024-09-09,7,7,9,8,9,6.0,The waffles were delicious.
2127,161,14390,2024-09-09,7,8,7,8,9,8.0,Perfect rainy day activity.
2128,17,14391,2024-09-09,6,7,9,8,7,8.0,The waffles were delicious.
2129,90,14392,2024-09-10,6,8,6,7,7,6.0,
2130,145,14405,2024-09-10,7,8,6,9,8,8.0,The waffles were delicious.
2131,244,14406,2024-09-10,7,8,7,9,9,,
2132,154,14412,2024-09-11,8,8,9,7,7,7.0,Loved the cats!
2133,153,14414,2024-09-11,4,4,8,10,4,,A bit crowded today.
2135,122,14416,2024-09-11,7,7,7,9,8,9.0,
2136,144,14419,2024-09-11,7,5,7,7,7,8.0,My new favorite spot!
2137,6,14423,2024-09-11,4,4,6,8,6,7.0,
2138,109,14426,2024-09-12,8,8,8,8,9,6.0,My new favorite spot!
2139,208,14431,2024-09-12,8,8,7,8,8,5.0,The waffles were delicious.
2140,71,14434,2024-09-12,8,8,8,7,8,6.0,Will definitely come back.
2141,18,14436,2024-09-12,5,6,7,9,6,7.0,Loved the cats!
2142,207,14439,2024-09-12,8,9,6,7,10,7.0,My new favorite spot!
2143,149,14464,2024-09-14,8,8,7,8,6,8.0,Perfect rainy day activity.
2144,15,14465,2024-09-14,5,5,7,7,6,6.0,Great experience!
2145,192,14471,2024-09-14,8,8,8,7,6,8.0,Loved the cats!
2146,86,14473,2024-09-14,7,5,9,8,8,8.0,Perfect rainy day activity.
2147,65,14478,2024-09-15,8,8,8,9,8,6.0,
2148,38,14486,2024-09-15,6,5,7,7,6,8.0,
2149,205,14487,2024-09-15,8,8,7,6,8,9.0,
2150,141,14492,2024-09-15,6,5,8,8,6,7.0,
2151,28,14496,2024-09-16,8,7,7,8,7,7.0,
2152,80,14497,2024-09-16,7,7,7,8,6,7.0,
2153,137,14500,2024-09-16,6,8,9,9,7,7.0,Would recommend to friends.
2154,31,14501,2024-09-16,8,9,8,6,9,5.0,The waffles were delicious.
2155,209,14510,2024-09-16,6,6,6,7,8,9.0,A bit crowded today.
2157,196,14531,2024-09-18,6,6,8,8,5,6.0,The waffles were delicious.
2158,129,14536,2024-09-18,9,9,9,8,9,7.0,Will definitely come back.
2159,185,14551,2024-09-19,8,8,7,6,9,7.0,Relaxing atmosphere.
2160,18,14572,2024-09-20,5,5,7,8,8,7.0,Great experience!
2161,53,14574,2024-09-20,10,9,8,9,10,5.0,Best cat cafe in DC!
2162,183,14575,2024-09-20,8,7,10,7,10,7.0,
2163,116,14584,2024-09-21,6,5,7,7,6,7.0,The staff was so helpful.
2164,40,14588,2024-09-21,6,5,7,8,6,4.0,Cat yoga was amazing!
2165,99,14590,2024-09-21,7,8,8,8,7,7.0,
2166,146,14595,2024-09-21,5,5,6,8,5,8.0,
2167,61,14596,2024-09-21,6,6,7,8,5,10.0,
2168,156,14598,2024-09-22,8,8,9,8,5,7.0,Will definitely come back.
2169,11,14600,2024-09-22,6,8,7,7,8,7.0,
2170,36,14606,2024-09-22,7,5,8,8,7,7.0,My new favorite spot!
2171,75,14614,2024-09-22,6,8,8,8,8,6.0,
2172,172,14640,2024-09-24,8,8,6,8,7,5.0,
2173,38,14646,2024-09-24,5,7,6,8,8,8.0,
2174,170,14651,2024-09-25,6,4,7,9,5,9.0,
2093,77,14185,2024-08-28,6,6,7,8,7,6.0,
2175,143,14652,2024-09-25,5,8,7,6,7,7.0,Would recommend to friends.
2176,32,14655,2024-09-25,8,9,7,7,10,7.0,
2177,207,14656,2024-09-25,6,6,8,9,4,6.0,Wish there were more cats available.
2178,92,14660,2024-09-25,6,6,8,8,8,7.0,
2179,207,14663,2024-09-25,8,9,7,9,8,6.0,Best cat cafe in DC!
2180,50,14668,2024-09-26,6,7,7,7,6,6.0,A bit crowded today.
2181,136,14677,2024-09-26,6,6,6,8,6,6.0,
2183,240,14682,2024-09-26,9,7,8,9,8,8.0,Perfect rainy day activity.
2184,215,14700,2024-09-27,8,7,8,8,8,6.0,
2185,153,14706,2024-09-28,8,6,7,6,8,7.0,
2186,223,14714,2024-09-28,5,5,7,9,5,7.0,Will definitely come back.
2187,137,14720,2024-09-29,5,6,6,8,6,6.0,
2188,232,14721,2024-09-29,5,6,9,8,6,9.0,
2189,91,14731,2024-09-29,7,9,9,10,9,7.0,Cat yoga was amazing!
2190,209,14732,2024-09-29,6,5,6,8,6,7.0,Cat yoga was amazing!
2191,240,14740,2024-09-30,6,8,7,7,5,5.0,Relaxing atmosphere.
2192,49,14742,2024-09-30,5,5,8,8,6,,Cat yoga was amazing!
2193,106,14747,2024-09-30,3,2,7,7,3,8.0,Loved the cats!
2194,74,14748,2024-09-30,7,6,8,8,8,8.0,
2195,69,14752,2024-09-30,8,8,8,8,8,6.0,Cat yoga was amazing!
2196,181,14762,2024-10-01,4,5,8,7,4,8.0,Perfect rainy day activity.
2197,228,14771,2024-10-02,6,6,9,8,7,6.0,Coffee was excellent.
2198,160,14779,2024-10-02,7,7,9,7,8,7.0,Great experience!
2199,106,14782,2024-10-02,6,5,7,7,6,6.0,Will definitely come back.
2200,241,14788,2024-10-03,6,6,8,7,8,9.0,Loved the cats!
2201,241,14793,2024-10-03,6,6,8,9,4,7.0,
2202,243,14801,2024-10-03,7,7,10,7,8,7.0,
2203,133,14809,2024-10-04,7,6,7,8,7,7.0,
2204,123,14810,2024-10-04,6,7,6,7,9,5.0,Great experience!
2205,132,14812,2024-10-04,8,8,8,8,8,5.0,
2206,2,14819,2024-10-04,6,7,7,9,7,6.0,The waffles were delicious.
2207,211,14829,2024-10-05,5,5,7,8,5,9.0,Wish there were more cats available.
2208,203,14842,2024-10-06,4,5,8,8,5,6.0,Coffee was excellent.
2209,204,14858,2024-10-07,8,10,8,8,9,7.0,My new favorite spot!
2210,72,14862,2024-10-07,9,9,10,6,10,7.0,
2211,28,14867,2024-10-07,6,5,9,8,8,7.0,A bit crowded today.
2214,10,14876,2024-10-08,5,5,9,7,5,6.0,
2215,204,14877,2024-10-08,6,5,8,6,7,5.0,
2216,227,14880,2024-10-08,8,8,7,7,6,8.0,The waffles were delicious.
2217,211,14883,2024-10-08,6,5,6,8,6,7.0,
2218,100,14884,2024-10-08,7,7,6,9,7,9.0,
2219,194,14885,2024-10-08,5,5,8,7,3,8.0,Perfect rainy day activity.
2220,223,14887,2024-10-08,6,7,5,7,6,6.0,Best cat cafe in DC!
2221,119,14891,2024-10-09,7,6,6,8,9,8.0,
2222,210,14907,2024-10-10,5,6,10,7,4,8.0,Wish there were more cats available.
2223,155,14911,2024-10-10,7,7,9,9,6,,My new favorite spot!
2224,110,14913,2024-10-10,8,9,6,8,6,6.0,
2225,55,14916,2024-10-10,9,7,7,7,10,8.0,Cat yoga was amazing!
2226,229,14920,2024-10-10,9,8,8,8,9,8.0,Loved the cats!
2227,193,14923,2024-10-10,5,5,8,7,5,8.0,Would recommend to friends.
2228,51,14928,2024-10-11,7,7,10,8,9,6.0,
2229,194,14937,2024-10-11,7,7,8,9,7,8.0,The staff was so helpful.
2230,122,14944,2024-10-12,8,10,8,7,10,7.0,
2232,230,14953,2024-10-12,5,4,8,8,4,8.0,My new favorite spot!
2233,68,14970,2024-10-13,8,8,7,6,10,9.0,
2234,146,14972,2024-10-13,6,5,6,8,8,,The waffles were delicious.
2235,122,14980,2024-10-14,5,6,8,7,4,6.0,
2236,201,14982,2024-10-14,4,5,9,8,7,6.0,The waffles were delicious.
2237,190,14983,2024-10-14,7,8,8,7,7,7.0,Best cat cafe in DC!
2238,96,14986,2024-10-14,10,9,8,8,9,6.0,Cat yoga was amazing!
2239,182,14992,2024-10-14,5,4,8,9,6,,The waffles were delicious.
2240,3,14997,2024-10-15,4,5,5,7,5,8.0,
2241,95,14998,2024-10-15,8,9,7,7,8,6.0,Relaxing atmosphere.
2242,20,14999,2024-10-15,5,5,8,8,6,7.0,The waffles were delicious.
2243,31,15004,2024-10-15,4,6,7,8,5,6.0,
2244,68,15008,2024-10-15,6,6,9,7,5,6.0,
2245,238,15010,2024-10-16,4,4,6,7,3,6.0,Cat yoga was amazing!
2246,209,15024,2024-10-16,4,3,8,8,5,6.0,
2247,202,15028,2024-10-17,6,6,7,6,6,8.0,
2248,248,15030,2024-10-17,6,6,8,9,6,8.0,Best cat cafe in DC!
2249,167,15039,2024-10-17,6,6,7,7,8,7.0,
2250,32,15041,2024-10-17,7,4,8,8,7,7.0,Coffee was excellent.
2251,182,15050,2024-10-18,6,7,7,8,7,6.0,
2252,65,15051,2024-10-18,5,4,7,9,4,7.0,Great experience!
2253,8,15059,2024-10-18,7,8,7,8,8,8.0,Cat yoga was amazing!
2254,83,15077,2024-10-19,6,6,7,8,9,4.0,
2255,116,15092,2024-10-20,7,6,9,7,8,6.0,
2256,89,15094,2024-10-20,7,9,7,8,9,8.0,Coffee was excellent.
2257,128,15109,2024-10-21,6,8,7,8,9,7.0,Best cat cafe in DC!
2258,222,15122,2024-10-22,6,5,8,8,5,8.0,
2259,127,15125,2024-10-22,5,4,7,8,6,7.0,
2260,108,15127,2024-10-22,3,5,7,7,4,,
2261,244,15139,2024-10-23,5,6,8,8,8,6.0,A bit crowded today.
2262,146,15148,2024-10-24,7,7,9,8,6,6.0,My new favorite spot!
2263,224,15150,2024-10-24,6,7,6,8,7,6.0,
2264,59,15151,2024-10-24,6,4,7,6,8,6.0,Relaxing atmosphere.
2265,122,15165,2024-10-25,9,9,8,7,9,8.0,A bit crowded today.
2266,241,15169,2024-10-25,7,7,7,7,8,7.0,Coffee was excellent.
2182,142,14678,2024-09-26,9,9,6,8,10,8.0,
2267,155,15183,2024-10-26,7,7,7,7,7,7.0,Perfect rainy day activity.
2269,139,15202,2024-10-27,9,10,8,7,10,7.0,
2270,118,15207,2024-10-27,5,3,8,8,3,5.0,A bit crowded today.
2271,111,15221,2024-10-28,7,6,8,7,7,,Coffee was excellent.
2272,94,15223,2024-10-28,7,8,7,7,6,6.0,
2273,216,15243,2024-10-29,7,8,8,8,8,6.0,Would recommend to friends.
2274,166,15250,2024-10-29,7,5,6,8,7,8.0,
2275,208,15267,2024-10-30,5,6,7,8,8,7.0,The staff was so helpful.
2276,95,15273,2024-10-31,6,7,8,7,6,6.0,The staff was so helpful.
2277,60,15275,2024-10-31,7,7,8,8,9,6.0,Cat yoga was amazing!
2278,108,15310,2024-11-02,5,6,9,6,7,8.0,The staff was so helpful.
2279,3,15311,2024-11-02,10,9,7,8,7,7.0,A bit crowded today.
2280,91,15312,2024-11-02,4,3,9,8,4,,Wish there were more cats available.
2281,32,15317,2024-11-02,8,7,7,8,9,7.0,
2282,201,15332,2024-11-03,9,8,8,6,9,8.0,Cat yoga was amazing!
2283,1,15335,2024-11-03,3,2,9,7,4,8.0,Cat yoga was amazing!
2284,32,15341,2024-11-04,8,8,8,7,10,6.0,
2285,205,15353,2024-11-04,7,8,7,7,8,7.0,Perfect rainy day activity.
2286,43,15363,2024-11-05,8,8,7,8,9,6.0,Best cat cafe in DC!
2287,111,15381,2024-11-06,5,4,8,6,5,6.0,A bit crowded today.
2288,248,15394,2024-11-07,5,5,6,8,7,6.0,Will definitely come back.
2289,157,15397,2024-11-07,7,8,8,7,7,6.0,Best cat cafe in DC!
2290,212,15398,2024-11-07,6,6,7,8,7,8.0,
2291,245,15402,2024-11-07,7,8,7,8,8,7.0,Relaxing atmosphere.
2292,224,15409,2024-11-08,5,6,8,6,4,6.0,Perfect rainy day activity.
2293,34,15411,2024-11-08,5,4,8,7,3,,
2294,133,15434,2024-11-09,3,5,8,8,3,6.0,
2295,202,15439,2024-11-09,8,10,9,8,8,6.0,Wish there were more cats available.
2296,99,15449,2024-11-10,6,4,5,7,4,7.0,
2297,121,15460,2024-11-11,6,5,9,7,5,6.0,Relaxing atmosphere.
2298,217,15461,2024-11-11,9,7,6,7,10,6.0,
2299,183,15468,2024-11-11,4,4,6,8,4,7.0,
2300,14,15472,2024-11-11,7,7,8,6,9,5.0,
2301,82,15486,2024-11-12,6,7,7,7,7,7.0,A bit crowded today.
2302,5,15487,2024-11-12,9,9,6,6,8,9.0,
2303,233,15493,2024-11-13,7,8,8,8,7,9.0,Wish there were more cats available.
2304,51,15496,2024-11-13,8,7,7,8,8,6.0,A bit crowded today.
2305,152,15498,2024-11-13,6,6,8,7,5,6.0,Great experience!
2306,159,15499,2024-11-13,7,10,8,6,10,8.0,
2307,23,15500,2024-11-13,8,8,6,7,9,6.0,Relaxing atmosphere.
2308,240,15501,2024-11-13,6,6,7,8,6,,Coffee was excellent.
2309,6,15507,2024-11-13,5,7,8,8,6,6.0,My new favorite spot!
2310,55,15514,2024-11-14,8,9,7,9,9,7.0,Relaxing atmosphere.
2311,206,15540,2024-11-15,9,10,9,8,10,8.0,Loved the cats!
2312,139,15541,2024-11-15,6,8,6,7,7,6.0,Perfect rainy day activity.
2313,171,15545,2024-11-16,6,7,9,8,8,9.0,A bit crowded today.
2314,83,15547,2024-11-16,5,4,7,8,3,6.0,Cat yoga was amazing!
2315,136,15549,2024-11-16,7,6,9,8,6,7.0,
2316,231,15556,2024-11-16,8,8,7,8,9,7.0,
2317,72,15558,2024-11-16,8,8,5,8,8,6.0,
2318,115,15562,2024-11-17,6,6,7,7,7,8.0,A bit crowded today.
2319,158,15580,2024-11-18,7,7,6,8,8,10.0,Wish there were more cats available.
2320,166,15581,2024-11-18,5,5,6,7,5,6.0,Perfect rainy day activity.
2321,192,15588,2024-11-18,5,7,8,7,8,8.0,
2322,76,15590,2024-11-18,8,6,7,7,7,8.0,
2323,30,15601,2024-11-19,5,6,7,7,7,7.0,
2324,208,15605,2024-11-19,10,10,7,6,10,7.0,Wish there were more cats available.
2325,85,15607,2024-11-19,5,7,6,7,6,7.0,The staff was so helpful.
2326,68,15614,2024-11-20,7,7,9,7,10,7.0,My new favorite spot!
2327,36,15623,2024-11-20,7,6,8,9,9,8.0,Coffee was excellent.
2328,238,15628,2024-11-21,6,6,10,7,6,8.0,
2329,13,15633,2024-11-21,8,10,9,8,10,6.0,
2330,99,15643,2024-11-21,3,3,6,9,4,6.0,A bit crowded today.
2331,181,15648,2024-11-22,6,4,7,9,5,7.0,
2332,206,15652,2024-11-22,3,4,9,6,5,9.0,
2333,210,15655,2024-11-22,5,7,7,6,5,7.0,My new favorite spot!
2335,121,15676,2024-11-23,6,5,8,7,7,9.0,Best cat cafe in DC!
2336,150,15677,2024-11-23,7,6,9,7,8,9.0,The waffles were delicious.
2337,173,15680,2024-11-24,7,7,9,8,5,7.0,The staff was so helpful.
2338,203,15682,2024-11-24,6,5,8,7,7,9.0,Coffee was excellent.
2339,184,15683,2024-11-24,8,9,5,9,8,7.0,
2340,6,15685,2024-11-24,2,3,8,7,4,8.0,
2341,108,15695,2024-11-24,9,9,7,8,9,7.0,
2342,31,15700,2024-11-25,8,7,10,8,9,7.0,A bit crowded today.
2343,51,15706,2024-11-25,7,8,7,9,7,7.0,The staff was so helpful.
2344,19,15721,2024-11-26,7,8,7,7,7,7.0,Wish there were more cats available.
2345,83,15729,2024-11-26,5,5,8,8,7,7.0,The staff was so helpful.
2346,158,15733,2024-11-27,5,4,7,7,5,5.0,A bit crowded today.
2347,149,15748,2024-11-27,3,4,7,7,4,10.0,
2348,205,15751,2024-11-28,6,5,7,7,6,8.0,Cat yoga was amazing!
2349,219,15756,2024-11-28,10,9,6,7,10,7.0,The staff was so helpful.
2350,90,15766,2024-11-29,3,4,7,8,5,8.0,
2351,131,15771,2024-11-29,8,9,7,9,8,8.0,
2352,128,15784,2024-11-30,4,4,9,7,6,6.0,Will definitely come back.
2353,183,15791,2024-11-30,9,8,9,8,8,,
2354,117,15800,2024-12-01,8,10,9,6,9,8.0,Coffee was excellent.
2355,87,15801,2024-12-01,7,7,7,8,7,7.0,My new favorite spot!
2356,199,15813,2024-12-01,7,8,6,7,10,5.0,
2357,221,15814,2024-12-01,7,8,8,7,6,6.0,Loved the cats!
2358,181,15815,2024-12-01,9,8,7,7,10,8.0,
2359,247,15843,2024-12-03,7,8,8,8,7,7.0,Loved the cats!
2360,191,15849,2024-12-03,7,6,8,8,6,6.0,
2361,66,15885,2024-12-05,5,5,7,8,6,7.0,Loved the cats!
2362,205,15886,2024-12-06,7,7,8,9,6,8.0,A bit crowded today.
2363,143,15892,2024-12-06,9,7,6,7,8,8.0,
2365,197,15903,2024-12-07,6,5,7,7,7,8.0,Wish there were more cats available.
2366,107,15905,2024-12-07,8,9,9,9,8,8.0,My new favorite spot!
2367,217,15913,2024-12-07,7,7,6,8,7,10.0,
2368,41,15918,2024-12-07,5,5,8,8,7,6.0,Relaxing atmosphere.
2369,142,15933,2024-12-08,7,6,7,7,7,8.0,Wish there were more cats available.
2370,125,15935,2024-12-08,4,3,8,7,4,6.0,Wish there were more cats available.
2371,236,15937,2024-12-09,6,5,8,7,7,6.0,
2372,174,15948,2024-12-09,6,6,6,9,8,,My new favorite spot!
2373,201,15955,2024-12-10,6,6,9,7,6,7.0,Would recommend to friends.
2374,148,15956,2024-12-10,9,9,9,9,8,7.0,
2375,179,15963,2024-12-10,7,7,7,9,7,,
2376,11,15964,2024-12-10,7,7,8,8,6,6.0,
2377,14,15971,2024-12-10,10,9,9,7,10,6.0,
2378,196,15973,2024-12-11,7,7,6,10,7,,Will definitely come back.
2379,238,15978,2024-12-11,5,4,7,8,3,8.0,
2380,91,15981,2024-12-11,10,9,10,7,7,9.0,Wish there were more cats available.
2381,85,15982,2024-12-11,6,7,8,7,5,9.0,
2382,121,15987,2024-12-11,6,5,7,9,6,8.0,Would recommend to friends.
2383,185,15990,2024-12-12,8,9,7,8,10,5.0,
2384,202,16005,2024-12-12,9,8,7,8,8,6.0,
2385,213,16006,2024-12-13,7,7,7,8,10,7.0,Cat yoga was amazing!
2386,228,16011,2024-12-13,8,8,6,9,10,9.0,
2387,26,16013,2024-12-13,8,7,8,8,7,,Cat yoga was amazing!
2388,87,16017,2024-12-13,9,9,9,9,9,6.0,Best cat cafe in DC!
2389,82,16019,2024-12-13,8,7,6,7,7,9.0,Wish there were more cats available.
2390,229,16025,2024-12-14,8,7,6,7,7,8.0,Would recommend to friends.
2391,60,16031,2024-12-14,7,7,7,7,6,8.0,Great experience!
2392,161,16038,2024-12-14,7,6,7,7,7,6.0,Will definitely come back.
2393,226,16039,2024-12-14,6,6,8,8,7,5.0,Wish there were more cats available.
2395,247,16048,2024-12-15,8,7,6,6,8,8.0,Would recommend to friends.
2396,160,16071,2024-12-16,6,5,8,7,8,5.0,
2397,41,16075,2024-12-17,6,6,7,8,7,7.0,Coffee was excellent.
2398,70,16084,2024-12-17,8,9,8,7,8,,Wish there were more cats available.
2399,244,16087,2024-12-17,4,5,6,7,5,,The waffles were delicious.
2400,78,16100,2024-12-18,8,7,8,8,8,9.0,Would recommend to friends.
2401,209,16109,2024-12-19,6,5,6,9,5,7.0,Loved the cats!
2402,150,16129,2024-12-20,6,7,6,7,6,6.0,The staff was so helpful.
2403,110,16130,2024-12-20,6,6,8,8,5,7.0,Coffee was excellent.
2404,10,16131,2024-12-20,6,4,8,7,5,,Best cat cafe in DC!
2405,126,16136,2024-12-20,5,6,8,8,6,6.0,Will definitely come back.
2406,57,16138,2024-12-20,8,7,7,7,7,7.0,Perfect rainy day activity.
2407,231,16144,2024-12-21,6,6,8,7,5,7.0,Loved the cats!
2408,184,16158,2024-12-21,6,6,8,9,6,7.0,Would recommend to friends.
2409,99,16167,2024-12-22,4,5,7,8,5,7.0,
2411,152,16175,2024-12-22,6,8,6,8,9,6.0,My new favorite spot!
2412,202,16179,2024-12-23,5,6,9,7,6,8.0,
2413,232,16184,2024-12-23,6,6,6,6,7,8.0,Would recommend to friends.
2414,66,16191,2024-12-23,6,7,8,8,6,5.0,Coffee was excellent.
2415,183,16209,2024-12-24,6,7,6,9,7,7.0,Great experience!
2416,132,16210,2024-12-24,9,10,9,8,9,,Best cat cafe in DC!
2417,115,16229,2024-12-26,10,10,7,8,10,5.0,Great experience!
2418,175,16244,2024-12-26,9,9,7,7,9,7.0,Great experience!
2419,100,16249,2024-12-27,7,8,8,6,8,7.0,My new favorite spot!
2420,107,16250,2024-12-27,6,4,7,10,6,8.0,
2421,155,16252,2024-12-27,8,7,7,7,9,8.0,Wish there were more cats available.
2422,120,16259,2024-12-27,8,7,8,9,8,6.0,The waffles were delicious.
2423,18,16263,2024-12-27,6,7,7,6,6,6.0,Great experience!
2424,23,16266,2024-12-28,10,10,8,7,10,6.0,The staff was so helpful.
2425,49,16271,2024-12-28,10,10,8,10,9,7.0,
2426,61,16279,2024-12-28,9,9,7,8,9,7.0,
2427,4,16280,2024-12-28,8,9,9,8,7,7.0,
2428,44,16289,2024-12-29,5,6,6,8,7,8.0,
2429,161,16293,2024-12-29,5,5,8,9,6,6.0,Best cat cafe in DC!
2430,198,16306,2024-12-30,6,6,10,8,7,8.0,Coffee was excellent.
2431,240,16311,2024-12-30,5,5,7,7,9,9.0,Loved the cats!
2432,132,16312,2024-12-30,9,9,8,9,10,6.0,Wish there were more cats available.
2433,147,16320,2024-12-31,5,4,8,7,4,6.0,Coffee was excellent.
2434,214,16326,2024-12-31,5,4,8,8,6,8.0,A bit crowded today.
2435,244,16328,2024-12-31,7,8,9,8,9,7.0,My new favorite spot!
2436,95,16333,2025-01-01,6,7,7,8,5,6.0,My new favorite spot!
2437,98,16338,2025-01-01,8,9,8,7,8,,Loved the cats!
2438,222,16344,2025-01-01,8,8,6,7,8,6.0,Coffee was excellent.
2439,163,16348,2025-01-01,4,2,8,7,3,6.0,Coffee was excellent.
2440,67,16357,2025-01-02,5,6,7,8,5,8.0,
2441,67,16364,2025-01-02,7,8,7,9,8,9.0,My new favorite spot!
2442,51,16366,2025-01-02,8,8,7,8,10,6.0,
2443,14,16369,2025-01-03,5,3,7,7,4,5.0,Wish there were more cats available.
2444,69,16371,2025-01-03,6,7,7,8,8,7.0,
2445,46,16375,2025-01-03,6,5,9,7,7,6.0,Coffee was excellent.
2446,141,16381,2025-01-03,7,9,9,8,9,8.0,Will definitely come back.
2447,123,16382,2025-01-03,8,9,8,7,9,6.0,A bit crowded today.
2448,14,16383,2025-01-03,5,6,7,8,8,7.0,The staff was so helpful.
2449,89,16392,2025-01-04,6,4,7,7,6,,
2450,43,16399,2025-01-04,6,7,8,8,7,7.0,Wish there were more cats available.
2451,16,16408,2025-01-05,3,6,8,8,5,8.0,Will definitely come back.
2452,72,16409,2025-01-05,7,7,5,9,8,9.0,The staff was so helpful.
2453,32,16412,2025-01-05,7,7,7,9,9,7.0,My new favorite spot!
2454,10,16415,2025-01-05,7,7,9,8,8,9.0,
2455,168,16420,2025-01-06,7,7,9,7,7,6.0,Coffee was excellent.
2456,91,16428,2025-01-06,5,6,9,8,6,8.0,Would recommend to friends.
2457,110,16432,2025-01-06,7,7,7,6,6,6.0,The staff was so helpful.
2458,69,16439,2025-01-07,6,8,6,7,8,6.0,The waffles were delicious.
2459,194,16441,2025-01-07,8,7,8,8,8,5.0,Great experience!
2460,19,16449,2025-01-07,1,2,8,8,2,8.0,Will definitely come back.
2461,173,16478,2025-01-09,5,6,6,8,7,7.0,Would recommend to friends.
2462,9,16482,2025-01-09,6,6,9,7,5,6.0,Cat yoga was amazing!
2463,136,16486,2025-01-09,6,6,6,8,9,4.0,Coffee was excellent.
2464,173,16488,2025-01-10,8,8,9,8,8,7.0,Would recommend to friends.
2465,136,16491,2025-01-10,8,7,9,7,7,7.0,Cat yoga was amazing!
2466,131,16493,2025-01-10,6,5,7,7,9,9.0,My new favorite spot!
2467,163,16495,2025-01-10,9,9,8,7,10,5.0,
2468,55,16497,2025-01-10,8,8,6,8,8,,
2469,176,16499,2025-01-10,5,6,8,9,5,5.0,
2470,14,16505,2025-01-11,8,7,9,7,7,7.0,Loved the cats!
2471,108,16507,2025-01-11,7,7,6,8,7,6.0,Would recommend to friends.
2472,54,16528,2025-01-12,6,5,6,8,4,10.0,The staff was so helpful.
2473,218,16534,2025-01-12,8,8,7,7,9,8.0,Relaxing atmosphere.
2474,64,16536,2025-01-12,5,4,9,8,5,8.0,The waffles were delicious.
2475,209,16545,2025-01-13,7,9,8,8,6,8.0,Will definitely come back.
2476,132,16547,2025-01-13,5,6,8,8,7,6.0,Relaxing atmosphere.
2477,129,16563,2025-01-14,3,1,8,8,5,6.0,
2478,198,16596,2025-01-16,7,8,7,8,9,6.0,
2479,97,16607,2025-01-17,6,9,7,7,7,6.0,The staff was so helpful.
2480,155,16608,2025-01-17,7,9,9,8,8,8.0,
2482,77,16612,2025-01-17,9,10,5,8,10,7.0,Coffee was excellent.
2483,1,16621,2025-01-17,8,7,8,8,8,8.0,Loved the cats!
2484,245,16626,2025-01-18,7,6,8,8,7,6.0,Coffee was excellent.
2485,191,16640,2025-01-18,4,6,8,8,6,8.0,Loved the cats!
2486,96,16645,2025-01-19,7,9,7,7,7,8.0,
2487,143,16647,2025-01-19,5,6,8,8,7,10.0,Wish there were more cats available.
2488,51,16659,2025-01-20,8,8,7,8,8,7.0,Best cat cafe in DC!
2489,93,16670,2025-01-20,6,5,7,8,5,7.0,My new favorite spot!
2490,97,16677,2025-01-21,8,8,7,7,9,7.0,Perfect rainy day activity.
2491,155,16685,2025-01-21,7,8,7,8,8,7.0,Best cat cafe in DC!
2492,123,16692,2025-01-21,5,5,8,9,6,7.0,Perfect rainy day activity.
2493,242,16713,2025-01-23,6,6,8,8,8,9.0,
2494,101,16720,2025-01-23,7,6,8,8,9,10.0,Would recommend to friends.
2495,137,16731,2025-01-24,5,5,6,8,5,8.0,
2496,12,16736,2025-01-24,6,6,8,8,5,6.0,Will definitely come back.
2497,95,16739,2025-01-24,8,8,8,8,10,8.0,A bit crowded today.
2498,55,16742,2025-01-24,6,5,7,7,7,4.0,My new favorite spot!
2499,87,16743,2025-01-24,5,4,7,8,5,6.0,
2500,81,16749,2025-01-25,8,8,7,7,9,6.0,Loved the cats!
2501,143,16752,2025-01-25,9,10,8,7,8,7.0,The staff was so helpful.
2502,66,16772,2025-01-26,7,10,6,9,9,7.0,The waffles were delicious.
2503,179,16773,2025-01-26,5,6,9,8,4,6.0,
2504,71,16776,2025-01-26,8,8,7,7,8,8.0,Cat yoga was amazing!
2505,212,16779,2025-01-27,6,7,8,8,7,6.0,A bit crowded today.
2506,191,16812,2025-01-28,6,7,8,8,7,9.0,The waffles were delicious.
2507,68,16818,2025-01-29,6,7,7,6,7,6.0,Would recommend to friends.
2508,134,16822,2025-01-29,5,6,8,8,6,8.0,Relaxing atmosphere.
2509,71,16835,2025-01-30,8,6,7,7,8,7.0,The waffles were delicious.
2510,238,16840,2025-01-30,5,4,6,6,5,6.0,Would recommend to friends.
2511,159,16841,2025-01-30,8,7,7,8,7,6.0,Wish there were more cats available.
34,89,356,2022-06-15,8,7,6,8,8,9.0,
38,150,372,2022-06-16,7,8,7,8,7,8.0,
46,9,434,2022-06-20,8,7,8,7,6,5.0,
55,37,463,2022-06-21,8,9,7,9,10,9.0,
76,240,626,2022-07-01,7,9,8,9,8,7.0,
88,118,752,2022-07-08,7,8,8,7,7,8.0,
89,137,754,2022-07-08,7,6,7,8,8,6.0,
115,67,873,2022-07-15,8,8,9,8,8,,
136,139,1021,2022-07-24,9,8,7,6,7,8.0,
153,162,1135,2022-07-30,9,10,8,8,9,7.0,
161,88,1216,2022-08-04,8,7,7,7,7,7.0,
191,148,1416,2022-08-16,6,7,8,8,7,7.0,
259,140,1825,2022-09-09,5,5,8,8,5,4.0,
261,166,1853,2022-09-10,7,6,8,8,8,6.0,
299,58,2104,2022-09-25,3,5,9,7,5,6.0,
374,233,2545,2022-10-21,8,8,7,7,10,8.0,
378,233,2589,2022-10-23,5,5,7,6,6,7.0,
381,27,2598,2022-10-24,6,7,7,9,7,5.0,
400,224,2699,2022-10-30,8,8,9,7,8,10.0,
419,31,2784,2022-11-03,7,7,8,8,6,7.0,
440,103,2949,2022-11-13,10,10,8,8,10,9.0,
465,79,3128,2022-11-24,6,8,8,8,8,7.0,
504,193,3493,2022-12-15,6,6,9,8,7,6.0,
544,22,3846,2023-01-04,6,9,6,8,7,8.0,
551,99,3880,2023-01-06,9,10,6,8,10,5.0,
561,96,3929,2023-01-09,6,7,7,6,7,7.0,
568,62,3997,2023-01-13,5,6,8,6,9,5.0,
572,25,4029,2023-01-15,6,5,7,8,7,,
581,129,4087,2023-01-18,4,6,7,7,5,,
587,42,4117,2023-01-20,6,5,8,8,8,,
646,215,4588,2023-02-17,8,9,7,7,9,7.0,
653,194,4608,2023-02-18,7,7,6,8,7,8.0,
683,150,4773,2023-02-27,6,7,9,8,6,7.0,
694,15,4825,2023-03-02,7,8,8,9,9,7.0,
697,117,4867,2023-03-05,6,4,7,8,6,6.0,
703,40,4880,2023-03-06,6,5,5,8,6,6.0,
726,153,5057,2023-03-16,9,9,9,9,8,6.0,
777,150,5368,2023-04-03,6,6,9,8,6,8.0,
805,114,5488,2023-04-10,6,5,7,9,6,7.0,
837,160,5664,2023-04-20,10,10,7,7,10,10.0,
862,68,5828,2023-04-30,5,4,6,7,5,8.0,
882,203,5989,2023-05-09,8,7,8,8,10,7.0,
887,63,6006,2023-05-10,7,7,8,7,8,7.0,
906,25,6154,2023-05-19,8,7,8,9,10,6.0,
909,248,6182,2023-05-20,5,4,8,9,7,6.0,
910,136,6183,2023-05-20,9,9,7,8,9,7.0,
941,220,6359,2023-05-31,5,5,8,8,7,9.0,
1023,94,6915,2023-07-02,8,8,6,8,7,8.0,
1036,181,7019,2023-07-08,9,10,8,7,10,9.0,
1105,180,7496,2023-08-05,4,2,7,8,5,7.0,
1198,143,8138,2023-09-11,6,5,8,8,4,6.0,
1213,47,8280,2023-09-20,5,4,8,9,4,3.0,
1227,179,8363,2023-09-24,7,9,8,7,8,7.0,
1249,66,8523,2023-10-04,6,6,10,8,7,6.0,
1253,18,8548,2023-10-05,8,10,7,8,10,7.0,
1272,88,8691,2023-10-13,8,8,8,8,10,8.0,
1308,186,8912,2023-10-26,8,7,9,8,7,6.0,
1316,73,8968,2023-10-30,8,8,6,7,8,6.0,
1431,117,9718,2023-12-12,8,6,7,10,8,4.0,
1463,147,9911,2023-12-24,8,9,8,8,8,6.0,
1470,107,9969,2023-12-27,6,8,8,9,6,6.0,
1509,72,10246,2024-01-12,3,1,9,8,3,7.0,
1534,18,10397,2024-01-21,6,6,7,7,8,6.0,
1549,106,10485,2024-01-26,5,7,8,7,7,3.0,
1550,95,10486,2024-01-26,8,8,8,8,9,9.0,
1580,126,10682,2024-02-06,7,6,8,8,9,7.0,
1586,134,10706,2024-02-08,5,4,8,9,5,,
1610,11,10823,2024-02-15,7,7,7,8,9,5.0,
1629,45,11013,2024-02-26,9,9,8,8,10,5.0,
1631,188,11030,2024-02-27,9,9,8,9,10,8.0,
1679,199,11347,2024-03-16,7,7,7,8,8,,
1688,113,11412,2024-03-20,6,6,8,7,7,7.0,
1702,57,11481,2024-03-24,9,9,7,8,10,8.0,
1716,140,11583,2024-03-30,4,4,8,7,5,,
1790,160,12065,2024-04-27,5,4,10,7,5,7.0,
1806,86,12146,2024-05-02,8,8,8,7,8,5.0,
1897,181,12767,2024-06-07,7,9,6,7,9,4.0,
1899,38,12789,2024-06-08,5,5,9,10,5,7.0,
1903,246,12798,2024-06-09,6,6,10,7,5,5.0,
1930,85,13008,2024-06-21,4,5,9,8,4,6.0,
2009,238,13632,2024-07-27,5,6,7,9,7,7.0,
2015,209,13700,2024-07-31,8,8,8,7,6,6.0,
2024,162,13768,2024-08-04,6,5,9,7,9,8.0,
2070,144,14040,2024-08-20,7,8,7,7,7,5.0,
2082,108,14140,2024-08-26,7,7,9,8,7,6.0,
2122,238,14367,2024-09-08,6,7,8,6,8,7.0,
2134,162,14415,2024-09-11,7,7,6,10,7,8.0,
2156,119,14523,2024-09-17,8,7,7,8,9,5.0,
2212,108,14868,2024-10-07,6,7,8,7,8,9.0,
2213,83,14871,2024-10-07,7,9,8,8,10,7.0,
2231,93,14952,2024-10-12,9,7,7,8,8,,
2268,31,15189,2024-10-26,9,9,7,7,10,8.0,
2334,211,15672,2024-11-23,8,7,6,9,10,6.0,
2364,213,15900,2024-12-06,6,6,7,9,6,6.0,
2394,192,16040,2024-12-15,8,10,7,7,8,7.0,
2410,82,16174,2024-12-22,10,9,7,9,10,6.0,
2481,95,16611,2025-01-17,10,9,5,8,9,5.0,
