interaction_id,visit_id,cat_id,type_id,duration_mins,staff_id,start_time,notes
1,1,1,1,30,2,14:15:00,Whiskers immediately went to Maya lap.
2,1,2,3,20,2,14:50:00,
3,2,1,1,25,2,14:45:00,
4,2,3,3,20,2,15:15:00,Mittens very relaxed.
5,3,1,2,25,2,10:15:00,Active play session.
6,4,4,1,30,2,13:15:00,Luna very social.
7,5,1,1,35,2,11:15:00,
8,6,1,2,20,3,14:15:00,
9,7,2,3,40,2,10:45:00,Long session with Shadow - bonding.
10,8,1,1,25,2,14:15:00,
11,8,4,2,30,2,14:45:00,
12,9,2,1,50,2,11:15:00,Shadow spent whole time in Aiden lap.
13,9,2,4,30,2,12:10:00,Brushing session - Shadow loved it.
14,10,4,3,25,3,13:15:00,
15,11,2,1,45,4,10:15:00,Final visit before adoption!
16,12,1,2,30,2,14:15:00,
17,13,1,1,35,3,11:15:00,
18,14,1,1,25,2,10:15:00,
19,14,3,3,20,2,10:45:00,
20,15,1,1,30,2,14:15:00,
21,15,5,4,25,2,14:50:00,Thor loves brushing!
22,16,4,1,35,3,11:15:00,
23,17,1,2,20,2,13:15:00,
24,18,6,2,40,2,15:15:00,Great play session with Mochi.
25,19,1,1,30,2,10:15:00,
26,20,8,3,25,3,14:15:00,Biscuit very friendly.
27,21,5,4,30,3,12:15:00,
28,22,1,1,30,2,10:15:00,
29,22,9,2,25,2,10:50:00,Cleo very active.
30,23,6,2,35,3,14:15:00,
31,24,1,1,30,2,11:15:00,
32,25,5,4,40,1,14:15:00,
33,26,8,1,30,3,14:15:00,
34,27,1,2,25,2,10:15:00,
35,28,10,2,35,3,14:15:00,Jasper loves interactive toys.
36,29,8,3,25,2,11:15:00,
37,30,1,1,30,1,13:15:00,
38,31,6,2,40,2,10:15:00,
39,32,11,1,50,3,15:15:00,Olive is so docile!
40,33,5,4,30,2,14:15:00,
41,34,1,2,25,1,11:15:00,
42,35,9,2,35,3,13:15:00,
43,36,10,2,40,2,10:15:00,
44,37,1,1,30,1,14:15:00,
45,38,8,3,25,2,11:15:00,
46,39,5,4,35,3,14:15:00,
47,40,11,1,40,2,10:15:00,
48,41,1,2,30,1,13:15:00,
49,42,10,2,35,3,15:30:00,Halloween themed play.
50,43,8,1,30,2,11:15:00,
51,44,9,3,25,1,14:15:00,
52,45,1,1,25,2,10:15:00,
53,46,5,4,30,3,13:15:00,
54,47,11,1,35,2,14:15:00,
55,48,1,2,25,1,11:15:00,
56,49,1,1,20,2,10:15:00,Quick visit.
57,50,12,3,30,3,14:15:00,Pumpkin very outgoing.
58,51,1,1,30,2,11:15:00,
59,52,10,2,35,1,13:15:00,
60,53,8,1,25,2,10:15:00,
61,54,13,3,40,3,14:15:00,Hazel adapting well.
62,55,5,4,30,2,15:15:00,
63,56,1,2,25,1,11:15:00,
64,57,12,2,35,3,14:15:00,
65,58,14,3,40,2,10:15:00,Maple warming up.
66,59,10,5,30,1,13:15:00,Photo session.
67,60,8,1,25,3,14:15:00,
68,61,1,1,30,2,11:15:00,
69,62,5,4,35,1,10:15:00,
70,63,12,2,30,3,14:15:00,
71,64,15,2,40,2,13:15:00,Finn is so playful!
72,65,1,5,25,1,11:15:00,Anniversary photos.
73,66,8,3,30,3,14:15:00,
74,67,12,1,45,2,13:15:00,Strong bond forming.
75,68,13,3,25,1,11:15:00,
76,69,10,2,35,3,14:15:00,
77,70,12,1,50,2,10:15:00,Adoption day for Pumpkin!
78,71,1,1,30,1,13:15:00,
79,72,16,3,25,3,14:15:00,Tourist enjoying experience.
80,73,5,4,35,2,11:15:00,
81,74,15,2,40,1,10:15:00,
82,75,14,1,30,3,14:15:00,
83,76,8,3,25,2,13:15:00,
84,77,17,3,30,1,11:15:00,
85,78,1,2,30,3,14:15:00,
86,79,17,5,45,2,10:15:00,Nugget photo session - adorable!
87,80,10,2,35,1,13:15:00,
88,81,8,1,25,3,14:15:00,
89,82,15,2,30,2,11:15:00,
90,83,5,4,35,1,10:15:00,
91,84,1,1,45,3,14:15:00,Halloween lap time marathon.
92,84,17,2,30,3,15:00:00,
93,85,13,3,25,2,13:15:00,
94,86,10,2,30,1,11:15:00,
95,87,14,1,35,3,14:15:00,
96,88,8,3,25,2,10:15:00,
97,89,1,1,30,1,13:15:00,
98,90,5,4,35,3,14:15:00,
99,91,15,2,40,2,11:15:00,Holiday play session.
100,92,17,5,30,1,10:15:00,Holiday photos.
101,93,1,2,25,3,14:15:00,
102,94,18,3,30,2,11:15:00,Pepper settling in well.
103,95,8,1,35,2,13:15:00,
104,96,1,1,30,1,14:15:00,
105,96,5,4,25,1,14:50:00,
106,97,17,2,35,1,10:15:00,
107,98,18,3,25,1,15:45:00,
108,98,15,2,35,1,16:15:00,Charlotte loved the younger cats.
109,107,1,6,28,11,17:03:00,
110,108,1,2,25,2,10:28:00,
111,109,1,1,33,14,13:20:00,
112,110,1,2,38,1,13:26:00,
113,111,1,1,31,1,14:19:00,
114,112,1,2,33,10,13:58:00,
115,113,1,8,16,4,10:21:00,
116,114,1,3,30,10,13:06:00,
117,115,1,4,15,14,09:59:00,
118,116,1,4,25,13,15:48:00,
119,117,1,4,36,3,15:30:00,
120,118,1,5,46,14,14:40:00,
121,119,1,5,33,13,09:19:00,
122,120,1,2,28,3,11:11:00,
123,121,1,3,28,7,14:22:00,
124,122,1,1,34,10,15:47:00,
125,123,1,5,33,13,12:30:00,
126,124,1,5,24,2,13:00:00,
127,125,1,6,32,10,13:46:00,
128,126,1,4,35,2,17:22:00,
129,127,1,5,27,14,16:19:00,
130,128,1,7,29,13,12:28:00,
131,129,1,7,31,4,16:05:00,
132,130,1,6,32,10,10:20:00,
133,131,1,1,29,3,17:03:00,
134,132,1,2,34,7,16:35:00,
135,133,1,3,37,2,10:41:00,
136,134,1,3,31,4,14:49:00,
137,135,1,7,40,2,15:47:00,
138,136,1,7,18,7,15:20:00,
139,137,1,8,22,7,09:28:00,
140,138,1,2,40,13,12:28:00,
141,139,1,4,35,5,12:44:00,
142,140,1,2,27,10,09:20:00,
143,141,1,5,46,3,11:33:00,
144,142,1,2,12,4,10:37:00,
145,143,1,7,17,14,15:05:00,
146,144,1,7,35,12,17:36:00,
147,145,1,8,15,6,15:55:00,
148,146,1,2,24,7,09:39:00,
149,147,1,3,22,1,12:14:00,
150,148,1,7,27,4,11:41:00,
151,149,1,6,25,3,15:41:00,
152,150,1,5,28,11,13:58:00,
153,151,1,4,19,5,09:26:00,
154,152,1,8,29,5,15:45:00,
155,153,1,2,36,13,12:16:00,
156,154,1,7,31,10,15:50:00,
157,155,1,7,34,2,14:34:00,
158,156,1,5,18,1,09:46:00,
159,157,1,7,16,12,15:19:00,
160,158,1,2,26,10,15:32:00,
161,159,1,3,34,4,12:44:00,
162,160,1,3,29,14,15:07:00,
163,161,1,7,30,14,15:10:00,
164,162,1,1,27,11,14:24:00,
165,163,1,1,41,4,12:54:00,
166,164,1,2,32,12,13:36:00,
167,165,1,4,49,3,18:13:00,
168,166,1,5,41,2,14:05:00,
169,167,1,8,35,13,10:02:00,
170,168,1,7,30,3,11:38:00,
171,169,1,1,17,1,12:55:00,
172,170,1,5,38,10,10:00:00,
173,171,1,4,35,5,13:47:00,
174,172,1,8,6,14,15:40:00,
175,173,1,6,29,14,10:30:00,
176,174,1,2,32,13,17:22:00,
177,175,1,2,31,12,15:56:00,
178,176,1,3,39,14,13:39:00,
179,177,1,2,29,11,11:40:00,
180,178,1,1,27,6,11:14:00,
181,179,1,5,26,2,17:58:00,
182,180,1,5,32,3,10:24:00,
183,181,1,7,36,11,17:41:00,
184,182,1,1,22,12,16:17:00,
185,183,1,7,25,4,09:23:00,
186,184,1,2,23,5,12:56:00,
187,185,1,3,16,11,09:34:00,
188,186,1,4,35,14,16:20:00,
189,187,1,1,37,14,16:41:00,
190,188,1,3,31,11,11:48:00,
191,189,1,5,22,13,16:14:00,
192,190,1,2,16,10,15:32:00,
193,191,1,5,27,12,13:07:00,
194,192,1,6,18,13,11:22:00,
195,193,1,5,27,11,14:44:00,
196,194,1,4,31,7,11:39:00,
197,195,1,6,31,1,12:19:00,
198,196,1,2,34,3,11:42:00,
199,197,1,6,32,7,16:05:00,
200,198,1,4,23,4,11:42:00,
201,199,1,5,24,13,13:07:00,
202,200,1,1,30,4,12:12:00,
203,201,1,2,30,12,09:34:00,
204,202,1,1,34,1,10:07:00,
205,203,1,8,30,14,15:20:00,
206,204,1,7,44,14,14:35:00,
207,205,1,3,23,1,16:50:00,
208,206,1,1,23,10,09:39:00,
209,207,1,6,36,10,17:59:00,
210,208,1,6,51,2,12:08:00,
211,209,1,2,24,6,17:27:00,
212,210,1,3,26,3,12:39:00,
213,211,1,3,28,3,11:54:00,
214,212,1,5,32,11,12:14:00,
215,213,1,7,22,14,12:16:00,
216,214,1,3,43,4,14:00:00,
217,215,1,2,29,2,11:53:00,
218,216,1,4,30,12,10:29:00,
219,217,1,1,28,11,12:59:00,
220,218,1,4,24,6,14:22:00,
221,219,1,3,22,7,15:41:00,
222,220,1,1,25,5,12:04:00,
223,221,1,5,23,2,16:42:00,
224,222,1,7,34,2,13:45:00,
225,223,1,5,31,1,17:39:00,
226,224,1,8,19,2,12:28:00,
227,225,1,3,38,14,13:39:00,
228,226,1,4,28,7,12:58:00,
229,227,1,7,28,12,10:30:00,
230,228,1,7,28,11,17:01:00,
231,229,1,3,25,13,15:03:00,
232,230,1,4,35,12,13:17:00,
233,231,1,5,28,5,14:23:00,
234,232,1,5,43,5,12:52:00,
235,233,1,3,34,11,12:03:00,
236,234,1,2,30,11,11:44:00,
237,235,1,1,26,5,13:05:00,
238,236,1,4,33,6,17:30:00,
239,237,1,6,29,10,12:06:00,
240,238,1,2,30,1,10:37:00,
241,239,1,4,32,6,17:13:00,
242,240,1,7,22,14,12:14:00,
243,241,1,1,27,11,12:55:00,
244,242,1,5,30,12,11:27:00,
245,243,1,7,40,13,15:09:00,
246,244,1,4,19,11,16:05:00,
247,245,2,1,32,3,12:51:00,
248,246,2,7,37,5,12:20:00,
249,246,1,8,33,13,12:57:00,
250,247,2,1,34,2,12:44:00,
251,248,2,1,36,13,17:24:00,
252,248,1,5,42,7,17:58:00,
253,249,2,2,56,4,11:56:00,
254,249,1,1,24,10,12:05:00,
255,250,1,7,20,6,16:56:00,
256,250,2,7,35,6,16:53:00,
257,251,1,4,35,7,14:05:00,
258,251,2,4,18,6,14:15:00,
259,252,2,7,42,6,16:40:00,
260,253,2,6,14,11,11:17:00,
261,253,1,3,40,4,10:26:00,
262,254,2,8,35,3,11:28:00,
263,254,1,1,38,1,11:11:00,
264,255,1,3,29,2,17:30:00,
265,255,2,7,35,1,17:01:00,
266,256,1,5,41,3,13:57:00,
267,256,2,3,30,14,13:57:00,
268,257,2,8,20,14,10:49:00,
269,258,2,6,11,11,14:40:00,
270,258,1,2,26,11,13:38:00,
271,259,2,3,33,5,15:22:00,
272,260,2,6,27,7,16:43:00,
273,260,1,1,34,14,16:53:00,
274,261,1,5,26,11,14:22:00,
275,261,2,7,35,13,14:31:00,
276,262,1,1,28,13,12:10:00,
277,262,2,7,28,4,11:30:00,
278,263,1,5,30,14,10:44:00,
279,263,2,2,27,4,10:26:00,
280,264,2,1,31,4,15:29:00,
281,265,2,1,22,4,11:20:00,
282,265,1,5,27,10,11:32:00,
283,266,2,5,38,2,10:58:00,
284,267,2,4,35,10,14:33:00,
285,268,2,1,39,6,11:46:00,
286,268,1,7,38,10,12:08:00,
287,269,2,6,27,7,10:38:00,
288,269,1,7,39,1,11:11:00,
289,270,2,8,32,4,14:49:00,
290,271,2,1,44,12,14:52:00,
291,271,1,5,28,11,15:02:00,
292,272,1,6,30,6,16:29:00,
293,273,2,6,20,14,17:50:00,
294,274,1,7,30,7,14:38:00,
295,275,1,1,17,11,09:42:00,
296,275,2,8,43,10,09:27:00,
297,276,2,7,31,1,12:11:00,
298,276,1,3,42,3,11:58:00,
299,277,2,4,22,1,14:24:00,
300,277,1,5,39,14,14:30:00,
301,278,1,4,26,13,14:22:00,
302,278,2,5,46,7,14:29:00,
303,279,1,3,34,10,12:55:00,
304,280,1,3,16,13,13:19:00,
305,281,1,7,28,2,09:19:00,
306,282,1,7,20,5,10:48:00,
307,282,2,8,30,14,11:31:00,
308,283,1,4,8,12,10:37:00,
309,283,2,2,28,7,11:06:00,
310,284,1,6,32,12,11:52:00,
311,285,2,6,36,14,14:29:00,
312,285,1,4,36,1,14:22:00,
313,286,1,8,24,5,14:36:00,
314,286,2,7,45,14,14:14:00,
315,287,2,5,29,6,10:47:00,
316,288,1,8,33,4,12:50:00,
317,289,2,5,39,2,14:09:00,
318,290,2,4,38,7,17:25:00,
319,291,2,3,23,10,11:51:00,
320,291,1,6,38,6,12:04:00,
321,292,2,3,41,14,12:33:00,
322,292,1,1,46,12,12:39:00,
323,293,2,8,44,6,13:27:00,
324,293,1,7,36,2,13:12:00,
325,294,2,8,36,1,09:28:00,
326,295,1,7,31,1,10:36:00,
327,296,1,4,28,1,15:42:00,
328,297,2,7,24,1,15:03:00,
329,297,1,8,28,2,15:06:00,
330,298,1,7,29,7,11:14:00,
331,298,2,6,38,13,11:18:00,
332,299,2,2,31,14,15:11:00,
333,300,2,8,22,11,13:19:00,
334,300,1,6,16,3,13:36:00,
335,301,1,2,35,12,10:16:00,
336,302,2,8,31,14,12:48:00,
337,302,1,2,39,6,11:41:00,
338,303,2,8,30,11,09:47:00,
339,303,1,1,27,4,10:45:00,
340,304,2,5,43,3,11:32:00,
341,304,1,2,36,4,11:35:00,
342,305,2,8,46,3,11:01:00,
343,305,1,2,36,3,11:12:00,
344,306,2,3,27,4,10:44:00,
345,307,2,6,22,14,10:42:00,
346,308,2,1,47,1,13:26:00,
347,308,1,3,36,5,13:13:00,
348,309,2,4,33,11,14:15:00,
349,310,1,3,31,4,09:44:00,
350,311,2,1,29,10,13:46:00,
351,312,1,8,34,7,15:04:00,
352,313,2,2,39,1,11:08:00,
353,314,2,1,33,11,13:40:00,
354,315,2,7,36,10,10:30:00,
355,315,1,2,23,5,09:27:00,
356,316,1,5,22,2,13:57:00,
357,316,2,3,37,10,13:16:00,
358,317,2,8,16,5,11:33:00,
359,318,2,3,17,3,11:20:00,
360,319,1,7,29,10,15:18:00,
361,319,2,7,41,1,15:26:00,
362,320,2,5,34,1,12:13:00,
363,320,1,8,30,12,11:55:00,
364,321,2,3,35,10,17:39:00,
365,321,1,3,39,3,17:30:00,
366,322,2,2,42,13,14:45:00,
367,323,2,5,21,7,10:26:00,
368,323,1,7,33,11,10:34:00,
369,324,2,4,38,14,17:15:00,
370,324,1,1,36,10,17:16:00,
371,325,2,8,20,7,10:34:00,
372,325,1,2,33,14,10:55:00,
373,326,2,8,35,5,14:07:00,
374,326,1,5,30,6,14:16:00,
375,327,2,3,27,14,11:08:00,
376,327,1,3,23,10,10:47:00,
377,328,1,7,28,14,14:09:00,
378,328,2,4,39,14,13:43:00,
379,329,1,5,32,13,11:53:00,
380,330,2,5,40,12,16:24:00,
381,330,1,6,33,5,16:10:00,
382,331,2,6,50,5,12:42:00,
383,331,1,3,35,7,12:40:00,
384,332,2,2,37,4,10:35:00,
385,333,1,2,23,2,10:40:00,
386,334,2,7,42,14,14:03:00,
387,335,1,5,34,4,11:43:00,
388,336,1,4,24,1,16:52:00,
389,336,2,8,37,5,16:38:00,
390,337,2,4,25,5,10:09:00,
391,338,2,3,31,1,16:58:00,
392,338,1,7,34,5,17:00:00,
393,339,1,5,25,1,12:05:00,
394,339,2,3,46,5,12:59:00,
395,340,2,8,34,12,16:22:00,
396,340,1,4,30,13,15:29:00,
397,341,1,2,31,4,16:40:00,
398,342,1,3,17,12,10:00:00,
399,342,2,2,20,2,09:43:00,
400,343,2,2,27,4,13:51:00,
401,343,1,4,33,2,14:02:00,
402,344,2,3,25,5,15:23:00,
403,345,2,7,25,12,13:49:00,
404,346,1,6,30,11,12:12:00,
405,346,2,8,36,12,12:02:00,
406,347,1,7,38,2,10:35:00,
407,347,2,4,40,1,10:55:00,
408,348,1,1,29,3,17:16:00,
409,348,2,5,31,4,17:05:00,
410,349,2,1,24,7,16:41:00,
411,349,1,6,16,7,16:08:00,
412,350,2,2,31,14,16:15:00,
413,350,1,5,15,7,16:30:00,
414,351,1,6,38,1,14:45:00,
415,351,2,4,42,13,15:12:00,
416,352,2,3,31,7,15:25:00,
417,352,1,4,12,6,14:24:00,
418,353,1,1,43,3,15:33:00,
419,353,2,5,28,14,16:38:00,
420,354,1,7,25,7,11:34:00,
421,354,2,6,29,5,11:39:00,
422,355,2,6,32,6,15:50:00,
423,355,1,8,33,6,14:52:00,
424,356,2,8,46,11,15:54:00,
425,356,1,4,40,5,15:05:00,
426,357,1,6,43,3,13:31:00,
427,358,2,1,32,13,11:18:00,
428,358,1,6,25,1,11:10:00,
429,359,2,2,33,1,10:17:00,
430,360,2,3,29,11,12:54:00,
431,360,1,7,30,6,13:27:00,
432,361,3,4,28,10,16:20:00,
433,362,1,4,30,2,15:00:00,
434,362,3,7,29,1,15:01:00,
435,363,1,4,31,12,13:07:00,
436,364,2,6,24,14,13:55:00,
437,365,2,2,43,3,13:22:00,
438,366,3,7,37,10,10:57:00,
439,366,1,8,30,7,10:57:00,
440,366,2,5,21,14,11:12:00,
441,367,1,6,20,2,10:19:00,
442,368,2,3,17,1,11:49:00,
443,368,1,7,32,6,12:13:00,
444,369,2,1,36,3,15:09:00,
445,370,2,4,49,3,17:08:00,
446,371,2,2,37,6,10:53:00,
447,371,3,8,28,14,09:29:00,
448,371,1,6,37,13,09:52:00,
449,372,3,2,33,1,13:16:00,
450,373,1,5,25,12,13:00:00,
451,374,3,4,41,6,10:14:00,
452,375,3,1,26,11,12:54:00,
453,375,2,3,50,7,11:54:00,
454,376,2,4,25,11,12:28:00,
455,376,1,4,27,4,11:45:00,
456,377,1,8,29,6,12:28:00,
457,377,2,7,44,2,12:12:00,
458,378,3,8,15,2,15:43:00,
459,379,2,6,30,5,14:51:00,
460,380,3,1,43,1,14:53:00,
461,380,2,1,33,4,15:06:00,
462,381,3,2,33,1,11:17:00,
463,382,3,7,23,12,09:47:00,
464,383,2,7,43,2,16:48:00,
465,383,1,7,36,4,16:48:00,
466,384,1,6,21,12,12:16:00,
467,385,1,3,33,3,16:33:00,
468,386,3,8,34,6,10:41:00,
469,386,1,3,19,6,11:56:00,
470,387,1,5,30,4,12:24:00,
471,387,2,2,30,1,13:13:00,
472,388,1,5,23,5,12:30:00,
473,389,1,2,27,1,17:40:00,
474,390,3,3,43,5,16:12:00,
475,390,2,5,37,7,15:39:00,
476,391,1,4,26,3,13:49:00,
477,391,3,6,35,14,13:27:00,
478,392,2,2,32,3,14:05:00,
479,393,1,3,26,6,14:22:00,
480,393,2,2,31,11,14:24:00,
481,394,1,1,32,1,09:44:00,
482,395,1,2,25,11,12:33:00,
483,396,3,3,27,12,12:44:00,
484,397,2,6,12,14,16:58:00,
485,397,3,4,32,4,16:52:00,
486,397,1,2,35,10,16:53:00,
487,398,2,5,46,6,10:44:00,
488,399,3,6,37,11,16:39:00,
489,399,1,1,26,1,17:24:00,
490,400,3,4,29,2,12:23:00,
491,401,1,6,24,10,16:02:00,
492,402,3,8,30,6,09:16:00,
493,403,1,7,33,12,15:42:00,
494,404,2,4,35,11,10:05:00,
495,404,3,6,40,6,10:42:00,
496,404,1,5,35,10,09:12:00,
497,405,2,4,31,5,11:17:00,
498,405,1,8,40,14,11:16:00,
499,406,2,7,35,2,15:38:00,
500,407,1,2,29,5,13:02:00,
501,407,2,4,30,7,13:06:00,
502,408,3,6,35,12,11:22:00,
503,409,1,2,23,10,13:27:00,
504,410,2,7,25,6,16:53:00,
505,411,3,5,40,11,10:06:00,
506,411,1,4,18,13,10:14:00,
507,412,2,3,35,5,12:41:00,
508,412,3,2,33,13,13:24:00,
509,413,2,5,45,7,14:49:00,
510,413,1,7,35,2,15:07:00,
511,414,2,2,14,13,12:52:00,
512,414,1,6,27,7,13:09:00,
513,414,3,1,28,11,13:10:00,
514,415,2,2,32,11,14:48:00,
515,415,1,1,26,6,15:25:00,
516,416,1,3,27,11,15:09:00,
517,416,3,1,27,10,16:28:00,
518,416,2,1,40,7,16:07:00,
519,417,1,8,32,11,15:29:00,
520,417,2,1,12,2,15:28:00,
521,418,1,4,38,3,10:57:00,
522,418,3,1,20,14,11:06:00,
523,419,2,6,44,14,14:27:00,
524,420,1,8,6,5,11:20:00,
525,420,3,4,29,5,09:27:00,
526,421,2,8,26,3,16:42:00,
527,422,2,8,30,13,17:09:00,
528,422,3,2,40,6,16:42:00,
529,423,3,6,28,13,14:11:00,
530,424,3,2,33,11,14:47:00,
531,424,2,8,29,7,15:01:00,
532,424,1,4,31,3,14:11:00,
533,425,1,4,26,3,14:35:00,
534,425,2,4,37,5,14:46:00,
535,426,1,8,27,14,14:34:00,
536,427,3,7,30,13,17:27:00,
537,428,1,6,31,11,17:08:00,
538,429,3,4,46,5,09:10:00,
539,429,1,3,43,5,09:23:00,
540,430,1,1,23,14,14:45:00,
541,430,3,6,33,10,14:45:00,
542,430,2,3,26,13,14:26:00,
543,431,2,1,25,5,12:06:00,
544,432,1,8,22,4,09:20:00,
545,433,2,5,26,5,13:42:00,
546,433,1,4,37,13,14:08:00,
547,433,3,2,36,6,13:13:00,
548,434,3,2,6,2,13:54:00,
549,434,1,1,35,12,13:41:00,
550,435,2,5,31,5,13:11:00,
551,435,3,1,23,10,13:37:00,
552,436,3,6,20,13,11:17:00,
553,436,1,7,21,5,10:37:00,
554,437,1,4,36,7,13:43:00,
555,438,3,3,39,14,13:41:00,
556,439,3,8,34,3,12:57:00,
557,439,1,4,16,12,13:03:00,
558,440,2,2,33,13,14:49:00,
559,441,2,8,29,13,14:54:00,
560,441,1,5,41,5,15:58:00,
561,441,3,4,31,12,15:16:00,
562,442,2,8,17,10,14:27:00,
563,442,3,5,43,6,14:13:00,
564,443,1,4,33,10,10:22:00,
565,443,2,7,25,11,10:48:00,
566,444,2,8,24,6,11:10:00,
567,445,1,5,35,1,13:12:00,
568,445,3,2,33,7,12:34:00,
569,446,2,8,30,14,12:57:00,
570,447,1,3,39,14,15:50:00,
571,448,2,6,25,6,10:51:00,
572,448,3,2,27,13,11:55:00,
573,449,3,1,30,10,10:46:00,
574,449,2,2,39,12,10:58:00,
575,450,3,3,36,2,12:19:00,
576,450,2,5,43,7,13:23:00,
577,451,1,8,36,7,11:48:00,
578,451,3,5,41,3,11:27:00,
579,452,3,8,24,11,10:51:00,
580,453,3,4,39,13,18:18:00,
581,454,3,5,38,6,15:39:00,
582,455,2,8,41,4,14:00:00,
583,455,1,4,45,13,14:04:00,
584,456,1,5,42,13,09:39:00,
585,456,3,7,24,4,09:49:00,
586,457,2,8,28,13,09:38:00,
587,458,3,7,36,13,16:52:00,
588,458,2,5,35,6,17:17:00,
589,459,2,8,42,3,11:32:00,
590,460,3,3,30,11,10:03:00,
591,461,1,8,28,13,16:52:00,
592,462,3,3,30,12,10:33:00,
593,463,1,5,29,3,15:31:00,
594,463,2,1,33,4,15:41:00,
595,464,2,7,34,5,13:05:00,
596,464,3,1,33,12,13:06:00,
597,464,1,5,37,14,13:14:00,
598,465,3,3,31,6,17:09:00,
599,466,3,6,38,5,14:30:00,
600,467,1,6,37,11,16:15:00,
601,467,2,2,25,5,16:34:00,
602,468,3,6,32,6,10:19:00,
603,468,1,7,35,5,09:41:00,
604,469,1,8,35,6,13:26:00,
605,469,3,3,44,5,13:40:00,
606,470,2,4,29,2,10:05:00,
607,471,3,6,26,2,12:17:00,
608,471,2,1,30,4,12:24:00,
609,472,2,2,36,3,14:58:00,
610,472,1,1,39,7,15:34:00,
611,472,3,7,33,6,15:11:00,
612,473,1,4,31,3,16:10:00,
613,473,3,4,27,3,15:53:00,
614,473,2,8,28,11,15:59:00,
615,474,2,6,27,14,09:51:00,
616,475,3,1,23,11,16:33:00,
617,476,1,7,41,1,14:59:00,
618,477,1,7,36,4,11:05:00,
619,477,3,5,35,5,12:09:00,
620,478,2,8,36,1,10:19:00,
621,479,1,8,28,1,13:08:00,
622,480,3,7,31,13,15:25:00,
623,480,1,8,24,6,15:58:00,
624,481,3,8,39,1,15:46:00,
625,482,1,6,30,11,14:25:00,
626,483,1,4,28,3,17:51:00,
627,483,3,1,25,6,16:45:00,
628,484,2,3,25,1,17:10:00,
629,484,3,8,39,5,16:21:00,
630,485,2,3,42,3,13:38:00,
631,486,3,4,28,13,15:11:00,
632,487,2,4,26,1,10:37:00,
633,487,3,1,23,2,11:35:00,
634,487,1,6,24,5,11:15:00,
635,488,3,3,32,2,09:36:00,
636,488,2,3,26,10,09:50:00,
637,489,1,8,18,11,16:31:00,
638,489,3,2,31,1,16:32:00,
639,489,2,2,40,11,16:50:00,
640,490,3,4,33,14,14:07:00,
641,491,1,7,26,13,14:10:00,
642,491,3,7,43,6,14:19:00,
643,492,1,2,21,10,10:37:00,
644,492,2,7,38,12,10:31:00,
645,493,4,3,31,13,10:25:00,
646,494,4,6,34,12,09:35:00,
647,494,2,4,29,10,09:28:00,
648,494,19,5,23,6,09:47:00,
649,495,2,8,33,7,13:33:00,
650,495,1,8,40,12,13:34:00,
651,496,2,4,25,10,15:24:00,
652,497,2,6,18,14,16:03:00,
653,498,2,4,35,10,17:01:00,
654,499,3,5,28,2,16:04:00,
655,499,2,3,33,7,16:14:00,
656,500,2,4,33,12,14:09:00,
657,500,1,6,51,11,14:31:00,
658,501,19,1,32,13,16:00:00,
659,501,3,3,17,14,15:09:00,
660,501,1,6,19,5,15:11:00,
661,502,3,2,7,5,16:13:00,
662,503,1,1,32,13,15:56:00,
663,504,19,5,30,4,13:46:00,
664,505,1,3,43,11,16:20:00,
665,505,3,3,31,3,16:47:00,
666,506,1,2,31,2,10:50:00,
667,506,19,1,21,11,10:56:00,
668,507,2,6,36,6,10:24:00,
669,508,4,7,27,14,17:40:00,
670,508,2,1,39,7,17:54:00,
671,509,3,3,31,11,09:06:00,
672,509,4,2,42,2,09:23:00,
673,510,4,4,32,12,10:10:00,
674,510,19,3,39,12,10:26:00,
675,511,3,8,37,11,15:15:00,
676,512,1,1,37,5,14:33:00,
677,512,3,4,32,3,13:44:00,
678,513,3,6,49,10,11:20:00,
679,513,4,7,38,14,11:22:00,
680,514,2,6,42,2,10:02:00,
681,514,19,4,46,10,10:17:00,
682,514,3,3,37,10,09:57:00,
683,515,3,5,41,14,13:40:00,
684,516,4,8,28,11,16:07:00,
685,516,1,2,21,6,16:07:00,
686,516,19,6,35,14,16:55:00,
687,517,1,8,22,7,12:38:00,
688,517,19,5,37,6,12:25:00,
689,518,19,5,39,1,12:00:00,
690,519,1,1,25,3,13:53:00,
691,520,3,5,33,12,13:05:00,
692,521,1,4,29,3,10:40:00,
693,521,2,8,35,5,10:50:00,
694,521,3,8,33,14,10:39:00,
695,522,4,3,35,2,12:08:00,
696,522,2,3,30,5,11:35:00,
697,523,2,1,35,5,14:56:00,
698,524,4,3,37,7,14:57:00,
699,525,19,4,28,4,15:05:00,
700,525,4,4,33,3,13:53:00,
701,526,3,2,34,13,09:41:00,
702,527,4,3,17,1,12:57:00,
703,528,3,1,44,14,15:18:00,
704,529,1,5,49,13,14:51:00,
705,529,19,5,28,2,14:30:00,
706,529,3,7,38,14,15:06:00,
707,530,4,3,27,1,10:57:00,
708,530,2,7,38,1,10:56:00,
709,531,1,7,35,11,10:01:00,
710,531,19,1,28,11,11:18:00,
711,532,19,2,39,14,13:38:00,
712,532,3,6,46,13,13:47:00,
713,532,2,2,30,2,13:36:00,
714,533,1,1,16,4,15:42:00,
715,533,2,5,18,10,15:38:00,
716,534,1,8,48,14,12:50:00,
717,535,1,2,22,2,09:37:00,
718,536,3,4,29,6,10:14:00,
719,537,4,3,36,10,17:12:00,
720,538,19,7,37,10,14:59:00,
721,538,2,3,39,7,15:13:00,
722,539,19,6,32,4,16:46:00,
723,540,2,6,43,1,17:16:00,
724,540,19,6,33,14,16:56:00,
725,540,1,7,33,11,16:46:00,
726,541,2,6,34,5,11:20:00,
727,541,4,5,33,4,10:21:00,
728,541,1,2,38,5,10:57:00,
729,542,3,4,36,7,09:41:00,
730,542,4,1,40,10,09:29:00,
731,543,3,5,26,5,11:52:00,
732,544,3,8,36,2,12:11:00,
733,544,1,4,30,7,11:46:00,
734,545,3,7,46,12,10:02:00,
735,545,19,4,41,12,10:08:00,
736,545,1,4,36,4,10:13:00,
737,546,1,4,31,3,11:47:00,
738,546,4,2,36,1,11:27:00,
739,547,1,2,37,7,13:56:00,
740,547,4,7,15,12,13:29:00,
741,547,19,1,26,12,13:31:00,
742,548,19,3,26,11,14:21:00,
743,548,2,3,23,14,12:44:00,
744,549,19,2,28,11,14:40:00,
745,549,4,5,38,5,14:58:00,
746,550,3,3,17,13,10:22:00,
747,550,4,3,24,12,10:11:00,
748,551,1,6,29,13,16:55:00,
749,552,3,5,28,4,15:27:00,
750,553,1,6,36,6,10:29:00,
751,553,3,2,39,13,10:22:00,
752,554,4,7,22,1,16:14:00,
753,555,1,5,24,6,11:07:00,
754,555,3,6,15,12,11:22:00,
755,556,19,2,47,13,09:59:00,
756,557,19,2,15,10,13:32:00,
757,558,2,2,35,5,14:10:00,
758,558,3,7,29,7,13:58:00,
759,559,3,2,43,12,16:59:00,
760,560,3,1,20,4,17:23:00,
761,561,3,4,42,14,15:11:00,
762,562,3,6,31,7,13:06:00,
763,563,1,7,40,3,15:06:00,
764,564,2,1,39,3,15:31:00,
765,564,1,6,23,14,14:57:00,
766,565,19,6,32,13,11:42:00,
767,565,2,8,52,10,11:48:00,
768,566,1,6,40,4,14:22:00,
769,566,3,1,35,1,14:54:00,
770,567,19,7,35,12,11:35:00,
771,567,1,3,27,7,11:24:00,
772,568,4,7,31,1,12:03:00,
773,568,2,4,45,1,12:24:00,
774,569,19,5,39,2,15:28:00,
775,570,4,7,33,14,10:30:00,
776,570,1,6,30,12,11:47:00,
777,571,19,5,37,10,12:32:00,
778,572,1,5,31,2,16:55:00,
779,572,4,6,17,13,17:17:00,
780,573,4,2,34,6,17:34:00,
781,574,3,8,24,3,13:45:00,
782,575,3,8,31,3,11:11:00,
783,576,19,4,32,5,16:45:00,
784,576,3,1,21,3,16:43:00,
785,577,1,5,21,11,12:34:00,
786,577,4,2,36,11,12:36:00,
787,578,1,1,40,11,12:20:00,
788,579,4,8,40,4,10:46:00,
789,579,3,2,35,7,10:54:00,
790,580,2,2,43,10,10:47:00,
791,581,3,2,35,3,12:07:00,
792,582,3,8,30,6,14:14:00,
793,582,19,5,24,2,13:49:00,
794,582,1,3,27,7,14:41:00,
795,583,2,3,17,10,14:19:00,
796,584,2,3,38,4,14:54:00,
797,585,4,3,30,12,12:37:00,
798,586,3,2,38,1,17:07:00,
799,586,4,7,42,12,17:01:00,
800,587,1,8,21,12,15:34:00,
801,587,4,8,35,2,15:12:00,
802,587,19,3,20,1,15:03:00,
803,588,3,3,36,11,10:02:00,
804,588,2,1,28,10,10:09:00,
805,589,19,6,26,10,11:52:00,
806,589,1,2,30,10,11:25:00,
807,589,3,6,38,13,11:40:00,
808,590,19,2,12,13,15:49:00,
809,591,3,1,41,4,13:44:00,
810,592,2,2,35,12,16:02:00,
811,593,2,6,22,14,17:37:00,
812,593,4,7,41,10,18:36:00,
813,593,19,1,30,11,16:52:00,
814,594,3,7,33,14,09:26:00,
815,594,19,3,36,5,09:23:00,
816,595,1,6,12,6,13:42:00,
817,596,1,2,19,4,16:40:00,
818,596,4,4,29,10,17:14:00,
819,597,3,5,34,7,14:21:00,
820,598,4,6,28,11,14:58:00,
821,598,3,8,20,4,15:28:00,
822,599,19,7,29,2,16:47:00,
823,599,4,7,34,2,16:48:00,
824,600,2,8,32,12,14:38:00,
825,600,3,4,39,4,14:25:00,
826,600,19,6,30,4,14:43:00,
827,601,2,8,52,14,16:59:00,
828,601,4,1,34,2,17:22:00,
829,602,4,8,29,5,11:24:00,
830,602,2,3,39,4,11:28:00,
831,603,4,1,40,4,10:27:00,
832,603,3,5,33,7,10:34:00,
833,604,3,1,30,10,12:23:00,
834,605,19,4,25,13,10:37:00,
835,605,1,5,31,1,11:16:00,
836,606,3,6,34,5,14:58:00,
837,606,1,8,31,5,14:44:00,
838,607,19,2,26,5,17:01:00,
839,608,3,2,32,13,11:32:00,
840,608,1,5,39,2,11:08:00,
841,609,2,6,37,12,17:11:00,
842,609,1,5,30,10,16:38:00,
843,609,4,7,36,2,17:30:00,
844,610,3,3,41,6,11:08:00,
845,610,1,8,27,11,10:59:00,
846,611,19,4,24,1,16:07:00,
847,612,3,4,31,1,18:05:00,
848,613,1,4,37,1,15:19:00,
849,614,4,2,30,5,14:05:00,
850,614,19,7,24,3,14:12:00,
851,615,4,7,21,4,16:39:00,
852,616,2,3,32,1,17:17:00,
853,616,3,8,29,2,17:27:00,
854,617,19,5,36,7,11:05:00,
855,618,19,1,32,5,13:29:00,
856,618,4,1,34,1,12:51:00,
857,618,1,7,29,4,12:22:00,
858,619,3,1,33,13,10:40:00,
859,620,2,4,38,3,16:36:00,
860,621,4,1,40,3,09:55:00,
861,621,19,3,31,12,10:20:00,
862,622,1,5,27,12,12:44:00,
863,623,4,7,31,3,14:58:00,
864,624,3,7,24,3,11:06:00,
865,624,4,5,31,6,11:25:00,
866,625,3,8,33,13,09:28:00,
867,625,19,7,34,3,09:32:00,
868,626,1,4,29,13,16:40:00,
869,626,4,7,29,3,17:05:00,
870,627,3,3,39,4,16:18:00,
871,627,1,6,21,14,16:45:00,
872,627,2,6,39,2,16:23:00,
873,628,3,8,29,5,14:50:00,
874,628,2,5,38,11,14:54:00,
875,628,19,4,37,4,14:52:00,
876,629,3,4,40,4,14:36:00,
877,629,19,1,28,11,14:49:00,
878,630,19,8,22,1,11:35:00,
879,631,4,4,37,7,14:36:00,
880,631,3,2,45,12,13:54:00,
881,632,1,5,37,13,11:40:00,
882,633,19,7,30,14,14:21:00,
883,634,2,1,45,12,12:34:00,
884,635,4,2,37,13,13:10:00,
885,635,1,7,42,2,13:14:00,
886,636,1,7,35,14,14:22:00,
887,636,3,7,32,1,14:43:00,
888,637,1,4,38,7,11:46:00,
889,638,3,3,27,7,11:46:00,
890,638,4,4,33,6,11:29:00,
891,639,1,2,30,1,16:38:00,
892,639,2,3,27,14,17:26:00,
893,640,2,8,19,11,18:33:00,
894,640,19,8,32,12,17:19:00,
895,641,4,3,42,7,14:39:00,
896,642,3,1,27,10,16:49:00,
897,643,2,5,21,3,13:24:00,
898,644,1,2,37,7,10:57:00,
899,644,4,5,43,2,11:18:00,
900,645,1,3,15,5,13:49:00,
901,646,4,7,29,1,13:30:00,
902,646,19,3,16,12,13:21:00,
903,646,2,8,44,3,13:25:00,
904,647,1,4,27,14,11:52:00,
905,648,1,8,33,14,11:45:00,
906,649,3,6,28,11,13:21:00,
907,650,4,2,22,2,14:32:00,
908,650,3,6,38,14,13:40:00,
909,651,1,7,13,4,12:41:00,
910,652,1,6,24,12,10:48:00,
911,652,3,5,42,12,11:08:00,
912,652,19,6,35,7,10:59:00,
913,653,19,1,37,3,17:06:00,
914,654,3,6,27,13,12:27:00,
915,655,2,1,33,11,10:26:00,
916,656,3,2,22,4,12:35:00,
917,656,1,7,33,12,12:35:00,
918,657,3,1,46,3,14:31:00,
919,658,3,7,41,12,11:23:00,
920,658,1,8,20,12,10:28:00,
921,659,3,8,23,14,15:49:00,
922,660,2,6,31,14,11:50:00,
923,660,19,2,39,5,11:15:00,
924,661,1,3,42,11,15:34:00,
925,662,1,2,24,5,13:34:00,
926,662,4,4,26,11,13:49:00,
927,662,19,1,41,5,13:14:00,
928,663,1,5,17,11,09:51:00,
929,663,2,8,34,10,10:33:00,
930,663,3,3,32,11,09:33:00,
931,664,19,8,37,1,14:36:00,
932,664,2,3,30,13,14:11:00,
933,665,19,3,25,14,10:29:00,
934,665,4,7,47,13,11:19:00,
935,666,4,4,22,6,15:22:00,
936,666,2,6,19,6,16:11:00,
937,667,1,2,19,4,15:56:00,
938,667,2,1,37,14,16:08:00,
939,668,19,8,32,11,15:26:00,
940,669,4,6,30,12,13:56:00,
941,669,1,6,20,6,13:55:00,
942,670,19,1,27,12,14:42:00,
943,671,1,8,35,6,14:35:00,
944,672,4,1,24,14,17:39:00,
945,672,1,2,31,3,17:36:00,
946,673,19,1,22,12,17:07:00,
947,673,3,1,28,11,17:03:00,
948,674,19,8,34,1,12:52:00,
949,674,3,8,28,1,13:10:00,
950,674,1,5,32,11,13:51:00,
951,675,3,8,37,11,16:04:00,
952,676,4,6,11,7,12:20:00,
953,676,3,5,29,5,11:54:00,
954,677,19,6,30,7,11:04:00,
955,678,3,3,33,11,12:33:00,
956,678,1,1,45,14,11:14:00,
957,679,2,8,25,7,11:34:00,
958,679,3,2,41,6,11:15:00,
959,680,2,4,46,10,11:05:00,
960,681,3,7,30,10,10:57:00,
961,681,2,4,36,6,10:59:00,
962,681,19,8,21,12,10:16:00,
963,682,19,2,24,1,10:48:00,
964,683,2,2,25,10,11:13:00,
965,684,2,8,41,14,09:24:00,
966,685,2,4,31,12,15:29:00,
967,686,3,1,35,11,15:55:00,
968,686,4,7,16,4,15:59:00,
969,687,4,2,31,13,13:16:00,
970,687,1,2,34,5,13:03:00,
971,688,3,5,38,6,14:12:00,
972,688,4,6,29,2,14:13:00,
973,689,2,2,31,7,11:14:00,
974,690,1,7,30,12,16:49:00,
975,691,1,6,40,2,10:44:00,
976,691,3,3,36,13,11:15:00,
977,692,1,6,52,11,12:15:00,
978,693,4,6,27,13,12:53:00,
979,694,1,6,35,13,10:38:00,
980,694,2,8,41,1,10:43:00,
981,695,4,4,39,5,17:10:00,
982,696,2,2,32,5,11:23:00,
983,696,19,4,43,2,11:26:00,
984,697,2,1,37,6,14:19:00,
985,697,1,2,43,11,15:31:00,
986,698,3,3,29,13,16:15:00,
987,698,4,2,15,2,16:37:00,
988,699,2,1,31,3,11:26:00,
989,699,4,3,29,3,11:44:00,
990,700,1,8,19,2,17:23:00,
991,700,4,7,28,2,16:51:00,
992,701,19,8,46,5,10:12:00,
993,701,3,3,38,11,10:55:00,
994,702,4,2,30,4,13:08:00,
995,703,19,2,19,12,13:39:00,
996,703,3,8,38,11,13:26:00,
997,704,4,1,25,14,11:35:00,
998,704,19,1,22,11,11:06:00,
999,705,2,5,29,3,14:52:00,
1000,706,1,3,41,7,12:38:00,
1001,707,19,2,25,4,16:11:00,
1002,707,3,4,25,11,15:40:00,
1003,708,2,2,43,13,11:44:00,
1004,708,19,3,17,13,11:26:00,
1005,709,2,1,30,5,10:50:00,
1006,709,4,1,41,6,11:44:00,
1007,710,1,2,24,10,15:03:00,
1008,710,3,2,27,4,14:47:00,
1009,711,2,1,32,3,10:34:00,
1010,712,1,3,38,3,15:32:00,
1011,713,3,8,35,6,12:38:00,
1012,713,1,5,41,1,12:54:00,
1013,714,1,5,25,1,12:20:00,
1014,714,4,2,26,10,12:53:00,
1015,715,2,1,56,1,12:30:00,
1016,715,1,2,31,10,11:54:00,
1017,715,19,5,41,11,12:12:00,
1018,716,1,4,27,5,09:43:00,
1019,717,3,1,38,5,13:51:00,
1020,718,19,7,33,4,10:49:00,
1021,719,19,6,13,7,13:16:00,
1022,719,1,7,30,4,12:26:00,
1023,719,2,6,31,11,12:58:00,
1024,720,3,2,47,4,12:36:00,
1025,721,3,2,28,4,13:35:00,
1026,722,4,8,37,11,16:22:00,
1027,723,4,2,40,7,12:48:00,
1028,724,4,7,23,11,14:06:00,
1029,724,19,1,14,2,13:46:00,
1030,724,1,1,43,10,13:40:00,
1031,725,1,3,35,12,15:13:00,
1032,726,3,2,12,3,15:02:00,
1033,726,4,4,28,14,14:10:00,
1034,727,2,3,30,14,18:01:00,
1035,728,2,3,37,5,13:04:00,
1036,729,4,3,41,14,15:37:00,
1037,730,1,2,46,6,16:06:00,
1038,730,3,5,22,10,16:15:00,
1039,731,3,6,41,10,17:19:00,
1040,732,1,1,27,12,10:21:00,
1041,732,2,6,40,2,10:01:00,
1042,732,3,6,37,10,09:53:00,
1043,733,4,2,37,11,11:12:00,
1044,733,19,8,33,6,12:11:00,
1045,734,2,8,25,4,13:20:00,
1046,734,4,7,32,6,13:01:00,
1047,734,3,3,35,2,13:28:00,
1048,735,3,1,38,6,11:18:00,
1049,736,3,8,37,11,13:17:00,
1050,737,4,2,27,2,16:49:00,
1051,738,1,5,44,14,13:52:00,
1052,738,4,6,23,6,14:35:00,
1053,739,19,5,17,11,13:22:00,
1054,739,2,3,22,4,13:12:00,
1055,740,3,7,26,1,11:42:00,
1056,740,1,5,27,3,11:33:00,
1057,741,4,8,26,6,15:41:00,
1058,742,19,1,37,13,14:54:00,
1059,743,1,4,31,1,10:55:00,
1060,744,2,7,23,14,17:25:00,
1061,745,2,6,38,13,16:17:00,
1062,746,2,8,35,3,11:59:00,
1063,747,2,3,25,1,11:26:00,
1064,747,1,2,43,7,11:54:00,
1065,747,3,7,28,7,11:39:00,
1066,748,2,4,27,5,10:06:00,
1067,748,1,4,34,3,11:11:00,
1068,749,1,3,41,14,13:22:00,
1069,749,3,4,26,11,13:25:00,
1070,750,1,5,27,6,14:09:00,
1071,750,4,5,24,5,14:47:00,
1072,751,3,8,27,6,09:31:00,
1073,751,4,6,36,13,09:27:00,
1074,752,2,1,31,6,12:44:00,
1075,752,1,4,44,12,12:30:00,
1076,753,2,8,29,12,12:06:00,
1077,754,3,1,41,7,13:38:00,
1078,755,2,3,26,6,17:01:00,
1079,756,3,7,23,5,17:00:00,
1080,756,2,3,42,3,17:20:00,
1081,757,19,5,47,2,10:46:00,
1082,757,4,3,31,5,10:37:00,
1083,757,1,5,23,7,10:45:00,
1084,758,4,4,43,14,13:38:00,
1085,759,1,1,10,10,16:56:00,
1086,760,1,5,43,5,15:15:00,
1087,761,19,5,36,5,16:06:00,
1088,761,3,5,50,2,16:32:00,
1089,761,2,5,38,13,17:06:00,
1090,762,19,3,24,1,11:05:00,
1091,762,1,4,28,2,10:41:00,
1092,763,2,3,18,11,14:36:00,
1093,763,4,5,40,6,13:50:00,
1094,764,2,6,40,1,10:38:00,
1095,765,1,1,12,2,10:07:00,
1096,766,2,6,18,6,10:07:00,
1097,766,4,7,40,14,10:41:00,
1098,767,4,2,29,13,16:36:00,
1099,767,3,1,26,3,15:20:00,
1100,768,4,6,36,2,10:00:00,
1101,768,2,7,28,14,09:22:00,
1102,769,19,8,32,14,11:47:00,
1103,769,1,2,32,2,10:53:00,
1104,770,1,1,32,3,15:50:00,
1105,770,3,1,24,12,16:06:00,
1106,770,4,7,35,6,15:43:00,
1107,771,4,3,31,2,15:19:00,
1108,772,4,8,37,14,16:24:00,
1109,772,2,5,25,1,15:53:00,
1110,773,3,8,31,13,12:17:00,
1111,773,2,5,40,4,12:10:00,
1112,774,2,7,27,4,14:28:00,
1113,774,3,1,32,4,13:54:00,
1114,774,4,8,37,11,14:22:00,
1115,775,19,3,22,10,14:22:00,
1116,775,1,5,30,5,14:26:00,
1117,775,4,8,35,11,13:42:00,
1118,776,1,7,24,10,18:05:00,
1119,776,19,2,31,7,17:10:00,
1120,776,4,4,40,12,17:21:00,
1121,777,2,7,39,5,14:55:00,
1122,777,4,6,36,7,15:12:00,
1123,778,2,1,43,12,17:33:00,
1124,779,3,8,40,13,16:00:00,
1125,779,4,7,38,14,15:38:00,
1126,780,2,7,26,13,14:51:00,
1127,780,3,2,23,10,14:31:00,
1128,780,19,7,20,13,13:57:00,
1129,781,4,5,34,5,12:47:00,
1130,781,19,7,39,4,12:51:00,
1131,782,19,8,32,2,10:59:00,
1132,782,4,2,37,5,09:48:00,
1133,783,68,8,40,1,14:02:00,
1134,784,2,5,26,13,11:49:00,
1135,784,4,6,19,13,11:56:00,
1136,785,3,2,35,10,11:35:00,
1137,785,1,4,40,5,12:04:00,
1138,785,19,5,34,3,11:50:00,
1139,786,3,8,31,7,16:17:00,
1140,786,2,8,37,6,16:29:00,
1141,787,2,4,38,3,14:21:00,
1142,788,2,8,24,1,10:42:00,
1143,789,4,4,19,13,16:55:00,
1144,790,1,1,41,11,11:50:00,
1145,791,2,7,21,2,10:56:00,
1146,792,3,2,43,7,14:07:00,
1147,792,2,7,31,13,14:08:00,
1148,793,1,7,32,10,15:35:00,
1149,794,68,5,40,10,14:07:00,
1150,794,19,2,27,3,14:34:00,
1151,795,4,5,33,6,14:39:00,
1152,795,19,5,36,10,15:11:00,
1153,796,19,1,38,3,11:41:00,
1154,797,68,1,17,3,11:00:00,
1155,798,1,1,39,7,13:36:00,
1156,799,1,6,26,1,16:22:00,
1157,799,2,4,29,6,15:39:00,
1158,800,19,6,31,11,10:03:00,
1159,800,1,2,19,2,09:48:00,
1160,800,4,6,38,7,09:25:00,
1161,801,68,8,24,11,11:28:00,
1162,802,4,3,24,5,13:16:00,
1163,803,68,6,32,11,12:43:00,
1164,804,1,8,37,5,13:30:00,
1165,804,4,3,35,6,13:15:00,
1166,805,3,3,45,7,09:22:00,
1167,806,3,3,30,13,17:41:00,
1168,806,4,1,32,4,17:46:00,
1169,807,3,6,24,6,12:09:00,
1170,808,4,2,32,3,10:10:00,
1171,808,3,7,29,1,10:11:00,
1172,809,4,1,22,11,15:14:00,
1173,810,2,7,33,7,16:20:00,
1174,811,68,1,28,4,15:52:00,
1175,812,1,3,31,5,15:06:00,
1176,812,68,5,34,4,15:48:00,
1177,813,1,3,30,13,09:52:00,
1178,813,2,1,17,1,10:03:00,
1179,814,4,8,28,14,10:47:00,
1180,814,2,2,26,14,10:38:00,
1181,815,1,6,27,4,10:46:00,
1182,815,68,5,25,14,10:16:00,
1183,815,19,3,29,13,10:01:00,
1184,816,3,8,31,13,11:54:00,
1185,816,19,8,31,2,11:40:00,
1186,816,68,8,35,13,11:54:00,
1187,817,3,1,33,7,12:05:00,
1188,818,19,6,33,6,14:56:00,
1189,818,4,5,41,1,15:22:00,
1190,819,1,2,31,10,15:14:00,
1191,820,3,5,29,1,12:48:00,
1192,820,68,6,11,7,12:44:00,
1193,821,2,4,36,1,16:39:00,
1194,822,4,6,42,11,14:06:00,
1195,822,68,7,24,11,14:40:00,
1196,823,3,1,36,2,16:22:00,
1197,823,1,7,37,13,16:23:00,
1198,823,19,2,36,4,15:36:00,
1199,824,68,5,20,10,14:08:00,
1200,824,2,3,32,6,14:47:00,
1201,825,2,5,36,2,10:53:00,
1202,826,3,1,33,11,12:47:00,
1203,826,2,1,31,1,12:46:00,
1204,826,1,7,31,12,12:24:00,
1205,827,4,5,30,10,16:07:00,
1206,828,19,6,29,11,14:37:00,
1207,829,2,2,31,12,10:45:00,
1208,829,1,2,17,10,09:38:00,
1209,830,3,7,21,1,14:55:00,
1210,830,19,4,28,5,14:41:00,
1211,831,2,4,24,13,15:47:00,
1212,831,3,4,37,12,15:55:00,
1213,831,1,7,27,11,16:06:00,
1214,832,68,8,38,3,16:11:00,
1215,832,1,6,35,6,16:17:00,
1216,832,2,3,22,11,16:42:00,
1217,833,4,4,27,13,16:15:00,
1218,834,68,5,43,5,12:57:00,
1219,834,2,6,30,10,14:04:00,
1220,835,68,1,21,4,11:11:00,
1221,835,3,1,36,7,11:35:00,
1222,836,3,5,40,14,11:23:00,
1223,837,19,3,44,2,13:23:00,
1224,837,4,3,39,12,13:23:00,
1225,838,68,8,33,2,13:32:00,
1226,839,2,3,18,5,12:43:00,
1227,839,4,8,37,1,12:03:00,
1228,839,3,8,37,5,11:46:00,
1229,840,1,6,30,14,14:55:00,
1230,841,2,7,41,5,11:37:00,
1231,841,19,3,53,10,11:00:00,
1232,842,1,2,27,3,11:26:00,
1233,843,68,3,45,6,15:37:00,
1234,843,4,7,39,5,14:23:00,
1235,844,1,1,30,12,12:53:00,
1236,844,19,1,39,13,13:29:00,
1237,845,3,5,32,1,10:26:00,
1238,846,4,8,41,11,09:42:00,
1239,847,1,7,27,1,15:51:00,
1240,848,4,7,38,5,14:45:00,
1241,849,1,6,38,2,13:40:00,
1242,850,3,1,43,1,15:55:00,
1243,851,1,1,17,1,15:11:00,
1244,851,2,7,16,14,15:07:00,
1245,852,3,1,35,14,09:40:00,
1246,852,2,1,28,5,10:04:00,
1247,853,1,4,25,1,12:14:00,
1248,853,3,5,28,1,12:10:00,
1249,854,4,3,28,11,12:25:00,
1250,855,1,4,39,7,12:05:00,
1251,856,68,5,37,13,12:41:00,
1252,856,3,7,40,12,12:04:00,
1253,857,3,6,20,5,17:09:00,
1254,858,2,2,21,1,16:09:00,
1255,858,68,8,30,5,15:40:00,
1256,859,19,4,20,1,10:35:00,
1257,860,2,6,42,10,14:42:00,
1258,860,3,5,42,14,14:39:00,
1259,861,68,3,18,14,10:06:00,
1260,861,1,6,27,2,10:53:00,
1261,862,3,4,37,1,09:36:00,
1262,863,19,3,24,14,14:05:00,
1263,863,2,8,34,11,13:45:00,
1264,864,1,1,8,4,11:59:00,
1265,864,2,7,33,10,11:36:00,
1266,865,68,3,20,11,13:29:00,
1267,865,19,3,26,12,13:45:00,
1268,866,1,1,18,3,11:24:00,
1269,866,2,7,29,7,12:07:00,
1270,867,3,5,43,11,15:01:00,
1271,867,4,8,38,1,15:16:00,
1272,868,4,6,31,1,16:46:00,
1273,868,68,1,35,5,16:20:00,
1274,869,19,5,28,5,13:33:00,
1275,869,1,7,26,2,13:49:00,
1276,870,2,7,29,12,15:38:00,
1277,871,1,7,31,4,14:06:00,
1278,871,3,2,36,14,14:57:00,
1279,872,2,4,13,14,15:00:00,
1280,872,19,5,45,2,14:03:00,
1281,872,3,5,37,7,15:16:00,
1282,873,2,8,41,1,09:25:00,
1283,874,3,4,39,3,13:44:00,
1284,875,3,6,25,3,14:29:00,
1285,875,68,8,32,11,14:25:00,
1286,876,4,7,43,14,12:22:00,
1287,877,2,2,36,4,15:38:00,
1288,877,4,3,36,3,16:39:00,
1289,877,68,3,34,6,16:04:00,
1290,878,2,8,37,2,13:47:00,
1291,878,68,1,17,3,13:34:00,
1292,878,1,4,37,1,13:42:00,
1293,879,19,4,28,5,12:42:00,
1294,879,1,5,38,12,12:44:00,
1295,880,68,4,34,14,14:32:00,
1296,881,19,2,16,10,13:24:00,
1297,882,68,5,29,3,11:05:00,
1298,882,3,3,22,3,11:00:00,
1299,883,19,3,29,2,15:17:00,
1300,884,2,5,35,6,14:34:00,
1301,884,3,2,33,5,15:24:00,
1302,885,4,2,44,4,10:05:00,
1303,886,4,2,19,10,12:06:00,
1304,887,19,7,34,6,13:31:00,
1305,888,4,8,39,5,12:08:00,
1306,888,68,5,53,12,12:52:00,
1307,888,19,5,22,12,14:01:00,
1308,889,1,8,29,10,16:54:00,
1309,890,2,6,39,14,11:13:00,
1310,890,68,7,47,10,10:55:00,
1311,891,4,2,46,2,17:07:00,
1312,891,68,7,43,3,17:47:00,
1313,892,19,6,29,13,14:06:00,
1314,892,1,1,43,11,13:42:00,
1315,893,3,7,29,2,09:11:00,
1316,893,4,8,39,2,09:36:00,
1317,894,4,3,36,1,16:50:00,
1318,894,19,3,28,11,16:56:00,
1319,894,1,6,31,1,17:21:00,
1320,895,4,7,22,1,17:37:00,
1321,895,2,3,32,5,17:35:00,
1322,896,2,3,35,4,13:38:00,
1323,896,4,5,28,3,14:24:00,
1324,897,1,6,34,7,16:13:00,
1325,897,68,1,15,6,16:06:00,
1326,897,4,5,53,2,17:29:00,
1327,898,19,3,36,14,11:08:00,
1328,898,3,5,44,10,11:13:00,
1329,899,19,4,45,1,11:48:00,
1330,899,3,4,25,4,11:42:00,
1331,900,68,2,40,11,16:52:00,
1332,901,1,8,30,6,14:24:00,
1333,901,2,8,48,10,15:01:00,
1334,902,3,6,35,6,15:24:00,
1335,902,1,1,39,10,15:03:00,
1336,903,3,6,23,5,12:23:00,
1337,903,4,4,33,3,12:05:00,
1338,903,19,1,30,4,12:16:00,
1339,904,2,2,35,14,10:22:00,
1340,904,4,1,38,3,10:41:00,
1341,904,19,7,28,2,10:28:00,
1342,905,1,7,39,7,09:45:00,
1343,906,2,8,31,4,12:38:00,
1344,906,4,4,30,14,12:26:00,
1345,907,68,2,35,3,11:00:00,
1346,908,1,7,35,1,16:58:00,
1347,909,3,6,41,11,11:31:00,
1348,910,2,1,32,13,15:33:00,
1349,910,4,8,39,1,15:28:00,
1350,911,2,8,36,4,14:07:00,
1351,911,68,1,38,13,13:31:00,
1352,911,3,1,16,3,13:50:00,
1353,912,2,3,34,4,13:34:00,
1354,913,1,2,30,3,13:47:00,
1355,913,4,3,32,11,13:48:00,
1356,913,19,2,29,14,13:35:00,
1357,914,1,8,32,5,15:48:00,
1358,915,2,8,30,2,15:25:00,
1359,916,68,6,41,7,15:21:00,
1360,917,19,6,30,4,12:55:00,
1361,917,3,5,37,6,12:57:00,
1362,918,19,7,34,7,15:42:00,
1363,918,3,4,35,14,15:37:00,
1364,919,2,7,18,12,13:17:00,
1365,920,2,1,21,7,16:39:00,
1366,921,4,3,35,5,16:15:00,
1367,922,4,4,42,14,09:14:00,
1368,922,3,8,38,10,09:42:00,
1369,922,2,2,38,1,09:38:00,
1370,923,68,8,32,5,10:05:00,
1371,924,2,3,14,3,09:52:00,
1372,925,19,1,57,7,13:37:00,
1373,925,2,3,24,12,13:45:00,
1374,926,4,2,24,7,15:21:00,
1375,927,1,3,33,3,10:36:00,
1376,928,4,6,41,10,12:12:00,
1377,928,1,8,31,6,12:18:00,
1378,929,3,5,33,10,12:05:00,
1379,929,1,2,41,4,12:28:00,
1380,929,2,6,26,6,11:42:00,
1381,930,2,3,31,7,16:11:00,
1382,930,19,2,22,12,15:25:00,
1383,931,19,2,33,5,15:20:00,
1384,932,68,6,39,1,12:38:00,
1385,933,1,7,35,14,11:56:00,
1386,933,68,4,40,10,11:56:00,
1387,934,19,5,40,3,15:43:00,
1388,935,19,8,38,13,10:32:00,
1389,936,19,4,39,2,17:22:00,
1390,936,4,1,29,12,17:23:00,
1391,937,4,8,27,3,15:28:00,
1392,937,3,6,28,2,15:40:00,
1393,938,68,6,23,3,15:50:00,
1394,939,4,8,17,12,16:58:00,
1395,939,19,2,45,13,16:32:00,
1396,940,3,7,30,14,12:30:00,
1397,940,68,3,37,7,11:27:00,
1398,941,1,6,33,4,12:23:00,
1399,942,68,6,33,3,17:00:00,
1400,942,4,2,43,2,17:40:00,
1401,943,4,7,40,3,11:36:00,
1402,943,2,8,33,1,11:09:00,
1403,944,1,8,35,4,11:10:00,
1404,944,2,6,33,2,11:10:00,
1405,944,3,3,29,4,11:16:00,
1406,945,2,4,36,2,17:37:00,
1407,945,1,4,31,11,17:27:00,
1408,945,19,1,31,4,17:04:00,
1409,946,4,1,26,6,13:18:00,
1410,947,1,5,32,11,17:10:00,
1411,947,3,7,39,14,17:15:00,
1412,948,1,7,21,5,15:20:00,
1413,948,19,1,21,7,15:05:00,
1414,949,68,6,22,7,10:06:00,
1415,950,2,4,41,12,10:27:00,
1416,950,1,7,34,2,10:31:00,
1417,951,3,1,34,5,13:00:00,
1418,951,2,3,36,4,13:03:00,
1419,952,19,2,14,6,16:04:00,
1420,952,68,7,19,14,16:09:00,
1421,952,2,4,27,11,16:13:00,
1422,953,19,4,25,6,17:30:00,
1423,954,19,4,27,11,10:44:00,
1424,955,1,2,18,12,11:49:00,
1425,955,2,5,35,2,12:04:00,
1426,956,1,8,34,3,14:34:00,
1427,956,68,2,25,3,13:53:00,
1428,957,68,7,36,4,12:07:00,
1429,958,19,2,21,10,12:08:00,
1430,958,2,3,45,4,12:06:00,
1431,958,4,5,40,12,12:11:00,
1432,959,2,2,37,1,10:10:00,
1433,960,2,2,28,7,09:25:00,
1434,960,3,8,34,2,09:46:00,
1435,961,2,3,39,4,12:22:00,
1436,962,68,1,23,12,16:02:00,
1437,963,4,6,22,4,12:02:00,
1438,964,68,4,41,11,11:55:00,
1439,964,19,8,41,14,12:33:00,
1440,965,68,2,30,3,16:20:00,
1441,965,2,5,50,1,16:44:00,
1442,966,19,5,32,3,11:56:00,
1443,966,2,3,48,10,12:05:00,
1444,967,1,2,38,11,16:45:00,
1445,968,2,6,39,7,09:36:00,
1446,968,1,7,33,6,10:00:00,
1447,969,19,8,15,3,12:57:00,
1448,969,2,4,47,4,12:44:00,
1449,970,2,2,36,5,13:11:00,
1450,971,2,5,28,12,16:58:00,
1451,971,1,7,26,1,17:00:00,
1452,972,2,5,28,1,12:44:00,
1453,973,68,8,35,13,17:03:00,
1454,974,68,6,23,1,10:04:00,
1455,974,4,4,44,1,10:38:00,
1456,974,1,1,30,12,10:31:00,
1457,975,68,5,39,14,13:07:00,
1458,976,4,3,30,1,17:40:00,
1459,976,19,1,34,13,17:31:00,
1460,976,1,2,22,3,18:16:00,
1461,977,68,1,23,5,13:24:00,
1462,977,3,8,37,6,12:22:00,
1463,978,3,1,39,6,11:07:00,
1464,979,4,3,42,14,11:06:00,
1465,979,2,7,35,11,11:07:00,
1466,980,4,4,48,10,12:46:00,
1467,981,68,1,19,13,14:16:00,
1468,982,1,3,29,12,15:51:00,
1469,982,2,8,42,5,15:35:00,
1470,982,3,5,24,14,15:50:00,
1471,983,1,8,31,13,16:56:00,
1472,984,19,4,29,5,15:16:00,
1473,984,68,7,34,7,14:53:00,
1474,985,3,5,29,3,15:30:00,
1475,986,2,7,38,3,14:39:00,
1476,986,3,7,29,7,13:51:00,
1477,986,19,4,30,5,13:10:00,
1478,987,19,8,37,1,11:24:00,
1479,988,19,2,18,13,09:19:00,
1480,988,68,2,30,6,09:50:00,
1481,989,1,1,32,14,17:18:00,
1482,989,2,6,34,1,17:08:00,
1483,990,1,1,37,13,09:39:00,
1484,991,19,4,37,10,14:29:00,
1485,992,4,3,28,3,14:15:00,
1486,992,3,4,27,11,15:30:00,
1487,993,3,8,32,5,10:21:00,
1488,994,3,8,26,5,18:26:00,
1489,995,1,4,25,1,16:58:00,
1490,995,2,2,20,5,16:21:00,
1491,996,68,7,38,2,14:25:00,
1492,997,19,1,28,2,17:02:00,
1493,998,68,6,36,3,14:22:00,
1494,999,2,6,25,5,10:09:00,
1495,1000,3,7,26,13,13:35:00,
1496,1000,19,6,22,14,14:14:00,
1497,1001,68,5,52,12,14:06:00,
1498,1002,68,4,35,2,13:00:00,
1499,1002,2,3,34,1,13:25:00,
1500,1002,3,1,26,12,12:27:00,
1501,1003,4,7,14,12,11:02:00,
1502,1004,68,1,31,1,10:16:00,
1503,1004,1,3,33,10,10:34:00,
1504,1004,2,5,35,13,10:14:00,
1505,1005,2,1,41,6,11:29:00,
1506,1006,19,6,16,10,11:11:00,
1507,1007,1,3,33,10,13:08:00,
1508,1007,19,2,31,1,12:47:00,
1509,1007,68,1,45,7,12:59:00,
1510,1008,2,3,24,13,16:59:00,
1511,1008,19,1,22,2,16:57:00,
1512,1009,19,5,20,4,17:43:00,
1513,1009,68,8,33,5,17:53:00,
1514,1010,3,3,27,12,14:41:00,
1515,1010,68,1,26,7,13:57:00,
1516,1011,2,3,37,2,14:48:00,
1517,1011,1,8,32,11,14:08:00,
1518,1012,19,7,17,1,09:51:00,
1519,1013,3,6,31,14,14:07:00,
1520,1013,4,3,33,5,14:24:00,
1521,1014,1,5,30,7,14:50:00,
1522,1015,68,4,56,5,09:35:00,
1523,1016,4,6,32,6,16:12:00,
1524,1016,68,2,34,7,16:11:00,
1525,1016,3,1,22,3,15:54:00,
1526,1017,1,3,30,11,16:54:00,
1527,1017,4,8,26,3,16:28:00,
1528,1018,3,4,27,13,09:19:00,
1529,1019,3,6,14,5,11:36:00,
1530,1020,4,8,42,7,12:29:00,
1531,1020,3,3,48,7,12:27:00,
1532,1021,4,5,40,4,15:11:00,
1533,1022,1,4,22,1,12:08:00,
1534,1023,3,3,39,11,15:07:00,
1535,1023,2,6,24,2,15:49:00,
1536,1024,3,8,41,1,14:15:00,
1537,1025,19,8,41,5,15:10:00,
1538,1025,1,5,33,11,14:48:00,
1539,1026,19,8,38,13,09:34:00,
1540,1027,1,2,32,13,16:38:00,
1541,1027,2,6,37,6,15:35:00,
1542,1027,19,6,31,14,16:53:00,
1543,1028,19,2,35,6,13:40:00,
1544,1028,2,5,28,14,13:00:00,
1545,1029,68,1,23,6,09:47:00,
1546,1030,4,3,28,13,17:38:00,
1547,1031,2,3,34,10,13:47:00,
1548,1031,4,8,42,11,14:01:00,
1549,1031,19,2,13,3,13:46:00,
1550,1032,1,8,42,5,09:23:00,
1551,1032,19,8,26,10,09:07:00,
1552,1033,2,4,37,14,14:51:00,
1553,1034,1,1,33,3,13:54:00,
1554,1034,2,8,31,12,13:08:00,
1555,1034,4,3,40,12,13:16:00,
1556,1035,1,2,27,6,16:47:00,
1557,1035,2,2,38,4,15:15:00,
1558,1036,68,1,15,4,11:14:00,
1559,1037,3,2,15,1,14:26:00,
1560,1037,68,3,32,5,15:55:00,
1561,1037,1,4,32,2,14:12:00,
1562,1038,19,5,44,3,12:49:00,
1563,1038,1,2,34,6,12:46:00,
1564,1039,19,2,23,13,10:34:00,
1565,1040,2,5,16,10,14:12:00,
1566,1040,19,3,30,5,14:25:00,
1567,1040,1,8,20,7,14:08:00,
1568,1041,19,3,23,4,14:13:00,
1569,1042,3,8,39,2,09:36:00,
1570,1042,1,3,28,2,09:53:00,
1571,1042,19,2,48,4,09:21:00,
1572,1043,19,8,39,3,10:33:00,
1573,1043,3,3,43,4,10:48:00,
1574,1044,2,1,31,7,17:30:00,
1575,1045,19,1,29,3,15:39:00,
1576,1045,68,5,40,4,15:38:00,
1577,1046,2,4,36,5,13:18:00,
1578,1047,3,6,31,4,16:21:00,
1579,1048,2,2,39,7,14:43:00,
1580,1048,19,3,39,13,15:14:00,
1581,1048,4,3,45,11,13:26:00,
1582,1049,3,8,25,1,15:40:00,
1583,1050,68,2,42,13,10:44:00,
1584,1051,19,5,57,11,10:49:00,
1585,1052,3,8,42,7,15:39:00,
1586,1052,2,4,41,12,15:03:00,
1587,1052,4,2,31,2,15:11:00,
1588,1053,4,2,16,12,15:19:00,
1589,1054,4,8,26,4,12:51:00,
1590,1054,2,6,46,14,13:40:00,
1591,1055,4,6,42,14,16:19:00,
1592,1056,3,2,38,10,11:26:00,
1593,1056,2,1,34,1,11:40:00,
1594,1056,4,6,31,12,11:42:00,
1595,1057,3,5,20,7,13:06:00,
1596,1057,4,4,33,4,12:45:00,
1597,1058,3,2,20,7,14:30:00,
1598,1058,2,5,42,13,14:36:00,
1599,1059,3,6,39,13,16:27:00,
1600,1059,2,3,28,2,17:29:00,
1601,1060,19,5,22,11,12:15:00,
1602,1061,4,1,33,13,11:33:00,
1603,1061,2,4,32,13,12:04:00,
1604,1062,68,7,19,5,16:09:00,
1605,1063,1,1,40,5,11:13:00,
1606,1063,2,3,29,3,11:10:00,
1607,1064,2,6,12,2,17:54:00,
1608,1064,3,4,40,6,17:20:00,
1609,1065,3,5,32,4,13:37:00,
1610,1066,19,5,25,7,10:24:00,
1611,1066,1,7,31,13,09:49:00,
1612,1067,4,5,29,3,14:58:00,
1613,1067,1,1,32,11,15:33:00,
1614,1067,19,2,39,6,15:20:00,
1615,1068,3,8,38,6,15:39:00,
1616,1068,19,8,24,3,16:06:00,
1617,1069,1,1,48,2,12:28:00,
1618,1070,68,1,25,5,14:28:00,
1619,1070,4,5,39,14,15:19:00,
1620,1070,1,2,30,12,14:08:00,
1621,1071,68,4,20,3,13:26:00,
1622,1071,19,5,30,3,14:02:00,
1623,1072,4,8,35,2,09:27:00,
1624,1073,68,8,23,12,13:21:00,
1625,1073,19,2,19,1,13:22:00,
1626,1074,19,4,36,4,15:39:00,
1627,1074,68,7,39,13,15:40:00,
1628,1075,2,7,51,4,17:51:00,
1629,1076,3,4,26,5,13:04:00,
1630,1076,4,3,25,6,12:24:00,
1631,1077,1,8,35,1,17:09:00,
1632,1077,4,3,37,10,17:23:00,
1633,1078,2,2,35,3,10:12:00,
1634,1078,3,7,23,14,10:24:00,
1635,1079,19,4,29,7,13:35:00,
1636,1080,1,3,26,7,16:41:00,
1637,1081,2,3,25,13,11:54:00,
1638,1081,3,2,32,6,12:35:00,
1639,1081,4,8,38,7,11:34:00,
1640,1082,4,2,37,11,10:15:00,
1641,1082,1,8,6,14,10:26:00,
1642,1083,4,8,23,4,12:33:00,
1643,1083,2,2,28,3,13:08:00,
1644,1084,68,6,31,7,15:54:00,
1645,1084,1,7,36,5,15:55:00,
1646,1084,19,4,41,1,14:46:00,
1647,1085,1,4,29,7,14:00:00,
1648,1086,3,8,24,11,11:16:00,
1649,1087,68,5,23,13,11:44:00,
1650,1087,1,7,39,3,11:09:00,
1651,1087,3,7,28,6,11:25:00,
1652,1088,3,5,48,1,11:32:00,
1653,1089,19,3,37,2,17:14:00,
1654,1090,3,7,26,5,10:56:00,
1655,1090,19,4,37,5,10:51:00,
1656,1091,1,4,34,13,16:38:00,
1657,1091,3,3,30,14,17:06:00,
1658,1091,19,8,40,6,16:50:00,
1659,1092,3,8,24,10,15:06:00,
1660,1092,1,1,26,2,14:56:00,
1661,1093,4,4,39,6,14:38:00,
1662,1094,2,5,35,7,11:51:00,
1663,1094,19,8,28,3,12:20:00,
1664,1094,3,5,27,1,11:32:00,
1665,1095,68,6,24,1,11:44:00,
1666,1095,4,7,44,14,12:13:00,
1667,1096,19,3,24,6,12:20:00,
1668,1096,4,2,40,13,11:50:00,
1669,1097,4,8,32,10,14:08:00,
1670,1098,1,3,31,2,16:27:00,
1671,1099,1,4,26,14,10:13:00,
1672,1099,19,2,30,2,11:26:00,
1673,1099,68,6,33,3,10:18:00,
1674,1100,1,4,34,3,10:26:00,
1675,1100,68,1,36,11,10:19:00,
1676,1100,3,6,18,7,10:10:00,
1677,1101,68,1,42,1,11:54:00,
1678,1101,4,6,18,7,11:54:00,
1679,1101,19,8,35,12,11:09:00,
1680,1102,2,4,25,10,15:13:00,
1681,1103,19,7,29,5,10:52:00,
1682,1104,4,3,30,14,12:57:00,
1683,1105,68,5,14,2,10:31:00,
1684,1106,2,3,28,4,11:08:00,
1685,1106,4,5,34,11,11:02:00,
1686,1107,1,2,32,10,11:35:00,
1687,1108,4,2,33,6,11:27:00,
1688,1109,1,8,31,13,14:44:00,
1689,1110,4,8,37,7,10:31:00,
1690,1111,3,2,26,10,10:10:00,
1691,1111,4,5,34,5,10:12:00,
1692,1112,4,2,34,14,14:56:00,
1693,1112,68,6,18,2,14:50:00,
1694,1112,2,2,34,11,15:11:00,
1695,1113,2,1,41,14,10:15:00,
1696,1113,4,1,35,14,10:03:00,
1697,1114,68,7,33,13,17:32:00,
1698,1115,4,1,29,2,10:45:00,
1699,1115,3,4,29,11,10:41:00,
1700,1115,19,7,35,10,11:15:00,
1701,1116,4,5,41,4,12:27:00,
1702,1116,2,1,24,3,11:38:00,
1703,1117,3,4,39,11,10:23:00,
1704,1117,19,5,19,5,10:39:00,
1705,1117,1,7,35,1,10:00:00,
1706,1118,19,3,19,7,11:09:00,
1707,1119,1,3,36,5,12:39:00,
1708,1120,2,7,27,1,10:15:00,
1709,1120,4,8,40,12,09:25:00,
1710,1121,2,5,25,5,12:54:00,
1711,1122,3,1,35,3,13:26:00,
1712,1122,2,4,35,11,14:11:00,
1713,1123,19,2,31,13,09:36:00,
1714,1123,68,3,30,10,09:44:00,
1715,1124,2,8,44,12,17:22:00,
1716,1125,3,7,29,4,12:45:00,
1717,1125,2,6,26,13,11:56:00,
1718,1126,1,3,31,5,12:59:00,
1719,1127,68,5,31,4,11:15:00,
1720,1127,3,7,39,3,11:20:00,
1721,1127,1,6,19,6,11:17:00,
1722,1128,19,5,22,11,17:04:00,
1723,1129,2,2,40,2,16:15:00,
1724,1129,19,6,26,10,15:57:00,
1725,1130,3,2,50,2,12:57:00,
1726,1130,2,3,39,12,12:56:00,
1727,1131,68,6,21,1,12:15:00,
1728,1131,1,8,24,2,12:36:00,
1729,1131,2,5,43,11,12:34:00,
1730,1132,1,8,25,5,12:14:00,
1731,1133,1,6,37,4,13:29:00,
1732,1134,68,8,22,2,10:46:00,
1733,1134,1,5,37,3,09:31:00,
1734,1135,4,7,32,1,10:49:00,
1735,1135,2,2,41,12,10:12:00,
1736,1136,2,8,25,2,13:44:00,
1737,1136,4,7,46,13,14:39:00,
1738,1137,3,3,30,3,16:23:00,
1739,1138,2,8,28,5,11:13:00,
1740,1138,19,6,39,1,11:39:00,
1741,1138,1,4,35,2,11:40:00,
1742,1139,19,2,50,2,13:25:00,
1743,1139,2,1,36,13,13:28:00,
1744,1140,3,5,31,5,09:24:00,
1745,1140,2,2,38,10,09:48:00,
1746,1141,19,8,35,4,09:50:00,
1747,1142,4,6,43,13,16:41:00,
1748,1142,2,4,36,10,17:59:00,
1749,1143,1,1,37,6,10:15:00,
1750,1144,4,2,24,11,16:06:00,
1751,1144,2,6,43,14,16:28:00,
1752,1145,2,2,28,5,14:30:00,
1753,1146,3,6,24,14,10:05:00,
1754,1146,68,7,35,11,10:35:00,
1755,1146,1,3,24,10,10:43:00,
1756,1147,1,4,18,12,15:21:00,
1757,1148,1,3,40,11,14:33:00,
1758,1148,4,7,17,2,13:57:00,
1759,1149,3,1,29,5,16:09:00,
1760,1150,1,2,37,6,15:15:00,
1761,1151,19,6,33,7,14:03:00,
1762,1152,68,5,21,2,15:23:00,
1763,1152,19,5,30,12,15:25:00,
1764,1153,1,4,38,11,13:16:00,
1765,1153,3,4,33,3,13:21:00,
1766,1154,4,8,29,5,11:50:00,
1767,1154,2,7,22,11,12:21:00,
1768,1155,1,4,23,7,17:16:00,
1769,1156,3,5,44,13,15:15:00,
1770,1157,3,7,43,2,10:46:00,
1771,1157,68,2,32,5,09:48:00,
1772,1158,4,5,39,13,14:20:00,
1773,1158,2,6,33,14,14:44:00,
1774,1159,3,8,42,2,10:10:00,
1775,1160,2,5,34,12,13:21:00,
1776,1161,4,5,37,14,10:44:00,
1777,1161,2,5,41,7,10:11:00,
1778,1162,2,1,45,2,13:11:00,
1779,1162,1,8,24,7,13:01:00,
1780,1162,19,4,26,5,13:10:00,
1781,1163,68,6,27,4,13:55:00,
1782,1163,3,3,31,4,14:07:00,
1783,1163,2,2,33,7,14:04:00,
1784,1164,2,7,40,2,11:45:00,
1785,1164,4,2,26,1,12:31:00,
1786,1164,3,8,28,7,11:35:00,
1787,1165,68,7,22,4,11:39:00,
1788,1165,2,2,33,12,11:10:00,
1789,1166,19,2,29,3,17:38:00,
1790,1166,2,5,25,1,16:53:00,
1791,1166,68,7,30,13,16:50:00,
1792,1167,3,5,32,11,17:19:00,
1793,1168,4,1,43,10,13:49:00,
1794,1169,1,2,10,4,11:46:00,
1795,1169,2,7,53,2,12:24:00,
1796,1169,68,7,37,7,12:21:00,
1797,1170,68,7,29,2,13:37:00,
1798,1171,68,3,20,4,15:06:00,
1799,1171,3,5,38,4,15:30:00,
1800,1171,4,2,27,10,16:35:00,
1801,1172,2,6,36,4,16:39:00,
1802,1173,4,5,30,13,14:32:00,
1803,1173,3,6,26,13,14:54:00,
1804,1174,4,2,27,14,16:32:00,
1805,1174,2,7,43,7,16:55:00,
1806,1175,19,3,31,13,12:19:00,
1807,1175,1,4,32,14,12:51:00,
1808,1176,3,5,20,11,15:59:00,
1809,1176,4,8,22,1,16:13:00,
1810,1177,1,1,19,10,10:18:00,
1811,1177,68,8,38,12,10:25:00,
1812,1177,2,6,39,3,10:19:00,
1813,1178,19,6,40,2,15:26:00,
1814,1178,68,3,31,1,16:09:00,
1815,1179,19,4,40,2,18:15:00,
1816,1179,68,7,27,3,17:20:00,
1817,1180,2,6,49,1,11:56:00,
1818,1181,3,3,31,2,13:05:00,
1819,1182,2,6,40,12,10:58:00,
1820,1183,68,1,34,13,13:10:00,
1821,1184,19,2,27,4,11:26:00,
1822,1185,3,8,33,11,10:20:00,
1823,1185,1,4,27,12,10:01:00,
1824,1186,2,1,47,3,12:17:00,
1825,1187,4,4,20,10,17:31:00,
1826,1187,1,3,32,7,17:18:00,
1827,1188,3,1,19,3,12:21:00,
1828,1188,1,6,34,7,12:27:00,
1829,1189,2,1,25,13,13:57:00,
1830,1189,1,7,33,4,14:05:00,
1831,1190,19,7,35,13,14:46:00,
1832,1190,4,7,23,5,14:00:00,
1833,1191,2,2,42,7,17:32:00,
1834,1192,2,5,32,3,11:08:00,
1835,1192,19,5,24,5,11:22:00,
1836,1193,1,4,26,1,15:16:00,
1837,1194,1,3,19,7,15:59:00,
1838,1194,68,8,26,7,16:17:00,
1839,1194,2,6,30,6,15:51:00,
1840,1195,1,4,26,12,16:18:00,
1841,1195,4,4,34,3,15:39:00,
1842,1196,3,4,36,4,11:10:00,
1843,1197,2,6,35,13,14:34:00,
1844,1198,68,4,12,1,17:11:00,
1845,1198,2,3,38,5,17:22:00,
1846,1199,19,8,45,6,16:51:00,
1847,1199,3,7,39,6,16:10:00,
1848,1200,2,8,43,7,11:17:00,
1849,1201,1,1,48,13,12:51:00,
1850,1202,4,7,32,3,14:52:00,
1851,1203,19,3,41,10,12:13:00,
1852,1203,3,7,29,10,13:10:00,
1853,1204,19,5,49,14,15:39:00,
1854,1204,4,6,35,14,15:12:00,
1855,1205,4,8,24,13,11:19:00,
1856,1206,2,4,25,10,14:23:00,
1857,1207,4,8,43,14,10:34:00,
1858,1207,19,6,33,4,10:34:00,
1859,1207,2,5,42,14,09:34:00,
1860,1208,4,3,43,2,12:03:00,
1861,1209,19,7,32,2,13:26:00,
1862,1209,2,8,40,14,13:34:00,
1863,1210,3,7,33,2,14:14:00,
1864,1211,19,5,36,7,16:32:00,
1865,1212,1,8,22,1,14:22:00,
1866,1212,19,4,37,13,14:41:00,
1867,1212,68,6,32,6,14:50:00,
1868,1213,2,2,22,2,15:52:00,
1869,1213,3,4,30,4,16:04:00,
1870,1214,2,4,27,14,15:24:00,
1871,1215,4,2,38,5,16:14:00,
1872,1215,2,6,25,3,17:05:00,
1873,1216,2,3,23,5,16:31:00,
1874,1216,68,3,35,3,16:28:00,
1875,1217,4,5,35,14,14:34:00,
1876,1217,1,7,17,13,14:25:00,
1877,1218,2,4,48,4,09:45:00,
1878,1219,19,3,28,6,16:44:00,
1879,1220,1,8,27,4,13:45:00,
1880,1220,68,2,40,4,13:31:00,
1881,1220,4,5,30,6,13:22:00,
1882,1221,2,4,34,7,16:14:00,
1883,1221,3,2,48,7,14:53:00,
1884,1222,19,2,41,14,15:26:00,
1885,1223,3,8,37,13,12:29:00,
1886,1223,2,8,29,3,11:48:00,
1887,1224,68,7,21,13,13:31:00,
1888,1224,4,2,23,14,13:47:00,
1889,1225,19,7,29,1,09:58:00,
1890,1226,4,8,44,5,14:59:00,
1891,1226,1,6,32,6,14:35:00,
1892,1227,4,4,19,10,11:09:00,
1893,1227,19,2,18,1,10:48:00,
1894,1228,2,5,36,13,11:30:00,
1895,1229,3,7,28,6,16:31:00,
1896,1230,4,4,22,6,10:45:00,
1897,1231,19,3,32,12,10:46:00,
1898,1231,4,1,33,2,10:18:00,
1899,1231,2,3,23,11,10:47:00,
1900,1232,68,7,24,7,15:48:00,
1901,1232,3,4,33,12,14:51:00,
1902,1233,3,5,22,11,13:42:00,
1903,1233,68,2,29,2,12:32:00,
1904,1234,2,1,40,5,14:37:00,
1905,1234,1,6,31,14,14:35:00,
1906,1235,2,5,43,12,10:47:00,
1907,1236,4,4,32,2,12:48:00,
1908,1236,3,5,35,4,12:35:00,
1909,1237,4,5,21,1,15:40:00,
1910,1238,1,6,32,6,11:09:00,
1911,1239,2,5,28,7,16:32:00,
1912,1240,68,2,12,7,10:22:00,
1913,1240,19,8,16,11,10:06:00,
1914,1241,19,4,20,13,10:16:00,
1915,1241,68,3,29,6,09:56:00,
1916,1242,1,5,40,14,12:28:00,
1917,1242,68,3,27,5,12:27:00,
1918,1243,19,7,25,5,12:28:00,
1919,1243,2,4,26,14,12:17:00,
1920,1244,3,8,20,7,10:56:00,
1921,1244,2,1,26,14,10:25:00,
1922,1245,4,2,39,10,17:52:00,
1923,1245,3,1,27,1,17:23:00,
1924,1246,19,5,24,12,11:42:00,
1925,1247,2,4,33,4,11:59:00,
1926,1247,4,8,32,7,11:37:00,
1927,1248,19,6,28,1,16:21:00,
1928,1248,2,8,38,6,16:07:00,
1929,1249,68,1,17,7,14:56:00,
1930,1250,68,5,35,1,13:25:00,
1931,1250,2,8,30,7,13:11:00,
1932,1251,3,3,7,4,10:21:00,
1933,1251,68,2,30,13,10:02:00,
1934,1252,1,8,41,10,14:16:00,
1935,1252,4,5,43,7,14:29:00,
1936,1253,19,5,39,14,17:25:00,
1937,1253,3,8,32,1,16:49:00,
1938,1254,1,2,21,2,13:50:00,
1939,1254,4,8,24,12,14:01:00,
1940,1255,3,6,40,5,11:48:00,
1941,1255,68,2,28,12,12:48:00,
1942,1256,19,2,37,14,12:36:00,
1943,1256,2,5,34,4,13:02:00,
1944,1257,3,6,43,10,12:22:00,
1945,1257,19,4,53,3,13:06:00,
1946,1258,2,3,33,7,15:01:00,
1947,1259,19,1,21,14,09:41:00,
1948,1260,2,4,19,2,15:13:00,
1949,1261,19,5,42,1,16:39:00,
1950,1261,1,1,21,12,15:23:00,
1951,1262,2,8,26,11,14:28:00,
1952,1263,1,6,37,7,16:19:00,
1953,1264,2,8,28,12,16:01:00,
1954,1264,1,3,42,14,15:53:00,
1955,1265,2,4,33,14,10:19:00,
1956,1266,1,4,21,10,11:00:00,
1957,1266,4,5,28,6,10:47:00,
1958,1266,3,2,26,6,10:32:00,
1959,1267,19,6,36,5,12:47:00,
1960,1268,2,1,34,14,11:17:00,
1961,1269,3,5,27,6,09:39:00,
1962,1269,1,4,36,5,09:50:00,
1963,1269,4,3,35,10,09:42:00,
1964,1270,2,1,22,12,14:20:00,
1965,1271,1,1,22,11,10:28:00,
1966,1271,2,8,43,13,10:55:00,
1967,1272,2,4,39,3,15:46:00,
1968,1272,68,4,38,1,15:46:00,
1969,1273,4,8,44,14,15:22:00,
1970,1274,2,3,41,13,13:58:00,
1971,1274,4,3,33,14,14:06:00,
1972,1275,19,6,47,13,09:50:00,
1973,1275,68,8,30,6,09:36:00,
1974,1276,68,3,13,12,17:25:00,
1975,1276,1,1,27,10,17:24:00,
1976,1277,4,1,30,4,10:45:00,
1977,1277,1,7,29,13,10:37:00,
1978,1277,3,6,30,5,10:33:00,
1979,1278,19,8,14,7,09:31:00,
1980,1279,1,6,28,12,10:40:00,
1981,1279,19,7,32,14,10:42:00,
1982,1280,19,2,10,11,12:12:00,
1983,1280,68,3,23,13,11:58:00,
1984,1281,1,8,42,7,11:14:00,
1985,1282,68,7,36,2,11:41:00,
1986,1283,4,4,45,7,11:31:00,
1987,1283,68,1,30,2,11:40:00,
1988,1283,2,3,34,11,11:32:00,
1989,1284,19,2,29,14,15:27:00,
1990,1285,3,7,28,4,16:24:00,
1991,1286,19,2,26,5,10:40:00,
1992,1286,4,2,39,5,11:09:00,
1993,1287,19,6,23,3,15:40:00,
1994,1287,3,1,54,11,15:38:00,
1995,1288,19,4,26,11,14:08:00,
1996,1288,68,7,27,14,14:19:00,
1997,1288,2,6,36,5,14:40:00,
1998,1289,19,2,49,4,15:16:00,
1999,1289,68,3,35,14,15:26:00,
2000,1289,4,6,23,12,16:00:00,
2001,1290,4,7,43,4,10:39:00,
2002,1291,2,4,45,11,13:52:00,
2003,1291,3,8,27,6,13:37:00,
2004,1292,68,5,33,13,17:42:00,
2005,1292,3,1,8,7,17:57:00,
2006,1293,1,2,30,12,16:30:00,
2007,1293,4,7,35,1,16:29:00,
2008,1294,3,5,39,12,14:48:00,
2009,1295,4,3,31,4,16:22:00,
2010,1295,3,4,43,3,16:14:00,
2011,1296,3,7,40,3,15:09:00,
2012,1297,3,2,34,13,14:07:00,
2013,1297,4,1,44,6,13:14:00,
2014,1297,2,7,14,4,13:19:00,
2015,1298,1,1,31,13,15:14:00,
2016,1298,4,6,38,10,15:15:00,
2017,1298,19,7,30,13,15:05:00,
2018,1299,1,4,19,4,13:21:00,
2019,1299,68,5,41,13,13:16:00,
2020,1300,2,4,33,6,15:41:00,
2021,1300,3,5,26,10,15:43:00,
2022,1300,68,4,24,4,15:48:00,
2023,1301,4,2,40,6,15:32:00,
2024,1301,68,1,36,2,14:42:00,
2025,1302,68,4,33,5,11:02:00,
2026,1302,3,5,37,3,10:30:00,
2027,1303,3,3,47,6,10:12:00,
2028,1304,19,5,20,5,15:58:00,
2029,1305,1,4,12,12,12:12:00,
2030,1305,2,7,31,10,12:11:00,
2031,1305,3,3,30,5,12:21:00,
2032,1306,68,2,21,2,11:54:00,
2033,1306,19,8,28,3,11:59:00,
2034,1306,2,5,33,12,11:50:00,
2035,1307,68,1,31,6,11:38:00,
2036,1307,19,2,36,13,11:24:00,
2037,1308,68,6,40,12,12:55:00,
2038,1308,4,8,32,4,11:56:00,
2039,1309,2,1,35,2,16:12:00,
2040,1310,4,6,21,3,13:14:00,
2041,1310,2,4,29,7,13:40:00,
2042,1310,68,8,17,10,13:13:00,
2043,1311,68,3,40,10,15:55:00,
2044,1312,2,2,41,1,12:21:00,
2045,1313,19,3,25,4,14:59:00,
2046,1314,4,4,20,11,14:10:00,
2047,1314,2,7,40,6,15:24:00,
2048,1315,3,7,24,5,14:21:00,
2049,1315,4,2,41,3,14:26:00,
2050,1316,4,1,35,14,14:12:00,
2051,1317,19,1,26,1,13:07:00,
2052,1317,1,7,34,7,13:53:00,
2053,1318,2,4,23,12,13:56:00,
2054,1319,2,5,27,12,12:58:00,
2055,1319,3,7,34,11,13:10:00,
2056,1319,19,1,37,5,12:39:00,
2057,1320,3,1,31,12,15:56:00,
2058,1320,68,3,21,14,15:11:00,
2059,1321,4,8,32,14,15:02:00,
2060,1321,68,8,33,11,15:02:00,
2061,1321,1,1,31,3,14:53:00,
2062,1322,19,4,30,12,17:00:00,
2063,1323,1,1,20,7,15:29:00,
2064,1323,68,6,34,1,14:26:00,
2065,1324,3,8,38,11,17:17:00,
2066,1325,2,7,39,5,11:56:00,
2067,1326,68,5,25,10,11:15:00,
2068,1327,2,4,29,2,14:48:00,
2069,1327,19,2,29,2,14:49:00,
2070,1327,68,1,31,10,14:56:00,
2071,1328,68,1,18,13,16:50:00,
2072,1328,2,6,41,2,18:29:00,
2073,1328,1,5,41,7,16:52:00,
2074,1329,3,6,24,1,12:06:00,
2075,1329,4,6,41,14,12:19:00,
2076,1330,2,7,24,2,18:14:00,
2077,1330,3,1,35,3,17:53:00,
2078,1330,4,1,25,14,17:19:00,
2079,1331,1,3,25,7,10:42:00,
2080,1332,3,6,44,12,13:21:00,
2081,1333,2,7,37,3,16:02:00,
2082,1334,2,1,39,14,16:13:00,
2083,1335,19,2,40,4,13:53:00,
2084,1336,1,7,40,1,11:11:00,
2085,1336,3,1,36,3,11:17:00,
2086,1337,19,7,10,11,15:26:00,
2087,1337,68,3,41,4,14:39:00,
2088,1338,2,6,34,2,17:08:00,
2089,1338,53,5,18,2,17:12:00,
2090,1339,1,4,36,4,16:04:00,
2091,1340,68,7,18,1,13:20:00,
2092,1340,2,5,24,5,13:46:00,
2093,1341,2,3,25,12,12:05:00,
2094,1341,1,7,38,11,11:53:00,
2095,1342,68,7,34,13,17:29:00,
2096,1342,4,2,43,10,17:22:00,
2097,1343,53,8,31,1,09:18:00,
2098,1344,53,6,33,12,15:09:00,
2099,1344,68,6,52,7,15:44:00,
2100,1345,68,6,19,14,13:28:00,
2101,1345,4,5,42,6,12:33:00,
2102,1346,4,3,32,13,17:24:00,
2103,1347,2,5,27,12,16:11:00,
2104,1347,68,7,36,3,16:11:00,
2105,1348,4,7,28,1,14:57:00,
2106,1349,4,2,49,6,17:10:00,
2107,1350,4,1,35,1,14:35:00,
2108,1350,68,6,35,5,13:26:00,
2109,1350,2,2,36,10,13:46:00,
2110,1351,1,7,24,14,13:36:00,
2111,1351,2,4,54,3,14:06:00,
2112,1352,68,8,28,1,13:43:00,
2113,1352,1,6,40,2,13:11:00,
2114,1353,19,3,38,13,14:50:00,
2115,1353,68,8,45,6,14:06:00,
2116,1354,68,8,29,13,15:01:00,
2117,1354,2,7,26,6,14:17:00,
2118,1355,19,7,38,11,12:48:00,
2119,1356,19,8,31,12,11:14:00,
2120,1357,2,6,30,12,13:36:00,
2121,1358,19,7,39,6,15:43:00,
2122,1359,68,4,18,14,10:23:00,
2123,1360,19,4,30,6,17:35:00,
2124,1360,68,7,39,6,17:39:00,
2125,1361,4,2,32,14,11:43:00,
2126,1361,68,4,25,11,12:24:00,
2127,1361,33,4,35,7,12:30:00,
2128,1362,19,5,40,4,13:27:00,
2129,1362,3,7,35,1,13:11:00,
2130,1363,53,1,22,13,16:51:00,
2131,1363,2,3,35,13,17:07:00,
2132,1364,2,8,29,14,13:36:00,
2133,1364,1,8,31,5,14:55:00,
2134,1364,4,3,29,10,13:56:00,
2135,1365,3,8,32,14,15:24:00,
2136,1366,19,3,23,11,10:41:00,
2137,1367,33,6,21,14,16:10:00,
2138,1367,19,6,38,2,16:02:00,
2139,1368,33,7,16,13,11:30:00,
2140,1369,68,6,43,10,14:10:00,
2141,1369,4,1,45,10,12:45:00,
2142,1370,53,8,28,4,18:07:00,
2143,1370,33,5,45,4,17:30:00,
2144,1371,2,1,31,5,17:33:00,
2145,1372,68,2,29,12,15:46:00,
2146,1373,33,7,23,12,16:49:00,
2147,1374,3,2,32,10,16:43:00,
2148,1374,1,8,45,6,16:08:00,
2149,1375,68,3,33,5,15:33:00,
2150,1376,3,4,22,6,10:52:00,
2151,1377,3,6,22,1,17:05:00,
2152,1377,53,4,24,10,16:54:00,
2153,1378,19,7,34,10,14:38:00,
2154,1378,53,1,41,12,14:04:00,
2155,1379,68,3,22,14,14:28:00,
2156,1379,2,5,36,11,14:00:00,
2157,1380,19,8,19,5,12:57:00,
2158,1381,2,1,33,4,10:28:00,
2159,1381,19,4,47,13,10:17:00,
2160,1381,3,3,30,1,10:30:00,
2161,1382,4,8,25,2,15:41:00,
2162,1382,19,2,32,2,15:27:00,
2163,1383,3,3,39,7,14:27:00,
2164,1384,1,7,32,2,17:17:00,
2165,1384,53,8,17,14,17:22:00,
2166,1385,3,2,26,6,12:37:00,
2167,1385,19,7,31,5,12:53:00,
2168,1385,2,5,39,12,12:49:00,
2169,1386,68,5,47,4,13:33:00,
2170,1387,53,1,28,1,09:57:00,
2171,1388,33,8,25,1,15:13:00,
2172,1389,4,8,30,7,16:12:00,
2173,1390,33,4,37,10,16:08:00,
2174,1391,1,2,25,10,11:47:00,
2175,1391,2,5,34,14,11:46:00,
2176,1392,68,6,31,7,10:41:00,
2177,1392,4,5,34,4,09:18:00,
2178,1393,1,3,43,4,11:57:00,
2179,1394,3,6,36,7,14:38:00,
2180,1395,1,6,44,11,13:18:00,
2181,1395,68,6,29,10,12:03:00,
2182,1396,4,8,24,4,14:51:00,
2183,1397,1,2,33,13,16:26:00,
2184,1397,3,8,26,14,15:06:00,
2185,1398,2,6,33,6,12:17:00,
2186,1398,1,3,24,14,11:27:00,
2187,1399,1,4,26,5,16:17:00,
2188,1399,4,3,31,10,15:55:00,
2189,1400,2,3,32,10,12:57:00,
2190,1401,19,6,24,1,11:29:00,
2191,1402,19,7,27,3,09:31:00,
2192,1402,3,6,22,3,09:57:00,
2193,1403,19,7,27,6,12:08:00,
2194,1403,33,5,15,1,12:28:00,
2195,1404,2,6,35,2,13:58:00,
2196,1404,1,5,25,6,14:09:00,
2197,1405,68,8,42,1,13:34:00,
2198,1405,1,5,23,14,12:54:00,
2199,1406,68,1,37,13,13:49:00,
2200,1407,3,2,34,14,10:55:00,
2201,1407,4,3,51,7,11:19:00,
2202,1408,3,1,23,12,14:45:00,
2203,1408,2,6,23,12,14:51:00,
2204,1408,68,5,28,2,14:55:00,
2205,1409,19,1,28,2,13:44:00,
2206,1409,4,2,39,12,14:31:00,
2207,1410,3,5,44,1,09:30:00,
2208,1411,4,3,40,5,13:36:00,
2209,1412,1,7,33,7,13:23:00,
2210,1412,2,8,35,3,13:42:00,
2211,1413,2,2,48,3,10:28:00,
2212,1413,3,6,48,5,10:21:00,
2213,1413,1,5,39,2,10:32:00,
2214,1414,19,2,32,13,17:25:00,
2215,1415,1,7,15,11,10:23:00,
2216,1415,3,7,35,14,10:50:00,
2217,1416,19,6,30,14,15:09:00,
2218,1416,68,6,17,1,15:12:00,
2219,1417,33,5,28,14,10:14:00,
2220,1418,68,7,43,10,17:13:00,
2221,1419,19,2,33,4,17:01:00,
2222,1419,4,4,44,5,18:39:00,
2223,1419,1,4,27,12,17:24:00,
2224,1420,68,8,36,12,10:05:00,
2225,1421,4,8,30,1,10:43:00,
2226,1422,33,6,32,6,12:13:00,
2227,1422,1,5,30,3,12:13:00,
2228,1423,1,2,29,6,15:01:00,
2229,1424,4,2,32,13,15:48:00,
2230,1424,33,2,28,10,15:56:00,
2231,1424,1,5,37,7,15:38:00,
2232,1425,3,4,14,7,11:09:00,
2233,1425,53,8,23,11,09:58:00,
2234,1425,2,3,28,3,10:30:00,
2235,1426,3,4,31,1,14:06:00,
2236,1427,19,2,32,11,12:51:00,
2237,1427,53,1,18,4,12:35:00,
2238,1428,19,5,35,4,17:30:00,
2239,1429,2,8,34,14,10:20:00,
2240,1429,4,2,52,12,10:03:00,
2241,1429,33,5,34,6,10:11:00,
2242,1430,4,2,36,1,09:34:00,
2243,1431,1,3,19,12,10:45:00,
2244,1432,33,4,36,1,12:45:00,
2245,1432,68,2,33,13,13:09:00,
2246,1432,3,6,42,10,12:37:00,
2247,1433,4,6,32,1,11:26:00,
2248,1434,68,8,36,3,11:29:00,
2249,1435,33,3,13,5,15:46:00,
2250,1435,68,7,28,14,15:44:00,
2251,1436,68,7,15,10,10:13:00,
2252,1437,68,8,27,11,10:07:00,
2253,1438,4,3,31,6,13:31:00,
2254,1439,19,2,25,7,10:08:00,
2255,1439,4,5,37,3,10:16:00,
2256,1439,68,8,29,11,10:15:00,
2257,1440,53,7,29,7,13:17:00,
2258,1440,3,7,25,4,13:11:00,
2259,1440,68,6,30,5,13:07:00,
2260,1441,2,2,26,5,11:12:00,
2261,1441,4,6,26,4,11:27:00,
2262,1442,1,2,29,2,15:21:00,
2263,1442,33,2,22,12,15:00:00,
2264,1442,3,7,36,7,15:25:00,
2265,1443,19,6,26,1,09:57:00,
2266,1443,4,2,36,14,11:10:00,
2267,1444,4,4,25,12,14:27:00,
2268,1444,19,8,30,5,14:17:00,
2269,1444,2,2,20,13,14:13:00,
2270,1445,68,1,35,13,10:39:00,
2271,1445,1,3,40,14,10:36:00,
2272,1446,3,5,41,5,12:26:00,
2273,1446,68,6,31,4,12:12:00,
2274,1446,2,4,29,5,11:46:00,
2275,1447,19,8,40,3,15:11:00,
2276,1448,53,6,39,10,12:07:00,
2277,1449,3,3,29,3,16:24:00,
2278,1450,33,2,30,12,10:54:00,
2279,1450,19,5,13,6,10:51:00,
2280,1451,33,2,27,11,16:30:00,
2281,1451,2,7,26,14,16:24:00,
2282,1451,53,3,33,3,15:52:00,
2283,1452,4,4,37,5,15:19:00,
2284,1452,68,5,30,2,15:28:00,
2285,1452,53,7,18,11,15:30:00,
2286,1453,4,1,35,1,09:55:00,
2287,1453,1,5,35,6,10:09:00,
2288,1454,19,7,37,6,10:13:00,
2289,1454,33,6,29,12,09:57:00,
2290,1454,53,6,27,4,09:43:00,
2291,1455,19,1,30,11,14:56:00,
2292,1456,53,3,31,14,11:33:00,
2293,1456,68,2,19,1,11:23:00,
2294,1456,33,2,28,1,11:09:00,
2295,1457,2,1,25,13,13:28:00,
2296,1457,3,5,35,1,13:43:00,
2297,1458,33,3,32,5,12:02:00,
2298,1458,1,4,26,11,12:19:00,
2299,1459,3,4,30,3,16:35:00,
2300,1460,1,4,25,11,14:23:00,
2301,1460,19,4,39,2,14:47:00,
2302,1460,4,7,13,12,14:08:00,
2303,1461,3,5,41,1,16:12:00,
2304,1462,1,4,21,7,15:43:00,
2305,1463,2,6,54,12,11:47:00,
2306,1463,33,7,43,11,11:38:00,
2307,1464,1,5,17,6,16:31:00,
2308,1464,33,8,34,11,16:39:00,
2309,1465,53,6,30,4,14:10:00,
2310,1465,1,6,21,7,14:46:00,
2311,1466,2,4,33,3,14:56:00,
2312,1467,4,2,33,4,09:20:00,
2313,1467,2,1,46,10,10:00:00,
2314,1468,68,7,30,4,13:24:00,
2315,1468,1,3,41,7,12:50:00,
2316,1469,33,6,30,11,12:56:00,
2317,1469,4,4,30,11,12:33:00,
2318,1469,19,3,17,2,12:48:00,
2319,1470,33,1,31,12,13:10:00,
2320,1470,19,4,39,12,14:15:00,
2321,1471,2,4,37,12,15:10:00,
2322,1471,19,7,29,7,14:25:00,
2323,1472,2,1,43,2,13:39:00,
2324,1473,19,4,35,7,11:24:00,
2325,1473,4,1,39,4,10:05:00,
2326,1474,53,6,20,6,15:11:00,
2327,1474,1,7,32,10,15:09:00,
2328,1475,4,3,32,1,12:59:00,
2329,1475,19,4,14,1,12:59:00,
2330,1476,19,2,24,3,14:34:00,
2331,1476,3,6,40,6,13:24:00,
2332,1477,53,4,38,11,12:49:00,
2333,1478,33,5,32,11,12:44:00,
2334,1479,4,8,18,6,09:05:00,
2335,1479,53,5,36,1,09:43:00,
2336,1479,2,3,34,10,09:40:00,
2337,1480,4,6,39,6,09:37:00,
2338,1480,33,2,20,7,09:45:00,
2339,1480,53,6,29,14,09:40:00,
2340,1481,53,1,27,12,14:26:00,
2341,1481,68,2,30,13,15:28:00,
2342,1482,1,7,25,13,10:31:00,
2343,1482,19,8,31,5,10:30:00,
2344,1483,4,2,41,2,11:27:00,
2345,1483,68,4,30,14,10:03:00,
2346,1483,53,8,22,10,10:38:00,
2347,1484,19,2,45,12,15:18:00,
2348,1485,33,6,17,6,10:46:00,
2349,1485,53,7,24,13,10:35:00,
2350,1486,19,5,18,12,11:06:00,
2351,1486,2,3,21,2,11:11:00,
2352,1487,19,3,37,2,15:20:00,
2353,1487,4,2,37,13,15:12:00,
2354,1488,4,2,39,4,14:46:00,
2355,1489,53,5,29,11,14:32:00,
2356,1490,2,2,30,2,15:06:00,
2357,1490,19,5,31,11,15:11:00,
2358,1491,19,7,28,6,10:11:00,
2359,1491,1,5,25,3,09:57:00,
2360,1491,53,3,39,4,10:18:00,
2361,1492,2,7,37,13,16:59:00,
2362,1492,1,4,43,10,16:37:00,
2363,1492,19,8,35,13,16:35:00,
2364,1493,2,2,23,13,12:05:00,
2365,1494,33,7,26,4,09:22:00,
2366,1494,19,3,35,13,09:54:00,
2367,1495,4,8,33,3,16:48:00,
2368,1496,2,6,35,2,10:56:00,
2369,1497,2,5,36,4,12:31:00,
2370,1498,1,3,44,13,14:55:00,
2371,1498,33,8,36,1,14:39:00,
2372,1498,2,7,31,10,14:36:00,
2373,1499,2,3,24,6,12:48:00,
2374,1500,4,4,33,14,15:01:00,
2375,1500,3,1,34,1,15:10:00,
2376,1501,2,8,34,5,11:04:00,
2377,1502,2,3,44,14,16:57:00,
2378,1502,4,7,36,1,17:15:00,
2379,1503,1,5,40,5,09:51:00,
2380,1503,33,5,45,3,10:25:00,
2381,1503,2,4,25,6,10:35:00,
2382,1504,19,1,45,5,12:23:00,
2383,1504,4,2,32,4,12:44:00,
2384,1505,2,3,42,12,15:47:00,
2385,1505,53,8,28,13,15:46:00,
2386,1506,3,6,26,3,12:43:00,
2387,1506,2,3,29,14,12:30:00,
2388,1506,1,5,38,13,11:45:00,
2389,1507,2,8,49,1,11:07:00,
2390,1507,3,1,21,7,10:10:00,
2391,1507,68,7,28,1,11:42:00,
2392,1508,1,4,18,12,10:56:00,
2393,1509,2,4,43,5,13:31:00,
2394,1509,53,7,12,1,14:32:00,
2395,1510,2,6,44,12,13:17:00,
2396,1510,33,1,37,2,11:56:00,
2397,1510,3,7,13,7,12:02:00,
2398,1511,1,4,28,11,15:32:00,
2399,1511,33,4,36,4,16:24:00,
2400,1512,33,4,28,4,17:08:00,
2401,1513,53,7,42,12,10:27:00,
2402,1514,33,8,39,13,11:49:00,
2403,1515,4,2,28,12,12:50:00,
2404,1516,4,4,24,14,12:48:00,
2405,1516,53,2,27,11,12:53:00,
2406,1517,68,6,30,14,12:19:00,
2407,1517,4,2,33,10,12:14:00,
2408,1517,3,7,42,11,12:14:00,
2409,1518,1,8,16,1,09:22:00,
2410,1519,4,2,27,2,14:50:00,
2411,1519,3,6,37,4,13:57:00,
2412,1519,2,3,38,4,14:24:00,
2413,1520,68,7,29,1,12:26:00,
2414,1521,2,1,25,12,12:36:00,
2415,1521,53,6,28,6,12:37:00,
2416,1521,19,8,27,1,12:29:00,
2417,1522,53,4,22,10,17:13:00,
2418,1522,3,1,46,3,17:05:00,
2419,1523,19,1,37,14,16:10:00,
2420,1524,2,1,25,4,18:17:00,
2421,1525,4,1,37,13,11:36:00,
2422,1526,4,4,34,3,14:31:00,
2423,1527,1,1,31,5,14:57:00,
2424,1528,33,7,23,14,15:15:00,
2425,1529,4,8,33,11,13:51:00,
2426,1530,3,8,26,13,10:54:00,
2427,1530,53,3,31,10,11:31:00,
2428,1531,2,6,31,5,09:57:00,
2429,1531,68,4,33,12,10:25:00,
2430,1532,20,2,44,12,12:19:00,
2431,1533,3,7,35,7,15:33:00,
2432,1533,1,7,31,7,15:03:00,
2433,1533,19,5,25,2,15:06:00,
2434,1534,53,7,38,5,12:27:00,
2435,1534,19,7,38,5,11:41:00,
2436,1535,4,6,24,10,13:36:00,
2437,1535,19,6,37,2,13:39:00,
2438,1535,2,6,27,14,13:31:00,
2439,1536,20,7,43,6,10:43:00,
2440,1537,33,5,41,11,10:59:00,
2441,1537,3,6,26,11,09:50:00,
2442,1537,4,5,22,6,10:00:00,
2443,1538,4,8,29,7,13:53:00,
2444,1538,19,7,25,10,14:00:00,
2445,1539,1,2,37,13,16:54:00,
2446,1540,68,7,40,5,12:50:00,
2447,1541,20,5,27,2,10:44:00,
2448,1542,68,5,34,4,12:21:00,
2449,1542,53,8,22,1,11:53:00,
2450,1542,3,4,29,6,12:00:00,
2451,1543,4,4,21,6,15:50:00,
2452,1544,33,8,35,2,11:25:00,
2453,1545,19,7,26,12,09:34:00,
2454,1546,3,5,25,1,11:09:00,
2455,1547,4,3,36,14,14:43:00,
2456,1547,19,4,37,2,14:43:00,
2457,1548,19,7,28,3,16:41:00,
2458,1549,3,8,34,10,15:40:00,
2459,1549,68,2,30,1,15:33:00,
2460,1550,19,4,24,2,15:56:00,
2461,1550,1,7,31,12,15:38:00,
2462,1551,68,7,38,13,12:31:00,
2463,1552,2,1,41,5,15:52:00,
2464,1552,53,4,26,4,15:38:00,
2465,1553,19,8,29,11,13:47:00,
2466,1554,19,8,33,10,16:35:00,
2467,1555,53,6,18,6,15:43:00,
2468,1556,4,6,27,13,14:50:00,
2469,1557,33,6,31,3,14:02:00,
2470,1558,20,8,45,6,10:20:00,
2471,1558,1,2,26,3,10:21:00,
2472,1559,20,2,18,12,13:43:00,
2473,1560,68,7,38,12,12:48:00,
2474,1560,20,3,33,7,12:33:00,
2475,1561,19,6,41,14,10:23:00,
2476,1562,53,7,29,4,16:43:00,
2477,1563,3,6,53,11,10:21:00,
2478,1564,20,7,41,6,16:34:00,
2479,1564,68,7,25,6,16:39:00,
2480,1565,68,6,20,1,16:48:00,
2481,1565,4,7,32,5,16:30:00,
2482,1566,19,3,29,6,16:30:00,
2483,1566,1,3,28,3,17:38:00,
2484,1567,1,7,39,11,12:02:00,
2485,1567,33,1,32,10,12:12:00,
2486,1568,19,6,23,7,11:59:00,
2487,1568,20,3,41,14,12:00:00,
2488,1569,20,7,40,2,12:14:00,
2489,1569,68,3,25,11,12:16:00,
2490,1569,4,2,34,1,12:33:00,
2491,1570,20,5,49,13,15:39:00,
2492,1570,1,8,24,3,15:05:00,
2493,1571,53,7,35,12,12:47:00,
2494,1571,19,8,30,3,12:46:00,
2495,1572,1,3,27,14,15:09:00,
2496,1573,1,4,41,11,17:35:00,
2497,1574,19,8,21,12,15:12:00,
2498,1574,3,3,44,13,15:42:00,
2499,1575,3,3,37,5,14:18:00,
2500,1576,1,8,37,2,11:07:00,
2501,1576,53,5,28,13,10:52:00,
2502,1577,3,4,24,2,15:57:00,
2503,1578,3,2,40,12,17:04:00,
2504,1579,1,7,23,7,11:46:00,
2505,1580,20,6,30,12,11:26:00,
2506,1580,4,8,35,7,10:35:00,
2507,1581,53,3,36,6,09:43:00,
2508,1582,20,5,29,6,12:21:00,
2509,1582,19,2,38,6,12:40:00,
2510,1583,33,5,26,11,14:34:00,
2511,1584,53,7,31,3,11:18:00,
2512,1584,68,3,29,14,11:13:00,
2513,1585,3,7,27,14,11:30:00,
2514,1585,53,8,27,2,11:39:00,
2515,1586,33,4,23,3,16:30:00,
2516,1586,1,1,19,12,16:23:00,
2517,1587,68,3,39,2,12:09:00,
2518,1588,20,3,38,12,10:52:00,
2519,1589,3,5,29,5,17:26:00,
2520,1590,20,2,31,10,14:30:00,
2521,1590,68,7,28,3,14:19:00,
2522,1590,19,2,35,11,14:08:00,
2523,1591,1,4,28,3,14:28:00,
2524,1592,68,8,22,14,17:59:00,
2525,1592,3,2,21,10,18:00:00,
2526,1593,33,5,27,6,10:32:00,
2527,1593,1,5,35,12,10:22:00,
2528,1593,20,1,29,1,10:45:00,
2529,1594,1,2,46,14,10:39:00,
2530,1594,19,5,41,5,11:53:00,
2531,1595,53,4,26,10,11:38:00,
2532,1596,53,4,34,2,12:13:00,
2533,1597,33,5,24,12,14:39:00,
2534,1597,20,5,36,11,13:38:00,
2535,1597,53,4,22,11,13:47:00,
2536,1598,68,3,27,5,15:27:00,
2537,1599,19,3,29,4,14:48:00,
2538,1599,68,5,32,2,14:37:00,
2539,1600,53,3,25,6,17:41:00,
2540,1600,19,6,28,2,17:44:00,
2541,1601,1,1,32,11,13:36:00,
2542,1602,19,6,21,4,14:51:00,
2543,1603,4,2,35,11,15:45:00,
2544,1603,3,2,32,11,16:00:00,
2545,1604,19,5,35,4,12:39:00,
2546,1605,33,2,30,12,10:35:00,
2547,1605,68,3,35,3,10:33:00,
2548,1606,20,4,35,1,09:45:00,
2549,1607,3,4,40,5,15:39:00,
2550,1608,33,6,29,12,12:26:00,
2551,1609,53,1,26,10,13:45:00,
2552,1610,68,2,29,4,13:28:00,
2553,1611,33,3,22,13,14:55:00,
2554,1612,20,8,34,4,12:11:00,
2555,1612,3,1,30,2,12:34:00,
2556,1613,1,1,36,5,11:40:00,
2557,1614,3,3,20,11,15:04:00,
2558,1615,53,7,12,1,16:18:00,
2559,1615,4,4,34,13,16:05:00,
2560,1616,4,5,28,12,17:37:00,
2561,1617,3,5,25,5,18:07:00,
2562,1617,20,3,34,12,17:15:00,
2563,1617,1,6,37,12,17:32:00,
2564,1618,3,8,37,10,09:44:00,
2565,1619,53,6,17,13,14:03:00,
2566,1619,3,1,25,6,14:24:00,
2567,1620,1,3,26,4,16:33:00,
2568,1620,68,4,36,7,15:52:00,
2569,1621,3,2,31,10,14:00:00,
2570,1621,19,5,23,10,14:59:00,
2571,1621,33,5,32,2,13:35:00,
2572,1622,3,1,38,5,15:31:00,
2573,1622,53,2,32,13,15:31:00,
2574,1623,1,6,44,3,13:59:00,
2575,1623,3,7,27,1,14:12:00,
2576,1624,68,5,34,1,15:00:00,
2577,1624,53,7,29,4,15:14:00,
2578,1625,3,6,29,11,16:46:00,
2579,1625,20,6,34,13,17:08:00,
2580,1626,3,3,28,4,14:06:00,
2581,1626,53,4,13,7,13:44:00,
2582,1627,4,4,44,14,12:06:00,
2583,1627,68,1,42,7,12:26:00,
2584,1628,19,2,14,10,09:27:00,
2585,1628,68,1,33,4,09:13:00,
2586,1628,3,3,27,5,09:19:00,
2587,1629,20,2,34,3,10:03:00,
2588,1630,33,4,33,10,14:42:00,
2589,1630,53,5,26,2,15:05:00,
2590,1630,3,1,25,1,14:55:00,
2591,1631,68,3,59,1,12:21:00,
2592,1632,3,8,32,13,13:38:00,
2593,1633,33,7,33,3,12:11:00,
2594,1634,1,4,28,6,15:49:00,
2595,1634,53,4,19,6,15:41:00,
2596,1635,4,8,28,12,17:18:00,
2597,1635,20,8,23,12,16:10:00,
2598,1636,53,4,15,4,16:01:00,
2599,1637,19,3,36,12,14:45:00,
2600,1638,1,3,34,10,15:37:00,
2601,1639,20,8,42,7,15:13:00,
2602,1640,53,5,25,7,15:23:00,
2603,1640,20,4,35,13,15:16:00,
2604,1641,4,7,18,2,12:27:00,
2605,1642,20,3,47,11,18:09:00,
2606,1642,4,7,36,6,17:40:00,
2607,1643,19,7,24,10,15:43:00,
2608,1644,68,6,33,4,15:14:00,
2609,1644,1,6,32,1,15:55:00,
2610,1644,53,1,26,1,15:28:00,
2611,1645,53,1,21,3,09:52:00,
2612,1646,3,8,30,11,11:03:00,
2613,1647,3,6,20,10,15:42:00,
2614,1648,20,1,23,1,16:42:00,
2615,1648,4,1,44,13,16:53:00,
2616,1648,3,1,38,3,16:45:00,
2617,1649,68,4,22,10,18:18:00,
2618,1649,53,8,32,1,18:18:00,
2619,1649,3,7,33,14,18:23:00,
2620,1650,1,4,37,13,15:31:00,
2621,1650,3,5,39,2,15:21:00,
2622,1651,3,4,36,14,11:39:00,
2623,1651,20,5,45,2,11:51:00,
2624,1651,33,8,24,10,11:43:00,
2625,1652,68,8,34,4,11:27:00,
2626,1653,1,6,20,7,10:41:00,
2627,1653,19,1,39,12,10:50:00,
2628,1654,1,1,34,10,15:39:00,
2629,1654,53,5,26,13,15:14:00,
2630,1655,53,5,27,14,09:53:00,
2631,1655,4,5,36,2,10:09:00,
2632,1656,68,3,39,5,13:38:00,
2633,1656,53,1,16,11,13:54:00,
2634,1657,33,7,32,3,11:56:00,
2635,1658,33,1,24,6,15:46:00,
2636,1658,48,8,31,6,15:56:00,
2637,1658,19,3,21,13,15:50:00,
2638,1659,20,8,36,7,14:26:00,
2639,1660,33,6,31,11,16:41:00,
2640,1660,48,3,30,1,17:12:00,
2641,1661,33,8,27,12,11:25:00,
2642,1661,48,1,29,3,10:57:00,
2643,1662,1,3,27,1,13:45:00,
2644,1662,43,6,34,14,13:19:00,
2645,1663,19,8,29,7,14:16:00,
2646,1663,20,7,18,11,14:42:00,
2647,1663,33,6,36,1,14:06:00,
2648,1664,3,5,35,14,12:01:00,
2649,1665,43,3,33,7,11:13:00,
2650,1665,33,2,32,14,11:36:00,
2651,1666,19,6,30,1,14:18:00,
2652,1666,20,3,35,3,15:02:00,
2653,1667,53,6,22,6,09:26:00,
2654,1667,48,5,38,1,09:24:00,
2655,1668,19,6,29,5,17:03:00,
2656,1669,4,4,26,2,10:28:00,
2657,1669,43,8,33,6,10:51:00,
2658,1670,1,7,22,7,11:50:00,
2659,1671,20,6,48,3,14:36:00,
2660,1672,53,6,34,3,10:08:00,
2661,1672,3,2,34,10,10:09:00,
2662,1673,33,1,23,12,16:43:00,
2663,1673,4,3,27,10,17:16:00,
2664,1674,1,2,40,1,11:09:00,
2665,1674,33,6,24,12,11:14:00,
2666,1674,53,4,5,11,11:02:00,
2667,1675,68,5,31,13,13:19:00,
2668,1675,20,3,31,14,13:11:00,
2669,1676,20,4,38,10,14:39:00,
2670,1677,3,1,32,5,14:34:00,
2671,1678,53,8,33,6,11:29:00,
2672,1679,43,7,16,5,10:26:00,
2673,1680,3,2,21,11,09:24:00,
2674,1680,33,5,35,12,11:00:00,
2675,1681,3,6,28,6,14:22:00,
2676,1681,68,7,30,6,13:37:00,
2677,1682,43,7,41,12,09:41:00,
2678,1682,3,4,35,6,09:43:00,
2679,1683,48,6,13,7,16:52:00,
2680,1683,3,2,29,5,17:38:00,
2681,1684,48,7,29,2,14:56:00,
2682,1685,1,6,28,2,16:59:00,
2683,1686,43,1,36,13,13:23:00,
2684,1687,3,4,41,6,10:49:00,
2685,1688,68,7,36,10,15:16:00,
2686,1688,19,4,29,13,15:53:00,
2687,1689,19,8,42,6,14:35:00,
2688,1689,4,5,37,12,15:38:00,
2689,1690,33,2,27,11,11:35:00,
2690,1691,68,4,17,4,16:41:00,
2691,1691,33,1,29,11,15:51:00,
2692,1692,19,5,21,6,15:42:00,
2693,1692,68,6,41,3,15:56:00,
2694,1692,43,4,31,10,16:06:00,
2695,1693,19,8,31,6,15:32:00,
2696,1693,53,7,26,7,15:44:00,
2697,1694,53,2,15,5,09:55:00,
2698,1695,1,5,28,3,12:14:00,
2699,1695,3,6,39,1,12:32:00,
2700,1696,3,4,19,14,13:59:00,
2701,1697,43,8,41,14,11:22:00,
2702,1698,43,2,35,11,10:52:00,
2703,1698,68,7,25,6,09:56:00,
2704,1698,48,8,33,11,10:11:00,
2705,1699,19,3,24,5,09:54:00,
2706,1699,43,2,31,2,10:29:00,
2707,1699,20,6,30,2,10:18:00,
2708,1700,20,6,42,4,11:20:00,
2709,1700,3,2,30,7,12:03:00,
2710,1701,20,7,30,7,09:26:00,
2711,1702,43,6,29,5,15:25:00,
2712,1703,33,3,19,14,11:42:00,
2713,1703,68,7,43,2,11:51:00,
2714,1704,1,7,21,4,10:43:00,
2715,1705,20,1,29,6,11:24:00,
2716,1705,33,5,26,7,11:23:00,
2717,1706,20,5,41,12,14:46:00,
2718,1707,20,1,44,7,12:46:00,
2719,1707,68,8,27,4,12:24:00,
2720,1708,3,2,35,6,14:25:00,
2721,1708,68,3,24,5,13:20:00,
2722,1708,33,4,26,10,13:50:00,
2723,1709,3,6,30,11,16:37:00,
2724,1709,43,1,28,7,16:41:00,
2725,1710,4,6,35,12,13:12:00,
2726,1711,1,4,34,2,17:13:00,
2727,1711,48,6,25,11,17:15:00,
2728,1712,3,7,32,10,14:50:00,
2729,1713,20,3,46,5,10:20:00,
2730,1714,4,5,38,14,10:45:00,
2731,1714,33,5,35,3,10:40:00,
2732,1715,4,3,29,3,09:30:00,
2733,1716,4,6,44,6,11:52:00,
2734,1717,53,6,19,5,12:11:00,
2735,1718,1,3,30,14,10:10:00,
2736,1718,48,1,16,3,10:40:00,
2737,1719,53,2,22,14,15:19:00,
2738,1719,4,1,29,2,15:10:00,
2739,1720,43,5,34,5,12:10:00,
2740,1721,33,5,24,11,13:28:00,
2741,1722,20,8,27,11,16:19:00,
2742,1722,33,4,29,5,16:12:00,
2743,1722,53,7,9,10,16:22:00,
2744,1723,1,1,28,2,11:45:00,
2745,1723,43,7,32,2,11:39:00,
2746,1724,68,2,29,6,11:54:00,
2747,1725,43,1,21,3,12:04:00,
2748,1725,68,6,32,11,11:47:00,
2749,1726,43,5,29,14,12:50:00,
2750,1727,3,3,34,12,10:32:00,
2751,1727,20,8,32,2,09:54:00,
2752,1728,33,4,38,12,09:24:00,
2753,1729,48,6,20,14,11:51:00,
2754,1729,68,2,39,11,11:16:00,
2755,1729,33,6,29,6,11:06:00,
2756,1730,43,6,37,7,10:43:00,
2757,1731,53,2,30,4,10:54:00,
2758,1732,43,3,43,4,11:55:00,
2759,1733,53,6,22,2,14:26:00,
2760,1733,1,6,37,4,14:10:00,
2761,1734,33,4,39,3,14:31:00,
2762,1734,1,7,8,6,13:58:00,
2763,1734,20,7,41,13,14:24:00,
2764,1735,1,3,23,5,12:16:00,
2765,1735,68,3,40,1,12:13:00,
2766,1735,19,7,43,7,12:13:00,
2767,1736,1,7,34,12,17:42:00,
2768,1737,4,4,40,3,09:17:00,
2769,1738,3,4,31,3,11:25:00,
2770,1739,3,1,44,3,13:53:00,
2771,1740,1,3,31,7,16:19:00,
2772,1740,3,7,32,14,15:43:00,
2773,1741,53,8,33,1,12:57:00,
2774,1741,68,4,36,1,13:55:00,
2775,1742,43,6,47,3,10:23:00,
2776,1743,3,6,28,1,15:17:00,
2777,1743,19,1,27,5,14:11:00,
2778,1744,3,4,36,5,17:25:00,
2779,1745,33,8,29,4,15:36:00,
2780,1746,1,7,33,5,12:33:00,
2781,1747,4,3,38,10,11:16:00,
2782,1747,3,8,23,10,11:54:00,
2783,1747,20,5,33,3,11:02:00,
2784,1748,33,2,24,4,09:57:00,
2785,1749,19,6,32,7,12:10:00,
2786,1749,53,5,38,4,12:19:00,
2787,1750,68,7,32,11,12:38:00,
2788,1751,19,7,33,11,16:35:00,
2789,1751,1,6,37,13,16:49:00,
2790,1752,19,1,26,12,14:31:00,
2791,1752,53,1,34,6,14:59:00,
2792,1753,68,4,21,3,15:52:00,
2793,1754,3,8,38,10,16:25:00,
2794,1755,1,8,30,14,09:17:00,
2795,1755,19,6,43,1,09:08:00,
2796,1756,3,8,33,2,15:01:00,
2797,1757,4,4,33,14,09:10:00,
2798,1757,53,2,20,6,09:34:00,
2799,1757,33,5,22,11,10:00:00,
2800,1758,3,3,25,4,14:44:00,
2801,1758,43,1,39,11,14:49:00,
2802,1759,33,4,30,4,12:43:00,
2803,1759,43,4,34,5,13:22:00,
2804,1760,53,7,7,3,12:01:00,
2805,1760,1,2,32,13,12:30:00,
2806,1760,19,3,36,11,12:50:00,
2807,1761,48,4,18,3,16:01:00,
2808,1762,43,7,29,11,13:08:00,
2809,1762,53,8,27,6,13:20:00,
2810,1763,33,1,34,6,10:25:00,
2811,1763,4,2,50,11,10:09:00,
2812,1764,68,7,39,12,11:01:00,
2813,1764,1,7,30,13,10:55:00,
2814,1765,1,7,36,12,11:34:00,
2815,1766,53,5,26,11,10:30:00,
2816,1767,33,5,29,10,15:54:00,
2817,1768,48,8,29,6,13:20:00,
2818,1769,68,2,32,5,17:28:00,
2819,1769,19,6,16,2,17:08:00,
2820,1770,48,3,22,3,10:15:00,
2821,1770,19,4,28,14,10:04:00,
2822,1770,43,2,36,4,09:38:00,
2823,1771,4,3,45,1,11:48:00,
2824,1772,20,1,35,2,13:51:00,
2825,1772,68,5,25,6,13:18:00,
2826,1773,48,3,44,3,09:53:00,
2827,1773,4,6,29,4,10:13:00,
2828,1773,20,6,35,14,09:12:00,
2829,1774,19,7,35,3,18:12:00,
2830,1775,53,3,16,14,12:30:00,
2831,1776,53,2,34,1,13:59:00,
2832,1777,53,6,47,10,15:32:00,
2833,1777,68,4,31,7,14:23:00,
2834,1777,20,2,32,10,14:19:00,
2835,1778,4,5,42,3,10:43:00,
2836,1778,43,3,31,7,10:40:00,
2837,1779,33,5,24,14,14:14:00,
2838,1780,20,3,36,6,13:05:00,
2839,1780,33,4,33,7,13:21:00,
2840,1781,68,5,30,3,12:01:00,
2841,1781,43,4,43,12,11:29:00,
2842,1781,1,5,43,12,11:33:00,
2843,1782,43,2,42,12,16:05:00,
2844,1783,33,2,26,14,14:54:00,
2845,1783,53,8,22,7,16:03:00,
2846,1784,19,3,21,10,16:49:00,
2847,1784,3,7,44,2,17:33:00,
2848,1785,1,8,35,4,16:43:00,
2849,1785,19,6,41,4,17:17:00,
2850,1786,53,4,18,6,15:06:00,
2851,1787,68,2,29,11,12:10:00,
2852,1788,43,4,28,14,11:03:00,
2853,1788,33,5,24,11,11:01:00,
2854,1789,3,2,23,2,09:59:00,
2855,1790,68,8,25,12,17:40:00,
2856,1790,53,5,34,10,16:35:00,
2857,1791,3,3,36,7,14:35:00,
2858,1791,19,3,32,5,14:58:00,
2859,1792,43,6,37,11,15:15:00,
2860,1792,3,3,40,3,15:36:00,
2861,1792,1,7,35,11,15:18:00,
2862,1793,20,7,44,12,11:34:00,
2863,1793,1,7,37,12,11:21:00,
2864,1794,4,2,21,10,09:26:00,
2865,1794,48,4,20,1,09:39:00,
2866,1795,4,4,27,1,13:53:00,
2867,1796,20,2,43,4,09:53:00,
2868,1797,19,5,23,11,15:01:00,
2869,1798,3,1,46,5,12:11:00,
2870,1798,4,7,30,6,12:16:00,
2871,1799,3,6,36,13,16:39:00,
2872,1800,1,1,45,6,12:12:00,
2873,1800,43,3,37,6,12:04:00,
2874,1801,3,6,31,1,11:08:00,
2875,1802,20,6,45,5,12:23:00,
2876,1802,43,8,34,13,12:49:00,
2877,1802,68,4,31,14,12:26:00,
2878,1803,43,2,41,6,15:27:00,
2879,1804,53,2,22,6,09:53:00,
2880,1805,33,1,27,4,17:03:00,
2881,1806,48,5,40,12,16:23:00,
2882,1807,1,7,29,13,12:07:00,
2883,1807,43,6,37,2,12:42:00,
2884,1808,19,5,42,2,14:18:00,
2885,1809,68,7,38,10,09:43:00,
2886,1810,20,7,60,11,10:39:00,
2887,1810,4,1,40,12,10:24:00,
2888,1811,48,2,15,2,11:01:00,
2889,1812,48,6,32,12,16:57:00,
2890,1812,53,5,39,4,16:31:00,
2891,1813,20,1,17,1,11:54:00,
2892,1813,53,5,23,12,11:11:00,
2893,1814,20,1,41,11,14:33:00,
2894,1814,33,6,29,7,14:49:00,
2895,1814,3,5,26,2,14:37:00,
2896,1815,3,8,23,5,16:44:00,
2897,1816,1,2,30,13,10:02:00,
2898,1817,43,6,37,6,10:22:00,
2899,1817,53,1,30,14,10:20:00,
2900,1817,20,6,28,2,10:21:00,
2901,1818,53,5,17,2,16:21:00,
2902,1818,48,4,37,5,15:54:00,
2903,1819,20,3,34,11,11:09:00,
2904,1820,19,8,20,11,09:30:00,
2905,1820,68,8,25,12,09:23:00,
2906,1821,53,2,36,3,10:03:00,
2907,1822,3,6,34,7,13:35:00,
2908,1822,4,2,39,2,13:48:00,
2909,1823,4,4,29,2,15:41:00,
2910,1824,33,8,30,12,12:06:00,
2911,1824,4,8,33,4,12:29:00,
2912,1824,43,1,39,10,11:55:00,
2913,1825,33,2,32,2,13:42:00,
2914,1825,48,6,37,11,13:43:00,
2915,1826,48,7,29,10,17:00:00,
2916,1827,20,2,40,2,16:37:00,
2917,1828,68,8,34,5,11:24:00,
2918,1829,4,8,25,7,17:31:00,
2919,1829,1,5,22,4,17:15:00,
2920,1829,43,3,41,5,17:13:00,
2921,1830,43,3,30,5,10:05:00,
2922,1831,19,6,27,1,09:39:00,
2923,1831,43,8,46,11,09:37:00,
2924,1832,4,2,30,3,12:26:00,
2925,1832,1,6,27,1,12:36:00,
2926,1833,1,3,32,13,10:17:00,
2927,1833,3,1,31,11,10:18:00,
2928,1833,53,5,21,1,09:53:00,
2929,1834,1,7,29,14,12:41:00,
2930,1834,20,7,38,3,12:50:00,
2931,1835,48,7,32,12,12:14:00,
2932,1835,43,7,28,4,12:31:00,
2933,1835,68,8,40,12,12:17:00,
2934,1836,19,5,47,14,16:29:00,
2935,1836,4,5,32,6,17:19:00,
2936,1836,53,1,36,14,18:21:00,
2937,1837,33,8,23,2,14:37:00,
2938,1837,1,8,33,1,14:40:00,
2939,1838,65,2,27,3,17:28:00,
2940,1838,19,5,29,10,17:08:00,
2941,1839,19,2,22,13,09:12:00,
2942,1839,33,1,26,5,09:27:00,
2943,1839,4,1,25,11,09:24:00,
2944,1840,43,2,39,2,14:16:00,
2945,1841,3,2,24,1,09:19:00,
2946,1842,43,3,24,4,14:23:00,
2947,1842,4,6,33,1,14:35:00,
2948,1843,43,4,33,7,10:28:00,
2949,1843,3,2,19,2,09:50:00,
2950,1844,19,2,41,1,14:12:00,
2951,1844,1,2,25,4,14:53:00,
2952,1845,1,3,30,14,14:32:00,
2953,1846,48,4,22,13,12:15:00,
2954,1847,3,6,25,12,17:26:00,
2955,1848,48,6,17,4,12:17:00,
2956,1849,48,4,18,10,15:30:00,
2957,1850,20,3,38,13,13:53:00,
2958,1851,4,8,7,7,15:39:00,
2959,1851,53,5,26,12,14:43:00,
2960,1852,68,8,20,5,15:48:00,
2961,1853,48,6,35,4,14:22:00,
2962,1854,33,3,21,13,12:35:00,
2963,1855,19,2,25,7,13:44:00,
2964,1855,68,3,33,11,14:05:00,
2965,1856,3,8,34,4,11:05:00,
2966,1857,20,8,38,11,14:56:00,
2967,1857,48,4,13,14,14:56:00,
2968,1858,19,5,34,7,11:50:00,
2969,1858,65,2,21,11,12:31:00,
2970,1859,33,4,32,12,12:06:00,
2971,1860,20,2,38,5,09:31:00,
2972,1861,1,1,15,14,14:21:00,
2973,1862,53,5,15,2,12:43:00,
2974,1862,33,1,31,2,12:21:00,
2975,1863,65,8,37,6,10:58:00,
2976,1863,20,4,35,7,10:39:00,
2977,1864,3,2,25,11,15:37:00,
2978,1864,43,6,32,5,15:00:00,
2979,1865,43,8,39,3,11:47:00,
2980,1866,20,4,33,3,15:41:00,
2981,1866,43,8,39,10,15:48:00,
2982,1866,68,3,38,6,15:06:00,
2983,1867,3,1,43,12,12:38:00,
2984,1868,65,3,39,12,16:07:00,
2985,1869,1,8,40,6,14:20:00,
2986,1870,4,7,40,7,13:29:00,
2987,1870,68,8,37,10,13:36:00,
2988,1870,53,7,11,2,13:35:00,
2989,1871,33,1,27,2,10:52:00,
2990,1872,53,4,38,12,15:18:00,
2991,1872,48,6,21,7,16:34:00,
2992,1872,3,1,31,3,16:03:00,
2993,1873,68,3,38,11,15:17:00,
2994,1873,1,7,12,2,15:53:00,
2995,1874,20,5,33,14,13:01:00,
2996,1875,3,5,23,12,14:45:00,
2997,1876,33,3,27,2,15:42:00,
2998,1876,20,8,28,3,16:22:00,
2999,1877,33,2,26,1,13:22:00,
3000,1877,3,8,47,12,13:48:00,
3001,1877,48,6,21,14,13:46:00,
3002,1878,48,6,21,3,15:50:00,
3003,1879,48,8,24,13,13:21:00,
3004,1879,53,6,28,6,13:49:00,
3005,1880,48,4,27,4,11:09:00,
3006,1880,33,6,28,11,11:11:00,
3007,1880,3,2,17,1,10:28:00,
3008,1881,1,7,17,6,12:49:00,
3009,1882,4,5,31,6,09:33:00,
3010,1883,1,3,28,6,17:22:00,
3011,1883,4,7,47,4,15:54:00,
3012,1883,3,5,22,7,16:01:00,
3013,1884,68,6,31,5,14:37:00,
3014,1885,3,7,36,13,15:11:00,
3015,1885,20,7,32,3,15:08:00,
3016,1886,48,4,27,11,14:27:00,
3017,1886,68,8,38,6,14:16:00,
3018,1887,68,5,32,14,12:49:00,
3019,1887,33,6,28,11,12:45:00,
3020,1887,20,5,37,5,12:53:00,
3021,1888,68,2,24,4,11:57:00,
3022,1889,48,6,44,6,14:53:00,
3023,1889,53,2,5,6,14:51:00,
3024,1890,68,8,38,5,11:14:00,
3025,1891,48,1,39,13,10:59:00,
3026,1891,68,2,27,3,11:08:00,
3027,1892,1,1,37,5,09:48:00,
3028,1892,68,8,41,13,09:06:00,
3029,1893,19,2,50,2,17:48:00,
3030,1893,68,1,23,1,17:00:00,
3031,1893,65,7,33,4,16:51:00,
3032,1894,1,6,41,5,12:08:00,
3033,1895,53,1,30,10,09:28:00,
3034,1896,1,6,30,5,14:08:00,
3035,1896,65,7,33,4,13:28:00,
3036,1897,43,2,33,3,14:39:00,
3037,1898,68,7,15,11,15:54:00,
3038,1899,43,7,41,7,14:22:00,
3039,1899,65,1,23,1,14:30:00,
3040,1899,19,5,19,14,15:05:00,
3041,1900,43,4,29,12,11:36:00,
3042,1901,33,8,35,2,13:05:00,
3043,1901,20,7,33,6,12:53:00,
3044,1902,20,6,48,14,13:44:00,
3045,1902,19,1,16,14,13:34:00,
3046,1903,4,4,40,4,13:31:00,
3047,1903,3,8,26,14,12:57:00,
3048,1904,43,5,42,3,11:38:00,
3049,1904,53,8,18,3,11:56:00,
3050,1905,19,8,33,2,14:34:00,
3051,1906,19,1,50,1,15:33:00,
3052,1907,20,5,36,3,14:56:00,
3053,1908,1,1,24,11,14:44:00,
3054,1908,3,6,50,4,14:49:00,
3055,1908,43,7,42,12,14:41:00,
3056,1909,53,7,24,5,09:53:00,
3057,1909,1,6,35,11,09:56:00,
3058,1910,4,6,34,12,14:13:00,
3059,1911,65,1,35,4,13:13:00,
3060,1912,68,7,32,4,13:42:00,
3061,1912,43,4,35,11,13:42:00,
3062,1913,20,5,36,4,11:13:00,
3063,1914,3,7,36,13,14:36:00,
3064,1914,65,6,45,3,12:58:00,
3065,1914,19,6,27,2,14:09:00,
3066,1915,4,6,42,3,12:55:00,
3067,1915,43,4,21,13,12:20:00,
3068,1916,4,5,28,3,13:12:00,
3069,1916,65,3,30,11,11:54:00,
3070,1916,3,3,40,12,12:02:00,
3071,1917,43,5,27,13,13:04:00,
3072,1917,48,3,40,13,13:49:00,
3073,1918,68,7,23,3,12:00:00,
3074,1918,53,2,19,11,12:37:00,
3075,1919,33,5,38,7,12:31:00,
3076,1919,43,4,38,10,12:31:00,
3077,1920,48,8,36,10,10:13:00,
3078,1920,33,5,23,14,10:02:00,
3079,1920,19,8,26,4,10:00:00,
3080,1921,19,1,36,10,11:35:00,
3081,1921,3,4,30,1,12:32:00,
3082,1922,43,2,45,3,12:48:00,
3083,1922,19,7,45,3,12:53:00,
3084,1922,1,6,37,3,12:49:00,
3085,1923,43,2,37,14,14:26:00,
3086,1924,48,7,25,7,16:44:00,
3087,1925,68,7,16,11,16:54:00,
3088,1925,20,8,31,6,16:05:00,
3089,1925,4,7,28,10,16:45:00,
3090,1926,4,2,24,13,10:34:00,
3091,1926,19,5,24,1,10:49:00,
3092,1927,3,6,31,11,17:03:00,
3093,1927,20,8,24,12,18:47:00,
3094,1928,43,2,31,2,11:15:00,
3095,1928,48,3,20,3,11:36:00,
3096,1928,20,1,47,14,11:40:00,
3097,1929,1,4,22,4,15:56:00,
3098,1929,68,7,22,12,15:30:00,
3099,1930,33,3,24,3,16:56:00,
3100,1930,43,7,40,7,16:43:00,
3101,1931,68,7,22,7,11:29:00,
3102,1931,33,7,24,13,11:48:00,
3103,1932,43,1,35,1,12:10:00,
3104,1932,48,4,31,1,12:52:00,
3105,1932,33,7,29,10,13:01:00,
3106,1933,53,3,25,5,17:21:00,
3107,1934,65,7,28,11,16:36:00,
3108,1935,3,5,30,3,14:56:00,
3109,1936,33,3,25,10,11:24:00,
3110,1936,19,6,38,10,12:25:00,
3111,1937,65,8,33,11,17:05:00,
3112,1937,4,6,39,4,16:51:00,
3113,1938,43,8,33,11,11:04:00,
3114,1938,65,7,37,4,10:57:00,
3115,1939,65,7,34,1,11:58:00,
3116,1939,3,1,35,7,11:43:00,
3117,1940,43,5,26,4,17:09:00,
3118,1941,33,8,28,14,15:03:00,
3119,1941,68,6,26,7,16:20:00,
3120,1942,20,4,25,7,16:41:00,
3121,1943,68,6,24,13,16:34:00,
3122,1943,19,4,34,12,17:27:00,
3123,1944,20,1,42,14,14:08:00,
3124,1944,48,4,29,1,13:50:00,
3125,1945,20,6,40,2,15:41:00,
3126,1945,68,4,43,4,14:24:00,
3127,1946,43,8,36,6,17:17:00,
3128,1946,4,8,41,5,16:46:00,
3129,1947,1,2,36,10,14:54:00,
3130,1948,65,6,39,2,17:17:00,
3131,1949,53,1,27,13,17:20:00,
3132,1950,20,1,34,14,16:23:00,
3133,1950,33,7,25,7,16:03:00,
3134,1950,19,8,28,14,16:41:00,
3135,1951,20,5,26,5,16:48:00,
3136,1952,53,5,27,4,14:27:00,
3137,1952,65,7,44,11,13:46:00,
3138,1953,1,1,35,1,09:36:00,
3139,1954,1,7,30,4,10:13:00,
3140,1955,19,6,22,14,17:20:00,
3141,1955,68,6,31,11,17:04:00,
3142,1956,4,1,21,4,12:52:00,
3143,1956,65,6,39,11,13:23:00,
3144,1957,3,5,30,10,12:25:00,
3145,1957,43,7,25,5,11:41:00,
3146,1958,65,7,43,4,15:26:00,
3147,1958,43,1,22,14,15:22:00,
3148,1959,33,3,33,12,12:31:00,
3149,1959,65,4,39,5,12:57:00,
3150,1960,4,8,39,3,13:26:00,
3151,1961,53,3,32,11,17:09:00,
3152,1961,4,5,31,10,16:21:00,
3153,1962,1,8,26,13,14:18:00,
3154,1962,19,1,31,10,13:52:00,
3155,1963,3,5,32,14,16:57:00,
3156,1964,48,8,26,4,17:18:00,
3157,1965,4,6,39,11,17:35:00,
3158,1966,3,7,34,7,13:39:00,
3159,1966,53,5,33,3,13:37:00,
3160,1967,43,8,30,13,13:23:00,
3161,1967,19,6,20,3,12:53:00,
3162,1968,53,3,40,14,17:30:00,
3163,1969,43,1,20,14,15:08:00,
3164,1969,19,1,28,14,15:17:00,
3165,1970,53,8,28,3,10:38:00,
3166,1971,3,3,29,14,16:52:00,
3167,1972,1,6,36,3,13:24:00,
3168,1972,68,3,23,2,13:53:00,
3169,1973,48,5,31,13,16:49:00,
3170,1974,20,5,42,7,13:04:00,
3171,1975,68,4,33,2,10:57:00,
3172,1976,65,3,18,1,12:05:00,
3173,1977,68,3,25,7,11:15:00,
3174,1977,1,7,38,13,11:00:00,
3175,1978,3,4,34,12,16:39:00,
3176,1978,65,7,31,13,17:16:00,
3177,1979,20,4,49,1,16:35:00,
3178,1980,3,3,34,10,11:07:00,
3179,1980,68,6,27,4,11:04:00,
3180,1981,4,7,28,6,17:05:00,
3181,1982,1,3,31,12,09:43:00,
3182,1983,20,5,34,13,14:15:00,
3183,1983,3,6,34,7,14:25:00,
3184,1984,68,3,43,12,12:55:00,
3185,1985,33,6,24,2,11:14:00,
3186,1986,65,1,20,10,13:25:00,
3187,1986,19,8,27,10,13:07:00,
3188,1987,33,2,38,13,15:29:00,
3189,1987,4,1,31,5,14:30:00,
3190,1988,43,6,21,7,16:07:00,
3191,1988,1,6,24,4,14:51:00,
3192,1989,43,4,24,13,15:37:00,
3193,1990,65,8,23,13,11:05:00,
3194,1990,1,5,10,13,10:51:00,
3195,1991,48,8,21,11,14:04:00,
3196,1991,3,2,32,1,14:50:00,
3197,1992,1,6,25,2,11:14:00,
3198,1992,19,5,26,14,11:40:00,
3199,1992,53,5,29,13,11:29:00,
3200,1993,53,5,24,13,11:51:00,
3201,1994,48,1,26,4,16:57:00,
3202,1994,1,2,36,13,17:03:00,
3203,1994,4,7,37,14,17:22:00,
3204,1995,20,8,36,5,15:14:00,
3205,1995,1,1,45,10,15:33:00,
3206,1996,43,1,29,12,16:20:00,
3207,1996,33,2,21,11,16:49:00,
3208,1996,1,1,23,14,16:43:00,
3209,1997,33,7,35,5,09:38:00,
3210,1997,48,3,24,7,09:26:00,
3211,1997,43,6,33,11,09:19:00,
3212,1998,1,5,27,4,14:34:00,
3213,1998,3,3,32,1,14:22:00,
3214,1998,68,6,44,3,14:16:00,
3215,1999,4,1,26,11,13:21:00,
3216,2000,43,8,42,5,12:49:00,
3217,2001,48,3,14,7,17:03:00,
3218,2001,3,6,37,1,17:09:00,
3219,2002,3,7,34,12,15:26:00,
3220,2002,53,4,30,4,16:06:00,
3221,2003,3,4,28,14,13:06:00,
3222,2003,53,4,44,4,13:07:00,
3223,2003,19,7,35,3,12:55:00,
3224,2004,48,7,34,2,16:39:00,
3225,2005,53,1,27,13,17:27:00,
3226,2005,43,6,40,7,16:26:00,
3227,2006,48,2,26,7,14:21:00,
3228,2006,43,6,23,5,14:27:00,
3229,2007,65,4,28,14,10:10:00,
3230,2008,42,4,37,13,13:27:00,
3231,2009,65,4,30,6,11:43:00,
3232,2009,42,3,29,4,11:52:00,
3233,2010,19,6,30,10,12:26:00,
3234,2010,3,1,36,13,12:40:00,
3235,2011,3,8,38,11,17:24:00,
3236,2011,33,6,25,7,16:37:00,
3237,2011,65,4,32,11,16:51:00,
3238,2012,65,4,44,2,12:57:00,
3239,2013,48,1,8,2,11:38:00,
3240,2014,68,7,23,14,09:59:00,
3241,2015,19,1,33,10,13:34:00,
3242,2015,48,6,17,11,13:05:00,
3243,2015,65,4,34,2,14:22:00,
3244,2016,4,5,35,3,10:27:00,
3245,2016,48,1,19,4,11:11:00,
3246,2016,3,1,31,1,10:20:00,
3247,2017,48,5,28,2,12:44:00,
3248,2017,65,7,24,13,12:36:00,
3249,2018,33,1,32,6,09:24:00,
3250,2019,43,3,31,7,17:45:00,
3251,2020,4,1,29,6,12:36:00,
3252,2021,48,6,30,7,16:07:00,
3253,2022,3,3,34,13,12:42:00,
3254,2023,48,3,26,11,11:40:00,
3255,2023,53,2,23,11,11:31:00,
3256,2024,4,1,43,6,12:07:00,
3257,2024,3,1,32,5,13:25:00,
3258,2025,42,7,47,7,13:47:00,
3259,2026,68,4,30,12,14:45:00,
3260,2027,48,1,17,14,14:51:00,
3261,2028,20,1,36,5,12:48:00,
3262,2029,53,2,36,12,13:29:00,
3263,2029,48,6,36,1,13:27:00,
3264,2030,4,3,36,11,16:09:00,
3265,2031,1,5,35,1,17:39:00,
3266,2031,43,7,33,7,17:42:00,
3267,2032,1,3,23,10,13:57:00,
3268,2033,43,5,41,3,14:35:00,
3269,2033,68,3,16,4,13:38:00,
3270,2033,33,3,25,10,13:40:00,
3271,2034,42,7,25,1,14:52:00,
3272,2034,1,4,26,12,15:12:00,
3273,2035,20,1,19,14,10:53:00,
3274,2036,68,2,22,12,13:13:00,
3275,2037,3,1,25,14,16:59:00,
3276,2037,43,2,36,10,16:35:00,
3277,2038,1,1,29,1,10:12:00,
3278,2038,4,6,26,1,09:50:00,
3279,2039,3,4,33,11,14:25:00,
3280,2040,33,7,28,2,09:49:00,
3281,2040,3,4,33,6,09:14:00,
3282,2041,53,7,18,7,13:55:00,
3283,2042,3,7,35,5,15:21:00,
3284,2042,1,3,31,10,15:27:00,
3285,2043,53,7,27,10,13:53:00,
3286,2043,48,3,7,13,14:31:00,
3287,2043,1,5,35,5,14:36:00,
3288,2044,3,5,27,11,11:53:00,
3289,2044,19,2,34,11,11:14:00,
3290,2045,68,8,31,3,13:40:00,
3291,2045,65,6,16,14,13:47:00,
3292,2045,1,4,21,3,13:39:00,
3293,2046,42,4,35,6,10:55:00,
3294,2046,65,2,30,1,11:17:00,
3295,2047,1,6,18,5,15:26:00,
3296,2048,20,6,43,7,14:14:00,
3297,2049,65,1,30,7,14:03:00,
3298,2049,20,2,23,11,14:25:00,
3299,2050,3,5,28,1,12:30:00,
3300,2050,1,4,38,11,12:40:00,
3301,2050,19,1,28,10,12:47:00,
3302,2051,33,7,31,6,09:23:00,
3303,2052,4,7,38,2,10:53:00,
3304,2052,1,1,33,4,10:56:00,
3305,2053,48,3,23,11,12:04:00,
3306,2054,1,6,42,13,16:53:00,
3307,2055,68,4,31,4,12:19:00,
3308,2056,48,5,15,5,13:28:00,
3309,2057,19,8,38,3,13:26:00,
3310,2058,43,1,30,6,14:43:00,
3311,2058,20,3,33,10,13:58:00,
3312,2059,43,1,24,1,12:31:00,
3313,2060,68,2,23,11,10:46:00,
3314,2060,42,4,25,14,10:38:00,
3315,2061,53,3,22,12,10:11:00,
3316,2062,3,6,47,3,12:09:00,
3317,2062,68,2,25,2,12:20:00,
3318,2063,3,1,37,3,09:50:00,
3319,2063,20,5,27,7,09:43:00,
3320,2064,43,7,25,6,12:46:00,
3321,2065,19,6,29,4,13:36:00,
3322,2065,53,4,19,3,11:44:00,
3323,2065,43,2,51,14,12:22:00,
3324,2066,68,4,21,1,14:43:00,
3325,2067,1,5,19,2,17:21:00,
3326,2067,42,7,36,5,17:40:00,
3327,2068,53,3,23,3,11:55:00,
3328,2068,68,5,40,5,12:21:00,
3329,2069,19,5,28,2,12:54:00,
3330,2069,68,3,27,13,12:50:00,
3331,2069,20,5,41,12,12:38:00,
3332,2070,68,5,32,11,14:52:00,
3333,2070,53,4,32,5,16:07:00,
3334,2071,43,3,39,7,17:43:00,
3335,2072,42,1,42,5,11:48:00,
3336,2072,43,8,28,12,11:33:00,
3337,2072,20,2,42,7,11:23:00,
3338,2073,33,8,25,12,11:35:00,
3339,2073,4,1,38,7,10:42:00,
3340,2074,3,2,31,3,15:38:00,
3341,2074,19,5,19,14,16:09:00,
3342,2075,4,5,8,1,12:02:00,
3343,2076,43,1,40,3,15:11:00,
3344,2076,19,6,27,4,15:21:00,
3345,2077,4,1,39,7,15:12:00,
3346,2077,19,5,19,2,15:06:00,
3347,2078,68,7,32,13,10:35:00,
3348,2078,3,1,32,10,09:48:00,
3349,2079,4,8,27,2,12:42:00,
3350,2079,68,2,29,3,12:47:00,
3351,2080,65,1,20,11,13:22:00,
3352,2080,68,5,33,6,13:30:00,
3353,2081,53,4,30,3,09:26:00,
3354,2081,68,6,45,6,09:31:00,
3355,2082,33,4,30,3,13:03:00,
3356,2083,1,7,37,1,10:31:00,
3357,2084,33,4,44,11,11:24:00,
3358,2084,65,8,31,2,11:55:00,
3359,2085,42,6,16,10,10:07:00,
3360,2085,1,3,40,6,09:52:00,
3361,2085,43,2,33,10,09:51:00,
3362,2086,48,3,19,14,12:34:00,
3363,2086,33,7,21,1,12:10:00,
3364,2087,20,4,29,13,15:23:00,
3365,2087,48,6,40,13,15:53:00,
3366,2088,65,4,33,5,16:25:00,
3367,2088,43,3,43,12,15:53:00,
3368,2088,61,5,34,6,16:43:00,
3369,2089,19,3,26,7,13:34:00,
3370,2090,4,6,38,7,10:51:00,
3371,2091,20,6,43,4,17:18:00,
3372,2091,68,5,33,1,17:14:00,
3373,2092,33,5,32,11,14:04:00,
3374,2093,53,2,30,14,10:24:00,
3375,2093,19,3,44,10,11:03:00,
3376,2093,33,5,23,7,10:52:00,
3377,2094,42,7,30,7,12:28:00,
3378,2094,53,7,10,4,12:20:00,
3379,2095,48,3,17,3,10:37:00,
3380,2096,4,2,33,11,11:35:00,
3381,2097,43,8,21,2,14:50:00,
3382,2098,3,3,16,13,11:18:00,
3383,2099,3,5,24,3,13:11:00,
3384,2099,48,6,19,1,13:31:00,
3385,2100,48,5,30,1,12:06:00,
3386,2101,19,8,17,3,09:52:00,
3387,2102,68,5,42,2,16:48:00,
3388,2102,33,8,38,5,16:27:00,
3389,2103,42,5,24,5,14:24:00,
3390,2104,33,4,41,10,12:23:00,
3391,2105,19,6,31,10,16:15:00,
3392,2105,3,3,34,3,16:09:00,
3393,2106,33,4,36,6,11:06:00,
3394,2106,61,4,28,14,10:35:00,
3395,2107,20,6,42,6,16:18:00,
3396,2107,4,7,34,7,16:13:00,
3397,2108,43,1,29,6,15:53:00,
3398,2109,20,5,32,11,13:45:00,
3399,2110,19,7,40,13,13:18:00,
3400,2110,20,5,42,3,12:40:00,
3401,2111,1,5,28,12,13:50:00,
3402,2112,3,6,31,12,09:36:00,
3403,2112,1,3,38,12,09:51:00,
3404,2113,3,8,40,13,16:34:00,
3405,2113,53,1,27,4,17:05:00,
3406,2114,19,1,39,1,09:55:00,
3407,2115,42,2,39,5,13:27:00,
3408,2115,19,4,34,5,13:47:00,
3409,2116,4,8,23,3,15:44:00,
3410,2117,48,3,21,5,13:05:00,
3411,2117,53,6,35,3,13:44:00,
3412,2117,20,7,39,2,13:34:00,
3413,2118,68,5,36,13,12:22:00,
3414,2119,43,6,35,1,09:47:00,
3415,2120,65,1,41,14,16:45:00,
3416,2121,68,4,35,12,14:27:00,
3417,2122,42,3,22,4,14:45:00,
3418,2122,53,1,23,3,14:21:00,
3419,2122,20,8,26,14,13:52:00,
3420,2123,48,2,33,2,15:49:00,
3421,2124,42,7,36,10,14:00:00,
3422,2125,19,5,34,5,11:29:00,
3423,2125,61,6,24,1,11:25:00,
3424,2125,68,5,16,11,10:56:00,
3425,2126,33,6,19,10,15:16:00,
3426,2126,43,1,26,3,14:28:00,
3427,2126,42,1,33,11,14:43:00,
3428,2127,68,8,13,4,14:02:00,
3429,2128,4,2,7,10,12:22:00,
3430,2129,48,6,38,4,12:17:00,
3431,2130,42,2,22,6,16:22:00,
3432,2131,48,6,34,1,13:03:00,
3433,2131,20,3,35,7,13:49:00,
3434,2132,33,8,33,2,16:16:00,
3435,2133,1,5,35,13,16:37:00,
3436,2133,65,3,19,14,17:10:00,
3437,2134,68,4,33,1,14:59:00,
3438,2134,53,3,19,5,14:25:00,
3439,2135,19,1,7,12,12:59:00,
3440,2136,1,5,20,2,12:52:00,
3441,2136,42,5,41,3,12:51:00,
3442,2137,65,5,37,14,15:27:00,
3443,2138,42,7,31,10,12:51:00,
3444,2139,20,4,46,12,15:29:00,
3445,2140,68,7,47,3,17:22:00,
3446,2140,65,2,37,5,16:22:00,
3447,2141,3,4,31,13,11:02:00,
3448,2142,48,2,40,11,09:31:00,
3449,2143,42,3,42,4,15:04:00,
3450,2144,65,8,38,12,13:07:00,
3451,2144,4,8,36,7,14:03:00,
3452,2145,53,1,23,2,10:21:00,
3453,2145,3,2,25,7,10:23:00,
3454,2145,61,4,27,11,10:28:00,
3455,2146,33,2,35,7,14:35:00,
3456,2147,65,1,22,3,15:32:00,
3457,2148,65,4,33,12,17:17:00,
3458,2148,3,6,44,4,17:50:00,
3459,2149,1,3,27,1,13:08:00,
3460,2149,3,4,46,1,13:10:00,
3461,2150,4,5,37,5,14:34:00,
3462,2151,19,7,33,12,14:27:00,
3463,2151,68,3,25,14,14:41:00,
3464,2152,3,3,31,2,10:52:00,
3465,2153,68,5,39,3,11:51:00,
3466,2153,65,5,33,7,11:41:00,
3467,2154,68,1,35,3,16:51:00,
3468,2154,65,5,35,10,16:03:00,
3469,2155,61,6,36,4,14:29:00,
3470,2156,33,7,32,12,16:31:00,
3471,2157,3,3,26,6,11:21:00,
3472,2157,48,2,33,3,12:07:00,
3473,2158,53,7,34,6,14:58:00,
3474,2159,19,5,24,6,14:24:00,
3475,2160,68,8,20,2,14:26:00,
3476,2161,53,8,24,1,14:56:00,
3477,2161,43,3,40,3,14:07:00,
3478,2162,4,6,16,4,11:41:00,
3479,2162,68,8,39,4,11:11:00,
3480,2163,61,7,35,12,10:17:00,
3481,2163,48,6,24,14,10:16:00,
3482,2164,33,5,20,14,09:45:00,
3483,2164,42,3,36,2,09:29:00,
3484,2165,65,6,24,2,15:09:00,
3485,2166,20,3,34,3,09:52:00,
3486,2167,53,4,36,12,12:24:00,
3487,2168,33,7,37,1,11:30:00,
3488,2168,68,3,48,11,11:10:00,
3489,2169,68,4,28,3,09:55:00,
3490,2170,68,4,36,6,11:01:00,
3491,2171,42,7,45,11,14:25:00,
3492,2172,5,4,43,11,14:52:00,
3493,2172,42,6,54,10,15:12:00,
3494,2173,48,6,23,6,12:58:00,
3495,2173,5,3,31,7,14:00:00,
3496,2173,65,3,25,7,13:30:00,
3497,2174,42,6,46,7,11:04:00,
3498,2175,1,1,33,1,14:52:00,
3499,2175,53,3,24,4,16:11:00,
3500,2176,33,2,20,1,15:15:00,
3501,2176,42,4,45,2,14:57:00,
3502,2177,1,8,34,10,10:28:00,
3503,2178,42,5,38,4,09:50:00,
3504,2179,53,6,16,4,17:03:00,
3505,2179,4,3,50,7,16:31:00,
3506,2180,61,6,34,13,11:48:00,
3507,2181,33,5,30,14,13:09:00,
3508,2181,4,5,26,13,13:06:00,
3509,2182,56,8,43,11,14:39:00,
3510,2182,1,4,33,12,14:44:00,
3511,2183,33,5,44,6,16:28:00,
3512,2184,5,3,47,2,09:20:00,
3513,2184,20,4,38,12,09:27:00,
3514,2185,53,5,11,11,13:37:00,
3515,2186,20,6,31,11,15:35:00,
3516,2187,19,6,32,14,11:52:00,
3517,2187,61,4,38,11,10:20:00,
3518,2188,5,5,37,7,13:54:00,
3519,2189,33,8,36,11,15:54:00,
3520,2189,61,1,23,6,15:45:00,
3521,2190,42,8,26,10,14:08:00,
3522,2190,62,7,21,4,15:07:00,
3523,2191,65,7,32,7,11:32:00,
3524,2192,5,2,30,2,15:06:00,
3525,2193,65,8,30,4,15:33:00,
3526,2194,20,1,35,7,14:28:00,
3527,2194,65,5,26,6,14:53:00,
3528,2195,33,2,20,1,12:50:00,
3529,2195,65,8,38,4,12:25:00,
3530,2196,42,1,37,2,16:50:00,
3531,2196,48,2,25,13,16:21:00,
3532,2197,19,3,22,13,15:27:00,
3533,2197,65,3,33,12,15:47:00,
3534,2198,53,5,43,7,16:10:00,
3535,2198,48,5,27,2,16:05:00,
3536,2199,4,1,23,12,15:30:00,
3537,2200,19,4,29,7,11:52:00,
3538,2200,42,6,41,4,12:47:00,
3539,2200,33,2,21,14,12:11:00,
3540,2201,65,3,28,11,13:57:00,
3541,2201,20,2,39,7,13:15:00,
3542,2202,20,3,30,5,10:52:00,
3543,2203,61,6,28,11,15:14:00,
3544,2204,65,6,9,2,12:07:00,
3545,2205,19,5,23,7,15:11:00,
3546,2205,4,5,23,3,14:40:00,
3547,2205,20,2,35,3,15:26:00,
3548,2206,3,3,25,1,17:55:00,
3549,2206,20,2,37,7,17:24:00,
3550,2207,3,4,30,7,16:41:00,
3551,2207,61,7,22,1,16:45:00,
3552,2208,61,6,27,7,12:14:00,
3553,2209,19,1,38,11,14:32:00,
3554,2209,3,7,28,1,13:54:00,
3555,2210,56,7,27,2,18:26:00,
3556,2210,43,2,28,1,18:05:00,
3557,2210,53,3,10,11,17:27:00,
3558,2211,1,3,40,3,14:15:00,
3559,2211,65,6,33,5,14:38:00,
3560,2212,33,5,25,4,09:08:00,
3561,2212,43,6,41,7,09:08:00,
3562,2213,5,5,46,6,15:18:00,
3563,2214,3,4,37,1,10:25:00,
3564,2214,42,4,43,13,10:29:00,
3565,2215,68,6,36,5,10:50:00,
3566,2215,43,2,43,14,10:36:00,
3567,2215,62,1,24,10,11:13:00,
3568,2216,62,8,27,3,16:45:00,
3569,2217,68,7,25,6,14:48:00,
3570,2217,1,8,31,1,14:21:00,
3571,2217,62,8,23,1,15:25:00,
3572,2218,61,8,47,11,10:25:00,
3573,2219,20,6,46,7,14:27:00,
3574,2219,33,4,26,5,14:03:00,
3575,2220,56,1,34,4,11:01:00,
3576,2220,3,5,35,12,11:02:00,
3577,2220,68,8,32,3,10:56:00,
3578,2221,44,7,5,5,16:31:00,
3579,2221,20,1,33,11,17:13:00,
3580,2222,5,7,17,3,14:42:00,
3581,2222,43,1,44,4,14:43:00,
3582,2222,33,2,22,4,14:21:00,
3583,2223,43,8,33,12,17:10:00,
3584,2223,1,3,41,3,16:48:00,
3585,2224,42,8,35,7,13:38:00,
3586,2224,44,5,14,12,14:16:00,
3587,2224,33,6,24,4,13:39:00,
3588,2225,5,1,24,11,17:36:00,
3589,2225,53,5,20,14,17:30:00,
3590,2225,44,6,18,14,17:37:00,
3591,2226,68,2,34,11,15:41:00,
3592,2226,53,4,29,11,15:26:00,
3593,2227,53,8,22,1,13:07:00,
3594,2227,19,6,23,3,12:47:00,
3595,2228,43,3,45,11,09:33:00,
3596,2228,1,7,24,12,09:53:00,
3597,2229,19,7,26,11,13:05:00,
3598,2229,42,7,34,14,13:08:00,
3599,2230,53,6,20,2,16:12:00,
3600,2230,5,5,39,4,15:51:00,
3601,2230,3,5,29,6,16:02:00,
3602,2231,43,2,28,1,17:10:00,
3603,2231,44,3,8,3,17:06:00,
3604,2232,5,7,34,11,12:53:00,
3605,2232,19,5,28,6,12:48:00,
3606,2233,62,6,34,12,14:49:00,
3607,2233,44,7,22,13,14:39:00,
3608,2234,56,4,27,4,10:35:00,
3609,2235,68,8,25,5,09:54:00,
3610,2235,42,6,40,5,10:05:00,
3611,2236,4,8,41,10,11:18:00,
3612,2236,62,7,26,13,11:10:00,
3613,2237,3,4,34,12,15:52:00,
3614,2238,44,5,11,11,12:49:00,
3615,2238,19,3,41,1,12:54:00,
3616,2238,5,1,40,2,12:44:00,
3617,2239,56,8,21,7,14:45:00,
3618,2240,65,4,36,6,11:11:00,
3619,2240,48,1,26,1,10:52:00,
3620,2241,42,1,25,6,16:33:00,
3621,2242,20,4,28,10,10:34:00,
3622,2242,43,1,28,1,10:02:00,
3623,2242,5,1,30,11,10:30:00,
3624,2243,68,1,32,3,11:00:00,
3625,2243,43,1,33,6,12:41:00,
3626,2244,44,5,20,4,11:20:00,
3627,2244,3,8,47,10,11:19:00,
3628,2245,1,3,29,5,11:48:00,
3629,2245,44,5,8,7,10:51:00,
3630,2246,19,1,38,2,12:34:00,
3631,2247,61,8,28,5,10:13:00,
3632,2248,61,8,26,6,15:53:00,
3633,2248,19,6,36,10,15:59:00,
3634,2248,42,2,21,10,15:44:00,
3635,2249,68,8,27,14,15:28:00,
3636,2250,61,6,34,10,11:03:00,
3637,2250,3,1,43,3,10:44:00,
3638,2251,53,5,27,14,15:27:00,
3639,2251,5,1,46,4,15:28:00,
3640,2251,20,3,18,1,15:37:00,
3641,2252,44,3,14,3,10:28:00,
3642,2253,3,1,25,7,11:50:00,
3643,2253,42,6,28,14,11:02:00,
3644,2254,19,6,35,5,14:11:00,
3645,2254,5,3,36,12,14:06:00,
3646,2254,20,3,36,10,14:07:00,
3647,2255,3,8,18,12,15:58:00,
3648,2255,65,3,34,14,16:09:00,
3649,2256,20,4,35,7,13:49:00,
3650,2256,56,6,29,4,13:24:00,
3651,2257,3,6,23,5,13:08:00,
3652,2258,5,8,34,6,17:43:00,
3653,2259,62,2,31,6,16:37:00,
3654,2259,43,7,32,10,17:16:00,
3655,2259,48,8,19,10,17:30:00,
3656,2260,42,7,21,1,11:43:00,
3657,2260,53,5,28,13,12:17:00,
3658,2260,48,1,30,3,12:15:00,
3659,2261,44,4,13,12,16:44:00,
3660,2262,48,4,24,13,11:07:00,
3661,2262,1,6,44,2,10:50:00,
3662,2262,43,5,46,11,11:11:00,
3663,2263,68,2,32,12,12:20:00,
3664,2264,42,5,36,14,13:25:00,
3665,2265,5,4,28,3,11:20:00,
3666,2265,43,8,36,1,12:13:00,
3667,2266,61,5,38,13,11:16:00,
3668,2266,5,5,23,14,11:16:00,
3669,2267,53,8,25,11,11:24:00,
3670,2267,62,7,26,14,11:06:00,
3671,2268,3,2,32,7,13:24:00,
3672,2268,5,6,31,14,13:17:00,
3673,2269,61,4,41,12,17:34:00,
3674,2269,20,6,36,5,17:38:00,
3675,2269,5,8,50,2,17:49:00,
3676,2270,62,1,26,5,16:11:00,
3677,2271,1,5,19,4,13:02:00,
3678,2272,42,3,37,2,10:09:00,
3679,2273,44,3,7,3,13:51:00,
3680,2273,20,7,28,2,14:18:00,
3681,2274,53,7,25,6,16:47:00,
3682,2274,23,2,30,7,15:26:00,
3683,2275,65,6,25,13,14:32:00,
3684,2275,53,5,11,3,13:22:00,
3685,2276,44,1,19,1,15:31:00,
3686,2277,44,8,28,11,12:32:00,
3687,2278,42,4,29,13,11:56:00,
3688,2278,53,4,40,11,12:11:00,
3689,2278,23,2,24,4,11:54:00,
3690,2279,43,8,35,11,10:14:00,
3691,2280,68,5,34,6,16:50:00,
3692,2280,19,1,31,4,16:07:00,
3693,2280,48,3,36,10,15:51:00,
3694,2281,48,1,31,7,14:09:00,
3695,2282,53,5,36,2,14:45:00,
3696,2282,48,8,34,7,14:41:00,
3697,2282,65,3,28,14,14:51:00,
3698,2283,48,5,10,5,13:09:00,
3699,2283,44,3,10,1,12:56:00,
3700,2283,19,3,18,1,12:35:00,
3701,2284,68,3,37,13,15:40:00,
3702,2284,23,8,35,13,15:44:00,
3703,2285,19,6,20,7,15:49:00,
3704,2285,65,2,32,7,16:27:00,
3705,2286,44,4,16,3,15:34:00,
3706,2286,42,4,23,7,15:07:00,
3707,2287,53,6,25,5,16:20:00,
3708,2287,62,5,25,14,15:54:00,
3709,2287,61,1,22,11,16:18:00,
3710,2288,65,6,32,6,11:51:00,
3711,2288,23,3,38,14,12:00:00,
3712,2288,56,7,28,3,12:10:00,
3713,2289,20,4,32,7,15:31:00,
3714,2290,5,7,35,1,14:36:00,
3715,2291,68,3,30,11,15:55:00,
3716,2292,43,4,30,1,15:36:00,
3717,2292,20,1,44,6,15:25:00,
3718,2293,62,8,40,6,17:06:00,
3719,2293,5,4,33,7,16:33:00,
3720,2293,23,4,40,11,16:54:00,
3721,2294,5,1,37,6,10:44:00,
3722,2295,44,7,24,1,16:52:00,
3723,2295,20,2,22,14,16:52:00,
3724,2296,1,3,37,6,16:25:00,
3725,2296,65,5,28,5,16:49:00,
3726,2297,68,2,37,6,14:54:00,
3727,2298,62,4,28,10,12:17:00,
3728,2298,56,3,21,13,12:25:00,
3729,2298,42,3,38,11,12:07:00,
3730,2299,42,1,22,3,17:24:00,
3731,2300,44,8,10,7,15:26:00,
3732,2301,1,8,26,2,15:49:00,
3733,2301,5,3,37,14,16:35:00,
3734,2302,62,5,28,5,11:03:00,
3735,2302,44,4,18,12,11:19:00,
3736,2303,5,7,27,13,15:06:00,
3737,2304,56,7,31,7,15:40:00,
3738,2305,61,1,26,5,16:53:00,
3739,2305,43,8,38,13,17:51:00,
3740,2306,68,2,15,10,11:24:00,
3741,2306,53,8,32,7,10:37:00,
3742,2306,19,5,42,3,10:27:00,
3743,2307,61,1,41,10,13:55:00,
3744,2307,23,2,33,13,13:57:00,
3745,2308,20,3,25,6,10:07:00,
3746,2309,42,7,39,14,17:21:00,
3747,2310,48,6,13,12,16:10:00,
3748,2311,44,7,14,13,11:05:00,
3749,2312,53,8,30,3,14:15:00,
3750,2312,65,5,27,14,13:42:00,
3751,2312,19,6,35,2,13:50:00,
3752,2313,48,7,27,6,10:16:00,
3753,2313,43,7,21,2,10:02:00,
3754,2314,68,3,35,11,11:36:00,
3755,2314,20,5,28,6,11:38:00,
3756,2314,42,6,31,7,09:55:00,
3757,2315,68,5,25,10,17:40:00,
3758,2315,43,4,34,12,17:21:00,
3759,2316,48,1,30,1,12:52:00,
3760,2316,43,7,25,11,14:23:00,
3761,2317,1,4,30,2,13:10:00,
3762,2317,62,7,13,7,13:10:00,
3763,2318,42,7,32,10,12:06:00,
3764,2318,44,8,21,5,11:49:00,
3765,2319,61,6,28,7,16:43:00,
3766,2320,44,1,15,4,13:11:00,
3767,2320,20,7,27,7,12:10:00,
3768,2320,61,8,37,14,12:12:00,
3769,2321,42,1,27,13,10:50:00,
3770,2321,53,2,29,14,10:50:00,
3771,2321,62,8,28,14,11:00:00,
3772,2322,1,4,30,3,11:39:00,
3773,2322,43,3,31,5,11:32:00,
3774,2322,53,7,21,1,13:00:00,
3775,2323,48,1,19,3,15:42:00,
3776,2324,5,8,30,10,13:56:00,
3777,2324,3,3,29,14,14:14:00,
3778,2325,53,4,23,11,11:59:00,
3779,2325,19,8,32,11,11:54:00,
3780,2325,61,6,34,11,11:22:00,
3781,2326,65,3,37,6,14:55:00,
3782,2326,44,4,14,14,16:11:00,
3783,2327,43,1,26,7,12:37:00,
3784,2327,23,5,44,1,12:07:00,
3785,2328,1,6,27,12,13:22:00,
3786,2329,5,6,29,7,14:13:00,
3787,2330,3,4,45,1,11:18:00,
3788,2330,1,2,27,1,11:08:00,
3789,2331,3,4,41,3,14:29:00,
3790,2331,56,6,34,7,14:13:00,
3791,2332,42,3,44,12,11:05:00,
3792,2332,44,2,13,6,10:30:00,
3793,2333,68,8,44,13,10:27:00,
3794,2333,48,1,18,7,09:51:00,
3795,2334,42,7,21,12,15:26:00,
3796,2335,56,5,36,12,14:04:00,
3797,2335,5,1,27,6,12:11:00,
3798,2336,20,4,33,10,10:32:00,
3799,2337,68,2,39,10,11:31:00,
3800,2338,43,2,46,12,10:57:00,
3801,2339,19,5,41,2,17:01:00,
3802,2339,62,8,24,3,17:00:00,
3803,2340,3,6,38,11,12:05:00,
3804,2341,65,4,41,13,15:06:00,
3805,2341,53,8,26,2,14:38:00,
3806,2342,23,8,21,14,16:50:00,
3807,2342,48,7,26,6,17:34:00,
3808,2342,43,8,36,10,17:18:00,
3809,2343,43,5,22,14,15:07:00,
3810,2343,3,7,19,6,15:19:00,
3811,2344,20,5,13,2,10:50:00,
3812,2345,44,5,5,6,14:30:00,
3813,2345,42,5,37,12,14:38:00,
3814,2346,20,6,47,3,16:35:00,
3815,2346,65,8,41,13,16:21:00,
3816,2347,43,6,35,10,14:56:00,
3817,2348,20,3,44,4,17:29:00,
3818,2348,48,6,16,12,16:17:00,
3819,2349,68,3,35,10,14:21:00,
3820,2349,56,1,33,10,14:14:00,
3821,2350,61,4,30,13,16:05:00,
3822,2350,1,5,29,6,16:26:00,
3823,2351,19,8,32,10,10:36:00,
3824,2352,44,5,28,13,09:31:00,
3825,2352,68,4,36,5,09:31:00,
3826,2353,56,2,24,11,14:49:00,
3827,2354,44,3,23,3,09:43:00,
3828,2355,19,8,30,13,13:19:00,
3829,2355,42,6,24,1,14:01:00,
3830,2356,42,4,50,3,16:42:00,
3831,2356,23,3,38,10,16:21:00,
3832,2357,42,8,26,10,13:52:00,
3833,2358,43,6,36,14,12:50:00,
3834,2358,48,3,20,10,12:46:00,
3835,2358,65,8,34,11,12:58:00,
3836,2359,65,6,16,10,17:21:00,
3837,2360,62,2,30,13,11:50:00,
3838,2361,5,4,45,14,10:44:00,
3839,2362,56,2,25,14,15:26:00,
3840,2363,19,4,34,13,11:27:00,
3841,2364,1,1,22,11,11:13:00,
3842,2364,62,7,9,3,12:00:00,
3843,2365,20,1,23,7,13:08:00,
3844,2366,20,6,37,5,16:46:00,
3845,2367,1,4,20,10,16:38:00,
3846,2367,23,7,45,14,17:16:00,
3847,2367,5,7,38,10,17:32:00,
3848,2368,61,2,24,10,13:11:00,
3849,2369,61,4,24,5,17:46:00,
3850,2369,23,6,36,11,18:07:00,
3851,2370,44,2,18,6,14:39:00,
3852,2370,65,8,32,3,15:13:00,
3853,2370,62,7,23,7,14:52:00,
3854,2371,19,6,24,11,17:41:00,
3855,2371,53,4,32,5,17:00:00,
3856,2371,68,7,18,5,16:58:00,
3857,2372,19,8,36,3,11:25:00,
3858,2373,61,6,31,1,14:37:00,
3859,2374,65,1,46,11,11:32:00,
3860,2375,44,7,13,10,09:47:00,
3861,2375,42,8,40,11,09:50:00,
3862,2376,65,7,29,11,14:21:00,
3863,2377,42,8,12,3,14:33:00,
3864,2377,43,6,32,7,14:24:00,
3865,2378,61,1,37,3,13:14:00,
3866,2378,42,2,25,11,13:13:00,
3867,2379,3,8,28,12,11:57:00,
3868,2380,68,2,26,5,15:40:00,
3869,2381,5,3,41,14,11:16:00,
3870,2381,43,1,33,6,13:03:00,
3871,2382,68,2,43,4,10:23:00,
3872,2383,42,3,34,1,17:47:00,
3873,2384,48,1,15,14,17:41:00,
3874,2384,20,6,23,11,17:04:00,
3875,2385,65,2,32,10,17:02:00,
3876,2385,42,2,36,1,17:41:00,
3877,2385,19,3,20,3,17:14:00,
3878,2386,62,4,25,3,15:37:00,
3879,2387,3,1,39,6,10:14:00,
3880,2387,19,1,33,11,10:12:00,
3881,2388,19,8,37,14,14:46:00,
3882,2388,61,2,19,11,14:33:00,
3883,2388,3,8,29,4,15:52:00,
3884,2389,65,1,38,11,13:01:00,
3885,2389,3,5,39,1,12:54:00,
3886,2390,56,6,32,1,14:54:00,
3887,2390,68,5,45,7,15:11:00,
3888,2391,48,2,26,14,12:14:00,
3889,2392,23,3,21,3,12:03:00,
3890,2393,5,6,25,7,17:53:00,
3891,2393,62,1,6,1,16:56:00,
3892,2393,43,3,35,5,17:01:00,
3893,2394,5,8,32,3,11:57:00,
3894,2395,48,6,35,6,16:36:00,
3895,2396,48,3,27,5,12:09:00,
3896,2397,3,7,32,5,14:36:00,
3897,2398,43,2,31,10,13:08:00,
3898,2399,3,2,23,1,16:13:00,
3899,2400,5,5,37,6,16:58:00,
3900,2400,1,2,45,10,16:11:00,
3901,2401,43,5,45,1,09:22:00,
3902,2401,61,3,33,4,09:42:00,
3903,2401,19,4,30,13,11:06:00,
3904,2402,44,7,36,7,11:35:00,
3905,2402,23,7,36,1,11:59:00,
3906,2403,3,7,24,4,12:18:00,
3907,2404,1,4,17,14,13:25:00,
3908,2404,23,2,31,2,14:01:00,
3909,2405,62,2,40,7,10:27:00,
3910,2405,20,6,41,4,10:24:00,
3911,2406,68,5,18,5,12:28:00,
3912,2407,61,4,26,2,12:04:00,
3913,2408,42,6,18,2,13:10:00,
3914,2409,3,6,23,2,14:42:00,
3915,2409,20,3,23,12,14:18:00,
3916,2410,43,7,33,11,13:34:00,
3917,2410,3,1,30,6,14:32:00,
3918,2411,65,7,46,6,13:36:00,
3919,2412,3,4,20,2,15:50:00,
3920,2413,19,2,36,6,15:38:00,
3921,2414,48,2,32,13,15:38:00,
3922,2415,68,2,29,14,11:08:00,
3923,2416,19,2,33,3,12:43:00,
3924,2416,44,3,22,6,12:31:00,
3925,2416,23,4,31,1,12:43:00,
3926,2417,56,8,33,2,15:39:00,
3927,2417,48,2,21,13,15:17:00,
3928,2418,48,3,25,4,10:50:00,
3929,2418,20,2,44,4,10:55:00,
3930,2419,5,1,26,7,12:21:00,
3931,2419,65,3,49,3,12:04:00,
3932,2419,20,5,32,14,11:08:00,
3933,2420,23,6,50,1,10:45:00,
3934,2420,42,1,41,1,09:56:00,
3935,2421,19,6,28,13,13:08:00,
3936,2422,61,8,42,10,15:22:00,
3937,2423,3,1,37,10,14:20:00,
3938,2423,56,5,37,4,14:47:00,
3939,2423,20,8,27,14,14:49:00,
3940,2424,42,3,35,2,16:30:00,
3941,2424,23,1,38,12,16:13:00,
3942,2424,5,1,34,7,16:29:00,
3943,2425,48,5,16,2,14:13:00,
3944,2426,19,6,27,11,15:34:00,
3945,2427,19,5,23,7,17:20:00,
3946,2427,48,7,21,14,17:57:00,
3947,2428,1,7,32,3,17:50:00,
3948,2429,68,6,29,6,13:51:00,
3949,2430,56,4,28,5,17:03:00,
3950,2431,1,6,37,14,16:36:00,
3951,2431,61,5,21,12,15:51:00,
3952,2432,53,6,23,3,16:07:00,
3953,2432,3,7,41,11,16:13:00,
3954,2433,56,1,26,5,15:48:00,
3955,2433,5,1,45,10,14:52:00,
3956,2433,68,1,40,2,15:07:00,
3957,2434,62,8,44,1,09:41:00,
3958,2434,3,8,30,7,09:36:00,
3959,2434,42,8,43,14,09:54:00,
3960,2435,5,1,21,3,10:20:00,
3961,2435,20,7,34,6,10:09:00,
3962,2435,43,3,26,4,09:46:00,
3963,2436,42,3,35,14,10:59:00,
3964,2436,1,4,24,1,10:58:00,
3965,2436,3,8,37,1,11:06:00,
3966,2437,42,8,18,3,13:51:00,
3967,2438,19,2,42,1,15:12:00,
3968,2439,20,6,28,7,09:10:00,
3969,2439,48,2,15,3,10:17:00,
3970,2440,68,8,24,2,16:24:00,
3971,2440,42,6,18,2,16:17:00,
3972,2441,53,5,22,11,09:59:00,
3973,2442,23,7,28,10,09:42:00,
3974,2442,5,3,48,3,10:40:00,
3975,2443,62,2,27,3,13:38:00,
3976,2444,53,5,15,5,15:55:00,
3977,2444,20,2,38,14,17:13:00,
3978,2444,62,5,41,4,17:29:00,
3979,2445,3,6,33,13,14:37:00,
3980,2445,48,5,28,1,14:49:00,
3981,2445,42,7,39,2,14:40:00,
3982,2446,62,2,18,11,13:59:00,
3983,2446,43,4,37,10,13:57:00,
3984,2447,42,6,46,1,09:30:00,
3985,2447,1,5,37,4,10:12:00,
3986,2448,19,8,36,6,14:46:00,
3987,2448,62,5,26,1,14:34:00,
3988,2448,20,4,27,13,15:21:00,
3989,2449,42,2,38,13,14:23:00,
3990,2449,44,4,5,11,14:33:00,
3991,2449,48,1,26,1,14:59:00,
3992,2450,20,8,45,2,09:38:00,
3993,2451,56,3,31,3,15:09:00,
3994,2451,61,7,31,6,15:07:00,
3995,2452,48,8,25,2,10:57:00,
3996,2452,65,6,25,10,10:44:00,
3997,2453,19,7,41,2,12:54:00,
3998,2454,62,6,34,7,13:29:00,
3999,2454,68,4,27,7,13:23:00,
4000,2454,43,6,38,11,13:43:00,
4001,2455,5,7,39,1,09:45:00,
4002,2455,65,5,38,12,10:09:00,
4003,2455,20,4,51,13,09:15:00,
4004,2456,68,1,35,5,17:03:00,
4005,2456,43,8,26,6,17:04:00,
4006,2457,56,3,16,11,13:50:00,
4007,2457,62,7,17,5,13:33:00,
4008,2458,42,7,47,4,10:32:00,
4009,2459,20,6,44,7,11:56:00,
4010,2460,62,7,41,10,14:03:00,
4011,2461,1,8,33,12,14:45:00,
4012,2461,43,7,37,5,14:05:00,
4013,2461,5,1,39,2,13:39:00,
4014,2462,42,1,37,2,15:22:00,
4015,2463,43,8,56,1,11:42:00,
4016,2464,56,6,36,2,10:41:00,
4017,2465,1,5,34,14,15:26:00,
4018,2466,53,4,27,1,12:53:00,
4019,2466,43,8,29,13,12:39:00,
4020,2467,29,7,19,6,11:34:00,
4021,2467,37,3,37,3,10:39:00,
4022,2468,37,6,38,11,15:35:00,
4023,2469,1,5,27,3,13:14:00,
4024,2469,37,3,36,7,12:45:00,
4025,2470,42,7,33,2,15:35:00,
4026,2470,56,4,23,10,15:27:00,
4027,2471,1,6,36,6,13:16:00,
4028,2471,3,6,27,12,11:54:00,
4029,2472,20,7,40,4,16:38:00,
4030,2473,19,3,29,4,09:11:00,
4031,2473,20,1,34,7,09:10:00,
4032,2474,44,4,14,3,14:53:00,
4033,2474,3,1,20,3,14:15:00,
4034,2475,19,6,18,13,10:03:00,
4035,2475,29,6,46,12,10:07:00,
4036,2476,44,7,15,12,17:08:00,
4037,2476,56,1,41,14,17:47:00,
4038,2476,62,4,33,7,17:54:00,
4039,2477,42,2,34,12,10:33:00,
4040,2478,1,3,35,13,10:32:00,
4041,2478,19,5,23,1,11:02:00,
4042,2479,20,8,37,1,09:54:00,
4043,2480,23,4,30,1,16:05:00,
4044,2480,43,6,23,11,16:22:00,
4045,2481,1,3,23,1,16:52:00,
4046,2482,61,3,24,3,09:52:00,
4047,2482,44,1,29,5,09:48:00,
4048,2483,53,1,29,7,16:09:00,
4049,2483,20,1,36,4,15:53:00,
4050,2484,42,5,15,7,10:08:00,
4051,2484,3,5,22,10,10:26:00,
4052,2484,65,5,30,10,10:27:00,
4053,2485,37,8,44,2,15:38:00,
4054,2485,62,6,19,11,16:24:00,
4055,2486,3,6,48,4,14:27:00,
4056,2486,61,2,33,10,14:58:00,
4057,2486,20,6,39,14,14:30:00,
4058,2487,5,7,28,5,15:08:00,
4059,2487,20,1,27,4,15:42:00,
4060,2487,44,1,18,14,15:21:00,
4061,2488,42,4,30,14,13:35:00,
4062,2489,62,5,30,14,15:17:00,
4063,2490,56,1,39,6,13:56:00,
4064,2490,37,5,14,2,12:54:00,
4065,2491,20,6,36,6,13:12:00,
4066,2492,65,5,34,12,17:18:00,
4067,2493,62,6,29,5,11:36:00,
4068,2493,5,5,40,4,10:25:00,
4069,2494,61,5,34,12,15:37:00,
4070,2495,23,3,24,6,13:22:00,
4071,2496,53,8,21,6,11:22:00,
4072,2497,62,4,38,11,15:34:00,
4073,2498,20,1,31,1,17:24:00,
4074,2498,42,3,26,6,17:17:00,
4075,2498,43,8,32,6,16:46:00,
4076,2499,29,1,14,6,13:57:00,
4077,2500,37,5,28,14,16:03:00,
4078,2500,20,5,21,6,15:49:00,
4079,2501,29,2,22,10,17:31:00,
4080,2501,65,6,17,2,16:55:00,
4081,2502,44,7,10,4,13:38:00,
4082,2502,53,3,22,1,13:51:00,
4083,2503,65,3,29,11,14:31:00,
4084,2504,1,3,40,11,11:33:00,
4085,2505,23,6,45,6,11:14:00,
4086,2505,19,6,33,11,10:58:00,
4087,2506,5,3,19,14,16:34:00,
4088,2506,3,7,37,10,16:26:00,
4089,2507,29,3,25,6,12:30:00,
4090,2508,5,6,32,10,14:50:00,
4091,2509,68,5,6,12,14:31:00,
4092,2510,43,7,40,13,14:47:00,
4093,2510,29,2,38,7,14:50:00,
4094,2511,20,6,35,4,14:30:00,
4095,2511,62,4,23,3,14:25:00,
4096,2512,61,7,36,11,15:03:00,
4097,2512,29,8,12,11,14:32:00,
4098,2512,42,7,32,7,14:30:00,
4099,2513,20,8,38,3,14:20:00,
4100,2513,53,2,18,3,14:42:00,
4101,2514,42,4,41,13,11:33:00,
4102,2514,29,6,30,5,11:15:00,
4103,2515,61,3,33,6,12:14:00,
4104,2516,44,6,20,12,12:43:00,
4105,2517,44,4,8,14,15:53:00,
4106,2517,29,8,21,4,15:47:00,
4107,2518,42,6,27,1,15:43:00,
4108,2518,37,2,31,10,16:04:00,
4109,2519,65,1,27,10,13:36:00,
4110,2519,68,7,24,7,13:28:00,
4111,2520,42,1,32,4,09:55:00,
4112,2520,61,1,31,6,10:06:00,
4113,2521,19,2,33,4,17:41:00,
4114,2522,42,6,34,11,17:05:00,
4115,2523,53,1,26,14,10:55:00,
4116,2523,56,8,27,11,10:51:00,
4117,2524,65,8,27,3,17:15:00,
4118,2525,20,3,31,11,16:13:00,
4119,2525,61,4,27,5,15:41:00,
4120,2525,29,1,24,6,15:24:00,
4121,2526,29,1,13,5,16:21:00,
4122,2526,68,2,29,14,16:42:00,
4123,2527,37,4,30,10,10:31:00,
4124,2527,23,6,34,5,12:02:00,
4125,2528,61,1,25,1,15:23:00,
4126,2528,53,7,37,11,15:13:00,
4127,2529,65,1,38,1,17:36:00,
4128,2530,5,6,34,12,16:55:00,
4129,2530,1,6,28,1,15:54:00,
4130,2531,29,3,8,3,17:39:00,
4131,2532,42,2,46,7,14:33:00,
4132,2533,19,8,32,7,16:14:00,
4133,2533,1,5,33,10,15:26:00,
4134,2534,53,6,9,1,15:02:00,
4135,2534,29,7,35,2,14:46:00,
4136,2534,65,3,19,10,15:01:00,
4137,2535,43,2,24,2,13:01:00,
4138,2535,5,6,41,11,13:05:00,
4139,2536,3,3,28,12,12:47:00,
4140,2536,1,6,34,2,12:49:00,
4141,2537,44,1,9,6,10:22:00,
4142,2537,3,4,26,7,10:35:00,
4143,2538,56,1,34,7,13:44:00,
4144,2539,1,7,36,13,12:19:00,
4145,2539,42,8,36,3,13:15:00,
4146,2540,29,7,31,2,12:57:00,
4147,2541,29,7,19,11,15:10:00,
4148,2542,48,6,27,1,09:32:00,
4149,2543,43,2,20,11,11:51:00,
4150,2543,48,3,24,6,12:07:00,
4151,2544,37,2,27,14,16:19:00,
4152,2545,56,4,26,1,15:45:00,
4153,2546,37,5,40,1,12:26:00,
4154,2546,20,5,44,10,12:43:00,
4155,2547,65,2,35,10,15:35:00,
4156,2547,1,3,36,2,15:48:00,
4157,2548,53,5,35,13,10:00:00,
4158,2548,3,3,49,11,10:05:00,
4159,2548,19,7,21,1,10:12:00,
4160,2549,3,7,28,10,11:54:00,
4161,2550,23,5,33,11,12:14:00,
4162,2550,37,1,30,3,13:01:00,
4163,2550,65,2,46,13,12:43:00,
4164,2551,68,7,21,12,09:23:00,
4165,2551,43,8,37,2,10:28:00,
4166,2551,44,1,13,12,10:03:00,
4167,2552,68,4,36,4,14:19:00,
4168,2552,62,3,35,1,14:43:00,
4169,2553,6,6,43,4,09:49:00,
4170,2553,48,6,35,5,09:33:00,
4171,2554,19,7,33,12,13:29:00,
4172,2554,53,5,27,6,13:38:00,
4173,2555,29,3,14,1,13:21:00,
4174,2556,56,8,16,14,16:25:00,
4175,2556,5,2,33,11,15:39:00,
4176,2557,29,2,30,6,12:56:00,
4177,2557,43,1,51,3,11:32:00,
4178,2558,53,8,26,3,14:06:00,
4179,2559,56,5,39,10,14:18:00,
4180,2560,68,1,41,7,16:35:00,
4181,2561,20,8,35,2,15:30:00,
4182,2562,56,3,26,7,14:17:00,
4183,2562,53,1,26,6,14:06:00,
4184,2562,37,8,36,1,14:15:00,
4185,2563,56,6,25,12,14:47:00,
4186,2563,19,5,33,11,14:35:00,
4187,2564,19,4,40,14,14:51:00,
4188,2565,68,8,16,5,14:56:00,
4189,2565,44,3,39,1,14:10:00,
4190,2566,65,7,36,6,12:02:00,
4191,2567,53,5,31,12,12:54:00,
4192,2567,56,1,29,6,12:29:00,
4193,2567,37,8,41,7,12:33:00,
4194,2568,23,3,14,14,14:11:00,
4195,2569,5,7,38,11,12:23:00,
4196,2569,20,4,41,12,11:57:00,
4197,2569,44,7,13,6,12:00:00,
4198,2570,43,3,37,11,13:28:00,
4199,2571,19,5,55,13,11:57:00,
4200,2571,44,7,18,1,13:01:00,
4201,2571,42,7,35,7,12:38:00,
4202,2572,19,8,34,4,09:52:00,
4203,2572,5,1,44,5,09:46:00,
4204,2573,43,5,34,13,13:52:00,
4205,2574,48,1,40,7,13:02:00,
4206,2574,37,1,43,4,12:55:00,
4207,2575,68,2,23,6,15:47:00,
4208,2576,65,1,43,1,15:52:00,
4209,2576,42,3,37,1,16:04:00,
4210,2576,3,7,30,4,15:33:00,
4211,2577,42,3,34,7,13:21:00,
4212,2577,61,1,34,13,13:29:00,
4213,2577,20,8,45,13,14:33:00,
4214,2578,6,6,18,3,10:48:00,
4215,2579,20,6,40,1,11:19:00,
4216,2580,48,4,29,3,16:13:00,
4217,2581,43,7,39,11,13:53:00,
4218,2582,20,7,34,10,13:36:00,
4219,2582,42,7,35,13,13:18:00,
4220,2583,19,4,26,7,11:38:00,
4221,2583,37,1,36,4,11:39:00,
4222,2584,1,5,37,11,11:17:00,
4223,2584,29,1,46,14,11:07:00,
4224,2584,62,8,29,6,11:26:00,
4225,2585,5,3,21,3,12:40:00,
4226,2585,19,8,34,1,12:24:00,
4227,2585,6,6,28,10,12:16:00,
4228,2586,56,7,39,7,11:30:00,
4229,2586,19,1,21,6,11:44:00,
4230,2587,20,1,29,11,13:21:00,
4231,2587,48,3,35,7,12:59:00,
4232,2588,42,8,38,6,16:01:00,
4233,2589,5,3,32,1,10:35:00,
4234,2590,48,5,23,6,10:59:00,
4235,2591,65,5,31,7,13:37:00,
4236,2592,23,2,37,13,16:08:00,
4237,2593,62,6,20,6,13:52:00,
4238,2593,20,3,36,12,14:00:00,
4239,2594,42,4,30,13,10:20:00,
4240,2595,62,1,19,6,11:06:00,
4241,2596,68,2,23,10,17:24:00,
4242,2596,6,2,26,4,17:30:00,
4243,2596,61,5,34,13,17:01:00,
4244,2597,53,7,41,5,16:39:00,
4245,2597,43,5,24,14,16:45:00,
4246,2598,62,3,19,13,14:07:00,
4247,2598,65,3,34,6,13:15:00,
4248,2599,5,6,18,7,10:15:00,
4249,2599,6,2,26,5,10:59:00,
4250,2599,3,5,24,2,10:12:00,
4251,2600,68,8,47,11,12:52:00,
4252,2600,53,6,26,14,13:08:00,
4253,2601,6,5,23,4,16:06:00,
4254,2602,37,4,36,10,15:33:00,
4255,2602,3,7,34,3,15:01:00,
4256,2603,43,2,24,6,12:49:00,
4257,2603,37,5,29,14,13:40:00,
4258,2604,29,7,33,10,13:30:00,
4259,2605,5,8,38,10,16:07:00,
4260,2605,3,6,33,3,17:05:00,
4261,2606,65,7,36,3,16:50:00,
4262,2606,44,2,20,1,16:05:00,
4263,2607,20,8,34,13,16:58:00,
4264,2607,48,6,21,11,17:19:00,
4265,2607,56,1,32,12,17:24:00,
4266,2608,65,4,31,7,13:46:00,
4267,2609,29,8,44,2,11:27:00,
4268,2609,42,5,47,4,11:21:00,
4269,2609,20,5,32,3,11:55:00,
4270,2610,68,8,32,10,09:52:00,
4271,2610,1,8,24,13,10:11:00,
4272,2611,5,1,40,1,11:22:00,
4273,2612,37,4,35,14,17:01:00,
4274,2613,48,7,27,12,12:21:00,
4275,2613,62,3,32,7,12:14:00,
4276,2614,68,3,23,4,16:44:00,
4277,2615,61,2,18,7,10:25:00,
4278,2615,19,6,28,2,10:16:00,
4279,2615,62,6,35,13,10:38:00,
4280,2616,68,8,14,1,13:14:00,
4281,2616,37,6,28,11,13:40:00,
4282,2617,48,7,29,12,15:53:00,
4283,2618,29,2,38,13,16:22:00,
4284,2619,37,4,34,2,12:23:00,
4285,2619,61,1,19,14,12:53:00,
4286,2620,5,5,29,4,13:25:00,
4287,2620,68,6,22,2,14:03:00,
4288,2621,48,8,25,4,09:50:00,
4289,2621,37,1,26,14,11:25:00,
4290,2622,29,2,18,13,12:08:00,
4291,2622,6,7,27,2,13:00:00,
4292,2623,42,4,37,2,10:25:00,
4293,2624,56,2,24,1,14:09:00,
4294,2625,65,3,29,5,10:34:00,
4295,2625,3,8,37,2,10:05:00,
4296,2625,29,8,28,4,09:59:00,
4297,2626,19,7,18,5,11:33:00,
4298,2626,29,5,29,5,12:01:00,
4299,2627,5,3,32,10,11:35:00,
4300,2628,43,1,31,1,11:58:00,
4301,2628,23,3,47,12,11:55:00,
4302,2628,56,6,35,7,12:07:00,
4303,2629,44,5,12,4,17:00:00,
4304,2629,20,5,36,13,16:53:00,
4305,2629,43,8,27,14,17:15:00,
4306,2630,6,5,33,7,16:27:00,
4307,2631,44,6,15,5,11:09:00,
4308,2632,61,4,37,3,16:43:00,
4309,2632,68,4,14,13,16:14:00,
4310,2633,37,5,26,3,13:20:00,
4311,2633,65,7,22,13,13:39:00,
4312,2634,65,3,28,12,11:49:00,
4313,2634,43,4,35,13,12:40:00,
4314,2635,1,3,22,11,15:12:00,
4315,2636,37,6,37,11,16:22:00,
4316,2636,68,1,34,2,15:57:00,
4317,2636,19,2,28,1,14:23:00,
4318,2637,53,8,28,12,12:56:00,
4319,2637,61,8,28,5,12:05:00,
4320,2638,29,6,20,7,12:53:00,
4321,2639,61,7,36,10,15:42:00,
4322,2640,53,1,19,4,15:12:00,
4323,2640,29,6,30,7,15:39:00,
4324,2641,48,4,30,12,10:57:00,
4325,2642,6,2,33,14,14:26:00,
4326,2642,23,8,46,6,13:31:00,
4327,2643,5,8,42,1,15:23:00,
4328,2643,44,1,26,10,15:28:00,
4329,2644,44,4,19,5,15:24:00,
4330,2645,37,2,46,13,16:18:00,
4331,2645,19,7,37,5,15:50:00,
4332,2645,5,2,28,6,15:39:00,
4333,2646,41,2,31,4,16:50:00,
4334,2646,37,4,26,3,16:44:00,
4335,2647,20,6,31,7,11:30:00,
4336,2647,37,1,37,6,11:14:00,
4337,2648,19,7,42,3,11:01:00,
4338,2649,43,1,45,11,15:35:00,
4339,2649,44,8,20,11,15:23:00,
4340,2650,62,2,24,5,11:00:00,
4341,2650,6,1,27,14,11:05:00,
4342,2651,41,3,40,11,13:06:00,
4343,2652,48,2,9,12,09:29:00,
4344,2652,29,6,30,14,09:46:00,
4345,2653,19,5,31,12,11:34:00,
4346,2653,42,4,31,13,11:53:00,
4347,2653,65,5,23,11,11:55:00,
4348,2654,56,5,24,13,14:49:00,
4349,2655,19,6,37,2,16:18:00,
4350,2656,29,4,26,5,11:08:00,
4351,2657,41,1,36,11,16:13:00,
4352,2657,42,6,35,4,16:37:00,
4353,2658,23,3,43,3,11:11:00,
4354,2659,1,2,41,10,13:49:00,
4355,2659,65,8,29,4,13:32:00,
4356,2659,3,5,43,10,13:24:00,
4357,2660,68,7,38,11,15:39:00,
4358,2660,20,6,37,14,15:33:00,
4359,2660,23,5,32,5,14:53:00,
4360,2661,5,7,26,7,13:16:00,
4361,2662,19,5,24,3,11:09:00,
4362,2663,48,1,22,12,13:23:00,
4363,2664,48,2,43,13,17:12:00,
4364,2664,62,4,25,13,17:20:00,
4365,2665,3,4,40,13,13:09:00,
4366,2665,5,3,37,6,13:13:00,
4367,2665,61,1,22,14,13:39:00,
4368,2666,43,3,35,5,16:39:00,
4369,2666,20,6,24,11,17:16:00,
4370,2667,53,8,31,12,15:30:00,
4371,2668,44,5,26,14,12:00:00,
4372,2668,61,6,33,12,11:27:00,
4373,2669,29,2,35,5,15:43:00,
4374,2669,20,3,39,11,15:29:00,
4375,2670,62,8,27,6,10:43:00,
4376,2671,65,6,51,5,16:23:00,
4377,2672,23,6,37,7,14:29:00,
4378,2673,41,8,47,1,12:05:00,
4379,2673,23,5,16,2,12:17:00,
4380,2674,53,5,25,11,11:00:00,
4381,2675,48,8,22,6,14:34:00,
4382,2676,43,6,29,10,12:15:00,
4383,2677,61,5,14,1,12:11:00,
4384,2677,42,1,45,6,11:50:00,
4385,2678,53,6,21,2,15:46:00,
4386,2678,23,2,29,12,14:38:00,
4387,2679,20,7,40,4,13:06:00,
4388,2679,1,1,44,5,12:54:00,
4389,2680,37,5,36,10,12:10:00,
4390,2680,56,1,33,4,12:55:00,
4391,2681,6,3,43,1,16:32:00,
4392,2681,41,3,26,3,16:19:00,
4393,2682,20,8,28,6,13:14:00,
4394,2682,1,2,33,11,13:58:00,
4395,2683,42,7,32,11,11:11:00,
4396,2683,71,6,27,12,12:20:00,
4397,2684,56,5,37,13,10:55:00,
4398,2684,37,3,30,7,10:02:00,
4399,2685,19,5,33,7,14:14:00,
4400,2685,62,6,24,1,14:30:00,
4401,2686,71,2,12,7,11:44:00,
4402,2687,41,6,37,10,15:16:00,
4403,2688,41,4,23,12,12:16:00,
4404,2689,19,5,41,3,12:21:00,
4405,2689,1,7,39,4,12:07:00,
4406,2690,1,6,30,1,11:21:00,
4407,2691,43,3,30,1,12:08:00,
4408,2692,19,7,25,13,13:27:00,
4409,2693,44,1,19,3,11:45:00,
4410,2694,48,2,23,7,15:51:00,
4411,2694,61,7,38,11,16:44:00,
4412,2694,6,5,26,6,15:29:00,
4413,2695,5,6,36,10,17:13:00,
4414,2696,41,7,39,7,16:51:00,
4415,2697,65,2,28,12,15:52:00,
4416,2698,19,5,29,12,09:41:00,
4417,2699,20,7,29,4,17:11:00,
4418,2699,71,4,11,4,17:09:00,
4419,2700,65,8,28,13,14:21:00,
4420,2700,6,7,24,3,14:35:00,
4421,2701,1,3,25,11,14:45:00,
4422,2702,42,5,40,5,16:53:00,
4423,2702,37,1,42,3,16:47:00,
4424,2703,44,3,14,1,12:52:00,
4425,2703,71,4,28,3,12:09:00,
4426,2704,29,1,24,7,10:54:00,
4427,2705,29,8,42,13,14:20:00,
4428,2706,50,3,27,14,12:56:00,
4429,2706,29,8,21,2,12:06:00,
4430,2707,6,5,38,1,16:01:00,
4431,2707,1,3,36,7,16:06:00,
4432,2708,68,8,29,13,12:14:00,
4433,2708,62,3,31,6,11:55:00,
4434,2709,56,6,13,6,17:02:00,
4435,2709,6,1,27,11,17:39:00,
4436,2710,53,7,35,13,12:02:00,
4437,2711,29,4,22,1,16:08:00,
4438,2711,62,8,31,1,16:10:00,
4439,2712,20,7,33,5,14:13:00,
4440,2712,62,3,21,13,12:25:00,
4441,2713,61,7,29,4,15:29:00,
4442,2713,68,2,37,7,15:53:00,
4443,2714,53,5,23,14,13:49:00,
4444,2714,1,8,32,2,13:38:00,
4445,2715,6,1,24,7,14:47:00,
4446,2716,5,2,24,2,12:09:00,
4447,2716,19,4,23,10,12:37:00,
4448,2716,53,3,24,1,12:42:00,
4449,2717,62,1,21,11,14:28:00,
4450,2717,56,5,29,13,13:58:00,
4451,2718,44,1,6,11,17:35:00,
4452,2718,23,2,30,7,16:33:00,
4453,2718,20,7,49,14,17:56:00,
4454,2719,23,7,35,3,10:47:00,
4455,2720,5,3,39,12,11:58:00,
4456,2721,1,5,37,1,16:12:00,
4457,2722,43,7,42,11,13:26:00,
4458,2723,1,4,45,10,15:12:00,
4459,2724,61,4,39,4,11:13:00,
4460,2725,37,5,42,7,16:19:00,
4461,2726,23,5,23,14,11:19:00,
4462,2726,48,2,28,7,11:13:00,
4463,2727,43,5,31,5,15:38:00,
4464,2727,1,7,33,12,15:30:00,
4465,2728,71,6,21,6,09:44:00,
4466,2728,23,3,34,11,10:49:00,
4467,2729,48,6,24,10,13:57:00,
4468,2729,5,7,26,6,14:02:00,
4469,2730,37,1,37,7,11:31:00,
4470,2730,65,2,26,13,11:40:00,
4471,2731,50,2,27,4,13:26:00,
4472,2731,53,6,24,4,13:11:00,
4473,2732,61,7,29,1,09:33:00,
4474,2733,6,5,40,3,13:28:00,
4475,2733,23,2,36,4,13:42:00,
4476,2733,20,5,39,4,13:21:00,
4477,2734,5,3,41,11,11:16:00,
4478,2734,56,8,32,3,11:10:00,
4479,2735,65,6,41,5,10:06:00,
4480,2736,56,1,34,7,14:55:00,
4481,2736,41,5,52,5,15:23:00,
4482,2737,53,8,23,2,16:38:00,
4483,2737,5,4,36,3,17:07:00,
4484,2738,65,4,39,3,09:52:00,
4485,2739,23,7,33,13,13:59:00,
4486,2740,53,1,27,5,11:14:00,
4487,2741,50,4,20,4,10:03:00,
4488,2741,6,1,36,1,10:21:00,
4489,2741,23,4,29,4,09:22:00,
4490,2742,65,2,31,13,10:27:00,
4491,2743,6,2,42,14,17:34:00,
4492,2743,44,3,10,13,17:11:00,
4493,2744,61,6,20,14,10:20:00,
4494,2744,20,2,37,10,10:28:00,
4495,2745,50,4,39,10,11:42:00,
4496,2746,48,8,33,1,13:57:00,
4497,2746,1,8,27,2,13:34:00,
4498,2747,37,1,50,7,13:17:00,
4499,2748,65,1,38,3,10:20:00,
4500,2748,61,7,20,1,10:21:00,
4501,2749,65,7,43,12,09:57:00,
4502,2749,23,7,30,3,09:28:00,
4503,2750,43,3,21,13,10:48:00,
4504,2750,29,8,31,3,11:02:00,
4505,2751,53,3,27,2,10:44:00,
4506,2751,23,8,32,4,09:50:00,
4507,2752,43,7,46,7,16:15:00,
4508,2753,62,2,33,6,14:00:00,
4509,2754,41,2,32,11,13:46:00,
4510,2755,23,4,23,7,11:01:00,
4511,2755,1,8,41,5,10:39:00,
4512,2756,61,8,32,1,13:38:00,
4513,2757,53,8,36,11,12:16:00,
4514,2757,48,2,21,1,12:31:00,
4515,2758,1,3,38,10,15:02:00,
4516,2758,19,1,24,6,14:44:00,
4517,2759,1,3,30,5,14:30:00,
4518,2759,43,4,28,5,14:21:00,
4519,2760,71,6,30,12,10:32:00,
4520,2760,20,4,32,11,10:28:00,
4521,2761,43,8,19,5,12:45:00,
4522,2762,65,6,18,11,14:36:00,
4523,2762,68,4,32,12,15:22:00,
4524,2763,29,3,37,1,16:03:00,
4525,2764,71,8,35,7,16:11:00,
4526,2764,44,4,18,10,16:54:00,
4527,2765,29,6,35,14,09:42:00,
4528,2765,6,4,31,6,09:46:00,
4529,2766,53,5,9,12,11:38:00,
4530,2767,41,1,43,12,16:09:00,
4531,2767,65,1,28,12,15:49:00,
4532,2767,1,4,32,3,15:49:00,
4533,2768,23,5,43,6,14:53:00,
4534,2769,43,6,42,10,15:19:00,
4535,2769,20,5,32,6,16:05:00,
4536,2770,71,4,14,4,14:27:00,
4537,2771,23,6,31,1,17:53:00,
4538,2771,1,3,42,5,17:49:00,
4539,2772,61,2,30,12,15:57:00,
4540,2772,50,5,19,7,16:06:00,
4541,2773,37,5,32,11,12:44:00,
4542,2773,19,1,16,14,12:57:00,
4543,2773,61,3,15,11,12:53:00,
4544,2774,19,2,33,4,15:58:00,
4545,2774,53,4,24,6,16:07:00,
4546,2774,6,1,22,1,15:46:00,
4547,2775,56,3,20,5,15:15:00,
4548,2776,65,4,18,10,09:19:00,
4549,2777,53,8,29,10,13:15:00,
4550,2778,68,7,23,6,13:48:00,
4551,2778,53,3,41,7,13:31:00,
4552,2779,61,2,27,7,09:53:00,
4553,2780,62,6,23,12,14:25:00,
4554,2781,71,4,19,3,12:18:00,
4555,2782,19,4,32,1,17:14:00,
4556,2782,5,8,22,11,16:58:00,
4557,2782,6,5,21,6,17:03:00,
4558,2783,5,1,35,5,11:48:00,
4559,2783,42,5,31,14,12:08:00,
4560,2784,43,1,40,12,12:24:00,
4561,2784,29,6,26,10,11:41:00,
4562,2785,71,8,19,1,15:12:00,
4563,2785,65,8,32,7,14:45:00,
4564,2786,6,1,39,2,11:54:00,
4565,2787,43,5,35,7,15:36:00,
4566,2788,56,8,25,10,16:24:00,
4567,2788,1,6,39,7,16:32:00,
4568,2789,65,6,28,13,09:55:00,
4569,2789,37,3,37,14,09:58:00,
4570,2790,43,6,39,4,09:29:00,
4571,2790,41,6,43,10,10:01:00,
4572,2791,71,3,22,7,14:22:00,
4573,2791,37,2,22,10,13:53:00,
4574,2791,41,7,41,1,14:18:00,
4575,2792,20,2,29,6,12:39:00,
4576,2793,6,7,24,6,15:45:00,
4577,2793,65,8,18,4,15:35:00,
4578,2793,68,4,25,1,15:35:00,
4579,2794,23,8,25,5,17:33:00,
4580,2795,68,5,28,7,15:16:00,
4581,2796,43,6,32,5,12:48:00,
4582,2796,5,4,32,4,12:49:00,
4583,2797,50,6,23,10,12:03:00,
4584,2797,20,4,26,7,12:11:00,
4585,2798,71,8,16,14,12:17:00,
4586,2799,65,4,32,11,12:39:00,
4587,2800,23,8,33,1,12:06:00,
4588,2800,68,4,31,10,11:46:00,
4589,2801,41,6,31,10,10:28:00,
4590,2802,71,1,30,1,11:50:00,
4591,2803,50,3,34,11,12:39:00,
4592,2804,42,5,42,7,14:56:00,
4593,2805,53,2,36,14,13:42:00,
4594,2805,43,1,38,4,14:01:00,
4595,2806,44,8,20,11,11:15:00,
4596,2807,56,6,18,14,15:17:00,
4597,2807,41,3,42,10,15:38:00,
4598,2808,68,6,23,4,11:02:00,
4599,2809,42,8,37,5,13:44:00,
4600,2809,29,8,35,5,12:54:00,
4601,2810,19,7,12,7,17:09:00,
4602,2810,23,4,43,14,18:37:00,
4603,2811,48,6,17,14,16:28:00,
4604,2811,29,8,15,1,17:17:00,
4605,2812,44,6,24,5,13:59:00,
4606,2813,71,5,12,3,16:54:00,
4607,2814,71,8,27,1,15:59:00,
4608,2814,5,1,29,13,16:01:00,
4609,2815,41,4,27,1,18:04:00,
4610,2815,53,6,20,14,17:37:00,
4611,2815,23,4,29,12,16:42:00,
4612,2816,43,1,36,7,11:12:00,
4613,2817,48,8,17,10,14:40:00,
4614,2817,62,4,30,4,14:53:00,
4615,2817,53,2,7,3,14:19:00,
4616,2818,29,1,39,1,12:31:00,
4617,2818,62,4,18,11,12:28:00,
4618,2819,68,1,37,13,12:21:00,
4619,2819,50,4,42,3,12:41:00,
4620,2820,42,8,24,1,15:00:00,
4621,2821,68,4,33,13,14:35:00,
4622,2821,22,7,26,6,14:36:00,
4623,2822,23,3,34,1,10:40:00,
4624,2822,53,4,26,14,11:04:00,
4625,2823,65,4,41,13,09:39:00,
4626,2823,42,3,30,11,09:23:00,
4627,2823,29,6,20,7,10:14:00,
4628,2824,61,4,28,4,15:30:00,
4629,2825,37,4,36,3,10:27:00,
4630,2825,62,7,24,3,10:34:00,
4631,2826,37,2,30,10,15:27:00,
4632,2827,42,2,30,10,11:16:00,
4633,2827,48,1,30,13,11:02:00,
4634,2827,37,5,38,1,11:06:00,
4635,2828,6,2,33,10,12:31:00,
4636,2828,71,6,27,13,12:24:00,
4637,2828,29,2,29,14,13:16:00,
4638,2829,62,4,23,11,14:27:00,
4639,2829,22,8,19,13,13:57:00,
4640,2830,29,6,24,5,17:00:00,
4641,2831,48,2,30,10,09:38:00,
4642,2832,42,4,44,2,10:06:00,
4643,2832,20,1,26,7,11:16:00,
4644,2832,71,2,19,2,09:36:00,
4645,2833,6,3,33,1,12:18:00,
4646,2833,41,2,30,13,12:08:00,
4647,2834,56,5,29,11,13:26:00,
4648,2835,50,5,34,12,13:53:00,
4649,2836,42,4,44,1,11:46:00,
4650,2836,23,2,33,3,11:24:00,
4651,2837,50,3,40,13,12:07:00,
4652,2837,61,7,39,13,11:57:00,
4653,2838,65,8,28,7,10:02:00,
4654,2838,29,7,42,3,09:44:00,
4655,2839,41,3,39,11,13:25:00,
4656,2839,20,3,43,10,14:12:00,
4657,2839,42,2,27,3,13:56:00,
4658,2840,61,4,21,5,10:40:00,
4659,2841,53,6,9,1,15:44:00,
4660,2841,22,6,32,7,15:13:00,
4661,2842,56,3,40,4,10:39:00,
4662,2843,68,7,35,10,12:40:00,
4663,2843,22,6,24,7,12:54:00,
4664,2843,29,6,34,4,12:53:00,
4665,2844,48,1,25,13,14:22:00,
4666,2844,50,1,39,3,15:01:00,
4667,2845,62,3,13,4,16:03:00,
4668,2845,1,3,41,4,16:16:00,
4669,2846,43,1,35,1,12:57:00,
4670,2847,68,4,23,7,10:57:00,
4671,2847,56,5,19,4,11:07:00,
4672,2848,71,1,23,12,16:05:00,
4673,2848,44,2,18,5,16:41:00,
4674,2849,48,2,26,12,14:19:00,
4675,2849,61,6,38,13,15:36:00,
4676,2850,53,5,32,7,13:11:00,
4677,2850,20,5,41,4,13:31:00,
4678,2851,1,8,30,1,14:51:00,
4679,2852,42,4,33,12,13:02:00,
4680,2852,68,7,35,12,13:16:00,
4681,2853,71,2,18,12,13:01:00,
4682,2854,53,1,28,14,12:08:00,
4683,2855,53,7,31,10,09:35:00,
4684,2855,61,7,26,5,09:57:00,
4685,2856,62,7,27,5,10:30:00,
4686,2856,22,5,28,4,10:36:00,
4687,2857,6,8,19,3,11:50:00,
4688,2857,39,3,33,13,13:17:00,
4689,2858,68,8,28,2,10:03:00,
4690,2859,22,5,37,2,13:01:00,
4691,2859,41,6,29,12,12:54:00,
4692,2860,41,1,34,3,16:00:00,
4693,2860,1,3,32,11,15:37:00,
4694,2860,61,5,36,4,16:05:00,
4695,2861,43,8,37,7,14:12:00,
4696,2861,37,1,40,14,13:16:00,
4697,2862,48,8,26,10,16:22:00,
4698,2863,48,7,9,4,15:12:00,
4699,2864,29,1,38,1,13:23:00,
4700,2864,37,7,37,13,12:47:00,
4701,2864,39,8,41,1,13:11:00,
4702,2865,29,3,35,7,14:47:00,
4703,2866,44,6,21,1,10:38:00,
4704,2866,1,8,38,12,10:32:00,
4705,2866,23,1,38,12,10:20:00,
4706,2867,59,5,33,5,13:27:00,
4707,2867,20,6,34,11,12:35:00,
4708,2867,6,7,35,14,13:23:00,
4709,2868,44,5,5,3,17:04:00,
4710,2868,19,4,35,3,17:29:00,
4711,2868,23,3,30,5,17:26:00,
4712,2869,37,7,39,11,14:39:00,
4713,2869,19,8,18,1,14:32:00,
4714,2870,50,5,34,7,15:58:00,
4715,2871,22,2,23,7,15:24:00,
4716,2872,19,5,40,13,14:15:00,
4717,2873,1,4,25,6,15:53:00,
4718,2874,59,3,11,2,15:33:00,
4719,2875,71,1,31,14,11:54:00,
4720,2875,43,6,41,11,11:44:00,
4721,2876,62,4,25,14,14:33:00,
4722,2876,39,4,39,14,14:28:00,
4723,2877,44,1,10,11,15:16:00,
4724,2877,19,5,34,2,15:22:00,
4725,2877,61,5,30,10,15:19:00,
4726,2878,56,4,32,13,10:26:00,
4727,2879,1,5,46,1,16:00:00,
4728,2880,19,8,30,1,10:20:00,
4729,2880,22,3,38,1,11:13:00,
4730,2880,37,3,36,13,11:09:00,
4731,2881,50,7,18,10,12:03:00,
4732,2881,6,1,32,3,12:26:00,
4733,2882,19,2,27,5,10:54:00,
4734,2882,37,7,39,10,10:32:00,
4735,2883,5,5,45,13,17:14:00,
4736,2884,37,8,28,1,14:06:00,
4737,2884,48,4,25,11,13:40:00,
4738,2885,44,3,7,2,10:18:00,
4739,2885,42,4,46,1,09:31:00,
4740,2885,41,3,36,12,10:51:00,
4741,2886,61,3,25,6,12:13:00,
4742,2886,50,6,24,2,11:42:00,
4743,2887,53,1,32,4,10:17:00,
4744,2888,50,7,30,11,14:51:00,
4745,2888,53,7,18,5,14:53:00,
4746,2888,23,6,35,1,14:54:00,
4747,2889,6,1,12,2,12:02:00,
4748,2889,20,1,35,5,12:08:00,
4749,2889,23,4,40,13,12:10:00,
4750,2890,42,4,34,5,12:29:00,
4751,2890,22,8,27,14,12:28:00,
4752,2891,39,5,16,7,12:49:00,
4753,2892,68,4,37,5,17:14:00,
4754,2893,29,3,27,12,15:10:00,
4755,2893,62,8,25,7,16:09:00,
4756,2894,61,6,37,10,14:55:00,
4757,2894,56,8,28,12,14:24:00,
4758,2894,48,8,18,6,13:54:00,
4759,2895,6,3,36,7,14:40:00,
4760,2895,19,1,31,11,13:53:00,
4761,2895,71,5,22,5,13:26:00,
4762,2896,71,8,23,11,16:07:00,
4763,2897,53,7,30,11,15:38:00,
4764,2897,43,3,23,14,15:40:00,
4765,2897,42,1,24,4,15:36:00,
4766,2898,48,5,19,3,16:03:00,
4767,2899,22,7,22,14,12:45:00,
4768,2900,62,1,27,4,16:37:00,
4769,2901,1,8,27,11,10:35:00,
4770,2902,48,7,32,5,15:20:00,
4771,2902,43,1,38,14,15:29:00,
4772,2902,6,1,30,6,15:07:00,
4773,2903,44,1,15,1,13:05:00,
4774,2903,61,2,39,12,12:15:00,
4775,2904,22,6,33,11,16:49:00,
4776,2905,59,5,17,13,14:08:00,
4777,2906,68,5,45,1,15:57:00,
4778,2907,42,2,31,6,10:25:00,
4779,2908,22,1,12,2,13:20:00,
4780,2908,68,6,33,10,13:08:00,
4781,2909,29,6,21,5,10:38:00,
4782,2909,20,7,43,10,10:21:00,
4783,2910,5,2,36,2,10:38:00,
4784,2911,43,7,28,7,14:03:00,
4785,2911,50,1,21,7,14:24:00,
4786,2912,20,6,40,11,11:24:00,
4787,2913,42,6,30,14,14:57:00,
4788,2913,20,8,33,4,14:27:00,
4789,2914,5,8,39,12,10:57:00,
4790,2915,1,8,35,13,11:13:00,
4791,2916,61,2,30,12,10:30:00,
4792,2916,48,7,22,6,10:23:00,
4793,2917,22,7,21,1,16:50:00,
4794,2918,29,4,29,2,10:32:00,
4795,2918,1,7,37,12,10:22:00,
4796,2919,71,2,24,7,17:15:00,
4797,2920,41,7,37,7,17:41:00,
4798,2920,56,2,18,5,17:45:00,
4799,2921,22,4,26,5,17:19:00,
4800,2922,41,1,29,11,11:04:00,
4801,2923,6,4,36,7,09:19:00,
4802,2924,59,1,24,14,11:05:00,
4803,2925,61,6,37,5,17:13:00,
4804,2926,61,8,21,3,17:48:00,
4805,2926,68,2,32,10,16:28:00,
4806,2927,44,3,20,3,10:59:00,
4807,2928,39,7,29,1,14:27:00,
4808,2929,71,7,23,5,13:07:00,
4809,2930,68,6,17,5,12:07:00,
4810,2931,65,4,16,2,10:36:00,
4811,2931,37,6,42,10,11:45:00,
4812,2931,5,2,32,11,11:17:00,
4813,2932,29,8,37,3,16:54:00,
4814,2933,48,6,34,12,16:39:00,
4815,2933,50,3,29,10,16:44:00,
4816,2933,56,4,41,7,16:40:00,
4817,2934,48,6,48,14,13:32:00,
4818,2934,37,8,24,10,13:46:00,
4819,2935,48,7,25,2,09:51:00,
4820,2935,53,2,16,7,10:13:00,
4821,2936,5,7,33,3,12:49:00,
4822,2937,29,2,24,4,14:29:00,
4823,2937,41,3,45,5,14:32:00,
4824,2938,20,1,33,1,11:42:00,
4825,2938,29,1,27,12,12:32:00,
4826,2939,59,2,33,13,09:40:00,
4827,2939,44,3,5,3,10:29:00,
4828,2940,68,1,30,10,14:19:00,
4829,2940,37,5,30,12,14:19:00,
4830,2940,42,5,43,7,14:29:00,
4831,2941,29,5,33,1,10:45:00,
4832,2941,41,6,37,13,11:07:00,
4833,2942,62,3,24,11,17:12:00,
4834,2943,65,6,28,14,16:41:00,
4835,2944,19,2,24,3,13:35:00,
4836,2945,22,7,24,4,16:02:00,
4837,2946,48,1,24,4,13:20:00,
4838,2946,41,7,37,3,13:50:00,
4839,2947,37,3,31,5,10:06:00,
4840,2947,71,5,19,7,10:47:00,
4841,2947,44,4,23,12,10:26:00,
4842,2948,56,2,25,12,16:58:00,
4843,2949,56,1,23,11,16:12:00,
4844,2950,43,1,34,12,16:04:00,
4845,2950,48,6,34,4,16:14:00,
4846,2951,1,5,26,13,16:34:00,
4847,2951,56,1,31,10,17:09:00,
4848,2952,1,4,25,4,15:48:00,
4849,2953,53,1,28,11,13:14:00,
4850,2954,62,1,26,3,10:43:00,
4851,2955,68,8,36,12,14:59:00,
4852,2955,61,3,39,13,14:43:00,
4853,2956,48,4,17,3,10:00:00,
4854,2957,29,6,33,14,09:43:00,
4855,2957,48,2,43,1,09:45:00,
4856,2958,23,8,46,4,13:50:00,
4857,2958,29,3,31,10,14:43:00,
4858,2958,41,6,41,7,13:53:00,
4859,2959,42,7,44,6,17:27:00,
4860,2959,19,5,22,1,17:14:00,
4861,2960,19,2,32,11,14:27:00,
4862,2960,41,4,34,12,15:13:00,
4863,2961,39,6,27,6,13:59:00,
4864,2961,6,3,28,14,14:30:00,
4865,2961,59,8,18,3,14:15:00,
4866,2962,19,3,17,2,14:57:00,
4867,2963,56,3,25,2,13:37:00,
4868,2964,1,6,37,3,12:32:00,
4869,2965,56,1,32,13,10:59:00,
4870,2965,71,1,24,12,11:07:00,
4871,2965,41,7,35,2,11:03:00,
4872,2966,1,6,30,5,10:17:00,
4873,2966,43,4,27,14,10:17:00,
4874,2967,53,6,15,7,14:12:00,
4875,2968,41,1,38,7,12:08:00,
4876,2969,19,4,36,14,15:12:00,
4877,2969,59,4,11,11,15:18:00,
4878,2969,44,6,29,5,16:08:00,
4879,2970,42,6,30,2,12:36:00,
4880,2970,23,1,45,11,11:21:00,
4881,2971,23,6,43,11,16:48:00,
4882,2972,1,5,44,12,13:33:00,
4883,2972,56,2,31,10,13:06:00,
4884,2973,50,2,43,1,13:59:00,
4885,2974,20,7,26,6,17:21:00,
4886,2975,22,4,23,6,15:15:00,
4887,2976,59,3,28,7,16:12:00,
4888,2976,50,5,33,14,15:52:00,
4889,2977,56,7,32,7,09:06:00,
4890,2977,53,8,22,7,09:05:00,
4891,2978,59,5,11,6,13:01:00,
4892,2979,62,5,43,10,10:39:00,
4893,2980,68,5,29,12,10:51:00,
4894,2980,43,7,29,2,10:57:00,
4895,2981,61,3,45,10,14:15:00,
4896,2982,1,7,41,11,15:10:00,
4897,2983,20,4,37,11,09:58:00,
4898,2983,50,1,22,13,10:18:00,
4899,2983,39,1,26,4,10:16:00,
4900,2984,56,4,22,3,10:51:00,
4901,2984,71,7,5,6,11:44:00,
4902,2985,37,6,36,6,11:08:00,
4903,2986,5,7,37,4,16:26:00,
4904,2986,20,8,41,2,16:04:00,
4905,2987,19,2,29,2,16:55:00,
4906,2988,61,7,38,13,11:07:00,
4907,2988,5,3,30,4,10:47:00,
4908,2989,29,3,28,10,14:55:00,
4909,2990,53,6,42,2,15:07:00,
4910,2991,56,2,32,5,16:01:00,
4911,2991,68,3,51,7,16:10:00,
4912,2991,6,4,21,5,15:53:00,
4913,2992,50,4,33,7,11:51:00,
4914,2992,37,3,33,11,11:37:00,
4915,2993,53,4,30,7,15:05:00,
4916,2993,1,1,39,1,15:57:00,
4917,2994,5,8,34,5,15:56:00,
4918,2995,62,7,42,6,10:30:00,
4919,2995,50,7,30,7,11:06:00,
4920,2996,20,2,44,2,11:22:00,
4921,2997,59,6,25,5,14:22:00,
4922,2998,50,2,52,11,12:47:00,
4923,2998,23,2,35,3,13:53:00,
4924,2999,1,6,10,5,14:11:00,
4925,3000,56,3,45,14,11:40:00,
4926,3000,65,5,21,6,11:46:00,
4927,3001,6,6,28,3,13:39:00,
4928,3002,50,5,23,5,17:51:00,
4929,3003,68,1,31,6,12:56:00,
4930,3004,65,8,21,4,09:40:00,
4931,3005,53,1,31,13,15:06:00,
4932,3005,50,2,28,13,15:09:00,
4933,3006,22,5,30,3,10:19:00,
4934,3007,39,1,22,2,11:40:00,
4935,3008,53,3,19,2,15:55:00,
4936,3009,59,2,21,7,11:21:00,
4937,3009,6,8,27,5,11:01:00,
4938,3009,1,5,25,4,11:33:00,
4939,3010,53,4,18,1,13:35:00,
4940,3011,23,6,29,11,16:39:00,
4941,3011,56,8,41,11,16:52:00,
4942,3012,48,6,36,1,14:55:00,
4943,3012,39,1,11,13,15:08:00,
4944,3012,59,7,18,4,14:59:00,
4945,3013,61,7,37,13,10:41:00,
4946,3014,50,8,17,2,17:31:00,
4947,3015,62,8,29,12,10:47:00,
4948,3015,42,7,43,10,11:01:00,
4949,3016,41,7,33,11,10:16:00,
4950,3017,42,2,29,3,17:04:00,
4951,3017,53,1,29,2,17:22:00,
4952,3018,50,1,17,11,16:39:00,
4953,3018,41,8,30,5,17:27:00,
4954,3018,53,2,10,2,17:10:00,
4955,3019,61,2,24,1,11:44:00,
4956,3020,65,4,29,5,10:15:00,
4957,3021,59,3,39,5,16:22:00,
4958,3021,5,2,35,14,15:30:00,
4959,3022,42,2,21,2,11:09:00,
4960,3023,23,1,31,4,10:36:00,
4961,3023,48,4,29,11,11:03:00,
4962,3023,65,7,37,5,11:16:00,
4963,3024,20,3,28,3,14:32:00,
4964,3024,1,3,34,3,14:37:00,
4965,3025,22,6,23,4,15:43:00,
4966,3026,61,7,16,13,14:44:00,
4967,3026,59,4,21,12,15:22:00,
4968,3027,59,8,33,3,13:32:00,
4969,3027,62,1,24,3,13:28:00,
4970,3027,61,6,28,1,14:03:00,
4971,3028,56,7,29,2,16:25:00,
4972,3028,29,6,31,12,16:33:00,
4973,3028,43,6,38,1,16:28:00,
4974,3029,56,3,32,11,12:58:00,
4975,3030,43,5,30,2,09:52:00,
4976,3030,20,1,22,3,09:29:00,
4977,3030,39,1,33,1,11:03:00,
4978,3031,65,5,28,12,15:42:00,
4979,3032,39,5,17,2,14:25:00,
4980,3033,20,6,48,4,12:34:00,
4981,3034,22,5,28,11,14:54:00,
4982,3034,6,4,27,11,14:42:00,
4983,3035,29,6,29,12,14:02:00,
4984,3035,65,3,34,5,13:22:00,
4985,3036,6,8,38,10,12:58:00,
4986,3036,5,3,45,5,11:37:00,
4987,3036,29,8,25,7,12:11:00,
4988,3037,37,7,30,11,17:43:00,
4989,3037,39,4,11,5,16:16:00,
4990,3038,5,2,20,6,10:45:00,
4991,3039,48,7,23,4,13:13:00,
4992,3039,56,8,55,5,13:37:00,
4993,3040,20,8,18,14,16:32:00,
4994,3040,29,4,18,14,17:57:00,
4995,3040,5,3,23,5,16:34:00,
4996,3041,42,7,35,14,14:44:00,
4997,3041,22,7,19,12,14:32:00,
4998,3042,5,1,47,6,13:53:00,
4999,3042,43,4,33,4,13:39:00,
5000,3042,23,2,21,4,13:11:00,
5001,3043,39,5,44,14,11:56:00,
5002,3043,53,5,34,4,12:18:00,
5003,3044,44,3,13,10,16:14:00,
5004,3044,71,8,6,4,16:17:00,
5005,3045,20,8,50,5,13:19:00,
5006,3046,44,5,24,2,16:13:00,
5007,3046,39,2,33,14,16:28:00,
5008,3047,41,1,40,10,13:23:00,
5009,3047,42,4,20,13,12:47:00,
5010,3048,43,7,28,11,12:08:00,
5011,3048,44,6,17,2,11:53:00,
5012,3049,48,1,28,7,17:06:00,
5013,3049,62,7,28,13,15:42:00,
5014,3049,41,8,35,1,17:02:00,
5015,3050,65,2,26,1,10:42:00,
5016,3050,20,4,26,14,10:09:00,
5017,3051,42,6,41,10,16:06:00,
5018,3051,23,5,46,11,17:01:00,
5019,3051,43,1,26,10,16:51:00,
5020,3052,20,7,47,5,16:08:00,
5021,3052,50,8,32,7,16:23:00,
5022,3053,71,1,9,13,17:39:00,
5023,3054,53,6,31,6,11:57:00,
5024,3055,56,7,18,2,14:05:00,
5025,3055,20,5,36,7,14:40:00,
5026,3056,59,8,26,13,10:22:00,
5027,3057,50,3,28,3,15:13:00,
5028,3057,39,2,41,5,14:33:00,
5029,3058,44,6,12,3,13:22:00,
5030,3058,65,4,34,5,13:31:00,
5031,3059,19,3,21,13,12:26:00,
5032,3060,37,1,42,4,15:47:00,
5033,3061,37,2,25,3,11:48:00,
5034,3061,71,3,23,3,11:48:00,
5035,3062,68,3,36,4,17:06:00,
5036,3062,20,3,34,14,16:42:00,
5037,3063,42,5,28,3,11:39:00,
5038,3063,56,3,34,12,11:42:00,
5039,3063,61,8,15,5,12:02:00,
5040,3064,43,5,38,1,15:14:00,
5041,3065,43,5,34,13,15:02:00,
5042,3065,68,5,36,6,15:20:00,
5043,3066,23,6,35,14,10:30:00,
5044,3066,22,7,25,2,10:27:00,
5045,3067,62,1,31,4,14:20:00,
5046,3067,20,7,37,11,14:19:00,
5047,3068,65,5,30,14,14:41:00,
5048,3068,61,1,24,10,15:21:00,
5049,3069,48,8,39,2,13:08:00,
5050,3070,56,7,26,5,15:43:00,
5051,3071,50,6,23,6,10:49:00,
5052,3071,39,4,35,4,09:38:00,
5053,3071,41,5,43,7,10:19:00,
5054,3072,53,4,21,13,16:51:00,
5055,3073,22,5,31,14,16:19:00,
5056,3073,68,4,44,1,15:19:00,
5057,3074,56,1,22,10,10:47:00,
5058,3075,6,1,35,4,12:13:00,
5059,3075,65,3,31,12,13:05:00,
5060,3076,68,4,23,4,09:36:00,
5061,3076,53,6,30,14,10:35:00,
5062,3077,37,3,36,1,14:16:00,
5063,3077,1,5,45,12,14:42:00,
5064,3077,56,5,23,10,14:40:00,
5065,3078,7,3,37,3,15:35:00,
5066,3078,59,2,23,5,15:54:00,
5067,3079,41,6,47,1,10:49:00,
5068,3079,29,7,24,10,11:34:00,
5069,3080,23,4,32,6,12:21:00,
5070,3080,50,6,35,7,13:07:00,
5071,3081,65,7,30,4,12:42:00,
5072,3082,5,3,27,10,15:52:00,
5073,3082,42,4,39,14,15:59:00,
5074,3083,22,2,26,4,12:05:00,
5075,3084,1,5,32,6,14:54:00,
5076,3085,19,7,41,7,17:13:00,
5077,3085,43,2,34,10,17:12:00,
5078,3086,71,5,25,10,16:02:00,
5079,3087,22,8,26,12,09:48:00,
5080,3088,20,8,31,5,17:32:00,
5081,3088,6,5,29,6,17:34:00,
5082,3089,22,6,20,4,15:53:00,
5083,3090,41,4,45,3,13:36:00,
5084,3091,62,7,27,11,13:30:00,
5085,3091,42,2,37,4,13:29:00,
5086,3092,22,7,27,1,16:18:00,
5087,3092,37,5,32,10,17:09:00,
5088,3093,42,7,37,2,14:36:00,
5089,3094,37,2,26,2,11:27:00,
5090,3095,1,2,36,12,12:51:00,
5091,3096,41,1,53,12,12:57:00,
5092,3097,41,4,31,3,13:17:00,
5093,3097,48,6,29,3,14:00:00,
5094,3097,43,3,29,11,13:36:00,
5095,3098,68,1,32,1,14:57:00,
5096,3098,65,3,31,12,14:45:00,
5097,3099,41,5,37,12,14:17:00,
5098,3099,20,2,38,14,14:13:00,
5099,3100,37,7,45,1,11:15:00,
5100,3101,29,3,33,7,13:24:00,
5101,3101,59,6,14,6,15:04:00,
5102,3102,48,2,26,7,15:41:00,
5103,3103,43,7,39,1,16:39:00,
5104,3104,56,3,41,12,10:00:00,
5105,3104,53,2,33,3,11:05:00,
5106,3105,43,2,32,4,12:21:00,
5107,3106,50,5,35,11,14:46:00,
5108,3106,5,6,34,13,15:06:00,
5109,3107,19,6,24,6,12:56:00,
5110,3107,5,1,31,12,12:58:00,
5111,3108,50,2,35,13,16:53:00,
5112,3108,44,3,19,2,15:58:00,
5113,3109,62,7,19,1,09:37:00,
5114,3109,37,3,33,14,10:32:00,
5115,3110,48,6,30,10,17:57:00,
5116,3111,61,7,27,12,12:09:00,
5117,3111,71,6,25,6,10:50:00,
5118,3112,53,5,23,14,11:07:00,
5119,3113,43,5,29,6,11:51:00,
5120,3113,59,4,12,4,12:45:00,
5121,3114,41,7,28,6,12:29:00,
5122,3114,62,2,20,5,12:45:00,
5123,3115,5,3,33,12,13:14:00,
5124,3116,44,4,14,5,14:42:00,
5125,3117,59,2,24,1,11:07:00,
5126,3117,19,5,32,10,12:11:00,
5127,3118,44,8,12,2,14:49:00,
5128,3119,5,7,36,10,11:12:00,
5129,3120,53,2,16,11,10:16:00,
5130,3121,61,6,53,7,15:46:00,
5131,3122,22,4,7,1,15:12:00,
5132,3123,65,3,26,1,13:17:00,
5133,3123,19,1,42,3,13:55:00,
5134,3123,23,3,40,2,13:13:00,
5135,3124,44,5,5,12,14:04:00,
5136,3124,56,7,28,10,13:00:00,
5137,3124,6,5,20,4,14:03:00,
5138,3125,20,4,48,7,15:30:00,
5139,3126,37,4,41,11,14:14:00,
5140,3126,39,4,21,14,13:37:00,
5141,3127,23,7,24,14,14:46:00,
5142,3127,53,7,25,14,14:44:00,
5143,3127,65,7,22,2,15:00:00,
5144,3128,29,4,18,11,13:01:00,
5145,3128,23,1,39,2,12:17:00,
5146,3128,61,3,26,12,13:22:00,
5147,3129,37,8,34,14,16:13:00,
5148,3130,6,4,32,13,17:32:00,
5149,3130,20,7,32,6,18:00:00,
5150,3131,42,8,42,6,13:06:00,
5151,3131,41,8,34,5,13:26:00,
5152,3132,71,4,11,7,12:00:00,
5153,3133,59,3,20,11,15:22:00,
5154,3133,53,2,27,7,15:02:00,
5155,3134,23,7,52,2,17:15:00,
5156,3134,39,3,22,6,17:54:00,
5157,3135,6,4,35,11,15:06:00,
5158,3136,65,2,33,4,13:14:00,
5159,3137,37,8,28,4,09:53:00,
5160,3138,71,2,5,7,15:13:00,
5161,3139,56,2,35,10,16:10:00,
5162,3139,41,7,43,14,17:24:00,
5163,3140,19,3,14,6,10:35:00,
5164,3141,71,8,12,4,10:43:00,
5165,3142,23,6,34,1,12:06:00,
5166,3143,53,1,33,13,14:53:00,
5167,3144,53,1,22,7,15:21:00,
5168,3145,20,1,25,12,15:34:00,
5169,3146,71,4,19,6,14:14:00,
5170,3146,43,7,37,1,14:52:00,
5171,3146,23,6,43,6,14:00:00,
5172,3147,56,4,44,11,13:43:00,
5173,3148,56,2,25,5,16:24:00,
5174,3148,61,4,17,7,16:13:00,
5175,3149,53,5,32,10,16:11:00,
5176,3149,22,6,24,7,16:52:00,
5177,3150,42,7,37,14,12:17:00,
5178,3150,19,1,36,4,12:14:00,
5179,3151,29,7,32,1,16:41:00,
5180,3152,1,8,36,11,11:02:00,
5181,3152,48,7,25,10,11:01:00,
5182,3153,39,1,21,10,16:57:00,
5183,3153,61,4,37,5,16:52:00,
5184,3153,29,8,29,2,17:07:00,
5185,3154,39,2,35,13,12:57:00,
5186,3154,50,8,29,14,12:57:00,
5187,3154,19,4,36,1,12:40:00,
5188,3155,19,2,35,3,12:04:00,
5189,3155,23,7,27,5,12:01:00,
5190,3156,22,4,21,5,16:30:00,
5191,3157,42,3,37,11,10:20:00,
5192,3157,6,7,44,4,10:53:00,
5193,3157,71,8,33,2,11:37:00,
5194,3158,5,7,17,11,14:37:00,
5195,3158,29,1,27,13,14:28:00,
5196,3158,39,8,24,4,14:30:00,
5197,3159,50,7,29,12,12:55:00,
5198,3160,5,7,19,4,09:39:00,
5199,3160,22,1,25,14,09:21:00,
5200,3161,62,4,17,14,11:27:00,
5201,3161,68,8,35,12,12:01:00,
5202,3161,71,1,8,2,11:05:00,
5203,3162,59,3,23,14,10:12:00,
5204,3163,44,2,7,10,10:26:00,
5205,3164,71,4,41,13,17:11:00,
5206,3164,39,6,30,2,17:29:00,
5207,3164,23,5,21,3,17:13:00,
5208,3165,1,6,33,12,11:56:00,
5209,3166,48,2,32,5,13:56:00,
5210,3167,48,2,17,3,17:09:00,
5211,3168,44,3,26,1,11:11:00,
5212,3169,37,5,26,6,13:42:00,
5213,3169,5,8,25,1,13:06:00,
5214,3170,42,8,33,1,18:15:00,
5215,3170,19,2,28,14,18:19:00,
5216,3170,23,2,32,13,17:15:00,
5217,3171,29,2,41,2,10:26:00,
5218,3172,62,2,19,12,13:56:00,
5219,3173,65,2,27,6,17:56:00,
5220,3173,23,7,37,5,18:12:00,
5221,3174,48,1,31,1,14:39:00,
5222,3175,1,8,30,10,10:51:00,
5223,3176,61,6,16,2,10:12:00,
5224,3176,39,1,24,12,10:02:00,
5225,3177,42,1,14,6,14:53:00,
5226,3177,29,7,41,14,15:07:00,
5227,3177,1,8,33,14,14:49:00,
5228,3178,44,8,21,12,15:55:00,
5229,3178,56,4,27,2,15:59:00,
5230,3178,20,3,37,13,15:46:00,
5231,3179,62,5,28,10,14:31:00,
5232,3179,65,7,18,2,14:17:00,
5233,3180,42,2,41,2,16:11:00,
5234,3180,71,7,25,5,15:54:00,
5235,3180,59,5,38,13,16:11:00,
5236,3181,19,2,33,5,14:28:00,
5237,3181,43,2,38,1,14:02:00,
5238,3182,37,2,52,14,15:11:00,
5239,3182,68,7,32,11,15:55:00,
5240,3182,5,6,36,1,15:19:00,
5241,3183,20,3,33,11,10:51:00,
5242,3183,48,7,29,14,11:03:00,
5243,3184,43,2,17,11,16:49:00,
5244,3185,29,7,27,5,17:07:00,
5245,3186,68,6,41,3,12:21:00,
5246,3186,20,7,37,4,12:12:00,
5247,3187,39,4,32,10,15:51:00,
5248,3187,62,7,24,11,15:48:00,
5249,3187,68,8,36,2,16:09:00,
5250,3188,23,5,28,12,16:59:00,
5251,3189,44,2,16,4,11:41:00,
5252,3190,59,5,25,13,15:43:00,
5253,3190,20,7,39,5,15:53:00,
5254,3191,44,8,12,12,10:16:00,
5255,3191,1,8,34,14,10:27:00,
5256,3192,22,7,18,6,16:28:00,
5257,3192,44,7,20,3,16:49:00,
5258,3193,37,6,32,12,12:42:00,
5259,3193,68,2,34,5,11:58:00,
5260,3194,61,8,30,11,14:08:00,
5261,3194,42,4,25,11,13:28:00,
5262,3195,23,8,41,3,16:50:00,
5263,3195,68,4,36,5,17:05:00,
5264,3196,59,2,30,2,15:05:00,
5265,3197,59,7,25,2,14:21:00,
5266,3197,53,2,29,11,13:57:00,
5267,3198,6,2,44,11,14:17:00,
5268,3199,43,8,45,3,16:30:00,
5269,3199,50,3,39,6,15:55:00,
5270,3200,59,2,19,6,12:53:00,
5271,3200,5,2,38,6,13:02:00,
5272,3201,29,5,29,3,11:26:00,
5273,3201,61,4,23,3,11:43:00,
5274,3201,23,2,45,5,11:03:00,
5275,3202,65,7,41,1,14:04:00,
5276,3202,44,6,17,4,14:00:00,
5277,3202,71,6,21,13,15:02:00,
5278,3203,42,6,47,5,16:45:00,
5279,3203,62,6,48,4,16:52:00,
5280,3204,5,1,33,14,14:44:00,
5281,3205,48,1,23,6,12:52:00,
5282,3205,50,8,31,10,12:52:00,
5283,3205,37,5,26,1,13:19:00,
5284,3206,7,8,26,11,13:53:00,
5285,3207,44,5,8,7,16:51:00,
5286,3208,41,5,28,12,14:09:00,
5287,3209,61,2,32,6,15:55:00,
5288,3209,6,6,35,14,15:48:00,
5289,3210,39,3,33,12,13:11:00,
5290,3210,56,2,38,13,13:38:00,
5291,3211,44,2,10,11,12:55:00,
5292,3212,48,2,37,3,10:18:00,
5293,3212,62,3,28,4,10:29:00,
5294,3212,42,7,26,4,10:27:00,
5295,3213,42,2,50,10,10:03:00,
5296,3213,1,6,41,5,10:11:00,
5297,3214,56,8,32,7,12:45:00,
5298,3214,1,1,46,7,13:03:00,
5299,3215,50,8,28,13,11:45:00,
5300,3216,59,4,26,1,16:53:00,
5301,3216,29,2,20,10,17:22:00,
5302,3217,5,3,35,2,11:50:00,
5303,3217,65,8,14,13,11:36:00,
5304,3217,44,7,28,14,11:49:00,
5305,3218,41,7,22,1,12:57:00,
5306,3218,59,1,23,7,13:25:00,
5307,3219,5,8,29,11,12:42:00,
5308,3220,59,5,25,5,10:45:00,
5309,3220,68,7,19,3,11:09:00,
5310,3221,1,6,27,14,13:35:00,
5311,3221,43,1,31,4,13:22:00,
5312,3222,41,7,29,3,12:17:00,
5313,3222,71,5,13,5,11:51:00,
5314,3223,71,1,24,10,17:06:00,
5315,3224,62,5,21,5,11:28:00,
5316,3224,71,8,16,7,11:06:00,
5317,3225,39,8,30,1,10:03:00,
5318,3225,23,1,38,14,10:11:00,
5319,3226,65,1,25,5,14:55:00,
5320,3227,5,4,28,3,11:25:00,
5321,3228,41,2,31,10,12:42:00,
5322,3228,19,4,32,14,12:53:00,
5323,3229,5,3,15,11,12:47:00,
5324,3229,37,1,33,13,13:43:00,
5325,3230,39,8,29,12,10:54:00,
5326,3230,48,4,23,2,11:09:00,
5327,3231,41,8,27,10,17:00:00,
5328,3231,48,1,41,11,16:45:00,
5329,3231,43,3,26,1,16:39:00,
5330,3232,1,2,42,7,16:54:00,
5331,3232,23,3,31,4,16:24:00,
5332,3233,19,1,38,6,14:19:00,
5333,3234,20,2,11,11,10:09:00,
5334,3234,1,1,33,4,10:35:00,
5335,3235,22,5,36,13,10:47:00,
5336,3236,20,3,26,6,14:42:00,
5337,3236,22,3,13,11,14:09:00,
5338,3236,53,2,25,6,14:26:00,
5339,3237,1,3,22,10,11:27:00,
5340,3238,61,1,34,4,12:05:00,
5341,3238,50,1,37,1,11:44:00,
5342,3239,65,1,36,4,14:11:00,
5343,3240,53,6,30,4,12:36:00,
5344,3240,22,7,17,2,12:52:00,
5345,3241,59,7,28,2,16:37:00,
5346,3241,42,2,33,2,15:54:00,
5347,3242,22,7,40,13,12:13:00,
5348,3242,39,8,30,1,11:53:00,
5349,3242,56,6,26,13,12:16:00,
5350,3243,59,6,28,4,11:00:00,
5351,3243,43,1,34,7,11:23:00,
5352,3244,48,6,27,5,14:37:00,
5353,3244,59,3,26,1,14:53:00,
5354,3244,6,1,18,12,14:43:00,
5355,3245,42,8,25,5,12:51:00,
5356,3245,43,3,30,10,12:38:00,
5357,3246,68,4,20,13,09:17:00,
5358,3246,19,2,33,12,10:45:00,
5359,3246,48,2,20,4,10:43:00,
5360,3247,68,3,27,5,10:35:00,
5361,3247,5,6,38,6,10:57:00,
5362,3248,29,5,31,7,11:43:00,
5363,3248,71,1,25,10,11:08:00,
5364,3248,41,7,33,7,11:19:00,
5365,3249,68,7,33,13,17:58:00,
5366,3250,5,3,46,6,15:43:00,
5367,3250,65,1,27,14,15:29:00,
5368,3250,39,8,28,13,15:50:00,
5369,3251,20,2,46,4,10:21:00,
5370,3252,41,1,40,1,15:39:00,
5371,3253,39,2,30,11,16:09:00,
5372,3253,6,6,40,12,16:19:00,
5373,3254,37,5,36,1,16:40:00,
5374,3255,20,5,42,5,10:54:00,
5375,3255,22,3,38,4,10:41:00,
5376,3256,44,4,30,11,10:11:00,
5377,3256,41,5,42,5,10:53:00,
5378,3256,5,4,33,1,10:48:00,
5379,3257,29,6,39,12,09:53:00,
5380,3258,42,6,37,11,18:13:00,
5381,3259,62,3,24,12,11:15:00,
5382,3260,69,2,32,7,15:41:00,
5383,3260,1,7,30,11,15:44:00,
5384,3261,48,3,41,3,11:55:00,
5385,3261,6,3,32,3,13:17:00,
5386,3261,42,8,19,7,12:45:00,
5387,3262,6,8,34,14,10:52:00,
5388,3262,39,7,21,3,10:50:00,
5389,3263,20,1,27,10,12:19:00,
5390,3264,5,2,19,14,14:42:00,
5391,3264,22,4,32,4,15:12:00,
5392,3265,69,2,45,7,11:37:00,
5393,3265,50,4,21,3,11:23:00,
5394,3265,56,3,48,1,11:31:00,
5395,3266,41,2,30,12,17:31:00,
5396,3267,6,6,29,10,13:48:00,
5397,3267,39,5,32,13,13:23:00,
5398,3268,6,5,27,10,09:39:00,
5399,3269,53,5,32,13,15:21:00,
5400,3270,29,7,30,7,09:58:00,
5401,3271,50,1,25,12,13:46:00,
5402,3272,39,7,36,3,16:26:00,
5403,3273,48,6,37,11,11:20:00,
5404,3274,23,5,40,6,14:39:00,
5405,3274,65,2,23,11,14:41:00,
5406,3275,6,7,27,6,13:20:00,
5407,3275,61,3,37,12,13:03:00,
5408,3276,39,6,33,1,12:27:00,
5409,3277,20,8,33,4,15:13:00,
5410,3277,22,4,28,5,15:19:00,
5411,3278,37,6,41,13,14:33:00,
5412,3278,19,7,30,7,15:08:00,
5413,3279,23,7,26,5,10:14:00,
5414,3280,59,3,23,7,17:00:00,
5415,3280,50,8,15,5,16:37:00,
5416,3281,39,8,33,13,09:54:00,
5417,3281,42,8,16,1,10:29:00,
5418,3282,39,7,20,4,17:27:00,
5419,3283,69,4,35,4,12:19:00,
5420,3283,22,8,22,1,12:06:00,
5421,3284,62,2,45,4,17:05:00,
5422,3285,53,2,35,10,13:11:00,
5423,3286,43,8,33,13,12:06:00,
5424,3287,20,2,43,7,09:51:00,
5425,3287,5,8,27,13,10:13:00,
5426,3287,59,1,32,12,11:43:00,
5427,3288,62,5,15,2,17:16:00,
5428,3289,44,6,17,3,12:25:00,
5429,3289,22,5,16,7,11:54:00,
5430,3289,65,7,30,7,12:26:00,
5431,3290,42,1,18,2,16:42:00,
5432,3290,5,3,39,11,17:15:00,
5433,3290,23,3,27,1,17:31:00,
5434,3291,1,5,38,1,14:20:00,
5435,3292,42,2,26,1,12:41:00,
5436,3292,48,7,9,6,12:17:00,
5437,3292,39,5,23,13,12:01:00,
5438,3293,23,8,39,3,11:45:00,
5439,3294,62,1,37,5,13:44:00,
5440,3295,5,3,27,6,13:50:00,
5441,3295,23,3,43,11,14:20:00,
5442,3295,19,3,39,2,14:03:00,
5443,3296,48,2,19,3,13:24:00,
5444,3296,20,5,22,3,12:52:00,
5445,3296,42,8,37,3,13:39:00,
5446,3297,50,6,32,1,16:54:00,
5447,3298,5,6,37,6,10:56:00,
5448,3299,19,3,28,6,15:02:00,
5449,3299,53,1,29,6,15:01:00,
5450,3300,65,1,41,5,11:45:00,
5451,3300,41,4,27,3,11:43:00,
5452,3300,44,2,20,12,11:46:00,
5453,3301,6,8,47,14,15:59:00,
5454,3301,41,6,42,12,15:30:00,
5455,3302,59,5,18,12,13:51:00,
5456,3302,43,4,29,13,13:44:00,
5457,3303,42,8,18,12,10:57:00,
5458,3304,6,1,34,10,12:31:00,
5459,3305,22,6,17,7,09:35:00,
5460,3305,5,6,42,2,09:58:00,
5461,3305,69,7,47,2,10:38:00,
5462,3306,53,7,15,6,16:08:00,
5463,3307,69,6,24,5,15:03:00,
5464,3308,62,8,22,5,10:08:00,
5465,3308,69,5,34,10,10:16:00,
5466,3309,1,2,34,6,11:35:00,
5467,3310,22,1,16,3,11:33:00,
5468,3311,22,3,23,5,15:57:00,
5469,3312,65,6,37,4,10:53:00,
5470,3312,29,1,30,5,10:45:00,
5471,3313,53,3,31,14,16:05:00,
5472,3313,29,6,31,10,15:51:00,
5473,3313,22,8,19,3,15:56:00,
5474,3314,6,7,34,4,16:01:00,
5475,3315,61,8,41,3,13:57:00,
5476,3315,59,4,32,6,14:10:00,
5477,3316,5,3,43,11,15:23:00,
5478,3316,62,3,29,3,14:34:00,
5479,3316,68,1,23,7,14:26:00,
5480,3317,19,6,30,1,15:03:00,
5481,3317,42,6,30,1,15:21:00,
5482,3317,5,4,30,11,14:55:00,
5483,3318,23,3,45,13,15:52:00,
5484,3319,43,7,24,6,14:06:00,
5485,3320,56,3,30,3,17:01:00,
5486,3320,65,1,31,5,16:10:00,
5487,3321,56,1,33,10,09:27:00,
5488,3321,29,5,26,4,10:13:00,
5489,3322,41,4,46,2,14:59:00,
5490,3323,62,3,27,5,12:10:00,
5491,3324,42,5,32,5,11:50:00,
5492,3325,44,1,18,3,14:25:00,
5493,3325,39,3,28,14,15:12:00,
5494,3325,71,2,26,6,14:36:00,
5495,3326,23,2,47,11,14:33:00,
5496,3326,42,3,45,4,15:14:00,
5497,3327,65,8,17,5,16:59:00,
5498,3328,29,6,31,6,16:03:00,
5499,3328,65,7,27,14,16:28:00,
5500,3328,19,6,27,14,15:46:00,
5501,3329,43,1,32,11,16:21:00,
5502,3330,23,2,35,5,14:09:00,
5503,3330,71,6,20,1,14:13:00,
5504,3331,1,3,28,2,14:36:00,
5505,3332,23,6,25,7,12:15:00,
5506,3332,56,7,31,6,11:09:00,
5507,3333,59,5,33,14,14:55:00,
5508,3333,53,6,18,2,15:48:00,
5509,3333,39,8,37,2,14:58:00,
5510,3334,62,6,27,6,09:52:00,
5511,3335,44,1,27,4,14:55:00,
5512,3336,5,8,45,2,12:29:00,
5513,3336,23,1,23,11,12:48:00,
5514,3337,62,2,34,12,16:57:00,
5515,3337,65,7,24,1,16:16:00,
5516,3337,71,2,23,13,16:10:00,
5517,3338,53,8,25,7,15:18:00,
5518,3338,50,8,18,5,16:01:00,
5519,3339,69,4,16,3,16:51:00,
5520,3339,29,8,15,2,17:24:00,
5521,3339,65,4,35,5,17:31:00,
5522,3340,29,5,29,14,15:03:00,
5523,3340,71,4,23,7,15:11:00,
5524,3341,6,7,18,3,15:32:00,
5525,3341,56,7,21,3,15:36:00,
5526,3342,65,3,32,3,16:53:00,
5527,3343,56,4,35,1,11:47:00,
5528,3344,5,7,45,14,16:21:00,
5529,3345,39,3,25,11,15:31:00,
5530,3345,71,4,29,14,16:40:00,
5531,3346,41,1,31,2,17:13:00,
5532,3346,23,3,27,11,16:49:00,
5533,3347,50,8,22,10,13:52:00,
5534,3348,44,3,16,11,15:38:00,
5535,3349,44,4,35,10,16:24:00,
5536,3349,50,4,21,11,16:05:00,
5537,3350,68,6,25,12,10:44:00,
5538,3350,50,5,41,12,10:18:00,
5539,3350,61,7,22,1,10:46:00,
5540,3351,42,6,41,11,14:16:00,
5541,3351,48,3,40,6,14:31:00,
5542,3351,19,4,39,14,15:23:00,
5543,3352,65,6,24,11,13:58:00,
5544,3353,68,2,30,3,12:10:00,
5545,3353,39,8,39,5,11:08:00,
5546,3354,5,3,39,6,17:20:00,
5547,3355,68,5,32,4,15:11:00,
5548,3356,61,2,16,14,11:29:00,
5549,3357,1,1,23,6,13:20:00,
5550,3357,65,6,27,7,13:25:00,
5551,3358,22,5,21,11,10:19:00,
5552,3358,59,7,32,1,09:37:00,
5553,3359,42,2,38,4,14:51:00,
5554,3359,68,3,46,5,15:15:00,
5555,3359,50,3,36,5,15:12:00,
5556,3360,59,3,23,3,13:52:00,
5557,3360,62,7,46,11,13:44:00,
5558,3361,1,2,39,10,17:10:00,
5559,3361,43,8,30,12,17:14:00,
5560,3362,48,8,34,2,12:27:00,
5561,3363,19,7,32,2,14:49:00,
5562,3363,29,3,7,7,14:35:00,
5563,3363,59,1,33,10,14:03:00,
5564,3364,65,5,11,13,11:14:00,
5565,3364,20,7,24,10,11:09:00,
5566,3365,44,1,25,2,16:06:00,
5567,3365,56,1,36,2,17:35:00,
5568,3366,5,8,26,3,14:55:00,
5569,3366,62,5,6,3,15:09:00,
5570,3367,29,3,18,4,12:32:00,
5571,3367,68,1,40,14,12:48:00,
5572,3368,50,2,27,4,10:21:00,
5573,3369,69,1,22,5,11:07:00,
5574,3370,6,8,24,1,14:13:00,
5575,3370,23,1,35,11,14:06:00,
5576,3370,61,1,33,3,14:41:00,
5577,3371,53,1,17,1,12:38:00,
5578,3371,62,5,34,5,12:46:00,
5579,3372,56,3,28,6,11:18:00,
5580,3372,48,3,26,14,11:20:00,
5581,3372,5,6,44,11,11:52:00,
5582,3373,39,3,21,2,11:24:00,
5583,3374,44,6,18,5,17:43:00,
5584,3375,19,7,38,14,18:13:00,
5585,3375,43,1,33,7,17:59:00,
5586,3376,23,2,31,11,11:21:00,
5587,3376,50,2,31,12,11:14:00,
5588,3376,29,8,21,10,11:22:00,
5589,3377,71,5,34,3,15:21:00,
5590,3378,42,7,35,13,12:54:00,
5591,3378,22,2,19,3,12:28:00,
5592,3379,19,5,36,4,15:16:00,
5593,3379,23,2,29,14,15:15:00,
5594,3380,39,3,41,2,11:33:00,
5595,3381,1,8,45,3,17:09:00,
5596,3382,48,7,27,2,10:10:00,
5597,3382,6,8,27,1,10:33:00,
5598,3383,19,4,31,3,16:40:00,
5599,3384,71,6,28,10,11:46:00,
5600,3385,19,7,36,2,15:30:00,
5601,3385,71,5,21,1,15:31:00,
5602,3386,61,4,18,1,10:47:00,
5603,3387,68,4,11,12,13:41:00,
5604,3387,29,2,34,14,14:58:00,
5605,3387,20,8,37,7,13:39:00,
5606,3388,44,8,16,12,15:14:00,
5607,3388,48,6,39,2,15:33:00,
5608,3389,62,2,29,10,12:26:00,
5609,3389,7,1,30,12,12:29:00,
5610,3390,53,1,18,3,17:13:00,
5611,3390,20,1,37,13,17:20:00,
5612,3391,69,5,22,6,13:18:00,
5613,3391,68,4,46,2,12:47:00,
5614,3392,39,4,33,10,16:26:00,
5615,3393,29,1,39,3,16:57:00,
5616,3394,20,5,34,11,10:28:00,
5617,3395,71,5,22,13,15:18:00,
5618,3395,69,8,37,1,15:57:00,
5619,3395,61,4,51,1,16:21:00,
5620,3396,61,1,28,10,15:12:00,
5621,3397,7,6,49,5,09:50:00,
5622,3397,59,3,28,4,09:36:00,
5623,3398,19,1,25,4,14:36:00,
5624,3399,44,1,12,6,10:36:00,
5625,3399,59,3,19,4,09:42:00,
5626,3400,50,6,30,7,11:19:00,
5627,3400,56,3,30,5,10:19:00,
5628,3401,44,5,17,14,16:54:00,
5629,3401,39,7,43,13,18:33:00,
5630,3402,29,2,24,5,09:46:00,
5631,3402,42,8,41,14,10:52:00,
5632,3402,62,4,8,4,09:45:00,
5633,3403,71,7,9,10,14:13:00,
5634,3403,42,6,53,3,13:46:00,
5635,3403,43,8,32,3,14:54:00,
5636,3404,23,3,42,5,10:18:00,
5637,3404,65,6,36,11,09:50:00,
5638,3405,59,1,41,10,09:31:00,
5639,3406,20,6,37,4,16:20:00,
5640,3406,43,2,39,14,16:40:00,
5641,3407,62,7,33,13,16:24:00,
5642,3408,53,3,39,3,11:19:00,
5643,3408,41,1,29,3,11:56:00,
5644,3409,68,1,37,13,13:56:00,
5645,3409,71,7,19,13,14:42:00,
5646,3410,61,2,24,3,12:59:00,
5647,3410,39,3,20,6,12:08:00,
5648,3410,6,2,32,12,12:54:00,
5649,3411,62,2,36,7,12:58:00,
5650,3412,19,6,45,5,10:53:00,
5651,3413,41,7,37,14,10:51:00,
5652,3413,62,2,10,11,10:02:00,
5653,3413,48,2,12,13,10:11:00,
5654,3414,71,5,13,7,14:27:00,
5655,3414,41,5,33,14,14:27:00,
5656,3415,62,6,27,6,09:36:00,
5657,3416,69,5,34,14,15:30:00,
5658,3416,42,4,28,14,16:47:00,
5659,3416,48,4,28,5,16:05:00,
5660,3417,29,3,22,13,12:35:00,
5661,3417,39,6,32,1,12:49:00,
5662,3418,41,6,35,13,13:37:00,
5663,3418,65,2,22,10,11:57:00,
5664,3419,50,4,33,14,11:40:00,
5665,3419,59,3,25,5,11:10:00,
5666,3420,42,6,30,13,12:53:00,
5667,3421,22,8,28,4,12:46:00,
5668,3421,59,3,38,13,13:17:00,
5669,3422,23,8,29,2,16:35:00,
5670,3422,41,3,47,7,16:51:00,
5671,3423,19,3,33,11,12:30:00,
5672,3423,59,1,32,7,12:04:00,
5673,3424,65,8,30,7,11:18:00,
5674,3424,23,1,25,13,10:55:00,
5675,3424,68,6,19,5,11:07:00,
5676,3425,29,3,35,12,14:46:00,
5677,3425,62,7,35,14,13:44:00,
5678,3426,53,8,21,4,10:01:00,
5679,3427,5,1,55,5,14:39:00,
5680,3427,23,1,36,3,14:09:00,
5681,3428,43,2,33,13,10:35:00,
5682,3428,44,7,12,1,10:43:00,
5683,3429,6,7,41,14,12:05:00,
5684,3429,44,2,28,1,11:28:00,
5685,3430,5,6,39,6,11:40:00,
5686,3431,68,3,35,11,14:04:00,
5687,3431,19,2,24,2,13:44:00,
5688,3431,50,8,21,2,14:16:00,
5689,3432,29,4,28,7,17:09:00,
5690,3433,61,2,40,6,16:23:00,
5691,3434,42,5,46,7,15:22:00,
5692,3435,59,2,40,6,15:24:00,
5693,3436,6,8,31,6,10:47:00,
5694,3436,50,5,22,6,11:34:00,
5695,3437,22,8,20,1,11:14:00,
5696,3437,6,4,47,13,11:00:00,
5697,3438,56,4,18,7,12:24:00,
5698,3438,44,2,23,12,13:17:00,
5699,3438,50,4,29,10,13:57:00,
5700,3439,56,6,18,6,10:14:00,
5701,3440,20,3,38,14,12:11:00,
5702,3441,20,8,27,13,15:51:00,
5703,3442,5,4,35,4,12:57:00,
5704,3443,44,7,15,5,15:07:00,
5705,3444,61,7,31,13,15:01:00,
5706,3444,50,5,30,7,15:21:00,
5707,3445,50,6,53,11,13:10:00,
5708,3445,43,7,48,11,13:17:00,
5709,3446,59,8,14,4,16:10:00,
5710,3447,71,7,20,1,13:39:00,
5711,3447,69,5,23,6,13:46:00,
5712,3448,53,7,39,5,16:05:00,
5713,3448,61,1,35,13,15:39:00,
5714,3449,62,7,14,2,14:06:00,
5715,3449,19,2,33,7,13:58:00,
5716,3449,53,7,26,7,13:37:00,
5717,3450,22,7,27,5,13:50:00,
5718,3450,39,2,23,11,13:13:00,
5719,3450,5,2,34,12,13:20:00,
5720,3451,42,2,14,4,14:19:00,
5721,3451,1,6,33,5,13:09:00,
5722,3452,1,3,21,12,17:07:00,
5723,3453,20,7,48,1,17:40:00,
5724,3454,19,1,40,2,14:40:00,
5725,3455,71,2,34,3,16:44:00,
5726,3456,65,6,34,2,09:45:00,
5727,3456,6,3,32,1,10:03:00,
5728,3457,43,4,29,2,12:38:00,
5729,3458,42,4,31,5,10:50:00,
5730,3458,53,6,42,14,10:45:00,
5731,3459,1,8,23,5,13:27:00,
5732,3459,39,7,27,12,13:32:00,
5733,3460,42,1,37,13,12:09:00,
5734,3461,48,1,16,5,16:23:00,
5735,3461,59,4,13,6,16:28:00,
5736,3462,50,7,38,5,11:36:00,
5737,3463,29,2,31,5,10:33:00,
5738,3463,1,5,27,10,10:07:00,
5739,3464,59,5,34,5,12:38:00,
5740,3465,65,8,49,1,10:24:00,
5741,3466,5,7,30,5,15:37:00,
5742,3466,53,4,35,10,15:48:00,
5743,3467,65,4,30,1,16:46:00,
5744,3468,23,4,16,5,17:00:00,
5745,3469,69,3,29,11,15:48:00,
5746,3470,5,7,21,11,10:14:00,
5747,3470,50,3,29,10,10:01:00,
5748,3471,1,6,43,10,16:08:00,
5749,3471,53,5,13,10,16:26:00,
5750,3472,61,3,36,3,10:36:00,
5751,3472,69,5,18,4,10:23:00,
5752,3472,44,6,12,11,10:18:00,
5753,3473,29,3,40,13,10:49:00,
5754,3473,56,3,35,3,10:55:00,
5755,3473,1,8,38,2,11:22:00,
5756,3474,20,2,34,1,14:43:00,
5757,3474,48,4,27,13,14:35:00,
5758,3475,56,7,49,4,12:23:00,
5759,3476,53,3,34,1,16:54:00,
5760,3476,61,4,35,13,16:39:00,
5761,3477,53,7,21,7,09:23:00,
5762,3478,23,3,36,1,17:03:00,
5763,3478,20,7,36,2,17:08:00,
5764,3478,19,7,37,11,16:37:00,
5765,3479,69,4,49,5,15:28:00,
5766,3480,23,5,22,10,12:32:00,
5767,3480,69,1,30,12,13:12:00,
5768,3481,42,4,36,12,14:47:00,
5769,3481,29,4,27,6,14:29:00,
5770,3482,5,8,33,2,16:15:00,
5771,3483,7,3,35,7,14:03:00,
5772,3483,42,4,46,12,13:57:00,
5773,3484,69,6,27,6,13:41:00,
5774,3485,44,5,14,12,11:38:00,
5775,3485,43,4,27,13,13:05:00,
5776,3486,23,5,41,10,15:46:00,
5777,3487,6,8,37,2,11:04:00,
5778,3488,59,2,31,6,15:07:00,
5779,3489,42,7,32,7,14:01:00,
5780,3489,59,3,21,14,13:41:00,
5781,3489,20,4,21,2,13:05:00,
5782,3490,22,1,30,3,13:25:00,
5783,3491,61,7,46,5,14:51:00,
5784,3491,43,7,21,10,15:15:00,
5785,3492,19,2,29,5,13:23:00,
5786,3492,43,6,34,1,13:56:00,
5787,3493,62,4,12,6,12:16:00,
5788,3493,42,3,34,12,12:19:00,
5789,3494,20,1,38,5,10:55:00,
5790,3495,5,7,35,1,12:21:00,
5791,3496,5,1,35,14,16:56:00,
5792,3496,19,1,30,13,16:46:00,
5793,3497,71,4,24,14,09:37:00,
5794,3498,29,7,22,1,16:08:00,
5795,3498,1,5,24,14,16:22:00,
5796,3498,5,3,31,10,16:53:00,
5797,3499,29,8,42,5,15:40:00,
5798,3499,19,5,39,14,16:00:00,
5799,3500,50,5,33,10,15:38:00,
5800,3501,61,2,25,4,15:58:00,
5801,3501,5,4,34,14,16:26:00,
5802,3501,22,1,14,10,16:02:00,
5803,3502,69,1,39,4,15:30:00,
5804,3503,62,5,11,10,13:50:00,
5805,3503,23,3,32,6,13:54:00,
5806,3504,68,2,30,1,15:59:00,
5807,3505,50,6,17,11,13:46:00,
5808,3506,71,3,17,10,09:58:00,
5809,3507,29,3,44,7,16:33:00,
5810,3507,50,7,23,2,17:26:00,
5811,3508,19,1,38,14,10:29:00,
5812,3508,50,2,33,12,10:30:00,
5813,3509,71,3,15,3,17:08:00,
5814,3510,20,8,26,2,15:57:00,
5815,3510,43,1,28,2,16:17:00,
5816,3510,56,6,24,3,16:24:00,
5817,3511,42,7,30,10,11:44:00,
5818,3512,22,7,23,12,15:17:00,
5819,3512,62,8,31,6,14:56:00,
5820,3513,61,1,14,13,13:49:00,
5821,3514,20,8,33,7,11:20:00,
5822,3514,56,3,14,3,11:24:00,
5823,3515,23,5,36,2,09:22:00,
5824,3515,6,3,34,3,09:44:00,
5825,3515,61,1,33,5,09:40:00,
5826,3516,32,7,39,14,15:59:00,
5827,3517,65,1,41,6,13:49:00,
5828,3517,1,2,21,3,13:50:00,
5829,3518,44,4,17,11,15:27:00,
5830,3519,32,4,29,11,14:02:00,
5831,3519,71,5,26,3,14:51:00,
5832,3520,71,8,23,7,14:28:00,
5833,3520,68,7,25,10,13:36:00,
5834,3521,29,6,25,14,15:14:00,
5835,3522,53,4,20,2,17:01:00,
5836,3522,32,3,44,12,16:15:00,
5837,3523,6,7,31,11,16:55:00,
5838,3524,22,3,36,10,15:34:00,
5839,3525,56,4,33,10,15:56:00,
5840,3525,48,2,22,12,16:33:00,
5841,3525,65,2,23,12,16:47:00,
5842,3526,42,1,34,2,14:48:00,
5843,3526,68,5,35,1,14:25:00,
5844,3526,6,2,34,4,14:25:00,
5845,3527,68,7,36,12,15:50:00,
5846,3527,32,6,30,10,15:40:00,
5847,3527,20,3,32,13,16:25:00,
5848,3528,68,3,38,11,10:43:00,
5849,3528,32,6,42,12,11:41:00,
5850,3529,61,4,35,14,11:24:00,
5851,3530,56,2,25,3,13:34:00,
5852,3531,5,7,28,7,13:00:00,
5853,3532,32,8,48,2,13:01:00,
5854,3532,42,1,22,11,12:48:00,
5855,3532,1,5,36,1,13:41:00,
5856,3533,20,6,34,5,10:39:00,
5857,3534,39,1,18,4,13:22:00,
5858,3535,61,4,43,13,13:38:00,
5859,3535,43,4,36,4,14:04:00,
5860,3535,50,4,30,12,14:00:00,
5861,3536,61,3,20,12,13:33:00,
5862,3536,53,6,22,12,13:54:00,
5863,3537,29,1,40,14,14:19:00,
5864,3537,61,1,34,7,13:09:00,
5865,3537,56,4,28,10,13:24:00,
5866,3538,61,7,25,11,13:05:00,
5867,3538,59,4,30,6,13:20:00,
5868,3539,68,5,18,3,13:46:00,
5869,3540,71,6,27,10,17:00:00,
5870,3540,22,5,25,13,16:57:00,
5871,3540,68,8,32,10,17:12:00,
5872,3541,6,8,36,1,13:44:00,
5873,3541,19,3,33,6,13:53:00,
5874,3542,22,3,27,12,09:42:00,
5875,3542,19,2,11,3,09:56:00,
5876,3543,6,8,24,12,15:53:00,
5877,3543,43,7,38,14,16:30:00,
5878,3544,71,5,28,6,14:53:00,
5879,3544,53,5,16,10,14:21:00,
5880,3544,56,7,23,3,14:12:00,
5881,3545,7,6,30,14,16:06:00,
5882,3546,53,7,12,12,10:09:00,
5883,3547,23,4,43,2,15:32:00,
5884,3548,69,8,44,2,15:44:00,
5885,3548,20,6,31,2,15:06:00,
5886,3549,44,5,10,12,10:25:00,
5887,3550,23,1,37,12,13:10:00,
5888,3550,20,6,42,2,13:22:00,
5889,3551,29,3,41,4,14:34:00,
5890,3552,59,2,27,6,12:21:00,
5891,3553,39,1,42,6,14:14:00,
5892,3554,39,3,32,11,13:17:00,
5893,3555,62,3,18,6,12:14:00,
5894,3556,42,6,48,5,17:09:00,
5895,3556,48,4,13,10,16:30:00,
5896,3556,23,8,36,10,16:36:00,
5897,3557,23,2,31,12,13:22:00,
5898,3558,56,7,17,10,16:39:00,
5899,3559,48,2,22,3,14:14:00,
5900,3560,61,8,34,14,17:16:00,
5901,3560,69,5,29,3,16:45:00,
5902,3561,69,5,42,6,12:32:00,
5903,3562,39,5,29,10,17:17:00,
5904,3562,29,6,27,5,17:43:00,
5905,3563,43,3,35,14,11:12:00,
5906,3563,5,8,30,4,10:36:00,
5907,3564,65,7,20,6,09:51:00,
5908,3565,22,7,16,12,13:41:00,
5909,3565,69,7,28,6,13:27:00,
5910,3565,20,3,32,10,13:11:00,
5911,3566,32,1,30,3,13:10:00,
5912,3566,42,2,48,13,12:46:00,
5913,3566,68,1,25,4,12:29:00,
5914,3567,20,1,44,13,16:39:00,
5915,3567,48,5,18,7,15:47:00,
5916,3568,68,6,39,4,14:57:00,
5917,3568,61,2,31,4,14:56:00,
5918,3569,6,1,28,11,13:53:00,
5919,3570,19,4,30,14,10:37:00,
5920,3570,22,5,6,5,10:08:00,
5921,3570,69,1,24,6,10:58:00,
5922,3571,50,4,29,4,10:36:00,
5923,3571,69,1,26,4,10:45:00,
5924,3571,48,5,32,11,10:04:00,
5925,3572,65,6,38,11,15:24:00,
5926,3572,42,5,43,13,16:36:00,
5927,3572,39,6,26,13,15:37:00,
5928,3573,53,3,10,10,11:39:00,
5929,3574,29,6,30,6,15:14:00,
5930,3575,71,3,18,11,11:19:00,
5931,3576,7,3,18,14,15:58:00,
5932,3576,50,4,13,1,15:56:00,
5933,3577,53,7,19,14,13:13:00,
5934,3578,50,8,30,2,12:40:00,
5935,3578,53,1,31,12,13:09:00,
5936,3579,39,8,20,14,10:26:00,
5937,3579,23,8,26,2,09:55:00,
5938,3579,6,1,28,6,10:51:00,
5939,3580,20,6,27,1,15:33:00,
5940,3580,23,8,29,11,15:33:00,
5941,3581,61,5,43,1,11:37:00,
5942,3582,59,2,23,14,14:39:00,
5943,3582,68,4,35,4,13:38:00,
5944,3582,65,2,24,14,14:40:00,
5945,3583,69,8,35,4,13:34:00,
5946,3583,44,2,11,11,12:59:00,
5947,3584,68,4,26,2,11:55:00,
5948,3584,20,4,28,10,10:40:00,
5949,3585,71,5,15,5,14:27:00,
5950,3585,39,8,39,5,14:53:00,
5951,3586,59,4,20,10,11:44:00,
5952,3587,5,3,38,12,12:25:00,
5953,3588,5,2,38,12,14:21:00,
5954,3589,56,3,31,4,10:44:00,
5955,3590,50,4,36,7,13:17:00,
5956,3590,48,2,7,5,12:47:00,
5957,3590,42,2,39,3,12:58:00,
5958,3591,5,3,32,2,12:36:00,
5959,3591,6,7,38,2,13:20:00,
5960,3592,71,5,20,1,17:24:00,
5961,3592,65,6,41,11,16:54:00,
5962,3593,32,5,33,11,14:24:00,
5963,3594,44,1,19,13,17:03:00,
5964,3594,61,1,40,11,16:58:00,
5965,3595,7,3,18,3,11:25:00,
5966,3596,29,2,27,1,17:04:00,
5967,3597,56,8,34,4,13:28:00,
5968,3598,1,2,25,3,14:52:00,
5969,3599,68,1,35,4,10:47:00,
5970,3599,29,8,19,6,10:10:00,
5971,3600,23,7,28,10,11:27:00,
5972,3601,48,2,21,7,12:07:00,
5973,3601,71,1,16,3,12:05:00,
5974,3601,68,5,22,12,12:30:00,
5975,3602,5,4,19,14,17:37:00,
5976,3602,62,3,13,7,17:18:00,
5977,3603,48,3,15,3,18:01:00,
5978,3604,62,8,22,13,16:28:00,
5979,3604,7,5,39,7,16:05:00,
5980,3604,50,1,31,2,16:26:00,
5981,3605,23,3,23,12,10:18:00,
5982,3605,53,8,28,1,10:07:00,
5983,3605,22,7,35,7,10:24:00,
5984,3606,20,1,36,4,11:22:00,
5985,3606,19,3,26,1,11:30:00,
5986,3607,5,1,26,6,13:26:00,
5987,3607,62,4,19,2,14:38:00,
5988,3607,53,7,6,1,13:51:00,
5989,3608,53,6,16,12,15:26:00,
5990,3608,6,6,31,2,16:06:00,
5991,3608,50,5,28,6,15:26:00,
5992,3609,50,6,38,1,11:45:00,
5993,3610,65,6,40,4,11:51:00,
5994,3611,6,2,27,10,10:27:00,
5995,3611,68,8,43,7,10:33:00,
5996,3612,22,2,18,3,15:51:00,
5997,3613,29,7,27,11,13:58:00,
5998,3614,61,2,34,10,12:08:00,
5999,3614,39,4,27,12,12:55:00,
6000,3615,23,7,30,6,12:36:00,
6001,3616,20,8,44,14,12:24:00,
6002,3617,22,1,15,7,17:18:00,
6003,3618,65,8,34,14,16:23:00,
6004,3618,20,7,39,7,16:35:00,
6005,3619,61,8,32,2,12:00:00,
6006,3620,29,4,24,2,12:08:00,
6007,3620,42,6,22,2,12:21:00,
6008,3621,39,7,28,4,14:45:00,
6009,3621,1,2,26,10,14:42:00,
6010,3622,59,1,27,2,12:56:00,
6011,3622,1,4,32,1,12:19:00,
6012,3622,50,8,34,11,12:33:00,
6013,3623,22,2,44,13,13:16:00,
6014,3624,59,2,37,12,15:49:00,
6015,3624,62,2,28,14,16:08:00,
6016,3624,43,4,29,11,16:06:00,
6017,3625,44,8,11,1,14:49:00,
6018,3625,56,7,41,14,14:36:00,
6019,3625,32,2,50,4,14:38:00,
6020,3626,42,3,33,7,13:58:00,
6021,3626,56,7,26,2,14:00:00,
6022,3627,22,8,20,3,09:31:00,
6023,3627,6,7,32,10,09:33:00,
6024,3628,5,5,31,2,11:55:00,
6025,3629,48,6,19,2,17:13:00,
6026,3629,19,4,35,1,17:01:00,
6027,3629,20,4,30,12,16:54:00,
6028,3630,56,4,31,3,10:19:00,
6029,3631,71,2,14,14,15:06:00,
6030,3632,19,6,27,11,10:51:00,
6031,3632,43,8,43,10,11:12:00,
6032,3633,68,4,45,2,11:11:00,
6033,3633,23,6,40,7,11:38:00,
6034,3634,20,7,49,2,10:55:00,
6035,3634,5,4,27,10,11:26:00,
6036,3635,65,5,34,13,12:57:00,
6037,3636,43,3,40,2,15:50:00,
6038,3636,62,7,31,11,15:36:00,
6039,3637,44,4,27,4,14:23:00,
6040,3637,42,6,37,6,13:53:00,
6041,3638,19,1,32,6,11:12:00,
6042,3638,39,8,34,13,10:29:00,
6043,3639,65,8,21,1,10:50:00,
6044,3640,39,6,5,5,12:17:00,
6045,3641,69,3,33,13,13:20:00,
6046,3642,59,2,30,11,09:48:00,
6047,3643,48,3,24,5,14:56:00,
6048,3643,39,4,23,11,15:24:00,
6049,3644,39,4,33,10,15:39:00,
6050,3645,48,8,21,14,16:34:00,
6051,3646,50,2,34,12,10:13:00,
6052,3646,42,1,40,2,10:39:00,
6053,3647,43,5,29,7,15:32:00,
6054,3647,48,2,27,4,14:11:00,
6055,3648,68,3,23,4,14:10:00,
6056,3649,20,1,50,3,14:52:00,
6057,3650,6,8,36,6,13:30:00,
6058,3651,19,3,30,4,10:38:00,
6059,3651,43,7,48,13,10:26:00,
6060,3652,65,2,49,13,13:31:00,
6061,3652,6,3,39,10,13:26:00,
6062,3653,48,5,30,3,09:11:00,
6063,3653,43,3,41,5,09:15:00,
6064,3653,59,4,26,12,09:15:00,
6065,3654,69,1,43,2,12:16:00,
6066,3654,50,3,24,2,12:20:00,
6067,3655,32,1,32,13,15:42:00,
6068,3656,22,4,18,14,14:17:00,
6069,3657,29,1,31,3,14:08:00,
6070,3657,22,6,27,5,14:39:00,
6071,3658,44,7,25,10,11:25:00,
6072,3659,71,3,12,5,11:30:00,
6073,3659,48,6,15,11,11:37:00,
6074,3660,1,2,32,3,09:53:00,
6075,3661,53,4,26,13,15:13:00,
6076,3661,1,6,20,11,15:11:00,
6077,3661,59,1,23,7,15:09:00,
6078,3662,69,2,26,3,12:23:00,
6079,3663,68,2,28,11,10:14:00,
6080,3663,42,2,26,5,09:33:00,
6081,3664,44,8,10,10,14:57:00,
6082,3664,39,2,28,11,14:54:00,
6083,3665,61,6,35,1,17:34:00,
6084,3666,19,6,31,1,14:44:00,
6085,3666,39,1,29,12,14:36:00,
6086,3667,65,1,27,6,15:59:00,
6087,3668,22,8,31,5,16:00:00,
6088,3669,65,5,27,1,15:55:00,
6089,3670,59,1,17,5,14:16:00,
6090,3670,71,1,16,6,14:17:00,
6091,3671,32,4,42,6,12:49:00,
6092,3671,22,2,15,4,12:19:00,
6093,3672,59,6,35,4,10:35:00,
6094,3673,22,2,11,2,14:13:00,
6095,3673,56,8,29,2,14:08:00,
6096,3674,19,1,37,10,16:02:00,
6097,3674,68,6,45,13,16:23:00,
6098,3675,5,1,32,5,16:35:00,
6099,3676,62,2,22,7,11:34:00,
6100,3676,29,7,36,5,10:36:00,
6101,3676,39,1,34,2,11:04:00,
6102,3677,32,5,42,2,15:35:00,
6103,3677,42,5,37,12,16:19:00,
6104,3678,50,7,25,7,15:15:00,
6105,3679,39,8,26,3,11:18:00,
6106,3679,19,5,33,14,11:12:00,
6107,3680,44,1,14,10,11:47:00,
6108,3681,50,4,31,12,13:28:00,
6109,3682,1,1,34,7,14:07:00,
6110,3683,6,8,30,14,09:22:00,
6111,3684,68,4,40,10,14:38:00,
6112,3685,39,8,35,5,09:28:00,
6113,3686,65,4,33,3,11:27:00,
6114,3687,62,4,26,10,17:02:00,
6115,3687,56,6,13,5,16:44:00,
6116,3688,62,2,31,14,11:25:00,
6117,3688,56,1,33,10,12:43:00,
6118,3689,29,3,9,14,09:58:00,
6119,3690,5,3,35,5,15:14:00,
6120,3690,19,4,37,4,15:38:00,
6121,3691,6,7,38,7,09:49:00,
6122,3692,71,2,13,2,10:32:00,
6123,3692,50,1,35,10,10:39:00,
6124,3693,50,8,25,13,15:18:00,
6125,3693,69,2,30,4,15:06:00,
6126,3694,1,1,45,11,10:38:00,
6127,3694,43,7,29,6,10:35:00,
6128,3695,7,6,38,10,11:06:00,
6129,3696,71,8,25,11,14:50:00,
6130,3696,1,5,35,7,13:43:00,
6131,3696,62,8,23,6,13:28:00,
6132,3697,71,6,14,11,13:35:00,
6133,3698,44,8,17,6,15:02:00,
6134,3698,6,5,48,5,15:47:00,
6135,3699,1,7,34,6,10:41:00,
6136,3699,56,6,30,12,10:51:00,
6137,3700,56,2,29,1,11:51:00,
6138,3701,68,3,50,5,11:38:00,
6139,3701,59,1,26,10,12:07:00,
6140,3702,62,5,16,7,16:14:00,
6141,3702,50,5,28,13,17:02:00,
6142,3703,44,1,18,11,11:24:00,
6143,3703,69,4,25,6,11:28:00,
6144,3704,23,1,38,3,17:13:00,
6145,3705,32,7,41,1,11:11:00,
6146,3705,69,5,33,14,11:45:00,
6147,3706,32,3,46,3,10:56:00,
6148,3706,20,3,25,3,10:41:00,
6149,3707,6,8,31,11,12:28:00,
6150,3708,43,8,27,10,15:59:00,
6151,3708,20,1,28,6,16:39:00,
6152,3709,59,7,13,14,14:01:00,
6153,3709,23,8,22,4,13:57:00,
6154,3709,56,7,34,2,14:19:00,
6155,3710,61,8,18,12,15:15:00,
6156,3710,56,8,35,11,15:31:00,
6157,3711,43,4,30,1,14:34:00,
6158,3712,61,5,24,12,09:32:00,
6159,3712,68,5,28,5,09:42:00,
6160,3713,56,2,39,2,12:34:00,
6161,3713,59,5,25,11,12:49:00,
6162,3714,42,2,40,10,16:47:00,
6163,3715,71,2,16,14,09:22:00,
6164,3716,44,5,30,11,14:29:00,
6165,3716,19,7,38,14,14:21:00,
6166,3717,29,6,18,13,10:28:00,
6167,3717,23,3,47,7,11:15:00,
6168,3718,69,8,41,6,11:25:00,
6169,3719,19,6,25,13,15:20:00,
6170,3720,6,1,34,2,16:33:00,
6171,3720,39,7,22,11,17:05:00,
6172,3720,5,7,35,7,17:07:00,
6173,3721,44,8,9,14,10:42:00,
6174,3721,20,2,31,1,10:05:00,
6175,3722,69,8,22,4,16:23:00,
6176,3722,1,6,26,2,15:27:00,
6177,3723,19,7,24,1,11:42:00,
6178,3724,59,1,27,4,10:23:00,
6179,3724,23,5,32,10,10:20:00,
6180,3725,61,5,29,1,12:38:00,
6181,3726,29,8,36,14,16:53:00,
6182,3727,43,7,31,2,12:33:00,
6183,3728,50,2,28,14,09:59:00,
6184,3728,7,4,35,11,10:18:00,
6185,3729,7,7,30,14,17:26:00,
6186,3729,42,8,26,11,16:51:00,
6187,3730,68,8,34,2,11:05:00,
6188,3731,56,8,36,4,16:32:00,
6189,3731,65,8,35,2,15:30:00,
6190,3731,50,8,34,4,15:47:00,
6191,3732,42,6,29,1,10:32:00,
6192,3732,39,8,40,5,10:36:00,
6193,3733,19,8,36,11,15:16:00,
6194,3734,39,7,26,5,14:46:00,
6195,3734,1,7,32,1,13:55:00,
6196,3735,65,7,30,12,17:13:00,
6197,3735,56,7,19,6,17:04:00,
6198,3735,71,3,34,3,17:35:00,
6199,3736,44,7,26,7,12:30:00,
6200,3737,71,8,30,3,11:06:00,
6201,3738,42,3,42,6,13:44:00,
6202,3738,23,8,38,2,14:51:00,
6203,3739,5,3,26,4,14:48:00,
6204,3739,42,3,20,3,14:57:00,
6205,3740,50,6,34,12,15:05:00,
6206,3741,69,7,30,1,14:28:00,
6207,3742,62,2,33,2,15:29:00,
6208,3742,7,6,41,4,16:17:00,
6209,3743,44,4,5,12,12:20:00,
6210,3743,22,1,19,2,12:14:00,
6211,3744,62,8,18,7,12:29:00,
6212,3744,19,7,33,7,13:23:00,
6213,3745,22,5,26,6,17:37:00,
6214,3746,7,7,48,4,10:44:00,
6215,3746,22,1,19,3,11:17:00,
6216,3747,59,7,9,3,09:53:00,
6217,3748,42,2,26,1,17:20:00,
6218,3748,19,5,27,13,16:24:00,
6219,3749,39,1,21,7,17:37:00,
6220,3749,71,6,26,1,16:51:00,
6221,3750,59,6,22,13,15:05:00,
6222,3750,23,3,40,7,15:11:00,
6223,3750,50,6,19,5,14:56:00,
6224,3751,43,5,45,11,11:10:00,
6225,3751,69,1,15,5,10:56:00,
6226,3752,59,6,23,5,09:34:00,
6227,3752,1,7,40,2,09:21:00,
6228,3753,59,7,25,6,10:39:00,
6229,3753,20,4,40,7,11:04:00,
6230,3754,39,1,16,14,11:10:00,
6231,3755,29,6,30,14,14:16:00,
6232,3755,69,2,41,11,14:49:00,
6233,3756,29,4,25,1,11:17:00,
6234,3756,50,5,22,10,11:02:00,
6235,3756,43,1,49,6,11:17:00,
6236,3757,1,7,34,12,09:43:00,
6237,3757,59,6,24,5,09:24:00,
6238,3758,1,5,27,12,17:05:00,
6239,3759,23,4,43,2,16:42:00,
6240,3759,1,5,25,5,17:30:00,
6241,3760,62,2,21,13,12:21:00,
6242,3761,29,2,14,3,13:58:00,
6243,3761,39,4,20,7,13:06:00,
6244,3761,69,7,44,12,13:33:00,
6245,3762,56,6,22,5,10:32:00,
6246,3763,48,2,32,7,13:01:00,
6247,3764,56,4,23,1,11:17:00,
6248,3764,71,7,19,2,11:07:00,
6249,3765,42,6,34,13,13:36:00,
6250,3765,19,4,28,14,13:29:00,
6251,3766,7,6,20,4,10:29:00,
6252,3766,56,1,14,11,10:50:00,
6253,3767,6,7,22,12,09:42:00,
6254,3768,19,3,39,11,11:53:00,
6255,3769,48,2,31,10,12:27:00,
6256,3769,50,1,29,5,11:02:00,
6257,3769,6,5,41,7,12:13:00,
6258,3770,32,2,33,12,12:12:00,
6259,3771,48,4,16,6,11:36:00,
6260,3772,23,7,35,13,16:21:00,
6261,3773,7,3,33,3,09:44:00,
6262,3773,43,8,33,10,09:47:00,
6263,3774,1,5,31,7,14:21:00,
6264,3774,43,3,33,2,14:41:00,
6265,3774,69,5,28,14,14:10:00,
6266,3775,56,6,32,5,13:12:00,
6267,3775,69,1,36,10,12:55:00,
6268,3776,69,2,24,11,14:01:00,
6269,3776,1,3,22,1,14:02:00,
6270,3777,62,8,30,14,11:12:00,
6271,3777,59,4,37,3,11:44:00,
6272,3778,71,1,15,14,16:06:00,
6273,3779,53,5,22,6,13:58:00,
6274,3779,59,4,27,13,13:49:00,
6275,3780,6,8,20,13,11:52:00,
6276,3781,59,1,25,2,09:56:00,
6277,3781,39,2,11,2,09:26:00,
6278,3782,65,1,43,13,16:15:00,
6279,3783,23,1,36,7,12:37:00,
6280,3784,19,5,44,12,14:50:00,
6281,3785,65,3,37,4,12:22:00,
6282,3785,39,7,38,4,13:00:00,
6283,3785,71,5,7,13,13:06:00,
6284,3786,20,6,51,2,12:51:00,
6285,3787,50,5,27,4,16:07:00,
6286,3788,44,7,16,11,15:44:00,
6287,3789,29,8,27,11,09:35:00,
6288,3790,53,7,35,13,17:01:00,
6289,3791,23,4,42,3,16:05:00,
6290,3792,59,6,46,5,13:17:00,
6291,3793,1,6,39,4,09:45:00,
6292,3793,61,8,35,10,09:46:00,
6293,3794,44,3,19,2,15:07:00,
6294,3794,48,3,30,1,14:18:00,
6295,3794,1,8,30,11,14:09:00,
6296,3795,29,6,32,4,10:11:00,
6297,3795,61,5,24,6,10:00:00,
6298,3796,53,7,14,12,17:34:00,
6299,3796,5,7,33,6,18:20:00,
6300,3797,65,2,24,13,13:41:00,
6301,3798,19,1,32,2,12:16:00,
6302,3799,19,1,21,14,17:00:00,
6303,3799,39,5,17,6,16:58:00,
6304,3800,22,6,23,10,11:38:00,
6305,3800,23,7,30,3,11:26:00,
6306,3801,71,3,17,11,13:48:00,
6307,3801,22,6,23,13,14:11:00,
6308,3802,23,3,37,3,11:12:00,
6309,3802,61,3,12,2,11:21:00,
6310,3803,53,5,34,11,09:28:00,
6311,3803,61,3,22,3,09:40:00,
6312,3804,53,8,24,6,09:20:00,
6313,3805,61,7,45,5,14:46:00,
6314,3805,69,7,25,11,14:30:00,
6315,3806,32,7,38,1,13:00:00,
6316,3806,48,5,29,1,13:13:00,
6317,3806,22,2,34,14,12:30:00,
6318,3807,59,8,36,11,11:25:00,
6319,3808,50,8,33,2,11:04:00,
6320,3808,71,4,30,4,11:02:00,
6321,3809,20,6,29,14,15:35:00,
6322,3809,23,6,27,5,15:48:00,
6323,3809,61,4,48,11,16:27:00,
6324,3810,56,8,38,6,16:59:00,
6325,3810,6,1,31,3,17:19:00,
6326,3810,61,2,23,12,17:08:00,
6327,3811,43,6,34,6,16:00:00,
6328,3812,32,4,32,10,13:21:00,
6329,3813,19,3,22,5,14:50:00,
6330,3813,61,4,15,7,14:46:00,
6331,3814,23,8,22,5,17:04:00,
6332,3815,62,5,12,5,17:23:00,
6333,3815,48,3,25,5,16:42:00,
6334,3816,62,4,18,10,11:00:00,
6335,3817,53,7,25,10,12:02:00,
6336,3818,56,4,34,14,14:20:00,
6337,3819,1,5,37,13,10:34:00,
6338,3820,39,8,18,7,14:54:00,
6339,3821,32,3,38,3,17:32:00,
6340,3821,56,1,33,14,17:12:00,
6341,3822,71,5,14,1,15:57:00,
6342,3822,39,1,34,4,16:36:00,
6343,3823,59,4,28,7,11:47:00,
6344,3823,68,2,26,5,11:10:00,
6345,3824,6,6,26,6,11:33:00,
6346,3824,44,8,26,12,12:53:00,
6347,3825,23,7,23,14,13:23:00,
6348,3826,20,3,37,12,14:19:00,
6349,3826,65,5,33,5,14:32:00,
6350,3827,59,2,22,12,10:32:00,
6351,3827,20,4,34,3,10:40:00,
6352,3828,53,5,35,5,16:47:00,
6353,3828,5,4,36,6,16:08:00,
6354,3829,5,7,34,2,15:48:00,
6355,3829,65,6,21,5,15:22:00,
6356,3830,44,6,16,13,13:31:00,
6357,3830,50,8,24,14,13:32:00,
6358,3831,48,7,22,1,15:25:00,
6359,3832,1,5,36,7,12:44:00,
6360,3833,62,4,26,6,10:55:00,
6361,3834,42,4,31,11,16:14:00,
6362,3835,39,5,23,4,15:21:00,
6363,3836,20,4,38,4,13:26:00,
6364,3836,6,8,29,7,13:10:00,
6365,3837,22,7,21,5,11:45:00,
6366,3838,19,2,34,2,09:40:00,
6367,3838,1,7,35,6,09:26:00,
6368,3838,50,8,27,5,09:25:00,
6369,3839,68,4,28,3,15:09:00,
6370,3839,19,5,29,12,15:52:00,
6371,3840,50,7,13,5,15:09:00,
6372,3840,19,2,37,10,14:32:00,
6373,3841,69,1,30,14,12:06:00,
6374,3842,69,8,34,5,16:47:00,
6375,3843,71,7,24,13,12:20:00,
6376,3843,61,6,26,13,12:18:00,
6377,3844,61,4,34,6,14:26:00,
6378,3844,69,2,36,10,14:23:00,
6379,3844,1,4,36,7,14:33:00,
6380,3845,42,2,47,2,11:37:00,
6381,3846,1,6,21,2,16:00:00,
6382,3847,6,4,15,6,12:19:00,
6383,3847,43,3,32,13,11:58:00,
6384,3848,68,8,24,5,10:39:00,
6385,3849,32,6,43,2,15:07:00,
6386,3849,1,1,29,1,15:09:00,
6387,3849,68,2,22,1,15:01:00,
6388,3850,1,7,29,4,14:52:00,
6389,3851,62,2,20,6,12:06:00,
6390,3851,20,2,41,6,13:06:00,
6391,3852,5,4,45,2,12:53:00,
6392,3852,6,8,33,4,13:09:00,
6393,3853,39,2,33,11,12:51:00,
6394,3854,7,4,28,7,16:35:00,
6395,3855,19,5,40,6,16:25:00,
6396,3856,42,3,38,10,14:21:00,
6397,3857,44,4,19,4,11:25:00,
6398,3857,59,6,21,10,12:02:00,
6399,3858,1,7,39,4,14:10:00,
6400,3859,68,5,29,5,11:20:00,
6401,3860,43,2,27,5,16:52:00,
6402,3861,6,3,30,5,12:28:00,
6403,3861,61,5,36,5,12:16:00,
6404,3862,56,1,22,10,13:35:00,
6405,3863,62,6,37,3,18:02:00,
6406,3864,62,6,35,3,15:43:00,
6407,3865,59,8,27,6,11:56:00,
6408,3866,68,1,31,11,16:41:00,
6409,3867,22,4,24,7,11:19:00,
6410,3868,44,3,19,5,11:27:00,
6411,3868,62,2,25,1,11:19:00,
6412,3869,69,1,11,5,16:48:00,
6413,3869,8,2,16,14,16:25:00,
6414,3870,1,4,18,2,13:53:00,
6415,3870,43,4,24,10,13:47:00,
6416,3871,59,1,25,13,14:09:00,
6417,3872,23,5,38,7,16:41:00,
6418,3873,56,2,30,4,15:04:00,
6419,3873,61,6,31,1,15:03:00,
6420,3874,48,7,33,3,18:07:00,
6421,3874,23,1,49,5,17:23:00,
6422,3875,22,5,23,11,13:42:00,
6423,3876,29,7,29,3,12:14:00,
6424,3877,42,7,43,7,11:38:00,
6425,3878,59,5,28,7,14:25:00,
6426,3879,32,7,33,11,14:03:00,
6427,3880,22,3,33,1,17:53:00,
6428,3880,61,6,31,10,17:09:00,
6429,3881,29,1,25,5,14:26:00,
6430,3881,69,5,26,1,14:16:00,
6431,3882,59,8,25,5,15:31:00,
6432,3883,6,2,33,10,14:13:00,
6433,3884,44,5,19,4,10:50:00,
6434,3884,61,8,37,12,11:22:00,
6435,3884,5,7,32,1,10:36:00,
6436,3885,44,3,22,10,18:07:00,
6437,3886,8,5,25,1,13:10:00,
6438,3886,62,6,36,4,13:11:00,
6439,3887,32,8,29,6,11:04:00,
6440,3888,20,2,42,7,11:50:00,
6441,3889,39,2,19,1,15:16:00,
6442,3890,71,4,20,4,12:21:00,
6443,3891,19,8,34,10,15:21:00,
6444,3891,29,5,42,6,14:43:00,
6445,3892,23,7,27,14,13:25:00,
6446,3892,6,2,30,7,13:37:00,
6447,3893,8,3,38,10,13:26:00,
6448,3894,53,6,42,1,13:03:00,
6449,3895,62,8,32,12,09:51:00,
6450,3896,39,1,30,2,11:32:00,
6451,3896,59,1,8,11,12:10:00,
6452,3897,53,1,9,3,12:46:00,
6453,3897,65,4,28,2,13:22:00,
6454,3897,71,2,30,5,12:37:00,
6455,3898,20,5,25,13,09:53:00,
6456,3898,7,3,43,7,09:49:00,
6457,3898,39,4,28,10,09:59:00,
6458,3899,69,8,31,2,09:35:00,
6459,3899,6,5,30,6,09:51:00,
6460,3900,48,6,10,7,12:02:00,
6461,3900,22,5,44,6,11:37:00,
6462,3901,62,3,12,2,15:39:00,
6463,3901,42,3,25,1,15:35:00,
6464,3902,7,3,42,1,14:08:00,
6465,3903,65,3,26,11,16:44:00,
6466,3904,22,6,38,7,09:27:00,
6467,3904,44,4,14,11,10:05:00,
6468,3904,43,5,38,2,09:34:00,
6469,3905,39,8,23,1,16:31:00,
6470,3905,22,6,29,13,16:14:00,
6471,3905,19,3,34,11,15:38:00,
6472,3906,62,8,39,14,09:25:00,
6473,3906,23,5,34,2,09:32:00,
6474,3907,56,1,29,5,14:48:00,
6475,3907,69,3,24,14,14:10:00,
6476,3908,50,3,28,1,13:25:00,
6477,3908,68,7,48,4,13:32:00,
6478,3909,32,6,26,3,17:04:00,
6479,3909,20,4,17,7,17:05:00,
6480,3910,32,8,33,4,11:57:00,
6481,3911,20,5,50,7,13:40:00,
6482,3911,62,7,17,14,14:31:00,
6483,3912,8,8,48,4,12:42:00,
6484,3913,69,2,29,13,12:34:00,
6485,3913,5,8,35,10,13:07:00,
6486,3914,7,4,41,7,17:04:00,
6487,3914,44,8,18,5,17:12:00,
6488,3914,32,8,52,12,17:13:00,
6489,3915,62,1,15,14,15:43:00,
6490,3915,29,2,25,10,15:21:00,
6491,3915,5,8,37,11,15:31:00,
6492,3916,62,8,25,5,14:10:00,
6493,3916,29,7,28,2,13:32:00,
6494,3917,6,3,25,3,12:09:00,
6495,3918,68,5,30,14,17:14:00,
6496,3919,43,8,19,1,11:41:00,
6497,3919,39,7,37,5,11:37:00,
6498,3920,56,2,29,6,14:19:00,
6499,3920,50,7,37,7,13:22:00,
6500,3921,42,7,40,4,11:15:00,
6501,3921,32,8,40,11,11:41:00,
6502,3922,1,2,13,3,15:35:00,
6503,3922,20,1,34,1,14:57:00,
6504,3923,61,2,24,11,16:03:00,
6505,3924,20,8,33,12,12:13:00,
6506,3924,29,1,35,7,12:05:00,
6507,3924,69,2,38,3,13:12:00,
6508,3925,5,2,40,7,13:49:00,
6509,3926,42,8,42,2,12:38:00,
6510,3926,53,5,24,12,12:05:00,
6511,3927,20,8,39,6,13:01:00,
6512,3928,65,4,21,14,12:39:00,
6513,3928,32,7,46,4,12:42:00,
6514,3928,56,7,35,5,12:00:00,
6515,3929,19,3,40,14,13:48:00,
6516,3929,44,4,15,13,13:33:00,
6517,3930,42,8,27,7,15:22:00,
6518,3930,69,2,42,4,15:21:00,
6519,3931,62,6,13,3,16:40:00,
6520,3932,48,1,10,3,16:27:00,
6521,3932,5,1,29,12,16:28:00,
6522,3933,53,8,22,11,11:20:00,
6523,3934,68,6,45,5,09:42:00,
6524,3935,62,6,31,7,15:54:00,
6525,3935,56,3,36,6,16:12:00,
6526,3936,44,6,16,6,11:25:00,
6527,3937,5,6,47,13,12:23:00,
6528,3937,61,8,27,14,12:09:00,
6529,3938,29,7,34,11,12:53:00,
6530,3938,20,7,37,2,13:05:00,
6531,3938,62,4,9,11,13:10:00,
6532,3939,50,4,18,14,10:02:00,
6533,3939,56,2,37,10,09:50:00,
6534,3940,6,7,42,3,13:22:00,
6535,3941,42,7,34,2,17:00:00,
6536,3941,29,6,24,6,16:40:00,
6537,3942,43,5,49,2,16:53:00,
6538,3943,6,5,29,7,12:27:00,
6539,3943,71,5,10,13,12:20:00,
6540,3944,65,5,39,7,11:56:00,
6541,3945,23,8,38,4,16:32:00,
6542,3946,1,5,29,3,12:54:00,
6543,3946,53,5,18,11,12:45:00,
6544,3947,69,5,15,4,16:23:00,
6545,3947,23,7,30,14,16:10:00,
6546,3948,32,5,52,5,14:53:00,
6547,3949,6,6,39,6,12:15:00,
6548,3949,5,3,32,4,11:47:00,
6549,3949,62,7,11,5,12:27:00,
6550,3950,62,2,33,2,11:31:00,
6551,3950,20,7,31,5,11:05:00,
6552,3950,19,5,30,5,11:21:00,
6553,3951,1,5,25,7,13:10:00,
6554,3951,39,7,24,13,13:15:00,
6555,3951,32,2,36,14,13:54:00,
6556,3952,20,4,43,1,16:36:00,
6557,3953,61,5,37,10,13:15:00,
6558,3954,68,6,20,2,13:29:00,
6559,3955,19,3,35,5,14:09:00,
6560,3955,61,3,25,4,15:17:00,
6561,3955,68,4,18,4,15:32:00,
6562,3956,43,6,25,10,11:16:00,
6563,3956,39,8,40,14,11:18:00,
6564,3957,29,5,21,3,12:45:00,
6565,3957,43,6,36,10,12:45:00,
6566,3957,5,1,30,3,11:58:00,
6567,3958,71,2,22,5,10:34:00,
6568,3958,50,2,24,1,10:40:00,
6569,3959,56,2,21,10,11:34:00,
6570,3960,62,3,31,3,11:48:00,
6571,3960,71,1,20,11,11:26:00,
6572,3960,6,5,27,1,11:28:00,
6573,3961,5,1,41,2,14:42:00,
6574,3962,53,2,26,10,13:50:00,
6575,3963,20,8,40,5,09:20:00,
6576,3964,50,6,33,3,14:57:00,
6577,3964,61,2,39,7,14:29:00,
6578,3965,48,6,9,10,17:25:00,
6579,3965,65,8,25,2,16:57:00,
6580,3966,43,7,39,14,17:02:00,
6581,3966,6,6,23,5,17:38:00,
6582,3967,65,4,32,1,12:57:00,
6583,3967,8,7,42,3,12:46:00,
6584,3968,1,8,33,14,14:59:00,
6585,3968,61,7,30,12,15:29:00,
6586,3968,43,7,17,14,15:00:00,
6587,3969,8,4,34,1,16:59:00,
6588,3970,39,8,21,12,17:24:00,
6589,3970,1,2,27,10,16:56:00,
6590,3971,8,2,28,2,12:22:00,
6591,3972,56,8,38,1,11:24:00,
6592,3973,62,2,29,14,09:34:00,
6593,3974,32,3,30,11,10:43:00,
6594,3974,48,8,14,2,10:51:00,
6595,3975,22,8,28,14,15:05:00,
6596,3975,62,7,23,6,15:26:00,
6597,3976,71,8,12,5,18:25:00,
6598,3977,71,1,27,13,12:05:00,
6599,3977,56,4,38,11,12:20:00,
6600,3977,42,4,34,2,12:44:00,
6601,3978,59,6,26,7,14:56:00,
6602,3978,43,1,32,11,14:34:00,
6603,3978,71,3,16,5,14:55:00,
6604,3979,62,3,22,14,10:30:00,
6605,3980,48,7,12,11,17:23:00,
6606,3980,19,1,14,1,17:19:00,
6607,3981,39,2,28,4,10:42:00,
6608,3982,71,5,34,5,15:03:00,
6609,3983,69,6,36,12,14:23:00,
6610,3983,6,8,31,14,14:11:00,
6611,3984,39,1,34,12,15:59:00,
6612,3985,22,8,30,12,17:02:00,
6613,3986,59,2,13,13,10:16:00,
6614,3986,68,6,43,2,10:12:00,
6615,3987,42,6,27,12,14:50:00,
6616,3987,32,6,42,5,14:39:00,
6617,3988,32,1,56,2,14:45:00,
6618,3989,5,8,29,12,17:07:00,
6619,3990,19,8,37,14,12:21:00,
6620,3990,6,7,46,5,12:33:00,
6621,3991,68,1,37,3,16:35:00,
6622,3992,22,5,24,6,11:06:00,
6623,3992,29,5,20,13,11:13:00,
6624,3993,68,4,24,10,15:16:00,
6625,3993,32,4,38,13,14:08:00,
6626,3994,6,6,31,14,16:30:00,
6627,3995,22,3,33,6,15:42:00,
6628,3996,48,2,30,4,14:53:00,
6629,3997,39,1,24,11,11:17:00,
6630,3998,71,1,22,2,15:47:00,
6631,3998,42,7,54,11,16:06:00,
6632,3999,1,3,27,12,11:34:00,
6633,3999,7,1,15,13,11:57:00,
6634,3999,48,8,27,2,10:52:00,
6635,4000,20,8,30,13,11:25:00,
6636,4001,39,4,23,13,15:17:00,
6637,4002,22,3,18,13,16:09:00,
6638,4002,62,1,34,2,17:52:00,
6639,4003,56,4,26,6,14:44:00,
6640,4003,48,2,9,4,14:27:00,
6641,4004,23,1,32,14,16:03:00,
6642,4005,29,5,14,10,16:39:00,
6643,4005,39,7,37,5,16:59:00,
6644,4005,32,2,46,13,16:22:00,
6645,4006,44,5,5,12,11:37:00,
6646,4007,59,8,21,13,16:43:00,
6647,4008,1,3,37,6,16:23:00,
6648,4009,7,5,40,4,10:43:00,
6649,4010,5,5,39,12,16:56:00,
6650,4011,39,1,25,6,14:26:00,
6651,4011,22,1,22,3,14:20:00,
6652,4012,5,3,33,12,16:15:00,
6653,4013,42,6,27,12,09:51:00,
6654,4013,8,1,23,12,09:41:00,
6655,4013,29,1,15,10,09:41:00,
6656,4014,8,2,33,13,11:56:00,
6657,4014,22,3,24,2,13:21:00,
6658,4015,8,5,49,5,11:07:00,
6659,4015,5,3,25,10,10:56:00,
6660,4016,59,2,19,3,15:47:00,
6661,4017,6,5,33,12,10:19:00,
6662,4017,48,3,25,11,10:36:00,
6663,4018,62,5,25,14,10:59:00,
6664,4019,56,7,36,2,14:18:00,
6665,4019,22,3,27,6,14:18:00,
6666,4020,5,8,44,4,16:46:00,
6667,4020,50,7,24,7,16:11:00,
6668,4021,1,2,34,1,16:25:00,
6669,4021,61,6,36,10,16:39:00,
6670,4022,5,4,31,12,15:27:00,
6671,4022,59,3,11,3,16:23:00,
6672,4023,32,5,37,2,13:36:00,
6673,4024,32,1,51,13,14:33:00,
6674,4025,32,2,52,4,16:31:00,
6675,4026,50,8,22,6,14:19:00,
6676,4027,8,1,35,3,11:12:00,
6677,4027,29,7,18,1,11:32:00,
6678,4028,5,6,42,5,11:46:00,
6679,4028,62,5,28,4,11:26:00,
6680,4029,61,8,23,3,14:25:00,
6681,4029,25,1,19,2,15:08:00,
6682,4030,65,8,20,11,11:21:00,
6683,4031,42,4,42,7,17:20:00,
6684,4032,39,1,23,13,16:59:00,
6685,4032,69,6,26,10,17:01:00,
6686,4033,5,8,31,7,13:08:00,
6687,4034,8,5,39,5,11:40:00,
6688,4035,50,7,21,10,18:13:00,
6689,4035,5,4,41,5,18:17:00,
6690,4035,65,2,35,10,17:29:00,
6691,4036,69,6,16,10,09:53:00,
6692,4037,59,7,28,14,10:54:00,
6693,4037,42,4,46,7,10:36:00,
6694,4038,65,4,29,11,13:56:00,
6695,4038,42,7,43,5,13:01:00,
6696,4039,59,1,29,13,14:31:00,
6697,4039,71,3,13,10,14:20:00,
6698,4040,50,3,38,2,16:48:00,
6699,4041,42,3,37,14,09:45:00,
6700,4042,32,2,36,4,16:14:00,
6701,4042,42,2,29,2,16:39:00,
6702,4043,29,3,20,11,15:55:00,
6703,4044,20,4,26,14,14:03:00,
6704,4044,68,2,34,1,13:25:00,
6705,4045,53,8,26,2,15:05:00,
6706,4046,65,4,24,7,11:49:00,
6707,4047,29,5,29,6,12:19:00,
6708,4047,20,4,24,14,13:01:00,
6709,4047,25,2,56,3,13:07:00,
6710,4048,1,5,34,10,14:36:00,
6711,4048,42,3,38,2,14:05:00,
6712,4048,44,4,19,14,14:08:00,
6713,4049,62,8,28,14,14:52:00,
6714,4050,6,8,28,12,16:16:00,
6715,4050,44,2,17,4,15:53:00,
6716,4051,56,3,18,5,11:45:00,
6717,4051,43,8,30,13,12:03:00,
6718,4051,23,2,27,10,12:24:00,
6719,4052,25,3,28,1,13:34:00,
6720,4053,44,2,5,7,12:47:00,
6721,4053,69,6,26,12,13:03:00,
6722,4054,59,6,16,4,15:58:00,
6723,4054,69,7,18,3,15:35:00,
6724,4054,29,6,32,5,16:09:00,
6725,4055,22,4,25,10,12:37:00,
6726,4056,23,5,42,13,11:36:00,
6727,4056,61,3,40,3,11:27:00,
6728,4057,62,6,30,1,12:54:00,
6729,4058,71,5,41,11,14:32:00,
6730,4059,5,7,35,10,12:55:00,
6731,4059,23,5,17,1,13:06:00,
6732,4060,8,6,38,11,16:34:00,
6733,4060,48,4,30,4,16:37:00,
6734,4061,65,5,18,11,12:02:00,
6735,4061,22,4,11,7,12:14:00,
6736,4062,23,4,35,1,13:45:00,
6737,4062,29,8,22,2,13:58:00,
6738,4063,59,6,25,11,15:17:00,
6739,4063,56,2,33,2,15:38:00,
6740,4064,29,7,24,13,09:31:00,
6741,4064,39,1,26,4,10:33:00,
6742,4065,8,2,57,11,13:57:00,
6743,4066,44,5,8,5,14:11:00,
6744,4067,71,4,29,11,17:14:00,
6745,4068,23,8,14,2,17:50:00,
6746,4068,65,8,30,7,17:38:00,
6747,4069,29,4,22,13,15:13:00,
6748,4070,8,4,25,12,15:28:00,
6749,4070,48,8,31,10,16:17:00,
6750,4071,6,8,27,6,11:21:00,
6751,4071,20,8,48,4,11:22:00,
6752,4071,59,5,10,4,12:16:00,
6753,4072,53,2,35,12,17:30:00,
6754,4072,19,6,32,4,17:38:00,
6755,4073,22,3,11,11,14:32:00,
6756,4073,59,6,30,4,14:56:00,
6757,4073,68,7,39,14,14:10:00,
6758,4074,65,3,36,5,13:25:00,
6759,4074,20,4,39,3,13:05:00,
6760,4075,19,4,41,14,12:34:00,
6761,4075,1,1,26,1,12:44:00,
6762,4076,53,1,19,3,13:07:00,
6763,4076,59,2,36,1,13:02:00,
6764,4077,65,4,35,11,13:32:00,
6765,4077,8,7,28,3,13:23:00,
6766,4078,7,1,39,6,09:47:00,
6767,4079,53,6,5,12,13:55:00,
6768,4079,50,6,18,5,13:51:00,
6769,4079,43,6,30,7,13:41:00,
6770,4080,65,1,25,7,16:46:00,
6771,4081,20,3,31,5,16:13:00,
6772,4081,39,4,13,6,15:36:00,
6773,4082,7,3,45,12,17:35:00,
6774,4083,62,1,27,7,17:04:00,
6775,4083,6,6,28,5,16:59:00,
6776,4084,61,3,23,6,13:52:00,
6777,4084,68,1,26,2,14:53:00,
6778,4085,50,1,30,10,13:38:00,
6779,4086,56,2,43,12,11:56:00,
6780,4086,39,4,36,7,12:15:00,
6781,4086,1,7,33,6,12:10:00,
6782,4087,68,4,30,14,12:34:00,
6783,4087,43,7,37,14,12:22:00,
6784,4088,7,3,34,10,10:42:00,
6785,4088,68,5,38,14,10:33:00,
6786,4088,29,6,36,11,10:40:00,
6787,4089,69,1,28,1,09:28:00,
6788,4090,23,7,40,14,14:08:00,
6789,4090,65,1,28,3,14:32:00,
6790,4091,8,3,37,14,16:43:00,
6791,4092,39,8,18,5,11:01:00,
6792,4093,6,4,38,5,15:08:00,
6793,4093,39,6,51,7,15:28:00,
6794,4094,62,7,15,10,17:04:00,
6795,4095,53,4,29,12,16:04:00,
6796,4096,53,6,17,2,16:39:00,
6797,4096,50,3,30,3,17:34:00,
6798,4097,53,6,27,7,15:21:00,
6799,4098,62,3,32,7,17:00:00,
6800,4099,71,2,17,3,10:28:00,
6801,4100,19,4,28,11,13:33:00,
6802,4100,62,1,23,5,12:50:00,
6803,4101,56,6,33,7,13:44:00,
6804,4101,1,6,27,2,13:35:00,
6805,4102,1,1,23,11,15:12:00,
6806,4102,29,8,39,3,15:18:00,
6807,4103,59,2,30,7,11:53:00,
6808,4104,68,5,27,4,12:05:00,
6809,4104,6,5,34,12,12:24:00,
6810,4105,5,1,35,1,14:18:00,
6811,4105,20,4,25,14,13:05:00,
6812,4106,25,2,21,14,13:42:00,
6813,4106,39,7,24,4,13:39:00,
6814,4107,7,4,40,6,15:36:00,
6815,4107,61,4,39,2,15:13:00,
6816,4108,59,5,12,3,12:13:00,
6817,4108,48,6,29,7,12:09:00,
6818,4109,71,8,21,10,11:40:00,
6819,4110,68,8,30,13,14:08:00,
6820,4110,22,4,20,13,13:08:00,
6821,4111,5,1,29,7,11:17:00,
6822,4111,65,6,29,13,11:12:00,
6823,4112,39,4,25,12,16:09:00,
6824,4112,50,8,43,14,17:47:00,
6825,4112,71,2,20,13,16:06:00,
6826,4113,19,2,51,11,15:58:00,
6827,4113,1,6,23,7,15:56:00,
6828,4114,65,8,42,10,13:35:00,
6829,4115,61,5,25,1,12:55:00,
6830,4115,48,8,24,3,12:40:00,
6831,4115,20,2,36,14,12:40:00,
6832,4116,56,1,56,12,13:24:00,
6833,4117,53,4,23,6,16:38:00,
6834,4117,43,6,41,5,16:25:00,
6835,4118,6,1,27,4,11:35:00,
6836,4118,71,8,14,10,12:54:00,
6837,4119,61,7,16,7,18:47:00,
6838,4119,56,7,24,1,17:22:00,
6839,4120,5,2,50,3,11:27:00,
6840,4120,48,2,36,12,11:13:00,
6841,4121,23,1,36,12,11:39:00,
6842,4121,50,8,26,11,11:41:00,
6843,4122,29,3,33,3,10:50:00,
6844,4122,50,7,39,11,10:50:00,
6845,4123,20,1,34,3,13:49:00,
6846,4123,59,7,27,3,13:42:00,
6847,4123,8,3,22,5,14:00:00,
6848,4124,6,1,38,12,13:20:00,
6849,4125,53,5,16,4,15:41:00,
6850,4125,59,4,22,6,15:33:00,
6851,4125,50,6,29,7,15:51:00,
6852,4126,43,6,34,13,12:12:00,
6853,4126,61,2,30,11,12:10:00,
6854,4127,56,6,32,11,12:00:00,
6855,4127,7,6,24,5,11:25:00,
6856,4128,48,8,23,3,16:10:00,
6857,4128,65,2,28,2,16:06:00,
6858,4129,69,8,20,11,15:44:00,
6859,4129,53,6,24,5,14:59:00,
6860,4130,71,6,24,5,13:43:00,
6861,4131,19,4,37,14,10:36:00,
6862,4132,6,8,40,4,15:39:00,
6863,4133,29,4,41,13,13:34:00,
6864,4133,23,3,21,10,13:19:00,
6865,4133,68,8,33,7,13:28:00,
6866,4134,29,1,23,5,11:26:00,
6867,4135,53,3,19,14,10:39:00,
6868,4135,56,4,26,12,10:57:00,
6869,4136,23,3,41,11,17:19:00,
6870,4136,69,7,34,12,16:45:00,
6871,4137,43,5,34,11,13:10:00,
6872,4138,68,3,34,1,13:23:00,
6873,4139,19,1,36,2,15:20:00,
6874,4139,44,2,5,13,15:28:00,
6875,4139,59,6,34,14,15:33:00,
6876,4140,1,7,19,10,13:33:00,
6877,4140,22,6,18,7,13:27:00,
6878,4141,22,2,23,7,14:31:00,
6879,4142,5,1,29,5,16:22:00,
6880,4142,25,3,32,13,15:53:00,
6881,4142,6,7,37,7,16:18:00,
6882,4143,5,6,32,12,14:39:00,
6883,4143,19,8,29,5,14:57:00,
6884,4143,56,3,28,13,14:21:00,
6885,4144,62,3,32,7,09:21:00,
6886,4144,50,4,25,6,09:39:00,
6887,4145,6,7,40,13,12:23:00,
6888,4145,20,7,31,1,12:24:00,
6889,4146,19,7,19,4,13:48:00,
6890,4147,62,1,12,6,15:46:00,
6891,4147,59,8,33,10,16:32:00,
6892,4148,48,7,20,2,11:18:00,
6893,4148,20,1,27,4,10:05:00,
6894,4149,59,6,25,11,13:22:00,
6895,4149,56,1,27,1,12:35:00,
6896,4150,61,1,31,4,17:10:00,
6897,4150,1,1,23,10,17:11:00,
6898,4151,1,2,27,1,18:20:00,
6899,4152,43,6,38,13,12:47:00,
6900,4152,8,1,20,2,12:23:00,
6901,4153,5,2,45,14,13:37:00,
6902,4153,65,8,36,1,13:50:00,
6903,4154,39,6,27,3,13:13:00,
6904,4155,19,7,28,12,16:27:00,
6905,4155,53,3,28,5,15:44:00,
6906,4155,56,1,31,4,16:20:00,
6907,4156,44,7,27,13,12:40:00,
6908,4157,25,2,22,11,16:53:00,
6909,4157,43,6,29,2,16:23:00,
6910,4157,42,4,25,6,16:25:00,
6911,4158,20,4,31,14,12:34:00,
6912,4158,29,3,35,10,11:50:00,
6913,4159,53,3,21,2,10:41:00,
6914,4160,62,4,40,4,16:28:00,
6915,4161,20,8,45,7,11:25:00,
6916,4162,20,6,29,7,10:37:00,
6917,4162,43,2,22,11,10:28:00,
6918,4163,25,4,33,11,17:10:00,
6919,4164,56,2,22,1,16:36:00,
6920,4165,59,6,29,6,16:51:00,
6921,4165,68,8,34,6,16:37:00,
6922,4166,62,3,28,13,11:05:00,
6923,4166,50,3,31,12,11:22:00,
6924,4167,5,7,51,2,10:36:00,
6925,4168,22,5,24,10,10:59:00,
6926,4168,1,1,21,5,09:47:00,
6927,4169,22,8,13,11,12:09:00,
6928,4169,50,6,34,3,11:24:00,
6929,4170,53,3,45,7,16:40:00,
6930,4170,42,8,37,1,16:40:00,
6931,4170,23,5,34,2,16:51:00,
6932,4171,53,3,36,10,10:53:00,
6933,4171,19,6,50,13,10:56:00,
6934,4172,39,5,19,14,11:46:00,
6935,4173,56,2,48,4,17:07:00,
6936,4173,68,4,28,5,16:50:00,
6937,4174,43,5,31,6,12:47:00,
6938,4174,44,3,16,5,12:57:00,
6939,4175,59,2,14,13,10:42:00,
6940,4176,62,5,30,5,15:29:00,
6941,4176,20,4,42,6,16:00:00,
6942,4177,22,5,12,4,13:11:00,
6943,4178,56,5,37,10,15:31:00,
6944,4178,71,6,5,14,15:35:00,
6945,4179,44,6,13,1,11:09:00,
6946,4179,56,6,41,1,11:17:00,
6947,4180,65,4,19,7,11:06:00,
6948,4180,48,5,20,12,11:10:00,
6949,4180,6,3,37,6,10:15:00,
6950,4181,62,4,33,3,15:07:00,
6951,4181,56,8,25,11,14:55:00,
6952,4182,68,7,45,7,12:34:00,
6953,4182,69,2,38,14,12:25:00,
6954,4182,61,1,35,7,11:40:00,
6955,4183,69,6,26,7,13:55:00,
6956,4184,19,7,16,12,13:09:00,
6957,4184,50,7,33,14,12:49:00,
6958,4184,39,1,33,2,13:11:00,
6959,4185,56,2,34,7,13:56:00,
6960,4186,6,8,35,14,16:53:00,
6961,4186,68,7,26,1,16:10:00,
6962,4187,20,4,28,12,09:56:00,
6963,4187,50,6,22,2,10:15:00,
6964,4188,71,7,18,14,13:28:00,
6965,4188,7,3,33,7,13:24:00,
6966,4189,7,6,28,4,13:39:00,
6967,4189,43,6,54,1,13:52:00,
6968,4190,71,3,13,1,12:23:00,
6969,4191,59,3,21,5,16:30:00,
6970,4192,1,7,25,6,15:35:00,
6971,4192,44,6,16,2,16:53:00,
6972,4192,42,4,48,13,16:07:00,
6973,4193,65,3,28,1,17:22:00,
6974,4194,6,3,28,5,09:55:00,
6975,4195,20,5,26,6,11:37:00,
6976,4195,44,6,6,13,11:44:00,
6977,4196,48,5,29,13,15:12:00,
6978,4196,53,2,29,12,15:12:00,
6979,4196,19,6,31,1,15:50:00,
6980,4197,43,1,34,11,12:53:00,
6981,4198,50,6,22,11,14:58:00,
6982,4198,62,5,22,1,16:17:00,
6983,4198,53,4,18,5,16:14:00,
6984,4199,71,6,29,2,09:52:00,
6985,4199,68,8,20,2,10:00:00,
6986,4200,68,4,30,5,16:59:00,
6987,4201,59,4,18,14,11:35:00,
6988,4202,59,4,38,13,09:50:00,
6989,4202,50,8,28,11,10:24:00,
6990,4202,8,1,48,10,10:36:00,
6991,4203,25,1,47,4,12:19:00,
6992,4204,39,2,16,11,13:24:00,
6993,4204,22,1,24,7,13:46:00,
6994,4205,19,3,29,14,12:12:00,
6995,4206,5,8,28,14,14:21:00,
6996,4206,44,3,14,10,14:10:00,
6997,4207,8,6,36,14,14:51:00,
6998,4208,65,6,19,6,13:43:00,
6999,4208,53,4,27,14,13:19:00,
7000,4208,8,6,33,3,12:56:00,
7001,4209,29,6,26,7,13:17:00,
7002,4209,5,3,23,12,13:06:00,
7003,4210,50,1,43,11,10:08:00,
7004,4211,68,8,27,1,12:05:00,
7005,4211,8,4,27,10,11:51:00,
7006,4211,25,5,40,11,12:15:00,
7007,4212,69,6,24,4,14:36:00,
7008,4213,8,4,31,4,09:51:00,
7009,4213,39,1,26,11,09:20:00,
7010,4213,61,4,23,3,09:57:00,
7011,4214,19,2,27,6,12:38:00,
7012,4214,6,4,33,1,12:46:00,
7013,4215,65,8,30,10,17:10:00,
7014,4215,5,5,31,6,17:32:00,
7015,4216,71,2,15,6,14:31:00,
7016,4217,8,2,30,4,10:30:00,
7017,4218,42,7,27,13,17:06:00,
7018,4218,20,5,35,4,16:54:00,
7019,4218,61,8,7,12,16:32:00,
7020,4219,61,1,24,13,10:30:00,
7021,4220,69,3,24,13,11:15:00,
7022,4220,59,5,33,13,11:17:00,
7023,4221,71,2,17,2,12:36:00,
7024,4222,1,5,37,7,15:41:00,
7025,4223,61,3,31,7,10:47:00,
7026,4223,1,3,42,14,11:23:00,
7027,4224,56,4,25,13,17:11:00,
7028,4225,48,4,18,6,11:19:00,
7029,4225,39,2,47,7,11:49:00,
7030,4226,22,7,32,5,17:01:00,
7031,4226,5,7,37,13,16:53:00,
7032,4226,62,3,25,13,17:01:00,
7033,4227,39,1,19,5,15:22:00,
7034,4227,44,1,11,12,15:31:00,
7035,4228,62,7,30,7,12:53:00,
7036,4228,50,8,31,11,13:18:00,
7037,4229,20,6,35,2,11:18:00,
7038,4230,59,7,15,4,14:11:00,
7039,4231,5,7,44,3,10:49:00,
7040,4231,50,1,30,4,10:44:00,
7041,4231,43,7,42,1,10:33:00,
7042,4232,56,2,40,4,15:55:00,
7043,4233,65,6,39,14,10:39:00,
7044,4234,43,6,44,14,16:47:00,
7045,4235,61,8,27,5,10:22:00,
7046,4235,68,1,15,6,10:32:00,
7047,4236,56,1,36,5,16:39:00,
7048,4236,69,3,27,14,16:06:00,
7049,4237,71,3,12,1,17:59:00,
7050,4237,69,7,27,6,16:53:00,
7051,4238,42,2,43,12,17:12:00,
7052,4238,23,4,39,4,17:12:00,
7053,4238,69,3,32,12,17:03:00,
7054,4239,68,6,39,13,16:06:00,
7055,4240,29,1,21,5,12:10:00,
7056,4240,6,1,33,14,11:36:00,
7057,4240,59,3,6,3,11:40:00,
7058,4241,29,7,21,6,11:58:00,
7059,4241,71,8,23,5,11:06:00,
7060,4241,39,5,18,5,11:00:00,
7061,4242,22,6,32,2,16:16:00,
7062,4243,69,3,31,6,16:34:00,
7063,4244,69,7,30,14,13:24:00,
7064,4245,48,6,18,13,12:29:00,
7065,4245,6,4,23,4,12:36:00,
7066,4245,8,2,36,3,12:34:00,
7067,4246,7,1,28,14,15:10:00,
7068,4246,39,1,34,13,15:48:00,
7069,4247,59,4,27,14,15:43:00,
7070,4247,23,1,53,7,15:19:00,
7071,4248,23,3,35,7,14:34:00,
7072,4248,44,5,7,3,14:22:00,
7073,4249,43,7,17,6,10:39:00,
7074,4249,50,7,21,6,10:29:00,
7075,4249,20,4,41,11,10:29:00,
7076,4250,44,4,29,12,17:00:00,
7077,4250,1,4,32,12,16:51:00,
7078,4250,43,1,34,2,15:59:00,
7079,4251,68,4,35,2,17:56:00,
7080,4252,53,6,30,3,16:21:00,
7081,4252,69,8,28,3,16:31:00,
7082,4253,65,7,40,3,12:58:00,
7083,4253,71,8,19,1,12:03:00,
7084,4254,62,8,32,6,16:47:00,
7085,4255,62,3,19,12,17:25:00,
7086,4256,42,8,38,11,10:32:00,
7087,4257,62,7,38,5,14:45:00,
7088,4258,8,6,20,3,13:59:00,
7089,4259,62,1,32,6,10:08:00,
7090,4259,25,4,18,6,10:54:00,
7091,4260,1,1,41,10,16:00:00,
7092,4260,29,5,27,4,16:21:00,
7093,4261,5,2,20,6,11:51:00,
7094,4262,1,5,23,13,13:10:00,
7095,4262,8,5,39,12,12:26:00,
7096,4262,23,6,33,11,11:46:00,
7097,4263,8,4,32,7,14:54:00,
7098,4263,61,6,38,5,14:40:00,
7099,4264,62,2,30,6,16:39:00,
7100,4264,53,7,29,5,16:55:00,
7101,4264,71,2,14,13,16:44:00,
7102,4265,69,7,17,5,11:02:00,
7103,4266,62,8,26,5,12:58:00,
7104,4267,39,6,28,12,12:30:00,
7105,4267,1,2,26,6,12:33:00,
7106,4267,56,7,26,1,12:44:00,
7107,4268,48,2,17,11,14:52:00,
7108,4269,29,3,39,1,11:17:00,
7109,4269,23,6,40,14,10:34:00,
7110,4270,43,1,45,14,14:35:00,
7111,4270,71,7,22,3,15:15:00,
7112,4271,61,8,34,12,17:26:00,
7113,4271,29,7,36,5,16:32:00,
7114,4271,25,5,39,7,16:22:00,
7115,4272,44,1,23,13,10:50:00,
7116,4272,8,4,27,4,10:46:00,
7117,4273,1,8,35,10,16:26:00,
7118,4274,29,8,36,5,11:18:00,
7119,4274,53,2,5,14,11:25:00,
7120,4275,19,2,33,1,10:37:00,
7121,4275,71,1,18,4,11:23:00,
7122,4275,43,6,33,10,11:13:00,
7123,4276,22,8,21,14,15:26:00,
7124,4276,61,1,18,5,14:45:00,
7125,4277,68,2,29,10,11:23:00,
7126,4277,29,7,31,11,11:25:00,
7127,4278,6,6,27,7,11:58:00,
7128,4278,61,7,35,6,11:58:00,
7129,4279,23,6,22,6,14:37:00,
7130,4280,5,6,33,5,09:12:00,
7131,4281,5,8,32,11,10:27:00,
7132,4281,43,2,49,12,10:22:00,
7133,4282,20,2,39,11,17:04:00,
7134,4282,22,7,25,4,17:20:00,
7135,4283,61,7,31,2,12:39:00,
7136,4283,59,7,20,6,11:31:00,
7137,4284,48,4,30,11,16:02:00,
7138,4284,44,1,7,10,16:04:00,
7139,4285,44,1,22,13,15:31:00,
7140,4285,22,1,17,11,15:07:00,
7141,4286,53,7,23,4,15:51:00,
7142,4287,6,7,14,11,15:27:00,
7143,4287,65,2,40,1,14:58:00,
7144,4288,65,4,26,12,15:28:00,
7145,4289,62,1,18,3,12:11:00,
7146,4289,22,1,15,3,13:39:00,
7147,4289,20,2,29,3,12:27:00,
7148,4290,25,6,18,13,11:09:00,
7149,4291,65,6,32,13,16:02:00,
7150,4291,5,8,29,6,16:01:00,
7151,4291,68,1,49,5,14:53:00,
7152,4292,53,7,32,1,10:23:00,
7153,4293,59,3,32,11,09:54:00,
7154,4294,25,6,41,1,10:53:00,
7155,4294,62,4,29,11,11:39:00,
7156,4294,59,8,15,5,11:20:00,
7157,4295,6,2,43,12,09:51:00,
7158,4295,23,8,26,6,09:55:00,
7159,4295,59,3,23,4,10:00:00,
7160,4296,53,7,32,2,15:16:00,
7161,4296,19,6,21,4,15:35:00,
7162,4297,19,8,26,10,12:53:00,
7163,4297,8,8,20,10,13:34:00,
7164,4298,42,1,18,13,11:15:00,
7165,4299,22,3,33,13,16:41:00,
7166,4300,22,1,21,2,09:29:00,
7167,4300,42,1,38,3,09:53:00,
7168,4300,69,2,25,3,09:47:00,
7169,4301,44,6,5,5,16:16:00,
7170,4301,20,7,34,10,16:42:00,
7171,4302,48,6,31,11,16:19:00,
7172,4303,65,3,21,6,12:29:00,
7173,4304,71,8,21,4,10:08:00,
7174,4305,50,4,26,7,09:53:00,
7175,4305,20,4,37,10,09:53:00,
7176,4306,62,8,21,12,09:53:00,
7177,4307,42,8,36,4,11:32:00,
7178,4307,48,4,27,1,11:07:00,
7179,4308,1,2,29,10,10:49:00,
7180,4308,39,8,19,14,09:38:00,
7181,4308,7,6,54,5,09:52:00,
7182,4309,71,5,20,2,13:54:00,
7183,4310,42,6,45,14,16:17:00,
7184,4311,39,5,7,5,10:42:00,
7185,4311,42,6,17,7,11:02:00,
7186,4312,20,3,31,13,11:18:00,
7187,4313,20,3,32,13,13:30:00,
7188,4314,1,5,39,1,12:50:00,
7189,4314,8,8,31,2,13:07:00,
7190,4314,53,3,28,10,13:23:00,
7191,4315,6,3,32,2,11:39:00,
7192,4316,43,8,25,3,12:01:00,
7193,4317,68,5,37,4,13:25:00,
7194,4318,59,6,22,10,16:17:00,
7195,4318,53,6,27,4,16:13:00,
7196,4318,65,5,40,11,17:07:00,
7197,4319,19,3,39,7,16:35:00,
7198,4319,20,5,29,1,16:15:00,
7199,4319,59,5,16,4,16:05:00,
7200,4320,42,4,44,14,15:22:00,
7201,4320,23,3,35,2,14:53:00,
7202,4321,42,8,40,2,13:47:00,
7203,4321,20,8,33,13,13:32:00,
7204,4322,42,6,44,1,16:54:00,
7205,4323,6,1,38,10,13:47:00,
7206,4324,39,4,21,11,12:01:00,
7207,4325,53,3,28,3,10:06:00,
7208,4325,22,7,11,10,10:55:00,
7209,4326,61,6,32,1,14:43:00,
7210,4326,56,1,33,12,14:52:00,
7211,4327,42,3,43,3,15:56:00,
7212,4328,42,5,18,4,11:17:00,
7213,4329,39,4,38,7,16:08:00,
7214,4330,65,3,22,14,10:29:00,
7215,4331,22,1,17,2,11:54:00,
7216,4331,8,1,23,14,10:33:00,
7217,4332,25,7,9,3,10:25:00,
7218,4333,59,2,26,14,14:32:00,
7219,4334,5,8,23,14,11:01:00,
7220,4334,56,1,40,10,11:10:00,
7221,4335,48,4,24,13,10:26:00,
7222,4335,53,3,29,2,10:34:00,
7223,4336,69,7,26,1,17:19:00,
7224,4337,61,4,38,7,12:21:00,
7225,4337,8,3,31,4,11:20:00,
7226,4337,65,1,32,7,11:23:00,
7227,4338,8,4,31,1,13:02:00,
7228,4339,22,8,22,11,16:30:00,
7229,4340,23,3,33,2,15:23:00,
7230,4341,19,3,25,11,14:30:00,
7231,4341,34,1,28,13,14:11:00,
7232,4342,61,1,35,11,16:03:00,
7233,4343,22,1,33,14,11:24:00,
7234,4344,44,1,28,5,16:14:00,
7235,4344,23,7,22,12,16:12:00,
7236,4345,8,6,33,1,10:40:00,
7237,4345,56,6,21,7,10:35:00,
7238,4346,68,4,29,4,10:20:00,
7239,4347,62,3,21,12,12:51:00,
7240,4347,6,5,38,5,13:02:00,
7241,4348,25,5,38,12,13:14:00,
7242,4348,20,2,40,7,12:57:00,
7243,4349,42,4,54,5,12:17:00,
7244,4349,56,4,43,10,12:11:00,
7245,4350,25,4,32,4,14:00:00,
7246,4351,68,6,28,5,09:47:00,
7247,4352,62,7,10,3,16:53:00,
7248,4353,43,1,33,12,13:39:00,
7249,4353,34,2,36,11,13:46:00,
7250,4354,34,5,47,5,10:05:00,
7251,4355,68,3,35,1,09:42:00,
7252,4355,6,6,48,11,09:34:00,
7253,4356,20,1,40,10,12:08:00,
7254,4357,56,1,8,5,13:52:00,
7255,4357,50,2,23,11,14:01:00,
7256,4358,56,1,36,7,15:28:00,
7257,4359,8,5,37,12,11:50:00,
7258,4359,39,3,25,7,11:14:00,
7259,4360,1,2,33,4,11:23:00,
7260,4361,29,4,41,1,11:05:00,
7261,4362,68,2,30,14,16:23:00,
7262,4363,69,2,31,2,12:45:00,
7263,4364,59,5,38,4,12:14:00,
7264,4364,42,6,20,1,12:05:00,
7265,4365,50,6,20,1,09:40:00,
7266,4365,42,1,32,6,09:36:00,
7267,4365,22,1,26,4,09:39:00,
7268,4366,69,5,32,5,13:19:00,
7269,4367,29,1,34,13,17:05:00,
7270,4368,62,6,16,4,10:40:00,
7271,4368,71,6,29,10,11:02:00,
7272,4368,5,3,40,7,10:42:00,
7273,4369,25,2,21,5,14:24:00,
7274,4369,44,3,15,2,13:13:00,
7275,4370,69,3,33,12,11:13:00,
7276,4370,43,8,39,4,11:07:00,
7277,4371,1,3,31,6,10:48:00,
7278,4371,65,1,26,5,09:43:00,
7279,4372,8,2,11,4,12:33:00,
7280,4373,56,6,19,10,15:34:00,
7281,4374,61,6,35,14,11:21:00,
7282,4375,1,4,29,13,14:05:00,
7283,4376,69,5,32,7,11:18:00,
7284,4377,65,3,27,4,13:35:00,
7285,4377,23,2,29,12,13:55:00,
7286,4378,61,8,45,5,10:56:00,
7287,4378,1,8,27,7,10:17:00,
7288,4379,50,7,36,11,11:14:00,
7289,4379,5,6,23,12,10:54:00,
7290,4379,39,1,11,11,10:58:00,
7291,4380,44,7,27,7,11:10:00,
7292,4381,23,1,38,13,15:27:00,
7293,4382,69,4,30,4,16:09:00,
7294,4383,34,6,34,5,13:39:00,
7295,4384,23,2,26,12,18:04:00,
7296,4385,56,4,23,13,11:55:00,
7297,4386,65,6,37,7,11:24:00,
7298,4386,62,8,33,7,11:21:00,
7299,4387,62,8,31,10,14:01:00,
7300,4387,56,7,32,12,13:53:00,
7301,4388,68,1,27,7,11:36:00,
7302,4389,8,8,30,11,15:49:00,
7303,4390,25,3,33,7,09:57:00,
7304,4391,6,3,33,7,09:42:00,
7305,4391,56,2,44,3,10:10:00,
7306,4392,39,2,14,14,14:10:00,
7307,4392,43,5,36,11,14:29:00,
7308,4392,44,5,5,5,13:55:00,
7309,4393,23,6,28,1,15:13:00,
7310,4394,69,2,19,2,12:58:00,
7311,4394,25,2,21,3,13:01:00,
7312,4395,69,1,26,1,11:42:00,
7313,4395,34,2,34,2,11:09:00,
7314,4395,48,1,20,14,12:04:00,
7315,4396,19,8,53,7,15:02:00,
7316,4397,62,1,28,14,15:59:00,
7317,4397,71,4,32,5,16:03:00,
7318,4398,61,3,28,2,12:12:00,
7319,4398,23,8,18,4,11:58:00,
7320,4399,43,7,39,4,10:39:00,
7321,4399,42,7,33,2,10:57:00,
7322,4399,23,5,37,6,10:22:00,
7323,4400,62,6,25,14,13:11:00,
7324,4400,69,6,26,3,12:52:00,
7325,4401,8,2,33,7,16:05:00,
7326,4401,48,6,35,10,16:26:00,
7327,4402,29,7,35,14,11:41:00,
7328,4402,43,4,34,5,11:23:00,
7329,4403,43,7,24,5,17:29:00,
7330,4404,61,2,44,14,12:38:00,
7331,4404,48,1,36,5,12:26:00,
7332,4404,39,4,28,1,12:12:00,
7333,4405,56,3,25,14,12:19:00,
7334,4405,50,7,11,2,12:07:00,
7335,4406,53,3,13,11,15:27:00,
7336,4407,29,5,12,10,12:58:00,
7337,4407,53,7,23,12,12:20:00,
7338,4407,48,2,29,6,13:21:00,
7339,4408,8,3,24,12,14:33:00,
7340,4409,39,2,34,10,14:19:00,
7341,4410,29,5,21,12,13:45:00,
7342,4411,19,6,38,14,10:27:00,
7343,4411,48,8,27,5,10:30:00,
7344,4411,34,7,35,4,10:11:00,
7345,4412,39,6,17,14,14:22:00,
7346,4412,19,1,37,7,14:06:00,
7347,4413,20,5,46,4,16:41:00,
7348,4413,1,1,39,3,15:40:00,
7349,4414,7,4,37,4,15:55:00,
7350,4415,43,3,24,3,11:59:00,
7351,4416,8,4,27,14,16:04:00,
7352,4416,65,6,35,7,15:25:00,
7353,4417,7,6,33,12,11:14:00,
7354,4417,23,1,33,6,10:00:00,
7355,4418,68,5,20,5,09:27:00,
7356,4419,61,6,16,14,14:31:00,
7357,4420,23,8,30,13,10:31:00,
7358,4420,29,6,24,10,10:15:00,
7359,4421,56,2,19,1,15:09:00,
7360,4422,61,5,29,1,10:10:00,
7361,4422,19,2,39,7,10:46:00,
7362,4423,68,1,42,11,16:52:00,
7363,4424,20,7,37,12,13:18:00,
7364,4425,53,2,31,1,16:36:00,
7365,4425,42,3,45,3,16:22:00,
7366,4426,29,8,25,13,10:41:00,
7367,4427,6,2,37,7,14:11:00,
7368,4427,1,3,28,12,14:21:00,
7369,4428,23,2,40,10,15:55:00,
7370,4428,62,8,22,11,14:57:00,
7371,4429,43,2,20,7,14:49:00,
7372,4430,20,5,39,4,15:07:00,
7373,4431,6,5,23,7,15:59:00,
7374,4432,1,2,41,5,16:41:00,
7375,4433,56,3,25,3,12:24:00,
7376,4433,43,7,47,2,11:12:00,
7377,4434,62,7,11,12,15:11:00,
7378,4435,65,5,38,5,11:10:00,
7379,4435,53,5,17,10,11:02:00,
7380,4436,43,2,25,10,16:16:00,
7381,4436,39,5,34,2,16:38:00,
7382,4437,42,1,17,14,16:55:00,
7383,4437,68,2,43,13,16:51:00,
7384,4438,8,7,34,6,15:47:00,
7385,4438,65,3,48,10,14:55:00,
7386,4438,1,7,46,2,14:43:00,
7387,4439,53,4,33,10,12:22:00,
7388,4439,61,5,7,14,13:10:00,
7389,4440,29,8,31,14,12:29:00,
7390,4440,61,2,19,12,12:08:00,
7391,4441,29,8,25,4,15:48:00,
7392,4441,69,2,48,1,15:44:00,
7393,4442,20,2,23,11,11:42:00,
7394,4442,5,6,38,10,12:14:00,
7395,4443,68,1,25,13,15:37:00,
7396,4444,53,7,24,14,15:21:00,
7397,4444,48,2,23,13,15:41:00,
7398,4445,61,6,33,11,13:00:00,
7399,4445,1,4,21,7,12:54:00,
7400,4446,50,4,25,3,15:36:00,
7401,4447,56,1,24,11,17:48:00,
7402,4447,29,4,27,11,17:38:00,
7403,4447,68,7,35,12,18:02:00,
7404,4448,59,5,19,11,14:19:00,
7405,4448,61,6,25,10,14:08:00,
7406,4449,5,3,35,5,15:38:00,
7407,4449,34,7,29,7,16:05:00,
7408,4450,48,4,18,12,17:13:00,
7409,4450,44,8,20,11,15:52:00,
7410,4450,20,5,29,11,17:33:00,
7411,4451,65,3,29,10,10:53:00,
7412,4452,20,2,45,13,15:51:00,
7413,4453,23,6,24,11,11:28:00,
7414,4453,19,1,19,12,11:09:00,
7415,4454,5,2,36,13,16:27:00,
7416,4454,29,2,27,7,16:20:00,
7417,4455,8,1,32,7,14:36:00,
7418,4456,19,7,24,6,15:00:00,
7419,4457,1,8,29,4,11:26:00,
7420,4458,29,1,29,11,11:49:00,
7421,4459,68,5,40,12,11:23:00,
7422,4459,8,4,29,14,10:27:00,
7423,4460,1,2,27,10,14:48:00,
7424,4460,42,7,33,3,14:44:00,
7425,4461,59,5,25,13,09:59:00,
7426,4461,44,8,17,6,09:51:00,
7427,4461,29,7,24,11,10:12:00,
7428,4462,43,3,30,4,15:25:00,
7429,4462,23,2,39,10,15:12:00,
7430,4463,44,1,36,2,10:20:00,
7431,4464,8,3,32,6,12:48:00,
7432,4464,25,2,24,5,12:16:00,
7433,4465,1,4,28,2,14:41:00,
7434,4465,65,2,23,5,14:14:00,
7435,4466,43,3,34,2,15:29:00,
7436,4466,25,5,41,12,15:20:00,
7437,4467,19,4,26,2,13:27:00,
7438,4467,53,4,20,4,14:02:00,
7439,4468,56,4,46,13,11:34:00,
7440,4468,23,1,38,3,11:18:00,
7441,4469,29,6,50,6,12:44:00,
7442,4470,8,3,33,6,10:13:00,
7443,4471,42,4,44,12,16:24:00,
7444,4471,53,8,29,4,16:17:00,
7445,4472,50,6,29,6,12:05:00,
7446,4472,43,7,32,4,12:03:00,
7447,4472,53,7,31,1,12:05:00,
7448,4473,71,7,10,6,15:57:00,
7449,4473,29,8,21,11,16:09:00,
7450,4474,61,4,25,2,13:53:00,
7451,4474,44,2,7,5,14:09:00,
7452,4475,53,3,34,14,14:41:00,
7453,4476,8,8,38,7,11:01:00,
7454,4476,71,1,21,14,10:50:00,
7455,4476,39,3,37,11,10:49:00,
7456,4477,48,4,32,1,13:23:00,
7457,4478,19,6,40,7,16:56:00,
7458,4478,56,1,23,11,17:16:00,
7459,4478,6,5,38,13,17:03:00,
7460,4479,56,1,29,13,14:21:00,
7461,4480,42,5,27,5,09:45:00,
7462,4480,59,3,18,3,10:55:00,
7463,4481,65,5,32,6,17:03:00,
7464,4481,8,3,16,10,17:27:00,
7465,4482,71,1,10,3,13:08:00,
7466,4482,23,2,40,14,12:53:00,
7467,4483,8,2,28,3,15:06:00,
7468,4484,42,6,34,4,12:21:00,
7469,4484,20,4,36,13,12:29:00,
7470,4485,61,5,40,2,16:36:00,
7471,4485,62,7,30,12,17:01:00,
7472,4486,5,5,36,3,15:43:00,
7473,4487,5,3,32,1,09:09:00,
7474,4488,42,1,29,6,10:11:00,
7475,4489,6,1,23,10,10:06:00,
7476,4490,19,2,33,2,10:56:00,
7477,4491,29,8,31,7,10:39:00,
7478,4492,65,5,25,12,14:22:00,
7479,4493,48,8,39,2,10:12:00,
7480,4493,43,5,23,10,10:16:00,
7481,4494,43,1,40,2,10:13:00,
7482,4494,5,6,28,3,11:25:00,
7483,4495,71,8,25,3,12:05:00,
7484,4495,39,4,30,10,12:13:00,
7485,4496,56,2,34,1,11:06:00,
7486,4497,68,3,35,12,10:49:00,
7487,4497,48,8,26,13,10:40:00,
7488,4497,50,1,33,6,10:57:00,
7489,4498,62,3,31,14,16:42:00,
7490,4498,65,7,42,13,16:29:00,
7491,4499,62,8,18,6,16:47:00,
7492,4500,6,8,30,12,11:00:00,
7493,4500,50,2,30,11,10:48:00,
7494,4501,59,4,25,1,15:29:00,
7495,4501,8,8,42,11,15:37:00,
7496,4502,68,5,20,5,11:22:00,
7497,4503,50,5,47,5,13:08:00,
7498,4504,71,4,13,12,09:32:00,
7499,4505,59,8,26,4,16:27:00,
7500,4505,34,2,51,10,16:38:00,
7501,4506,61,6,42,11,14:50:00,
7502,4506,39,6,27,12,14:49:00,
7503,4507,71,3,13,14,11:31:00,
7504,4507,50,5,18,14,11:40:00,
7505,4508,62,5,35,13,09:53:00,
7506,4509,50,2,15,3,15:06:00,
7507,4509,39,1,36,4,16:08:00,
7508,4510,65,8,35,5,12:35:00,
7509,4511,1,8,34,6,13:54:00,
7510,4512,42,2,40,10,10:12:00,
7511,4512,71,4,32,13,11:08:00,
7512,4513,68,8,45,2,13:41:00,
7513,4513,25,3,41,4,13:53:00,
7514,4514,68,4,24,4,12:43:00,
7515,4515,25,6,40,14,11:36:00,
7516,4516,42,5,42,12,16:05:00,
7517,4517,62,7,44,6,11:24:00,
7518,4518,44,6,10,13,15:47:00,
7519,4518,61,8,28,10,16:01:00,
7520,4519,1,4,29,4,17:09:00,
7521,4519,34,7,18,11,16:05:00,
7522,4520,56,7,34,14,15:24:00,
7523,4520,8,3,36,1,15:26:00,
7524,4521,39,4,28,1,14:37:00,
7525,4521,19,4,31,1,15:00:00,
7526,4522,39,1,12,5,11:22:00,
7527,4522,8,6,43,11,11:09:00,
7528,4523,48,4,25,4,16:09:00,
7529,4524,56,6,31,4,13:16:00,
7530,4524,1,6,25,4,13:20:00,
7531,4524,9,4,34,7,12:49:00,
7532,4525,50,8,29,4,13:11:00,
7533,4526,29,6,13,5,12:31:00,
7534,4527,42,6,36,1,11:25:00,
7535,4527,23,5,40,5,11:35:00,
7536,4528,39,4,28,12,12:35:00,
7537,4528,59,8,20,11,13:18:00,
7538,4529,34,2,18,2,18:15:00,
7539,4530,39,4,14,13,14:58:00,
7540,4531,5,3,30,2,15:42:00,
7541,4532,42,7,27,5,12:17:00,
7542,4532,5,1,29,3,12:13:00,
7543,4533,5,2,22,2,11:26:00,
7544,4533,29,8,22,7,11:07:00,
7545,4534,19,7,39,2,09:31:00,
7546,4534,23,3,42,3,10:02:00,
7547,4535,44,8,23,10,17:06:00,
7548,4535,6,5,27,11,16:37:00,
7549,4536,44,5,11,13,18:05:00,
7550,4537,8,1,31,11,11:04:00,
7551,4537,48,7,31,6,11:35:00,
7552,4538,69,3,34,11,11:23:00,
7553,4538,8,6,23,12,11:04:00,
7554,4539,5,6,21,2,13:05:00,
7555,4540,8,8,31,10,13:33:00,
7556,4541,19,8,25,11,16:09:00,
7557,4541,69,2,29,14,16:38:00,
7558,4541,25,3,32,14,16:23:00,
7559,4542,53,2,13,10,16:26:00,
7560,4542,29,1,31,14,16:29:00,
7561,4543,34,2,39,5,11:06:00,
7562,4543,6,3,37,3,11:15:00,
7563,4544,23,1,47,14,16:57:00,
7564,4545,19,7,28,1,16:21:00,
7565,4545,20,5,36,2,17:12:00,
7566,4546,53,6,22,13,13:50:00,
7567,4546,42,7,31,14,15:18:00,
7568,4547,6,2,33,3,15:49:00,
7569,4548,69,6,23,1,16:33:00,
7570,4549,53,8,10,11,09:52:00,
7571,4549,23,1,43,14,10:02:00,
7572,4550,44,1,8,5,13:18:00,
7573,4550,48,2,13,7,13:05:00,
7574,4551,25,1,21,7,15:38:00,
7575,4552,53,3,24,14,17:03:00,
7576,4553,53,2,34,6,14:30:00,
7577,4553,39,4,11,4,14:44:00,
7578,4554,19,4,22,10,12:06:00,
7579,4554,5,2,36,3,12:41:00,
7580,4555,34,5,28,13,10:24:00,
7581,4555,48,7,15,7,11:07:00,
7582,4556,50,6,21,2,15:38:00,
7583,4557,6,2,40,5,16:55:00,
7584,4557,61,3,20,12,18:09:00,
7585,4558,59,3,32,3,12:32:00,
7586,4558,62,2,20,1,12:38:00,
7587,4558,53,4,14,11,12:28:00,
7588,4559,65,2,31,11,10:55:00,
7589,4560,19,6,17,2,14:50:00,
7590,4560,5,5,46,5,15:13:00,
7591,4561,68,3,28,12,14:33:00,
7592,4562,50,4,43,5,11:02:00,
7593,4562,65,4,27,2,09:50:00,
7594,4563,62,6,14,13,15:00:00,
7595,4564,6,8,20,4,09:44:00,
7596,4565,61,1,33,11,14:00:00,
7597,4565,59,6,25,12,14:23:00,
7598,4566,61,7,31,12,17:50:00,
7599,4567,6,3,31,4,17:00:00,
7600,4567,25,4,25,2,17:03:00,
7601,4568,39,5,41,6,12:39:00,
7602,4568,8,8,36,4,12:19:00,
7603,4569,23,4,25,12,12:21:00,
7604,4569,25,2,21,10,12:43:00,
7605,4570,1,4,27,1,12:32:00,
7606,4570,6,2,49,2,12:32:00,
7607,4571,42,8,19,13,16:06:00,
7608,4571,6,2,31,12,15:14:00,
7609,4572,65,2,22,5,09:20:00,
7610,4573,8,2,24,6,15:34:00,
7611,4573,43,5,27,12,15:51:00,
7612,4574,19,2,29,1,09:56:00,
7613,4575,62,6,18,4,14:24:00,
7614,4576,39,2,38,7,11:36:00,
7615,4577,20,6,33,2,10:17:00,
7616,4578,1,5,48,5,11:02:00,
7617,4579,23,5,34,5,11:56:00,
7618,4579,56,4,26,13,11:09:00,
7619,4579,62,2,29,4,11:26:00,
7620,4580,42,1,36,12,17:53:00,
7621,4580,65,5,24,6,17:12:00,
7622,4581,6,3,35,13,15:28:00,
7623,4581,5,7,47,4,15:27:00,
7624,4582,43,3,32,11,13:41:00,
7625,4583,56,2,26,4,11:35:00,
7626,4584,29,7,20,10,11:14:00,
7627,4584,34,2,24,5,11:02:00,
7628,4585,48,8,28,5,12:16:00,
7629,4585,25,1,20,12,12:32:00,
7630,4586,25,7,27,4,16:50:00,
7631,4587,39,3,29,2,11:36:00,
7632,4587,19,3,44,6,11:23:00,
7633,4588,44,8,23,13,09:22:00,
7634,4588,29,2,35,10,10:02:00,
7635,4589,44,4,6,4,16:22:00,
7636,4590,65,2,30,12,14:12:00,
7637,4590,20,3,38,5,13:31:00,
7638,4590,9,3,33,3,13:20:00,
7639,4591,20,5,34,11,15:03:00,
7640,4592,19,5,28,11,15:04:00,
7641,4592,69,7,43,11,14:59:00,
7642,4593,61,4,22,13,12:31:00,
7643,4593,6,6,21,6,11:39:00,
7644,4594,68,1,32,6,14:53:00,
7645,4595,19,2,30,6,11:11:00,
7646,4596,50,3,33,14,13:16:00,
7647,4596,39,4,25,11,13:16:00,
7648,4597,29,8,34,7,13:20:00,
7649,4598,25,7,28,3,09:50:00,
7650,4598,29,4,33,4,09:13:00,
7651,4599,65,7,19,13,12:24:00,
7652,4599,69,3,34,12,12:22:00,
7653,4600,7,7,29,4,17:22:00,
7654,4600,48,6,22,2,17:23:00,
7655,4601,8,3,37,3,11:01:00,
7656,4601,59,4,28,6,11:03:00,
7657,4602,23,6,50,11,10:20:00,
7658,4603,9,1,37,2,14:16:00,
7659,4603,62,1,19,1,14:21:00,
7660,4603,34,8,21,4,13:59:00,
7661,4604,62,4,23,3,16:28:00,
7662,4604,25,5,17,3,16:30:00,
7663,4605,29,3,34,6,13:41:00,
7664,4605,8,7,26,5,14:08:00,
7665,4605,39,6,29,11,12:54:00,
7666,4606,44,6,6,3,14:33:00,
7667,4606,42,6,46,14,14:31:00,
7668,4607,7,2,41,10,12:06:00,
7669,4608,43,7,25,4,14:46:00,
7670,4608,69,5,34,1,15:01:00,
7671,4609,61,7,25,5,10:22:00,
7672,4610,65,5,25,2,13:53:00,
7673,4611,29,8,32,3,10:49:00,
7674,4611,20,8,21,11,11:01:00,
7675,4612,5,2,37,5,11:15:00,
7676,4612,7,7,38,13,12:25:00,
7677,4613,56,3,23,1,17:54:00,
7678,4613,61,4,30,10,16:29:00,
7679,4613,42,2,32,7,17:24:00,
7680,4614,29,5,26,2,16:33:00,
7681,4615,34,4,42,14,15:32:00,
7682,4615,25,1,22,10,14:52:00,
7683,4616,68,6,22,2,13:54:00,
7684,4617,5,4,23,11,10:30:00,
7685,4618,1,8,33,14,13:09:00,
7686,4619,61,5,23,2,14:06:00,
7687,4619,71,2,8,5,13:51:00,
7688,4620,43,5,41,2,12:47:00,
7689,4621,6,3,15,10,13:52:00,
7690,4621,43,8,43,1,14:28:00,
7691,4622,59,1,24,10,11:11:00,
7692,4623,20,7,26,12,17:56:00,
7693,4624,20,3,27,7,14:35:00,
7694,4625,53,5,18,10,12:24:00,
7695,4625,62,3,36,2,12:05:00,
7696,4626,62,5,5,3,14:37:00,
7697,4626,25,6,46,13,14:56:00,
7698,4627,69,7,34,10,17:54:00,
7699,4628,59,2,24,11,15:08:00,
7700,4629,50,3,18,7,17:35:00,
7701,4629,53,5,37,1,16:53:00,
7702,4630,20,1,38,13,16:18:00,
7703,4631,50,4,28,12,17:11:00,
7704,4631,8,4,20,7,16:28:00,
7705,4632,62,1,27,6,10:33:00,
7706,4632,56,7,27,7,10:36:00,
7707,4632,43,2,37,2,09:50:00,
7708,4633,50,1,24,10,15:35:00,
7709,4633,34,2,51,1,15:50:00,
7710,4634,29,4,25,13,14:07:00,
7711,4634,59,7,14,3,14:54:00,
7712,4635,61,6,37,12,10:15:00,
7713,4636,43,6,48,7,14:23:00,
7714,4636,62,4,18,5,15:31:00,
7715,4637,48,3,12,6,09:37:00,
7716,4637,34,1,25,3,10:50:00,
7717,4638,59,4,28,11,14:06:00,
7718,4639,20,3,33,5,16:21:00,
7719,4639,48,6,30,1,15:54:00,
7720,4640,9,7,9,4,09:40:00,
7721,4641,44,6,19,14,13:05:00,
7722,4641,25,8,35,3,13:01:00,
7723,4642,1,3,22,11,10:25:00,
7724,4642,5,8,34,6,10:27:00,
7725,4643,65,6,31,10,15:14:00,
7726,4644,53,3,18,3,15:13:00,
7727,4645,65,6,26,10,10:09:00,
7728,4646,23,3,42,7,15:53:00,
7729,4646,34,3,35,12,16:08:00,
7730,4647,5,3,49,11,11:15:00,
7731,4648,39,8,19,1,11:49:00,
7732,4649,61,5,22,6,15:06:00,
7733,4649,43,1,23,2,16:21:00,
7734,4649,39,4,20,13,15:18:00,
7735,4650,69,3,27,6,15:49:00,
7736,4651,68,6,37,1,11:44:00,
7737,4652,50,7,29,7,12:16:00,
7738,4652,1,2,37,5,11:56:00,
7739,4653,65,7,43,10,17:32:00,
7740,4653,39,3,22,4,17:36:00,
7741,4654,42,2,32,5,10:39:00,
7742,4654,8,5,29,3,10:33:00,
7743,4655,1,4,25,1,14:38:00,
7744,4655,65,1,37,3,15:29:00,
7745,4656,68,1,33,1,16:59:00,
7746,4657,50,5,40,11,10:43:00,
7747,4657,34,7,43,5,11:02:00,
7748,4657,6,4,49,4,11:11:00,
7749,4658,39,3,27,3,15:39:00,
7750,4658,43,8,43,11,15:25:00,
7751,4659,44,1,8,2,15:38:00,
7752,4659,39,4,19,1,15:38:00,
7753,4660,29,5,21,11,14:05:00,
7754,4661,29,1,32,4,18:05:00,
7755,4661,42,6,33,12,16:53:00,
7756,4662,62,4,21,5,15:24:00,
7757,4662,71,4,12,11,16:46:00,
7758,4663,8,7,26,10,14:01:00,
7759,4664,9,8,27,1,10:56:00,
7760,4665,8,7,22,12,09:34:00,
7761,4665,1,1,25,2,09:28:00,
7762,4666,42,5,41,2,14:03:00,
7763,4666,68,7,24,1,14:11:00,
7764,4666,59,4,21,3,14:40:00,
7765,4667,29,6,33,3,17:21:00,
7766,4667,19,2,25,5,17:37:00,
7767,4667,56,6,27,3,17:09:00,
7768,4668,48,3,20,14,16:22:00,
7769,4669,5,7,37,10,14:36:00,
7770,4669,65,7,33,14,14:38:00,
7771,4670,5,8,28,7,10:37:00,
7772,4671,50,7,39,1,15:28:00,
7773,4672,61,7,25,13,11:56:00,
7774,4672,20,3,37,2,12:46:00,
7775,4673,56,3,29,13,10:12:00,
7776,4673,29,5,8,10,10:11:00,
7777,4674,53,5,28,7,11:24:00,
7778,4674,71,6,25,5,11:06:00,
7779,4675,6,3,28,5,15:37:00,
7780,4676,25,5,31,3,12:41:00,
7781,4676,59,1,19,4,12:03:00,
7782,4676,39,4,22,2,12:07:00,
7783,4677,61,1,27,13,09:53:00,
7784,4677,71,6,8,1,10:08:00,
7785,4678,53,7,26,4,15:12:00,
7786,4678,48,6,32,12,15:11:00,
7787,4679,9,3,35,3,11:02:00,
7788,4680,44,4,19,11,14:42:00,
7789,4680,50,7,33,13,14:49:00,
7790,4681,5,7,34,1,14:14:00,
7791,4682,44,1,27,11,11:48:00,
7792,4682,20,2,29,10,11:38:00,
7793,4682,56,4,23,4,11:45:00,
7794,4683,69,8,20,1,17:25:00,
7795,4683,50,8,27,6,16:29:00,
7796,4683,9,8,14,6,16:51:00,
7797,4684,56,3,26,4,15:06:00,
7798,4685,9,2,30,3,09:21:00,
7799,4686,65,5,25,13,17:55:00,
7800,4687,43,8,27,2,16:59:00,
7801,4687,53,6,13,1,15:53:00,
7802,4687,65,2,30,1,16:34:00,
7803,4688,23,3,49,7,15:05:00,
7804,4689,71,8,26,2,10:14:00,
7805,4689,39,4,37,2,10:31:00,
7806,4690,29,1,20,14,09:21:00,
7807,4690,19,4,48,14,09:22:00,
7808,4691,50,3,29,10,10:55:00,
7809,4691,34,8,41,3,10:02:00,
7810,4692,42,6,44,4,15:43:00,
7811,4692,20,1,41,11,16:09:00,
7812,4693,29,2,23,5,17:08:00,
7813,4694,1,6,39,14,17:37:00,
7814,4695,48,2,20,5,13:27:00,
7815,4695,61,4,25,2,13:12:00,
7816,4696,19,8,38,11,11:03:00,
7817,4696,50,6,28,14,10:52:00,
7818,4697,6,2,28,6,18:21:00,
7819,4697,53,3,16,12,17:45:00,
7820,4698,56,6,29,4,14:48:00,
7821,4699,65,7,43,12,10:26:00,
7822,4699,5,6,30,13,10:27:00,
7823,4700,29,6,34,7,15:19:00,
7824,4700,25,1,39,2,14:37:00,
7825,4701,53,8,23,1,15:01:00,
7826,4702,62,7,25,2,14:55:00,
7827,4702,6,7,32,7,15:08:00,
7828,4702,9,7,38,2,14:54:00,
7829,4703,50,4,17,1,09:14:00,
7830,4703,65,8,29,7,09:29:00,
7831,4704,48,6,15,7,14:38:00,
7832,4705,39,7,46,13,11:36:00,
7833,4705,43,6,48,5,11:15:00,
7834,4706,61,7,24,6,16:44:00,
7835,4706,62,5,25,10,16:51:00,
7836,4706,68,1,40,12,16:54:00,
7837,4707,69,1,31,12,14:07:00,
7838,4707,62,4,23,13,14:30:00,
7839,4708,5,8,36,7,15:21:00,
7840,4709,56,6,24,11,17:09:00,
7841,4709,1,4,35,13,17:01:00,
7842,4710,44,6,21,5,13:15:00,
7843,4710,56,7,31,7,12:06:00,
7844,4711,62,7,19,13,10:46:00,
7845,4712,23,2,37,4,14:32:00,
7846,4712,9,6,26,3,14:32:00,
7847,4712,6,3,24,13,13:36:00,
7848,4713,6,6,41,11,12:29:00,
7849,4714,25,3,38,7,16:48:00,
7850,4714,43,2,42,14,16:39:00,
7851,4714,65,2,29,12,16:48:00,
7852,4715,1,6,39,2,10:44:00,
7853,4716,9,2,37,4,10:39:00,
7854,4716,71,1,15,2,10:53:00,
7855,4717,61,2,29,12,15:08:00,
7856,4717,43,5,35,12,15:01:00,
7857,4718,68,7,34,5,12:39:00,
7858,4718,61,2,38,7,12:27:00,
7859,4718,53,2,14,2,12:38:00,
7860,4719,68,1,18,10,12:24:00,
7861,4720,34,3,38,1,17:11:00,
7862,4720,69,5,31,1,16:31:00,
7863,4721,1,7,12,3,12:23:00,
7864,4722,53,3,10,14,13:55:00,
7865,4722,56,8,29,10,14:19:00,
7866,4722,29,8,23,14,14:06:00,
7867,4723,1,6,40,2,13:06:00,
7868,4724,23,2,44,2,09:39:00,
7869,4725,20,6,25,2,13:44:00,
7870,4726,6,5,41,14,16:00:00,
7871,4727,56,4,30,13,15:35:00,
7872,4727,42,7,25,14,15:05:00,
7873,4728,53,5,29,13,12:37:00,
7874,4728,23,2,50,3,12:35:00,
7875,4728,65,1,33,6,12:52:00,
7876,4729,7,8,37,11,11:09:00,
7877,4730,6,1,33,2,15:35:00,
7878,4730,1,7,20,2,15:14:00,
7879,4731,50,5,32,14,10:52:00,
7880,4731,8,8,29,7,10:53:00,
7881,4731,5,5,32,11,10:40:00,
7882,4732,42,6,42,10,15:16:00,
7883,4732,7,3,30,10,15:24:00,
7884,4732,65,7,31,4,15:41:00,
7885,4733,1,6,19,1,09:53:00,
7886,4733,53,4,39,13,10:52:00,
7887,4734,5,4,40,6,10:20:00,
7888,4735,48,8,19,3,14:47:00,
7889,4736,6,5,48,7,12:59:00,
7890,4737,69,7,36,12,09:46:00,
7891,4737,59,5,20,7,09:48:00,
7892,4737,43,6,35,2,09:56:00,
7893,4738,71,4,5,4,10:13:00,
7894,4738,50,4,26,1,09:48:00,
7895,4739,1,4,45,12,13:53:00,
7896,4739,65,1,29,11,14:20:00,
7897,4740,6,1,27,1,13:30:00,
7898,4741,71,7,20,11,11:55:00,
7899,4742,5,2,34,3,09:22:00,
7900,4743,42,6,30,1,10:34:00,
7901,4744,48,5,11,1,16:57:00,
7902,4744,23,7,40,1,17:22:00,
7903,4745,53,7,25,5,13:26:00,
7904,4745,19,3,25,11,13:16:00,
7905,4745,56,4,16,11,12:38:00,
7906,4746,53,7,22,14,12:33:00,
7907,4747,62,4,19,11,17:16:00,
7908,4747,1,3,40,4,16:37:00,
7909,4748,43,4,47,5,12:24:00,
7910,4748,20,6,33,5,11:53:00,
7911,4749,9,5,35,14,16:02:00,
7912,4750,43,8,30,11,11:05:00,
7913,4750,59,7,21,7,10:07:00,
7914,4751,9,3,18,6,13:08:00,
7915,4751,39,2,40,13,13:01:00,
7916,4752,39,3,42,5,11:50:00,
7917,4752,1,8,39,10,12:00:00,
7918,4752,59,5,26,10,11:26:00,
7919,4753,39,3,29,7,11:01:00,
7920,4753,43,8,22,1,11:33:00,
7921,4754,56,1,27,10,11:37:00,
7922,4755,39,7,39,5,12:00:00,
7923,4756,50,1,33,1,15:16:00,
7924,4756,5,8,29,14,15:05:00,
7925,4756,71,3,21,7,15:09:00,
7926,4757,61,3,20,14,12:58:00,
7927,4757,43,2,32,14,12:47:00,
7928,4758,44,1,10,7,11:15:00,
7929,4759,42,7,46,3,12:38:00,
7930,4759,61,5,21,3,13:28:00,
7931,4760,56,1,25,13,10:25:00,
7932,4761,59,6,23,13,13:44:00,
7933,4761,43,1,40,1,13:36:00,
7934,4761,56,5,21,3,14:21:00,
7935,4762,56,4,32,4,14:30:00,
7936,4763,25,1,23,10,15:25:00,
7937,4764,50,4,29,12,09:38:00,
7938,4764,43,3,25,1,09:22:00,
7939,4765,43,8,45,5,14:40:00,
7940,4765,71,7,13,4,14:26:00,
7941,4766,62,4,33,6,16:01:00,
7942,4767,59,6,36,10,13:45:00,
7943,4767,50,3,32,1,13:43:00,
7944,4768,56,8,45,13,16:55:00,
7945,4769,23,1,24,3,14:20:00,
7946,4769,61,2,29,13,15:39:00,
7947,4769,44,8,23,3,14:25:00,
7948,4770,5,8,35,2,09:33:00,
7949,4770,50,2,44,12,09:54:00,
7950,4770,43,2,30,4,09:41:00,
7951,4771,71,2,32,1,10:51:00,
7952,4771,59,1,27,12,11:23:00,
7953,4772,1,1,39,4,12:08:00,
7954,4773,65,5,35,14,14:24:00,
7955,4773,48,8,21,5,14:31:00,
7956,4774,68,1,22,2,14:36:00,
7957,4775,8,4,29,7,13:32:00,
7958,4776,69,2,35,12,12:49:00,
7959,4777,68,3,16,3,10:32:00,
7960,4777,48,6,5,13,10:37:00,
7961,4778,71,1,17,1,15:32:00,
7962,4778,61,5,29,6,15:57:00,
7963,4779,5,1,51,4,09:51:00,
7964,4780,39,7,26,12,10:00:00,
7965,4781,25,2,23,1,16:40:00,
7966,4782,8,1,37,5,11:30:00,
7967,4783,59,8,13,11,13:07:00,
7968,4783,53,1,39,1,13:25:00,
7969,4783,68,3,21,2,13:21:00,
7970,4784,19,6,24,12,16:50:00,
7971,4784,69,6,26,4,16:27:00,
7972,4784,25,5,29,14,16:55:00,
7973,4785,20,7,32,11,16:07:00,
7974,4786,5,2,38,11,12:38:00,
7975,4787,69,7,27,7,15:03:00,
7976,4788,19,6,49,3,16:10:00,
7977,4789,48,7,24,10,15:17:00,
7978,4789,59,6,27,6,16:07:00,
7979,4789,5,8,35,4,15:20:00,
7980,4790,69,8,37,10,17:13:00,
7981,4790,53,4,21,2,17:10:00,
7982,4791,44,3,14,4,18:39:00,
7983,4792,39,3,34,4,11:43:00,
7984,4793,5,7,43,6,10:57:00,
7985,4793,69,5,18,10,10:43:00,
7986,4793,68,3,36,14,10:41:00,
7987,4794,39,4,29,10,12:13:00,
7988,4795,71,6,18,10,10:19:00,
7989,4795,23,8,42,12,09:46:00,
7990,4795,5,5,34,1,10:21:00,
7991,4796,25,6,25,2,10:10:00,
7992,4796,68,3,36,13,10:10:00,
7993,4797,9,8,18,3,15:33:00,
7994,4798,53,7,17,13,12:18:00,
7995,4799,65,4,38,2,11:26:00,
7996,4799,23,7,25,12,10:59:00,
7997,4800,8,2,16,14,15:16:00,
7998,4801,9,5,20,14,09:05:00,
7999,4801,20,5,37,1,09:50:00,
8000,4802,53,3,38,2,16:26:00,
8001,4802,56,4,27,3,16:05:00,
8002,4803,29,2,21,14,11:32:00,
8003,4804,62,7,24,4,14:47:00,
8004,4804,34,1,39,7,15:26:00,
8005,4804,9,8,26,1,14:44:00,
8006,4805,42,8,24,4,15:41:00,
8007,4805,39,6,24,3,15:26:00,
8008,4805,23,5,35,4,15:42:00,
8009,4806,65,6,30,6,12:48:00,
8010,4807,61,1,34,1,11:18:00,
8011,4807,5,4,30,10,11:20:00,
8012,4807,44,8,9,3,11:07:00,
8013,4808,44,8,30,12,16:01:00,
8014,4809,48,1,23,2,17:11:00,
8015,4810,8,6,40,6,11:53:00,
8016,4810,61,2,49,5,11:42:00,
8017,4810,44,6,18,3,11:29:00,
8018,4811,6,4,34,4,10:24:00,
8019,4811,39,6,27,12,10:27:00,
8020,4812,29,7,38,3,16:17:00,
8021,4813,62,1,37,4,13:55:00,
8022,4814,43,3,27,12,12:49:00,
8023,4814,62,1,19,14,13:08:00,
8024,4815,44,8,24,10,10:55:00,
8025,4815,50,6,37,3,11:29:00,
8026,4816,6,8,28,12,13:59:00,
8027,4817,50,5,26,7,14:31:00,
8028,4818,61,2,43,1,14:19:00,
8029,4818,23,5,36,13,14:24:00,
8030,4819,9,1,23,13,15:27:00,
8031,4820,34,4,38,2,09:59:00,
8032,4820,8,3,31,3,10:06:00,
8033,4820,39,2,37,3,10:20:00,
8034,4821,68,2,28,6,09:39:00,
8035,4822,23,8,34,7,12:27:00,
8036,4822,68,8,27,10,12:07:00,
8037,4823,71,2,20,14,13:37:00,
8038,4823,29,5,28,6,13:49:00,
8039,4824,9,1,29,13,15:32:00,
8040,4824,29,3,18,2,14:47:00,
8041,4825,69,2,9,1,14:54:00,
8042,4825,34,2,39,7,15:24:00,
8043,4826,61,1,34,3,13:44:00,
8044,4827,61,7,26,6,10:28:00,
8045,4827,9,1,15,2,10:19:00,
8046,4827,6,3,31,2,10:42:00,
8047,4828,25,2,42,13,11:19:00,
8048,4828,69,6,29,7,11:37:00,
8049,4829,39,5,33,12,12:57:00,
8050,4830,62,6,35,7,14:31:00,
8051,4830,61,8,33,7,14:30:00,
8052,4831,69,8,45,6,13:24:00,
8053,4832,65,4,48,5,15:37:00,
8054,4833,48,8,22,10,16:36:00,
8055,4834,39,6,24,14,15:59:00,
8056,4834,65,7,39,2,16:02:00,
8057,4835,59,4,25,10,12:39:00,
8058,4835,8,6,24,7,13:35:00,
8059,4836,42,4,39,2,10:35:00,
8060,4836,1,3,33,4,10:43:00,
8061,4837,20,8,36,11,11:50:00,
8062,4838,20,7,36,1,13:47:00,
8063,4838,53,8,31,13,13:48:00,
8064,4838,34,3,30,5,13:09:00,
8065,4839,25,3,37,3,09:31:00,
8066,4839,39,3,32,14,09:21:00,
8067,4840,23,3,31,12,10:45:00,
8068,4840,6,7,31,12,10:22:00,
8069,4841,61,1,15,6,11:10:00,
8070,4842,56,1,40,5,14:22:00,
8071,4842,8,2,34,11,13:11:00,
8072,4843,50,5,38,13,10:51:00,
8073,4843,53,8,28,6,09:39:00,
8074,4843,5,6,27,2,10:43:00,
8075,4844,68,7,27,11,16:18:00,
8076,4844,6,5,28,13,16:05:00,
8077,4845,42,4,19,11,15:15:00,
8078,4846,68,5,41,13,15:28:00,
8079,4847,56,4,31,1,12:22:00,
8080,4848,29,5,35,7,17:17:00,
8081,4848,61,8,41,11,17:07:00,
8082,4848,1,7,44,14,17:34:00,
8083,4849,71,3,15,14,15:38:00,
8084,4850,59,4,21,14,14:36:00,
8085,4850,68,7,50,11,14:07:00,
8086,4851,9,6,11,1,16:09:00,
8087,4852,6,2,37,4,16:55:00,
8088,4853,39,2,31,11,15:17:00,
8089,4854,29,8,21,3,15:55:00,
8090,4855,20,6,45,7,12:54:00,
8091,4856,6,4,22,11,09:41:00,
8092,4856,19,2,36,11,09:48:00,
8093,4857,53,6,26,11,15:13:00,
8094,4858,59,5,24,13,15:06:00,
8095,4858,6,5,21,13,15:09:00,
8096,4859,56,1,34,10,11:26:00,
8097,4860,34,7,41,12,16:44:00,
8098,4861,71,2,5,5,12:43:00,
8099,4861,59,1,27,10,12:44:00,
8100,4862,61,1,34,11,16:06:00,
8101,4862,48,4,12,6,16:15:00,
8102,4863,25,5,24,3,17:55:00,
8103,4864,44,7,20,10,14:49:00,
8104,4865,8,4,31,3,11:53:00,
8105,4866,6,2,31,5,14:03:00,
8106,4866,69,5,34,2,13:43:00,
8107,4867,8,5,34,6,13:11:00,
8108,4868,62,3,40,6,12:35:00,
8109,4869,25,2,40,6,13:12:00,
8110,4870,65,6,24,1,13:24:00,
8111,4870,20,6,35,6,14:16:00,
8112,4871,61,5,11,14,10:30:00,
8113,4872,64,3,26,2,16:11:00,
8114,4873,62,6,21,6,13:44:00,
8115,4874,1,3,30,7,11:58:00,
8116,4875,19,8,25,2,16:34:00,
8117,4875,62,7,30,13,17:12:00,
8118,4876,5,8,43,2,11:54:00,
8119,4877,23,5,34,11,10:39:00,
8120,4878,23,7,45,4,15:29:00,
8121,4879,68,2,36,7,14:20:00,
8122,4879,7,8,19,2,14:22:00,
8123,4880,39,2,29,1,10:33:00,
8124,4880,9,3,15,4,10:43:00,
8125,4880,68,3,28,6,10:48:00,
8126,4881,7,2,34,10,15:18:00,
8127,4882,44,4,24,10,09:30:00,
8128,4882,19,1,35,11,09:37:00,
8129,4882,48,2,30,1,09:32:00,
8130,4883,59,7,17,14,14:18:00,
8131,4883,9,3,30,5,13:40:00,
8132,4883,71,5,18,14,14:44:00,
8133,4884,5,1,44,12,11:40:00,
8134,4885,6,1,51,5,12:41:00,
8135,4885,62,4,17,7,12:31:00,
8136,4885,42,4,37,1,12:24:00,
8137,4886,71,4,35,10,11:12:00,
8138,4887,42,6,25,14,15:51:00,
8139,4888,62,8,15,14,12:07:00,
8140,4889,34,4,25,4,14:42:00,
8141,4889,19,5,39,11,15:22:00,
8142,4890,19,1,35,1,15:50:00,
8143,4890,65,8,40,5,16:50:00,
8144,4890,39,3,15,12,16:05:00,
8145,4891,34,6,32,10,13:35:00,
8146,4892,8,4,37,4,10:52:00,
8147,4892,59,6,13,10,10:02:00,
8148,4893,1,3,28,10,16:06:00,
8149,4894,42,2,42,13,12:28:00,
8150,4894,23,2,37,6,13:19:00,
8151,4895,9,6,22,11,14:57:00,
8152,4895,64,4,31,11,15:08:00,
8153,4895,48,2,37,10,15:30:00,
8154,4896,65,3,31,7,15:11:00,
8155,4897,69,8,32,3,11:54:00,
8156,4898,19,4,28,11,16:57:00,
8157,4899,29,5,36,1,09:58:00,
8158,4900,62,4,23,13,10:50:00,
8159,4900,29,7,45,7,10:07:00,
8160,4901,9,3,32,5,18:03:00,
8161,4901,53,7,33,5,17:53:00,
8162,4902,6,1,33,3,15:36:00,
8163,4903,69,5,38,6,11:13:00,
8164,4904,69,6,37,3,17:16:00,
8165,4904,62,3,15,10,17:20:00,
8166,4905,68,8,22,11,15:40:00,
8167,4905,5,4,26,14,16:15:00,
8168,4906,8,7,28,10,13:28:00,
8169,4907,1,5,50,4,15:20:00,
8170,4908,56,2,29,14,14:37:00,
8171,4909,50,3,31,11,13:29:00,
8172,4909,62,8,35,10,13:18:00,
8173,4910,1,8,30,3,13:30:00,
8174,4911,65,2,42,12,10:06:00,
8175,4911,50,4,37,7,09:57:00,
8176,4912,59,5,16,7,14:26:00,
8177,4913,23,1,22,5,12:54:00,
8178,4913,5,3,27,3,12:20:00,
8179,4913,53,2,19,5,12:48:00,
8180,4914,64,7,20,5,10:04:00,
8181,4915,65,8,34,6,11:03:00,
8182,4916,44,5,29,2,15:25:00,
8183,4916,68,4,36,1,15:21:00,
8184,4917,50,6,10,13,15:32:00,
8185,4917,65,5,41,11,15:06:00,
8186,4918,43,2,28,10,09:43:00,
8187,4918,62,3,20,6,09:56:00,
8188,4919,65,4,33,5,11:26:00,
8189,4919,7,8,50,10,11:29:00,
8190,4920,71,1,21,3,14:43:00,
8191,4921,1,5,36,5,13:33:00,
8192,4922,50,4,17,4,10:51:00,
8193,4923,65,2,30,10,13:39:00,
8194,4924,23,3,48,12,11:02:00,
8195,4925,55,5,26,7,13:04:00,
8196,4926,20,8,38,13,15:29:00,
8197,4926,8,3,25,13,15:51:00,
8198,4927,69,6,32,6,16:50:00,
8199,4927,62,8,23,7,16:44:00,
8200,4927,43,6,30,13,17:07:00,
8201,4928,34,6,34,11,17:09:00,
8202,4929,44,5,19,5,17:07:00,
8203,4929,25,2,27,14,16:48:00,
8204,4930,6,2,33,3,17:45:00,
8205,4931,68,1,35,4,17:36:00,
8206,4931,56,1,23,13,16:57:00,
8207,4932,68,8,30,7,10:17:00,
8208,4933,69,4,28,14,10:38:00,
8209,4934,6,1,28,14,16:20:00,
8210,4934,25,4,29,4,16:19:00,
8211,4935,72,7,31,14,14:32:00,
8212,4936,9,1,27,2,10:28:00,
8213,4937,68,7,29,6,16:12:00,
8214,4937,39,1,28,3,15:46:00,
8215,4938,48,4,17,7,09:28:00,
8216,4939,42,6,48,5,12:40:00,
8217,4940,48,8,22,13,13:30:00,
8218,4940,72,3,36,6,14:07:00,
8219,4941,34,7,26,4,15:01:00,
8220,4942,29,2,41,3,12:02:00,
8221,4942,68,2,23,6,11:56:00,
8222,4942,6,8,28,2,11:38:00,
8223,4943,65,4,33,2,16:14:00,
8224,4943,48,5,19,1,15:38:00,
8225,4943,61,6,27,2,16:32:00,
8226,4944,62,7,26,7,10:16:00,
8227,4944,39,1,20,7,10:06:00,
8228,4944,19,3,27,6,10:40:00,
8229,4945,64,7,13,7,14:42:00,
8230,4945,71,2,25,2,14:35:00,
8231,4945,34,6,29,10,14:10:00,
8232,4946,69,7,20,11,10:06:00,
8233,4947,19,2,20,11,12:23:00,
8234,4947,69,2,42,4,13:04:00,
8235,4948,34,5,40,3,12:49:00,
8236,4948,59,4,39,12,12:00:00,
8237,4949,42,1,28,14,16:25:00,
8238,4950,72,5,28,12,11:01:00,
8239,4951,56,6,33,14,10:40:00,
8240,4952,69,3,36,10,16:59:00,
8241,4953,48,5,23,5,10:02:00,
8242,4953,59,7,29,2,09:52:00,
8243,4954,9,5,27,2,11:17:00,
8244,4954,25,5,27,2,11:12:00,
8245,4955,55,6,21,13,15:18:00,
8246,4956,65,4,32,1,13:36:00,
8247,4956,50,7,20,11,13:06:00,
8248,4957,72,2,24,4,11:23:00,
8249,4957,25,8,36,6,11:19:00,
8250,4957,6,1,31,10,11:15:00,
8251,4958,25,1,37,1,16:23:00,
8252,4959,39,5,24,12,15:06:00,
8253,4960,23,6,26,10,14:00:00,
8254,4960,64,6,35,6,14:39:00,
8255,4961,8,3,37,13,13:37:00,
8256,4962,59,8,36,14,10:33:00,
8257,4962,72,4,22,1,10:28:00,
8258,4963,62,4,28,5,14:09:00,
8259,4963,39,4,24,13,13:44:00,
8260,4964,50,4,20,12,14:52:00,
8261,4965,69,4,22,14,15:17:00,
8262,4965,71,7,20,4,14:50:00,
8263,4965,53,2,15,2,15:02:00,
8264,4966,39,1,26,10,15:12:00,
8265,4966,19,1,35,13,14:43:00,
8266,4967,65,1,38,6,16:58:00,
8267,4967,61,8,35,11,16:54:00,
8268,4968,71,7,23,7,12:00:00,
8269,4968,43,8,49,13,12:00:00,
8270,4969,50,8,19,6,13:39:00,
8271,4969,71,8,31,11,13:58:00,
8272,4970,20,1,40,2,11:47:00,
8273,4971,23,3,29,6,14:55:00,
8274,4971,48,2,20,7,14:45:00,
8275,4971,29,3,22,4,14:57:00,
8276,4972,8,4,33,11,16:40:00,
8277,4972,23,2,48,6,16:37:00,
8278,4973,6,6,38,4,15:15:00,
8279,4973,56,5,42,4,15:54:00,
8280,4973,1,2,49,14,15:50:00,
8281,4974,64,4,26,11,14:54:00,
8282,4975,42,8,34,10,13:59:00,
8283,4976,8,6,24,7,13:29:00,
8284,4976,42,4,32,4,13:23:00,
8285,4976,34,1,38,4,13:28:00,
8286,4977,53,3,27,4,12:17:00,
8287,4978,55,2,19,5,13:54:00,
8288,4978,39,7,23,4,12:54:00,
8289,4978,69,6,26,4,12:56:00,
8290,4979,64,4,19,12,16:11:00,
8291,4979,20,3,34,4,16:55:00,
8292,4980,72,1,30,10,15:05:00,
8293,4981,71,1,18,14,09:45:00,
8294,4982,48,3,38,2,15:31:00,
8295,4983,71,4,23,3,10:33:00,
8296,4983,7,5,18,6,10:25:00,
8297,4984,29,7,49,3,13:12:00,
8298,4985,61,4,39,1,14:52:00,
8299,4985,62,7,37,4,15:23:00,
8300,4986,55,6,32,4,14:06:00,
8301,4986,19,4,34,5,14:10:00,
8302,4987,5,8,20,5,11:07:00,
8303,4988,61,7,21,2,14:52:00,
8304,4989,42,3,46,6,10:15:00,
8305,4990,69,5,26,12,13:11:00,
8306,4990,34,6,22,11,13:23:00,
8307,4991,8,2,19,4,10:08:00,
8308,4992,42,1,33,10,11:05:00,
8309,4993,23,3,27,5,12:59:00,
8310,4994,43,8,27,7,10:00:00,
8311,4995,62,2,18,13,13:49:00,
8312,4995,23,5,41,6,13:20:00,
8313,4996,53,1,37,4,17:09:00,
8314,4997,71,5,34,10,12:00:00,
8315,4998,72,2,24,13,09:38:00,
8316,4999,29,3,24,7,11:46:00,
8317,4999,34,4,35,3,11:11:00,
8318,5000,5,8,23,3,15:36:00,
8319,5001,34,6,24,7,10:56:00,
8320,5001,19,2,32,7,11:25:00,
8321,5002,29,1,25,11,10:31:00,
8322,5003,64,3,29,2,10:43:00,
8323,5004,50,4,21,14,11:46:00,
8324,5004,23,5,27,1,12:18:00,
8325,5005,59,8,7,11,14:23:00,
8326,5006,65,8,30,2,14:09:00,
8327,5006,59,4,37,13,14:16:00,
8328,5007,39,6,25,10,09:57:00,
8329,5008,62,1,21,6,12:51:00,
8330,5008,42,2,34,2,12:40:00,
8331,5008,50,2,23,2,12:56:00,
8332,5009,5,5,45,10,11:45:00,
8333,5009,19,6,27,13,10:47:00,
8334,5009,50,2,20,7,11:10:00,
8335,5010,1,2,32,12,11:41:00,
8336,5011,20,5,34,10,14:34:00,
8337,5011,55,5,32,14,15:16:00,
8338,5012,61,7,29,14,09:58:00,
8339,5012,55,4,23,1,09:41:00,
8340,5013,71,4,36,5,14:25:00,
8341,5013,65,6,24,5,13:51:00,
8342,5014,68,3,31,14,15:30:00,
8343,5014,6,6,30,6,14:22:00,
8344,5015,39,2,25,5,17:33:00,
8345,5016,65,3,38,5,13:31:00,
8346,5016,5,5,31,1,13:44:00,
8347,5017,55,2,21,5,16:18:00,
8348,5017,39,7,27,3,15:43:00,
8349,5017,42,5,39,2,15:46:00,
8350,5018,9,6,25,6,17:06:00,
8351,5019,56,8,34,7,11:57:00,
8352,5019,43,7,30,12,12:09:00,
8353,5019,65,5,37,2,12:08:00,
8354,5020,44,1,14,10,10:35:00,
8355,5020,65,8,34,10,10:22:00,
8356,5021,20,8,29,7,17:33:00,
8357,5021,62,3,19,1,16:56:00,
8358,5022,19,6,22,5,13:16:00,
8359,5023,6,8,51,3,13:44:00,
8360,5023,5,7,21,12,13:38:00,
8361,5024,71,4,5,6,15:51:00,
8362,5025,43,5,37,13,14:14:00,
8363,5025,64,2,24,6,14:34:00,
8364,5026,61,4,35,6,16:51:00,
8365,5027,19,3,29,12,09:53:00,
8366,5027,6,3,43,3,09:56:00,
8367,5028,34,5,33,2,17:18:00,
8368,5028,59,3,34,5,17:47:00,
8369,5029,39,1,28,13,11:53:00,
8370,5030,59,5,22,10,11:26:00,
8371,5030,1,1,34,7,10:51:00,
8372,5031,29,2,25,7,13:10:00,
8373,5032,23,4,27,14,16:27:00,
8374,5032,53,1,33,10,16:21:00,
8375,5033,61,3,39,4,15:06:00,
8376,5034,53,4,33,3,12:58:00,
8377,5035,71,4,27,4,11:43:00,
8378,5036,9,1,37,2,13:38:00,
8379,5037,55,8,22,11,11:23:00,
8380,5038,72,8,26,2,10:28:00,
8381,5038,50,5,33,6,10:15:00,
8382,5038,68,7,26,7,09:46:00,
8383,5039,29,8,22,5,15:03:00,
8384,5040,9,8,47,7,12:06:00,
8385,5041,39,5,26,12,11:43:00,
8386,5042,62,6,32,2,10:24:00,
8387,5043,20,3,39,12,16:31:00,
8388,5044,1,1,25,11,14:37:00,
8389,5045,23,2,39,12,14:45:00,
8390,5046,68,7,17,11,10:30:00,
8391,5046,65,1,28,6,10:34:00,
8392,5046,29,7,26,7,10:47:00,
8393,5047,9,5,31,13,11:21:00,
8394,5047,25,8,28,5,11:03:00,
8395,5048,69,8,37,13,13:50:00,
8396,5048,65,7,14,13,13:39:00,
8397,5048,68,5,26,12,13:13:00,
8398,5049,62,4,14,6,14:13:00,
8399,5050,19,3,27,7,15:53:00,
8400,5050,39,7,26,14,16:02:00,
8401,5051,5,2,34,11,12:05:00,
8402,5051,69,4,14,11,12:14:00,
8403,5052,62,5,20,2,14:13:00,
8404,5052,64,1,14,13,13:23:00,
8405,5053,29,2,9,11,12:38:00,
8406,5053,20,5,32,3,12:13:00,
8407,5054,42,4,32,6,16:51:00,
8408,5054,1,7,24,2,15:47:00,
8409,5055,48,2,25,11,11:54:00,
8410,5056,53,2,10,3,13:23:00,
8411,5057,29,1,23,10,12:49:00,
8412,5057,69,4,21,3,12:48:00,
8413,5057,42,7,19,5,12:55:00,
8414,5058,56,8,24,11,13:07:00,
8415,5058,43,6,30,14,12:46:00,
8416,5059,9,5,24,14,11:34:00,
8417,5060,1,1,36,2,13:25:00,
8418,5060,43,6,26,3,13:44:00,
8419,5061,39,6,27,13,17:01:00,
8420,5061,61,2,15,10,17:30:00,
8421,5062,8,2,31,7,11:08:00,
8422,5062,7,4,31,7,11:09:00,
8423,5063,62,2,28,1,16:48:00,
8424,5063,68,7,30,12,15:38:00,
8425,5063,9,4,18,12,15:25:00,
8426,5064,56,5,34,3,16:10:00,
8427,5064,1,8,37,3,15:45:00,
8428,5065,29,7,18,10,15:09:00,
8429,5065,19,8,40,7,15:19:00,
8430,5066,68,4,36,10,09:45:00,
8431,5066,61,1,30,7,09:48:00,
8432,5067,59,3,21,11,10:49:00,
8433,5067,48,4,16,12,10:38:00,
8434,5067,20,6,42,2,10:21:00,
8435,5068,61,1,29,4,10:40:00,
8436,5069,1,6,36,2,15:13:00,
8437,5069,8,3,19,10,14:46:00,
8438,5070,69,4,33,10,14:51:00,
8439,5070,71,5,24,12,15:18:00,
8440,5071,68,8,27,14,15:20:00,
8441,5072,23,4,31,11,12:03:00,
8442,5073,19,7,24,2,16:20:00,
8443,5073,25,3,31,3,16:14:00,
8444,5073,64,6,31,13,16:48:00,
8445,5074,1,8,37,11,10:18:00,
8446,5074,65,4,31,12,10:15:00,
8447,5075,42,4,28,4,12:50:00,
8448,5075,29,4,34,3,12:13:00,
8449,5076,55,7,31,5,09:41:00,
8450,5076,62,2,23,7,09:22:00,
8451,5076,50,8,35,10,09:10:00,
8452,5077,69,3,32,5,15:51:00,
8453,5077,48,4,27,14,15:53:00,
8454,5077,20,2,30,14,15:53:00,
8455,5078,6,5,30,12,12:13:00,
8456,5079,61,7,32,11,12:45:00,
8457,5080,44,5,17,5,13:01:00,
8458,5081,6,5,22,1,17:43:00,
8459,5082,23,7,40,5,14:46:00,
8460,5082,53,6,33,14,13:35:00,
8461,5082,20,8,46,12,14:53:00,
8462,5083,20,2,29,10,14:01:00,
8463,5084,34,4,24,10,11:50:00,
8464,5085,1,2,40,14,10:43:00,
8465,5086,59,7,35,2,14:29:00,
8466,5087,20,5,37,10,11:28:00,
8467,5087,59,2,18,11,11:33:00,
8468,5088,48,7,19,1,13:40:00,
8469,5089,53,8,30,3,09:51:00,
8470,5090,19,2,28,13,15:22:00,
8471,5090,44,7,8,4,15:39:00,
8472,5091,39,8,32,4,12:20:00,
8473,5091,65,5,25,4,12:09:00,
8474,5092,1,4,39,4,12:17:00,
8475,5093,1,2,17,2,12:07:00,
8476,5093,23,6,44,7,12:22:00,
8477,5094,72,2,18,5,13:54:00,
8478,5094,19,7,32,4,14:02:00,
8479,5095,19,6,33,14,15:43:00,
8480,5095,61,2,33,13,15:50:00,
8481,5096,64,6,43,14,13:56:00,
8482,5096,72,1,18,6,14:45:00,
8483,5097,20,3,45,6,12:49:00,
8484,5097,59,5,21,12,12:52:00,
8485,5098,20,3,27,2,13:41:00,
8486,5099,69,6,19,6,15:51:00,
8487,5099,5,3,26,1,16:10:00,
8488,5099,20,1,36,12,16:20:00,
8489,5100,23,1,43,11,14:02:00,
8490,5101,39,4,33,12,15:46:00,
8491,5102,53,6,46,4,14:40:00,
8492,5103,64,5,31,13,09:22:00,
8493,5104,71,5,24,1,12:24:00,
8494,5104,68,2,24,10,11:57:00,
8495,5105,62,1,12,11,12:35:00,
8496,5106,50,1,35,7,14:13:00,
8497,5106,43,1,22,14,14:10:00,
8498,5107,71,6,20,11,16:21:00,
8499,5107,5,1,51,7,15:13:00,
8500,5108,5,3,32,5,16:35:00,
8501,5109,72,8,41,2,17:12:00,
8502,5109,29,2,24,5,16:45:00,
8503,5110,29,5,24,4,10:47:00,
8504,5111,1,1,22,4,13:40:00,
8505,5111,39,3,20,4,13:11:00,
8506,5111,34,3,34,5,13:29:00,
8507,5112,5,5,26,5,09:55:00,
8508,5112,53,8,28,12,10:48:00,
8509,5113,62,3,32,3,16:30:00,
8510,5114,68,8,17,7,12:23:00,
8511,5115,65,6,31,3,14:02:00,
8512,5116,71,4,16,14,11:57:00,
8513,5116,69,1,18,2,11:16:00,
8514,5116,9,5,26,11,11:08:00,
8515,5117,59,2,25,14,12:27:00,
8516,5117,42,6,35,4,12:37:00,
8517,5117,53,8,32,1,12:22:00,
8518,5118,25,3,39,13,11:14:00,
8519,5119,53,4,27,14,10:01:00,
8520,5120,29,6,21,13,13:22:00,
8521,5121,9,6,22,2,16:56:00,
8522,5121,50,2,42,12,15:56:00,
8523,5121,69,4,38,2,16:05:00,
8524,5122,71,3,14,6,15:52:00,
8525,5122,72,3,26,6,15:58:00,
8526,5122,65,5,50,6,15:58:00,
8527,5123,23,2,31,14,12:39:00,
8528,5124,61,1,30,6,15:11:00,
8529,5124,64,2,39,7,15:14:00,
8530,5124,8,3,40,4,15:35:00,
8531,5125,65,6,38,11,11:15:00,
8532,5125,62,1,37,3,10:57:00,
8533,5126,64,4,28,3,14:51:00,
8534,5127,53,2,23,1,14:02:00,
8535,5127,23,3,21,12,14:11:00,
8536,5127,44,7,19,1,13:57:00,
8537,5128,71,6,12,1,12:23:00,
8538,5128,53,3,26,1,11:38:00,
8539,5129,19,5,32,10,09:16:00,
8540,5129,59,2,46,7,09:13:00,
8541,5129,39,5,39,7,09:08:00,
8542,5130,23,2,26,2,17:12:00,
8543,5130,71,6,25,4,16:37:00,
8544,5130,72,3,38,13,16:42:00,
8545,5131,68,1,31,1,13:08:00,
8546,5132,65,3,36,2,15:47:00,
8547,5132,69,4,20,5,15:41:00,
8548,5133,61,1,27,1,12:52:00,
8549,5133,20,5,40,12,12:41:00,
8550,5134,20,3,27,6,14:07:00,
8551,5135,68,3,40,11,11:10:00,
8552,5135,5,1,24,12,11:21:00,
8553,5136,72,7,28,3,15:22:00,
8554,5136,48,1,19,6,14:54:00,
8555,5137,43,5,55,13,15:18:00,
8556,5137,65,6,24,7,15:31:00,
8557,5138,62,4,26,7,12:52:00,
8558,5138,55,6,17,2,13:10:00,
8559,5139,64,7,15,2,15:38:00,
8560,5139,1,5,24,12,15:35:00,
8561,5140,8,6,28,6,11:41:00,
8562,5140,1,1,33,1,12:03:00,
8563,5140,42,5,31,13,11:49:00,
8564,5141,56,7,37,6,11:29:00,
8565,5142,44,3,24,4,17:37:00,
8566,5142,53,7,27,1,17:18:00,
8567,5143,1,4,46,2,17:17:00,
8568,5143,43,8,33,7,17:04:00,
8569,5143,19,3,35,10,17:10:00,
8570,5144,68,1,41,11,16:59:00,
8571,5145,72,5,27,7,15:48:00,
8572,5146,72,6,25,7,10:43:00,
8573,5147,61,8,41,3,12:44:00,
8574,5147,64,4,39,12,12:10:00,
8575,5148,48,3,24,11,12:56:00,
8576,5148,20,7,40,5,13:15:00,
8577,5149,20,7,39,2,11:19:00,
8578,5149,19,3,16,10,10:58:00,
8579,5150,9,2,23,7,13:28:00,
8580,5151,61,3,35,14,14:05:00,
8581,5152,65,6,41,14,10:45:00,
8582,5152,8,5,22,11,11:17:00,
8583,5152,39,1,19,12,09:59:00,
8584,5153,56,8,44,1,15:42:00,
8585,5153,1,2,23,10,15:26:00,
8586,5154,8,2,23,1,14:16:00,
8587,5154,20,1,34,10,14:28:00,
8588,5155,65,6,38,11,14:41:00,
8589,5155,59,2,23,11,15:03:00,
8590,5156,64,8,15,12,09:17:00,
8591,5157,42,7,42,13,15:55:00,
8592,5157,43,1,15,2,16:28:00,
8593,5158,61,6,37,7,15:24:00,
8594,5159,48,7,13,7,10:22:00,
8595,5159,42,5,37,13,10:28:00,
8596,5160,71,2,22,3,13:56:00,
8597,5160,62,2,29,13,13:58:00,
8598,5161,29,4,38,11,16:22:00,
8599,5161,68,8,24,7,15:48:00,
8600,5162,42,6,38,14,11:31:00,
8601,5163,42,5,39,13,16:21:00,
8602,5163,64,2,24,6,16:39:00,
8603,5163,53,7,35,6,17:27:00,
8604,5164,56,4,30,4,17:49:00,
8605,5165,6,3,31,11,09:37:00,
8606,5166,43,4,38,14,13:09:00,
8607,5167,53,3,16,13,11:59:00,
8608,5168,34,7,30,12,11:20:00,
8609,5168,68,4,30,13,12:17:00,
8610,5169,39,2,33,6,15:11:00,
8611,5169,44,2,21,2,14:51:00,
8612,5170,9,2,24,14,10:13:00,
8613,5170,68,2,14,11,09:51:00,
8614,5171,68,1,55,6,09:55:00,
8615,5171,20,7,36,14,09:53:00,
8616,5172,44,1,9,12,11:45:00,
8617,5172,9,2,14,3,11:55:00,
8618,5172,20,5,45,13,11:58:00,
8619,5173,61,8,26,13,09:58:00,
8620,5173,1,4,25,13,10:30:00,
8621,5174,39,5,26,1,11:43:00,
8622,5174,64,4,14,13,11:07:00,
8623,5174,53,4,20,10,11:47:00,
8624,5175,56,4,36,3,11:39:00,
8625,5175,1,3,29,5,12:15:00,
8626,5176,62,1,27,1,16:11:00,
8627,5177,71,4,21,3,14:38:00,
8628,5178,34,6,32,1,15:20:00,
8629,5178,42,3,43,4,15:36:00,
8630,5179,61,1,29,11,13:47:00,
8631,5180,48,8,35,11,13:13:00,
8632,5180,62,6,27,3,12:42:00,
8633,5181,65,5,27,1,15:02:00,
8634,5181,9,4,34,5,13:48:00,
8635,5181,44,7,30,2,14:35:00,
8636,5182,53,2,36,13,12:43:00,
8637,5183,68,5,36,14,16:23:00,
8638,5183,61,8,24,10,16:38:00,
8639,5183,1,7,49,7,16:27:00,
8640,5184,59,4,29,7,16:23:00,
8641,5185,65,3,27,4,16:42:00,
8642,5186,9,1,22,7,12:13:00,
8643,5186,65,5,23,14,12:49:00,
8644,5187,5,8,37,2,11:33:00,
8645,5187,64,4,37,13,12:54:00,
8646,5188,1,2,41,7,10:44:00,
8647,5189,23,8,41,11,16:23:00,
8648,5190,72,2,28,10,10:56:00,
8649,5190,43,2,46,5,10:42:00,
8650,5191,19,4,9,4,12:46:00,
8651,5192,1,8,27,2,14:25:00,
8652,5193,50,1,29,4,13:46:00,
8653,5193,8,4,39,14,13:38:00,
8654,5194,9,4,22,13,09:30:00,
8655,5195,29,3,28,6,11:18:00,
8656,5195,50,3,45,6,10:49:00,
8657,5196,44,6,19,3,14:56:00,
8658,5197,48,7,23,6,15:38:00,
8659,5198,23,1,33,11,16:39:00,
8660,5198,1,8,33,5,16:14:00,
8661,5198,44,3,12,2,16:10:00,
8662,5199,43,1,31,4,12:14:00,
8663,5199,39,8,29,10,12:21:00,
8664,5199,68,5,28,11,12:22:00,
8665,5200,64,5,22,11,13:23:00,
8666,5201,9,4,28,7,13:40:00,
8667,5201,62,1,31,12,13:31:00,
8668,5202,31,2,27,12,10:41:00,
8669,5202,50,8,36,4,11:27:00,
8670,5203,5,2,31,2,12:28:00,
8671,5204,29,6,28,11,09:21:00,
8672,5205,1,7,10,11,16:40:00,
8673,5206,44,3,31,10,13:38:00,
8674,5206,55,3,37,7,13:18:00,
8675,5207,48,3,25,5,10:03:00,
8676,5207,53,4,32,4,10:01:00,
8677,5208,55,3,34,11,11:56:00,
8678,5208,68,5,23,11,12:19:00,
8679,5209,62,2,40,14,16:53:00,
8680,5209,8,6,18,5,16:24:00,
8681,5210,64,6,26,1,12:38:00,
8682,5211,39,1,36,14,12:43:00,
8683,5211,24,7,33,11,12:58:00,
8684,5211,5,4,44,10,12:49:00,
8685,5212,50,8,32,3,11:44:00,
8686,5212,9,1,29,5,12:36:00,
8687,5213,43,5,44,11,10:01:00,
8688,5213,6,6,30,13,09:17:00,
8689,5214,72,7,37,10,16:06:00,
8690,5215,56,4,37,12,09:14:00,
8691,5215,31,2,34,6,09:21:00,
8692,5216,34,7,23,14,13:25:00,
8693,5216,71,8,26,6,13:13:00,
8694,5217,72,4,37,7,11:18:00,
8695,5218,44,6,19,4,13:38:00,
8696,5219,48,7,18,10,14:45:00,
8697,5219,29,1,47,14,13:51:00,
8698,5219,19,7,21,3,14:06:00,
8699,5220,61,7,43,6,16:22:00,
8700,5220,10,8,34,3,16:29:00,
8701,5221,48,7,30,3,13:37:00,
8702,5222,42,4,26,14,13:11:00,
8703,5222,72,5,26,2,13:00:00,
8704,5223,5,4,46,1,10:38:00,
8705,5223,53,1,36,1,10:09:00,
8706,5224,1,6,20,12,17:28:00,
8707,5224,29,1,34,2,17:03:00,
8708,5224,48,6,18,1,16:38:00,
8709,5225,24,2,30,2,14:23:00,
8710,5225,62,8,33,1,14:18:00,
8711,5225,71,6,22,2,15:04:00,
8712,5226,42,1,40,4,11:21:00,
8713,5227,50,1,35,11,10:28:00,
8714,5228,72,5,24,4,09:50:00,
8715,5229,20,4,26,11,10:10:00,
8716,5229,68,5,19,4,10:07:00,
8717,5229,9,4,26,7,11:11:00,
8718,5230,39,4,15,3,16:41:00,
8719,5230,55,2,25,3,16:30:00,
8720,5231,55,3,28,12,15:25:00,
8721,5231,42,6,40,11,15:53:00,
8722,5232,42,4,22,2,17:30:00,
8723,5232,1,7,32,1,16:50:00,
8724,5232,55,8,29,3,16:23:00,
8725,5233,5,1,34,1,16:01:00,
8726,5234,64,7,17,6,14:53:00,
8727,5235,24,3,33,13,10:14:00,
8728,5235,31,5,37,7,10:23:00,
8729,5236,72,2,19,2,11:08:00,
8730,5237,43,7,29,2,13:25:00,
8731,5237,50,1,19,7,14:22:00,
8732,5238,42,4,23,1,11:12:00,
8733,5238,48,5,30,11,09:31:00,
8734,5239,31,4,24,7,16:50:00,
8735,5240,29,7,33,2,12:41:00,
8736,5241,56,8,32,6,16:51:00,
8737,5241,59,1,27,3,16:53:00,
8738,5242,72,8,36,1,10:05:00,
8739,5243,9,5,13,2,15:11:00,
8740,5243,53,8,26,13,15:13:00,
8741,5244,29,7,26,3,13:06:00,
8742,5244,69,7,29,11,13:15:00,
8743,5245,55,4,36,4,14:53:00,
8744,5245,62,2,16,10,14:59:00,
8745,5246,44,8,14,5,11:03:00,
8746,5247,50,2,23,2,10:22:00,
8747,5248,44,1,19,10,15:30:00,
8748,5249,59,6,30,12,15:31:00,
8749,5249,9,1,27,10,14:37:00,
8750,5250,23,6,38,4,13:17:00,
8751,5250,64,6,21,4,13:08:00,
8752,5250,20,8,34,5,12:34:00,
8753,5251,6,2,39,10,14:38:00,
8754,5252,9,6,26,3,12:08:00,
8755,5252,59,5,16,10,13:28:00,
8756,5253,24,2,39,1,18:20:00,
8757,5253,48,2,23,13,18:05:00,
8758,5253,9,6,32,13,18:10:00,
8759,5254,23,2,39,6,16:14:00,
8760,5255,50,4,20,11,13:22:00,
8761,5256,31,4,30,1,16:40:00,
8762,5256,64,3,26,10,16:22:00,
8763,5257,53,5,34,1,14:06:00,
8764,5257,48,2,30,11,14:27:00,
8765,5258,5,3,35,2,15:32:00,
8766,5258,69,4,31,11,14:59:00,
8767,5258,10,6,30,13,15:07:00,
8768,5259,68,8,31,4,13:24:00,
8769,5259,71,4,11,11,13:21:00,
8770,5260,64,4,23,7,13:11:00,
8771,5260,53,2,28,10,13:19:00,
8772,5260,65,7,25,10,13:12:00,
8773,5261,50,3,36,3,16:31:00,
8774,5261,62,1,20,2,16:15:00,
8775,5262,48,5,26,3,16:36:00,
8776,5262,43,6,41,14,16:29:00,
8777,5262,59,5,20,14,16:14:00,
8778,5263,68,5,30,6,13:52:00,
8779,5263,43,5,37,11,12:53:00,
8780,5264,29,8,28,6,10:09:00,
8781,5264,43,1,45,14,09:55:00,
8782,5265,64,6,35,7,11:37:00,
8783,5265,29,8,16,14,11:46:00,
8784,5266,31,1,29,13,13:11:00,
8785,5266,44,7,28,11,13:32:00,
8786,5267,43,3,32,6,14:19:00,
8787,5267,44,4,21,13,13:38:00,
8788,5267,19,3,33,3,14:18:00,
8789,5268,64,2,16,5,10:36:00,
8790,5268,6,8,20,6,11:15:00,
8791,5269,44,1,12,6,14:12:00,
8792,5269,71,5,14,12,14:31:00,
8793,5270,24,1,34,3,12:41:00,
8794,5270,23,3,28,11,13:04:00,
8795,5270,9,7,32,4,12:43:00,
8796,5271,42,4,45,2,15:18:00,
8797,5272,65,7,31,12,11:45:00,
8798,5273,1,5,28,12,15:50:00,
8799,5274,55,6,28,10,13:44:00,
8800,5274,1,5,44,13,13:59:00,
8801,5275,20,8,31,3,11:57:00,
8802,5275,10,6,26,13,12:28:00,
8803,5276,53,6,18,3,12:32:00,
8804,5276,44,2,5,10,12:07:00,
8805,5277,49,2,23,10,17:22:00,
8806,5278,39,5,37,3,10:31:00,
8807,5279,10,2,33,11,14:15:00,
8808,5279,53,4,28,14,13:51:00,
8809,5280,53,8,34,11,10:15:00,
8810,5281,50,6,24,12,13:13:00,
8811,5282,1,3,40,3,14:31:00,
8812,5283,10,1,21,2,11:50:00,
8813,5283,50,1,30,7,13:21:00,
8814,5284,55,8,18,5,16:50:00,
8815,5284,56,4,31,2,16:08:00,
8816,5285,61,4,32,12,10:38:00,
8817,5285,53,5,22,10,10:30:00,
8818,5286,59,4,27,1,11:29:00,
8819,5286,5,8,42,6,11:19:00,
8820,5287,71,6,19,11,13:05:00,
8821,5287,24,4,19,12,13:12:00,
8822,5288,10,8,9,12,09:59:00,
8823,5288,61,8,29,3,10:11:00,
8824,5289,1,8,24,10,16:27:00,
8825,5289,55,2,33,14,16:15:00,
8826,5290,29,7,29,6,16:08:00,
8827,5290,65,2,34,7,15:43:00,
8828,5291,5,2,45,4,09:53:00,
8829,5292,6,8,39,5,15:35:00,
8830,5292,48,6,24,11,15:26:00,
8831,5293,71,6,20,4,13:34:00,
8832,5293,20,6,33,12,13:36:00,
8833,5294,71,3,14,14,15:32:00,
8834,5294,9,3,34,13,15:51:00,
8835,5294,56,1,17,10,14:50:00,
8836,5295,42,6,44,1,15:01:00,
8837,5296,43,1,26,14,14:58:00,
8838,5297,42,2,45,11,18:25:00,
8839,5297,55,7,40,1,17:21:00,
8840,5298,5,6,33,14,13:41:00,
8841,5298,31,8,23,6,12:50:00,
8842,5299,9,1,27,5,12:44:00,
8843,5300,56,7,29,14,15:02:00,
8844,5301,49,3,13,1,15:49:00,
8845,5302,34,1,31,11,12:58:00,
8846,5303,24,7,53,11,12:59:00,
8847,5303,62,7,14,5,13:38:00,
8848,5304,42,7,46,4,16:58:00,
8849,5305,64,5,35,2,17:29:00,
8850,5306,69,2,15,1,12:54:00,
8851,5306,48,5,43,6,12:32:00,
8852,5306,71,7,26,5,11:53:00,
8853,5307,65,7,34,11,10:00:00,
8854,5307,39,1,23,11,09:09:00,
8855,5307,48,4,36,1,09:09:00,
8856,5308,39,8,24,1,15:28:00,
8857,5309,61,7,33,11,09:12:00,
8858,5310,49,2,19,12,14:51:00,
8859,5311,56,8,27,12,09:28:00,
8860,5311,20,2,30,13,09:33:00,
8861,5311,53,6,31,11,09:43:00,
8862,5312,7,2,30,12,11:41:00,
8863,5312,20,8,29,12,11:25:00,
8864,5313,42,5,25,13,10:52:00,
8865,5313,65,1,28,2,10:55:00,
8866,5314,68,4,23,7,12:37:00,
8867,5314,64,5,29,4,12:55:00,
8868,5315,59,2,31,14,14:37:00,
8869,5315,43,6,31,11,12:48:00,
8870,5316,7,4,41,7,11:06:00,
8871,5317,64,6,30,2,17:34:00,
8872,5317,34,4,37,12,17:00:00,
8873,5318,53,5,28,3,14:28:00,
8874,5318,6,1,29,1,15:00:00,
8875,5319,64,7,32,2,14:22:00,
8876,5319,39,8,29,7,14:52:00,
8877,5319,5,7,52,12,14:34:00,
8878,5320,59,4,17,1,15:11:00,
8879,5321,34,8,34,4,16:50:00,
8880,5321,6,4,28,10,16:51:00,
8881,5322,71,3,10,10,14:40:00,
8882,5323,39,7,37,14,17:20:00,
8883,5324,39,1,25,13,16:57:00,
8884,5325,53,1,23,6,15:24:00,
8885,5325,61,5,28,4,15:07:00,
8886,5326,9,6,21,3,10:30:00,
8887,5326,53,3,25,14,11:11:00,
8888,5327,69,7,32,3,13:55:00,
8889,5327,42,2,50,11,14:43:00,
8890,5328,42,4,42,2,10:52:00,
8891,5328,64,6,26,5,11:00:00,
8892,5329,71,7,37,14,15:08:00,
8893,5330,8,3,37,2,10:49:00,
8894,5330,59,1,26,2,10:45:00,
8895,5331,31,4,25,13,09:55:00,
8896,5332,56,1,28,5,14:54:00,
8897,5333,24,7,43,10,16:38:00,
8898,5334,31,3,42,7,15:46:00,
8899,5335,31,1,29,2,15:58:00,
8900,5336,20,3,44,3,16:19:00,
8901,5337,64,4,35,6,15:04:00,
8902,5338,43,7,11,1,16:36:00,
8903,5338,42,6,32,6,18:18:00,
8904,5339,5,5,34,4,10:01:00,
8905,5340,5,2,20,5,16:06:00,
8906,5340,39,3,33,12,16:12:00,
8907,5340,53,5,13,11,15:52:00,
8908,5341,6,1,28,6,12:58:00,
8909,5341,10,8,13,1,12:31:00,
8910,5342,10,4,17,6,11:45:00,
8911,5342,42,1,47,13,11:51:00,
8912,5342,55,7,46,4,11:38:00,
8913,5343,1,2,26,6,14:36:00,
8914,5344,23,1,21,6,14:48:00,
8915,5344,55,8,41,4,14:40:00,
8916,5345,69,1,43,7,12:14:00,
8917,5346,10,5,22,7,11:33:00,
8918,5347,68,5,41,12,10:30:00,
8919,5347,64,7,25,10,09:52:00,
8920,5348,49,1,21,5,10:52:00,
8921,5348,20,4,41,3,10:32:00,
8922,5349,24,6,30,1,10:22:00,
8923,5349,64,8,35,6,10:16:00,
8924,5349,49,8,27,2,10:21:00,
8925,5350,59,6,18,4,15:49:00,
8926,5351,29,2,25,14,09:50:00,
8927,5352,71,5,20,2,16:20:00,
8928,5352,69,4,32,11,16:00:00,
8929,5353,72,4,34,13,12:30:00,
8930,5353,31,7,12,2,12:01:00,
8931,5353,53,6,21,3,10:55:00,
8932,5354,1,7,18,13,11:19:00,
8933,5354,56,5,19,5,11:59:00,
8934,5354,69,6,34,10,12:05:00,
8935,5355,59,2,18,6,10:12:00,
8936,5356,19,5,31,4,12:57:00,
8937,5356,1,7,24,14,12:38:00,
8938,5357,44,6,15,3,15:43:00,
8939,5358,61,3,33,12,11:37:00,
8940,5358,49,5,31,3,11:24:00,
8941,5359,56,1,30,6,13:08:00,
8942,5359,23,6,40,12,14:01:00,
8943,5359,68,4,38,10,14:00:00,
8944,5360,68,7,24,4,11:30:00,
8945,5360,69,7,35,1,11:32:00,
8946,5361,69,2,36,6,10:32:00,
8947,5361,44,6,6,13,10:15:00,
8948,5362,62,1,19,11,11:24:00,
8949,5362,24,6,30,13,11:55:00,
8950,5363,59,4,33,2,16:58:00,
8951,5363,23,6,38,7,17:26:00,
8952,5363,8,4,22,14,17:16:00,
8953,5364,44,8,12,3,13:13:00,
8954,5364,39,5,9,7,13:27:00,
8955,5365,29,5,37,4,12:51:00,
8956,5365,69,4,35,6,12:08:00,
8957,5366,6,8,27,11,17:23:00,
8958,5366,10,7,28,12,16:39:00,
8959,5366,65,2,34,13,17:02:00,
8960,5367,69,1,19,7,14:25:00,
8961,5367,8,8,44,5,14:10:00,
8962,5368,31,1,25,13,10:42:00,
8963,5368,5,7,49,4,10:34:00,
8964,5369,39,4,31,13,13:56:00,
8965,5369,69,3,27,6,14:21:00,
8966,5370,43,5,35,3,16:38:00,
8967,5371,39,7,34,11,11:51:00,
8968,5372,50,5,29,14,16:28:00,
8969,5372,64,1,14,1,17:09:00,
8970,5373,59,8,16,14,16:42:00,
8971,5373,1,8,34,13,16:20:00,
8972,5373,34,6,49,7,16:42:00,
8973,5374,44,8,9,2,09:52:00,
8974,5375,65,1,21,13,16:19:00,
8975,5375,23,8,51,14,15:39:00,
8976,5376,72,2,22,13,17:04:00,
8977,5376,55,8,31,14,16:35:00,
8978,5376,19,4,33,7,16:36:00,
8979,5377,55,2,22,7,15:55:00,
8980,5378,65,7,38,1,12:32:00,
8981,5378,19,5,31,12,11:17:00,
8982,5379,59,6,24,5,15:27:00,
8983,5380,8,1,28,14,14:12:00,
8984,5381,50,7,21,7,10:10:00,
8985,5382,5,4,35,10,10:55:00,
8986,5382,10,7,31,13,10:50:00,
8987,5383,69,7,24,3,16:18:00,
8988,5384,8,2,19,1,12:29:00,
8989,5384,10,8,20,13,13:01:00,
8990,5384,9,2,22,13,12:05:00,
8991,5385,56,5,22,10,09:55:00,
8992,5385,9,1,32,10,09:36:00,
8993,5386,49,2,24,3,13:37:00,
8994,5386,53,8,34,6,12:34:00,
8995,5387,65,4,40,3,11:57:00,
8996,5387,31,4,27,3,11:45:00,
8997,5388,59,8,27,12,13:47:00,
8998,5388,42,1,29,12,14:29:00,
8999,5389,9,7,42,1,13:25:00,
9000,5389,23,4,27,3,14:15:00,
9001,5390,31,8,31,10,14:15:00,
9002,5391,6,3,44,7,10:54:00,
9003,5391,9,4,14,13,11:06:00,
9004,5392,34,7,43,7,12:00:00,
9005,5392,5,6,27,11,11:06:00,
9006,5392,48,1,31,14,12:03:00,
9007,5393,49,7,21,12,10:26:00,
9008,5393,71,8,30,1,10:55:00,
9009,5394,55,6,22,12,10:25:00,
9010,5394,61,5,26,7,10:50:00,
9011,5395,53,6,15,12,15:30:00,
9012,5395,6,4,27,10,15:40:00,
9013,5396,48,7,23,7,10:10:00,
9014,5397,42,1,35,1,16:42:00,
9015,5398,31,5,21,13,17:37:00,
9016,5399,50,1,35,13,10:54:00,
9017,5400,65,1,21,6,12:11:00,
9018,5401,59,5,16,4,11:40:00,
9019,5402,49,6,17,13,09:17:00,
9020,5403,5,3,34,14,11:03:00,
9021,5404,7,4,41,7,15:44:00,
9022,5405,42,8,28,4,09:06:00,
9023,5405,9,5,14,1,09:16:00,
9024,5406,10,2,34,3,09:41:00,
9025,5406,6,7,54,7,10:33:00,
9026,5407,7,3,32,2,15:44:00,
9027,5407,61,7,29,11,16:25:00,
9028,5408,42,8,39,4,14:02:00,
9029,5408,9,3,34,7,14:00:00,
9030,5409,61,2,20,13,16:07:00,
9031,5410,48,1,28,5,12:15:00,
9032,5410,31,7,36,5,11:46:00,
9033,5411,20,2,33,10,10:29:00,
9034,5412,23,5,37,5,15:41:00,
9035,5412,49,3,29,10,16:36:00,
9036,5413,42,3,45,4,13:05:00,
9037,5414,1,1,31,12,17:37:00,
9038,5415,56,8,34,4,16:59:00,
9039,5415,50,5,25,2,16:39:00,
9040,5416,68,7,29,13,13:20:00,
9041,5416,23,2,37,10,13:28:00,
9042,5417,53,5,30,10,13:28:00,
9043,5418,56,7,24,11,16:44:00,
9044,5419,72,8,33,7,12:34:00,
9045,5420,65,2,39,11,15:07:00,
9046,5420,64,4,37,14,14:52:00,
9047,5421,23,4,46,14,13:47:00,
9048,5422,53,5,26,7,15:32:00,
9049,5422,6,5,25,12,15:59:00,
9050,5423,48,4,24,12,16:51:00,
9051,5423,69,6,19,10,17:06:00,
9052,5424,5,8,42,11,14:37:00,
9053,5424,72,5,25,13,13:51:00,
9054,5424,62,6,28,5,13:58:00,
9055,5425,24,6,28,13,11:17:00,
9056,5426,59,3,32,6,13:11:00,
9057,5426,20,8,44,2,13:25:00,
9058,5427,49,1,16,10,14:51:00,
9059,5427,44,5,11,14,14:34:00,
9060,5428,50,4,34,6,15:53:00,
9061,5429,72,7,36,2,14:33:00,
9062,5429,64,3,24,7,15:45:00,
9063,5430,19,1,25,5,15:38:00,
9064,5431,71,8,30,13,14:17:00,
9065,5431,48,5,29,7,14:21:00,
9066,5431,59,3,30,13,14:20:00,
9067,5432,24,3,26,13,14:36:00,
9068,5432,5,1,49,13,14:37:00,
9069,5433,72,3,15,5,16:36:00,
9070,5433,19,4,39,7,16:39:00,
9071,5433,8,5,29,14,16:42:00,
9072,5434,56,3,37,5,17:25:00,
9073,5434,24,5,38,4,17:21:00,
9074,5435,31,5,13,10,10:53:00,
9075,5435,64,6,25,13,11:16:00,
9076,5436,19,3,31,11,11:51:00,
9077,5437,53,7,21,7,17:05:00,
9078,5437,71,7,20,3,17:26:00,
9079,5437,65,3,41,2,17:12:00,
9080,5438,34,2,34,12,15:29:00,
9081,5439,59,7,15,2,14:43:00,
9082,5439,42,4,31,2,14:55:00,
9083,5440,20,1,26,11,09:41:00,
9084,5440,19,4,48,2,09:21:00,
9085,5441,8,4,23,2,12:09:00,
9086,5441,39,4,38,14,11:56:00,
9087,5442,10,7,31,5,12:37:00,
9088,5443,50,8,32,13,17:27:00,
9089,5443,71,2,17,2,15:47:00,
9090,5444,24,7,24,4,15:14:00,
9091,5444,1,2,25,12,16:12:00,
9092,5444,43,1,30,2,16:02:00,
9093,5445,64,3,24,3,12:11:00,
9094,5446,55,1,31,7,12:33:00,
9095,5447,43,6,43,6,09:27:00,
9096,5447,62,5,13,7,09:46:00,
9097,5448,56,5,33,4,13:56:00,
9098,5448,69,7,22,1,14:53:00,
9099,5449,29,5,27,12,17:31:00,
9100,5449,8,3,24,7,17:00:00,
9101,5450,39,5,31,12,10:48:00,
9102,5450,49,5,27,11,11:26:00,
9103,5451,39,2,30,11,09:38:00,
9104,5451,42,6,31,12,09:42:00,
9105,5451,24,5,28,1,09:30:00,
9106,5452,29,6,44,4,11:06:00,
9107,5452,42,5,40,1,11:14:00,
9108,5453,19,2,43,11,10:47:00,
9109,5454,8,4,22,5,15:45:00,
9110,5454,53,8,17,4,15:25:00,
9111,5455,68,3,29,4,13:23:00,
9112,5456,9,5,31,14,14:10:00,
9113,5457,31,8,33,7,10:50:00,
9114,5457,43,1,28,5,10:47:00,
9115,5457,48,2,10,13,10:48:00,
9116,5458,20,2,22,3,17:47:00,
9117,5459,44,4,20,5,16:24:00,
9118,5459,9,1,30,5,16:30:00,
9119,5460,23,7,31,1,09:56:00,
9120,5460,71,4,27,11,10:02:00,
9121,5460,10,5,21,11,09:53:00,
9122,5461,23,8,27,3,13:49:00,
9123,5462,24,1,29,11,13:39:00,
9124,5462,39,7,30,3,13:43:00,
9125,5462,53,4,20,2,13:24:00,
9126,5463,9,3,30,6,12:24:00,
9127,5464,29,8,30,11,11:31:00,
9128,5465,29,7,25,4,16:23:00,
9129,5465,72,4,21,10,16:28:00,
9130,5466,24,7,34,1,11:47:00,
9131,5466,53,3,27,13,11:24:00,
9132,5467,10,6,24,5,13:38:00,
9133,5467,72,4,25,14,13:35:00,
9134,5467,1,1,26,13,14:02:00,
9135,5468,34,1,36,10,10:25:00,
9136,5468,55,5,35,10,10:34:00,
9137,5469,34,6,29,10,11:42:00,
9138,5469,20,8,37,11,12:16:00,
9139,5470,42,5,36,2,11:19:00,
9140,5470,50,2,32,2,09:57:00,
9141,5471,65,1,29,12,12:07:00,
9142,5471,31,2,18,7,12:10:00,
9143,5472,53,4,19,2,10:03:00,
9144,5473,55,4,25,1,14:08:00,
9145,5474,34,1,34,10,12:40:00,
9146,5474,9,7,27,7,12:03:00,
9147,5474,72,4,31,12,12:28:00,
9148,5475,24,6,28,12,15:32:00,
9149,5475,62,4,30,2,16:21:00,
9150,5476,59,4,30,4,10:01:00,
9151,5476,20,4,54,11,09:45:00,
9152,5476,7,3,39,10,09:48:00,
9153,5477,56,7,34,4,10:22:00,
9154,5478,44,7,16,4,16:50:00,
9155,5479,65,4,38,3,13:47:00,
9156,5480,5,4,24,13,11:27:00,
9157,5480,59,1,22,2,11:53:00,
9158,5481,42,2,43,2,12:23:00,
9159,5481,6,3,32,11,12:55:00,
9160,5481,69,7,40,4,12:22:00,
9161,5482,64,7,13,2,13:12:00,
9162,5483,19,8,39,3,12:46:00,
9163,5483,34,3,23,4,12:46:00,
9164,5484,6,3,26,12,10:15:00,
9165,5484,44,7,9,11,09:58:00,
9166,5484,62,4,18,6,11:11:00,
9167,5485,62,7,18,13,11:25:00,
9168,5486,50,7,15,6,13:44:00,
9169,5487,65,3,44,5,10:27:00,
9170,5488,1,3,25,2,11:01:00,
9171,5489,62,3,20,6,13:51:00,
9172,5489,29,1,23,6,14:27:00,
9173,5489,56,1,40,12,14:04:00,
9174,5490,19,5,22,13,15:14:00,
9175,5491,7,4,33,11,14:00:00,
9176,5491,56,1,34,12,13:55:00,
9177,5492,31,2,21,3,13:41:00,
9178,5493,7,6,31,7,14:30:00,
9179,5493,8,6,31,10,15:00:00,
9180,5494,50,1,19,6,10:12:00,
9181,5495,50,4,26,11,10:58:00,
9182,5496,71,4,25,13,14:50:00,
9183,5497,23,8,27,10,13:29:00,
9184,5497,48,3,5,6,13:21:00,
9185,5497,42,4,28,5,13:19:00,
9186,5498,62,1,28,4,16:03:00,
9187,5499,29,7,25,14,09:55:00,
9188,5499,31,7,29,14,09:58:00,
9189,5500,24,2,35,6,10:18:00,
9190,5501,19,5,35,11,10:12:00,
9191,5502,9,7,22,2,15:22:00,
9192,5502,42,1,43,13,16:16:00,
9193,5503,23,6,36,10,11:49:00,
9194,5504,6,8,30,12,15:35:00,
9195,5504,39,1,15,2,15:23:00,
9196,5505,42,4,43,7,17:38:00,
9197,5505,39,6,42,13,17:51:00,
9198,5506,42,6,42,10,14:20:00,
9199,5506,6,8,36,10,14:31:00,
9200,5507,10,7,36,14,16:50:00,
9201,5507,8,4,35,1,16:23:00,
9202,5508,11,1,29,14,12:56:00,
9203,5508,56,8,27,2,13:40:00,
9204,5509,62,1,31,1,14:43:00,
9205,5510,39,8,26,2,12:54:00,
9206,5510,24,1,29,7,12:25:00,
9207,5511,31,2,30,14,16:57:00,
9208,5511,56,1,18,2,17:25:00,
9209,5511,44,1,22,3,17:46:00,
9210,5512,23,2,40,6,11:08:00,
9211,5512,49,6,18,7,11:11:00,
9212,5513,31,3,40,14,15:46:00,
9213,5513,72,7,30,3,15:30:00,
9214,5514,68,3,46,4,13:48:00,
9215,5515,64,6,25,5,14:03:00,
9216,5515,34,6,20,11,13:46:00,
9217,5516,31,4,28,4,11:37:00,
9218,5516,39,3,21,3,11:14:00,
9219,5516,43,6,37,1,11:15:00,
9220,5517,49,8,25,7,17:05:00,
9221,5518,24,7,31,7,12:24:00,
9222,5518,8,1,34,3,11:46:00,
9223,5518,68,4,24,10,13:11:00,
9224,5519,19,1,39,13,09:13:00,
9225,5520,29,8,18,3,13:56:00,
9226,5520,69,2,24,14,14:20:00,
9227,5521,69,6,32,4,16:12:00,
9228,5522,20,7,37,12,10:19:00,
9229,5522,24,4,29,5,10:31:00,
9230,5523,24,6,39,10,17:32:00,
9231,5523,10,7,18,7,17:28:00,
9232,5524,69,5,21,12,10:25:00,
9233,5524,19,2,30,5,10:56:00,
9234,5525,62,2,17,3,12:19:00,
9235,5525,5,6,26,2,10:41:00,
9236,5525,10,8,31,3,11:06:00,
9237,5526,42,3,34,1,09:46:00,
9238,5527,8,6,24,2,16:37:00,
9239,5528,9,6,18,14,15:47:00,
9240,5528,11,2,28,6,14:23:00,
9241,5529,39,2,24,13,16:57:00,
9242,5530,72,5,43,7,13:25:00,
9243,5531,1,2,41,2,13:28:00,
9244,5531,71,2,19,5,14:01:00,
9245,5532,50,1,38,6,09:36:00,
9246,5533,64,4,43,12,15:37:00,
9247,5533,31,4,34,7,15:59:00,
9248,5533,56,2,30,7,15:50:00,
9249,5534,5,3,63,6,17:25:00,
9250,5535,20,8,28,12,11:07:00,
9251,5535,64,6,21,7,09:53:00,
9252,5536,44,8,9,1,14:15:00,
9253,5537,24,5,44,5,13:14:00,
9254,5538,9,4,21,6,12:17:00,
9255,5538,42,6,33,1,12:19:00,
9256,5539,69,6,22,4,14:44:00,
9257,5539,5,1,40,4,14:15:00,
9258,5539,71,1,30,1,15:30:00,
9259,5540,53,6,19,13,11:45:00,
9260,5540,42,2,40,12,12:21:00,
9261,5541,49,4,8,7,10:32:00,
9262,5541,56,8,34,13,09:52:00,
9263,5542,68,4,26,6,15:41:00,
9264,5542,42,8,39,10,15:01:00,
9265,5543,68,2,31,12,09:47:00,
9266,5544,7,7,22,3,10:20:00,
9267,5544,62,4,22,4,10:10:00,
9268,5545,9,8,24,10,13:59:00,
9269,5546,9,1,41,1,10:53:00,
9270,5547,49,6,5,5,14:08:00,
9271,5547,44,1,16,13,14:19:00,
9272,5548,6,8,39,7,16:40:00,
9273,5549,62,8,24,11,12:58:00,
9274,5549,61,8,16,1,13:38:00,
9275,5550,24,6,46,10,14:06:00,
9276,5550,71,3,13,6,13:17:00,
9277,5551,55,2,32,10,09:20:00,
9278,5551,39,4,40,4,09:25:00,
9279,5551,49,5,18,14,09:38:00,
9280,5552,72,8,18,14,13:49:00,
9281,5553,10,1,22,3,13:02:00,
9282,5553,34,6,38,6,13:16:00,
9283,5553,43,4,21,12,14:09:00,
9284,5554,65,1,22,3,12:42:00,
9285,5555,34,8,42,2,12:35:00,
9286,5555,29,3,31,12,12:29:00,
9287,5556,7,6,38,13,16:57:00,
9288,5556,10,1,17,5,16:54:00,
9289,5556,59,4,31,12,17:25:00,
9290,5557,71,6,31,12,09:08:00,
9291,5557,50,7,42,10,09:13:00,
9292,5558,20,8,33,4,13:21:00,
9293,5558,49,4,36,5,13:12:00,
9294,5559,56,2,17,14,10:18:00,
9295,5559,24,3,32,3,10:40:00,
9296,5560,43,6,36,1,17:44:00,
9297,5560,9,3,23,11,17:13:00,
9298,5561,49,3,12,11,16:26:00,
9299,5561,48,4,32,13,17:41:00,
9300,5562,39,3,28,13,16:10:00,
9301,5563,69,7,29,14,14:31:00,
9302,5563,6,6,27,10,13:47:00,
9303,5563,59,5,23,3,13:46:00,
9304,5564,71,1,9,10,16:56:00,
9305,5564,23,3,31,2,16:50:00,
9306,5565,6,7,30,11,11:20:00,
9307,5566,9,2,19,1,11:57:00,
9308,5567,53,1,12,7,11:05:00,
9309,5568,34,8,27,5,10:02:00,
9310,5569,1,3,24,13,15:19:00,
9311,5569,44,2,29,10,15:21:00,
9312,5570,56,3,45,1,10:19:00,
9313,5571,7,3,50,3,14:17:00,
9314,5572,56,8,25,14,17:16:00,
9315,5572,31,7,32,6,17:54:00,
9316,5572,69,3,31,7,18:01:00,
9317,5573,59,8,19,10,10:10:00,
9318,5574,68,2,22,2,16:00:00,
9319,5574,39,4,36,12,17:41:00,
9320,5575,42,4,53,4,11:46:00,
9321,5575,64,4,35,4,12:10:00,
9322,5576,49,7,10,1,09:24:00,
9323,5577,24,8,49,6,11:50:00,
9324,5577,55,7,19,13,11:56:00,
9325,5578,53,6,16,7,14:45:00,
9326,5578,31,3,15,3,14:46:00,
9327,5579,65,1,30,3,16:36:00,
9328,5579,11,1,29,12,16:32:00,
9329,5580,61,4,37,14,18:03:00,
9330,5581,9,6,37,11,11:18:00,
9331,5581,24,4,40,4,10:39:00,
9332,5581,31,4,22,4,11:05:00,
9333,5582,65,3,40,3,15:28:00,
9334,5583,19,1,27,11,11:50:00,
9335,5583,24,7,49,6,11:36:00,
9336,5584,8,7,32,10,17:17:00,
9337,5584,6,8,27,4,17:34:00,
9338,5584,11,1,9,3,17:42:00,
9339,5585,72,7,37,7,14:51:00,
9340,5586,65,2,47,13,13:58:00,
9341,5586,59,2,25,6,13:56:00,
9342,5587,6,5,29,2,12:35:00,
9343,5588,19,7,20,14,13:29:00,
9344,5589,19,8,29,10,10:12:00,
9345,5590,42,3,37,10,16:03:00,
9346,5590,11,1,51,13,16:03:00,
9347,5591,24,3,32,7,13:32:00,
9348,5591,42,3,19,3,12:46:00,
9349,5592,11,7,34,6,14:39:00,
9350,5592,29,2,33,6,13:41:00,
9351,5592,56,4,28,2,14:01:00,
9352,5593,64,3,47,12,16:34:00,
9353,5593,59,7,24,6,16:32:00,
9354,5593,8,6,18,6,16:30:00,
9355,5594,64,1,33,3,18:22:00,
9356,5595,31,2,15,1,15:15:00,
9357,5596,68,1,28,12,11:35:00,
9358,5597,34,1,32,5,11:39:00,
9359,5598,55,7,6,13,10:51:00,
9360,5598,72,5,35,12,11:35:00,
9361,5599,39,4,19,1,14:35:00,
9362,5600,53,5,34,10,11:09:00,
9363,5600,34,6,25,11,11:41:00,
9364,5601,69,4,32,6,17:29:00,
9365,5601,44,1,12,10,17:16:00,
9366,5602,11,4,36,7,10:46:00,
9367,5603,42,4,49,14,10:58:00,
9368,5603,24,2,23,6,10:24:00,
9369,5604,1,1,34,10,11:11:00,
9370,5604,8,2,26,14,11:36:00,
9371,5604,44,6,8,6,12:31:00,
9372,5605,24,6,16,4,12:29:00,
9373,5606,49,1,8,14,18:01:00,
9374,5606,10,7,28,12,17:55:00,
9375,5607,23,6,32,14,14:23:00,
9376,5607,55,2,38,4,13:54:00,
9377,5608,65,4,24,3,10:45:00,
9378,5608,49,2,18,1,10:08:00,
9379,5608,61,2,39,4,09:31:00,
9380,5609,48,1,25,2,18:25:00,
9381,5610,29,2,32,1,14:51:00,
9382,5610,49,3,20,5,14:53:00,
9383,5611,39,4,28,5,16:00:00,
9384,5611,6,5,27,4,16:41:00,
9385,5612,34,2,18,6,11:11:00,
9386,5612,61,6,17,7,11:54:00,
9387,5613,59,1,15,1,15:47:00,
9388,5613,65,7,34,1,16:08:00,
9389,5614,64,2,28,3,11:41:00,
9390,5614,20,6,30,6,13:27:00,
9391,5614,68,1,36,1,12:33:00,
9392,5615,5,3,36,7,13:42:00,
9393,5616,10,5,33,14,10:57:00,
9394,5616,43,1,35,11,10:42:00,
9395,5617,8,6,28,4,09:39:00,
9396,5617,61,7,20,5,09:58:00,
9397,5618,43,2,28,2,10:13:00,
9398,5618,1,5,30,11,10:33:00,
9399,5618,72,7,28,14,10:53:00,
9400,5619,61,2,20,7,15:50:00,
9401,5619,44,4,17,11,15:55:00,
9402,5620,44,5,6,6,11:24:00,
9403,5621,23,6,22,12,15:32:00,
9404,5622,1,1,28,6,16:13:00,
9405,5623,65,5,29,2,13:43:00,
9406,5623,44,7,18,10,13:35:00,
9407,5624,61,4,27,6,17:40:00,
9408,5624,62,6,23,14,17:57:00,
9409,5625,56,7,24,10,16:36:00,
9410,5625,53,7,28,7,16:22:00,
9411,5626,62,4,23,7,10:02:00,
9412,5627,68,4,25,4,11:00:00,
9413,5627,55,4,28,12,10:58:00,
9414,5627,53,6,23,3,11:27:00,
9415,5628,24,8,33,12,17:15:00,
9416,5628,61,8,36,5,17:02:00,
9417,5629,62,1,27,14,11:27:00,
9418,5630,71,5,27,1,12:29:00,
9419,5630,53,5,32,7,12:27:00,
9420,5631,8,1,32,13,11:29:00,
9421,5631,68,3,34,14,11:42:00,
9422,5631,31,5,21,11,11:02:00,
9423,5632,1,2,26,3,14:34:00,
9424,5632,6,8,39,6,14:11:00,
9425,5633,69,1,34,6,15:01:00,
9426,5633,65,3,20,2,15:15:00,
9427,5634,9,3,26,5,09:54:00,
9428,5635,9,6,19,13,14:11:00,
9429,5635,34,2,15,11,14:10:00,
9430,5635,55,7,15,10,14:22:00,
9431,5636,5,7,31,10,14:44:00,
9432,5637,49,6,28,5,13:23:00,
9433,5637,43,1,33,1,13:26:00,
9434,5638,6,2,33,11,16:26:00,
9435,5638,43,6,31,7,16:22:00,
9436,5639,56,4,22,4,15:40:00,
9437,5639,5,1,37,13,16:18:00,
9438,5640,8,7,20,14,13:22:00,
9439,5640,48,8,16,14,12:57:00,
9440,5641,50,3,29,4,10:15:00,
9441,5642,29,6,32,11,12:50:00,
9442,5642,62,2,14,6,12:36:00,
9443,5643,1,6,20,10,12:42:00,
9444,5643,6,5,32,7,11:44:00,
9445,5644,65,7,42,13,10:08:00,
9446,5644,43,1,35,13,10:22:00,
9447,5644,68,2,26,6,10:15:00,
9448,5645,5,4,45,13,13:08:00,
9449,5646,11,6,9,1,11:56:00,
9450,5646,48,8,13,5,11:11:00,
9451,5647,65,1,33,6,12:03:00,
9452,5647,53,4,29,1,10:24:00,
9453,5648,71,8,23,5,18:17:00,
9454,5648,72,3,32,12,17:32:00,
9455,5648,62,8,32,10,18:07:00,
9456,5649,24,7,26,5,17:00:00,
9457,5649,68,4,30,13,16:58:00,
9458,5650,7,4,39,11,10:05:00,
9459,5651,42,3,29,6,16:06:00,
9460,5651,65,7,29,1,17:45:00,
9461,5652,44,6,23,1,17:02:00,
9462,5653,42,5,33,14,16:27:00,
9463,5654,59,5,16,1,11:48:00,
9464,5654,10,5,24,11,11:26:00,
9465,5654,55,2,25,6,11:20:00,
9466,5655,49,8,16,10,10:21:00,
9467,5655,29,6,7,13,10:17:00,
9468,5655,24,6,24,1,10:10:00,
9469,5656,9,7,39,2,14:34:00,
9470,5656,55,4,24,10,14:26:00,
9471,5657,10,1,33,6,11:02:00,
9472,5658,53,7,24,4,10:16:00,
9473,5659,34,3,39,2,09:58:00,
9474,5660,59,8,38,5,10:38:00,
9475,5660,50,5,28,13,11:29:00,
9476,5661,53,3,13,11,16:25:00,
9477,5661,59,1,31,4,16:19:00,
9478,5662,59,5,17,13,11:00:00,
9479,5662,42,2,53,14,10:09:00,
9480,5663,19,4,24,11,10:20:00,
9481,5663,64,8,32,11,10:36:00,
9482,5663,69,7,34,10,10:44:00,
9483,5664,49,5,23,1,14:37:00,
9484,5664,54,2,29,6,14:31:00,
9485,5664,59,7,34,1,15:34:00,
9486,5665,48,5,14,11,12:30:00,
9487,5665,11,1,31,11,12:14:00,
9488,5666,6,3,28,11,15:35:00,
9489,5666,64,2,34,1,15:27:00,
9490,5666,54,1,39,13,15:29:00,
9491,5667,59,5,21,4,13:59:00,
9492,5667,54,7,30,12,14:00:00,
9493,5668,24,6,21,4,17:10:00,
9494,5669,24,4,31,1,12:10:00,
9495,5670,20,6,40,13,17:35:00,
9496,5671,34,1,24,7,10:54:00,
9497,5671,48,8,30,10,10:57:00,
9498,5672,49,7,31,2,17:25:00,
9499,5673,48,7,23,10,12:36:00,
9500,5673,31,5,37,14,12:47:00,
9501,5674,50,2,22,13,11:49:00,
9502,5674,10,2,20,3,11:41:00,
9503,5675,55,8,23,6,13:11:00,
9504,5676,49,4,21,2,17:28:00,
9505,5677,68,8,33,5,10:07:00,
9506,5678,69,2,23,2,14:11:00,
9507,5678,42,3,41,13,13:59:00,
9508,5679,49,7,25,2,12:22:00,
9509,5679,9,8,32,10,12:19:00,
9510,5680,9,4,34,4,13:20:00,
9511,5681,43,1,25,6,10:28:00,
9512,5682,55,8,26,13,10:41:00,
9513,5682,9,5,23,11,10:21:00,
9514,5682,7,3,32,4,10:15:00,
9515,5683,50,2,40,13,11:51:00,
9516,5684,19,8,43,4,16:58:00,
9517,5684,24,5,45,11,16:51:00,
9518,5684,56,2,34,12,17:55:00,
9519,5685,23,6,28,6,16:45:00,
9520,5685,43,3,46,7,16:11:00,
9521,5685,20,2,40,13,16:30:00,
9522,5686,23,4,30,7,16:01:00,
9523,5686,50,5,32,2,16:19:00,
9524,5686,69,7,28,13,16:12:00,
9525,5687,19,3,19,3,11:14:00,
9526,5688,9,1,13,13,12:49:00,
9527,5688,34,7,33,14,12:23:00,
9528,5689,7,8,35,1,17:52:00,
9529,5690,11,6,22,2,10:37:00,
9530,5690,24,1,34,4,11:00:00,
9531,5691,59,3,34,7,16:25:00,
9532,5691,19,4,27,14,16:03:00,
9533,5692,71,1,29,5,15:14:00,
9534,5692,59,7,30,13,15:09:00,
9535,5693,71,2,35,10,11:35:00,
9536,5693,56,1,33,13,12:05:00,
9537,5693,62,5,25,3,11:01:00,
9538,5694,71,8,16,12,16:00:00,
9539,5694,59,8,33,2,15:40:00,
9540,5694,44,6,25,10,14:57:00,
9541,5695,49,3,23,2,12:30:00,
9542,5696,71,3,20,11,15:58:00,
9543,5696,19,3,31,11,15:05:00,
9544,5697,50,5,29,1,15:31:00,
9545,5698,10,7,19,12,17:03:00,
9546,5699,8,8,37,13,10:08:00,
9547,5699,20,6,28,7,09:41:00,
9548,5700,61,4,33,4,11:43:00,
9549,5700,56,5,29,2,12:11:00,
9550,5701,50,6,31,13,15:51:00,
9551,5702,24,8,33,4,15:05:00,
9552,5702,59,2,43,3,14:54:00,
9553,5703,65,2,20,10,12:48:00,
9554,5704,11,4,32,7,15:15:00,
9555,5704,39,2,30,10,15:25:00,
9556,5704,65,4,33,1,14:51:00,
9557,5705,53,1,39,11,14:25:00,
9558,5705,62,7,23,2,14:51:00,
9559,5706,65,4,25,1,11:31:00,
9560,5707,23,6,32,12,17:19:00,
9561,5707,19,8,26,14,17:29:00,
9562,5708,11,5,30,4,15:48:00,
9563,5708,68,8,40,6,16:44:00,
9564,5708,19,6,32,12,15:42:00,
9565,5709,1,3,30,14,14:47:00,
9566,5710,20,6,20,6,11:55:00,
9567,5710,68,4,22,13,12:33:00,
9568,5710,59,5,18,14,12:01:00,
9569,5711,59,6,14,12,14:30:00,
9570,5711,65,4,34,11,15:55:00,
9571,5712,9,4,15,12,12:35:00,
9572,5713,56,8,30,5,15:47:00,
9573,5714,34,4,27,5,09:53:00,
9574,5714,69,7,50,12,10:42:00,
9575,5715,65,5,21,12,10:19:00,
9576,5715,10,5,32,3,09:56:00,
9577,5715,9,4,20,11,10:41:00,
9578,5716,44,5,15,3,14:11:00,
9579,5717,9,8,30,14,10:04:00,
9580,5717,62,8,24,3,10:12:00,
9581,5717,19,6,30,2,10:13:00,
9582,5718,64,7,35,5,10:31:00,
9583,5718,9,6,26,5,11:01:00,
9584,5719,49,8,22,10,11:24:00,
9585,5719,56,6,36,12,12:33:00,
9586,5720,55,4,25,3,16:59:00,
9587,5721,62,7,30,7,16:36:00,
9588,5722,56,3,36,1,12:29:00,
9589,5723,29,4,24,1,15:11:00,
9590,5723,42,3,31,4,15:22:00,
9591,5724,54,6,43,12,13:49:00,
9592,5725,9,3,32,10,12:21:00,
9593,5726,62,8,29,2,10:07:00,
9594,5726,43,3,36,4,10:30:00,
9595,5726,42,2,29,3,10:29:00,
9596,5727,68,4,6,11,12:51:00,
9597,5728,20,3,20,7,10:02:00,
9598,5729,71,2,5,10,10:27:00,
9599,5730,31,4,29,1,10:52:00,
9600,5730,29,8,20,11,11:30:00,
9601,5730,1,1,31,2,11:12:00,
9602,5731,53,7,27,12,11:30:00,
9603,5731,9,2,29,11,10:54:00,
9604,5732,72,7,29,4,10:24:00,
9605,5732,23,1,45,2,10:08:00,
9606,5733,50,2,29,7,17:10:00,
9607,5733,65,2,32,11,17:33:00,
9608,5734,19,8,14,2,12:16:00,
9609,5734,64,6,22,7,11:47:00,
9610,5735,23,2,43,12,12:58:00,
9611,5735,48,5,28,10,12:34:00,
9612,5736,55,7,28,5,17:15:00,
9613,5736,1,5,35,7,17:42:00,
9614,5737,68,2,28,2,18:36:00,
9615,5738,24,4,35,14,17:38:00,
9616,5739,65,6,31,4,14:46:00,
9617,5739,59,1,27,1,14:55:00,
9618,5739,19,1,24,6,14:59:00,
9619,5740,19,8,42,5,10:55:00,
9620,5740,29,1,29,6,10:13:00,
9621,5741,8,2,19,3,16:52:00,
9622,5742,68,2,30,4,15:07:00,
9623,5742,56,1,23,4,14:53:00,
9624,5743,59,2,27,13,13:37:00,
9625,5743,9,3,28,11,13:21:00,
9626,5744,9,1,14,5,13:25:00,
9627,5745,19,3,37,5,09:07:00,
9628,5746,48,2,32,3,15:53:00,
9629,5747,34,6,38,11,14:09:00,
9630,5748,42,2,32,1,10:48:00,
9631,5749,65,5,39,2,12:51:00,
9632,5749,50,4,39,13,13:16:00,
9633,5750,23,1,35,5,17:01:00,
9634,5751,23,2,28,4,11:39:00,
9635,5751,44,3,21,4,10:32:00,
9636,5751,53,8,19,7,11:23:00,
9637,5752,49,4,17,4,16:34:00,
9638,5753,55,2,22,11,15:07:00,
9639,5753,19,4,35,7,15:01:00,
9640,5754,1,5,25,13,11:11:00,
9641,5754,44,1,18,12,10:39:00,
9642,5755,69,5,29,3,16:19:00,
9643,5755,24,3,31,14,16:38:00,
9644,5756,49,6,5,14,16:51:00,
9645,5757,69,7,23,2,15:27:00,
9646,5757,1,2,29,7,16:17:00,
9647,5758,49,6,6,10,12:42:00,
9648,5759,55,3,30,11,12:25:00,
9649,5759,53,3,19,3,12:44:00,
9650,5760,54,5,20,12,10:11:00,
9651,5760,23,2,39,12,10:06:00,
9652,5761,62,6,17,1,10:29:00,
9653,5761,53,1,34,6,11:23:00,
9654,5761,71,5,10,12,10:23:00,
9655,5762,31,8,27,10,14:24:00,
9656,5763,64,3,15,2,10:10:00,
9657,5764,64,2,21,4,10:17:00,
9658,5764,43,4,24,4,10:13:00,
9659,5764,9,8,39,6,10:20:00,
9660,5765,61,6,32,4,17:49:00,
9661,5765,72,2,23,10,18:34:00,
9662,5765,49,1,36,4,17:36:00,
9663,5766,31,1,22,10,09:36:00,
9664,5766,24,2,32,12,09:39:00,
9665,5767,8,7,37,5,16:59:00,
9666,5767,43,1,32,5,16:56:00,
9667,5768,59,2,25,10,11:48:00,
9668,5768,68,6,27,7,10:52:00,
9669,5769,23,4,16,14,16:11:00,
9670,5769,8,5,32,1,14:40:00,
9671,5770,48,5,33,1,11:05:00,
9672,5771,72,6,29,13,13:08:00,
9673,5771,62,1,43,7,12:51:00,
9674,5772,62,5,37,12,14:50:00,
9675,5772,69,3,41,14,14:54:00,
9676,5773,49,5,17,12,13:31:00,
9677,5773,34,2,38,1,13:43:00,
9678,5774,5,6,42,14,12:42:00,
9679,5774,48,7,45,2,12:41:00,
9680,5775,11,5,26,13,10:22:00,
9681,5776,42,4,51,1,15:15:00,
9682,5776,50,5,37,13,15:22:00,
9683,5777,65,3,28,12,16:26:00,
9684,5778,48,6,17,4,17:49:00,
9685,5779,34,4,42,11,12:36:00,
9686,5780,71,5,29,11,13:09:00,
9687,5780,9,7,33,11,12:39:00,
9688,5781,62,2,26,6,11:17:00,
9689,5781,5,1,36,4,10:54:00,
9690,5782,39,8,14,13,14:10:00,
9691,5783,8,4,31,5,16:37:00,
9692,5784,56,8,24,6,16:38:00,
9693,5784,44,6,19,5,16:48:00,
9694,5785,72,6,32,3,09:52:00,
9695,5786,64,8,32,1,12:36:00,
9696,5786,9,7,41,5,13:27:00,
9697,5787,8,3,46,6,10:57:00,
9698,5787,64,8,17,1,10:39:00,
9699,5788,1,7,13,14,10:21:00,
9700,5789,53,1,34,4,11:58:00,
9701,5790,43,5,34,11,12:21:00,
9702,5790,29,3,37,5,12:54:00,
9703,5791,11,7,16,6,09:24:00,
9704,5791,9,7,29,13,09:12:00,
9705,5791,55,3,29,4,09:18:00,
9706,5792,23,3,25,12,11:28:00,
9707,5793,8,8,17,12,12:27:00,
9708,5793,55,5,31,2,12:28:00,
9709,5793,65,4,41,13,12:54:00,
9710,5794,68,5,24,1,13:39:00,
9711,5794,5,4,45,5,12:07:00,
9712,5795,69,6,27,10,17:12:00,
9713,5796,56,6,35,14,10:45:00,
9714,5797,71,3,8,13,10:29:00,
9715,5797,10,8,44,5,10:26:00,
9716,5798,24,3,24,14,17:56:00,
9717,5798,8,5,50,4,17:15:00,
9718,5799,64,1,22,7,16:37:00,
9719,5799,73,6,21,3,16:57:00,
9720,5800,50,6,21,1,11:53:00,
9721,5801,31,1,34,1,11:11:00,
9722,5801,65,5,14,13,10:51:00,
9723,5802,69,4,35,2,09:08:00,
9724,5802,9,2,34,4,09:40:00,
9725,5803,48,5,24,10,12:23:00,
9726,5803,24,4,35,11,13:03:00,
9727,5804,68,2,27,12,10:33:00,
9728,5804,9,1,29,1,10:28:00,
9729,5805,72,7,34,6,14:43:00,
9730,5806,56,7,33,10,13:50:00,
9731,5807,39,2,25,11,12:41:00,
9732,5807,53,7,10,11,12:40:00,
9733,5808,1,4,25,5,13:25:00,
9734,5808,9,6,28,10,12:13:00,
9735,5809,62,7,14,11,10:33:00,
9736,5810,19,3,14,14,12:28:00,
9737,5810,11,8,37,13,11:56:00,
9738,5810,43,3,57,13,12:10:00,
9739,5811,34,5,28,11,15:23:00,
9740,5812,34,4,42,4,16:37:00,
9741,5812,23,5,24,10,16:16:00,
9742,5813,9,2,32,10,12:14:00,
9743,5813,31,7,23,11,12:23:00,
9744,5814,31,3,36,10,17:53:00,
9745,5814,72,6,25,1,17:47:00,
9746,5815,53,5,15,14,10:03:00,
9747,5815,5,6,39,4,10:22:00,
9748,5815,31,7,30,10,10:41:00,
9749,5816,56,4,41,2,14:52:00,
9750,5817,71,5,20,7,15:31:00,
9751,5817,11,5,31,11,15:45:00,
9752,5818,9,3,15,13,18:05:00,
9753,5818,54,7,30,10,17:49:00,
9754,5818,73,3,34,7,18:24:00,
9755,5819,55,6,36,5,11:29:00,
9756,5820,65,3,22,3,13:47:00,
9757,5820,20,5,39,7,14:01:00,
9758,5820,68,7,19,4,13:47:00,
9759,5821,8,3,42,14,11:06:00,
9760,5822,8,3,30,2,09:41:00,
9761,5823,34,6,31,13,16:34:00,
9762,5823,61,4,24,1,15:26:00,
9763,5823,20,5,38,6,16:34:00,
9764,5824,5,8,19,3,15:25:00,
9765,5825,20,1,30,11,10:39:00,
9766,5826,44,3,5,4,14:42:00,
9767,5827,72,7,15,12,12:30:00,
9768,5827,62,7,28,6,11:23:00,
9769,5828,71,1,25,6,14:56:00,
9770,5828,19,6,34,5,14:34:00,
9771,5829,73,6,20,12,13:39:00,
9772,5829,42,7,42,1,13:41:00,
9773,5830,62,4,37,13,16:14:00,
9774,5831,65,3,30,7,17:03:00,
9775,5832,56,4,43,6,12:21:00,
9776,5832,29,5,25,2,12:36:00,
9777,5833,42,6,32,3,15:39:00,
9778,5833,64,6,31,4,15:43:00,
9779,5834,1,7,27,10,13:24:00,
9780,5835,11,2,22,14,09:49:00,
9781,5835,65,1,24,10,10:11:00,
9782,5835,64,8,44,11,09:59:00,
9783,5836,31,7,24,6,10:24:00,
9784,5837,54,2,17,1,11:52:00,
9785,5837,20,5,34,10,11:26:00,
9786,5837,65,6,31,14,11:20:00,
9787,5838,53,8,11,13,16:24:00,
9788,5838,10,8,26,11,16:31:00,
9789,5839,56,6,37,11,13:26:00,
9790,5840,43,3,52,3,15:45:00,
9791,5840,73,1,45,6,15:46:00,
9792,5840,48,2,26,2,16:01:00,
9793,5841,59,7,14,3,11:34:00,
9794,5841,31,3,33,13,10:27:00,
9795,5842,48,7,38,6,12:08:00,
9796,5843,65,4,40,14,15:38:00,
9797,5844,31,8,38,5,11:09:00,
9798,5845,24,8,31,4,16:23:00,
9799,5845,39,6,16,11,16:09:00,
9800,5846,1,1,42,13,13:17:00,
9801,5846,19,8,24,11,13:47:00,
9802,5846,54,3,43,3,13:43:00,
9803,5847,56,3,32,10,15:01:00,
9804,5848,31,4,33,4,09:37:00,
9805,5848,19,8,47,13,11:13:00,
9806,5849,34,2,45,11,14:43:00,
9807,5850,39,6,21,6,14:08:00,
9808,5850,56,6,26,3,13:45:00,
9809,5851,5,7,32,1,14:52:00,
9810,5852,68,1,24,10,14:19:00,
9811,5852,39,2,49,5,13:44:00,
9812,5852,42,7,29,7,13:58:00,
9813,5853,19,3,27,1,12:19:00,
9814,5853,50,8,40,10,11:20:00,
9815,5854,43,1,35,2,12:40:00,
9816,5854,69,3,25,14,12:24:00,
9817,5855,8,4,31,3,09:37:00,
9818,5855,34,4,28,5,10:08:00,
9819,5856,68,7,29,4,11:44:00,
9820,5857,29,5,32,13,10:10:00,
9821,5858,69,2,36,6,13:25:00,
9822,5858,31,1,21,13,13:20:00,
9823,5858,49,3,19,6,12:09:00,
9824,5859,62,3,26,7,17:12:00,
9825,5859,29,1,37,5,16:29:00,
9826,5860,24,2,41,13,15:36:00,
9827,5861,49,1,31,7,14:28:00,
9828,5862,20,1,30,14,10:58:00,
9829,5862,10,5,26,12,10:21:00,
9830,5863,50,3,27,14,13:19:00,
9831,5864,65,7,45,6,17:11:00,
9832,5865,11,7,33,7,09:35:00,
9833,5865,7,1,31,14,09:40:00,
9834,5866,34,3,22,1,14:29:00,
9835,5866,5,3,35,1,13:55:00,
9836,5866,72,5,33,1,13:46:00,
9837,5867,49,8,25,13,14:48:00,
9838,5867,50,5,26,12,15:11:00,
9839,5868,61,7,13,10,12:24:00,
9840,5868,53,2,31,12,12:40:00,
9841,5869,29,8,24,7,15:16:00,
9842,5869,64,1,34,12,14:21:00,
9843,5870,24,3,38,14,11:59:00,
9844,5870,68,8,29,10,12:54:00,
9845,5870,8,7,17,6,12:01:00,
9846,5871,59,4,25,3,16:21:00,
9847,5872,50,5,43,2,15:13:00,
9848,5873,31,6,17,3,11:18:00,
9849,5873,44,7,27,2,11:12:00,
9850,5873,68,6,52,5,10:59:00,
9851,5874,54,2,44,4,14:38:00,
9852,5875,73,7,31,4,14:15:00,
9853,5876,56,5,34,11,10:04:00,
9854,5877,1,7,36,4,11:53:00,
9855,5878,55,3,16,10,16:42:00,
9856,5878,24,5,28,2,16:51:00,
9857,5879,62,5,25,13,10:10:00,
9858,5880,34,4,38,5,11:01:00,
9859,5880,55,3,30,11,11:14:00,
9860,5881,69,8,27,11,15:58:00,
9861,5881,19,5,34,14,16:08:00,
9862,5882,10,6,18,14,16:32:00,
9863,5882,5,8,32,13,16:58:00,
9864,5883,54,5,42,3,11:03:00,
9865,5884,1,8,30,11,12:58:00,
9866,5885,44,2,31,1,15:42:00,
9867,5886,73,8,42,10,15:50:00,
9868,5887,20,1,40,11,11:01:00,
9869,5888,64,7,19,5,16:41:00,
9870,5889,69,7,26,12,12:49:00,
9871,5890,29,4,23,11,12:10:00,
9872,5891,59,6,33,5,13:41:00,
9873,5892,43,8,24,4,16:12:00,
9874,5892,7,7,23,11,15:39:00,
9875,5893,73,8,9,7,13:44:00,
9876,5893,50,4,27,1,13:49:00,
9877,5893,64,7,35,5,13:43:00,
9878,5894,61,5,34,3,09:59:00,
9879,5895,55,1,21,5,11:46:00,
9880,5896,24,4,43,12,12:11:00,
9881,5897,43,8,44,11,10:23:00,
9882,5897,9,3,25,5,10:14:00,
9883,5897,20,6,34,3,10:09:00,
9884,5898,73,8,23,10,13:26:00,
9885,5898,53,1,26,12,13:07:00,
9886,5898,65,4,32,7,13:06:00,
9887,5899,39,1,21,2,12:58:00,
9888,5900,23,8,36,7,15:24:00,
9889,5900,39,8,40,3,15:16:00,
9890,5901,59,5,27,4,14:40:00,
9891,5901,48,3,25,3,14:31:00,
9892,5901,24,7,18,11,14:22:00,
9893,5902,71,2,19,3,11:37:00,
9894,5903,62,6,19,6,16:12:00,
9895,5903,71,1,25,10,16:04:00,
9896,5904,7,7,52,3,15:36:00,
9897,5905,69,8,21,1,11:00:00,
9898,5905,19,4,18,14,11:49:00,
9899,5906,48,8,18,7,14:57:00,
9900,5907,34,1,25,5,10:17:00,
9901,5907,43,7,26,12,11:59:00,
9902,5908,31,5,25,2,13:38:00,
9903,5909,54,1,34,2,13:34:00,
9904,5910,39,2,36,10,12:43:00,
9905,5910,50,6,44,5,12:33:00,
9906,5911,55,8,27,5,12:26:00,
9907,5912,8,5,15,6,12:26:00,
9908,5912,50,3,30,2,12:35:00,
9909,5913,50,4,31,11,13:07:00,
9910,5914,7,4,38,12,16:37:00,
9911,5915,34,5,30,2,11:44:00,
9912,5916,48,4,32,3,12:16:00,
9913,5916,56,2,41,7,12:32:00,
9914,5917,49,7,19,3,13:05:00,
9915,5917,54,6,34,2,13:31:00,
9916,5917,65,6,33,12,13:09:00,
9917,5918,68,7,45,12,12:47:00,
9918,5919,5,2,28,10,16:34:00,
9919,5920,39,2,26,7,15:16:00,
9920,5920,44,4,33,14,15:20:00,
9921,5921,27,8,51,4,14:20:00,
9922,5922,8,2,38,3,16:40:00,
9923,5923,11,8,36,14,09:54:00,
9924,5923,54,2,35,6,10:04:00,
9925,5924,49,1,31,2,16:07:00,
9926,5925,65,5,29,12,11:32:00,
9927,5925,49,8,6,5,11:33:00,
9928,5925,7,4,36,3,11:04:00,
9929,5926,61,3,17,11,15:06:00,
9930,5926,8,5,49,6,15:28:00,
9931,5927,39,5,15,4,14:13:00,
9932,5927,19,2,31,2,13:55:00,
9933,5928,10,7,18,3,11:06:00,
9934,5929,42,3,37,4,12:22:00,
9935,5929,69,3,34,1,12:10:00,
9936,5930,31,2,20,1,09:37:00,
9937,5931,20,4,28,1,16:46:00,
9938,5931,61,4,24,1,14:59:00,
9939,5931,24,5,27,5,15:02:00,
9940,5932,11,6,37,6,14:37:00,
9941,5933,64,5,18,13,14:18:00,
9942,5933,68,7,31,1,15:14:00,
9943,5934,55,4,25,5,09:42:00,
9944,5934,62,4,17,11,09:40:00,
9945,5935,69,1,26,7,13:28:00,
9946,5936,19,7,20,7,10:01:00,
9947,5937,69,2,28,12,17:12:00,
9948,5937,48,8,30,14,17:27:00,
9949,5938,19,6,39,3,11:26:00,
9950,5938,44,4,18,11,11:23:00,
9951,5938,54,4,42,12,11:20:00,
9952,5939,65,4,28,5,15:27:00,
9953,5939,56,8,30,5,15:35:00,
9954,5940,29,3,26,2,14:39:00,
9955,5940,1,6,30,13,13:41:00,
9956,5941,8,8,36,11,10:26:00,
9957,5941,61,2,42,5,10:35:00,
9958,5941,73,2,41,13,09:47:00,
9959,5942,9,1,30,1,12:49:00,
9960,5942,11,2,30,3,12:49:00,
9961,5943,71,4,23,13,16:21:00,
9962,5943,62,7,32,1,16:50:00,
9963,5944,19,2,31,5,10:45:00,
9964,5945,7,3,34,2,09:54:00,
9965,5945,5,7,35,5,09:50:00,
9966,5946,11,3,44,7,15:22:00,
9967,5946,65,2,29,4,15:32:00,
9968,5947,50,6,30,10,14:11:00,
9969,5947,5,7,29,12,14:04:00,
9970,5948,27,4,33,12,14:19:00,
9971,5949,68,3,27,7,10:51:00,
9972,5950,72,3,37,2,10:54:00,
9973,5950,42,3,25,10,10:54:00,
9974,5950,24,5,16,1,10:36:00,
9975,5951,48,6,22,3,10:34:00,
9976,5952,27,2,20,1,11:24:00,
9977,5952,68,3,37,2,11:06:00,
9978,5953,44,6,22,5,11:41:00,
9979,5953,53,4,34,6,12:27:00,
9980,5953,8,2,30,10,12:18:00,
9981,5954,62,6,28,5,09:38:00,
9982,5954,54,7,34,4,09:13:00,
9983,5955,31,3,29,6,17:17:00,
9984,5955,55,4,24,4,18:11:00,
9985,5956,71,5,19,5,16:50:00,
9986,5956,20,1,29,10,18:02:00,
9987,5956,49,3,16,7,17:35:00,
9988,5957,68,4,25,2,15:43:00,
9989,5958,11,7,13,5,14:41:00,
9990,5958,19,4,30,2,15:22:00,
9991,5959,11,8,30,14,11:15:00,
9992,5960,54,5,35,10,16:15:00,
9993,5961,1,1,28,6,13:23:00,
9994,5962,9,4,34,3,12:19:00,
9995,5962,42,4,47,5,12:38:00,
9996,5963,61,5,43,4,10:45:00,
9997,5963,44,7,11,14,10:30:00,
9998,5964,73,6,10,11,11:51:00,
9999,5964,20,4,31,2,12:12:00,
10000,5965,24,3,32,4,14:58:00,
10001,5966,43,2,35,2,12:59:00,
10002,5966,50,4,29,3,13:49:00,
10003,5967,23,2,32,3,09:26:00,
10004,5967,50,3,33,3,09:34:00,
10005,5968,29,3,29,4,17:32:00,
10006,5968,1,3,36,11,17:21:00,
10007,5968,50,4,36,10,17:36:00,
10008,5969,7,2,34,5,15:27:00,
10009,5969,53,3,30,5,15:53:00,
10010,5970,10,7,26,3,10:59:00,
10011,5971,42,4,35,2,13:27:00,
10012,5971,20,8,36,14,13:23:00,
10013,5972,31,5,30,14,15:38:00,
10014,5973,68,8,26,1,17:27:00,
10015,5973,73,7,22,3,17:14:00,
10016,5974,1,6,32,6,15:59:00,
10017,5974,59,6,29,4,15:43:00,
10018,5975,9,5,31,12,10:04:00,
10019,5975,72,4,36,10,10:39:00,
10020,5976,53,2,27,14,11:43:00,
10021,5976,68,6,30,12,11:23:00,
10022,5977,8,7,23,10,11:05:00,
10023,5978,11,1,29,11,18:37:00,
10024,5979,65,6,32,13,17:09:00,
10025,5980,57,5,29,12,13:34:00,
10026,5981,50,6,31,5,13:13:00,
10027,5981,19,4,24,13,12:53:00,
10028,5981,27,1,18,6,12:52:00,
10029,5982,8,7,20,14,13:44:00,
10030,5982,54,5,26,4,13:41:00,
10031,5982,73,1,28,14,13:58:00,
10032,5983,61,2,18,14,11:39:00,
10033,5984,23,8,17,4,12:38:00,
10034,5984,61,7,27,14,13:13:00,
10035,5984,68,5,32,3,13:14:00,
10036,5985,29,7,27,1,14:26:00,
10037,5985,62,7,22,10,14:24:00,
10038,5986,64,3,21,10,10:29:00,
10039,5987,29,2,15,4,15:08:00,
10040,5988,43,3,45,5,17:17:00,
10041,5989,42,3,24,1,10:01:00,
10042,5990,5,8,24,12,13:17:00,
10043,5991,55,1,23,14,09:39:00,
10044,5991,1,8,19,5,09:35:00,
10045,5991,31,1,17,12,09:20:00,
10046,5992,8,8,31,10,11:29:00,
10047,5992,53,1,31,5,10:38:00,
10048,5993,59,8,16,1,13:45:00,
10049,5993,31,4,24,14,13:09:00,
10050,5994,5,4,40,1,13:57:00,
10051,5995,72,6,29,11,11:02:00,
10052,5996,24,6,36,3,18:05:00,
10053,5996,23,1,35,10,17:29:00,
10054,5996,11,3,21,12,18:09:00,
10055,5997,42,5,32,11,12:04:00,
10056,5997,55,4,16,5,11:45:00,
10057,5998,11,8,21,4,12:39:00,
10058,5998,24,1,35,7,12:43:00,
10059,5999,53,3,21,6,13:31:00,
10060,6000,29,6,33,14,12:02:00,
10061,6000,45,4,38,14,11:46:00,
10062,6001,39,4,29,5,10:09:00,
10063,6001,11,4,35,1,11:02:00,
10064,6002,5,1,36,12,16:37:00,
10065,6002,9,6,40,2,16:43:00,
10066,6002,53,6,30,4,17:53:00,
10067,6003,45,4,49,13,14:20:00,
10068,6003,19,2,33,12,13:22:00,
10069,6003,39,3,36,3,13:52:00,
10070,6004,19,7,19,3,11:51:00,
10071,6004,10,6,22,10,13:23:00,
10072,6005,9,5,28,12,13:43:00,
10073,6005,43,4,39,2,13:46:00,
10074,6006,50,3,23,7,10:05:00,
10075,6006,64,7,42,14,10:49:00,
10076,6007,23,6,34,10,16:25:00,
10077,6008,24,2,30,11,16:29:00,
10078,6008,10,4,21,6,16:39:00,
10079,6009,62,3,24,6,15:26:00,
10080,6009,49,6,22,7,15:40:00,
10081,6010,34,8,42,12,13:44:00,
10082,6011,43,4,35,11,16:23:00,
10083,6012,20,8,35,1,17:58:00,
10084,6012,62,4,23,1,17:44:00,
10085,6012,49,8,25,11,17:48:00,
10086,6013,31,2,28,6,15:14:00,
10087,6014,49,2,22,14,12:54:00,
10088,6014,11,1,33,1,12:57:00,
10089,6014,68,5,20,1,13:15:00,
10090,6015,64,5,26,10,13:31:00,
10091,6015,50,8,27,5,13:12:00,
10092,6016,72,4,30,11,15:12:00,
10093,6016,64,2,27,13,15:54:00,
10094,6017,10,3,17,11,14:10:00,
10095,6018,1,6,32,10,11:18:00,
10096,6019,55,5,29,6,12:49:00,
10097,6019,31,1,30,12,12:56:00,
10098,6020,1,6,16,11,11:28:00,
10099,6020,55,3,28,10,11:00:00,
10100,6020,59,1,34,11,11:13:00,
10101,6021,45,3,35,2,09:36:00,
10102,6021,69,3,20,2,09:24:00,
10103,6022,23,2,38,10,13:42:00,
10104,6023,44,3,13,1,16:49:00,
10105,6023,69,3,29,14,16:36:00,
10106,6024,68,1,30,2,14:29:00,
10107,6024,1,2,30,7,13:48:00,
10108,6025,59,2,21,4,17:21:00,
10109,6025,39,5,33,1,18:01:00,
10110,6026,11,8,15,13,09:54:00,
10111,6026,29,2,16,10,10:28:00,
10112,6027,31,3,27,10,18:52:00,
10113,6027,56,2,43,2,17:29:00,
10114,6028,62,4,13,12,15:34:00,
10115,6028,57,3,21,3,15:26:00,
10116,6029,61,1,11,2,13:30:00,
10117,6030,55,6,24,1,14:44:00,
10118,6031,8,7,25,10,13:18:00,
10119,6031,43,4,56,13,13:07:00,
10120,6032,31,5,20,2,13:14:00,
10121,6033,62,8,18,12,16:30:00,
10122,6033,48,6,21,4,16:30:00,
10123,6034,54,5,28,5,12:59:00,
10124,6034,19,2,31,3,12:55:00,
10125,6035,48,6,22,4,17:36:00,
10126,6035,44,3,34,6,17:11:00,
10127,6035,23,1,24,4,16:09:00,
10128,6036,9,8,31,2,11:24:00,
10129,6037,54,2,34,4,16:33:00,
10130,6037,24,7,46,1,15:21:00,
10131,6038,45,4,35,2,14:59:00,
10132,6038,68,5,40,7,14:13:00,
10133,6039,34,2,49,2,15:58:00,
10134,6040,39,8,18,6,13:11:00,
10135,6041,50,2,40,14,09:51:00,
10136,6042,48,6,31,5,11:03:00,
10137,6042,56,3,44,2,10:19:00,
10138,6043,19,2,32,14,16:30:00,
10139,6043,24,4,30,10,17:22:00,
10140,6044,72,6,20,3,13:53:00,
10141,6044,27,5,21,10,14:00:00,
10142,6044,45,4,46,12,14:05:00,
10143,6045,24,5,39,4,12:38:00,
10144,6046,9,7,20,6,12:04:00,
10145,6046,43,4,30,7,11:32:00,
10146,6047,24,8,39,5,13:54:00,
10147,6048,55,1,27,5,12:07:00,
10148,6048,49,1,18,12,12:41:00,
10149,6048,8,6,35,6,12:44:00,
10150,6049,44,1,18,13,12:15:00,
10151,6049,24,2,43,11,12:18:00,
10152,6050,65,8,34,14,14:17:00,
10153,6051,34,5,29,12,15:28:00,
10154,6052,73,1,33,6,11:38:00,
10155,6052,68,2,26,12,11:47:00,
10156,6052,39,8,24,1,11:57:00,
10157,6053,68,3,32,13,12:35:00,
10158,6053,53,6,24,1,14:27:00,
10159,6054,19,7,39,7,15:06:00,
10160,6054,68,3,26,11,15:32:00,
10161,6054,72,6,31,5,14:54:00,
10162,6055,48,5,30,3,09:50:00,
10163,6056,34,2,23,1,15:50:00,
10164,6057,10,4,25,11,17:29:00,
10165,6058,31,8,24,7,11:59:00,
10166,6059,68,3,19,4,15:47:00,
10167,6060,11,2,21,11,15:49:00,
10168,6060,29,3,25,5,15:47:00,
10169,6061,49,8,25,1,10:35:00,
10170,6062,59,6,18,10,13:45:00,
10171,6062,49,7,23,14,13:34:00,
10172,6063,1,6,37,4,15:36:00,
10173,6064,1,2,33,1,15:12:00,
10174,6064,23,6,36,2,15:36:00,
10175,6065,62,5,6,7,12:01:00,
10176,6066,69,3,30,12,14:44:00,
10177,6066,23,6,37,2,14:34:00,
10178,6067,73,5,16,4,11:35:00,
10179,6068,56,5,16,3,11:06:00,
10180,6068,69,5,37,2,11:13:00,
10181,6069,24,7,17,3,15:44:00,
10182,6069,65,8,38,5,17:13:00,
10183,6070,9,1,17,13,13:50:00,
10184,6070,31,8,21,11,14:11:00,
10185,6071,23,4,34,1,12:15:00,
10186,6071,68,5,25,14,13:06:00,
10187,6071,53,6,25,5,12:50:00,
10188,6072,20,1,31,6,12:23:00,
10189,6073,57,1,21,5,16:42:00,
10190,6073,27,5,26,1,17:14:00,
10191,6074,56,4,25,10,16:04:00,
10192,6074,45,2,42,4,15:49:00,
10193,6075,43,7,35,11,14:13:00,
10194,6076,54,1,26,2,09:32:00,
10195,6076,62,6,21,3,09:31:00,
10196,6077,48,2,37,11,12:48:00,
10197,6078,29,3,14,1,12:25:00,
10198,6078,8,6,28,13,13:20:00,
10199,6079,65,1,34,13,16:30:00,
10200,6079,31,2,19,7,16:50:00,
10201,6080,24,4,40,5,11:15:00,
10202,6080,71,4,20,4,11:06:00,
10203,6080,9,4,30,11,11:10:00,
10204,6081,69,1,30,3,09:54:00,
10205,6081,1,7,40,2,09:38:00,
10206,6082,62,5,42,2,16:16:00,
10207,6082,59,5,24,13,15:52:00,
10208,6083,34,8,28,12,10:51:00,
10209,6083,19,3,21,5,10:15:00,
10210,6084,53,3,24,7,16:38:00,
10211,6084,43,8,28,2,17:02:00,
10212,6085,50,5,21,13,14:42:00,
10213,6086,45,1,30,13,12:14:00,
10214,6087,54,7,48,6,11:31:00,
10215,6087,73,4,21,5,11:05:00,
10216,6088,34,3,46,3,16:44:00,
10217,6088,59,8,16,6,16:59:00,
10218,6089,39,5,24,11,11:18:00,
10219,6090,23,3,41,4,14:33:00,
10220,6091,64,3,19,12,16:44:00,
10221,6091,5,8,25,11,16:55:00,
10222,6092,69,5,44,5,15:22:00,
10223,6092,48,3,23,1,15:38:00,
10224,6092,34,5,31,14,14:36:00,
10225,6093,54,5,21,7,10:49:00,
10226,6093,8,2,25,6,10:52:00,
10227,6094,43,8,30,5,11:29:00,
10228,6094,44,1,17,4,11:00:00,
10229,6095,71,2,10,12,17:58:00,
10230,6095,50,7,37,2,17:44:00,
10231,6095,57,6,27,1,18:16:00,
10232,6096,68,7,25,10,14:01:00,
10233,6096,62,7,22,2,14:05:00,
10234,6096,54,4,38,10,14:57:00,
10235,6097,19,4,38,1,13:34:00,
10236,6098,43,4,27,12,11:35:00,
10237,6098,62,6,20,6,11:50:00,
10238,6099,68,2,28,3,11:12:00,
10239,6100,64,5,30,1,15:46:00,
10240,6100,53,7,25,7,15:53:00,
10241,6101,45,1,43,7,11:02:00,
10242,6101,64,8,21,2,10:56:00,
10243,6101,48,7,30,4,09:42:00,
10244,6102,11,3,25,7,11:26:00,
10245,6102,23,5,38,6,11:37:00,
10246,6103,8,6,33,13,14:36:00,
10247,6104,39,4,15,5,12:03:00,
10248,6104,73,8,28,10,12:48:00,
10249,6105,71,1,29,4,14:32:00,
10250,6105,9,7,20,11,14:16:00,
10251,6106,49,8,23,11,09:35:00,
10252,6106,11,4,37,1,09:20:00,
10253,6107,44,4,7,1,11:57:00,
10254,6107,57,7,15,10,12:01:00,
10255,6107,54,2,44,11,12:14:00,
10256,6108,34,7,49,3,16:03:00,
10257,6108,62,8,33,10,15:54:00,
10258,6109,45,1,36,1,13:25:00,
10259,6109,55,2,22,5,14:22:00,
10260,6109,9,2,28,11,14:24:00,
10261,6110,29,6,25,13,13:43:00,
10262,6111,54,3,12,3,17:49:00,
10263,6112,57,1,20,3,16:07:00,
10264,6112,31,2,30,6,16:30:00,
10265,6112,48,8,25,3,16:05:00,
10266,6113,19,3,24,6,15:37:00,
10267,6114,31,7,30,10,15:36:00,
10268,6114,24,4,20,2,16:29:00,
10269,6115,59,7,27,6,12:59:00,
10270,6115,5,1,25,5,12:50:00,
10271,6116,43,1,31,4,13:59:00,
10272,6117,1,6,28,14,11:07:00,
10273,6117,53,1,33,3,11:48:00,
10274,6118,19,2,23,10,16:09:00,
10275,6119,69,4,37,1,15:09:00,
10276,6120,49,2,29,4,16:21:00,
10277,6121,10,4,18,2,09:39:00,
10278,6121,64,4,31,1,09:37:00,
10279,6122,29,4,19,12,09:52:00,
10280,6122,5,4,33,6,10:16:00,
10281,6122,8,2,27,10,09:49:00,
10282,6123,49,3,14,4,12:55:00,
10283,6123,9,1,22,13,12:26:00,
10284,6124,49,7,21,14,10:51:00,
10285,6124,61,8,25,7,11:10:00,
10286,6124,5,1,32,5,10:50:00,
10287,6125,48,2,34,3,16:21:00,
10288,6125,31,5,20,2,16:47:00,
10289,6126,27,5,26,4,11:28:00,
10290,6126,48,6,15,2,10:59:00,
10291,6126,56,7,33,6,11:45:00,
10292,6127,50,1,19,13,11:15:00,
10293,6128,31,5,31,11,16:33:00,
10294,6128,10,5,22,12,16:34:00,
10295,6129,9,1,32,4,12:20:00,
10296,6130,61,1,39,1,18:08:00,
10297,6130,19,6,30,11,17:38:00,
10298,6131,69,7,28,2,11:26:00,
10299,6132,1,4,29,3,11:25:00,
10300,6132,57,4,21,14,11:34:00,
10301,6133,73,7,22,5,10:02:00,
10302,6134,71,2,22,14,13:21:00,
10303,6134,69,3,15,2,14:23:00,
10304,6135,45,3,38,6,17:15:00,
10305,6136,71,8,17,1,12:24:00,
10306,6137,23,6,38,2,12:24:00,
10307,6138,64,7,32,14,15:13:00,
10308,6138,43,5,28,3,15:27:00,
10309,6139,29,6,45,7,14:31:00,
10310,6139,64,4,27,3,13:26:00,
10311,6139,59,7,27,14,14:11:00,
10312,6140,45,2,38,2,14:49:00,
10313,6141,68,6,31,5,12:35:00,
10314,6142,11,6,18,12,17:05:00,
10315,6142,8,2,41,13,17:27:00,
10316,6142,48,4,37,3,16:43:00,
10317,6143,39,6,27,2,13:44:00,
10318,6144,62,5,35,1,15:38:00,
10319,6144,31,7,28,10,15:38:00,
10320,6145,69,3,17,1,12:43:00,
10321,6145,39,4,20,13,13:46:00,
10322,6146,64,7,23,7,13:55:00,
10323,6146,42,8,46,14,14:19:00,
10324,6146,34,8,38,11,14:38:00,
10325,6147,71,4,23,7,16:00:00,
10326,6148,10,7,28,7,15:08:00,
10327,6149,10,3,19,4,12:50:00,
10328,6150,48,6,19,12,10:45:00,
10329,6150,43,1,32,14,11:10:00,
10330,6151,56,8,30,1,14:22:00,
10331,6152,11,3,10,3,15:05:00,
10332,6153,10,3,31,7,15:19:00,
10333,6153,68,4,20,10,13:54:00,
10334,6153,45,1,47,12,14:38:00,
10335,6154,24,8,34,2,11:44:00,
10336,6155,71,6,36,6,14:55:00,
10337,6156,27,8,30,10,13:40:00,
10338,6156,43,7,33,13,13:48:00,
10339,6156,19,1,44,6,13:39:00,
10340,6157,65,7,29,5,13:31:00,
10341,6157,5,5,47,11,12:06:00,
10342,6158,61,1,33,4,12:02:00,
10343,6159,69,7,29,12,11:33:00,
10344,6160,62,7,27,13,17:19:00,
10345,6161,62,6,45,7,13:23:00,
10346,6161,27,7,24,10,13:02:00,
10347,6162,1,2,27,3,14:19:00,
10348,6162,69,5,23,12,13:48:00,
10349,6162,24,8,30,13,14:31:00,
10350,6163,24,5,20,2,15:21:00,
10351,6163,10,5,33,4,15:49:00,
10352,6163,11,8,28,10,15:54:00,
10353,6164,49,6,25,4,15:33:00,
10354,6165,8,3,28,11,14:40:00,
10355,6166,39,3,30,11,16:47:00,
10356,6166,57,8,22,2,17:07:00,
10357,6166,27,3,16,6,16:37:00,
10358,6167,59,8,33,12,15:50:00,
10359,6168,53,7,25,10,16:50:00,
10360,6169,19,2,33,13,11:42:00,
10361,6170,48,3,33,13,10:21:00,
10362,6170,39,2,30,13,10:06:00,
10363,6171,65,3,33,13,14:00:00,
10364,6171,69,6,32,3,15:14:00,
10365,6172,10,6,24,4,13:34:00,
10366,6173,56,2,28,14,16:28:00,
10367,6174,39,3,27,4,14:45:00,
10368,6174,72,1,31,1,13:41:00,
10369,6174,49,6,21,4,13:51:00,
10370,6175,42,5,24,1,11:58:00,
10371,6176,31,4,26,10,16:32:00,
10372,6176,65,5,40,3,16:09:00,
10373,6176,62,3,52,2,16:14:00,
10374,6177,45,6,53,4,09:20:00,
10375,6177,56,5,22,1,09:29:00,
10376,6178,44,4,29,10,11:48:00,
10377,6179,62,5,25,7,13:57:00,
10378,6179,73,2,25,11,13:58:00,
10379,6179,31,1,33,14,13:53:00,
10380,6180,71,4,18,13,11:50:00,
10381,6180,69,3,34,4,12:28:00,
10382,6181,29,5,27,6,09:54:00,
10383,6182,61,5,25,6,15:58:00,
10384,6183,34,7,20,6,11:04:00,
10385,6184,54,6,17,11,14:06:00,
10386,6185,8,4,27,1,12:55:00,
10387,6185,59,7,29,12,12:47:00,
10388,6185,53,5,25,10,12:44:00,
10389,6186,1,4,37,13,09:49:00,
10390,6186,42,8,29,3,10:27:00,
10391,6187,64,6,27,3,13:39:00,
10392,6187,72,5,20,10,14:10:00,
10393,6187,39,5,40,11,13:39:00,
10394,6188,69,7,20,1,12:01:00,
10395,6188,11,1,16,3,11:48:00,
10396,6189,19,3,35,2,15:01:00,
10397,6190,24,4,28,5,12:51:00,
10398,6190,19,7,30,2,12:47:00,
10399,6191,39,5,13,4,13:02:00,
10400,6192,59,2,10,14,17:26:00,
10401,6193,44,1,19,13,10:11:00,
10402,6193,54,1,36,3,10:10:00,
10403,6194,72,4,31,13,14:45:00,
10404,6194,1,5,33,14,16:24:00,
10405,6195,73,4,36,3,09:28:00,
10406,6195,10,8,27,7,11:14:00,
10407,6195,1,3,24,7,10:50:00,
10408,6196,29,4,36,4,18:01:00,
10409,6197,50,7,40,4,12:18:00,
10410,6197,44,3,24,4,12:38:00,
10411,6198,56,4,29,5,16:54:00,
10412,6199,69,4,33,7,10:37:00,
10413,6200,64,4,26,11,11:18:00,
10414,6200,1,5,31,10,10:59:00,
10415,6201,11,2,24,6,14:39:00,
10416,6201,19,6,23,10,14:35:00,
10417,6202,1,2,31,10,12:23:00,
10418,6203,19,6,34,11,11:02:00,
10419,6203,20,7,37,7,10:17:00,
10420,6204,72,8,32,3,10:39:00,
10421,6205,45,6,38,3,09:30:00,
10422,6205,29,3,18,3,09:15:00,
10423,6206,56,2,18,6,13:27:00,
10424,6207,20,5,30,12,15:23:00,
10425,6208,11,2,25,4,12:06:00,
10426,6208,42,1,18,4,11:14:00,
10427,6208,49,1,14,14,12:25:00,
10428,6209,5,1,32,6,09:46:00,
10429,6210,27,3,28,1,15:29:00,
10430,6210,71,3,9,11,15:06:00,
10431,6211,27,3,31,3,14:34:00,
10432,6212,72,7,28,7,12:18:00,
10433,6212,24,4,25,1,12:29:00,
10434,6213,64,3,28,11,12:10:00,
10435,6214,50,8,19,1,15:35:00,
10436,6215,10,5,28,2,11:46:00,
10437,6216,5,5,39,5,10:20:00,
10438,6216,10,5,8,1,11:20:00,
10439,6217,19,1,37,11,11:03:00,
10440,6217,43,7,33,5,11:14:00,
10441,6218,42,2,19,1,13:26:00,
10442,6219,61,4,36,2,13:29:00,
10443,6219,24,8,34,12,13:35:00,
10444,6219,53,7,32,3,13:29:00,
10445,6220,43,2,26,1,13:56:00,
10446,6220,31,4,22,3,13:57:00,
10447,6221,59,7,38,3,12:07:00,
10448,6222,64,8,26,7,11:05:00,
10449,6223,29,1,17,14,17:28:00,
10450,6223,56,2,44,3,15:42:00,
10451,6224,11,8,23,13,15:07:00,
10452,6224,44,3,22,5,13:50:00,
10453,6225,10,2,27,2,12:09:00,
10454,6225,57,1,13,13,12:10:00,
10455,6226,69,3,34,13,12:52:00,
10456,6227,29,4,26,5,11:29:00,
10457,6228,54,7,40,7,12:53:00,
10458,6228,5,3,46,14,12:12:00,
10459,6229,24,1,21,10,16:36:00,
10460,6230,44,1,22,14,12:40:00,
10461,6231,62,1,20,3,15:27:00,
10462,6232,11,2,30,2,13:49:00,
10463,6232,68,7,22,10,13:44:00,
10464,6232,49,2,15,2,14:14:00,
10465,6233,54,7,42,10,13:19:00,
10466,6233,73,1,22,10,12:50:00,
10467,6234,19,1,22,3,12:46:00,
10468,6235,62,1,15,1,16:15:00,
10469,6235,29,3,38,11,15:26:00,
10470,6236,71,5,32,4,12:08:00,
10471,6236,54,3,18,12,13:11:00,
10472,6236,1,2,45,1,12:06:00,
10473,6237,27,4,30,11,16:41:00,
10474,6237,62,8,17,7,16:59:00,
10475,6238,10,5,32,12,12:54:00,
10476,6239,61,2,31,11,15:25:00,
10477,6239,20,7,40,7,15:05:00,
10478,6240,49,8,18,1,17:58:00,
10479,6240,62,8,22,6,16:50:00,
10480,6240,27,3,19,4,18:06:00,
10481,6241,53,1,13,12,11:42:00,
10482,6242,44,1,9,4,14:42:00,
10483,6242,65,1,28,2,14:34:00,
10484,6243,24,8,23,1,10:52:00,
10485,6244,27,5,27,13,16:19:00,
10486,6244,61,6,19,12,15:43:00,
10487,6245,59,4,30,3,12:10:00,
10488,6245,71,4,19,5,11:55:00,
10489,6245,9,8,28,10,12:01:00,
10490,6246,23,8,30,2,10:34:00,
10491,6246,43,2,38,10,10:22:00,
10492,6247,56,1,34,10,14:54:00,
10493,6247,29,7,38,12,15:01:00,
10494,6248,9,4,39,7,12:55:00,
10495,6248,50,2,34,2,11:47:00,
10496,6249,27,1,39,2,10:25:00,
10497,6250,9,6,27,7,13:08:00,
10498,6251,9,8,21,5,14:44:00,
10499,6251,64,8,39,6,14:19:00,
10500,6252,27,4,5,11,13:19:00,
10501,6252,53,7,17,10,13:02:00,
10502,6253,31,6,25,4,10:39:00,
10503,6254,29,8,32,7,09:18:00,
10504,6254,8,7,21,4,09:13:00,
10505,6255,1,8,24,7,16:43:00,
10506,6255,43,7,44,7,17:22:00,
10507,6256,20,3,23,1,16:56:00,
10508,6257,23,5,33,4,13:45:00,
10509,6257,19,6,24,14,14:03:00,
10510,6258,42,7,36,11,09:17:00,
10511,6258,20,6,43,3,09:53:00,
10512,6258,49,6,27,5,09:52:00,
10513,6259,68,8,28,4,14:54:00,
10514,6260,59,1,24,2,11:21:00,
10515,6260,73,8,25,11,10:46:00,
10516,6261,34,8,29,2,15:24:00,
10517,6261,31,5,30,2,14:21:00,
10518,6262,31,2,17,12,11:41:00,
10519,6263,49,6,10,3,15:43:00,
10520,6263,57,7,27,14,15:46:00,
10521,6264,29,7,33,11,16:25:00,
10522,6264,45,2,38,4,16:24:00,
10523,6265,11,2,24,7,09:55:00,
10524,6266,27,6,22,13,14:51:00,
10525,6266,11,6,31,2,14:20:00,
10526,6267,8,1,29,7,13:46:00,
10527,6267,71,3,31,2,14:27:00,
10528,6268,5,4,28,14,16:35:00,
10529,6268,69,5,31,4,16:15:00,
10530,6268,72,3,34,13,15:52:00,
10531,6269,34,7,33,6,10:37:00,
10532,6270,29,1,19,12,14:37:00,
10533,6271,9,2,35,6,13:43:00,
10534,6271,42,1,26,14,14:07:00,
10535,6271,49,2,21,13,14:23:00,
10536,6272,48,4,14,12,15:31:00,
10537,6272,23,4,25,3,15:35:00,
10538,6273,27,5,27,4,10:40:00,
10539,6273,56,1,23,2,10:32:00,
10540,6274,11,7,25,1,15:34:00,
10541,6275,54,2,41,7,15:43:00,
10542,6276,23,3,42,11,09:12:00,
10543,6276,64,7,33,11,10:04:00,
10544,6276,57,2,15,6,09:11:00,
10545,6277,23,2,27,6,14:57:00,
10546,6278,69,6,30,1,10:34:00,
10547,6278,8,7,31,4,10:34:00,
10548,6278,73,5,34,12,09:36:00,
10549,6279,56,4,21,10,16:17:00,
10550,6279,61,3,24,13,15:40:00,
10551,6280,62,2,20,12,15:08:00,
10552,6281,11,3,27,14,09:23:00,
10553,6282,53,5,30,5,11:35:00,
10554,6283,57,2,13,3,09:28:00,
10555,6284,73,3,30,3,09:25:00,
10556,6285,20,7,48,10,13:43:00,
10557,6286,10,8,26,3,15:15:00,
10558,6286,27,7,30,1,15:16:00,
10559,6287,11,8,23,13,12:45:00,
10560,6287,65,6,33,4,12:42:00,
10561,6288,48,5,29,2,10:36:00,
10562,6289,50,1,28,3,13:42:00,
10563,6289,31,5,15,6,13:57:00,
10564,6289,23,7,44,4,13:48:00,
10565,6290,31,7,22,10,11:12:00,
10566,6291,42,7,34,2,11:52:00,
10567,6291,5,1,24,3,11:57:00,
10568,6291,10,8,39,11,12:15:00,
10569,6292,9,1,43,4,09:07:00,
10570,6292,57,5,18,13,09:05:00,
10571,6292,19,2,27,7,09:22:00,
10572,6293,57,2,23,7,12:39:00,
10573,6293,5,1,35,5,12:24:00,
10574,6293,62,5,23,14,12:12:00,
10575,6294,53,1,20,2,16:36:00,
10576,6295,31,7,19,13,16:10:00,
10577,6295,8,6,44,1,16:55:00,
10578,6295,50,7,20,2,16:53:00,
10579,6296,39,7,25,4,14:48:00,
10580,6296,61,3,34,6,13:50:00,
10581,6297,10,4,26,4,10:22:00,
10582,6297,11,7,54,4,10:02:00,
10583,6298,23,5,25,3,14:00:00,
10584,6298,71,3,21,13,13:44:00,
10585,6299,10,3,12,3,16:07:00,
10586,6300,31,7,34,7,12:52:00,
10587,6300,57,5,24,13,12:38:00,
10588,6301,54,3,34,2,16:06:00,
10589,6301,1,7,32,10,15:50:00,
10590,6302,61,4,36,3,15:33:00,
10591,6303,57,7,16,6,16:32:00,
10592,6303,50,5,20,4,16:17:00,
10593,6304,57,3,29,4,11:43:00,
10594,6305,72,6,30,13,14:42:00,
10595,6305,61,1,33,2,15:48:00,
10596,6306,27,1,37,12,11:07:00,
10597,6307,73,6,16,7,16:49:00,
10598,6307,31,3,24,4,16:52:00,
10599,6307,53,8,30,11,16:40:00,
10600,6308,53,7,26,1,15:39:00,
10601,6308,50,7,33,12,15:53:00,
10602,6309,72,8,34,13,14:04:00,
10603,6309,8,1,37,2,13:38:00,
10604,6310,11,2,31,3,14:53:00,
10605,6310,27,7,27,7,15:04:00,
10606,6311,65,7,35,5,09:51:00,
10607,6312,71,1,19,1,16:28:00,
10608,6312,23,6,37,7,16:38:00,
10609,6313,44,3,37,13,15:51:00,
10610,6313,71,5,29,4,16:19:00,
10611,6314,71,3,24,5,17:39:00,
10612,6314,56,2,33,2,17:44:00,
10613,6315,53,5,29,7,17:44:00,
10614,6316,27,5,26,1,12:58:00,
10615,6317,31,8,25,13,15:10:00,
10616,6317,71,1,23,13,14:29:00,
10617,6318,29,7,10,12,16:08:00,
10618,6318,34,8,30,13,16:15:00,
10619,6318,57,8,21,3,16:38:00,
10620,6319,9,4,18,1,16:28:00,
10621,6320,44,2,27,7,14:34:00,
10622,6321,11,4,32,12,15:41:00,
10623,6321,49,3,12,6,15:59:00,
10624,6321,62,1,28,10,16:04:00,
10625,6322,53,8,26,3,09:56:00,
10626,6323,61,6,32,10,13:41:00,
10627,6323,73,2,23,12,14:34:00,
10628,6323,19,6,32,12,15:23:00,
10629,6324,45,4,42,1,14:23:00,
10630,6325,10,6,34,11,10:50:00,
10631,6326,54,6,25,2,10:09:00,
10632,6326,11,8,15,14,10:11:00,
10633,6326,61,1,38,1,09:45:00,
10634,6327,9,4,24,5,11:20:00,
10635,6328,69,3,35,11,14:14:00,
10636,6328,20,1,41,6,14:06:00,
10637,6328,61,1,35,5,14:19:00,
10638,6329,50,2,18,2,15:12:00,
10639,6330,27,8,27,11,15:52:00,
10640,6330,56,4,34,6,15:51:00,
10641,6331,56,6,59,13,16:37:00,
10642,6331,61,2,19,4,16:12:00,
10643,6331,54,3,43,12,16:31:00,
10644,6332,44,6,13,13,15:58:00,
10645,6333,71,5,14,5,17:05:00,
10646,6333,24,1,33,12,16:55:00,
10647,6334,48,8,22,5,16:00:00,
10648,6335,64,4,18,2,13:38:00,
10649,6335,54,4,42,2,13:51:00,
10650,6336,27,2,31,10,13:07:00,
10651,6336,61,6,18,4,13:01:00,
10652,6337,20,6,45,5,16:59:00,
10653,6337,42,3,35,1,16:55:00,
10654,6338,71,7,14,14,11:56:00,
10655,6338,9,3,18,12,10:33:00,
10656,6339,31,6,20,5,15:32:00,
10657,6339,57,1,32,7,15:22:00,
10658,6340,7,4,15,14,13:10:00,
10659,6340,69,6,20,11,13:00:00,
10660,6340,27,8,32,5,12:44:00,
10661,6341,68,7,27,13,15:09:00,
10662,6341,7,2,32,4,15:59:00,
10663,6341,72,7,32,12,15:32:00,
10664,6342,45,5,33,1,12:28:00,
10665,6342,44,7,19,12,12:16:00,
10666,6343,64,2,8,11,09:37:00,
10667,6343,53,3,37,2,09:32:00,
10668,6344,54,7,37,1,16:33:00,
10669,6344,7,8,34,12,16:16:00,
10670,6344,23,1,31,7,16:15:00,
10671,6345,19,2,30,4,14:20:00,
10672,6346,43,3,22,11,13:32:00,
10673,6347,9,7,29,4,16:43:00,
10674,6347,56,6,35,7,16:50:00,
10675,6348,73,2,30,10,17:32:00,
10676,6349,11,7,22,7,09:54:00,
10677,6350,43,1,37,14,13:00:00,
10678,6351,27,5,37,13,15:20:00,
10679,6351,43,5,40,12,14:37:00,
10680,6352,5,1,39,13,12:19:00,
10681,6352,49,5,11,4,11:34:00,
10682,6353,1,7,32,1,09:57:00,
10683,6353,10,1,28,1,10:07:00,
10684,6354,23,6,36,5,10:11:00,
10685,6355,68,3,29,12,12:30:00,
10686,6355,62,4,25,6,11:50:00,
10687,6356,31,5,48,3,14:10:00,
10688,6357,69,1,32,2,16:45:00,
10689,6358,23,1,23,13,12:42:00,
10690,6358,1,1,23,3,13:13:00,
10691,6359,11,3,24,11,10:44:00,
10692,6359,65,2,29,10,09:55:00,
10693,6360,19,1,29,7,17:01:00,
10694,6361,57,1,15,6,16:51:00,
10695,6361,68,2,20,1,17:11:00,
10696,6362,45,2,36,12,15:00:00,
10697,6362,27,1,30,3,14:50:00,
10698,6363,50,7,26,5,15:36:00,
10699,6363,68,5,28,7,15:30:00,
10700,6363,61,1,29,2,15:26:00,
10701,6364,56,7,29,3,13:13:00,
10702,6364,59,6,32,6,12:22:00,
10703,6365,45,8,30,3,09:36:00,
10704,6366,54,4,32,11,15:24:00,
10705,6366,48,5,21,1,15:36:00,
10706,6367,31,7,23,14,14:53:00,
10707,6367,64,6,30,6,14:36:00,
10708,6367,61,8,31,10,15:56:00,
10709,6368,19,7,37,14,18:48:00,
10710,6368,57,1,14,2,17:45:00,
10711,6369,50,1,40,7,10:58:00,
10712,6370,8,3,18,3,11:20:00,
10713,6370,23,5,40,12,11:53:00,
10714,6370,20,3,28,14,11:10:00,
10715,6371,53,3,14,13,17:04:00,
10716,6372,61,6,32,2,15:39:00,
10717,6372,65,8,33,1,15:50:00,
10718,6373,34,5,40,5,11:07:00,
10719,6373,24,5,34,7,11:27:00,
10720,6374,8,5,31,3,10:34:00,
10721,6374,43,6,39,3,09:05:00,
10722,6374,62,1,34,11,09:54:00,
10723,6375,49,1,42,11,15:31:00,
10724,6376,54,3,24,5,11:51:00,
10725,6376,34,1,15,10,12:07:00,
10726,6377,42,1,37,10,16:33:00,
10727,6377,34,5,24,6,17:08:00,
10728,6377,19,7,32,10,16:40:00,
10729,6378,71,8,30,7,17:14:00,
10730,6379,73,1,30,2,16:03:00,
10731,6380,29,2,23,6,16:59:00,
10732,6381,59,7,16,10,18:01:00,
10733,6381,57,4,22,10,18:52:00,
10734,6382,10,6,29,12,10:58:00,
10735,6382,61,1,36,12,10:54:00,
10736,6382,68,7,23,7,10:55:00,
10737,6383,34,7,37,2,11:53:00,
10738,6384,61,6,30,5,12:56:00,
10739,6384,10,1,28,4,11:39:00,
10740,6385,5,6,31,7,16:31:00,
10741,6385,43,2,46,1,16:06:00,
10742,6386,50,7,21,11,10:58:00,
10743,6386,45,8,18,13,10:55:00,
10744,6387,23,8,44,3,12:14:00,
10745,6388,49,6,14,7,12:02:00,
10746,6388,11,2,45,6,12:07:00,
10747,6388,61,4,39,11,12:23:00,
10748,6389,71,1,22,3,10:45:00,
10749,6390,54,5,19,13,10:52:00,
10750,6391,1,7,30,3,14:56:00,
10751,6391,31,3,34,3,14:15:00,
10752,6392,44,4,11,12,16:53:00,
10753,6393,10,3,44,1,13:56:00,
10754,6393,19,6,27,1,14:00:00,
10755,6393,42,1,33,3,13:24:00,
10756,6394,23,2,35,10,15:08:00,
10757,6395,34,4,32,13,13:55:00,
10758,6395,19,1,30,5,14:19:00,
10759,6395,1,3,27,5,13:58:00,
10760,6396,48,3,25,7,12:16:00,
10761,6397,5,3,18,2,09:39:00,
10762,6398,71,1,29,1,11:43:00,
10763,6399,65,5,39,10,15:23:00,
10764,6399,5,7,20,4,17:02:00,
10765,6400,59,5,36,5,15:21:00,
10766,6401,62,4,18,6,11:25:00,
10767,6401,56,3,33,10,11:20:00,
10768,6402,64,7,25,6,16:37:00,
10769,6402,56,6,45,1,16:18:00,
10770,6402,9,6,27,13,17:09:00,
10771,6403,54,4,37,11,12:46:00,
10772,6404,65,8,18,6,16:05:00,
10773,6405,72,2,26,2,17:01:00,
10774,6405,29,5,38,10,16:09:00,
10775,6405,34,8,27,2,16:41:00,
10776,6406,20,8,11,4,10:13:00,
10777,6406,53,4,15,12,10:18:00,
10778,6407,61,7,29,11,11:54:00,
10779,6407,34,1,47,7,11:51:00,
10780,6407,5,1,30,4,12:34:00,
10781,6408,69,1,36,5,10:17:00,
10782,6408,57,5,9,14,10:54:00,
10783,6409,31,2,34,6,15:09:00,
10784,6410,72,8,27,11,15:10:00,
10785,6411,57,1,17,2,16:48:00,
10786,6411,56,7,30,2,16:45:00,
10787,6412,20,4,21,6,15:38:00,
10788,6413,44,6,18,14,10:54:00,
10789,6414,42,8,29,1,16:25:00,
10790,6414,48,5,13,5,15:47:00,
10791,6415,34,5,36,3,11:20:00,
10792,6415,11,4,23,4,11:23:00,
10793,6416,29,5,34,11,10:35:00,
10794,6416,48,7,36,12,09:20:00,
10795,6417,69,6,26,14,11:11:00,
10796,6417,10,7,25,2,10:28:00,
10797,6418,65,3,27,13,11:20:00,
10798,6418,42,1,40,2,10:32:00,
10799,6419,8,5,20,14,14:47:00,
10800,6420,5,8,37,4,13:24:00,
10801,6421,72,8,32,2,12:08:00,
10802,6421,62,2,29,5,11:45:00,
10803,6422,20,6,28,6,11:16:00,
10804,6423,9,2,30,2,15:20:00,
10805,6423,43,1,34,10,15:55:00,
10806,6424,48,2,18,5,15:20:00,
10807,6424,43,5,38,3,15:26:00,
10808,6425,11,5,22,13,15:53:00,
10809,6425,34,1,39,10,15:45:00,
10810,6426,20,3,29,13,15:57:00,
10811,6427,64,8,30,6,14:10:00,
10812,6428,27,3,39,6,15:47:00,
10813,6429,39,1,13,5,09:29:00,
10814,6430,59,1,25,12,17:05:00,
10815,6431,10,4,26,14,15:21:00,
10816,6431,71,8,25,12,15:27:00,
10817,6431,53,2,30,4,15:41:00,
10818,6432,69,6,28,10,16:30:00,
10819,6433,59,7,28,11,12:32:00,
10820,6434,54,8,29,4,11:05:00,
10821,6434,64,6,40,5,10:46:00,
10822,6434,43,4,48,6,11:14:00,
10823,6435,43,4,23,4,12:49:00,
10824,6435,8,3,38,4,12:37:00,
10825,6436,11,8,30,1,11:05:00,
10826,6436,64,7,32,7,11:03:00,
10827,6437,8,6,30,5,09:31:00,
10828,6438,35,7,17,4,11:42:00,
10829,6438,23,3,38,5,11:18:00,
10830,6438,1,3,32,13,11:36:00,
10831,6439,56,6,26,3,17:12:00,
10832,6439,39,5,34,1,17:14:00,
10833,6440,72,6,25,6,14:19:00,
10834,6440,56,2,40,2,14:06:00,
10835,6440,53,8,20,2,15:03:00,
10836,6441,69,1,21,14,11:15:00,
10837,6442,1,7,29,13,15:52:00,
10838,6443,59,6,32,10,12:36:00,
10839,6444,54,1,39,2,15:34:00,
10840,6444,1,1,32,12,15:22:00,
10841,6444,11,8,29,10,15:33:00,
10842,6445,57,7,35,2,16:12:00,
10843,6445,50,4,39,6,16:56:00,
10844,6446,65,5,38,3,12:41:00,
10845,6446,29,8,35,3,12:30:00,
10846,6446,20,2,25,2,12:31:00,
10847,6447,61,7,17,10,12:26:00,
10848,6447,48,3,37,11,12:02:00,
10849,6448,29,3,25,2,11:27:00,
10850,6448,56,7,35,3,11:37:00,
10851,6449,44,5,21,5,15:52:00,
10852,6449,54,8,29,2,16:14:00,
10853,6450,35,3,27,14,11:46:00,
10854,6450,23,7,33,11,11:09:00,
10855,6450,9,8,27,14,11:16:00,
10856,6451,45,1,47,4,16:28:00,
10857,6451,61,2,32,12,15:46:00,
10858,6452,35,7,18,2,14:31:00,
10859,6453,44,4,14,12,12:42:00,
10860,6453,11,1,14,14,13:08:00,
10861,6453,10,1,33,10,13:41:00,
10862,6454,1,6,37,4,13:49:00,
10863,6455,53,6,31,12,15:59:00,
10864,6455,59,8,21,2,16:54:00,
10865,6455,42,2,23,13,16:03:00,
10866,6456,1,2,46,4,15:26:00,
10867,6456,49,1,23,2,15:05:00,
10868,6457,39,5,24,2,15:48:00,
10869,6458,49,5,27,6,12:57:00,
10870,6458,5,1,21,12,12:57:00,
10871,6458,11,1,36,4,13:04:00,
10872,6459,45,7,29,11,12:30:00,
10873,6460,49,4,14,1,12:18:00,
10874,6460,39,2,33,10,12:47:00,
10875,6461,39,6,24,12,10:11:00,
10876,6461,62,5,30,6,10:08:00,
10877,6461,44,3,31,11,10:35:00,
10878,6462,54,8,35,12,09:51:00,
10879,6463,11,7,21,10,10:50:00,
10880,6464,35,6,31,3,15:49:00,
10881,6465,39,5,31,3,11:18:00,
10882,6465,72,4,27,5,11:27:00,
10883,6466,27,4,24,4,15:51:00,
10884,6467,5,2,36,10,10:08:00,
10885,6467,59,2,30,12,10:59:00,
10886,6468,44,1,15,6,11:36:00,
10887,6469,20,1,41,12,10:53:00,
10888,6470,71,2,11,12,14:04:00,
10889,6471,29,5,45,3,12:27:00,
10890,6471,45,3,55,10,13:25:00,
10891,6471,42,5,29,11,12:36:00,
10892,6472,53,8,17,12,13:47:00,
10893,6472,19,5,22,10,14:30:00,
10894,6473,48,8,23,2,13:06:00,
10895,6474,1,5,40,5,12:40:00,
10896,6474,27,7,34,12,12:51:00,
10897,6475,71,5,16,10,10:24:00,
10898,6476,24,8,48,6,17:46:00,
10899,6477,57,4,23,7,14:42:00,
10900,6477,53,2,37,2,14:01:00,
10901,6477,64,8,28,7,13:32:00,
10902,6478,57,5,18,10,17:01:00,
10903,6478,27,1,22,13,17:11:00,
10904,6478,69,6,39,6,17:27:00,
10905,6479,72,1,37,11,15:19:00,
10906,6480,48,4,21,2,14:04:00,
10907,6481,24,1,38,13,10:45:00,
10908,6482,72,3,26,6,09:35:00,
10909,6482,29,5,19,6,10:32:00,
10910,6483,35,8,27,10,09:17:00,
10911,6483,59,2,27,2,09:58:00,
10912,6484,53,1,25,13,11:03:00,
10913,6485,45,2,45,12,11:00:00,
10914,6485,50,1,26,7,10:23:00,
10915,6486,71,7,18,14,16:55:00,
10916,6487,44,7,18,12,15:27:00,
10917,6487,69,2,25,5,15:20:00,
10918,6487,29,2,27,10,15:52:00,
10919,6488,71,3,5,11,11:20:00,
10920,6488,43,3,31,6,11:19:00,
10921,6489,44,1,26,3,14:58:00,
10922,6489,61,7,20,11,15:16:00,
10923,6490,72,1,18,2,13:30:00,
10924,6491,11,5,32,1,17:14:00,
10925,6492,53,5,20,4,15:05:00,
10926,6493,59,3,21,1,16:08:00,
10927,6493,50,5,23,5,15:34:00,
10928,6494,23,1,35,11,16:23:00,
10929,6495,20,7,34,13,11:03:00,
10930,6496,73,2,15,7,14:40:00,
10931,6497,61,3,28,4,12:48:00,
10932,6498,57,5,31,2,13:57:00,
10933,6498,27,7,33,1,14:17:00,
10934,6499,61,8,18,4,12:57:00,
10935,6499,35,1,9,4,13:08:00,
10936,6500,19,7,23,5,10:16:00,
10937,6500,20,4,44,13,10:10:00,
10938,6501,39,2,20,6,10:45:00,
10939,6501,59,2,23,13,10:46:00,
10940,6501,9,8,18,13,11:02:00,
10941,6502,11,8,36,6,12:50:00,
10942,6503,5,7,30,1,15:04:00,
10943,6504,1,1,40,3,11:50:00,
10944,6504,54,2,26,6,12:18:00,
10945,6504,62,6,21,13,12:14:00,
10946,6505,19,5,25,11,14:50:00,
10947,6506,65,1,22,14,15:42:00,
10948,6507,35,6,24,1,13:22:00,
10949,6507,64,7,38,12,13:28:00,
10950,6507,57,5,21,10,13:12:00,
10951,6508,27,3,20,6,17:22:00,
10952,6509,73,3,21,12,11:52:00,
10953,6509,57,3,34,6,11:55:00,
10954,6509,68,1,40,14,11:31:00,
10955,6510,10,3,24,3,12:54:00,
10956,6510,64,4,29,12,12:53:00,
10957,6510,50,8,34,4,12:37:00,
10958,6511,68,8,35,7,13:13:00,
10959,6511,29,5,18,5,12:53:00,
10960,6512,54,1,14,4,10:53:00,
10961,6512,24,1,38,11,10:19:00,
10962,6513,45,3,22,10,10:51:00,
10963,6513,20,4,41,12,11:02:00,
10964,6513,68,1,27,7,11:06:00,
10965,6514,11,6,32,10,11:09:00,
10966,6514,27,4,28,6,10:03:00,
10967,6514,23,1,22,11,10:52:00,
10968,6515,61,4,29,4,09:42:00,
10969,6515,9,4,39,4,10:01:00,
10970,6516,1,2,36,11,15:33:00,
10971,6516,64,2,20,14,14:33:00,
10972,6517,50,4,28,14,13:18:00,
10973,6517,43,2,34,6,13:24:00,
10974,6517,42,8,48,6,13:26:00,
10975,6518,49,8,26,4,12:39:00,
10976,6518,69,5,20,12,12:50:00,
10977,6519,24,8,49,14,16:18:00,
10978,6519,71,2,5,4,16:02:00,
10979,6519,27,4,28,2,15:59:00,
10980,6520,10,6,29,12,16:25:00,
10981,6521,8,1,28,6,10:46:00,
10982,6522,39,1,18,11,14:52:00,
10983,6522,71,6,19,12,15:17:00,
10984,6523,53,6,39,2,17:33:00,
10985,6523,72,4,18,1,18:23:00,
10986,6524,1,6,29,7,17:22:00,
10987,6525,35,2,25,3,10:10:00,
10988,6525,54,5,44,11,10:11:00,
10989,6526,24,2,26,3,10:23:00,
10990,6526,49,8,13,12,10:25:00,
10991,6527,53,3,29,11,14:40:00,
10992,6527,64,7,21,13,15:05:00,
10993,6528,10,1,38,6,09:54:00,
10994,6529,9,1,11,7,11:11:00,
10995,6529,43,5,44,4,12:05:00,
10996,6530,68,6,16,6,11:06:00,
10997,6531,42,5,51,1,12:51:00,
10998,6532,1,2,30,2,15:15:00,
10999,6532,29,1,29,7,15:38:00,
11000,6533,45,5,20,3,11:09:00,
11001,6533,29,5,27,4,12:04:00,
11002,6534,9,6,33,2,13:31:00,
11003,6535,56,4,15,2,12:43:00,
11004,6536,49,1,23,13,12:33:00,
11005,6537,53,4,28,10,15:56:00,
11006,6538,53,7,14,10,14:57:00,
11007,6539,59,2,34,14,15:25:00,
11008,6539,5,7,39,10,15:14:00,
11009,6540,34,1,35,6,15:30:00,
11010,6540,43,8,35,10,15:36:00,
11011,6541,69,5,42,14,15:22:00,
11012,6541,1,5,32,2,15:32:00,
11013,6542,72,5,32,2,11:38:00,
11014,6543,69,2,31,7,12:04:00,
11015,6543,59,8,21,13,11:50:00,
11016,6544,48,8,43,14,16:44:00,
11017,6545,68,6,25,11,09:56:00,
11018,6545,64,3,29,14,09:42:00,
11019,6546,56,7,26,11,15:54:00,
11020,6546,72,2,29,3,16:20:00,
11021,6547,1,8,37,1,17:13:00,
11022,6547,43,5,30,3,16:45:00,
11023,6547,24,2,36,1,16:44:00,
11024,6548,50,5,21,11,16:58:00,
11025,6549,44,6,25,12,18:13:00,
11026,6550,71,4,15,1,11:07:00,
11027,6550,27,3,20,3,11:25:00,
11028,6551,23,6,39,13,17:03:00,
11029,6552,48,6,26,14,12:57:00,
11030,6552,11,2,36,1,13:11:00,
11031,6552,5,3,44,13,12:51:00,
11032,6553,53,1,27,10,12:05:00,
11033,6553,64,3,36,13,12:19:00,
11034,6554,43,1,32,13,12:32:00,
11035,6554,61,4,31,5,12:58:00,
11036,6555,1,1,15,5,14:36:00,
11037,6555,62,7,21,2,14:49:00,
11038,6556,5,5,40,2,13:06:00,
11039,6556,45,6,37,7,12:48:00,
11040,6557,43,8,28,12,13:12:00,
11041,6557,5,2,35,6,13:14:00,
11042,6558,56,3,28,1,16:19:00,
11043,6559,10,6,22,13,12:48:00,
11044,6560,11,5,34,14,17:01:00,
11045,6560,69,8,31,7,17:13:00,
11046,6561,1,7,42,12,14:03:00,
11047,6562,73,6,30,5,09:52:00,
11048,6562,9,2,40,10,10:08:00,
11049,6563,34,2,37,5,09:28:00,
11050,6563,48,4,30,14,09:53:00,
11051,6564,71,6,16,1,10:16:00,
11052,6564,27,4,34,1,09:50:00,
11053,6565,20,4,38,5,12:53:00,
11054,6566,8,3,30,13,10:01:00,
11055,6567,7,3,32,6,17:04:00,
11056,6568,64,5,22,10,11:51:00,
11057,6568,24,8,55,13,12:07:00,
11058,6569,62,8,25,2,10:38:00,
11059,6569,45,6,32,13,09:40:00,
11060,6569,10,8,8,4,09:35:00,
11061,6570,68,8,31,13,11:36:00,
11062,6571,48,3,17,4,14:17:00,
11063,6571,7,6,27,12,14:38:00,
11064,6572,23,3,29,3,13:15:00,
11065,6573,64,2,37,2,14:43:00,
11066,6573,50,4,30,14,14:52:00,
11067,6574,7,1,41,14,10:22:00,
11068,6575,19,1,39,6,14:54:00,
11069,6576,8,7,34,10,15:47:00,
11070,6576,61,5,26,4,15:34:00,
11071,6577,44,1,26,4,10:24:00,
11072,6577,5,1,41,2,11:13:00,
11073,6578,56,2,19,10,17:02:00,
11074,6578,49,1,21,2,16:44:00,
11075,6579,72,3,36,1,10:52:00,
11076,6580,69,3,39,4,10:16:00,
11077,6581,48,4,21,4,16:10:00,
11078,6582,9,2,35,3,15:45:00,
11079,6583,68,5,42,1,13:28:00,
11080,6583,64,2,31,10,13:03:00,
11081,6583,72,2,30,14,13:30:00,
11082,6584,34,3,21,10,14:04:00,
11083,6585,50,6,29,4,10:36:00,
11084,6586,27,1,17,4,14:28:00,
11085,6586,43,1,41,6,15:06:00,
11086,6587,27,4,25,12,13:43:00,
11087,6588,1,2,33,14,11:22:00,
11088,6588,29,5,39,4,11:05:00,
11089,6589,24,3,45,12,12:31:00,
11090,6589,69,1,41,6,12:23:00,
11091,6590,72,5,42,13,15:31:00,
11092,6590,71,6,36,12,16:06:00,
11093,6590,20,3,38,13,15:23:00,
11094,6591,19,8,20,12,15:08:00,
11095,6591,56,4,30,2,16:10:00,
11096,6592,59,4,35,1,15:04:00,
11097,6592,7,2,32,3,15:19:00,
11098,6593,71,6,17,6,14:36:00,
11099,6593,57,4,6,1,14:38:00,
11100,6593,11,1,17,4,13:23:00,
11101,6594,54,7,46,2,15:06:00,
11102,6595,53,7,38,2,11:05:00,
11103,6596,50,6,34,6,14:52:00,
11104,6596,71,1,17,4,15:03:00,
11105,6597,53,1,31,1,15:33:00,
11106,6597,43,1,31,2,15:17:00,
11107,6598,48,6,24,13,17:43:00,
11108,6598,35,6,19,2,17:43:00,
11109,6599,10,5,33,7,13:56:00,
11110,6599,54,8,39,3,14:54:00,
11111,6600,59,2,41,11,14:24:00,
11112,6600,71,5,12,10,15:19:00,
11113,6601,73,2,24,2,12:11:00,
11114,6601,68,1,35,1,12:17:00,
11115,6602,10,5,34,7,11:02:00,
11116,6602,54,5,16,4,11:32:00,
11117,6603,61,4,34,11,14:21:00,
11118,6603,59,8,17,14,14:17:00,
11119,6604,65,7,39,11,16:31:00,
11120,6605,59,1,36,14,13:38:00,
11121,6605,53,8,32,14,13:50:00,
11122,6606,69,8,33,6,12:39:00,
11123,6607,31,4,26,10,17:17:00,
11124,6607,56,3,25,4,16:37:00,
11125,6608,56,2,20,14,15:10:00,
11126,6609,59,2,24,10,13:45:00,
11127,6609,43,7,28,7,13:58:00,
11128,6610,45,5,40,10,10:15:00,
11129,6610,11,1,28,12,10:24:00,
11130,6610,69,1,36,2,09:38:00,
11131,6611,68,7,41,4,15:09:00,
11132,6611,49,4,24,10,14:27:00,
11133,6612,57,1,31,7,13:37:00,
11134,6612,53,2,20,6,13:54:00,
11135,6613,29,8,25,4,11:51:00,
11136,6614,68,8,33,2,14:52:00,
11137,6615,27,5,20,13,14:20:00,
11138,6616,11,6,47,2,10:55:00,
11139,6616,8,1,32,14,10:47:00,
11140,6617,24,2,39,12,15:46:00,
11141,6617,10,7,38,14,15:38:00,
11142,6618,65,3,37,1,17:01:00,
11143,6619,53,7,31,10,11:21:00,
11144,6620,53,6,38,12,11:11:00,
11145,6621,34,4,23,14,10:51:00,
11146,6622,71,5,26,13,16:17:00,
11147,6622,45,2,38,3,15:55:00,
11148,6623,71,8,25,2,10:42:00,
11149,6623,45,3,44,10,10:32:00,
11150,6624,35,6,16,3,13:04:00,
11151,6625,44,1,23,3,13:52:00,
11152,6625,24,2,33,12,13:34:00,
11153,6625,73,3,22,7,12:50:00,
11154,6626,10,6,16,5,10:11:00,
11155,6626,69,2,25,5,10:14:00,
11156,6627,56,6,28,12,10:21:00,
11157,6628,42,5,19,11,10:47:00,
11158,6628,72,6,22,14,11:16:00,
11159,6628,45,2,41,2,10:42:00,
11160,6629,5,6,44,14,09:35:00,
11161,6630,54,2,28,14,13:26:00,
11162,6631,8,1,36,5,15:42:00,
11163,6631,42,1,45,6,15:17:00,
11164,6631,19,3,28,7,14:44:00,
11165,6632,5,5,18,6,10:25:00,
11166,6633,53,5,37,13,13:11:00,
11167,6634,45,6,23,10,12:20:00,
11168,6635,35,5,29,14,16:05:00,
11169,6635,29,4,26,11,16:34:00,
11170,6636,53,2,28,1,11:30:00,
11171,6637,49,6,22,12,16:38:00,
11172,6638,23,3,31,14,15:36:00,
11173,6639,29,5,32,4,10:45:00,
11174,6640,61,2,36,3,13:51:00,
11175,6640,45,1,31,10,14:12:00,
11176,6641,27,5,30,14,14:39:00,
11177,6641,57,4,21,7,14:45:00,
11178,6641,24,8,21,5,15:27:00,
11179,6642,59,5,20,7,16:06:00,
11180,6642,24,2,26,4,16:05:00,
11181,6643,10,1,17,5,13:39:00,
11182,6643,34,6,35,14,13:39:00,
11183,6643,68,4,22,4,14:02:00,
11184,6644,50,6,37,12,17:18:00,
11185,6644,53,5,38,1,17:34:00,
11186,6645,62,3,20,2,13:43:00,
11187,6645,48,8,23,1,13:10:00,
11188,6646,7,5,27,5,12:17:00,
11189,6646,9,3,33,5,11:39:00,
11190,6647,9,2,27,5,10:22:00,
11191,6647,68,6,33,5,10:29:00,
11192,6648,43,4,41,13,15:49:00,
11193,6649,73,4,14,3,12:39:00,
11194,6649,56,3,22,12,13:09:00,
11195,6649,49,2,13,12,13:29:00,
11196,6650,48,3,19,6,10:33:00,
11197,6650,57,8,23,2,09:50:00,
11198,6650,62,3,33,11,09:39:00,
11199,6651,7,4,42,10,12:35:00,
11200,6652,43,5,27,4,11:15:00,
11201,6653,31,3,22,4,17:52:00,
11202,6654,65,2,28,13,14:55:00,
11203,6654,29,5,11,4,14:26:00,
11204,6654,50,4,26,4,14:34:00,
11205,6655,48,7,33,10,14:22:00,
11206,6656,5,1,22,14,14:23:00,
11207,6657,1,8,30,13,15:07:00,
11208,6657,9,2,21,7,15:00:00,
11209,6658,34,8,26,10,16:53:00,
11210,6658,24,8,39,3,16:05:00,
11211,6659,61,5,27,14,12:03:00,
11212,6660,50,2,21,3,16:37:00,
11213,6660,34,3,39,7,16:01:00,
11214,6661,10,3,24,1,10:48:00,
11215,6661,71,2,5,2,10:26:00,
11216,6662,68,2,18,2,12:57:00,
11217,6662,56,6,33,13,13:31:00,
11218,6662,61,7,42,1,13:31:00,
11219,6663,61,3,32,7,16:00:00,
11220,6663,71,2,15,2,16:13:00,
11221,6664,68,3,21,6,18:04:00,
11222,6665,31,2,9,11,15:13:00,
11223,6665,5,4,52,10,15:02:00,
11224,6666,24,3,34,2,17:57:00,
11225,6666,65,8,27,14,18:02:00,
11226,6666,29,7,46,5,17:38:00,
11227,6667,45,2,36,1,11:44:00,
11228,6667,23,7,40,5,11:55:00,
11229,6668,27,6,22,12,16:26:00,
11230,6669,9,2,18,6,09:46:00,
11231,6669,20,8,30,3,09:38:00,
11232,6670,23,2,27,2,10:05:00,
11233,6671,68,2,30,4,11:49:00,
11234,6671,44,2,6,3,11:33:00,
11235,6671,53,2,17,5,11:40:00,
11236,6672,45,8,27,13,10:30:00,
11237,6673,23,8,35,3,16:23:00,
11238,6674,61,5,33,10,10:55:00,
11239,6675,39,7,40,3,13:10:00,
11240,6676,53,2,15,11,12:36:00,
11241,6677,35,8,18,6,16:56:00,
11242,6677,42,5,17,12,17:37:00,
11243,6678,71,6,31,5,10:43:00,
11244,6679,43,7,37,5,10:50:00,
11245,6679,49,1,25,3,10:35:00,
11246,6680,11,6,23,3,16:43:00,
11247,6680,19,3,28,13,15:48:00,
11248,6681,49,2,10,1,09:53:00,
11249,6682,44,6,12,1,15:14:00,
11250,6683,48,5,9,11,09:56:00,
11251,6683,73,7,22,7,09:05:00,
11252,6684,23,5,39,1,13:52:00,
11253,6684,11,3,33,1,13:56:00,
11254,6685,19,3,32,12,12:32:00,
11255,6685,42,7,38,6,11:20:00,
11256,6686,57,7,19,3,14:53:00,
11257,6686,10,4,26,12,14:55:00,
11258,6686,24,6,33,2,15:13:00,
11259,6687,64,8,32,14,16:55:00,
11260,6687,45,5,30,1,16:34:00,
11261,6687,20,6,34,1,15:41:00,
11262,6688,50,2,34,1,12:19:00,
11263,6688,39,5,27,12,12:04:00,
11264,6689,5,5,17,6,13:08:00,
11265,6690,29,2,34,4,13:16:00,
11266,6691,39,7,26,12,11:22:00,
11267,6692,11,5,37,4,13:04:00,
11268,6693,59,6,27,7,12:12:00,
11269,6694,49,1,18,14,10:57:00,
11270,6694,29,1,36,13,10:06:00,
11271,6695,61,7,31,5,12:41:00,
11272,6695,57,6,17,5,12:29:00,
11273,6695,59,5,20,10,11:56:00,
11274,6696,5,2,37,1,12:46:00,
11275,6696,64,5,23,3,13:15:00,
11276,6696,49,3,15,10,13:06:00,
11277,6697,59,6,14,12,17:37:00,
11278,6697,20,2,30,3,16:03:00,
11279,6697,43,6,34,6,16:19:00,
11280,6698,39,1,29,1,15:06:00,
11281,6698,35,5,30,3,15:44:00,
11282,6699,71,1,21,13,16:12:00,
11283,6699,31,3,25,2,16:01:00,
11284,6699,5,6,51,5,15:37:00,
11285,6700,45,4,19,2,12:15:00,
11286,6700,27,8,38,10,12:43:00,
11287,6700,44,4,18,5,13:21:00,
11288,6701,69,7,29,1,09:43:00,
11289,6701,23,3,38,7,10:30:00,
11290,6702,43,1,32,6,13:34:00,
11291,6703,9,3,30,12,14:26:00,
11292,6703,64,5,16,10,13:16:00,
11293,6704,27,5,24,2,17:39:00,
11294,6704,53,3,20,3,17:09:00,
11295,6705,23,5,22,7,10:29:00,
11296,6705,44,1,10,3,10:47:00,
11297,6706,45,7,39,14,09:25:00,
11298,6706,19,2,34,3,09:22:00,
11299,6707,27,2,12,6,15:07:00,
11300,6708,27,7,24,2,16:13:00,
11301,6708,10,8,26,14,16:22:00,
11302,6709,64,2,21,3,09:25:00,
11303,6710,49,8,15,10,13:06:00,
11304,6710,44,6,29,7,13:32:00,
11305,6711,34,3,36,2,11:40:00,
11306,6712,27,7,36,3,16:46:00,
11307,6712,50,7,32,12,15:41:00,
11308,6713,48,7,22,10,13:29:00,
11309,6714,71,8,12,14,11:31:00,
11310,6714,49,5,27,2,10:33:00,
11311,6715,73,2,25,13,11:06:00,
11312,6716,39,1,35,10,14:24:00,
11313,6717,7,7,43,3,10:19:00,
11314,6718,9,5,23,13,17:43:00,
11315,6719,71,5,28,6,15:25:00,
11316,6720,23,3,16,12,17:39:00,
11317,6721,23,4,45,1,11:05:00,
11318,6721,50,5,19,4,12:18:00,
11319,6721,1,2,40,14,11:42:00,
11320,6722,44,3,20,1,11:04:00,
11321,6723,59,1,33,10,13:30:00,
11322,6723,20,1,31,5,13:41:00,
11323,6724,62,2,9,1,10:14:00,
11324,6724,1,3,41,10,10:06:00,
11325,6725,11,2,21,6,11:01:00,
11326,6725,73,6,23,2,10:26:00,
11327,6726,29,4,23,6,15:12:00,
11328,6727,48,4,42,12,12:46:00,
11329,6728,11,2,33,2,13:53:00,
11330,6729,45,7,38,10,11:08:00,
11331,6729,49,4,6,3,11:42:00,
11332,6729,48,1,34,3,11:14:00,
11333,6730,8,8,20,1,11:07:00,
11334,6730,31,8,36,11,11:13:00,
11335,6731,31,1,25,10,14:34:00,
11336,6731,65,7,24,14,14:04:00,
11337,6732,50,5,29,4,11:35:00,
11338,6732,34,4,28,1,11:37:00,
11339,6733,71,2,12,11,13:24:00,
11340,6733,5,6,45,6,13:55:00,
11341,6734,64,3,25,14,16:11:00,
11342,6735,24,5,55,5,11:11:00,
11343,6736,23,6,28,12,12:44:00,
11344,6736,48,2,23,4,12:37:00,
11345,6736,34,4,35,6,12:25:00,
11346,6737,34,6,37,11,16:05:00,
11347,6737,53,4,32,2,15:23:00,
11348,6738,35,6,17,7,12:00:00,
11349,6739,50,8,36,14,14:50:00,
11350,6739,71,1,33,10,14:46:00,
11351,6740,44,2,27,5,16:36:00,
11352,6740,68,3,39,6,17:11:00,
11353,6741,44,4,19,2,09:44:00,
11354,6742,20,2,34,5,15:50:00,
11355,6743,50,7,24,13,10:15:00,
11356,6744,8,4,28,1,10:40:00,
11357,6745,64,7,33,14,14:06:00,
11358,6746,11,4,33,3,14:02:00,
11359,6747,9,2,34,5,17:11:00,
11360,6747,43,5,25,5,17:06:00,
11361,6748,11,4,19,3,12:35:00,
11362,6748,71,7,24,14,12:29:00,
11363,6749,50,7,28,11,14:55:00,
11364,6749,45,1,39,3,15:03:00,
11365,6749,29,5,20,11,15:25:00,
11366,6750,68,3,33,7,12:08:00,
11367,6751,48,1,38,5,13:32:00,
11368,6751,49,6,23,4,13:29:00,
11369,6752,68,6,26,5,15:47:00,
11370,6753,9,4,23,12,16:37:00,
11371,6754,62,7,33,6,15:40:00,
11372,6754,64,3,19,6,17:12:00,
11373,6755,42,5,45,4,13:37:00,
11374,6756,49,3,24,7,12:59:00,
11375,6757,27,6,30,3,15:41:00,
11376,6757,1,2,32,7,15:20:00,
11377,6757,57,3,23,4,15:29:00,
11378,6758,69,8,14,5,12:21:00,
11379,6759,49,4,12,7,16:43:00,
11380,6759,27,8,23,6,16:40:00,
11381,6760,24,2,41,11,16:58:00,
11382,6760,65,2,32,10,17:10:00,
11383,6761,68,8,47,10,15:31:00,
11384,6761,10,5,23,6,15:21:00,
11385,6761,53,5,10,1,15:45:00,
11386,6762,31,7,25,7,16:35:00,
11387,6762,39,1,28,3,16:32:00,
11388,6763,9,3,27,11,16:29:00,
11389,6763,53,6,20,12,16:24:00,
11390,6764,31,3,38,4,13:25:00,
11391,6764,35,3,22,2,14:33:00,
11392,6765,71,2,25,4,14:59:00,
11393,6766,50,6,44,4,14:20:00,
11394,6766,48,1,18,4,14:47:00,
11395,6767,50,4,22,4,14:58:00,
11396,6768,56,8,29,5,11:08:00,
11397,6769,61,4,38,12,14:53:00,
11398,6770,11,3,27,3,10:38:00,
11399,6771,44,1,14,13,13:57:00,
11400,6772,65,5,30,13,13:31:00,
11401,6772,20,3,29,12,13:16:00,
11402,6773,59,7,16,2,14:53:00,
11403,6773,57,1,12,14,14:48:00,
11404,6774,9,6,22,10,17:30:00,
11405,6774,61,8,27,4,17:11:00,
11406,6774,44,1,13,7,17:46:00,
11407,6775,71,4,25,12,15:24:00,
11408,6776,64,6,6,10,10:51:00,
11409,6776,20,5,23,3,11:31:00,
11410,6777,19,6,27,13,17:10:00,
11411,6777,50,4,21,14,17:41:00,
11412,6778,34,6,28,13,16:37:00,
11413,6779,54,6,48,3,11:59:00,
11414,6779,11,2,35,3,12:15:00,
11415,6780,69,2,23,2,10:51:00,
11416,6780,62,3,29,13,10:49:00,
11417,6781,73,6,23,1,12:51:00,
11418,6781,57,4,17,10,12:41:00,
11419,6782,50,7,33,3,10:04:00,
11420,6783,39,8,35,1,13:50:00,
11421,6783,44,6,24,2,14:12:00,
11422,6783,24,2,34,3,14:08:00,
11423,6784,62,2,32,10,12:28:00,
11424,6784,29,7,25,13,13:12:00,
11425,6785,73,5,22,10,15:58:00,
11426,6786,34,1,14,2,17:04:00,
11427,6786,8,6,34,4,16:55:00,
11428,6786,61,6,17,1,17:02:00,
11429,6787,56,3,34,5,16:03:00,
11430,6787,20,4,18,10,15:52:00,
11431,6788,27,4,21,13,14:05:00,
11432,6789,62,1,27,3,14:09:00,
11433,6790,39,8,31,12,15:32:00,
11434,6790,50,8,30,12,15:57:00,
11435,6791,50,3,18,1,12:51:00,
11436,6792,1,4,34,13,13:37:00,
11437,6792,56,8,15,14,13:41:00,
11438,6793,44,5,9,13,16:51:00,
11439,6793,19,8,37,1,17:24:00,
11440,6793,68,7,34,10,16:33:00,
11441,6794,19,1,35,7,12:52:00,
11442,6794,31,5,36,6,13:09:00,
11443,6795,59,1,28,10,11:10:00,
11444,6795,24,5,42,5,11:07:00,
11445,6796,20,5,27,4,12:10:00,
11446,6796,45,6,45,14,11:17:00,
11447,6797,50,6,32,12,09:51:00,
11448,6798,7,3,41,13,11:07:00,
11449,6799,29,8,24,10,11:53:00,
11450,6800,54,3,21,2,12:52:00,
11451,6800,45,8,45,13,13:07:00,
11452,6801,65,2,27,7,10:12:00,
11453,6802,27,4,30,6,15:21:00,
11454,6803,39,5,32,10,15:57:00,
11455,6804,24,1,34,2,16:44:00,
11456,6805,27,2,34,4,14:01:00,
11457,6805,61,5,21,2,14:10:00,
11458,6805,23,8,36,5,14:11:00,
11459,6806,68,4,29,4,12:45:00,
11460,6806,49,4,7,2,12:46:00,
11461,6807,44,8,26,3,10:47:00,
11462,6808,50,4,29,5,11:51:00,
11463,6808,73,4,22,2,12:42:00,
11464,6809,48,4,27,12,14:52:00,
11465,6809,49,4,16,5,15:22:00,
11466,6810,39,7,20,1,10:20:00,
11467,6811,68,7,33,11,12:17:00,
11468,6812,29,1,19,6,14:11:00,
11469,6812,1,7,32,5,13:41:00,
11470,6813,23,8,28,10,17:21:00,
11471,6813,56,4,21,14,17:01:00,
11472,6814,19,6,23,5,11:54:00,
11473,6814,62,1,19,12,11:52:00,
11474,6814,49,3,15,2,13:12:00,
11475,6815,68,3,32,4,16:54:00,
11476,6816,43,7,38,2,13:52:00,
11477,6817,34,4,42,7,15:55:00,
11478,6817,49,2,16,12,15:58:00,
11479,6818,73,2,36,4,17:30:00,
11480,6818,61,3,36,14,17:54:00,
11481,6819,71,5,38,3,10:42:00,
11482,6820,35,2,32,13,12:50:00,
11483,6820,23,5,32,3,12:50:00,
11484,6821,24,3,20,6,14:56:00,
11485,6822,34,6,22,5,14:13:00,
11486,6823,48,1,11,7,16:08:00,
11487,6823,45,4,32,11,15:43:00,
11488,6824,73,4,33,10,12:23:00,
11489,6824,69,3,34,10,12:05:00,
11490,6825,49,7,18,1,13:48:00,
11491,6826,71,3,18,11,16:40:00,
11492,6826,34,8,33,13,17:36:00,
11493,6827,9,4,24,4,13:15:00,
11494,6828,1,1,35,11,14:07:00,
11495,6828,19,2,35,13,13:16:00,
11496,6829,71,6,27,7,14:13:00,
11497,6829,50,4,35,11,14:36:00,
11498,6830,9,2,23,11,14:17:00,
11499,6831,69,2,40,13,11:16:00,
11500,6831,19,4,38,7,11:18:00,
11501,6832,54,3,38,14,15:36:00,
11502,6833,62,3,18,14,17:19:00,
11503,6834,34,5,26,10,15:25:00,
11504,6835,31,3,34,12,13:16:00,
11505,6835,71,1,33,5,13:15:00,
11506,6836,7,6,43,2,16:42:00,
11507,6837,11,2,19,2,16:59:00,
11508,6837,19,4,27,10,17:20:00,
11509,6837,65,3,38,10,16:59:00,
11510,6838,61,8,35,11,16:22:00,
11511,6839,50,8,16,4,13:52:00,
11512,6840,20,1,28,12,13:26:00,
11513,6840,11,8,31,12,13:28:00,
11514,6841,45,8,40,10,16:05:00,
11515,6842,7,5,38,5,13:55:00,
11516,6843,73,2,16,14,12:37:00,
11517,6844,1,8,29,5,11:03:00,
11518,6844,71,5,14,10,10:40:00,
11519,6845,19,2,30,12,12:35:00,
11520,6845,71,4,21,12,11:45:00,
11521,6846,1,1,36,12,10:50:00,
11522,6847,48,2,26,4,12:07:00,
11523,6847,11,2,32,10,11:59:00,
11524,6848,34,7,35,12,16:09:00,
11525,6849,56,7,27,14,16:13:00,
11526,6850,45,7,37,2,15:09:00,
11527,6850,29,1,31,12,15:41:00,
11528,6851,35,6,8,10,14:29:00,
11529,6852,1,5,30,4,12:22:00,
11530,6852,34,5,27,13,11:50:00,
11531,6852,42,4,38,6,11:53:00,
11532,6853,44,1,19,12,10:14:00,
11533,6854,62,8,35,10,13:18:00,
11534,6854,7,8,43,10,13:21:00,
11535,6855,10,6,38,6,15:17:00,
11536,6855,54,2,23,14,15:16:00,
11537,6855,62,8,25,3,15:34:00,
11538,6856,35,1,38,7,16:36:00,
11539,6856,31,2,20,1,18:11:00,
11540,6857,69,1,34,1,10:31:00,
11541,6857,61,6,43,12,10:05:00,
11542,6858,24,2,37,1,12:57:00,
11543,6858,71,8,9,10,13:42:00,
11544,6859,42,5,30,2,13:10:00,
11545,6859,68,4,28,11,12:27:00,
11546,6860,5,2,39,3,15:03:00,
11547,6860,56,7,38,12,14:54:00,
11548,6861,57,1,30,13,15:24:00,
11549,6861,61,6,38,11,15:13:00,
11550,6862,24,7,36,6,15:42:00,
11551,6862,49,2,21,4,15:55:00,
11552,6863,20,1,37,14,16:58:00,
11553,6864,65,8,41,6,18:05:00,
11554,6864,54,3,34,12,17:56:00,
11555,6865,20,3,34,12,13:19:00,
11556,6865,42,1,38,5,13:26:00,
11557,6866,68,5,28,13,15:38:00,
11558,6867,23,6,30,2,10:15:00,
11559,6867,48,7,21,7,09:57:00,
11560,6868,56,5,29,2,12:44:00,
11561,6869,65,4,33,2,10:10:00,
11562,6869,27,7,13,3,10:13:00,
11563,6870,11,3,30,4,13:05:00,
11564,6871,23,3,42,12,15:45:00,
11565,6872,8,4,20,10,10:13:00,
11566,6873,44,8,20,3,13:34:00,
11567,6873,24,8,43,5,13:31:00,
11568,6874,69,7,39,1,11:13:00,
11569,6874,31,7,33,1,11:13:00,
11570,6874,50,1,40,3,11:04:00,
11571,6875,68,5,27,6,13:27:00,
11572,6875,69,4,34,14,14:29:00,
11573,6875,56,1,34,5,13:35:00,
11574,6876,34,3,33,6,15:11:00,
11575,6876,10,5,30,2,15:07:00,
11576,6877,20,6,30,2,14:27:00,
11577,6877,31,6,29,1,15:10:00,
11578,6878,68,3,14,11,09:31:00,
11579,6878,43,2,42,7,09:36:00,
11580,6879,7,3,43,1,14:36:00,
11581,6879,73,3,29,11,14:34:00,
11582,6879,24,6,24,13,14:34:00,
11583,6880,44,6,19,13,10:52:00,
11584,6880,7,4,37,7,11:47:00,
11585,6881,23,7,17,6,12:27:00,
11586,6881,73,2,38,14,12:38:00,
11587,6882,39,4,34,4,11:11:00,
11588,6882,9,2,32,11,11:12:00,
11589,6883,62,7,17,13,17:16:00,
11590,6883,7,6,45,4,17:09:00,
11591,6884,42,8,46,4,16:12:00,
11592,6885,29,6,27,2,16:07:00,
11593,6886,9,3,17,5,10:53:00,
11594,6886,56,3,25,4,10:14:00,
11595,6887,39,7,26,4,10:47:00,
11596,6888,35,4,24,11,12:40:00,
11597,6889,68,1,29,3,14:37:00,
11598,6890,23,6,29,13,14:47:00,
11599,6890,19,6,38,7,14:57:00,
11600,6891,27,4,22,4,15:43:00,
11601,6891,8,7,19,10,15:52:00,
11602,6891,9,3,34,13,16:41:00,
11603,6892,35,2,9,12,17:10:00,
11604,6892,42,5,29,6,17:42:00,
11605,6893,56,5,30,4,10:37:00,
11606,6894,69,2,29,7,16:06:00,
11607,6895,5,4,29,10,10:22:00,
11608,6896,57,8,20,3,15:46:00,
11609,6897,24,7,29,1,15:30:00,
11610,6897,19,3,38,1,14:35:00,
11611,6898,43,6,25,10,13:34:00,
11612,6899,59,1,27,13,12:26:00,
11613,6900,50,4,28,2,10:39:00,
11614,6901,8,5,28,2,14:58:00,
11615,6901,62,8,12,11,15:52:00,
11616,6902,5,8,30,13,12:45:00,
11617,6902,65,1,23,11,12:41:00,
11618,6903,73,7,14,11,14:42:00,
11619,6904,53,6,11,1,16:34:00,
11620,6905,48,1,19,6,13:01:00,
11621,6905,19,5,36,11,13:19:00,
11622,6906,62,4,31,4,14:26:00,
11623,6907,39,4,23,1,12:47:00,
11624,6907,27,8,16,7,13:19:00,
11625,6908,10,6,22,5,09:11:00,
11626,6908,42,5,38,7,09:44:00,
11627,6908,8,7,30,1,09:34:00,
11628,6909,9,1,28,1,14:56:00,
11629,6909,69,3,20,3,15:07:00,
11630,6910,48,5,25,6,11:47:00,
11631,6911,50,4,33,11,16:42:00,
11632,6912,44,1,11,14,11:35:00,
11633,6913,50,7,20,10,11:12:00,
11634,6913,34,6,36,11,10:54:00,
11635,6914,1,7,17,12,11:05:00,
11636,6914,23,4,28,12,11:26:00,
11637,6914,10,2,38,4,10:22:00,
11638,6915,62,1,28,4,14:57:00,
11639,6916,1,6,22,3,11:50:00,
11640,6917,48,2,24,7,11:38:00,
11641,6918,68,5,25,13,13:40:00,
11642,6918,42,8,28,14,13:13:00,
11643,6919,29,2,34,7,11:50:00,
11644,6920,42,1,35,2,14:25:00,
11645,6920,23,4,35,11,14:31:00,
11646,6920,44,3,28,2,13:36:00,
11647,6921,48,8,34,6,17:21:00,
11648,6922,69,3,31,12,11:37:00,
11649,6923,68,8,34,3,09:08:00,
11650,6923,71,8,6,5,09:09:00,
11651,6924,53,2,23,4,13:31:00,
11652,6924,73,4,25,5,13:44:00,
11653,6924,69,4,44,10,13:09:00,
11654,6925,31,4,25,11,16:15:00,
11655,6925,20,6,39,12,16:44:00,
11656,6925,69,7,24,2,15:26:00,
11657,6926,10,5,24,4,17:15:00,
11658,6926,59,1,28,14,17:17:00,
11659,6927,73,3,13,3,11:07:00,
11660,6928,53,3,23,5,09:37:00,
11661,6929,36,8,45,10,14:10:00,
11662,6929,50,7,21,14,13:55:00,
11663,6930,20,5,42,14,15:28:00,
11664,6930,29,4,22,1,14:51:00,
11665,6930,65,3,14,4,15:16:00,
11666,6931,71,5,25,12,15:37:00,
11667,6931,54,7,37,2,15:59:00,
11668,6931,44,5,5,4,15:41:00,
11669,6932,9,4,31,6,09:06:00,
11670,6933,1,1,38,5,17:29:00,
11671,6934,36,3,32,6,15:25:00,
11672,6935,53,8,32,2,10:59:00,
11673,6936,34,6,36,3,16:56:00,
11674,6936,36,4,36,13,17:31:00,
11675,6936,69,7,42,14,18:22:00,
11676,6937,29,4,31,1,13:03:00,
11677,6938,43,8,35,14,09:12:00,
11678,6938,68,4,25,7,10:35:00,
11679,6939,48,3,25,13,13:10:00,
11680,6939,69,3,43,4,13:02:00,
11681,6939,19,4,19,6,12:20:00,
11682,6940,61,3,38,2,09:17:00,
11683,6940,56,6,48,7,09:14:00,
11684,6941,54,4,17,5,15:01:00,
11685,6942,69,8,31,12,17:11:00,
11686,6943,73,5,5,5,10:35:00,
11687,6943,19,6,32,14,09:56:00,
11688,6944,24,4,33,4,14:35:00,
11689,6944,29,6,27,6,14:52:00,
11690,6945,23,5,32,11,11:05:00,
11691,6945,49,3,10,12,10:05:00,
11692,6946,50,4,29,3,11:27:00,
11693,6947,54,1,30,13,13:33:00,
11694,6947,50,3,34,10,12:50:00,
11695,6948,53,7,35,4,17:31:00,
11696,6948,59,5,32,4,17:28:00,
11697,6949,57,6,23,3,15:57:00,
11698,6949,68,3,24,2,16:24:00,
11699,6950,44,5,22,1,12:54:00,
11700,6951,49,1,17,3,15:29:00,
11701,6952,11,8,24,1,16:33:00,
11702,6952,42,8,39,11,17:01:00,
11703,6953,42,7,38,7,12:21:00,
11704,6953,31,7,15,13,12:56:00,
11705,6954,56,6,31,14,14:23:00,
11706,6954,34,7,44,6,14:15:00,
11707,6955,62,2,23,3,11:01:00,
11708,6955,54,1,19,1,10:55:00,
11709,6955,29,4,35,1,10:49:00,
11710,6956,5,5,38,13,12:22:00,
11711,6957,34,7,27,11,10:06:00,
11712,6957,24,8,21,12,09:58:00,
11713,6958,71,3,20,5,09:37:00,
11714,6959,5,3,50,1,14:51:00,
11715,6959,43,3,40,13,15:22:00,
11716,6960,49,6,19,14,11:57:00,
11717,6960,20,2,32,7,12:01:00,
11718,6960,39,8,35,10,11:19:00,
11719,6961,1,1,41,12,10:01:00,
11720,6962,43,6,32,4,14:03:00,
11721,6962,34,8,42,2,14:01:00,
11722,6963,48,1,36,1,09:28:00,
11723,6963,27,5,26,2,09:38:00,
11724,6964,39,6,16,14,16:26:00,
11725,6965,45,7,38,13,14:24:00,
11726,6965,24,3,15,11,14:00:00,
11727,6966,42,6,46,10,12:03:00,
11728,6966,20,7,41,7,11:22:00,
11729,6967,65,2,39,6,13:58:00,
11730,6967,31,5,26,11,15:23:00,
11731,6968,62,5,38,12,10:29:00,
11732,6968,59,1,20,12,09:33:00,
11733,6969,45,5,31,13,15:58:00,
11734,6969,23,1,42,7,16:04:00,
11735,6970,42,7,53,14,14:39:00,
11736,6971,42,1,28,14,16:38:00,
11737,6972,44,5,7,10,15:04:00,
11738,6973,10,6,35,6,12:36:00,
11739,6973,65,4,23,10,12:58:00,
11740,6974,68,1,28,11,17:04:00,
11741,6975,50,4,40,2,09:38:00,
11742,6975,29,2,33,13,09:57:00,
11743,6976,56,6,34,10,12:38:00,
11744,6977,1,5,34,3,15:54:00,
11745,6978,56,8,21,5,17:02:00,
11746,6978,42,7,37,3,16:57:00,
11747,6979,23,5,24,7,12:48:00,
11748,6980,27,3,17,7,11:29:00,
11749,6980,34,6,26,6,11:19:00,
11750,6980,65,7,44,13,11:09:00,
11751,6981,35,4,28,11,12:59:00,
11752,6981,54,1,27,13,13:55:00,
11753,6982,20,2,32,2,16:48:00,
11754,6982,24,3,43,12,15:22:00,
11755,6983,36,6,30,10,12:50:00,
11756,6984,27,2,28,12,11:09:00,
11757,6985,11,5,24,2,15:47:00,
11758,6986,36,6,39,12,10:07:00,
11759,6987,19,1,21,14,15:02:00,
11760,6988,23,5,42,6,09:50:00,
11761,6988,65,6,17,12,10:18:00,
11762,6989,5,6,26,12,13:12:00,
11763,6990,34,6,29,4,11:38:00,
11764,6990,44,5,14,14,11:41:00,
11765,6990,31,3,18,12,12:13:00,
11766,6991,1,3,28,10,09:16:00,
11767,6992,71,5,22,1,14:55:00,
11768,6993,48,1,33,10,10:40:00,
11769,6993,9,2,28,12,09:53:00,
11770,6993,56,3,40,14,10:45:00,
11771,6994,23,1,23,14,09:20:00,
11772,6995,23,7,21,1,18:03:00,
11773,6995,9,3,15,4,17:53:00,
11774,6996,68,8,19,6,17:37:00,
11775,6997,29,2,32,3,13:52:00,
11776,6997,50,4,40,5,14:06:00,
11777,6998,31,7,23,12,09:40:00,
11778,6998,59,8,20,4,10:08:00,
11779,6999,62,1,27,13,16:26:00,
11780,6999,23,5,42,10,17:37:00,
11781,7000,61,8,52,5,10:46:00,
11782,7001,27,2,30,7,13:35:00,
11783,7002,9,4,29,14,14:22:00,
11784,7003,49,1,25,10,12:21:00,
11785,7004,42,8,34,4,10:08:00,
11786,7004,19,1,45,3,11:04:00,
11787,7005,42,8,32,14,17:33:00,
11788,7005,5,3,46,5,16:48:00,
11789,7006,43,8,36,2,14:19:00,
11790,7006,27,5,23,13,14:00:00,
11791,7007,57,3,13,1,15:10:00,
11792,7007,34,7,48,7,15:21:00,
11793,7008,10,8,23,2,13:57:00,
11794,7009,73,6,21,3,11:01:00,
11795,7009,65,4,22,12,10:51:00,
11796,7009,20,8,42,3,10:54:00,
11797,7010,49,2,14,14,11:28:00,
11798,7011,29,5,19,13,15:18:00,
11799,7012,35,7,15,2,11:13:00,
11800,7013,53,8,32,7,14:04:00,
11801,7014,19,5,34,14,14:20:00,
11802,7015,36,5,45,4,14:38:00,
11803,7015,65,1,36,14,14:29:00,
11804,7016,69,7,27,2,09:57:00,
11805,7017,56,7,36,2,17:33:00,
11806,7017,53,7,21,7,17:24:00,
11807,7017,48,1,12,2,16:56:00,
11808,7018,48,7,25,5,11:31:00,
11809,7019,10,5,16,12,11:45:00,
11810,7019,36,1,30,3,11:35:00,
11811,7019,56,4,36,11,12:00:00,
11812,7020,1,5,22,12,14:47:00,
11813,7021,61,8,22,1,10:20:00,
11814,7021,34,5,30,1,10:38:00,
11815,7022,49,7,31,2,14:40:00,
11816,7023,27,6,34,3,13:14:00,
11817,7024,50,8,36,6,11:44:00,
11818,7024,27,7,24,2,11:12:00,
11819,7025,31,2,39,14,13:57:00,
11820,7025,71,1,40,11,13:54:00,
11821,7026,48,5,30,3,12:08:00,
11822,7027,68,8,18,12,14:35:00,
11823,7027,44,4,18,4,14:35:00,
11824,7028,31,1,31,7,14:33:00,
11825,7028,9,5,17,13,15:07:00,
11826,7029,62,8,32,7,17:04:00,
11827,7029,61,4,39,3,16:51:00,
11828,7030,5,4,39,3,16:42:00,
11829,7030,8,5,30,3,16:47:00,
11830,7031,65,5,24,10,13:14:00,
11831,7031,42,2,23,7,13:23:00,
11832,7031,34,2,27,7,13:19:00,
11833,7032,50,5,45,3,16:40:00,
11834,7032,43,1,42,7,15:43:00,
11835,7033,48,4,26,11,13:02:00,
11836,7034,65,4,27,14,11:26:00,
11837,7034,29,8,27,3,11:36:00,
11838,7034,19,5,34,2,11:37:00,
11839,7035,53,6,28,14,12:30:00,
11840,7036,36,7,38,14,12:04:00,
11841,7037,61,7,32,11,15:03:00,
11842,7038,29,3,23,7,11:01:00,
11843,7038,54,8,23,2,10:57:00,
11844,7039,39,1,20,7,10:29:00,
11845,7040,65,1,31,11,17:50:00,
11846,7041,35,7,11,13,10:31:00,
11847,7041,31,4,29,11,11:30:00,
11848,7042,20,2,35,11,17:17:00,
11849,7042,10,8,38,11,18:01:00,
11850,7043,59,3,15,5,14:13:00,
11851,7043,71,1,23,11,14:09:00,
11852,7044,50,8,31,2,09:58:00,
11853,7045,45,3,45,4,10:07:00,
11854,7046,45,6,33,2,14:55:00,
11855,7046,11,4,26,7,15:00:00,
11856,7047,43,6,23,10,15:51:00,
11857,7047,11,7,19,11,15:22:00,
11858,7048,31,4,24,14,14:31:00,
11859,7048,20,3,42,10,14:24:00,
11860,7049,48,6,31,11,12:52:00,
11861,7049,44,7,25,5,12:07:00,
11862,7050,44,6,23,10,12:39:00,
11863,7051,61,2,27,6,15:28:00,
11864,7051,48,8,25,5,15:30:00,
11865,7052,11,6,34,3,10:55:00,
11866,7053,20,2,33,10,09:29:00,
11867,7053,53,8,12,2,10:20:00,
11868,7054,68,4,29,5,13:44:00,
11869,7055,31,8,28,2,12:30:00,
11870,7055,35,3,11,2,13:02:00,
11871,7056,44,3,18,5,11:59:00,
11872,7057,19,4,48,12,14:54:00,
11873,7058,24,4,20,10,12:10:00,
11874,7059,50,8,24,13,13:51:00,
11875,7060,56,1,26,3,11:07:00,
11876,7060,24,6,31,13,10:52:00,
11877,7061,23,8,31,5,09:53:00,
11878,7061,56,6,29,13,09:31:00,
11879,7061,71,2,10,6,09:39:00,
11880,7062,1,5,38,12,12:18:00,
11881,7063,19,5,30,10,15:48:00,
11882,7063,39,8,31,11,15:49:00,
11883,7064,42,8,25,14,14:26:00,
11884,7065,31,5,28,11,12:52:00,
11885,7065,59,5,26,6,13:21:00,
11886,7066,11,2,25,4,11:18:00,
11887,7067,49,8,18,2,16:31:00,
11888,7067,68,6,20,7,16:06:00,
11889,7068,48,7,17,10,14:54:00,
11890,7069,31,4,35,12,15:44:00,
11891,7069,69,5,19,3,15:56:00,
11892,7070,73,5,36,6,11:05:00,
11893,7070,48,3,19,6,11:39:00,
11894,7071,10,2,18,5,13:31:00,
11895,7071,23,5,27,7,13:13:00,
11896,7071,50,2,25,7,13:12:00,
11897,7072,53,4,34,3,10:06:00,
11898,7072,59,7,14,14,09:56:00,
11899,7073,20,4,37,7,09:50:00,
11900,7073,59,5,27,6,10:02:00,
11901,7074,5,4,27,4,15:36:00,
11902,7074,73,7,24,1,16:25:00,
11903,7075,59,2,18,5,13:49:00,
11904,7076,69,6,24,14,14:58:00,
11905,7077,10,8,36,13,11:28:00,
11906,7078,54,6,32,12,16:14:00,
11907,7078,44,5,13,5,16:17:00,
11908,7078,62,6,27,5,16:41:00,
11909,7079,50,8,29,12,13:29:00,
11910,7080,9,5,34,11,17:45:00,
11911,7080,31,7,37,14,17:33:00,
11912,7080,36,5,28,5,17:14:00,
11913,7081,73,3,18,1,16:05:00,
11914,7081,53,4,32,12,16:25:00,
11915,7081,27,7,25,2,16:12:00,
11916,7082,34,1,25,12,14:01:00,
11917,7082,71,5,14,11,13:45:00,
11918,7083,19,4,41,12,14:57:00,
11919,7084,56,7,26,7,16:57:00,
11920,7084,36,3,37,12,17:07:00,
11921,7084,57,2,21,5,16:20:00,
11922,7085,27,1,23,1,11:50:00,
11923,7085,65,4,24,4,12:46:00,
11924,7086,53,6,18,7,13:45:00,
11925,7086,19,1,37,13,13:50:00,
11926,7087,62,7,32,4,15:59:00,
11927,7088,34,1,38,1,17:07:00,
11928,7089,1,4,30,14,12:39:00,
11929,7090,35,2,31,3,14:23:00,
11930,7090,1,2,52,12,13:51:00,
11931,7091,36,5,28,1,12:04:00,
11932,7092,49,2,13,13,17:05:00,
11933,7093,39,4,21,1,15:33:00,
11934,7094,45,5,45,1,15:56:00,
11935,7095,39,1,30,4,12:22:00,
11936,7096,56,3,30,11,10:22:00,
11937,7097,49,3,21,7,13:38:00,
11938,7097,61,2,41,2,14:14:00,
11939,7098,54,6,30,6,10:07:00,
11940,7098,19,4,14,14,09:51:00,
11941,7099,19,3,33,14,14:37:00,
11942,7100,62,7,34,13,12:49:00,
11943,7101,1,2,44,2,15:32:00,
11944,7102,34,1,50,13,14:18:00,
11945,7102,48,3,32,4,13:11:00,
11946,7102,23,4,20,6,13:55:00,
11947,7103,9,5,38,4,15:22:00,
11948,7104,5,1,40,10,13:28:00,
11949,7105,45,8,32,5,12:54:00,
11950,7106,8,2,23,1,09:06:00,
11951,7107,44,4,30,1,13:25:00,
11952,7108,62,5,17,11,15:31:00,
11953,7108,29,8,32,4,15:58:00,
11954,7109,10,7,33,12,10:05:00,
11955,7110,61,7,28,6,11:02:00,
11956,7111,44,1,30,5,12:21:00,
11957,7111,19,1,31,5,12:47:00,
11958,7111,45,6,37,13,12:37:00,
11959,7112,54,8,21,3,12:08:00,
11960,7112,44,1,21,13,12:25:00,
11961,7112,29,8,30,1,12:13:00,
11962,7113,49,7,28,12,17:41:00,
11963,7114,34,7,17,13,15:39:00,
11964,7115,5,6,41,10,11:34:00,
11965,7115,69,6,38,6,11:45:00,
11966,7116,5,2,44,5,16:22:00,
11967,7117,43,6,50,11,15:13:00,
11968,7117,54,4,23,7,15:13:00,
11969,7118,20,6,42,11,15:14:00,
11970,7119,45,8,46,3,14:25:00,
11971,7120,35,8,23,12,11:38:00,
11972,7121,20,5,29,2,11:51:00,
11973,7121,53,1,28,4,11:37:00,
11974,7122,73,6,10,4,12:59:00,
11975,7122,50,3,26,3,12:49:00,
11976,7122,57,8,36,2,12:21:00,
11977,7123,68,7,19,2,11:24:00,
11978,7123,59,8,31,7,11:12:00,
11979,7123,44,4,13,1,11:10:00,
11980,7124,29,3,33,12,12:23:00,
11981,7124,36,3,32,3,11:25:00,
11982,7124,61,2,28,4,11:24:00,
11983,7125,57,8,16,13,12:28:00,
11984,7125,69,2,23,2,12:36:00,
11985,7126,43,5,38,4,11:16:00,
11986,7127,68,6,35,10,15:44:00,
11987,7127,49,8,17,7,16:06:00,
11988,7127,59,6,18,5,16:05:00,
11989,7128,43,2,34,5,13:21:00,
11990,7129,27,7,35,6,12:19:00,
11991,7130,29,2,22,14,15:12:00,
11992,7130,62,2,30,12,15:12:00,
11993,7130,56,1,21,6,15:05:00,
11994,7131,54,1,41,13,10:02:00,
11995,7131,36,5,46,5,10:21:00,
11996,7132,5,8,36,4,13:55:00,
11997,7132,27,5,34,6,13:51:00,
11998,7133,23,5,27,7,13:22:00,
11999,7134,5,6,34,3,09:47:00,
12000,7135,50,8,42,13,11:46:00,
12001,7136,45,7,45,13,15:05:00,
12002,7136,20,4,35,6,14:13:00,
12003,7136,47,8,38,4,14:33:00,
12004,7137,69,5,32,13,14:52:00,
12005,7138,34,2,30,6,10:05:00,
12006,7139,53,7,20,3,15:43:00,
12007,7139,36,5,29,13,15:44:00,
12008,7140,27,8,22,10,12:08:00,
12009,7141,35,6,36,7,13:14:00,
12010,7142,69,1,22,4,13:57:00,
12011,7142,5,8,31,12,13:23:00,
12012,7142,68,8,39,1,14:02:00,
12013,7143,59,5,21,11,11:20:00,
12014,7143,73,4,15,10,11:00:00,
12015,7144,43,4,28,3,14:57:00,
12016,7145,69,2,32,13,12:51:00,
12017,7145,59,5,17,2,13:24:00,
12018,7145,54,7,27,5,13:10:00,
12019,7146,35,2,27,11,10:04:00,
12020,7146,5,2,40,1,10:29:00,
12021,7147,8,8,29,12,11:21:00,
12022,7148,42,7,40,14,13:31:00,
12023,7149,19,5,27,5,14:07:00,
12024,7150,1,8,30,7,11:36:00,
12025,7150,36,6,39,13,11:19:00,
12026,7150,61,7,33,13,11:39:00,
12027,7151,20,4,39,12,16:53:00,
12028,7151,35,8,6,2,17:18:00,
12029,7152,49,4,19,3,12:16:00,
12030,7152,50,3,29,14,12:26:00,
12031,7152,54,2,33,1,12:25:00,
12032,7153,48,7,18,1,12:39:00,
12033,7153,29,4,12,13,12:35:00,
12034,7154,10,8,24,6,11:15:00,
12035,7155,53,7,38,3,11:50:00,
12036,7155,34,4,43,5,11:56:00,
12037,7156,57,3,16,10,14:47:00,
12038,7157,54,1,24,6,11:20:00,
12039,7158,48,1,30,4,15:53:00,
12040,7158,9,7,15,1,16:51:00,
12041,7159,47,2,28,14,13:50:00,
12042,7159,45,1,54,10,15:03:00,
12043,7159,9,7,31,13,13:57:00,
12044,7160,23,2,40,13,11:14:00,
12045,7160,29,6,30,5,10:22:00,
12046,7160,19,6,29,3,10:45:00,
12047,7161,42,5,33,2,16:37:00,
12048,7162,73,1,30,4,16:01:00,
12049,7163,42,6,32,11,10:08:00,
12050,7164,10,2,13,14,11:52:00,
12051,7164,62,4,23,3,11:50:00,
12052,7165,20,5,30,5,14:28:00,
12053,7166,47,2,31,5,13:46:00,
12054,7166,27,5,17,10,13:54:00,
12055,7167,23,6,29,3,14:36:00,
12056,7168,10,6,28,10,18:44:00,
12057,7169,8,5,22,13,11:39:00,
12058,7170,19,2,22,2,15:47:00,
12059,7170,57,5,22,6,15:48:00,
12060,7171,69,1,34,6,13:58:00,
12061,7172,61,7,41,4,10:08:00,
12062,7172,59,1,25,13,10:17:00,
12063,7173,10,5,21,13,16:02:00,
12064,7173,36,5,32,11,16:10:00,
12065,7174,65,3,41,4,15:03:00,
12066,7175,34,6,42,12,16:15:00,
12067,7176,36,1,19,10,17:03:00,
12068,7176,11,4,27,14,17:00:00,
12069,7177,11,7,19,1,11:26:00,
12070,7178,5,7,31,13,10:39:00,
12071,7178,47,6,28,7,10:54:00,
12072,7179,57,6,23,14,14:22:00,
12073,7179,61,2,29,1,15:26:00,
12074,7180,71,3,34,7,12:50:00,
12075,7181,35,2,25,11,14:15:00,
12076,7181,54,6,41,11,14:03:00,
12077,7182,11,2,37,14,10:37:00,
12078,7182,42,4,43,6,09:43:00,
12079,7183,49,1,19,12,16:23:00,
12080,7183,29,8,36,4,16:15:00,
12081,7183,42,6,31,4,16:03:00,
12082,7184,42,6,28,1,13:12:00,
12083,7184,54,8,39,1,14:13:00,
12084,7184,61,1,28,14,14:39:00,
12085,7185,35,2,31,11,13:10:00,
12086,7186,48,3,7,13,10:24:00,
12087,7187,27,6,23,13,11:16:00,
12088,7187,49,1,8,7,10:42:00,
12089,7187,5,2,36,4,11:16:00,
12090,7188,7,3,29,4,17:17:00,
12091,7188,49,2,19,1,17:48:00,
12092,7189,34,8,31,13,10:12:00,
12093,7189,54,1,16,6,10:14:00,
12094,7190,36,5,33,1,11:52:00,
12095,7191,62,1,21,11,16:06:00,
12096,7191,47,7,27,10,15:56:00,
12097,7192,44,5,18,11,17:21:00,
12098,7192,34,6,34,4,17:11:00,
12099,7193,65,2,29,3,13:51:00,
12100,7193,7,4,34,5,12:58:00,
12101,7194,19,7,38,7,17:01:00,
12102,7194,29,8,30,13,16:40:00,
12103,7195,9,7,32,13,09:51:00,
12104,7195,42,1,36,4,09:14:00,
12105,7196,45,6,46,7,13:17:00,
12106,7196,71,6,25,14,13:49:00,
12107,7197,42,7,49,10,09:29:00,
12108,7197,69,6,37,1,09:37:00,
12109,7198,8,4,45,2,14:48:00,
12110,7199,61,4,29,1,17:13:00,
12111,7199,42,1,34,7,16:44:00,
12112,7199,23,8,26,13,16:20:00,
12113,7200,69,6,23,2,16:35:00,
12114,7200,57,7,14,2,16:49:00,
12115,7200,34,1,37,7,16:10:00,
12116,7201,48,3,31,14,14:24:00,
12117,7202,57,2,6,10,11:32:00,
12118,7203,73,8,28,6,13:13:00,
12119,7204,42,1,28,2,13:53:00,
12120,7204,43,4,32,1,13:43:00,
12121,7204,39,1,22,6,13:16:00,
12122,7205,68,2,31,6,14:17:00,
12123,7206,20,1,45,12,17:29:00,
12124,7206,62,6,17,5,18:05:00,
12125,7207,23,8,39,2,16:37:00,
12126,7208,50,7,24,12,10:32:00,
12127,7209,27,3,34,13,15:17:00,
12128,7209,8,5,31,7,15:00:00,
12129,7210,71,2,15,5,17:07:00,
12130,7211,19,6,27,7,10:26:00,
12131,7211,57,6,18,14,10:08:00,
12132,7212,34,2,23,1,12:58:00,
12133,7213,34,8,33,1,13:04:00,
12134,7214,19,7,25,2,16:35:00,
12135,7215,44,8,14,11,10:42:00,
12136,7216,59,1,17,5,16:12:00,
12137,7216,29,5,28,5,16:03:00,
12138,7217,62,6,32,12,10:56:00,
12139,7217,42,1,34,14,10:12:00,
12140,7218,71,5,23,6,15:34:00,
12141,7219,47,2,30,4,09:58:00,
12142,7220,57,7,21,5,11:29:00,
12143,7220,5,8,28,3,11:26:00,
12144,7221,19,2,39,1,10:40:00,
12145,7222,48,2,25,11,12:39:00,
12146,7223,61,2,43,10,16:17:00,
12147,7223,49,7,26,1,16:19:00,
12148,7224,44,4,15,4,10:13:00,
12149,7225,10,3,24,5,15:15:00,
12150,7225,35,1,25,14,14:46:00,
12151,7226,49,1,21,6,12:07:00,
12152,7226,8,4,25,1,12:05:00,
12153,7227,43,7,26,1,13:33:00,
12154,7228,10,3,28,14,13:46:00,
12155,7228,54,1,26,13,14:17:00,
12156,7229,50,4,28,13,13:23:00,
12157,7229,62,1,17,3,13:49:00,
12158,7230,9,8,23,12,14:16:00,
12159,7231,34,1,31,10,10:56:00,
12160,7232,1,4,31,3,11:59:00,
12161,7232,61,7,42,5,12:08:00,
12162,7233,54,8,24,13,10:53:00,
12163,7234,73,4,20,12,12:17:00,
12164,7235,49,4,19,3,16:30:00,
12165,7235,56,1,37,6,16:44:00,
12166,7236,48,8,35,1,17:51:00,
12167,7236,44,1,24,7,17:23:00,
12168,7236,9,3,31,11,17:29:00,
12169,7237,49,5,18,10,12:08:00,
12170,7238,27,5,34,12,13:32:00,
12171,7238,11,5,22,1,13:31:00,
12172,7238,23,7,45,7,13:26:00,
12173,7239,5,4,25,14,14:23:00,
12174,7239,19,7,34,14,13:36:00,
12175,7239,53,3,23,4,14:07:00,
12176,7240,47,7,23,12,15:47:00,
12177,7241,7,2,38,14,15:35:00,
12178,7241,53,4,31,3,15:31:00,
12179,7242,23,6,29,12,14:07:00,
12180,7243,48,6,33,11,16:54:00,
12181,7244,11,8,32,4,10:14:00,
12182,7244,69,3,17,1,09:46:00,
12183,7245,48,6,12,4,12:35:00,
12184,7245,56,6,24,6,12:41:00,
12185,7246,19,4,37,1,14:43:00,
12186,7246,9,6,16,10,14:59:00,
12187,7247,20,5,16,4,18:20:00,
12188,7248,29,6,12,6,15:24:00,
12189,7248,71,8,21,6,15:34:00,
12190,7248,62,2,31,5,15:46:00,
12191,7249,45,1,22,6,12:40:00,
12192,7249,44,6,20,13,12:40:00,
12193,7250,65,4,17,2,15:14:00,
12194,7250,43,1,37,7,15:36:00,
12195,7251,59,6,24,11,14:33:00,
12196,7252,57,2,22,10,13:19:00,
12197,7253,5,2,37,10,14:44:00,
12198,7253,7,3,33,12,15:12:00,
12199,7254,71,5,16,5,15:28:00,
12200,7255,73,1,22,4,11:16:00,
12201,7255,69,7,36,1,10:40:00,
12202,7256,48,8,32,13,14:26:00,
12203,7257,20,2,41,7,09:13:00,
12204,7257,27,4,31,10,09:16:00,
12205,7258,56,3,16,2,14:43:00,
12206,7259,68,1,23,5,14:54:00,
12207,7260,56,5,35,7,14:17:00,
12208,7260,36,5,38,13,14:16:00,
12209,7261,59,3,26,12,15:43:00,
12210,7262,56,1,47,3,10:10:00,
12211,7263,35,6,17,4,11:21:00,
12212,7263,48,5,12,10,10:31:00,
12213,7264,35,5,18,1,11:56:00,
12214,7265,44,3,11,4,11:44:00,
12215,7265,42,1,51,7,11:03:00,
12216,7266,19,8,33,10,13:35:00,
12217,7266,39,1,20,5,13:30:00,
12218,7267,19,6,35,1,15:09:00,
12219,7268,53,2,33,6,15:39:00,
12220,7268,29,7,29,14,15:35:00,
12221,7268,69,5,19,4,15:04:00,
12222,7269,59,4,33,1,10:36:00,
12223,7269,20,2,46,14,10:08:00,
12224,7270,69,5,34,10,14:25:00,
12225,7270,1,6,24,14,14:54:00,
12226,7271,61,7,37,4,09:38:00,
12227,7272,45,1,30,2,14:52:00,
12228,7272,50,1,22,10,15:13:00,
12229,7273,39,8,21,4,09:42:00,
12230,7274,27,1,33,6,10:44:00,
12231,7274,44,6,22,12,10:23:00,
12232,7275,73,7,5,12,11:38:00,
12233,7275,42,5,34,11,11:43:00,
12234,7276,1,5,35,4,13:26:00,
12235,7276,43,5,40,2,12:51:00,
12236,7277,48,4,23,10,12:09:00,
12237,7277,35,1,16,7,11:27:00,
12238,7278,49,3,23,11,14:38:00,
12239,7278,36,7,31,4,13:52:00,
12240,7279,39,3,26,7,17:46:00,
12241,7279,36,4,31,4,17:04:00,
12242,7280,39,1,36,14,14:33:00,
12243,7281,29,7,20,2,09:36:00,
12244,7282,69,2,15,7,12:10:00,
12245,7283,27,2,28,12,15:46:00,
12246,7283,10,1,36,1,15:48:00,
12247,7284,39,6,25,10,16:11:00,
12248,7284,27,4,30,12,16:01:00,
12249,7285,20,8,32,11,09:14:00,
12250,7286,59,8,32,6,10:37:00,
12251,7287,11,7,26,11,12:42:00,
12252,7287,65,1,35,11,12:21:00,
12253,7288,57,7,19,5,11:09:00,
12254,7289,29,3,20,2,16:46:00,
12255,7290,43,4,27,14,14:41:00,
12256,7290,50,7,26,1,14:11:00,
12257,7291,62,5,23,14,12:16:00,
12258,7291,19,2,24,13,12:25:00,
12259,7292,34,3,51,12,14:45:00,
12260,7292,50,3,31,11,14:29:00,
12261,7293,50,2,31,6,13:15:00,
12262,7293,59,3,24,7,13:07:00,
12263,7294,29,3,32,4,16:17:00,
12264,7294,8,5,36,4,15:53:00,
12265,7295,10,4,33,4,13:47:00,
12266,7296,34,4,26,14,15:20:00,
12267,7296,36,2,37,12,16:07:00,
12268,7297,5,1,40,13,16:26:00,
12269,7298,50,4,37,6,13:58:00,
12270,7299,62,3,30,10,12:38:00,
12271,7300,5,6,34,14,11:03:00,
12272,7300,57,8,20,2,10:37:00,
12273,7301,10,3,13,14,10:42:00,
12274,7302,27,3,26,7,18:24:00,
12275,7303,71,3,23,1,12:24:00,
12276,7304,34,3,24,13,13:35:00,
12277,7305,54,2,22,14,15:39:00,
12278,7305,20,3,38,5,16:03:00,
12279,7305,45,2,38,14,16:13:00,
12280,7306,36,1,29,7,13:14:00,
12281,7307,54,4,29,14,12:50:00,
12282,7307,45,5,41,2,13:14:00,
12283,7308,61,8,34,11,09:11:00,
12284,7309,59,3,29,2,11:23:00,
12285,7310,35,8,35,11,12:25:00,
12286,7311,54,8,55,14,09:25:00,
12287,7311,9,7,33,11,09:26:00,
12288,7312,39,6,17,5,14:59:00,
12289,7313,36,8,36,12,13:10:00,
12290,7313,62,6,20,13,14:02:00,
12291,7314,68,5,31,1,14:01:00,
12292,7314,53,4,35,11,13:38:00,
12293,7315,73,4,29,6,16:47:00,
12294,7316,56,3,32,1,14:43:00,
12295,7317,65,8,32,2,16:15:00,
12296,7318,62,6,38,11,14:06:00,
12297,7318,36,8,19,6,14:25:00,
12298,7319,61,1,26,4,11:21:00,
12299,7319,62,2,26,7,11:03:00,
12300,7319,5,4,40,13,10:21:00,
12301,7320,19,5,29,14,17:31:00,
12302,7321,71,2,25,4,14:27:00,
12303,7322,29,2,25,3,09:35:00,
12304,7323,39,3,21,4,17:08:00,
12305,7323,73,7,27,7,16:49:00,
12306,7323,19,2,23,10,16:45:00,
12307,7324,48,4,25,1,14:45:00,
12308,7324,10,2,18,10,14:41:00,
12309,7325,53,4,27,14,11:11:00,
12310,7326,35,1,15,1,14:39:00,
12311,7327,48,5,28,1,09:31:00,
12312,7328,61,6,34,5,15:02:00,
12313,7329,53,6,34,6,13:58:00,
12314,7330,20,3,32,12,16:23:00,
12315,7330,65,6,46,6,15:53:00,
12316,7331,56,1,23,1,17:12:00,
12317,7331,29,7,34,5,16:37:00,
12318,7332,36,2,33,10,16:08:00,
12319,7333,47,6,22,11,10:51:00,
12320,7334,56,1,20,1,09:45:00,
12321,7334,19,8,29,12,09:12:00,
12322,7334,35,5,19,13,09:25:00,
12323,7335,10,3,24,12,16:23:00,
12324,7336,56,7,32,3,11:00:00,
12325,7336,48,2,18,14,10:55:00,
12326,7336,57,6,27,3,10:51:00,
12327,7337,29,5,27,5,12:38:00,
12328,7337,71,5,5,4,12:44:00,
12329,7338,39,7,37,7,11:19:00,
12330,7338,47,6,29,4,09:59:00,
12331,7339,11,6,43,2,12:50:00,
12332,7340,65,5,30,5,11:02:00,
12333,7340,68,1,33,11,11:15:00,
12334,7340,48,8,21,4,11:03:00,
12335,7341,42,2,27,11,10:50:00,
12336,7341,43,8,24,2,10:07:00,
12337,7342,57,4,27,12,09:47:00,
12338,7343,71,2,29,7,10:14:00,
12339,7343,69,2,29,4,10:40:00,
12340,7343,48,4,37,1,10:39:00,
12341,7344,69,1,30,10,10:05:00,
12342,7344,5,4,22,2,10:52:00,
12343,7345,43,3,25,13,12:39:00,
12344,7346,19,5,37,14,12:50:00,
12345,7346,54,3,33,7,13:06:00,
12346,7347,47,2,16,2,13:45:00,
12347,7348,54,3,42,2,10:56:00,
12348,7348,29,4,38,12,10:49:00,
12349,7349,29,7,28,11,11:24:00,
12350,7350,29,4,27,4,16:15:00,
12351,7350,56,1,24,1,15:46:00,
12352,7350,35,7,22,3,16:06:00,
12353,7351,34,7,35,12,15:00:00,
12354,7351,65,5,28,4,15:34:00,
12355,7352,47,5,25,11,17:50:00,
12356,7352,73,2,17,6,17:08:00,
12357,7352,19,4,25,1,17:35:00,
12358,7353,50,2,34,2,11:31:00,
12359,7353,1,7,22,3,12:42:00,
12360,7353,39,8,29,4,12:47:00,
12361,7354,71,7,18,6,15:57:00,
12362,7354,69,7,39,10,15:44:00,
12363,7355,62,1,7,10,18:09:00,
12364,7355,73,7,24,4,17:01:00,
12365,7356,10,8,7,1,13:49:00,
12366,7356,54,7,33,6,13:43:00,
12367,7357,19,1,20,5,10:50:00,
12368,7358,62,2,29,12,17:46:00,
12369,7358,11,5,30,6,17:14:00,
12370,7358,71,1,20,7,16:54:00,
12371,7359,27,4,22,5,10:26:00,
12372,7360,68,4,32,5,10:06:00,
12373,7360,27,5,24,14,11:10:00,
12374,7361,29,6,26,3,10:55:00,
12375,7361,50,2,35,1,10:55:00,
12376,7362,27,2,22,4,14:35:00,
12377,7363,1,8,45,7,11:50:00,
12378,7363,27,7,21,14,11:52:00,
12379,7364,71,7,28,10,16:44:00,
12380,7365,49,3,21,11,15:32:00,
12381,7366,20,2,44,5,14:26:00,
12382,7366,10,8,23,3,14:52:00,
12383,7367,53,2,13,4,12:06:00,
12384,7367,65,5,26,7,12:04:00,
12385,7368,69,2,27,2,14:41:00,
12386,7368,1,3,30,3,14:30:00,
12387,7368,5,1,40,12,14:38:00,
12388,7369,59,5,21,5,13:08:00,
12389,7370,57,7,24,6,12:41:00,
12390,7370,50,5,29,2,13:07:00,
12391,7371,59,8,15,6,17:14:00,
12392,7371,73,8,22,11,17:23:00,
12393,7372,71,1,24,12,16:02:00,
12394,7372,19,8,37,11,16:08:00,
12395,7373,59,8,18,3,15:09:00,
12396,7373,23,8,41,5,14:19:00,
12397,7374,5,6,26,7,17:13:00,
12398,7374,44,7,29,5,17:23:00,
12399,7375,44,1,11,6,14:03:00,
12400,7376,45,3,46,2,11:43:00,
12401,7377,45,1,40,6,09:43:00,
12402,7378,53,7,31,14,10:52:00,
12403,7378,73,3,26,5,10:41:00,
12404,7379,9,3,11,2,17:03:00,
12405,7379,19,6,43,1,17:27:00,
12406,7380,23,7,29,3,13:36:00,
12407,7381,43,1,22,10,16:46:00,
12408,7381,1,3,29,1,16:55:00,
12409,7382,73,4,23,1,12:01:00,
12410,7383,59,7,16,3,14:01:00,
12411,7383,23,7,33,3,13:55:00,
12412,7383,43,1,34,3,13:37:00,
12413,7384,54,1,47,6,10:41:00,
12414,7384,8,2,28,11,10:42:00,
12415,7385,8,2,30,3,15:13:00,
12416,7386,42,1,31,14,12:49:00,
12417,7386,71,3,22,13,12:26:00,
12418,7386,20,4,30,5,12:37:00,
12419,7387,29,6,21,12,13:57:00,
12420,7387,5,4,39,2,13:20:00,
12421,7388,29,5,29,5,11:54:00,
12422,7388,49,8,16,4,11:34:00,
12423,7389,5,8,38,2,14:57:00,
12424,7389,62,1,41,7,14:49:00,
12425,7390,65,7,22,1,12:09:00,
12426,7390,36,1,34,6,11:52:00,
12427,7390,34,5,34,13,12:01:00,
12428,7391,8,5,39,14,10:40:00,
12429,7391,50,7,35,1,09:55:00,
12430,7392,42,3,35,11,12:24:00,
12431,7393,8,5,34,13,10:07:00,
12432,7393,11,5,31,3,10:16:00,
12433,7393,44,1,33,11,10:49:00,
12434,7394,56,3,32,11,12:00:00,
12435,7394,1,7,36,3,12:09:00,
12436,7395,34,3,26,12,15:40:00,
12437,7395,40,7,40,13,16:08:00,
12438,7396,57,1,23,14,11:08:00,
12439,7397,59,2,28,3,14:39:00,
12440,7398,69,7,15,4,12:46:00,
12441,7399,44,6,16,7,15:41:00,
12442,7399,68,1,28,10,16:26:00,
12443,7400,69,4,29,13,16:32:00,
12444,7400,49,2,16,13,16:05:00,
12445,7401,49,2,15,13,15:17:00,
12446,7402,9,1,11,4,10:08:00,
12447,7403,20,8,31,6,16:23:00,
12448,7403,34,3,29,11,15:50:00,
12449,7403,10,8,16,3,15:46:00,
12450,7404,11,3,13,11,16:32:00,
12451,7405,61,2,38,6,17:16:00,
12452,7405,49,6,12,13,16:34:00,
12453,7406,73,8,20,5,11:59:00,
12454,7407,43,7,39,3,11:54:00,
12455,7408,68,6,38,7,11:16:00,
12456,7409,20,3,27,4,16:02:00,
12457,7410,59,7,24,3,12:25:00,
12458,7411,36,2,31,10,16:26:00,
12459,7411,68,5,31,4,16:03:00,
12460,7412,59,3,10,6,11:42:00,
12461,7413,57,3,22,11,13:30:00,
12462,7413,23,1,24,4,12:41:00,
12463,7414,73,5,13,5,13:19:00,
12464,7415,48,5,30,11,11:02:00,
12465,7415,56,1,31,10,10:44:00,
12466,7415,62,8,37,1,10:08:00,
12467,7416,43,5,32,2,14:03:00,
12468,7416,47,5,32,14,14:08:00,
12469,7416,27,1,28,5,14:35:00,
12470,7417,8,6,22,14,12:51:00,
12471,7417,39,6,30,2,13:08:00,
12472,7417,7,1,39,13,13:37:00,
12473,7418,8,2,32,10,13:49:00,
12474,7418,53,7,16,1,14:16:00,
12475,7419,56,6,42,13,15:38:00,
12476,7419,40,4,38,2,15:50:00,
12477,7420,57,8,28,5,12:31:00,
12478,7420,49,3,14,1,13:10:00,
12479,7421,48,7,28,6,15:48:00,
12480,7421,69,1,27,12,16:28:00,
12481,7421,29,4,25,6,16:05:00,
12482,7422,48,8,48,12,10:58:00,
12483,7422,47,6,26,13,11:17:00,
12484,7423,34,7,30,12,11:54:00,
12485,7423,65,2,34,10,11:24:00,
12486,7424,47,1,29,10,09:44:00,
12487,7425,20,5,35,12,17:18:00,
12488,7425,47,4,23,10,17:14:00,
12489,7426,8,1,29,1,12:26:00,
12490,7426,59,4,17,6,12:34:00,
12491,7427,36,7,30,11,12:42:00,
12492,7427,8,2,32,13,12:59:00,
12493,7428,19,8,37,6,11:36:00,
12494,7428,47,5,15,4,10:50:00,
12495,7429,56,7,27,13,14:23:00,
12496,7429,71,1,10,14,14:26:00,
12497,7430,8,5,24,1,12:17:00,
12498,7430,23,1,31,14,13:41:00,
12499,7430,1,3,37,10,13:47:00,
12500,7431,56,7,26,3,17:14:00,
12501,7431,42,3,24,6,17:20:00,
12502,7431,1,3,36,11,16:57:00,
12503,7432,44,2,6,11,16:35:00,
12504,7432,39,1,33,2,16:51:00,
12505,7433,20,5,37,12,13:09:00,
12506,7434,65,3,39,5,16:05:00,
12507,7435,57,4,12,4,09:46:00,
12508,7436,1,7,20,5,10:36:00,
12509,7437,71,8,18,12,13:01:00,
12510,7437,65,7,49,4,12:56:00,
12511,7438,61,6,19,2,11:09:00,
12512,7438,20,1,28,1,11:31:00,
12513,7438,65,6,37,11,12:11:00,
12514,7439,27,6,35,14,14:39:00,
12515,7439,68,2,26,7,14:11:00,
12516,7440,50,5,20,7,17:22:00,
12517,7440,62,3,50,10,18:01:00,
12518,7440,69,6,32,3,17:46:00,
12519,7441,40,6,39,14,09:22:00,
12520,7442,48,1,13,7,09:53:00,
12521,7443,1,3,35,3,14:28:00,
12522,7443,20,4,20,4,14:25:00,
12523,7444,40,2,34,13,17:19:00,
12524,7444,73,2,13,12,17:19:00,
12525,7445,73,1,28,12,10:46:00,
12526,7446,27,2,25,4,12:56:00,
12527,7447,10,2,28,10,11:25:00,
12528,7448,10,1,8,13,10:11:00,
12529,7449,53,7,13,2,12:35:00,
12530,7450,42,2,32,2,13:01:00,
12531,7451,36,7,35,4,16:17:00,
12532,7451,23,3,35,10,15:54:00,
12533,7452,39,1,29,10,16:12:00,
12534,7452,57,4,26,11,16:02:00,
12535,7453,40,7,46,3,12:33:00,
12536,7454,43,2,29,10,11:56:00,
12537,7454,48,7,14,11,11:53:00,
12538,7454,39,4,24,11,11:36:00,
12539,7455,71,1,19,6,12:26:00,
12540,7456,20,6,42,13,14:59:00,
12541,7457,44,4,26,11,10:31:00,
12542,7458,27,2,26,10,13:42:00,
12543,7458,48,1,12,7,13:36:00,
12544,7459,69,2,31,4,16:19:00,
12545,7460,71,5,23,1,16:15:00,
12546,7461,48,4,39,10,12:01:00,
12547,7461,45,8,36,11,11:43:00,
12548,7462,65,3,12,10,10:07:00,
12549,7462,50,3,36,7,10:25:00,
12550,7463,68,1,40,11,12:18:00,
12551,7463,36,7,46,6,11:26:00,
12552,7464,47,2,26,2,13:18:00,
12553,7465,11,6,24,3,11:41:00,
12554,7466,40,2,48,11,14:03:00,
12555,7467,50,6,21,1,15:00:00,
12556,7468,68,8,29,4,11:46:00,
12557,7469,27,2,40,6,13:03:00,
12558,7469,71,6,38,3,13:17:00,
12559,7470,59,4,17,13,15:06:00,
12560,7470,40,4,42,10,15:46:00,
12561,7471,11,8,34,14,11:42:00,
12562,7471,53,3,32,14,12:01:00,
12563,7472,61,1,35,5,15:43:00,
12564,7473,9,4,21,6,15:41:00,
12565,7473,49,7,28,12,14:11:00,
12566,7474,48,4,10,3,16:19:00,
12567,7474,29,6,24,2,15:35:00,
12568,7475,29,3,33,14,12:07:00,
12569,7475,68,3,37,3,12:35:00,
12570,7476,43,1,31,11,11:23:00,
12571,7476,48,5,32,11,11:46:00,
12572,7477,48,2,21,6,15:52:00,
12573,7478,11,8,18,4,12:33:00,
12574,7478,56,6,26,6,12:35:00,
12575,7479,11,6,43,14,15:42:00,
12576,7479,48,1,5,5,15:24:00,
12577,7480,20,1,44,4,17:19:00,
12578,7480,69,7,22,1,17:30:00,
12579,7481,1,5,22,11,10:37:00,
12580,7481,39,2,16,7,10:00:00,
12581,7482,1,4,9,3,16:14:00,
12582,7482,65,3,15,1,16:09:00,
12583,7483,73,4,18,2,15:48:00,
12584,7483,40,3,27,14,16:06:00,
12585,7484,20,8,36,11,11:34:00,
12586,7484,39,6,24,1,11:21:00,
12587,7485,9,1,23,1,15:02:00,
12588,7485,10,1,30,5,14:37:00,
12589,7486,69,4,45,2,16:49:00,
12590,7487,50,1,40,14,17:10:00,
12591,7487,65,3,28,7,17:06:00,
12592,7488,42,2,30,7,16:36:00,
12593,7489,62,1,31,13,14:03:00,
12594,7489,69,4,22,2,14:59:00,
12595,7490,49,1,32,4,14:45:00,
12596,7490,73,4,21,7,15:24:00,
12597,7491,49,2,20,5,15:44:00,
12598,7492,57,7,20,3,15:14:00,
12599,7492,73,8,23,6,15:33:00,
12600,7492,39,8,13,13,15:21:00,
12601,7493,40,7,37,4,16:14:00,
12602,7494,65,3,46,10,10:30:00,
12603,7494,20,3,42,7,10:53:00,
12604,7495,36,1,37,6,17:22:00,
12605,7495,23,8,29,3,16:52:00,
12606,7496,69,4,32,13,12:00:00,
12607,7497,43,1,24,6,10:21:00,
12608,7498,39,6,31,4,14:39:00,
12609,7498,48,8,42,3,14:52:00,
12610,7499,20,7,29,11,13:54:00,
12611,7500,50,8,27,6,15:51:00,
12612,7501,61,4,33,7,09:55:00,
12613,7501,69,7,22,3,10:20:00,
12614,7502,9,1,40,10,10:10:00,
12615,7503,27,3,29,14,12:04:00,
12616,7504,1,2,33,10,15:21:00,
12617,7504,69,8,32,5,14:23:00,
12618,7505,59,6,41,5,11:30:00,
12619,7506,68,1,48,12,15:33:00,
12620,7507,8,8,23,5,11:59:00,
12621,7508,68,1,31,12,15:43:00,
12622,7509,36,5,36,10,12:21:00,
12623,7509,65,2,24,1,12:36:00,
12624,7509,11,4,36,12,12:09:00,
12625,7510,11,2,25,7,10:01:00,
12626,7511,1,3,37,6,14:46:00,
12627,7512,59,2,22,10,09:37:00,
12628,7513,45,3,32,14,10:27:00,
12629,7513,62,8,31,6,12:10:00,
12630,7514,73,5,37,5,15:53:00,
12631,7514,53,1,23,13,15:52:00,
12632,7515,56,7,26,10,16:32:00,
12633,7516,47,8,18,14,12:57:00,
12634,7516,62,4,39,13,12:32:00,
12635,7517,23,5,30,6,12:28:00,
12636,7518,27,6,27,6,12:25:00,
12637,7519,61,1,43,1,10:03:00,
12638,7519,71,7,16,12,10:13:00,
12639,7520,50,4,33,4,15:24:00,
12640,7520,62,1,14,14,15:53:00,
12641,7520,40,7,31,1,16:06:00,
12642,7521,47,1,22,7,10:26:00,
12643,7522,44,1,11,13,12:10:00,
12644,7523,69,2,29,12,10:19:00,
12645,7523,43,4,43,12,10:22:00,
12646,7523,47,2,39,1,10:16:00,
12647,7524,73,7,27,13,11:24:00,
12648,7525,34,1,43,4,16:06:00,
12649,7525,65,3,36,1,15:51:00,
12650,7526,45,6,43,2,15:30:00,
12651,7526,56,7,25,13,15:58:00,
12652,7527,20,1,47,10,15:12:00,
12653,7528,53,6,14,4,14:34:00,
12654,7529,57,5,28,14,10:53:00,
12655,7530,61,6,30,10,10:17:00,
12656,7531,23,8,38,12,17:36:00,
12657,7531,40,1,43,12,16:34:00,
12658,7532,50,2,18,14,11:23:00,
12659,7532,68,8,38,14,11:35:00,
12660,7533,8,5,34,3,13:48:00,
12661,7534,53,2,29,10,17:28:00,
12662,7535,9,3,36,13,16:45:00,
12663,7535,27,4,34,14,15:52:00,
12664,7536,53,1,19,4,15:55:00,
12665,7537,1,7,24,11,11:57:00,
12666,7537,73,6,16,13,11:26:00,
12667,7538,8,5,39,6,13:44:00,
12668,7538,27,4,21,3,14:15:00,
12669,7539,48,4,38,13,09:41:00,
12670,7540,40,4,38,6,12:53:00,
12671,7541,50,1,36,4,15:06:00,
12672,7542,10,2,21,5,13:48:00,
12673,7542,73,5,30,2,14:03:00,
12674,7542,11,2,18,5,13:40:00,
12675,7543,69,6,47,11,10:21:00,
12676,7543,50,5,24,1,10:35:00,
12677,7544,50,5,32,7,13:54:00,
12678,7544,48,8,37,11,13:54:00,
12679,7545,47,8,18,1,14:21:00,
12680,7546,65,4,27,14,17:19:00,
12681,7547,71,6,18,2,11:28:00,
12682,7547,10,5,29,3,11:15:00,
12683,7548,45,1,43,12,15:56:00,
12684,7549,42,5,43,11,09:21:00,
12685,7550,39,8,31,14,12:56:00,
12686,7551,59,5,29,12,16:56:00,
12687,7551,23,5,27,2,16:44:00,
12688,7551,27,1,19,5,16:45:00,
12689,7552,45,4,48,5,11:11:00,
12690,7553,8,5,12,12,11:53:00,
12691,7554,45,6,38,14,15:50:00,
12692,7554,36,7,36,12,15:12:00,
12693,7554,50,6,10,1,15:28:00,
12694,7555,42,1,31,13,11:22:00,
12695,7556,19,3,20,14,10:11:00,
12696,7556,29,3,31,1,09:59:00,
12697,7556,68,8,34,7,09:41:00,
12698,7557,11,8,27,12,14:20:00,
12699,7557,68,1,12,2,13:30:00,
12700,7557,36,7,39,13,14:19:00,
12701,7558,5,4,35,14,12:33:00,
12702,7559,45,6,35,13,11:41:00,
12703,7559,59,6,21,11,11:44:00,
12704,7560,36,7,30,13,11:08:00,
12705,7560,50,5,18,10,11:12:00,
12706,7561,29,1,23,7,11:23:00,
12707,7562,7,3,45,13,15:02:00,
12708,7562,10,8,40,1,14:52:00,
12709,7563,49,4,19,12,12:27:00,
12710,7564,47,4,25,6,10:14:00,
12711,7564,69,6,36,7,10:52:00,
12712,7565,10,4,38,7,13:29:00,
12713,7565,43,2,20,7,12:27:00,
12714,7566,7,1,24,12,12:54:00,
12715,7566,43,6,33,13,13:20:00,
12716,7566,71,4,32,7,13:23:00,
12717,7567,39,7,17,1,15:50:00,
12718,7567,45,5,30,14,16:12:00,
12719,7568,59,5,31,13,09:14:00,
12720,7569,10,3,22,12,10:51:00,
12721,7570,59,3,16,5,10:50:00,
12722,7570,44,8,21,4,11:12:00,
12723,7571,69,5,38,10,15:50:00,
12724,7572,34,1,22,14,10:27:00,
12725,7573,67,2,29,2,09:48:00,
12726,7573,62,2,21,7,10:00:00,
12727,7573,1,6,26,6,09:49:00,
12728,7574,23,6,36,3,09:49:00,
12729,7575,49,5,10,2,11:36:00,
12730,7575,45,6,41,10,11:02:00,
12731,7575,65,2,42,3,10:51:00,
12732,7576,42,1,48,14,17:00:00,
12733,7577,27,8,12,14,11:02:00,
12734,7577,59,8,23,10,12:08:00,
12735,7577,20,2,23,2,11:37:00,
12736,7578,53,1,19,5,15:41:00,
12737,7578,57,7,15,1,15:34:00,
12738,7579,40,1,28,7,09:41:00,
12739,7579,39,5,30,13,10:15:00,
12740,7579,42,3,39,14,09:51:00,
12741,7580,9,2,28,13,16:14:00,
12742,7581,8,1,35,10,17:06:00,
12743,7582,67,1,26,14,13:20:00,
12744,7582,47,3,26,12,12:56:00,
12745,7583,59,5,20,2,11:47:00,
12746,7583,43,7,33,3,11:05:00,
12747,7583,23,8,31,11,10:15:00,
12748,7584,48,8,13,7,15:22:00,
12749,7585,23,7,43,2,11:56:00,
12750,7586,20,1,40,6,15:25:00,
12751,7586,27,7,13,2,13:44:00,
12752,7587,62,4,47,4,14:29:00,
12753,7588,43,2,19,13,12:01:00,
12754,7589,42,4,35,5,12:03:00,
12755,7589,10,6,14,1,11:58:00,
12756,7590,65,6,46,1,14:41:00,
12757,7591,34,4,29,13,14:40:00,
12758,7592,57,4,18,2,13:26:00,
12759,7593,5,1,54,13,11:21:00,
12760,7593,19,5,34,13,11:33:00,
12761,7594,20,8,28,10,10:00:00,
12762,7595,23,1,33,6,10:30:00,
12763,7595,67,1,17,10,10:59:00,
12764,7596,71,8,27,3,15:28:00,
12765,7596,67,3,45,1,15:18:00,
12766,7596,23,6,21,14,15:25:00,
12767,7597,57,7,11,4,11:50:00,
12768,7598,9,3,20,2,14:51:00,
12769,7598,62,4,45,11,14:13:00,
12770,7599,71,7,25,14,10:43:00,
12771,7599,68,4,47,11,11:10:00,
12772,7599,57,8,24,7,12:03:00,
12773,7600,43,7,46,3,14:32:00,
12774,7601,45,2,35,2,11:55:00,
12775,7601,9,8,27,12,11:42:00,
12776,7601,34,8,26,11,11:49:00,
12777,7602,36,8,20,14,12:37:00,
12778,7602,67,8,36,3,12:35:00,
12779,7602,27,8,31,1,12:22:00,
12780,7603,49,3,24,11,15:56:00,
12781,7604,62,7,29,5,17:02:00,
12782,7604,34,4,24,11,17:12:00,
12783,7604,39,3,26,12,17:20:00,
12784,7605,20,5,49,4,15:51:00,
12785,7605,11,8,28,2,15:20:00,
12786,7605,49,4,24,6,15:22:00,
12787,7606,23,5,39,4,15:30:00,
12788,7606,5,4,52,10,14:48:00,
12789,7607,36,3,33,6,15:36:00,
12790,7607,45,4,32,14,15:46:00,
12791,7608,34,8,40,13,11:40:00,
12792,7608,5,5,40,6,12:15:00,
12793,7609,61,8,28,12,12:18:00,
12794,7609,68,3,29,13,12:30:00,
12795,7610,44,6,12,4,12:59:00,
12796,7611,8,4,36,7,14:45:00,
12797,7611,45,6,36,13,14:20:00,
12798,7612,42,2,31,2,12:47:00,
12799,7613,34,3,33,4,14:41:00,
12800,7613,9,4,13,5,14:07:00,
12801,7614,62,4,9,10,10:21:00,
12802,7614,50,2,34,14,10:47:00,
12803,7614,56,5,30,4,11:22:00,
12804,7615,73,6,34,5,10:22:00,
12805,7615,53,5,21,14,10:39:00,
12806,7616,11,6,10,3,17:07:00,
12807,7616,61,3,29,5,16:49:00,
12808,7617,53,3,24,1,14:14:00,
12809,7617,71,3,7,10,13:25:00,
12810,7617,68,7,43,11,15:09:00,
12811,7618,5,8,43,4,15:03:00,
12812,7618,47,3,23,12,15:26:00,
12813,7619,27,5,35,3,12:50:00,
12814,7620,73,1,10,7,11:04:00,
12815,7621,11,8,28,11,11:37:00,
12816,7622,69,7,17,12,12:54:00,
12817,7622,20,4,32,1,12:45:00,
12818,7622,36,2,31,7,12:09:00,
12819,7623,9,2,20,14,15:37:00,
12820,7624,7,7,27,10,15:57:00,
12821,7625,43,3,37,2,11:59:00,
12822,7626,1,2,26,2,15:28:00,
12823,7627,59,7,26,6,14:02:00,
12824,7628,36,3,35,1,14:58:00,
12825,7629,11,2,24,5,13:25:00,
12826,7629,73,4,19,3,13:26:00,
12827,7630,59,4,28,3,17:05:00,
12828,7631,57,3,9,12,09:37:00,
12829,7632,11,3,28,6,11:17:00,
12830,7632,23,5,33,3,10:47:00,
12831,7633,71,6,22,4,16:46:00,
12832,7634,43,5,23,2,13:19:00,
12833,7634,39,7,34,14,13:27:00,
12834,7635,8,2,33,2,16:55:00,
12835,7636,45,1,40,5,15:30:00,
12836,7637,40,6,39,13,15:58:00,
12837,7638,43,8,28,14,12:15:00,
12838,7638,42,1,35,11,12:07:00,
12839,7638,73,2,22,12,12:02:00,
12840,7639,29,8,35,12,12:05:00,
12841,7640,1,8,45,7,15:16:00,
12842,7640,36,3,37,7,14:28:00,
12843,7641,9,6,6,3,12:21:00,
12844,7641,5,7,27,3,12:13:00,
12845,7642,56,4,22,11,13:32:00,
12846,7643,62,7,24,10,14:49:00,
12847,7643,53,5,25,14,12:52:00,
12848,7643,49,2,15,13,12:57:00,
12849,7644,47,6,20,10,13:52:00,
12850,7644,59,2,24,13,13:25:00,
12851,7645,61,1,35,7,13:41:00,
12852,7645,5,4,33,14,12:16:00,
12853,7645,45,3,35,7,12:08:00,
12854,7646,8,5,31,1,12:49:00,
12855,7646,39,5,31,1,12:48:00,
12856,7647,53,5,13,3,14:04:00,
12857,7648,29,3,38,5,17:07:00,
12858,7648,34,7,38,14,16:55:00,
12859,7649,56,2,18,1,18:23:00,
12860,7650,73,7,29,3,11:49:00,
12861,7650,44,7,18,12,11:54:00,
12862,7651,20,2,31,11,09:35:00,
12863,7651,49,1,16,4,11:10:00,
12864,7652,9,2,13,3,17:03:00,
12865,7652,50,2,23,12,18:15:00,
12866,7652,65,1,29,12,16:42:00,
12867,7653,65,6,38,6,09:57:00,
12868,7653,57,3,28,7,10:27:00,
12869,7654,1,6,28,14,15:15:00,
12870,7655,19,1,18,4,13:25:00,
12871,7655,8,8,29,12,13:23:00,
12872,7656,65,5,21,5,16:54:00,
12873,7657,23,5,36,1,18:43:00,
12874,7657,67,8,22,5,17:21:00,
12875,7658,68,1,32,11,15:19:00,
12876,7658,40,2,40,1,15:28:00,
12877,7659,5,1,40,5,11:53:00,
12878,7660,23,4,25,3,11:41:00,
12879,7661,27,6,34,3,13:02:00,
12880,7661,29,2,16,4,12:10:00,
12881,7661,19,8,24,11,12:22:00,
12882,7662,73,3,14,1,10:59:00,
12883,7662,1,5,26,3,11:21:00,
12884,7662,36,6,31,5,11:09:00,
12885,7663,48,5,22,1,13:34:00,
12886,7664,59,3,21,5,14:41:00,
12887,7664,49,7,19,13,15:24:00,
12888,7665,73,1,24,1,13:28:00,
12889,7665,48,1,33,13,13:44:00,
12890,7666,9,7,20,2,13:33:00,
12891,7666,49,3,7,5,13:35:00,
12892,7666,43,2,35,1,14:19:00,
12893,7667,43,8,20,7,10:00:00,
12894,7668,49,4,21,7,16:22:00,
12895,7669,27,4,23,10,13:10:00,
12896,7670,61,4,41,10,16:51:00,
12897,7671,20,1,35,10,11:24:00,
12898,7671,69,3,29,10,11:22:00,
12899,7672,59,7,24,1,09:27:00,
12900,7672,56,8,26,2,09:56:00,
12901,7672,19,3,37,1,09:23:00,
12902,7673,53,4,29,3,17:11:00,
12903,7674,47,6,33,11,14:24:00,
12904,7674,56,1,15,3,14:15:00,
12905,7675,10,1,45,3,14:14:00,
12906,7676,9,7,21,7,11:47:00,
12907,7676,48,1,5,10,12:01:00,
12908,7677,5,5,47,12,14:28:00,
12909,7677,20,8,23,5,15:01:00,
12910,7677,48,6,35,2,15:38:00,
12911,7678,73,1,18,11,15:16:00,
12912,7679,20,1,42,2,14:06:00,
12913,7680,45,4,35,12,17:13:00,
12914,7680,59,4,19,12,16:44:00,
12915,7681,57,6,11,13,09:23:00,
12916,7681,9,7,21,2,09:11:00,
12917,7681,19,3,32,4,09:33:00,
12918,7682,19,3,32,4,15:49:00,
12919,7683,43,7,44,5,10:12:00,
12920,7683,34,8,15,14,10:37:00,
12921,7684,9,8,9,6,15:25:00,
12922,7684,68,3,17,4,14:42:00,
12923,7685,47,8,19,5,10:59:00,
12924,7686,44,1,28,11,15:00:00,
12925,7687,40,8,41,12,14:02:00,
12926,7687,68,5,34,10,13:56:00,
12927,7688,19,1,26,11,14:01:00,
12928,7688,44,1,11,12,12:57:00,
12929,7688,11,2,21,3,13:41:00,
12930,7689,48,4,5,5,10:02:00,
12931,7690,42,1,32,13,09:22:00,
12932,7690,61,6,27,12,11:09:00,
12933,7690,40,7,52,5,10:13:00,
12934,7691,8,2,44,11,13:23:00,
12935,7692,36,2,33,4,16:58:00,
12936,7693,36,7,44,10,11:36:00,
12937,7694,5,2,51,2,11:24:00,
12938,7694,19,2,35,10,11:07:00,
12939,7695,40,5,42,14,13:01:00,
12940,7696,65,5,20,5,13:27:00,
12941,7696,40,7,30,13,13:00:00,
12942,7697,62,5,22,11,09:56:00,
12943,7697,57,3,21,14,09:21:00,
12944,7698,23,5,31,10,11:29:00,
12945,7699,53,6,22,14,11:51:00,
12946,7699,5,2,50,3,12:26:00,
12947,7700,29,3,10,5,16:30:00,
12948,7700,23,2,25,4,15:19:00,
12949,7701,23,2,32,2,17:06:00,
12950,7701,44,5,18,5,16:32:00,
12951,7702,45,6,32,5,12:11:00,
12952,7703,23,7,48,4,15:53:00,
12953,7704,40,6,34,3,12:20:00,
12954,7704,5,6,36,5,12:37:00,
12955,7705,27,8,31,4,16:39:00,
12956,7705,50,4,38,3,16:42:00,
12957,7706,8,8,29,5,11:12:00,
12958,7706,7,1,24,2,12:21:00,
12959,7707,44,5,37,7,11:27:00,
12960,7708,59,5,20,14,16:56:00,
12961,7709,20,8,31,6,11:05:00,
12962,7710,59,1,23,1,15:39:00,
12963,7710,71,2,24,12,15:59:00,
12964,7711,19,1,32,4,16:36:00,
12965,7711,45,7,38,12,16:47:00,
12966,7711,29,5,30,7,16:46:00,
12967,7712,7,5,20,5,12:28:00,
12968,7713,69,5,33,3,13:54:00,
12969,7713,71,2,12,14,13:38:00,
12970,7714,5,3,29,3,10:49:00,
12971,7714,47,7,28,5,10:56:00,
12972,7715,1,2,21,3,14:22:00,
12973,7715,40,2,18,10,14:39:00,
12974,7716,57,3,8,6,11:43:00,
12975,7717,23,3,25,13,18:01:00,
12976,7718,36,2,35,11,16:24:00,
12977,7719,73,8,24,7,13:41:00,
12978,7719,23,5,39,7,13:39:00,
12979,7720,61,8,32,1,09:34:00,
12980,7720,27,8,37,13,10:00:00,
12981,7721,59,5,26,11,10:25:00,
12982,7722,23,8,32,1,17:48:00,
12983,7722,43,1,21,10,17:54:00,
12984,7723,59,5,14,3,13:22:00,
12985,7723,56,6,32,12,13:22:00,
12986,7723,34,8,40,14,13:56:00,
12987,7724,67,2,30,4,12:59:00,
12988,7724,10,4,28,2,12:57:00,
12989,7725,42,7,34,5,14:27:00,
12990,7726,56,5,17,4,09:35:00,
12991,7726,65,6,40,6,09:07:00,
12992,7727,62,4,25,5,14:05:00,
12993,7728,62,2,31,14,14:24:00,
12994,7729,23,7,36,6,13:59:00,
12995,7730,23,1,21,10,11:29:00,
12996,7731,1,4,28,14,09:29:00,
12997,7731,73,4,22,1,09:16:00,
12998,7732,53,3,36,14,10:03:00,
12999,7733,67,3,23,10,11:49:00,
13000,7733,34,5,20,7,10:25:00,
13001,7734,53,6,29,2,11:15:00,
13002,7734,29,3,24,10,11:21:00,
13003,7735,5,8,19,5,12:31:00,
13004,7736,59,4,22,10,13:08:00,
13005,7737,5,7,43,5,14:08:00,
13006,7738,29,1,29,1,15:44:00,
13007,7738,68,7,29,7,15:32:00,
13008,7738,48,3,28,12,15:27:00,
13009,7739,71,7,13,12,14:09:00,
13010,7739,73,2,32,14,14:01:00,
13011,7740,56,8,25,1,13:03:00,
13012,7740,48,4,18,13,12:26:00,
13013,7741,71,6,33,5,15:35:00,
13014,7741,1,1,31,7,15:38:00,
13015,7741,47,7,23,4,15:50:00,
13016,7742,71,4,17,10,11:03:00,
13017,7742,10,4,28,11,11:05:00,
13018,7743,8,1,44,11,09:52:00,
13019,7743,44,5,17,10,10:05:00,
13020,7744,68,4,23,12,15:02:00,
13021,7745,53,6,25,2,15:27:00,
13022,7746,49,4,15,5,16:44:00,
13023,7747,10,4,44,1,14:21:00,
13024,7747,9,1,23,13,14:57:00,
13025,7747,27,2,25,7,14:24:00,
13026,7748,49,5,29,12,15:43:00,
13027,7749,50,3,31,3,17:03:00,
13028,7749,67,1,18,4,17:07:00,
13029,7750,68,2,32,6,15:21:00,
13030,7751,11,7,40,2,13:34:00,
13031,7751,65,5,33,10,12:55:00,
13032,7752,44,7,21,12,14:40:00,
13033,7752,8,7,20,1,14:19:00,
13034,7753,9,2,17,10,16:43:00,
13035,7753,39,5,25,4,16:20:00,
13036,7754,43,7,44,13,12:07:00,
13037,7755,39,2,20,12,10:10:00,
13038,7756,40,2,36,12,12:12:00,
13039,7756,57,7,29,7,12:42:00,
13040,7756,5,8,49,1,12:19:00,
13041,7757,65,8,34,11,12:23:00,
13042,7758,57,8,14,3,11:27:00,
13043,7758,23,4,31,3,11:47:00,
13044,7759,11,6,34,12,15:13:00,
13045,7759,49,6,36,10,15:54:00,
13046,7760,11,3,26,5,13:38:00,
13047,7760,42,1,42,10,12:05:00,
13048,7761,19,7,40,10,14:41:00,
13049,7761,68,1,40,4,14:22:00,
13050,7762,73,8,22,13,10:23:00,
13051,7763,68,4,18,10,16:51:00,
13052,7764,43,5,27,5,12:55:00,
13053,7765,44,2,12,6,17:03:00,
13054,7765,73,2,23,3,16:45:00,
13055,7766,42,1,32,14,14:39:00,
13056,7766,47,3,19,1,15:18:00,
13057,7767,47,5,21,1,14:33:00,
13058,7768,68,4,34,14,15:20:00,
13059,7768,39,2,9,3,15:14:00,
13060,7769,61,1,20,5,17:09:00,
13061,7769,27,6,49,13,16:44:00,
13062,7770,56,1,32,7,17:00:00,
13063,7770,7,5,22,6,16:52:00,
13064,7770,39,8,22,1,16:49:00,
13065,7771,19,4,35,6,16:50:00,
13066,7772,39,1,28,10,13:21:00,
13067,7772,49,4,28,7,14:08:00,
13068,7772,11,3,16,5,13:06:00,
13069,7773,29,4,26,4,12:27:00,
13070,7774,62,5,23,10,16:21:00,
13071,7774,43,7,33,12,16:14:00,
13072,7775,50,4,47,5,15:11:00,
13073,7775,34,4,33,1,15:09:00,
13074,7775,62,6,32,11,15:17:00,
13075,7776,5,7,47,5,10:51:00,
13076,7777,68,1,25,12,10:08:00,
13077,7778,27,1,29,5,14:44:00,
13078,7779,27,1,33,11,13:24:00,
13079,7780,65,7,32,2,11:37:00,
13080,7780,20,7,30,13,11:57:00,
13081,7781,10,4,20,10,14:52:00,
13082,7781,61,2,31,13,14:50:00,
13083,7782,20,6,30,10,17:30:00,
13084,7783,45,1,39,6,15:57:00,
13085,7783,61,4,30,4,16:13:00,
13086,7783,10,2,34,11,15:51:00,
13087,7784,61,2,39,2,11:04:00,
13088,7785,42,2,38,6,11:54:00,
13089,7785,45,3,26,14,11:47:00,
13090,7785,49,5,20,3,11:54:00,
13091,7786,39,5,18,1,13:14:00,
13092,7786,68,5,29,5,13:58:00,
13093,7787,23,5,36,5,09:37:00,
13094,7788,44,3,21,14,14:21:00,
13095,7789,48,2,27,13,12:22:00,
13096,7789,10,1,17,6,12:36:00,
13097,7789,69,3,26,13,12:10:00,
13098,7790,48,6,31,1,12:00:00,
13099,7790,47,6,25,6,10:30:00,
13100,7791,47,6,22,3,10:58:00,
13101,7791,42,4,49,4,10:38:00,
13102,7792,27,5,43,6,09:22:00,
13103,7793,44,2,13,4,15:10:00,
13104,7794,34,7,24,5,12:07:00,
13105,7795,42,3,31,14,10:52:00,
13106,7795,50,4,22,1,10:11:00,
13107,7796,1,3,19,5,12:54:00,
13108,7797,8,4,39,1,10:00:00,
13109,7797,62,4,23,6,11:30:00,
13110,7798,39,4,36,5,11:25:00,
13111,7798,8,5,31,7,11:37:00,
13112,7798,20,8,38,13,11:22:00,
13113,7799,1,4,21,7,16:26:00,
13114,7800,39,7,24,4,10:22:00,
13115,7800,71,1,18,14,10:22:00,
13116,7800,10,3,26,4,10:22:00,
13117,7801,47,7,15,4,15:25:00,
13118,7801,19,3,29,1,15:29:00,
13119,7802,8,5,27,1,15:48:00,
13120,7802,67,4,27,11,15:17:00,
13121,7803,47,3,22,2,12:55:00,
13122,7803,62,6,25,6,13:21:00,
13123,7804,8,7,21,3,15:35:00,
13124,7805,43,2,29,7,10:32:00,
13125,7805,39,8,29,7,10:45:00,
13126,7805,50,6,38,5,10:27:00,
13127,7806,29,2,35,10,13:40:00,
13128,7807,50,7,41,4,14:06:00,
13129,7807,57,1,25,10,13:52:00,
13130,7808,49,2,8,14,16:00:00,
13131,7808,9,5,40,13,17:01:00,
13132,7809,69,6,32,2,12:03:00,
13133,7810,42,4,28,4,14:28:00,
13134,7810,68,1,41,1,14:43:00,
13135,7811,53,4,24,13,14:58:00,
13136,7811,62,5,25,11,14:59:00,
13137,7812,42,1,41,5,09:44:00,
13138,7813,59,2,22,5,15:02:00,
13139,7813,8,5,29,11,15:18:00,
13140,7814,61,6,23,11,09:34:00,
13141,7814,19,3,36,12,09:28:00,
13142,7815,42,4,43,7,15:07:00,
13143,7815,5,3,34,10,14:40:00,
13144,7815,11,6,37,13,14:11:00,
13145,7816,50,6,38,2,13:39:00,
13146,7816,73,4,21,1,13:36:00,
13147,7817,10,1,44,3,16:24:00,
13148,7818,29,4,32,11,11:05:00,
13149,7819,42,3,32,2,10:24:00,
13150,7819,47,3,9,7,09:44:00,
13151,7820,5,1,36,7,10:07:00,
13152,7820,61,2,19,4,10:49:00,
13153,7821,65,3,36,13,16:09:00,
13154,7821,39,2,37,10,16:58:00,
13155,7822,45,7,25,7,16:58:00,
13156,7822,11,4,16,11,17:09:00,
13157,7823,68,2,53,5,17:36:00,
13158,7823,49,2,27,14,17:55:00,
13159,7824,10,8,30,4,12:23:00,
13160,7825,27,2,22,12,13:56:00,
13161,7825,5,8,31,7,14:08:00,
13162,7826,27,1,30,4,17:09:00,
13163,7826,73,3,18,11,17:00:00,
13164,7826,9,3,29,14,17:13:00,
13165,7827,40,8,46,1,14:18:00,
13166,7828,42,1,38,12,15:25:00,
13167,7829,43,4,35,5,12:02:00,
13168,7829,29,7,25,12,12:35:00,
13169,7830,65,8,33,4,09:29:00,
13170,7830,59,5,10,1,09:26:00,
13171,7831,45,1,28,4,14:32:00,
13172,7831,39,4,22,11,15:00:00,
13173,7832,65,5,45,4,13:01:00,
13174,7833,20,2,31,11,12:22:00,
13175,7833,59,1,25,2,12:28:00,
13176,7834,40,7,40,6,17:09:00,
13177,7834,62,1,41,11,16:38:00,
13178,7834,27,2,32,2,16:51:00,
13179,7835,53,1,34,12,09:26:00,
13180,7835,71,6,22,6,09:14:00,
13181,7836,69,7,41,10,17:37:00,
13182,7836,9,3,22,12,17:37:00,
13183,7837,23,8,36,10,13:50:00,
13184,7837,8,5,32,2,14:10:00,
13185,7837,61,8,25,6,14:33:00,
13186,7838,50,6,44,6,10:46:00,
13187,7839,42,1,44,14,18:05:00,
13188,7839,50,3,38,7,16:13:00,
13189,7840,29,5,32,3,10:19:00,
13190,7840,45,5,37,5,09:14:00,
13191,7841,19,8,43,12,14:04:00,
13192,7841,53,3,22,13,13:05:00,
13193,7842,56,3,22,4,15:27:00,
13194,7842,47,6,28,4,15:14:00,
13195,7843,39,5,36,1,10:51:00,
13196,7843,29,7,28,13,11:53:00,
13197,7844,59,6,25,1,12:00:00,
13198,7844,29,8,29,7,10:33:00,
13199,7845,44,7,17,7,14:43:00,
13200,7846,53,4,34,11,09:23:00,
13201,7847,5,2,42,4,11:54:00,
13202,7847,53,2,18,7,11:52:00,
13203,7848,34,2,55,5,09:16:00,
13204,7849,53,1,18,14,12:10:00,
13205,7849,57,7,15,4,12:45:00,
13206,7850,1,5,24,13,09:25:00,
13207,7850,8,7,40,2,09:13:00,
13208,7850,29,5,34,5,09:39:00,
13209,7851,56,7,30,13,16:51:00,
13210,7851,49,6,24,11,16:59:00,
13211,7852,45,1,50,1,12:55:00,
13212,7852,71,6,25,7,12:52:00,
13213,7853,9,5,38,7,12:46:00,
13214,7854,10,5,23,3,10:38:00,
13215,7854,1,4,32,5,10:28:00,
13216,7855,9,5,26,4,17:23:00,
13217,7856,45,3,41,7,10:55:00,
13218,7856,61,4,16,2,10:01:00,
13219,7857,42,6,40,13,16:05:00,
13220,7858,48,2,31,3,11:57:00,
13221,7859,23,3,23,1,11:29:00,
13222,7859,43,7,33,3,11:30:00,
13223,7860,44,2,10,10,12:48:00,
13224,7861,11,3,28,6,09:13:00,
13225,7862,44,6,12,13,09:09:00,
13226,7863,62,2,33,6,16:25:00,
13227,7864,19,1,40,5,10:04:00,
13228,7865,1,8,39,6,18:12:00,
13229,7866,1,5,34,10,14:55:00,
13230,7866,20,2,32,4,15:00:00,
13231,7867,23,2,42,5,10:39:00,
13232,7868,73,3,28,2,14:01:00,
13233,7869,48,4,19,14,10:56:00,
13234,7870,26,3,23,3,12:40:00,
13235,7870,65,2,33,11,12:49:00,
13236,7871,23,1,36,2,16:17:00,
13237,7872,59,4,29,12,16:09:00,
13238,7873,10,7,31,5,12:56:00,
13239,7874,50,6,29,1,09:48:00,
13240,7875,57,2,33,7,13:02:00,
13241,7876,47,4,26,13,13:43:00,
13242,7877,29,1,31,13,15:33:00,
13243,7877,9,4,17,5,15:48:00,
13244,7877,10,3,22,1,15:48:00,
13245,7878,50,7,28,14,11:20:00,
13246,7878,8,8,19,5,10:36:00,
13247,7879,9,6,32,11,16:00:00,
13248,7880,23,3,32,10,17:37:00,
13249,7881,1,4,19,2,11:19:00,
13250,7881,53,1,30,12,11:52:00,
13251,7882,47,4,27,1,12:26:00,
13252,7883,50,2,31,7,12:17:00,
13253,7883,48,7,20,4,12:14:00,
13254,7884,45,1,37,1,10:33:00,
13255,7885,59,4,26,7,16:50:00,
13256,7886,56,3,19,13,09:26:00,
13257,7886,23,7,44,12,09:38:00,
13258,7887,43,2,35,7,10:23:00,
13259,7887,48,1,34,14,11:38:00,
13260,7888,65,4,33,13,12:11:00,
13261,7889,8,7,38,2,11:48:00,
13262,7889,71,2,25,7,11:00:00,
13263,7890,65,3,38,12,10:28:00,
13264,7890,9,3,24,1,11:18:00,
13265,7890,57,1,17,14,11:08:00,
13266,7891,71,6,17,10,13:21:00,
13267,7892,44,2,12,1,11:58:00,
13268,7893,73,2,20,7,13:33:00,
13269,7893,49,5,28,11,14:42:00,
13270,7894,39,8,25,10,13:13:00,
13271,7895,9,5,14,5,09:18:00,
13272,7896,50,2,35,11,17:46:00,
13273,7896,9,7,16,11,18:03:00,
13274,7897,26,3,29,4,10:48:00,
13275,7898,10,1,26,13,12:46:00,
13276,7898,40,1,40,4,12:17:00,
13277,7899,43,4,35,14,10:44:00,
13278,7900,57,6,25,3,10:42:00,
13279,7901,11,2,29,10,10:20:00,
13280,7902,8,7,27,12,17:57:00,
13281,7902,1,2,38,12,17:02:00,
13282,7903,71,8,24,3,16:00:00,
13283,7903,1,4,28,5,15:59:00,
13284,7904,39,4,23,1,14:36:00,
13285,7904,43,3,40,1,14:19:00,
13286,7904,50,7,20,5,13:38:00,
13287,7905,11,4,27,12,17:13:00,
13288,7906,68,5,32,7,16:46:00,
13289,7906,67,8,16,1,16:27:00,
13290,7907,20,8,38,3,11:37:00,
13291,7908,40,3,33,11,15:58:00,
13292,7909,8,2,14,6,12:22:00,
13293,7909,71,5,30,13,12:39:00,
13294,7910,69,6,28,14,17:45:00,
13295,7910,68,4,42,11,17:20:00,
13296,7911,47,1,16,4,11:33:00,
13297,7911,39,6,17,4,11:15:00,
13298,7912,9,7,27,6,16:39:00,
13299,7913,43,1,53,7,15:57:00,
13300,7914,68,6,24,1,10:50:00,
13301,7914,23,6,51,4,10:04:00,
13302,7914,69,2,35,10,10:34:00,
13303,7915,53,1,20,14,14:09:00,
13304,7916,65,4,43,14,17:04:00,
13305,7917,59,2,15,14,09:32:00,
13306,7917,45,2,36,7,09:29:00,
13307,7918,48,5,38,3,10:23:00,
13308,7918,71,1,28,6,10:17:00,
13309,7919,8,4,33,1,09:26:00,
13310,7920,20,1,35,5,12:06:00,
13311,7920,61,2,35,3,12:12:00,
13312,7921,43,7,26,13,10:10:00,
13313,7922,59,8,28,11,12:47:00,
13314,7922,53,6,28,4,12:16:00,
13315,7923,23,3,22,7,15:19:00,
13316,7924,5,4,27,1,10:24:00,
13317,7924,9,3,23,5,10:33:00,
13318,7925,44,6,20,11,12:27:00,
13319,7925,26,3,30,3,12:25:00,
13320,7926,47,6,23,6,16:36:00,
13321,7926,1,1,32,7,16:54:00,
13322,7927,39,8,26,5,13:51:00,
13323,7927,44,8,22,3,13:34:00,
13324,7927,1,5,31,11,13:17:00,
13325,7928,19,6,34,7,10:26:00,
13326,7928,49,7,41,10,10:01:00,
13327,7928,69,1,31,5,09:52:00,
13328,7929,68,5,40,7,12:19:00,
13329,7929,62,7,10,2,12:21:00,
13330,7929,57,5,19,5,12:00:00,
13331,7930,67,2,14,13,14:37:00,
13332,7931,19,2,30,12,11:41:00,
13333,7931,47,3,29,4,12:02:00,
13334,7932,57,8,20,10,16:43:00,
13335,7933,44,8,13,14,12:33:00,
13336,7933,23,2,25,5,11:27:00,
13337,7934,29,7,35,11,09:42:00,
13338,7934,45,1,43,7,09:18:00,
13339,7934,11,6,19,4,09:11:00,
13340,7935,45,7,32,1,15:08:00,
13341,7935,5,8,32,7,15:25:00,
13342,7935,11,7,20,1,15:23:00,
13343,7936,62,1,26,5,13:21:00,
13344,7936,69,3,34,4,12:17:00,
13345,7936,34,6,26,14,12:54:00,
13346,7937,53,1,15,2,09:42:00,
13347,7937,42,2,36,1,10:19:00,
13348,7938,5,5,12,5,09:51:00,
13349,7939,65,3,11,5,15:14:00,
13350,7939,20,8,29,14,15:16:00,
13351,7939,44,4,23,3,15:15:00,
13352,7940,61,1,13,2,11:59:00,
13353,7940,65,7,39,10,12:22:00,
13354,7941,20,2,27,3,13:04:00,
13355,7941,10,3,33,2,14:39:00,
13356,7942,56,8,21,7,12:53:00,
13357,7942,34,2,34,1,12:05:00,
13358,7942,1,2,17,2,11:53:00,
13359,7943,1,3,11,10,11:31:00,
13360,7943,62,5,28,7,11:26:00,
13361,7944,26,3,24,4,14:56:00,
13362,7945,11,2,21,10,11:57:00,
13363,7945,68,7,36,4,12:05:00,
13364,7945,26,3,43,14,11:33:00,
13365,7946,42,6,35,6,17:55:00,
13366,7946,69,1,31,5,17:12:00,
13367,7947,62,8,25,2,15:12:00,
13368,7947,50,1,41,10,15:32:00,
13369,7947,9,8,22,7,15:35:00,
13370,7948,29,8,24,10,09:53:00,
13371,7948,8,2,32,14,09:47:00,
13372,7948,73,5,11,6,09:56:00,
13373,7949,47,6,40,2,13:33:00,
13374,7949,50,2,25,14,13:19:00,
13375,7950,50,1,40,4,11:35:00,
13376,7950,39,6,21,1,12:05:00,
13377,7950,69,1,31,4,12:13:00,
13378,7951,26,6,30,3,10:05:00,
13379,7952,71,4,21,6,11:42:00,
13380,7952,8,5,42,7,11:37:00,
13381,7953,1,2,37,3,13:59:00,
13382,7954,29,7,32,11,16:08:00,
13383,7955,1,6,32,10,15:06:00,
13384,7956,73,7,29,14,10:50:00,
13385,7956,53,2,17,7,11:18:00,
13386,7957,56,6,36,11,13:38:00,
13387,7957,62,1,49,3,13:54:00,
13388,7958,26,6,21,13,11:22:00,
13389,7958,8,1,15,2,11:05:00,
13390,7959,11,6,30,6,12:11:00,
13391,7960,65,6,36,7,15:42:00,
13392,7961,43,4,29,13,11:54:00,
13393,7962,71,4,20,1,15:14:00,
13394,7963,47,8,29,1,12:15:00,
13395,7963,44,3,5,12,12:55:00,
13396,7963,71,6,11,4,12:45:00,
13397,7964,20,6,29,3,12:29:00,
13398,7965,53,6,17,10,15:52:00,
13399,7966,69,4,27,10,11:47:00,
13400,7966,56,1,29,1,11:38:00,
13401,7967,69,3,41,12,14:59:00,
13402,7967,56,5,22,3,15:30:00,
13403,7968,9,5,19,1,09:35:00,
13404,7969,53,4,28,6,10:57:00,
13405,7969,47,7,14,3,10:45:00,
13406,7969,8,5,32,14,11:23:00,
13407,7970,10,7,31,1,15:46:00,
13408,7970,62,1,30,3,15:04:00,
13409,7971,11,2,17,10,15:49:00,
13410,7971,20,5,36,4,16:09:00,
13411,7972,71,5,14,1,16:12:00,
13412,7973,10,5,21,4,14:32:00,
13413,7974,68,8,18,11,11:55:00,
13414,7974,62,2,27,11,12:31:00,
13415,7974,1,3,38,1,12:02:00,
13416,7975,59,5,29,7,10:36:00,
13417,7975,56,4,24,2,10:33:00,
13418,7976,19,1,31,11,13:44:00,
13419,7977,26,4,17,12,18:25:00,
13420,7977,56,2,36,7,18:06:00,
13421,7978,50,7,33,4,13:36:00,
13422,7979,29,7,21,3,12:09:00,
13423,7980,40,8,31,13,10:53:00,
13424,7981,69,6,15,7,10:49:00,
13425,7982,48,5,18,3,09:53:00,
13426,7983,43,4,24,7,12:39:00,
13427,7984,39,1,19,6,09:51:00,
13428,7985,69,3,33,5,17:16:00,
13429,7986,9,2,34,11,09:40:00,
13430,7987,56,4,24,11,16:40:00,
13431,7988,1,6,48,4,13:21:00,
13432,7988,71,4,31,4,14:35:00,
13433,7989,56,6,26,7,12:15:00,
13434,7990,19,8,24,10,15:46:00,
13435,7990,10,4,18,5,15:11:00,
13436,7991,5,3,28,1,12:41:00,
13437,7992,53,6,46,7,11:38:00,
13438,7992,44,7,23,12,11:29:00,
13439,7993,47,6,25,7,13:05:00,
13440,7994,69,2,23,3,11:37:00,
13441,7994,62,4,26,11,12:23:00,
13442,7995,23,2,27,12,10:24:00,
13443,7996,71,2,30,7,16:43:00,
13444,7996,50,1,24,5,16:37:00,
13445,7996,29,1,15,4,16:58:00,
13446,7997,40,4,31,14,11:34:00,
13447,7997,29,6,16,7,11:16:00,
13448,7998,69,3,40,3,15:31:00,
13449,7998,48,2,37,5,15:58:00,
13450,7998,1,5,36,5,15:40:00,
13451,7999,34,7,33,13,15:40:00,
13452,7999,1,2,10,6,15:35:00,
13453,8000,59,5,9,2,13:08:00,
13454,8001,1,1,41,6,11:28:00,
13455,8001,11,8,43,12,12:36:00,
13456,8002,48,5,18,1,11:47:00,
13457,8003,34,5,42,10,17:30:00,
13458,8003,11,2,32,5,16:49:00,
13459,8004,9,1,24,12,16:35:00,
13460,8005,39,1,39,6,13:56:00,
13461,8005,59,4,26,1,14:00:00,
13462,8006,68,7,29,5,11:14:00,
13463,8006,20,2,39,4,11:13:00,
13464,8007,65,3,44,3,09:37:00,
13465,8007,8,4,24,1,09:27:00,
13466,8008,56,6,30,2,15:59:00,
13467,8009,50,7,19,5,09:53:00,
13468,8010,8,6,27,7,15:06:00,
13469,8010,44,2,10,4,15:10:00,
13470,8011,47,6,26,2,11:10:00,
13471,8011,57,4,16,6,11:25:00,
13472,8012,10,1,15,14,17:10:00,
13473,8013,57,6,33,6,11:55:00,
13474,8013,73,8,29,4,13:12:00,
13475,8014,5,5,39,10,09:59:00,
13476,8014,1,8,38,6,09:50:00,
13477,8015,1,1,26,1,15:20:00,
13478,8015,9,8,27,3,15:44:00,
13479,8016,42,5,37,12,16:19:00,
13480,8016,20,7,31,4,15:24:00,
13481,8017,9,4,44,2,15:18:00,
13482,8017,62,7,31,2,15:03:00,
13483,8017,49,3,25,10,15:03:00,
13484,8018,26,4,25,5,14:01:00,
13485,8018,9,5,22,5,13:29:00,
13486,8018,49,2,23,11,13:56:00,
13487,8019,67,7,20,11,11:31:00,
13488,8020,68,7,34,10,17:50:00,
13489,8021,50,8,33,11,14:19:00,
13490,8022,53,6,27,5,09:41:00,
13491,8022,11,4,24,3,09:39:00,
13492,8023,20,8,28,11,10:48:00,
13493,8024,9,2,25,2,14:32:00,
13494,8025,50,2,25,10,12:09:00,
13495,8026,47,5,44,7,16:24:00,
13496,8027,10,6,28,13,17:34:00,
13497,8027,9,8,38,13,18:13:00,
13498,8028,34,4,46,4,15:45:00,
13499,8028,56,6,19,10,15:14:00,
13500,8029,39,1,31,7,12:30:00,
13501,8029,5,1,29,11,12:20:00,
13502,8029,67,4,22,6,12:30:00,
13503,8030,47,7,22,4,10:33:00,
13504,8031,29,1,35,12,16:14:00,
13505,8031,69,3,24,4,15:51:00,
13506,8032,5,6,37,7,11:44:00,
13507,8032,8,1,32,12,11:15:00,
13508,8033,59,8,17,4,17:03:00,
13509,8033,26,7,21,5,16:57:00,
13510,8033,20,4,41,7,17:00:00,
13511,8034,45,2,31,13,12:56:00,
13512,8034,73,4,15,13,13:18:00,
13513,8035,71,6,22,11,11:42:00,
13514,8035,47,4,33,7,11:36:00,
13515,8036,73,5,20,2,17:01:00,
13516,8036,23,8,41,6,17:35:00,
13517,8037,73,5,15,13,18:23:00,
13518,8038,11,6,23,14,13:30:00,
13519,8038,43,5,32,7,13:17:00,
13520,8039,5,7,35,10,10:23:00,
13521,8039,44,7,25,1,09:46:00,
13522,8040,40,5,34,14,16:36:00,
13523,8040,9,4,28,11,16:22:00,
13524,8040,43,8,17,11,16:49:00,
13525,8041,48,8,28,14,11:37:00,
13526,8041,9,1,31,10,12:08:00,
13527,8042,40,2,24,3,15:19:00,
13528,8043,44,5,20,14,14:46:00,
13529,8044,47,6,34,14,12:51:00,
13530,8045,53,3,30,2,17:08:00,
13531,8046,67,8,18,11,12:54:00,
13532,8046,49,2,19,6,12:47:00,
13533,8047,20,2,41,13,09:06:00,
13534,8048,10,1,11,4,15:19:00,
13535,8048,40,4,48,12,15:46:00,
13536,8049,29,6,26,7,09:10:00,
13537,8050,69,3,32,4,12:31:00,
13538,8050,42,8,37,5,12:21:00,
13539,8051,68,7,34,11,18:07:00,
13540,8052,62,7,18,6,12:30:00,
13541,8053,62,4,20,13,15:59:00,
13542,8053,65,8,45,10,15:43:00,
13543,8054,10,6,19,4,17:09:00,
13544,8054,19,5,45,1,17:07:00,
13545,8055,69,5,45,5,15:10:00,
13546,8056,67,6,18,7,17:02:00,
13547,8057,9,5,29,4,09:28:00,
13548,8058,65,4,34,4,15:22:00,
13549,8059,1,8,46,13,16:38:00,
13550,8059,40,1,27,1,16:46:00,
13551,8059,73,8,21,12,16:24:00,
13552,8060,57,5,25,4,16:23:00,
13553,8061,48,1,25,12,11:52:00,
13554,8061,47,8,29,3,11:36:00,
13555,8062,39,6,16,7,16:00:00,
13556,8062,59,1,41,12,16:04:00,
13557,8063,69,6,23,12,13:28:00,
13558,8063,47,2,20,2,12:07:00,
13559,8064,49,8,23,10,10:13:00,
13560,8064,19,2,32,14,09:57:00,
13561,8065,20,1,42,3,13:36:00,
13562,8066,50,2,35,2,10:04:00,
13563,8066,62,7,36,14,09:28:00,
13564,8067,9,3,27,14,14:22:00,
13565,8068,8,1,26,12,15:58:00,
13566,8068,59,3,20,14,15:37:00,
13567,8069,62,7,29,1,10:18:00,
13568,8069,48,6,34,6,11:33:00,
13569,8069,57,4,12,1,11:35:00,
13570,8070,59,5,22,6,13:41:00,
13571,8071,49,2,13,2,16:41:00,
13572,8072,9,1,34,6,11:45:00,
13573,8073,39,5,37,5,11:44:00,
13574,8074,11,8,26,5,10:52:00,
13575,8074,67,2,20,12,10:02:00,
13576,8074,62,5,6,4,09:16:00,
13577,8075,5,7,28,1,15:27:00,
13578,8075,67,6,23,11,15:24:00,
13579,8076,47,1,21,2,16:34:00,
13580,8076,19,8,44,12,17:08:00,
13581,8076,43,3,31,5,15:56:00,
13582,8077,50,2,39,5,15:23:00,
13583,8077,40,6,29,3,16:02:00,
13584,8077,34,3,48,10,15:00:00,
13585,8078,29,7,31,14,16:24:00,
13586,8079,43,8,24,6,14:24:00,
13587,8080,73,2,19,2,12:34:00,
13588,8080,50,7,22,10,12:40:00,
13589,8080,42,1,36,13,12:29:00,
13590,8081,48,7,27,11,11:20:00,
13591,8082,71,6,11,3,13:17:00,
13592,8083,26,2,27,4,16:21:00,
13593,8083,65,7,21,5,16:28:00,
13594,8084,62,3,31,6,09:57:00,
13595,8084,48,8,25,1,10:13:00,
13596,8084,50,3,34,5,09:58:00,
13597,8085,34,4,31,5,15:46:00,
13598,8086,67,8,22,11,11:56:00,
13599,8087,73,3,36,10,13:03:00,
13600,8088,8,7,37,3,14:50:00,
13601,8089,40,4,30,1,17:03:00,
13602,8089,19,7,31,10,17:15:00,
13603,8090,53,4,22,13,12:14:00,
13604,8091,11,5,23,2,11:15:00,
13605,8092,59,4,21,13,14:30:00,
13606,8093,61,8,34,12,15:43:00,
13607,8094,47,4,21,13,13:40:00,
13608,8094,42,2,27,12,13:38:00,
13609,8095,26,6,24,14,12:12:00,
13610,8096,10,6,14,10,15:41:00,
13611,8097,9,8,31,1,11:46:00,
13612,8098,67,5,31,3,12:56:00,
13613,8099,56,2,34,5,10:25:00,
13614,8100,69,7,26,13,15:34:00,
13615,8101,53,1,34,2,12:05:00,
13616,8102,9,6,11,12,13:06:00,
13617,8103,20,7,29,6,13:40:00,
13618,8103,29,7,19,12,13:29:00,
13619,8103,53,1,12,4,13:44:00,
13620,8104,1,2,16,14,10:51:00,
13621,8105,62,5,25,1,09:26:00,
13622,8105,29,3,42,3,09:40:00,
13623,8106,44,2,15,5,14:08:00,
13624,8107,57,8,27,12,10:59:00,
13625,8108,29,7,33,1,11:08:00,
13626,8109,44,2,15,5,17:47:00,
13627,8110,42,5,33,3,09:51:00,
13628,8110,9,1,34,7,10:00:00,
13629,8110,20,8,24,2,09:42:00,
13630,8111,11,1,20,6,14:38:00,
13631,8112,1,1,29,10,16:00:00,
13632,8113,50,6,20,14,16:29:00,
13633,8113,1,5,33,5,16:38:00,
13634,8113,29,4,35,14,16:40:00,
13635,8114,34,4,38,7,16:37:00,
13636,8114,20,7,34,3,16:45:00,
13637,8115,59,6,21,1,15:34:00,
13638,8115,9,3,32,1,15:24:00,
13639,8116,48,8,31,12,17:15:00,
13640,8116,47,6,24,4,16:40:00,
13641,8116,26,5,31,5,16:54:00,
13642,8117,56,8,28,13,17:09:00,
13643,8117,57,7,24,12,16:36:00,
13644,8118,61,7,39,1,10:09:00,
13645,8118,47,7,18,1,10:25:00,
13646,8118,68,4,24,7,09:53:00,
13647,8119,47,2,28,1,16:44:00,
13648,8119,20,8,28,13,16:53:00,
13649,8120,9,4,19,10,10:46:00,
13650,8121,11,5,16,5,14:35:00,
13651,8121,10,6,19,4,14:42:00,
13652,8121,68,7,17,14,14:15:00,
13653,8122,40,6,33,2,15:06:00,
13654,8122,5,1,35,5,15:17:00,
13655,8122,23,1,45,14,16:12:00,
13656,8123,11,2,26,1,13:43:00,
13657,8123,26,7,25,3,13:39:00,
13658,8124,5,8,27,13,09:57:00,
13659,8124,56,8,34,13,09:40:00,
13660,8125,45,7,39,7,11:03:00,
13661,8125,9,3,26,12,10:57:00,
13662,8125,8,1,40,6,10:31:00,
13663,8126,53,5,36,11,15:55:00,
13664,8126,48,2,19,13,16:13:00,
13665,8126,29,8,16,13,16:41:00,
13666,8127,19,8,28,10,11:38:00,
13667,8128,68,6,43,10,15:48:00,
13668,8129,11,4,26,12,10:14:00,
13669,8129,44,7,14,2,10:35:00,
13670,8130,23,2,21,13,10:08:00,
13671,8130,29,1,33,2,09:39:00,
13672,8131,19,1,24,2,09:57:00,
13673,8132,9,8,34,14,13:24:00,
13674,8132,20,6,41,11,13:59:00,
13675,8133,47,5,21,1,12:46:00,
13676,8133,62,1,5,11,13:13:00,
13677,8134,43,4,37,13,15:39:00,
13678,8134,48,4,24,10,15:42:00,
13679,8135,23,3,37,4,12:06:00,
13680,8135,57,1,16,5,12:03:00,
13681,8136,8,5,40,14,16:38:00,
13682,8137,39,1,23,14,09:38:00,
13683,8138,42,1,23,11,12:12:00,
13684,8138,29,7,28,4,12:33:00,
13685,8139,61,8,26,2,10:59:00,
13686,8140,26,6,14,5,15:02:00,
13687,8140,67,3,25,6,14:47:00,
13688,8140,43,6,30,1,14:21:00,
13689,8141,11,1,24,3,16:41:00,
13690,8141,50,6,27,6,18:10:00,
13691,8141,45,5,34,4,17:18:00,
13692,8142,45,5,44,6,11:31:00,
13693,8142,34,3,31,13,11:51:00,
13694,8142,20,5,37,6,11:18:00,
13695,8143,53,4,27,1,11:52:00,
13696,8144,45,1,35,10,16:03:00,
13697,8144,19,2,36,12,17:14:00,
13698,8145,47,5,18,3,15:00:00,
13699,8146,1,6,28,4,15:14:00,
13700,8147,26,5,43,12,10:07:00,
13701,8147,20,2,40,5,10:37:00,
13702,8147,1,7,24,4,09:57:00,
13703,8148,44,1,20,5,11:11:00,
13704,8149,67,1,27,5,12:58:00,
13705,8149,8,4,28,13,12:42:00,
13706,8150,39,1,31,6,15:20:00,
13707,8150,34,3,19,6,15:43:00,
13708,8151,57,7,23,14,16:58:00,
13709,8152,50,2,37,5,13:31:00,
13710,8153,19,3,19,10,15:33:00,
13711,8153,29,2,32,14,15:28:00,
13712,8154,20,4,40,14,15:21:00,
13713,8154,53,7,23,10,15:24:00,
13714,8155,67,7,45,12,17:09:00,
13715,8155,61,8,29,12,17:45:00,
13716,8156,68,7,29,4,10:42:00,
13717,8156,19,5,32,1,10:20:00,
13718,8156,42,7,27,3,11:44:00,
13719,8157,26,2,31,2,10:21:00,
13720,8158,62,1,24,13,13:32:00,
13721,8158,29,2,18,3,13:20:00,
13722,8159,65,3,29,10,15:10:00,
13723,8160,59,3,24,7,15:07:00,
13724,8161,34,6,30,11,16:00:00,
13725,8161,73,3,23,10,15:44:00,
13726,8162,23,1,28,10,15:26:00,
13727,8162,73,3,19,14,15:32:00,
13728,8163,20,7,36,12,16:33:00,
13729,8163,19,4,34,4,16:46:00,
13730,8164,40,3,24,1,11:37:00,
13731,8165,40,8,36,14,14:24:00,
13732,8166,45,1,28,4,16:58:00,
13733,8166,10,4,34,11,17:09:00,
13734,8167,44,1,16,12,15:33:00,
13735,8167,61,8,38,7,15:00:00,
13736,8167,53,2,34,1,15:34:00,
13737,8168,8,5,20,14,14:50:00,
13738,8168,59,5,27,3,15:42:00,
13739,8169,65,5,32,12,10:34:00,
13740,8169,43,2,37,1,10:38:00,
13741,8170,57,5,22,2,10:30:00,
13742,8170,65,8,36,2,10:33:00,
13743,8171,5,2,33,5,13:14:00,
13744,8171,26,8,40,3,12:16:00,
13745,8172,44,5,32,14,15:47:00,
13746,8172,19,4,30,6,15:39:00,
13747,8173,45,3,26,12,09:44:00,
13748,8173,7,2,42,1,09:34:00,
13749,8174,11,5,34,13,13:45:00,
13750,8174,68,1,25,2,13:15:00,
13751,8175,40,8,48,13,09:23:00,
13752,8176,56,1,28,4,17:49:00,
13753,8176,10,5,17,14,17:34:00,
13754,8177,20,7,32,10,16:08:00,
13755,8178,73,7,17,5,16:49:00,
13756,8178,39,2,27,12,17:05:00,
13757,8179,34,2,27,5,11:06:00,
13758,8179,65,4,25,10,10:43:00,
13759,8180,68,4,50,12,09:43:00,
13760,8180,8,3,36,11,09:46:00,
13761,8180,26,2,28,7,09:44:00,
13762,8181,73,4,14,14,14:41:00,
13763,8181,43,8,51,12,14:36:00,
13764,8181,65,2,45,11,14:58:00,
13765,8182,29,8,31,6,15:04:00,
13766,8183,69,8,13,5,16:30:00,
13767,8183,39,3,31,2,16:27:00,
13768,8184,67,2,31,12,16:06:00,
13769,8184,71,1,28,2,15:21:00,
13770,8185,19,4,22,11,11:47:00,
13771,8185,56,1,31,7,12:26:00,
13772,8186,71,8,22,13,10:33:00,
13773,8187,40,2,40,5,17:54:00,
13774,8187,53,3,20,12,17:43:00,
13775,8187,23,7,40,10,17:12:00,
13776,8188,48,7,24,3,10:53:00,
13777,8189,10,8,35,12,11:57:00,
13778,8189,20,4,38,7,11:31:00,
13779,8190,73,8,28,2,14:29:00,
13780,8190,19,3,39,5,14:22:00,
13781,8191,63,3,38,3,15:55:00,
13782,8192,8,2,27,6,16:26:00,
13783,8192,1,5,44,10,17:38:00,
13784,8193,40,2,40,13,10:02:00,
13785,8193,29,3,34,5,10:02:00,
13786,8194,61,2,34,1,14:39:00,
13787,8194,29,6,40,12,15:18:00,
13788,8194,57,1,23,11,15:38:00,
13789,8195,10,2,22,4,10:50:00,
13790,8196,8,5,17,12,16:34:00,
13791,8196,68,5,33,2,16:08:00,
13792,8197,19,6,17,14,09:32:00,
13793,8197,23,5,22,6,09:38:00,
13794,8197,44,5,17,3,09:20:00,
13795,8198,23,3,19,14,12:57:00,
13796,8198,62,6,28,13,12:40:00,
13797,8199,26,8,41,11,13:13:00,
13798,8199,5,6,26,4,13:16:00,
13799,8199,42,1,34,5,12:37:00,
13800,8200,68,8,28,4,15:10:00,
13801,8200,48,1,24,1,15:12:00,
13802,8201,1,6,16,6,15:09:00,
13803,8202,1,2,21,11,11:36:00,
13804,8203,56,5,30,12,10:52:00,
13805,8204,50,6,31,2,15:32:00,
13806,8204,26,1,34,11,16:00:00,
13807,8205,50,6,29,7,14:57:00,
13808,8206,63,2,29,14,10:46:00,
13809,8206,20,4,42,14,10:48:00,
13810,8206,40,5,47,14,10:45:00,
13811,8207,43,7,25,11,11:34:00,
13812,8207,19,4,23,13,11:52:00,
13813,8208,19,5,32,14,17:14:00,
13814,8208,69,2,20,2,17:02:00,
13815,8209,39,7,18,3,14:07:00,
13816,8209,11,1,14,7,14:00:00,
13817,8210,39,1,31,3,10:41:00,
13818,8211,39,8,27,2,10:19:00,
13819,8211,48,1,28,2,10:14:00,
13820,8212,26,4,35,6,11:25:00,
13821,8212,20,3,33,6,11:41:00,
13822,8213,23,8,24,3,12:01:00,
13823,8213,68,5,24,6,11:53:00,
13824,8214,44,4,13,14,09:25:00,
13825,8215,7,4,49,11,15:54:00,
13826,8216,23,1,29,7,10:35:00,
13827,8216,1,5,30,3,10:24:00,
13828,8217,50,6,19,7,16:45:00,
13829,8217,71,2,19,7,16:22:00,
13830,8218,59,6,38,10,17:16:00,
13831,8219,50,7,37,13,09:57:00,
13832,8220,45,8,40,1,17:31:00,
13833,8221,29,6,24,7,10:48:00,
13834,8221,11,4,27,4,10:05:00,
13835,8222,68,4,27,5,15:10:00,
13836,8223,67,2,34,2,13:48:00,
13837,8224,29,7,35,14,10:25:00,
13838,8224,42,5,24,13,10:45:00,
13839,8225,69,6,26,7,14:16:00,
13840,8226,50,7,17,3,16:20:00,
13841,8226,8,4,17,11,16:32:00,
13842,8226,40,1,40,6,15:23:00,
13843,8227,10,1,19,10,10:55:00,
13844,8227,50,6,29,3,10:36:00,
13845,8228,43,1,27,14,17:20:00,
13846,8228,45,8,32,5,16:46:00,
13847,8229,26,1,10,4,13:24:00,
13848,8229,23,2,18,11,13:28:00,
13849,8230,53,7,14,2,11:38:00,
13850,8230,34,6,36,2,11:41:00,
13851,8230,63,1,30,3,11:15:00,
13852,8231,71,4,10,7,14:54:00,
13853,8232,63,5,51,12,12:20:00,
13854,8233,40,2,40,14,16:57:00,
13855,8233,20,7,53,1,17:00:00,
13856,8234,43,1,18,4,12:30:00,
13857,8235,68,8,34,5,13:54:00,
13858,8235,56,3,38,4,13:34:00,
13859,8236,50,4,30,14,15:57:00,
13860,8236,62,2,13,3,15:05:00,
13861,8237,29,4,23,5,13:03:00,
13862,8237,23,6,48,2,13:14:00,
13863,8238,40,6,26,6,16:25:00,
13864,8238,47,2,18,7,17:18:00,
13865,8238,43,8,35,10,17:10:00,
13866,8239,29,5,37,11,15:44:00,
13867,8239,11,4,29,12,15:49:00,
13868,8240,11,6,26,7,12:01:00,
13869,8240,47,7,7,13,11:44:00,
13870,8240,57,5,21,14,11:34:00,
13871,8241,63,5,28,2,16:52:00,
13872,8242,61,5,41,3,13:36:00,
13873,8242,40,5,45,12,13:39:00,
13874,8243,47,1,23,14,11:17:00,
13875,8243,20,5,34,7,11:37:00,
13876,8243,57,3,8,6,10:44:00,
13877,8244,48,5,27,2,14:19:00,
13878,8245,47,7,28,2,11:39:00,
13879,8245,26,2,29,4,11:37:00,
13880,8246,34,5,43,2,12:08:00,
13881,8246,44,1,17,13,12:00:00,
13882,8247,62,6,5,5,10:23:00,
13883,8248,56,7,17,13,16:46:00,
13884,8249,10,8,21,7,15:55:00,
13885,8250,19,8,46,11,18:02:00,
13886,8250,40,7,36,11,17:46:00,
13887,8250,43,2,27,13,16:25:00,
13888,8251,44,2,11,13,10:20:00,
13889,8251,68,3,18,7,09:51:00,
13890,8252,29,7,14,6,13:18:00,
13891,8253,1,8,28,11,16:45:00,
13892,8254,61,6,27,7,14:41:00,
13893,8255,57,3,16,1,16:40:00,
13894,8256,56,4,30,12,15:45:00,
13895,8257,1,7,29,12,12:47:00,
13896,8258,57,8,32,14,14:50:00,
13897,8259,47,3,19,4,18:08:00,
13898,8259,63,7,43,1,17:32:00,
13899,8260,56,7,37,3,11:37:00,
13900,8261,8,5,23,3,16:42:00,
13901,8261,19,6,21,13,16:03:00,
13902,8262,19,5,28,4,15:38:00,
13903,8262,62,2,30,10,16:20:00,
13904,8263,29,6,41,1,16:00:00,
13905,8263,43,6,29,5,15:35:00,
13906,8264,19,3,32,12,14:13:00,
13907,8265,67,8,22,13,13:15:00,
13908,8266,62,3,25,3,13:59:00,
13909,8267,65,3,27,1,14:50:00,
13910,8268,5,2,39,11,13:06:00,
13911,8269,10,4,32,10,09:21:00,
13912,8270,53,6,42,11,16:09:00,
13913,8271,8,6,24,10,11:03:00,
13914,8271,26,5,36,10,10:54:00,
13915,8271,65,2,28,12,10:53:00,
13916,8272,19,3,42,10,12:47:00,
13917,8273,1,8,39,12,09:29:00,
13918,8273,43,7,40,3,09:43:00,
13919,8274,65,5,27,5,11:44:00,
13920,8274,63,3,35,7,11:30:00,
13921,8275,34,5,43,1,15:01:00,
13922,8276,39,8,26,4,15:03:00,
13923,8277,62,3,23,4,11:23:00,
13924,8277,48,7,13,13,12:12:00,
13925,8278,68,3,32,2,15:06:00,
13926,8278,57,5,25,1,14:50:00,
13927,8279,57,2,19,10,14:07:00,
13928,8279,19,1,42,13,13:51:00,
13929,8279,63,8,29,3,14:01:00,
13930,8280,34,8,32,10,15:16:00,
13931,8281,57,7,13,10,16:32:00,
13932,8282,61,5,28,13,13:37:00,
13933,8282,26,1,37,12,13:20:00,
13934,8283,8,1,25,1,09:25:00,
13935,8283,39,8,30,11,09:36:00,
13936,8284,68,7,36,4,13:57:00,
13937,8284,34,8,41,11,13:35:00,
13938,8285,44,1,22,3,10:59:00,
13939,8285,65,5,35,7,11:17:00,
13940,8286,29,7,14,11,15:35:00,
13941,8287,68,3,30,14,12:43:00,
13942,8287,40,8,38,6,12:16:00,
13943,8287,39,8,30,10,12:56:00,
13944,8288,48,5,16,11,13:04:00,
13945,8289,65,8,34,7,12:31:00,
13946,8289,67,4,22,13,12:21:00,
13947,8289,61,2,38,6,12:25:00,
13948,8290,63,2,30,14,15:22:00,
13949,8290,65,3,28,10,15:02:00,
13950,8290,61,4,40,6,15:34:00,
13951,8291,71,5,28,13,16:57:00,
13952,8291,73,7,39,13,17:11:00,
13953,8292,44,8,23,7,11:38:00,
13954,8292,48,3,21,6,11:11:00,
13955,8293,45,6,60,1,14:42:00,
13956,8293,61,6,44,10,15:16:00,
13957,8294,48,1,18,11,16:41:00,
13958,8294,19,4,29,5,17:10:00,
13959,8294,26,3,31,1,16:42:00,
13960,8295,40,2,36,7,10:52:00,
13961,8295,23,5,26,12,10:46:00,
13962,8296,63,4,40,4,16:45:00,
13963,8297,45,6,33,10,16:57:00,
13964,8298,53,8,33,11,11:54:00,
13965,8299,53,5,22,3,10:34:00,
13966,8299,44,1,22,1,10:20:00,
13967,8299,57,8,24,10,10:44:00,
13968,8300,11,8,28,7,10:32:00,
13969,8300,57,7,19,4,10:19:00,
13970,8301,50,2,44,3,09:57:00,
13971,8302,43,8,40,11,10:43:00,
13972,8302,53,1,28,12,11:12:00,
13973,8302,1,2,42,1,11:43:00,
13974,8303,5,8,29,6,12:42:00,
13975,8303,59,4,28,3,12:16:00,
13976,8304,50,3,24,12,16:17:00,
13977,8305,1,4,44,14,16:08:00,
13978,8305,50,7,35,11,17:49:00,
13979,8305,67,6,35,7,16:14:00,
13980,8306,47,8,30,2,10:13:00,
13981,8306,20,4,21,2,10:18:00,
13982,8307,10,2,23,10,16:36:00,
13983,8308,69,2,28,12,17:00:00,
13984,8308,5,2,37,7,16:17:00,
13985,8308,61,1,47,3,16:19:00,
13986,8309,26,7,22,1,14:30:00,
13987,8310,47,6,16,13,10:53:00,
13988,8310,34,7,32,11,10:52:00,
13989,8310,63,6,38,10,11:11:00,
13990,8311,40,6,18,11,16:13:00,
13991,8311,47,1,24,13,16:26:00,
13992,8312,11,7,24,3,18:15:00,
13993,8313,12,7,24,14,14:21:00,
13994,8313,65,5,28,11,14:42:00,
13995,8313,56,7,56,11,15:15:00,
13996,8314,44,2,15,6,13:59:00,
13997,8315,39,8,16,7,14:19:00,
13998,8316,61,6,34,5,17:53:00,
13999,8317,26,8,27,4,12:24:00,
14000,8317,61,1,35,2,12:16:00,
14001,8318,39,8,16,10,15:11:00,
14002,8319,45,6,33,13,10:52:00,
14003,8319,26,8,36,4,10:56:00,
14004,8320,23,2,36,10,11:08:00,
14005,8320,40,6,44,7,11:34:00,
14006,8320,34,2,31,1,11:35:00,
14007,8321,19,1,36,1,13:53:00,
14008,8321,12,4,9,14,13:00:00,
14009,8321,67,3,27,13,12:55:00,
14010,8322,47,2,31,13,14:58:00,
14011,8322,53,2,30,11,13:50:00,
14012,8323,19,7,27,10,11:09:00,
14013,8324,59,4,23,2,13:28:00,
14014,8325,11,1,11,12,09:50:00,
14015,8326,29,2,24,1,11:59:00,
14016,8327,71,4,28,11,13:24:00,
14017,8327,57,8,22,12,13:16:00,
14018,8328,69,6,26,1,13:14:00,
14019,8329,50,5,40,1,13:25:00,
14020,8329,29,7,30,5,12:26:00,
14021,8330,59,2,20,5,13:00:00,
14022,8330,73,8,20,12,12:13:00,
14023,8331,47,2,29,4,14:41:00,
14024,8332,12,7,41,12,16:07:00,
14025,8332,42,2,42,10,17:13:00,
14026,8332,61,5,25,1,16:07:00,
14027,8333,69,8,29,3,15:22:00,
14028,8333,26,3,37,7,15:26:00,
14029,8333,8,6,26,5,14:16:00,
14030,8334,67,8,35,7,16:05:00,
14031,8334,10,8,24,3,15:02:00,
14032,8335,67,4,28,7,13:06:00,
14033,8336,40,6,22,4,16:35:00,
14034,8336,1,7,37,11,17:18:00,
14035,8336,57,6,16,14,16:55:00,
14036,8337,43,2,25,4,17:49:00,
14037,8337,68,6,28,10,16:10:00,
14038,8338,62,7,28,3,17:21:00,
14039,8339,71,3,9,4,16:27:00,
14040,8339,67,3,19,12,17:00:00,
14041,8340,59,7,28,11,15:01:00,
14042,8340,69,7,18,2,14:56:00,
14043,8341,5,5,38,4,12:56:00,
14044,8341,40,2,43,2,12:24:00,
14045,8342,63,4,34,3,14:08:00,
14046,8343,34,6,52,11,12:49:00,
14047,8344,67,1,30,14,14:35:00,
14048,8345,69,1,28,5,14:27:00,
14049,8346,23,2,38,10,15:59:00,
14050,8347,23,5,28,12,15:48:00,
14051,8348,26,5,30,10,13:22:00,
14052,8349,57,5,19,5,15:04:00,
14053,8349,39,1,27,2,14:49:00,
14054,8350,53,4,11,6,15:05:00,
14055,8351,29,8,40,14,10:41:00,
14056,8351,23,6,35,5,10:28:00,
14057,8352,68,7,25,1,14:39:00,
14058,8352,11,8,17,10,14:36:00,
14059,8352,65,7,26,1,14:12:00,
14060,8353,63,5,38,13,15:32:00,
14061,8354,68,2,39,3,09:50:00,
14062,8355,73,4,8,2,13:42:00,
14063,8355,34,6,36,5,13:29:00,
14064,8356,59,1,26,6,10:22:00,
14065,8356,53,3,31,10,10:14:00,
14066,8357,53,1,20,10,11:52:00,
14067,8357,67,6,24,2,11:21:00,
14068,8358,53,6,13,1,14:52:00,
14069,8359,23,4,27,7,10:12:00,
14070,8360,44,4,5,3,14:42:00,
14071,8361,19,2,30,10,12:49:00,
14072,8361,40,1,43,11,12:06:00,
14073,8362,19,8,30,5,09:39:00,
14074,8362,56,8,25,1,11:13:00,
14075,8363,53,7,22,7,15:53:00,
14076,8363,40,8,59,7,17:14:00,
14077,8363,10,6,16,13,16:29:00,
14078,8364,73,2,12,1,16:32:00,
14079,8365,65,7,16,13,17:27:00,
14080,8365,68,2,32,4,16:56:00,
14081,8366,12,6,23,5,10:35:00,
14082,8366,65,4,44,3,10:46:00,
14083,8366,45,2,31,5,10:27:00,
14084,8367,71,3,17,3,10:02:00,
14085,8367,12,5,20,12,10:28:00,
14086,8367,56,1,28,2,10:11:00,
14087,8368,45,6,31,7,15:17:00,
14088,8368,20,2,21,6,15:26:00,
14089,8369,19,6,43,14,11:23:00,
14090,8369,1,4,21,2,11:24:00,
14091,8369,57,8,23,10,10:40:00,
14092,8370,67,3,21,4,15:06:00,
14093,8371,73,3,20,11,12:37:00,
14094,8372,34,1,26,10,15:05:00,
14095,8372,67,2,23,14,14:49:00,
14096,8373,69,2,37,4,11:44:00,
14097,8374,5,7,46,4,12:43:00,
14098,8374,11,1,21,12,11:57:00,
14099,8375,65,8,41,5,12:00:00,
14100,8375,1,8,35,10,12:00:00,
14101,8376,23,5,29,1,14:57:00,
14102,8376,65,5,31,7,14:58:00,
14103,8377,20,8,33,3,17:08:00,
14104,8377,65,1,31,5,16:42:00,
14105,8378,44,8,27,7,09:56:00,
14106,8378,63,1,43,13,09:50:00,
14107,8379,63,4,19,11,12:59:00,
14108,8379,39,6,20,3,12:42:00,
14109,8379,12,4,14,10,13:02:00,
14110,8380,73,5,21,13,09:27:00,
14111,8381,8,6,37,3,17:55:00,
14112,8381,62,3,32,5,17:22:00,
14113,8382,39,1,26,5,11:05:00,
14114,8383,44,6,5,3,12:42:00,
14115,8384,43,6,24,5,16:39:00,
14116,8384,5,3,36,5,16:30:00,
14117,8385,1,4,44,11,15:21:00,
14118,8386,63,5,43,12,10:49:00,
14119,8386,34,7,40,13,09:58:00,
14120,8387,10,5,30,5,15:28:00,
14121,8387,8,4,37,5,14:22:00,
14122,8388,59,8,29,4,13:09:00,
14123,8388,29,4,29,13,13:40:00,
14124,8389,50,8,17,1,15:49:00,
14125,8389,39,8,26,2,15:34:00,
14126,8390,53,3,24,5,15:36:00,
14127,8391,10,1,16,1,13:23:00,
14128,8391,56,8,43,1,13:26:00,
14129,8392,67,5,26,7,15:16:00,
14130,8393,63,3,32,11,12:55:00,
14131,8393,57,3,23,1,12:26:00,
14132,8394,67,6,38,4,17:13:00,
14133,8394,61,1,37,12,17:15:00,
14134,8394,45,5,24,4,17:41:00,
14135,8395,59,6,33,4,14:28:00,
14136,8395,44,2,27,3,14:09:00,
14137,8396,56,4,28,13,14:05:00,
14138,8396,11,1,31,1,13:37:00,
14139,8397,63,3,44,3,12:15:00,
14140,8397,23,2,37,7,11:11:00,
14141,8398,57,5,28,11,13:42:00,
14142,8398,19,1,38,13,13:36:00,
14143,8399,62,7,21,10,14:32:00,
14144,8399,59,7,14,10,14:01:00,
14145,8400,12,5,29,12,15:16:00,
14146,8401,23,6,36,1,09:44:00,
14147,8401,47,5,18,14,09:35:00,
14148,8402,47,2,16,1,09:46:00,
14149,8402,10,3,49,12,09:36:00,
14150,8403,56,5,38,11,17:13:00,
14151,8403,12,1,31,5,17:05:00,
14152,8404,56,4,34,1,12:22:00,
14153,8404,42,8,39,13,13:28:00,
14154,8405,53,3,20,10,14:46:00,
14155,8406,12,8,19,14,10:30:00,
14156,8407,50,1,19,7,15:24:00,
14157,8407,10,6,21,13,15:30:00,
14158,8407,1,8,43,11,14:34:00,
14159,8408,34,2,39,11,10:26:00,
14160,8409,44,6,23,10,13:57:00,
14161,8410,8,3,39,6,12:07:00,
14162,8411,53,7,28,3,11:15:00,
14163,8411,65,6,36,7,11:06:00,
14164,8411,11,2,19,1,12:09:00,
14165,8412,43,1,24,7,14:15:00,
14166,8413,56,6,26,14,11:30:00,
14167,8413,68,4,34,7,11:24:00,
14168,8414,65,2,41,14,13:45:00,
14169,8414,34,7,22,5,13:55:00,
14170,8415,47,8,34,13,11:59:00,
14171,8415,63,6,35,7,12:07:00,
14172,8415,73,1,25,7,11:57:00,
14173,8416,1,2,30,6,14:33:00,
14174,8416,69,4,35,6,14:21:00,
14175,8417,29,3,33,2,13:59:00,
14176,8418,62,8,38,11,15:57:00,
14177,8418,53,4,21,3,15:56:00,
14178,8419,65,2,43,3,15:41:00,
14179,8420,61,7,28,12,16:27:00,
14180,8420,19,7,39,4,17:31:00,
14181,8420,8,5,28,10,17:23:00,
14182,8421,44,2,8,13,12:49:00,
14183,8421,71,1,22,5,12:11:00,
14184,8422,1,1,15,2,14:05:00,
14185,8423,50,2,38,7,09:51:00,
14186,8424,65,1,34,1,12:59:00,
14187,8424,20,8,37,1,13:02:00,
14188,8425,20,2,30,10,18:13:00,
14189,8426,34,7,21,2,15:59:00,
14190,8426,1,8,48,12,16:05:00,
14191,8427,69,7,40,1,16:47:00,
14192,8428,43,2,37,4,15:28:00,
14193,8429,34,2,29,13,14:26:00,
14194,8430,20,3,31,13,10:29:00,
14195,8431,71,6,19,5,16:12:00,
14196,8431,44,7,11,4,16:05:00,
14197,8432,23,1,32,5,14:37:00,
14198,8432,69,7,31,12,14:27:00,
14199,8433,68,8,37,11,14:27:00,
14200,8434,65,1,43,11,13:54:00,
14201,8434,12,1,34,6,13:56:00,
14202,8434,43,2,27,13,14:03:00,
14203,8435,20,1,27,1,15:40:00,
14204,8436,43,5,44,11,15:55:00,
14205,8436,29,8,33,10,15:50:00,
14206,8436,56,1,34,11,15:49:00,
14207,8437,67,6,45,2,16:44:00,
14208,8437,43,4,50,6,15:50:00,
14209,8438,61,3,14,14,14:17:00,
14210,8438,69,4,27,6,13:44:00,
14211,8439,47,1,32,7,13:21:00,
14212,8440,50,5,28,10,11:59:00,
14213,8441,67,8,22,4,11:22:00,
14214,8442,8,6,9,2,11:41:00,
14215,8442,5,5,28,10,11:49:00,
14216,8442,69,6,41,4,11:14:00,
14217,8443,5,1,31,4,14:15:00,
14218,8443,44,2,24,3,14:32:00,
14219,8443,13,6,43,2,14:31:00,
14220,8444,44,2,5,7,17:31:00,
14221,8445,44,8,16,1,11:19:00,
14222,8445,45,3,28,14,10:56:00,
14223,8446,1,1,32,12,14:04:00,
14224,8447,42,1,29,13,12:21:00,
14225,8448,45,8,41,3,13:34:00,
14226,8449,59,8,24,1,15:55:00,
14227,8449,45,8,41,7,15:41:00,
14228,8450,63,8,48,13,16:24:00,
14229,8450,12,2,38,10,16:35:00,
14230,8450,11,3,29,7,16:54:00,
14231,8451,34,3,26,6,12:20:00,
14232,8452,67,7,22,11,11:36:00,
14233,8452,71,4,11,5,11:33:00,
14234,8453,8,2,26,1,15:59:00,
14235,8453,5,7,37,1,15:50:00,
14236,8454,62,6,23,2,10:38:00,
14237,8455,59,8,27,3,11:16:00,
14238,8456,53,7,22,1,16:15:00,
14239,8457,71,6,17,4,09:55:00,
14240,8457,13,3,26,1,09:37:00,
14241,8458,63,8,44,5,14:56:00,
14242,8459,73,2,21,7,10:07:00,
14243,8460,42,5,30,13,15:49:00,
14244,8460,11,3,37,6,17:04:00,
14245,8460,57,5,24,5,15:39:00,
14246,8461,34,8,40,2,14:37:00,
14247,8461,47,2,24,1,13:56:00,
14248,8462,43,6,47,7,11:52:00,
14249,8463,67,4,18,4,13:57:00,
14250,8463,43,8,40,12,13:56:00,
14251,8464,23,7,38,12,12:23:00,
14252,8464,61,4,40,14,13:28:00,
14253,8465,8,2,25,5,11:50:00,
14254,8465,45,2,38,5,11:39:00,
14255,8465,20,3,26,12,12:01:00,
14256,8466,29,4,31,10,16:52:00,
14257,8467,39,1,30,11,17:38:00,
14258,8467,68,5,33,1,17:42:00,
14259,8468,56,3,32,5,16:35:00,
14260,8469,19,8,28,12,10:37:00,
14261,8469,57,6,14,13,10:47:00,
14262,8470,13,8,16,7,16:35:00,
14263,8470,11,5,42,4,17:07:00,
14264,8471,47,8,27,2,10:24:00,
14265,8471,42,2,21,4,10:55:00,
14266,8472,34,7,36,14,11:20:00,
14267,8472,39,7,27,11,10:37:00,
14268,8473,73,2,16,1,16:22:00,
14269,8473,47,3,17,6,17:07:00,
14270,8474,20,2,39,10,13:16:00,
14271,8475,19,3,30,5,15:26:00,
14272,8476,44,5,25,6,16:01:00,
14273,8477,73,5,30,4,16:36:00,
14274,8478,34,7,27,4,13:21:00,
14275,8478,43,8,33,4,12:39:00,
14276,8479,7,3,34,12,12:45:00,
14277,8480,45,7,34,12,17:36:00,
14278,8481,63,3,24,13,12:58:00,
14279,8481,67,8,29,11,12:32:00,
14280,8482,68,6,27,14,11:22:00,
14281,8482,5,7,48,11,11:51:00,
14282,8483,7,8,40,7,12:21:00,
14283,8483,47,6,13,3,12:43:00,
14284,8484,43,8,33,11,10:08:00,
14285,8485,57,8,21,6,12:35:00,
14286,8485,7,8,41,4,13:11:00,
14287,8486,61,3,18,1,15:41:00,
14288,8487,59,3,5,12,09:50:00,
14289,8488,19,3,35,7,12:35:00,
14290,8488,69,7,25,11,13:06:00,
14291,8489,65,3,34,2,13:57:00,
14292,8490,1,4,32,3,09:34:00,
14293,8490,39,8,10,2,09:49:00,
14294,8490,73,1,27,12,09:27:00,
14295,8491,48,7,19,4,11:19:00,
14296,8492,69,7,15,12,14:13:00,
14297,8492,43,1,47,3,13:28:00,
14298,8492,20,6,35,13,14:19:00,
14299,8493,34,6,23,13,14:09:00,
14300,8493,62,3,22,2,14:42:00,
14301,8494,62,2,16,2,10:25:00,
14302,8494,19,4,25,13,10:32:00,
14303,8495,45,6,34,11,16:59:00,
14304,8496,67,3,14,2,18:22:00,
14305,8497,29,3,22,2,15:59:00,
14306,8497,11,1,24,11,16:58:00,
14307,8498,67,6,33,11,15:39:00,
14308,8499,10,8,29,10,14:03:00,
14309,8500,57,1,27,10,10:55:00,
14310,8501,65,1,51,3,09:45:00,
14311,8501,48,2,21,6,09:29:00,
14312,8501,42,7,29,14,09:31:00,
14313,8502,1,1,37,13,16:42:00,
14314,8502,68,1,31,11,16:28:00,
14315,8502,19,1,23,12,16:37:00,
14316,8503,34,7,16,2,15:39:00,
14317,8504,44,3,23,2,15:08:00,
14318,8504,50,3,29,2,15:21:00,
14319,8505,34,1,43,13,14:39:00,
14320,8505,12,5,28,14,15:10:00,
14321,8506,47,3,11,11,16:17:00,
14322,8507,20,8,31,5,13:53:00,
14323,8508,1,8,36,6,09:50:00,
14324,8509,5,6,33,7,09:28:00,
14325,8509,47,4,27,1,09:35:00,
14326,8509,59,2,38,5,09:33:00,
14327,8510,57,2,20,7,13:01:00,
14328,8510,67,8,12,14,12:36:00,
14329,8511,44,7,26,6,16:27:00,
14330,8511,8,8,24,13,17:44:00,
14331,8512,65,7,35,2,11:47:00,
14332,8513,19,5,31,6,15:43:00,
14333,8513,48,7,32,7,16:06:00,
14334,8513,8,3,24,12,16:05:00,
14335,8514,8,1,38,13,14:00:00,
14336,8515,59,1,24,14,13:53:00,
14337,8516,44,4,22,10,16:44:00,
14338,8516,62,3,18,6,16:30:00,
14339,8516,56,7,31,3,16:17:00,
14340,8517,10,8,34,12,09:48:00,
14341,8517,59,3,27,12,09:51:00,
14342,8518,63,2,27,3,12:56:00,
14343,8518,61,1,57,14,13:13:00,
14344,8519,19,5,37,1,10:30:00,
14345,8519,63,6,43,1,10:07:00,
14346,8520,53,6,38,14,16:40:00,
14347,8520,71,3,34,3,16:34:00,
14348,8520,34,6,43,12,16:37:00,
14349,8521,12,6,34,7,16:17:00,
14350,8522,43,3,42,5,12:54:00,
14351,8523,57,1,26,3,10:01:00,
14352,8523,8,2,37,12,09:35:00,
14353,8524,57,6,41,14,11:35:00,
14354,8525,42,5,35,4,12:17:00,
14355,8525,39,5,20,5,12:30:00,
14356,8526,63,4,40,3,13:50:00,
14357,8527,62,5,34,14,10:59:00,
14358,8527,56,3,33,5,10:56:00,
14359,8528,39,2,22,2,16:57:00,
14360,8528,59,7,16,4,16:20:00,
14361,8529,12,2,26,13,11:51:00,
14362,8530,23,3,38,4,09:36:00,
14363,8530,50,6,36,13,09:24:00,
14364,8531,39,1,27,6,12:33:00,
14365,8531,43,4,43,11,11:53:00,
14366,8532,69,7,38,14,11:20:00,
14367,8533,47,1,32,7,10:38:00,
14368,8533,65,3,37,5,10:22:00,
14369,8534,69,3,41,1,13:36:00,
14370,8534,34,8,24,5,13:02:00,
14371,8535,13,5,33,7,15:46:00,
14372,8536,73,4,38,4,11:13:00,
14373,8536,48,3,18,12,11:08:00,
14374,8537,10,2,23,10,12:02:00,
14375,8537,56,8,20,11,11:42:00,
14376,8538,43,8,37,5,15:24:00,
14377,8538,57,4,27,11,15:39:00,
14378,8538,29,8,35,2,15:17:00,
14379,8539,68,5,50,1,10:43:00,
14380,8540,8,7,42,12,15:58:00,
14381,8540,23,5,41,10,15:38:00,
14382,8541,61,5,45,6,10:31:00,
14383,8541,59,1,35,5,10:05:00,
14384,8542,8,5,25,1,15:29:00,
14385,8542,5,3,46,4,16:03:00,
14386,8543,62,6,29,7,11:11:00,
14387,8543,59,8,36,1,12:05:00,
14388,8543,53,4,22,14,11:08:00,
14389,8544,71,8,25,6,11:53:00,
14390,8545,68,4,25,11,09:52:00,
14391,8546,59,7,25,4,17:09:00,
14392,8547,13,4,27,5,15:19:00,
14393,8548,68,5,40,6,12:37:00,
14394,8548,57,5,23,13,12:16:00,
14395,8548,10,1,30,12,12:42:00,
14396,8549,65,2,44,6,13:27:00,
14397,8550,50,5,22,12,11:06:00,
14398,8551,23,5,31,5,15:27:00,
14399,8552,5,3,33,7,15:20:00,
14400,8552,34,6,38,13,16:11:00,
14401,8553,53,6,24,6,13:31:00,
14402,8553,50,7,44,10,13:19:00,
14403,8554,59,6,26,4,16:54:00,
14404,8554,45,8,31,13,17:08:00,
14405,8554,44,4,8,7,16:10:00,
14406,8555,44,4,16,4,12:34:00,
14407,8555,62,2,26,2,12:48:00,
14408,8556,29,8,8,11,14:08:00,
14409,8556,13,5,30,3,14:40:00,
14410,8556,53,8,25,3,13:58:00,
14411,8557,69,7,30,13,12:31:00,
14412,8557,29,7,37,3,12:40:00,
14413,8558,12,6,44,2,16:37:00,
14414,8558,62,7,28,10,16:02:00,
14415,8558,39,7,30,14,16:06:00,
14416,8559,42,3,40,5,10:00:00,
14417,8560,7,6,37,7,16:31:00,
14418,8560,67,4,19,14,15:33:00,
14419,8560,65,1,28,12,16:27:00,
14420,8561,13,2,39,3,13:41:00,
14421,8562,56,7,44,5,13:49:00,
14422,8562,19,3,31,14,14:34:00,
14423,8562,8,1,46,5,14:59:00,
14424,8563,34,2,32,6,13:28:00,
14425,8563,67,5,23,7,13:24:00,
14426,8564,50,6,22,14,18:41:00,
14427,8564,48,6,27,11,17:31:00,
14428,8565,57,2,18,6,13:51:00,
14429,8565,42,4,40,14,13:39:00,
14430,8566,12,1,23,7,15:00:00,
14431,8566,73,1,20,11,14:38:00,
14432,8567,48,8,33,6,10:34:00,
14433,8568,43,1,23,7,15:29:00,
14434,8568,69,3,30,10,14:54:00,
14435,8569,63,4,45,6,12:52:00,
14436,8570,56,1,16,3,10:50:00,
14437,8571,8,3,24,13,10:51:00,
14438,8571,53,4,28,14,11:18:00,
14439,8571,48,2,5,1,11:15:00,
14440,8572,1,4,32,3,15:34:00,
14441,8572,12,3,17,11,15:46:00,
14442,8572,53,1,33,5,15:35:00,
14443,8573,23,7,43,10,17:09:00,
14444,8574,13,5,40,12,10:09:00,
14445,8575,47,1,17,7,17:10:00,
14446,8576,50,4,17,1,13:20:00,
14447,8576,61,4,28,5,13:38:00,
14448,8577,13,6,42,7,09:52:00,
14449,8577,67,6,23,5,10:46:00,
14450,8578,45,8,37,13,10:27:00,
14451,8579,63,3,32,2,13:28:00,
14452,8579,47,8,47,5,13:31:00,
14453,8579,8,5,21,3,13:17:00,
14454,8580,68,8,17,5,10:50:00,
14455,8581,59,4,13,4,16:09:00,
14456,8582,73,5,36,10,15:04:00,
14457,8583,23,3,37,12,14:06:00,
14458,8583,10,2,15,2,14:39:00,
14459,8584,50,2,31,13,15:23:00,
14460,8584,62,7,16,14,15:39:00,
14461,8584,59,2,37,14,14:40:00,
14462,8585,20,6,38,2,15:50:00,
14463,8586,47,7,43,10,12:58:00,
14464,8587,8,4,21,5,16:39:00,
14465,8587,73,8,22,5,16:33:00,
14466,8588,34,3,36,11,11:30:00,
14467,8588,11,2,27,10,11:22:00,
14468,8588,8,6,20,6,11:39:00,
14469,8589,20,2,32,1,12:30:00,
14470,8589,1,3,34,3,12:49:00,
14471,8589,65,3,29,4,12:55:00,
14472,8590,61,7,49,14,13:13:00,
14473,8590,48,5,21,13,13:32:00,
14474,8591,13,1,34,5,15:14:00,
14475,8591,61,1,29,7,15:08:00,
14476,8591,53,3,23,7,14:50:00,
14477,8592,10,8,28,5,10:03:00,
14478,8593,29,5,26,14,15:18:00,
14479,8593,50,6,25,4,15:18:00,
14480,8594,61,2,23,2,10:11:00,
14481,8595,62,6,39,5,15:29:00,
14482,8595,43,5,19,10,15:38:00,
14483,8595,69,1,28,4,15:26:00,
14484,8596,63,5,42,13,16:50:00,
14485,8596,1,5,23,5,17:20:00,
14486,8597,12,2,23,12,12:29:00,
14487,8598,34,2,23,5,11:27:00,
14488,8598,8,6,34,3,12:02:00,
14489,8599,20,1,45,11,12:24:00,
14490,8599,50,4,28,12,13:03:00,
14491,8599,61,2,43,7,12:21:00,
14492,8600,42,7,43,7,14:01:00,
14493,8600,19,8,48,1,15:13:00,
14494,8601,61,7,34,11,17:28:00,
14495,8602,34,4,35,14,18:29:00,
14496,8602,19,7,37,14,18:19:00,
14497,8603,8,1,48,3,13:47:00,
14498,8603,53,8,34,12,13:42:00,
14499,8604,56,4,30,12,11:07:00,
14500,8604,39,8,21,13,11:32:00,
14501,8605,34,7,38,6,13:25:00,
14502,8605,59,1,19,6,12:41:00,
14503,8606,19,7,27,7,12:41:00,
14504,8606,63,3,31,6,12:16:00,
14505,8607,39,3,33,6,15:21:00,
14506,8607,53,6,35,5,14:47:00,
14507,8607,13,6,33,10,15:05:00,
14508,8608,48,2,19,13,13:36:00,
14509,8609,44,4,18,6,17:40:00,
14510,8610,1,4,36,7,10:56:00,
14511,8610,19,3,33,7,11:01:00,
14512,8611,20,7,37,14,13:17:00,
14513,8611,48,3,32,7,13:10:00,
14514,8612,62,8,29,6,17:58:00,
14515,8612,42,4,47,12,16:45:00,
14516,8613,12,3,37,6,10:09:00,
14517,8614,34,4,26,14,13:37:00,
14518,8614,69,1,33,6,14:11:00,
14519,8615,10,4,28,12,11:41:00,
14520,8615,42,8,27,7,11:40:00,
14521,8615,11,7,14,5,11:44:00,
14522,8616,50,5,6,11,16:08:00,
14523,8616,69,7,24,4,16:17:00,
14524,8617,59,7,22,10,15:27:00,
14525,8617,65,6,32,13,15:16:00,
14526,8618,57,5,26,10,14:11:00,
14527,8618,62,2,14,7,14:42:00,
14528,8619,43,6,32,6,16:36:00,
14529,8619,69,3,34,12,17:18:00,
14530,8619,5,7,20,6,16:07:00,
14531,8620,69,4,29,13,10:58:00,
14532,8620,57,1,18,13,10:25:00,
14533,8620,48,6,18,11,10:14:00,
14534,8621,13,7,43,4,16:47:00,
14535,8622,43,2,34,1,16:16:00,
14536,8622,61,2,14,14,15:37:00,
14537,8623,48,4,20,7,12:54:00,
14538,8623,10,2,24,11,12:31:00,
14539,8624,53,2,34,5,10:01:00,
14540,8625,53,5,23,4,15:47:00,
14541,8625,12,6,32,11,15:47:00,
14542,8626,19,4,43,12,14:03:00,
14543,8626,67,2,30,14,14:30:00,
14544,8627,69,3,14,10,12:40:00,
14545,8627,50,6,36,12,12:02:00,
14546,8627,8,5,22,2,12:38:00,
14547,8628,1,4,28,3,10:54:00,
14548,8629,57,3,29,6,09:56:00,
14549,8630,1,5,38,11,09:05:00,
14550,8630,50,6,17,11,09:19:00,
14551,8631,1,8,27,4,10:29:00,
14552,8631,71,1,30,2,10:29:00,
14553,8631,11,6,30,3,09:23:00,
14554,8632,12,8,26,6,13:36:00,
14555,8632,10,7,35,7,13:19:00,
14556,8633,69,4,27,5,17:11:00,
14557,8633,13,3,29,10,16:54:00,
14558,8633,68,7,37,1,17:03:00,
14559,8634,69,2,43,13,12:55:00,
14560,8635,59,4,25,10,13:03:00,
14561,8636,13,6,28,4,09:48:00,
14562,8637,1,4,31,1,10:23:00,
14563,8638,10,7,23,6,18:30:00,
14564,8638,20,7,35,7,17:45:00,
14565,8639,13,3,43,11,11:12:00,
14566,8639,34,8,37,14,10:42:00,
14567,8639,8,6,31,12,10:58:00,
14568,8640,45,7,32,13,15:19:00,
14569,8640,8,5,46,4,16:13:00,
14570,8641,5,3,36,12,10:13:00,
14571,8642,34,1,26,2,09:34:00,
14572,8642,39,4,31,11,11:15:00,
14573,8643,34,4,27,12,14:16:00,
14574,8644,19,1,20,10,10:26:00,
14575,8645,34,8,34,3,10:58:00,
14576,8646,47,6,30,6,09:51:00,
14577,8646,65,7,36,12,09:54:00,
14578,8646,62,8,19,11,10:15:00,
14579,8647,56,3,21,3,15:57:00,
14580,8648,43,2,36,1,16:59:00,
14581,8649,56,4,11,5,13:10:00,
14582,8649,63,2,40,11,13:18:00,
14583,8650,39,2,42,3,16:55:00,
14584,8650,45,7,28,4,16:05:00,
14585,8651,42,6,37,5,11:16:00,
14586,8652,63,5,38,7,13:26:00,
14587,8653,61,2,44,1,14:35:00,
14588,8654,19,6,27,12,10:02:00,
14589,8654,63,4,36,11,10:55:00,
14590,8655,53,3,20,1,16:15:00,
14591,8655,43,7,36,1,15:39:00,
14592,8655,45,6,37,2,15:48:00,
14593,8656,61,3,23,2,12:37:00,
14594,8656,45,4,35,12,12:03:00,
14595,8657,19,1,34,12,15:41:00,
14596,8657,11,7,30,12,15:21:00,
14597,8658,1,1,25,14,17:17:00,
14598,8659,69,6,24,11,14:23:00,
14599,8659,59,7,25,5,14:48:00,
14600,8659,44,7,26,2,14:55:00,
14601,8660,8,4,26,7,12:12:00,
14602,8661,19,1,40,14,12:54:00,
14603,8661,8,8,30,11,13:54:00,
14604,8662,57,8,23,6,12:00:00,
14605,8662,20,5,32,11,11:28:00,
14606,8663,44,4,10,4,13:16:00,
14607,8664,50,3,27,13,17:43:00,
14608,8664,73,5,25,4,16:08:00,
14609,8665,73,5,16,7,10:08:00,
14610,8666,13,8,30,10,12:23:00,
14611,8667,42,6,34,12,16:27:00,
14612,8668,59,6,21,6,16:50:00,
14613,8669,13,7,44,5,11:06:00,
14614,8669,20,3,30,10,11:34:00,
14615,8669,19,6,39,11,12:28:00,
14616,8670,71,8,17,6,10:46:00,
14617,8670,59,5,15,7,10:42:00,
14618,8671,39,3,34,11,17:10:00,
14619,8671,47,3,23,14,17:24:00,
14620,8671,57,5,7,7,16:54:00,
14621,8672,5,1,39,12,10:26:00,
14622,8672,62,6,32,1,10:07:00,
14623,8672,13,3,37,13,09:52:00,
14624,8673,65,2,36,12,11:40:00,
14625,8674,5,5,42,1,12:59:00,
14626,8674,10,4,12,4,12:47:00,
14627,8675,48,1,31,11,15:43:00,
14628,8676,50,6,25,10,13:58:00,
14629,8676,5,2,35,12,14:20:00,
14630,8677,19,6,21,5,12:53:00,
14631,8677,67,3,22,13,12:18:00,
14632,8678,20,7,28,6,14:09:00,
14633,8678,56,8,37,14,13:43:00,
14634,8678,59,8,46,14,13:33:00,
14635,8679,10,8,27,4,16:24:00,
14636,8680,69,1,27,10,17:01:00,
14637,8680,29,2,27,1,17:09:00,
14638,8681,12,7,19,6,11:37:00,
14639,8681,19,7,41,4,11:12:00,
14640,8682,56,1,18,11,11:21:00,
14641,8682,29,7,24,4,11:06:00,
14642,8683,61,5,36,12,16:40:00,
14643,8683,73,8,35,14,16:39:00,
14644,8684,69,6,39,5,09:41:00,
14645,8685,42,8,39,13,12:40:00,
14646,8686,43,4,50,11,12:39:00,
14647,8687,11,5,37,6,12:28:00,
14648,8687,12,7,24,2,11:46:00,
14649,8687,68,6,30,14,12:41:00,
14650,8688,5,2,42,3,14:13:00,
14651,8689,43,2,30,1,16:58:00,
14652,8689,53,1,14,6,17:00:00,
14653,8689,59,2,29,12,17:18:00,
14654,8690,23,4,32,5,17:19:00,
14655,8691,45,8,27,7,16:04:00,
14656,8691,47,5,32,12,16:03:00,
14657,8691,5,8,26,1,15:41:00,
14658,8692,50,8,22,2,15:55:00,
14659,8692,34,8,28,7,15:46:00,
14660,8693,19,5,29,2,16:48:00,
14661,8693,43,1,42,11,16:13:00,
14662,8694,8,8,27,1,12:37:00,
14663,8695,73,8,19,4,12:02:00,
14664,8696,56,6,28,2,13:50:00,
14665,8697,50,8,27,3,10:57:00,
14666,8697,59,8,20,1,10:59:00,
14667,8698,11,2,42,3,11:06:00,
14668,8699,71,3,17,6,09:24:00,
14669,8699,59,7,30,2,09:47:00,
14670,8700,68,3,31,3,10:29:00,
14671,8701,59,5,31,1,13:15:00,
14672,8702,73,3,32,5,15:37:00,
14673,8703,47,1,28,1,13:19:00,
14674,8704,13,2,23,11,14:12:00,
14675,8705,68,5,30,6,11:00:00,
14676,8705,62,8,25,5,11:05:00,
14677,8705,47,2,31,11,10:36:00,
14678,8706,48,5,9,5,16:48:00,
14679,8707,45,4,49,7,16:03:00,
14680,8707,43,7,37,2,15:41:00,
14681,8707,71,2,16,14,16:04:00,
14682,8708,69,4,25,14,15:13:00,
14683,8709,10,5,35,14,11:56:00,
14684,8709,61,2,15,5,12:27:00,
14685,8710,5,8,44,2,10:16:00,
14686,8711,57,5,24,13,15:27:00,
14687,8711,59,6,25,11,15:49:00,
14688,8711,62,1,13,1,15:26:00,
14689,8712,50,1,16,13,11:35:00,
14690,8712,48,1,44,11,12:31:00,
14691,8713,71,6,29,11,11:35:00,
14692,8714,39,5,31,11,17:29:00,
14693,8715,48,8,20,11,16:45:00,
14694,8716,69,3,38,14,10:45:00,
14695,8717,29,3,26,7,09:30:00,
14696,8717,50,7,40,3,09:19:00,
14697,8718,43,5,29,12,15:44:00,
14698,8718,42,8,32,2,15:49:00,
14699,8719,69,8,19,14,11:40:00,
14700,8719,61,1,19,7,12:09:00,
14701,8720,59,1,21,2,12:17:00,
14702,8721,20,3,37,6,10:36:00,
14703,8721,68,4,30,14,10:13:00,
14704,8721,5,8,36,1,10:03:00,
14705,8722,57,3,30,3,13:55:00,
14706,8722,63,5,36,4,13:43:00,
14707,8723,71,2,13,13,16:19:00,
14708,8723,42,2,36,3,16:17:00,
14709,8724,1,3,33,14,16:37:00,
14710,8725,45,2,28,1,17:42:00,
14711,8725,43,1,17,13,17:20:00,
14712,8726,73,7,16,11,11:41:00,
14713,8726,45,2,45,12,11:52:00,
14714,8726,65,7,30,11,11:36:00,
14715,8727,43,1,21,12,17:22:00,
14716,8727,11,3,40,2,17:44:00,
14717,8728,42,8,50,3,12:29:00,
14718,8729,34,1,50,7,14:22:00,
14719,8729,44,6,7,12,13:20:00,
14720,8730,1,5,18,5,14:53:00,
14721,8731,11,1,15,7,14:45:00,
14722,8731,62,8,29,1,15:38:00,
14723,8732,34,5,24,13,14:53:00,
14724,8732,53,5,12,3,14:52:00,
14725,8733,71,8,35,4,12:37:00,
14726,8734,53,6,25,10,13:59:00,
14727,8734,59,4,19,6,14:26:00,
14728,8734,56,5,37,5,14:36:00,
14729,8735,57,8,22,14,09:27:00,
14730,8735,61,7,26,3,10:11:00,
14731,8736,48,7,36,2,12:20:00,
14732,8737,67,2,30,7,13:02:00,
14733,8738,73,3,19,4,16:21:00,
14734,8738,47,3,11,1,17:18:00,
14735,8738,42,7,35,4,16:25:00,
14736,8739,56,3,31,5,10:28:00,
14737,8739,5,6,42,6,10:38:00,
14738,8739,13,1,41,1,10:25:00,
14739,8740,39,1,30,3,10:16:00,
14740,8741,23,7,32,10,11:20:00,
14741,8741,61,4,39,10,12:29:00,
14742,8742,20,3,34,2,12:03:00,
14743,8742,39,1,26,6,12:06:00,
14744,8743,10,8,21,14,16:50:00,
14745,8744,20,8,34,2,12:21:00,
14746,8745,47,5,10,12,16:50:00,
14747,8746,53,2,23,1,16:51:00,
14748,8746,7,1,44,14,17:16:00,
14749,8747,61,7,14,2,11:40:00,
14750,8748,71,1,20,12,14:15:00,
14751,8748,69,8,36,14,12:58:00,
14752,8748,50,5,44,2,13:23:00,
14753,8749,53,7,18,6,14:29:00,
14754,8749,62,2,27,10,14:49:00,
14755,8750,63,6,30,12,17:57:00,
14756,8750,67,8,23,12,17:25:00,
14757,8751,68,6,34,4,10:45:00,
14758,8751,53,4,29,5,10:35:00,
14759,8751,62,8,27,2,10:26:00,
14760,8752,39,3,27,4,12:34:00,
14761,8752,71,7,23,1,12:46:00,
14762,8753,69,1,27,14,11:05:00,
14763,8754,53,7,26,11,13:11:00,
14764,8755,67,4,22,10,12:19:00,
14765,8756,8,1,32,3,12:48:00,
14766,8756,47,6,15,13,13:23:00,
14767,8756,67,8,40,3,13:07:00,
14768,8757,53,7,33,5,13:40:00,
14769,8758,45,7,47,3,09:54:00,
14770,8759,61,5,30,14,11:38:00,
14771,8760,12,2,30,5,17:04:00,
14772,8760,10,3,24,10,17:46:00,
14773,8761,73,8,26,5,12:56:00,
14774,8761,34,1,19,6,12:42:00,
14775,8762,8,5,29,4,16:25:00,
14776,8763,67,5,27,1,14:30:00,
14777,8763,19,8,40,5,15:51:00,
14778,8764,39,7,21,6,13:09:00,
14779,8765,56,2,28,1,13:03:00,
14780,8765,5,3,34,14,12:15:00,
14781,8766,73,1,26,4,16:12:00,
14782,8767,73,4,28,12,11:51:00,
14783,8767,47,3,20,2,12:07:00,
14784,8767,7,5,40,14,11:10:00,
14785,8768,57,4,5,12,16:27:00,
14786,8769,1,7,30,2,16:50:00,
14787,8769,68,6,36,5,16:33:00,
14788,8769,57,4,33,5,15:42:00,
14789,8770,8,3,18,14,11:50:00,
14790,8770,47,6,43,7,11:41:00,
14791,8771,12,8,23,14,12:25:00,
14792,8771,44,4,26,10,11:40:00,
14793,8772,34,7,31,4,16:41:00,
14794,8772,47,4,34,6,17:24:00,
14795,8773,48,5,24,4,10:40:00,
14796,8774,57,6,26,2,11:14:00,
14797,8775,7,7,40,7,11:50:00,
14798,8775,5,1,45,3,11:55:00,
14799,8775,69,8,39,10,11:32:00,
14800,8776,7,3,28,5,13:09:00,
14801,8776,29,1,12,5,13:11:00,
14802,8777,47,4,26,4,12:08:00,
14803,8778,48,3,17,3,11:06:00,
14804,8778,69,5,21,10,11:41:00,
14805,8779,63,6,36,10,15:05:00,
14806,8780,56,3,35,2,10:19:00,
14807,8780,67,2,29,4,10:30:00,
14808,8781,23,7,42,10,16:17:00,
14809,8782,10,6,16,13,11:21:00,
14810,8782,65,2,20,13,11:42:00,
14811,8783,65,7,50,10,16:11:00,
14812,8783,7,5,43,12,17:39:00,
14813,8784,13,3,24,14,12:24:00,
14814,8784,67,1,30,4,11:46:00,
14815,8785,50,5,29,2,10:35:00,
14816,8786,69,3,39,5,16:45:00,
14817,8787,12,6,24,13,11:20:00,
14818,8788,59,7,22,5,10:26:00,
14819,8788,71,8,22,4,10:32:00,
14820,8789,69,4,37,2,17:48:00,
14821,8790,47,1,13,1,11:31:00,
14822,8791,8,1,24,7,14:51:00,
14823,8792,71,7,23,14,13:16:00,
14824,8793,43,4,24,5,15:53:00,
14825,8794,43,7,29,14,13:53:00,
14826,8795,1,7,19,3,11:01:00,
14827,8796,13,2,31,3,14:42:00,
14828,8796,62,5,24,12,14:44:00,
14829,8797,23,6,26,6,15:46:00,
14830,8797,39,7,23,7,15:43:00,
14831,8798,5,7,28,14,16:51:00,
14832,8799,53,6,15,2,10:11:00,
14833,8799,50,1,23,3,10:29:00,
14834,8800,29,5,26,10,10:36:00,
14835,8800,10,1,34,1,10:36:00,
14836,8801,65,1,39,3,12:07:00,
14837,8801,62,7,29,11,12:33:00,
14838,8802,50,7,31,14,11:07:00,
14839,8803,44,6,20,1,10:07:00,
14840,8803,42,3,16,12,10:38:00,
14841,8804,34,8,38,14,16:59:00,
14842,8804,73,1,10,4,16:28:00,
14843,8805,67,5,30,13,14:18:00,
14844,8805,63,3,21,5,13:45:00,
14845,8806,63,2,47,14,14:15:00,
14846,8806,1,2,32,10,14:18:00,
14847,8806,71,2,22,5,14:17:00,
14848,8807,69,8,26,4,11:55:00,
14849,8807,56,1,30,2,12:21:00,
14850,8808,42,8,27,11,16:23:00,
14851,8808,11,1,29,10,16:57:00,
14852,8809,47,4,26,1,12:32:00,
14853,8809,71,1,34,3,12:07:00,
14854,8810,48,7,27,7,16:07:00,
14855,8810,57,7,21,14,15:02:00,
14856,8811,47,7,15,3,10:23:00,
14857,8812,65,7,25,2,17:22:00,
14858,8813,1,4,29,3,15:37:00,
14859,8814,67,6,29,4,13:44:00,
14860,8814,56,6,30,5,13:13:00,
14861,8815,62,3,34,3,15:40:00,
14862,8816,45,1,39,10,12:23:00,
14863,8816,5,1,24,14,13:04:00,
14864,8817,44,4,24,5,16:02:00,
14865,8817,10,7,16,14,15:53:00,
14866,8818,23,8,26,11,11:47:00,
14867,8818,13,7,38,13,11:03:00,
14868,8819,67,3,26,6,13:23:00,
14869,8819,8,7,20,1,12:13:00,
14870,8819,47,3,29,3,12:26:00,
14871,8820,68,4,49,11,15:39:00,
14872,8820,39,7,28,12,15:42:00,
14873,8820,63,7,34,6,16:15:00,
14874,8821,5,8,37,2,10:20:00,
14875,8821,8,2,39,13,10:37:00,
14876,8822,50,1,43,4,16:39:00,
14877,8823,43,6,30,10,15:13:00,
14878,8824,61,2,32,14,12:16:00,
14879,8824,43,7,32,3,12:13:00,
14880,8825,5,7,32,3,15:27:00,
14881,8825,65,4,30,12,16:48:00,
14882,8825,11,8,22,12,15:43:00,
14883,8826,42,7,40,10,10:40:00,
14884,8826,11,4,32,11,10:53:00,
14885,8827,1,6,36,13,11:40:00,
14886,8828,8,3,27,11,13:02:00,
14887,8829,1,1,14,2,15:46:00,
14888,8829,10,8,41,2,15:24:00,
14889,8830,39,2,22,12,13:28:00,
14890,8831,20,5,43,11,10:27:00,
14891,8831,42,2,40,13,10:55:00,
14892,8832,8,5,38,12,11:37:00,
14893,8832,50,2,40,6,11:38:00,
14894,8833,69,3,18,7,12:25:00,
14895,8833,19,3,31,11,12:44:00,
14896,8834,61,1,22,12,14:50:00,
14897,8835,20,7,43,14,14:47:00,
14898,8835,67,2,31,3,15:03:00,
14899,8836,43,1,25,14,12:36:00,
14900,8837,10,8,19,7,15:39:00,
14901,8838,39,6,27,3,11:11:00,
14902,8838,34,3,49,1,11:35:00,
14903,8839,73,8,17,14,09:24:00,
14904,8840,63,2,41,10,13:19:00,
14905,8840,42,1,47,2,12:17:00,
14906,8841,12,6,25,5,16:33:00,
14907,8842,1,4,23,2,16:19:00,
14908,8842,44,5,20,1,16:26:00,
14909,8843,48,7,41,11,16:47:00,
14910,8844,39,2,21,1,16:30:00,
14911,8844,61,3,40,6,16:14:00,
14912,8845,59,6,21,14,17:05:00,
14913,8846,39,5,27,3,14:25:00,
14914,8846,8,2,40,6,14:21:00,
14915,8847,63,8,32,11,17:10:00,
14916,8847,1,4,29,4,16:54:00,
14917,8848,43,5,34,14,10:03:00,
14918,8848,59,7,34,11,10:11:00,
14919,8849,11,8,35,2,14:42:00,
14920,8850,34,4,23,1,11:36:00,
14921,8850,7,3,26,12,12:12:00,
14922,8851,29,3,35,11,10:01:00,
14923,8851,1,2,18,4,10:13:00,
14924,8852,43,8,43,5,10:51:00,
14925,8853,42,3,31,14,16:43:00,
14926,8854,50,6,31,3,10:35:00,
14927,8855,65,3,33,13,11:21:00,
14928,8855,42,1,30,12,11:36:00,
14929,8856,57,1,5,14,16:40:00,
14930,8857,34,7,29,14,17:04:00,
14931,8858,44,5,21,5,14:46:00,
14932,8859,39,6,35,11,14:31:00,
14933,8860,20,8,34,1,16:42:00,
14934,8860,61,8,38,3,17:07:00,
14935,8861,10,6,22,11,13:56:00,
14936,8861,13,6,28,11,13:54:00,
14937,8861,1,8,33,2,14:05:00,
14938,8862,69,5,24,10,12:44:00,
14939,8862,7,7,34,6,12:16:00,
14940,8863,53,8,23,3,13:33:00,
14941,8863,13,2,34,13,13:38:00,
14942,8864,7,6,36,12,10:55:00,
14943,8865,62,7,37,7,14:36:00,
14944,8866,7,6,43,1,14:17:00,
14945,8866,53,8,34,6,14:56:00,
14946,8866,62,8,27,12,13:58:00,
14947,8867,44,2,16,6,14:56:00,
14948,8867,1,1,27,3,14:44:00,
14949,8868,5,3,34,1,18:03:00,
14950,8869,13,2,23,1,16:03:00,
14951,8869,10,1,21,7,15:28:00,
14952,8869,67,1,33,7,14:08:00,
14953,8870,57,1,18,14,15:20:00,
14954,8870,56,4,22,5,15:57:00,
14955,8870,34,4,31,10,16:49:00,
14956,8871,67,7,36,13,14:33:00,
14957,8872,20,7,31,13,10:13:00,
14958,8873,45,1,23,13,13:55:00,
14959,8873,11,3,22,12,13:54:00,
14960,8874,53,2,21,1,15:31:00,
14961,8875,69,1,32,3,13:37:00,
14962,8875,73,8,30,1,13:40:00,
14963,8876,20,5,34,11,14:40:00,
14964,8876,34,6,33,14,14:44:00,
14965,8877,73,2,25,7,11:21:00,
14966,8878,73,8,15,2,14:54:00,
14967,8878,65,7,28,6,14:58:00,
14968,8879,44,3,9,14,11:47:00,
14969,8880,48,6,24,2,11:13:00,
14970,8880,23,2,24,3,11:27:00,
14971,8881,5,8,27,2,17:01:00,
14972,8881,62,5,31,14,16:19:00,
14973,8882,71,3,19,4,14:28:00,
14974,8882,48,8,12,12,13:36:00,
14975,8883,19,8,19,3,13:14:00,
14976,8884,56,2,31,11,12:03:00,
14977,8884,39,6,39,3,12:10:00,
14978,8885,65,6,37,3,10:00:00,
14979,8885,39,4,25,13,10:05:00,
14980,8886,47,6,29,3,13:07:00,
14981,8887,56,3,34,3,10:08:00,
14982,8887,20,5,38,13,10:48:00,
14983,8888,56,1,48,7,13:52:00,
14984,8889,48,5,25,1,13:27:00,
14985,8889,39,5,37,4,13:08:00,
14986,8889,68,1,30,13,12:45:00,
14987,8890,65,6,49,7,13:01:00,
14988,8890,5,6,41,5,14:02:00,
14989,8891,19,4,37,11,15:11:00,
14990,8891,62,8,23,2,14:50:00,
14991,8891,71,2,13,13,15:08:00,
14992,8892,13,8,41,2,11:29:00,
14993,8892,57,3,34,6,11:17:00,
14994,8893,45,5,44,4,11:25:00,
14995,8894,59,5,19,12,15:41:00,
14996,8894,1,2,33,11,15:05:00,
14997,8895,65,5,45,4,11:34:00,
14998,8896,56,4,38,4,16:20:00,
14999,8897,63,2,28,12,17:16:00,
15000,8898,69,2,29,6,14:51:00,
15001,8898,20,1,29,13,14:17:00,
15002,8899,12,1,43,2,17:39:00,
15003,8900,39,5,25,1,13:10:00,
15004,8900,43,2,32,5,13:00:00,
15005,8900,44,6,34,1,12:53:00,
15006,8901,34,5,27,2,16:23:00,
15007,8902,12,5,25,12,11:57:00,
15008,8902,61,8,15,4,12:24:00,
15009,8903,39,4,25,2,10:02:00,
15010,8903,57,5,25,12,10:27:00,
15011,8904,63,1,42,10,11:07:00,
15012,8904,47,1,29,4,10:07:00,
15013,8905,45,5,30,12,11:42:00,
15014,8905,44,1,22,3,11:49:00,
15015,8906,65,2,31,14,10:14:00,
15016,8906,39,8,21,14,09:27:00,
15017,8907,48,5,30,10,17:21:00,
15018,8907,10,6,26,14,17:30:00,
15019,8908,71,4,14,14,12:57:00,
15020,8909,39,7,23,1,12:16:00,
15021,8909,34,5,46,11,11:30:00,
15022,8910,45,6,34,13,14:43:00,
15023,8911,43,6,38,12,10:44:00,
15024,8911,59,2,17,10,10:27:00,
15025,8912,10,2,18,12,16:17:00,
15026,8912,45,4,26,12,15:57:00,
15027,8912,47,1,21,4,16:03:00,
15028,8913,73,2,8,1,13:50:00,
15029,8914,29,5,40,3,13:04:00,
15030,8914,44,1,13,12,13:01:00,
15031,8914,48,4,19,7,12:59:00,
15032,8915,10,3,9,6,16:31:00,
15033,8916,73,4,19,11,16:24:00,
15034,8917,62,5,26,5,11:02:00,
15035,8917,45,1,38,3,10:57:00,
15036,8918,23,1,29,2,11:32:00,
15037,8918,1,2,29,5,12:24:00,
15038,8919,43,2,36,13,11:45:00,
15039,8920,62,2,42,5,17:09:00,
15040,8921,69,8,33,1,11:29:00,
15041,8921,45,7,37,4,12:09:00,
15042,8922,5,2,37,1,14:54:00,
15043,8922,34,5,37,10,14:59:00,
15044,8923,43,1,41,5,13:56:00,
15045,8923,59,2,18,12,14:14:00,
15046,8924,57,1,27,12,12:34:00,
15047,8924,69,7,20,5,12:35:00,
15048,8924,53,6,29,4,12:06:00,
15049,8925,29,2,31,10,12:19:00,
15050,8925,48,7,26,2,11:57:00,
15051,8926,39,8,34,4,12:23:00,
15052,8926,63,3,22,12,12:08:00,
15053,8927,45,8,34,6,09:38:00,
15054,8927,69,7,36,10,09:49:00,
15055,8928,12,7,21,4,10:45:00,
15056,8928,10,6,20,11,10:43:00,
15057,8929,47,2,23,2,12:06:00,
15058,8930,65,1,29,13,13:23:00,
15059,8931,1,5,27,3,10:31:00,
15060,8931,57,2,20,12,10:40:00,
15061,8932,39,6,25,11,14:24:00,
15062,8932,11,7,24,6,14:28:00,
15063,8933,39,3,33,13,16:31:00,
15064,8933,44,1,16,5,16:00:00,
15065,8934,8,3,26,4,11:08:00,
15066,8935,19,7,27,5,13:43:00,
15067,8936,68,2,34,6,14:07:00,
15068,8936,45,6,41,12,14:26:00,
15069,8936,8,4,27,14,14:03:00,
15070,8937,8,4,32,2,11:25:00,
15071,8938,43,3,45,13,14:23:00,
15072,8938,57,3,15,11,13:15:00,
15073,8939,5,3,20,4,09:38:00,
15074,8940,11,1,37,10,15:47:00,
15075,8940,73,7,10,3,16:11:00,
15076,8941,63,3,54,11,13:44:00,
15077,8942,42,8,44,10,10:06:00,
15078,8942,65,5,27,13,10:12:00,
15079,8943,1,8,19,5,11:11:00,
15080,8943,13,4,37,14,10:45:00,
15081,8944,39,2,23,12,13:38:00,
15082,8945,1,7,12,11,17:17:00,
15083,8945,67,1,32,10,17:04:00,
15084,8946,59,3,19,14,12:46:00,
15085,8946,43,4,27,10,12:42:00,
15086,8947,73,8,36,14,11:03:00,
15087,8947,1,8,39,7,10:53:00,
15088,8948,39,7,23,7,16:01:00,
15089,8948,59,6,19,7,15:25:00,
15090,8949,10,2,29,7,11:26:00,
15091,8949,68,7,26,12,11:45:00,
15092,8949,39,3,22,12,11:19:00,
15093,8950,57,1,13,11,16:49:00,
15094,8950,13,6,38,5,15:44:00,
15095,8951,62,8,23,11,16:50:00,
15096,8952,69,8,24,14,10:38:00,
15097,8952,61,8,36,3,11:06:00,
15098,8953,29,4,29,5,12:36:00,
15099,8953,59,2,34,5,12:30:00,
15100,8954,10,8,24,1,12:46:00,
15101,8955,45,7,34,12,09:54:00,
15102,8955,71,4,28,12,09:48:00,
15103,8956,42,8,28,4,14:57:00,
15104,8957,5,6,51,10,12:27:00,
15105,8958,59,4,14,6,14:01:00,
15106,8959,47,5,29,14,14:34:00,
15107,8959,34,3,32,3,14:28:00,
15108,8959,65,2,25,13,14:37:00,
15109,8960,5,3,26,3,16:58:00,
15110,8960,19,8,28,12,16:10:00,
15111,8960,1,1,19,1,15:19:00,
15112,8961,53,5,19,3,14:43:00,
15113,8961,47,3,23,14,13:58:00,
15114,8962,8,5,36,2,11:15:00,
15115,8962,71,6,24,11,11:16:00,
15116,8963,29,2,22,12,15:05:00,
15117,8963,23,3,41,11,15:13:00,
15118,8964,67,8,29,3,15:23:00,
15119,8965,45,4,41,14,12:04:00,
15120,8966,39,5,26,7,17:36:00,
15121,8966,65,7,48,13,17:30:00,
15122,8966,8,2,37,1,17:00:00,
15123,8967,43,1,26,7,10:56:00,
15124,8967,68,8,31,7,10:43:00,
15125,8968,56,5,27,13,10:58:00,
15126,8968,48,5,37,13,10:40:00,
15127,8969,53,6,20,3,11:56:00,
15128,8970,8,6,23,14,17:59:00,
15129,8970,71,8,18,13,17:09:00,
15130,8970,50,4,29,14,16:24:00,
15131,8971,65,7,40,1,15:46:00,
15132,8972,39,8,31,10,11:58:00,
15133,8972,11,7,14,12,12:58:00,
15134,8973,57,8,30,7,16:00:00,
15135,8974,68,5,28,5,10:39:00,
15136,8975,71,6,24,3,10:27:00,
15137,8975,65,5,28,4,10:07:00,
15138,8976,39,1,12,13,13:40:00,
15139,8977,68,7,42,6,16:22:00,
15140,8978,44,3,5,13,12:15:00,
15141,8978,19,3,29,12,11:46:00,
15142,8978,39,5,24,6,12:22:00,
15143,8979,8,3,34,14,11:15:00,
15144,8980,48,2,21,1,14:49:00,
15145,8980,44,4,29,2,14:56:00,
15146,8981,67,1,14,4,13:11:00,
15147,8981,44,5,5,6,13:15:00,
15148,8981,11,4,20,12,12:23:00,
15149,8982,10,2,18,12,13:43:00,
15150,8983,67,6,29,4,14:19:00,
15151,8983,20,7,34,4,14:01:00,
15152,8983,62,4,22,6,14:28:00,
15153,8984,67,1,26,7,16:46:00,
15154,8984,43,5,35,7,17:18:00,
15155,8985,69,7,29,6,14:44:00,
15156,8985,12,8,41,12,14:27:00,
15157,8986,61,5,28,3,16:58:00,
15158,8986,42,8,27,11,16:35:00,
15159,8987,53,4,33,1,14:37:00,
15160,8987,34,2,28,3,15:27:00,
15161,8988,45,6,38,3,17:21:00,
15162,8988,43,7,25,1,16:47:00,
15163,8989,29,7,32,4,12:58:00,
15164,8990,12,8,27,12,14:30:00,
15165,8990,1,6,43,2,14:05:00,
15166,8991,39,2,28,11,17:23:00,
15167,8992,69,3,31,5,14:21:00,
15168,8992,11,1,23,7,14:37:00,
15169,8993,67,8,25,12,12:48:00,
15170,8994,56,4,34,10,15:55:00,
15171,8995,42,3,38,4,14:05:00,
15172,8995,8,5,34,4,14:31:00,
15173,8995,61,6,34,3,14:20:00,
15174,8996,48,6,34,3,10:45:00,
15175,8996,65,7,45,11,10:27:00,
15176,8996,20,5,36,3,10:22:00,
15177,8997,29,2,20,3,13:17:00,
15178,8997,68,1,27,7,13:09:00,
15179,8998,45,7,37,10,13:30:00,
15180,8998,47,1,29,2,13:15:00,
15181,8998,71,3,26,1,13:33:00,
15182,8999,44,8,8,7,13:24:00,
15183,8999,62,4,21,2,13:13:00,
15184,9000,39,4,25,5,09:33:00,
15185,9001,65,4,44,6,10:52:00,
15186,9002,53,4,51,12,16:00:00,
15187,9003,5,3,38,1,10:30:00,
15188,9004,34,5,48,11,15:25:00,
15189,9004,10,8,30,2,15:05:00,
15190,9005,65,7,41,4,12:29:00,
15191,9005,12,8,34,2,12:19:00,
15192,9006,20,4,26,12,10:01:00,
15193,9006,39,5,23,3,09:15:00,
15194,9007,44,7,7,12,15:11:00,
15195,9008,61,3,33,3,15:21:00,
15196,9009,19,1,18,11,14:08:00,
15197,9010,62,6,14,10,16:00:00,
15198,9010,10,1,29,13,16:07:00,
15199,9010,12,6,22,6,15:55:00,
15200,9011,59,7,20,10,11:42:00,
15201,9011,10,6,28,11,11:35:00,
15202,9012,61,3,42,5,09:13:00,
15203,9013,56,1,28,5,13:09:00,
15204,9013,50,7,41,5,13:30:00,
15205,9014,44,8,18,3,09:25:00,
15206,9014,19,7,23,4,09:23:00,
15207,9015,56,3,36,10,15:48:00,
15208,9015,43,2,22,4,16:04:00,
15209,9016,45,8,33,11,14:10:00,
15210,9017,29,8,43,4,16:33:00,
15211,9017,23,7,39,12,15:54:00,
15212,9017,69,3,26,13,15:35:00,
15213,9018,29,1,32,11,12:28:00,
15214,9019,19,1,39,3,11:11:00,
15215,9020,53,5,31,6,12:25:00,
15216,9021,68,6,18,13,11:58:00,
15217,9021,10,7,33,5,12:35:00,
15218,9022,12,6,29,13,18:35:00,
15219,9023,50,4,23,6,17:10:00,
15220,9024,23,7,46,4,16:28:00,
15221,9024,67,1,26,4,15:39:00,
15222,9025,11,6,39,4,13:12:00,
15223,9025,57,2,16,4,12:32:00,
15224,9026,8,7,27,13,17:01:00,
15225,9027,11,8,36,3,11:19:00,
15226,9028,1,5,19,14,17:08:00,
15227,9029,12,2,30,1,11:08:00,
15228,9030,8,3,22,11,15:22:00,
15229,9031,42,7,35,13,15:17:00,
15230,9032,62,6,29,14,13:31:00,
15231,9033,11,3,32,1,10:50:00,
15232,9033,50,8,34,2,10:58:00,
15233,9034,56,7,29,12,11:06:00,
15234,9034,13,2,34,10,11:21:00,
15235,9035,8,6,31,12,11:46:00,
15236,9035,68,5,35,4,12:26:00,
15237,9036,34,2,31,11,16:24:00,
15238,9037,68,3,32,5,12:20:00,
15239,9038,44,3,38,10,15:36:00,
15240,9039,34,4,29,6,17:00:00,
15241,9040,20,5,25,11,12:06:00,
15242,9040,67,4,30,11,12:41:00,
15243,9040,62,6,26,6,12:01:00,
15244,9041,11,4,33,4,10:26:00,
15245,9042,56,8,22,12,15:20:00,
15246,9043,45,5,21,13,12:20:00,
15247,9043,13,7,26,11,12:07:00,
15248,9043,43,6,39,14,12:05:00,
15249,9044,57,7,8,10,14:11:00,
15250,9044,69,4,37,5,13:32:00,
15251,9044,62,2,17,10,14:15:00,
15252,9045,5,2,44,2,09:17:00,
15253,9045,13,1,42,3,09:16:00,
15254,9046,73,4,23,10,10:40:00,
15255,9047,44,1,18,14,13:40:00,
15256,9048,68,4,40,2,11:49:00,
15257,9049,42,2,37,11,14:28:00,
15258,9050,10,6,18,2,16:43:00,
15259,9050,44,8,30,2,16:55:00,
15260,9050,45,7,31,14,16:39:00,
15261,9051,43,8,18,10,15:26:00,
15262,9052,42,4,31,6,14:54:00,
15263,9053,11,4,41,13,10:14:00,
15264,9054,48,2,26,12,11:42:00,
15265,9055,44,5,7,2,16:39:00,
15266,9055,11,2,25,2,16:25:00,
15267,9056,47,3,28,10,12:51:00,
15268,9056,12,2,23,13,14:11:00,
15269,9057,34,8,46,7,16:25:00,
15270,9058,62,8,22,4,15:04:00,
15271,9059,73,7,21,4,16:51:00,
15272,9060,8,1,29,2,16:58:00,
15273,9060,45,8,37,4,17:05:00,
15274,9061,71,8,11,10,17:35:00,
15275,9061,53,5,28,10,16:39:00,
15276,9062,19,2,51,7,11:33:00,
15277,9062,62,6,40,6,11:51:00,
15278,9063,68,2,31,2,12:06:00,
15279,9063,10,7,34,12,11:50:00,
15280,9063,61,7,27,4,12:16:00,
15281,9064,43,8,38,14,10:49:00,
15282,9064,67,2,19,6,10:34:00,
15283,9065,48,1,28,12,12:21:00,
15284,9065,10,8,23,5,12:13:00,
15285,9066,68,5,21,2,12:25:00,
15286,9066,50,2,25,5,12:32:00,
15287,9067,5,5,48,6,16:59:00,
15288,9067,43,3,12,3,16:21:00,
15289,9067,65,7,37,5,16:54:00,
15290,9068,42,4,38,14,17:00:00,
15291,9069,13,5,42,10,10:17:00,
15292,9070,44,7,23,14,13:39:00,
15293,9070,39,3,24,4,14:18:00,
15294,9070,53,8,32,12,14:17:00,
15295,9071,43,1,41,11,11:37:00,
15296,9071,12,1,30,6,11:31:00,
15297,9072,44,5,25,6,12:42:00,
15298,9073,8,1,39,12,09:28:00,
15299,9073,73,7,41,1,09:48:00,
15300,9073,45,6,30,3,09:30:00,
15301,9074,1,2,30,13,09:32:00,
15302,9075,12,7,8,7,11:52:00,
15303,9075,5,8,38,1,11:22:00,
15304,9075,13,6,26,14,11:27:00,
15305,9076,67,5,18,6,14:05:00,
15306,9076,47,7,32,4,13:45:00,
15307,9077,44,4,19,3,13:47:00,
15308,9077,5,5,31,12,13:50:00,
15309,9078,34,5,34,13,15:55:00,
15310,9079,42,3,33,12,10:12:00,
15311,9079,56,2,26,2,10:28:00,
15312,9080,71,6,21,11,13:58:00,
15313,9080,12,2,25,14,13:54:00,
15314,9080,29,1,31,6,15:29:00,
15315,9081,50,5,38,14,10:38:00,
15316,9081,42,5,45,14,11:10:00,
15317,9082,57,5,27,4,14:05:00,
15318,9082,68,3,34,10,13:26:00,
15319,9083,42,3,49,2,11:18:00,
15320,9084,62,7,34,7,14:50:00,
15321,9085,59,6,20,14,12:05:00,
15322,9085,50,4,26,5,12:04:00,
15323,9086,61,1,36,11,17:27:00,
15324,9086,50,3,21,10,18:15:00,
15325,9087,45,5,31,3,11:28:00,
15326,9088,47,8,16,1,11:37:00,
15327,9089,59,5,19,14,14:59:00,
15328,9089,53,2,11,7,13:36:00,
15329,9089,42,5,28,4,13:53:00,
15330,9090,57,3,29,6,13:39:00,
15331,9091,73,6,37,13,11:41:00,
15332,9092,10,2,21,14,14:52:00,
15333,9092,61,3,30,7,14:14:00,
15334,9093,42,7,34,14,13:40:00,
15335,9093,39,6,39,10,13:41:00,
15336,9094,69,6,27,7,15:33:00,
15337,9095,39,6,7,1,13:04:00,
15338,9096,12,1,27,14,14:39:00,
15339,9096,56,5,35,13,14:23:00,
15340,9097,5,8,41,4,15:08:00,
15341,9097,11,3,35,3,15:41:00,
15342,9097,65,5,28,3,15:26:00,
15343,9098,43,8,18,14,18:25:00,
15344,9099,71,5,25,14,15:16:00,
15345,9100,43,3,30,7,10:12:00,
15346,9101,59,8,16,12,10:59:00,
15347,9101,12,5,18,11,10:58:00,
15348,9102,1,2,16,7,16:54:00,
15349,9102,73,8,31,13,17:12:00,
15350,9102,43,1,33,14,16:12:00,
15351,9103,47,2,28,13,13:32:00,
15352,9104,50,6,33,11,15:49:00,
15353,9104,59,7,29,10,15:16:00,
15354,9105,12,4,6,2,14:53:00,
15355,9105,42,3,39,4,15:39:00,
15356,9105,10,4,35,1,14:39:00,
15357,9106,23,8,26,2,11:48:00,
15358,9107,11,2,31,12,11:30:00,
15359,9108,39,2,21,11,16:50:00,
15360,9108,59,1,21,14,15:23:00,
15361,9109,23,6,44,12,15:33:00,
15362,9110,71,1,27,1,14:05:00,
15363,9110,13,7,30,3,13:46:00,
15364,9111,44,4,11,7,10:58:00,
15365,9112,10,3,10,4,12:05:00,
15366,9112,57,5,21,1,11:56:00,
15367,9113,62,3,18,10,16:13:00,
15368,9114,20,7,37,1,12:55:00,
15369,9114,68,3,30,12,12:13:00,
15370,9114,73,1,18,2,12:30:00,
15371,9115,69,6,45,7,11:27:00,
15372,9115,1,1,24,1,12:00:00,
15373,9116,34,5,31,14,12:12:00,
15374,9117,45,8,38,6,17:33:00,
15375,9118,56,6,40,5,17:39:00,
15376,9119,42,4,21,13,12:44:00,
15377,9120,56,1,33,13,14:52:00,
15378,9120,65,2,30,5,14:57:00,
15379,9121,44,5,18,11,16:32:00,
15380,9121,53,6,27,1,15:32:00,
15381,9121,34,3,24,4,15:24:00,
15382,9122,12,2,24,4,10:19:00,
15383,9122,13,1,27,6,10:18:00,
15384,9123,53,5,33,7,11:04:00,
15385,9123,48,2,14,1,10:56:00,
15386,9124,59,8,28,4,09:20:00,
15387,9125,7,7,41,2,12:37:00,
15388,9126,20,7,32,4,16:11:00,
15389,9126,11,1,16,5,16:04:00,
15390,9127,12,5,16,5,14:10:00,
15391,9127,10,6,16,14,13:56:00,
15392,9128,65,7,28,1,12:45:00,
15393,9129,13,2,37,5,09:33:00,
15394,9130,20,1,25,7,12:19:00,
15395,9130,48,8,17,1,11:26:00,
15396,9131,44,3,20,10,12:38:00,
15397,9131,48,4,35,5,13:05:00,
15398,9132,68,5,27,6,10:42:00,
15399,9132,53,6,42,4,09:59:00,
15400,9132,29,4,30,11,11:16:00,
15401,9133,7,5,34,14,16:37:00,
15402,9134,11,1,29,3,16:23:00,
15403,9135,34,8,32,7,12:51:00,
15404,9135,1,7,17,2,12:41:00,
15405,9136,19,5,13,2,11:30:00,
15406,9137,61,8,34,6,14:29:00,
15407,9138,48,7,16,3,11:28:00,
15408,9139,47,5,31,1,15:20:00,
15409,9140,67,5,26,1,11:11:00,
15410,9140,43,7,29,6,11:07:00,
15411,9141,34,3,47,2,16:02:00,
15412,9142,56,4,33,11,14:58:00,
15413,9142,10,2,32,3,14:31:00,
15414,9143,23,1,28,2,14:56:00,
15415,9143,29,7,20,4,14:44:00,
15416,9143,7,8,38,1,15:05:00,
15417,9144,8,8,14,13,13:21:00,
15418,9144,20,5,18,2,13:07:00,
15419,9144,10,1,5,10,13:26:00,
15420,9145,23,8,26,10,16:05:00,
15421,9146,61,1,43,10,17:38:00,
15422,9147,67,2,16,11,14:29:00,
15423,9147,11,3,16,2,14:08:00,
15424,9147,13,4,39,12,13:58:00,
15425,9148,43,2,17,2,14:32:00,
15426,9149,12,5,28,1,10:52:00,
15427,9150,50,6,30,13,12:36:00,
15428,9151,44,7,19,13,11:01:00,
15429,9152,73,2,11,4,13:29:00,
15430,9152,8,6,21,2,12:51:00,
15431,9152,43,8,36,6,13:39:00,
15432,9153,62,1,35,10,09:27:00,
15433,9154,65,7,24,14,12:31:00,
15434,9155,20,4,45,11,16:00:00,
15435,9156,67,4,22,14,10:49:00,
15436,9157,65,8,33,2,11:42:00,
15437,9157,59,6,25,10,11:52:00,
15438,9158,10,7,28,1,14:44:00,
15439,9159,23,6,39,13,12:44:00,
15440,9159,48,7,29,14,12:43:00,
15441,9160,69,4,43,3,13:11:00,
15442,9161,8,8,33,3,10:57:00,
15443,9161,65,7,36,2,11:25:00,
15444,9161,61,1,27,1,11:21:00,
15445,9162,57,7,38,3,11:55:00,
15446,9163,10,2,14,2,15:28:00,
15447,9163,53,3,33,6,15:23:00,
15448,9164,59,2,28,3,16:41:00,
15449,9164,20,7,30,10,17:05:00,
15450,9164,8,3,31,7,16:58:00,
15451,9165,59,3,43,7,16:40:00,
15452,9166,13,7,16,2,14:31:00,
15453,9167,11,5,19,2,11:34:00,
15454,9168,65,7,29,1,13:42:00,
15455,9168,8,7,25,5,14:16:00,
15456,9169,13,1,34,11,14:45:00,
15457,9169,47,5,21,1,13:55:00,
15458,9170,12,4,17,1,16:06:00,
15459,9170,53,8,28,4,17:11:00,
15460,9170,48,8,19,3,16:29:00,
15461,9171,39,2,23,12,12:23:00,
15462,9172,48,4,27,10,10:48:00,
15463,9172,59,6,35,14,11:00:00,
15464,9172,5,1,27,13,10:49:00,
15465,9173,56,4,34,14,10:22:00,
15466,9173,42,8,32,5,10:27:00,
15467,9174,67,2,35,1,11:50:00,
15468,9175,44,8,21,6,13:32:00,
15469,9175,57,1,19,10,12:46:00,
15470,9176,53,4,25,11,15:45:00,
15471,9177,56,7,20,5,11:08:00,
15472,9177,44,4,22,4,10:48:00,
15473,9177,47,5,19,3,10:07:00,
15474,9178,45,4,34,4,10:28:00,
15475,9178,53,2,21,2,10:02:00,
15476,9179,59,1,33,3,13:54:00,
15477,9179,8,4,17,2,14:16:00,
15478,9180,29,1,33,4,14:25:00,
15479,9181,13,4,17,3,14:46:00,
15480,9182,1,8,34,4,11:41:00,
15481,9183,44,4,8,14,16:20:00,
15482,9184,10,2,33,11,16:56:00,
15483,9185,39,1,35,1,10:37:00,
15484,9185,19,3,24,2,11:44:00,
15485,9186,71,1,29,5,12:01:00,
15486,9186,48,5,23,2,11:36:00,
15487,9187,56,1,36,11,14:30:00,
15488,9188,8,2,36,3,17:33:00,
15489,9188,10,3,32,5,16:51:00,
15490,9188,5,4,39,5,16:16:00,
15491,9189,56,3,28,11,12:12:00,
15492,9189,68,6,25,2,12:20:00,
15493,9190,20,6,31,10,12:51:00,
15494,9190,1,4,17,5,12:26:00,
15495,9190,19,4,23,4,12:27:00,
15496,9191,12,8,34,1,13:41:00,
15497,9192,56,8,29,3,12:50:00,
15498,9192,57,4,22,14,12:05:00,
15499,9193,11,2,15,12,12:44:00,
15500,9193,12,2,17,10,12:19:00,
15501,9194,69,6,12,13,11:20:00,
15502,9194,42,5,30,13,11:45:00,
15503,9195,44,4,15,4,12:07:00,
15504,9195,42,6,38,14,12:10:00,
15505,9196,10,5,36,11,15:35:00,
15506,9196,47,3,14,7,16:23:00,
15507,9197,20,3,34,5,09:53:00,
15508,9198,12,4,33,11,15:49:00,
15509,9198,73,8,27,5,15:40:00,
15510,9198,1,7,52,14,15:44:00,
15511,9199,56,4,21,14,15:47:00,
15512,9200,11,4,29,6,14:59:00,
15513,9200,39,4,11,6,14:27:00,
15514,9201,39,1,31,6,12:04:00,
15515,9202,42,4,35,1,10:53:00,
15516,9202,5,3,42,14,10:11:00,
15517,9202,10,7,32,13,10:12:00,
15518,9203,43,4,29,1,16:51:00,
15519,9204,56,4,34,11,15:03:00,
15520,9205,53,7,25,12,17:49:00,
15521,9205,5,6,36,5,17:40:00,
15522,9206,13,5,47,2,14:39:00,
15523,9206,23,2,27,6,14:40:00,
15524,9206,29,3,23,6,14:37:00,
15525,9207,53,4,28,12,16:29:00,
15526,9208,10,1,36,2,10:08:00,
15527,9209,47,4,34,5,15:37:00,
15528,9210,73,2,26,11,11:26:00,
15529,9211,8,3,35,1,16:41:00,
15530,9211,48,7,26,13,15:51:00,
15531,9212,20,1,30,3,16:34:00,
15532,9213,1,1,51,1,14:55:00,
15533,9213,20,4,20,7,14:53:00,
15534,9213,8,6,33,13,15:29:00,
15535,9214,29,8,37,7,11:33:00,
15536,9215,73,7,23,4,11:37:00,
15537,9216,50,6,28,12,14:15:00,
15538,9217,12,8,26,6,14:58:00,
15539,9217,45,8,23,4,15:04:00,
15540,9218,67,1,24,1,14:53:00,
15541,9219,20,7,35,13,14:16:00,
15542,9219,56,4,38,4,14:03:00,
15543,9220,62,2,19,3,13:17:00,
15544,9221,73,4,22,6,13:07:00,
15545,9222,65,6,38,12,14:14:00,
15546,9222,57,7,11,6,14:23:00,
15547,9223,57,4,8,2,11:21:00,
15548,9223,44,3,21,2,12:28:00,
15549,9223,13,8,35,12,12:35:00,
15550,9224,19,1,40,12,11:01:00,
15551,9224,73,5,22,3,09:50:00,
15552,9225,61,7,18,13,11:01:00,
15553,9226,13,6,28,14,09:13:00,
15554,9226,23,3,38,6,09:07:00,
15555,9227,65,3,41,6,18:33:00,
15556,9228,12,8,18,10,16:53:00,
15557,9229,10,8,21,1,11:37:00,
15558,9230,10,1,26,11,13:32:00,
15559,9230,23,8,41,10,12:58:00,
15560,9231,47,8,22,4,15:12:00,
15561,9232,69,6,32,6,11:27:00,
15562,9232,12,8,22,5,11:45:00,
15563,9233,56,5,21,4,10:34:00,
15564,9234,65,4,33,3,09:59:00,
15565,9234,44,1,19,1,10:22:00,
15566,9234,57,3,25,5,10:20:00,
15567,9235,19,2,27,1,12:11:00,
15568,9236,73,7,8,12,14:17:00,
15569,9236,10,2,22,5,14:10:00,
15570,9237,29,6,41,14,15:37:00,
15571,9238,10,6,32,2,11:48:00,
15572,9238,56,2,28,14,12:43:00,
15573,9239,5,4,45,10,15:03:00,
15574,9239,68,1,25,7,15:05:00,
15575,9240,13,5,30,7,15:44:00,
15576,9241,34,1,50,13,15:25:00,
15577,9241,45,8,36,11,15:01:00,
15578,9241,69,3,31,14,15:20:00,
15579,9242,69,4,46,7,14:44:00,
15580,9243,68,2,34,1,10:43:00,
15581,9243,10,6,23,4,10:35:00,
15582,9244,59,4,25,12,11:43:00,
15583,9244,11,7,13,10,11:53:00,
15584,9245,53,3,29,6,13:34:00,
15585,9245,19,7,25,7,14:03:00,
15586,9246,13,1,38,14,12:56:00,
15587,9246,34,1,44,13,12:15:00,
15588,9247,68,8,26,5,12:24:00,
15589,9247,13,1,30,4,11:49:00,
15590,9248,62,1,20,11,15:37:00,
15591,9248,34,6,30,4,16:50:00,
15592,9249,12,1,17,14,11:38:00,
15593,9249,11,1,32,14,11:16:00,
15594,9249,19,6,31,12,11:16:00,
15595,9250,10,5,14,3,13:52:00,
15596,9250,20,4,33,5,12:45:00,
15597,9251,48,1,20,10,10:27:00,
15598,9251,1,1,23,4,10:10:00,
15599,9252,71,7,17,5,13:24:00,
15600,9252,67,8,30,5,13:00:00,
15601,9253,56,3,41,10,14:51:00,
15602,9253,10,4,26,2,14:27:00,
15603,9253,53,1,25,6,14:50:00,
15604,9254,59,8,20,1,11:16:00,
15605,9255,67,6,15,2,13:31:00,
15606,9256,11,8,31,6,12:00:00,
15607,9256,68,6,35,2,12:28:00,
15608,9257,62,7,29,2,12:49:00,
15609,9258,47,8,25,5,14:31:00,
15610,9259,59,1,26,6,15:15:00,
15611,9260,68,3,34,12,10:41:00,
15612,9260,53,3,25,7,11:10:00,
15613,9261,62,4,33,7,10:02:00,
15614,9261,53,6,22,3,10:09:00,
15615,9261,13,4,39,2,09:35:00,
15616,9262,44,7,10,3,09:36:00,
15617,9262,45,2,42,11,10:07:00,
15618,9262,53,4,30,2,10:20:00,
15619,9263,73,2,19,12,17:09:00,
15620,9264,56,8,26,7,10:03:00,
15621,9264,42,5,40,13,10:38:00,
15622,9265,10,1,21,14,10:34:00,
15623,9266,59,6,34,12,16:49:00,
15624,9266,19,2,34,11,16:57:00,
15625,9267,34,7,28,5,15:07:00,
15626,9267,73,8,6,14,14:46:00,
15627,9267,43,4,48,1,14:50:00,
15628,9268,8,6,28,12,17:57:00,
15629,9268,62,7,29,14,17:31:00,
15630,9268,65,1,32,6,17:31:00,
15631,9269,13,4,25,12,10:19:00,
15632,9269,8,6,37,4,10:05:00,
15633,9269,61,2,22,3,10:46:00,
15634,9270,23,6,39,7,16:49:00,
15635,9271,56,8,43,13,13:04:00,
15636,9271,44,7,17,4,13:21:00,
15637,9272,50,5,20,1,12:55:00,
15638,9273,69,2,17,3,16:25:00,
15639,9273,5,7,29,13,17:06:00,
15640,9273,44,8,11,2,17:06:00,
15641,9274,29,7,41,4,16:41:00,
15642,9275,61,7,31,7,15:55:00,
15643,9276,44,3,23,6,15:58:00,
15644,9276,13,3,27,2,16:05:00,
15645,9277,20,3,40,4,15:13:00,
15646,9278,20,5,41,2,11:59:00,
15647,9278,10,5,19,3,11:51:00,
15648,9278,19,4,33,13,11:53:00,
15649,9279,65,6,16,2,13:25:00,
15650,9279,10,5,23,5,14:12:00,
15651,9280,20,1,25,6,15:03:00,
15652,9280,62,5,31,7,14:57:00,
15653,9281,50,1,33,13,11:28:00,
15654,9281,39,3,31,1,11:24:00,
15655,9282,61,6,18,6,11:17:00,
15656,9282,62,2,26,13,10:19:00,
15657,9283,23,2,36,2,10:04:00,
15658,9283,67,4,32,12,09:42:00,
15659,9284,8,3,20,3,09:09:00,
15660,9284,39,1,30,14,09:18:00,
15661,9285,12,1,18,7,11:32:00,
15662,9286,19,2,24,13,14:03:00,
15663,9286,46,5,12,12,13:54:00,
15664,9287,62,6,25,4,14:06:00,
15665,9288,11,7,28,1,11:20:00,
15666,9289,56,8,37,7,13:31:00,
15667,9289,59,6,26,14,13:39:00,
15668,9290,47,8,34,3,14:19:00,
15669,9291,56,6,32,5,17:10:00,
15670,9291,68,6,40,11,16:22:00,
15671,9292,47,7,15,3,11:34:00,
15672,9292,69,2,40,4,12:03:00,
15673,9293,39,4,35,2,17:28:00,
15674,9294,42,8,42,5,11:51:00,
15675,9294,13,1,30,1,12:28:00,
15676,9295,47,6,16,5,12:48:00,
15677,9295,68,4,34,14,12:59:00,
15678,9295,23,7,30,2,12:43:00,
15679,9296,29,7,23,12,12:27:00,
15680,9297,61,4,33,7,16:21:00,
15681,9297,43,2,44,7,17:15:00,
15682,9298,29,4,17,11,16:10:00,
15683,9299,42,5,33,14,16:07:00,
15684,9299,23,1,38,6,15:52:00,
15685,9300,61,4,30,7,15:40:00,
15686,9301,13,5,30,13,15:51:00,
15687,9301,20,6,44,4,16:08:00,
15688,9302,29,1,20,6,15:09:00,
15689,9302,56,7,39,10,15:12:00,
15690,9302,13,3,49,11,15:07:00,
15691,9303,71,6,19,6,13:51:00,
15692,9304,71,6,12,10,15:52:00,
15693,9304,56,1,28,3,15:49:00,
15694,9305,61,8,25,2,17:20:00,
15695,9306,59,8,29,7,16:55:00,
15696,9307,53,8,18,3,14:30:00,
15697,9307,57,2,22,6,14:34:00,
15698,9307,19,1,40,13,15:03:00,
15699,9308,11,3,23,6,16:12:00,
15700,9308,43,6,38,1,16:10:00,
15701,9309,47,1,22,11,14:12:00,
15702,9310,10,8,17,4,12:54:00,
15703,9310,34,8,34,14,13:24:00,
15704,9311,46,6,36,10,15:42:00,
15705,9312,57,6,26,11,15:50:00,
15706,9313,39,6,23,2,10:50:00,
15707,9314,11,8,31,13,16:00:00,
15708,9315,11,1,16,5,10:06:00,
15709,9315,67,6,22,5,10:13:00,
15710,9316,12,7,20,7,12:40:00,
15711,9317,59,7,30,3,16:35:00,
15712,9318,67,5,25,6,11:00:00,
15713,9318,1,5,43,11,10:57:00,
15714,9319,50,4,27,2,17:10:00,
15715,9320,19,1,26,4,14:05:00,
15716,9321,53,6,25,11,11:03:00,
15717,9321,20,7,21,13,11:19:00,
15718,9322,8,6,48,1,13:17:00,
15719,9322,68,7,27,5,13:11:00,
15720,9323,29,1,23,5,14:52:00,
15721,9324,19,1,38,6,15:27:00,
15722,9324,29,8,29,7,15:17:00,
15723,9325,48,4,15,14,13:42:00,
15724,9325,50,7,32,5,12:33:00,
15725,9326,73,2,15,7,10:52:00,
15726,9327,57,2,25,10,11:17:00,
15727,9328,20,3,33,5,17:53:00,
15728,9328,47,4,17,7,17:06:00,
15729,9328,61,8,29,7,16:39:00,
15730,9329,23,4,40,13,16:23:00,
15731,9330,50,2,15,3,16:58:00,
15732,9331,50,1,35,3,10:23:00,
15733,9332,73,6,17,7,12:55:00,
15734,9332,47,3,39,12,13:24:00,
15735,9333,1,8,22,7,10:45:00,
15736,9333,12,5,21,7,10:02:00,
15737,9334,62,3,31,3,16:32:00,
15738,9334,23,8,55,6,16:22:00,
15739,9335,57,8,20,4,10:05:00,
15740,9336,44,4,14,2,09:35:00,
15741,9337,67,2,29,4,13:57:00,
15742,9338,12,5,24,10,11:03:00,
15743,9338,69,7,30,11,10:30:00,
15744,9339,45,7,32,11,10:20:00,
15745,9339,11,7,29,4,10:23:00,
15746,9340,53,2,29,6,16:57:00,
15747,9341,56,4,36,11,16:58:00,
15748,9341,20,6,23,5,16:40:00,
15749,9342,10,4,38,3,12:16:00,
15750,9342,61,6,29,6,12:10:00,
15751,9343,65,8,41,7,13:09:00,
15752,9343,43,2,46,7,12:50:00,
15753,9344,8,6,7,4,13:16:00,
15754,9344,45,6,11,2,13:07:00,
15755,9345,34,3,34,14,12:46:00,
15756,9346,73,5,28,12,12:04:00,
15757,9346,10,4,17,11,10:38:00,
15758,9347,29,2,39,10,14:14:00,
15759,9347,62,4,30,3,15:20:00,
15760,9348,68,4,28,7,10:42:00,
15761,9348,56,4,26,13,11:08:00,
15762,9349,43,7,30,10,14:48:00,
15763,9349,71,1,17,7,14:49:00,
15764,9349,39,6,32,5,14:37:00,
15765,9350,67,2,26,10,16:19:00,
15766,9351,7,7,17,5,12:26:00,
15767,9352,69,8,38,11,16:43:00,
15768,9353,39,8,30,10,16:44:00,
15769,9353,67,1,32,12,16:20:00,
15770,9354,65,5,34,11,17:21:00,
15771,9355,44,8,19,13,10:04:00,
15772,9355,61,2,30,10,10:55:00,
15773,9356,68,2,26,7,13:37:00,
15774,9357,12,5,40,4,09:36:00,
15775,9358,13,3,28,12,12:05:00,
15776,9358,67,1,23,13,11:33:00,
15777,9358,44,3,8,3,10:54:00,
15778,9359,59,3,20,7,13:36:00,
15779,9360,43,8,42,13,09:41:00,
15780,9361,11,1,22,7,13:41:00,
15781,9362,61,1,50,3,15:47:00,
15782,9362,67,6,21,12,16:15:00,
15783,9362,47,6,27,14,15:50:00,
15784,9363,46,7,33,12,17:02:00,
15785,9364,8,2,27,4,12:23:00,
15786,9365,65,5,46,12,15:20:00,
15787,9365,62,5,13,11,15:42:00,
15788,9366,66,7,18,4,11:17:00,
15789,9367,53,6,13,11,11:58:00,
15790,9368,66,1,25,7,11:19:00,
15791,9369,39,7,23,13,12:10:00,
15792,9370,62,2,42,3,16:20:00,
15793,9370,45,7,49,7,16:27:00,
15794,9371,34,8,28,10,17:25:00,
15795,9371,20,7,30,1,17:42:00,
15796,9371,45,3,43,2,17:46:00,
15797,9372,19,8,31,1,12:08:00,
15798,9373,43,2,29,6,16:09:00,
15799,9373,66,4,23,13,16:01:00,
15800,9374,11,8,42,12,14:26:00,
15801,9375,13,6,37,10,17:33:00,
15802,9375,19,1,17,5,17:22:00,
15803,9376,8,6,48,14,13:32:00,
15804,9376,7,7,43,1,13:23:00,
15805,9377,11,8,21,12,11:15:00,
15806,9378,23,5,41,10,13:46:00,
15807,9378,1,8,35,10,14:33:00,
15808,9379,61,8,26,6,12:40:00,
15809,9379,56,4,27,10,12:43:00,
15810,9379,65,3,34,4,12:13:00,
15811,9380,73,6,20,5,11:06:00,
15812,9380,29,1,37,13,11:07:00,
15813,9381,19,3,28,4,10:58:00,
15814,9382,59,8,15,3,10:05:00,
15815,9382,20,6,29,12,11:22:00,
15816,9383,73,7,17,6,16:23:00,
15817,9383,65,5,41,10,16:37:00,
15818,9383,47,2,16,13,17:07:00,
15819,9384,44,2,14,10,14:54:00,
15820,9385,67,6,31,13,14:25:00,
15821,9385,34,4,33,3,15:16:00,
15822,9386,68,7,22,13,10:11:00,
15823,9387,50,7,23,3,13:59:00,
15824,9388,11,2,39,3,13:05:00,
15825,9388,67,5,30,4,12:23:00,
15826,9389,1,1,35,1,14:38:00,
15827,9389,46,1,34,7,14:40:00,
15828,9390,61,4,29,12,10:46:00,
15829,9391,1,4,29,14,11:41:00,
15830,9392,69,6,45,5,10:38:00,
15831,9392,62,1,21,12,10:23:00,
15832,9393,57,4,19,14,14:45:00,
15833,9393,69,8,49,7,15:22:00,
15834,9394,39,2,18,14,16:44:00,
15835,9395,62,2,35,7,14:26:00,
15836,9395,39,4,37,1,14:02:00,
15837,9396,50,2,38,4,10:38:00,
15838,9396,43,5,23,6,10:45:00,
15839,9397,23,8,35,10,11:44:00,
15840,9397,29,4,27,3,11:38:00,
15841,9398,23,6,19,6,15:53:00,
15842,9399,13,7,33,7,14:37:00,
15843,9400,62,8,24,6,11:38:00,
15844,9401,67,7,26,3,13:40:00,
15845,9401,68,7,25,14,13:48:00,
15846,9401,66,5,27,10,13:36:00,
15847,9402,61,2,26,12,11:46:00,
15848,9403,8,4,31,11,15:54:00,
15849,9404,67,3,20,14,16:21:00,
15850,9405,45,7,33,7,15:51:00,
15851,9406,51,7,24,1,10:37:00,
15852,9406,1,3,29,12,11:23:00,
15853,9407,29,8,26,13,14:55:00,
15854,9407,10,6,29,2,15:14:00,
15855,9407,44,6,19,4,15:12:00,
15856,9408,20,5,37,3,11:17:00,
15857,9408,61,3,38,13,11:00:00,
15858,9409,65,7,38,5,12:06:00,
15859,9409,43,1,47,11,12:04:00,
15860,9410,23,6,40,2,13:52:00,
15861,9410,34,1,38,7,14:41:00,
15862,9411,1,1,29,11,14:41:00,
15863,9411,67,5,17,3,14:36:00,
15864,9412,73,6,5,14,13:45:00,
15865,9413,67,1,46,14,13:29:00,
15866,9414,8,4,39,1,16:32:00,
15867,9415,61,2,39,3,11:28:00,
15868,9416,59,6,36,1,09:39:00,
15869,9416,1,6,16,1,09:46:00,
15870,9417,45,3,48,12,12:32:00,
15871,9418,34,5,33,1,14:56:00,
15872,9418,53,2,12,6,13:29:00,
15873,9419,29,8,18,11,12:50:00,
15874,9420,39,2,26,7,15:41:00,
15875,9420,71,8,16,13,16:20:00,
15876,9420,46,7,29,13,16:13:00,
15877,9421,48,6,16,2,15:40:00,
15878,9421,5,7,37,14,15:45:00,
15879,9422,56,4,21,4,17:42:00,
15880,9423,56,3,22,2,17:26:00,
15881,9423,53,2,7,14,18:20:00,
15882,9424,45,3,26,13,13:49:00,
15883,9425,43,3,24,14,11:12:00,
15884,9426,29,1,15,3,09:55:00,
15885,9427,45,5,42,11,11:47:00,
15886,9428,1,8,32,6,09:57:00,
15887,9429,44,6,20,13,09:50:00,
15888,9429,12,3,40,2,10:36:00,
15889,9430,71,6,17,12,11:38:00,
15890,9430,50,6,32,10,11:32:00,
15891,9431,1,8,31,6,13:52:00,
15892,9431,69,7,29,1,13:22:00,
15893,9431,50,1,36,6,13:17:00,
15894,9432,69,1,28,7,13:59:00,
15895,9433,66,3,20,2,14:50:00,
15896,9433,50,4,35,12,15:18:00,
15897,9433,1,2,32,14,15:02:00,
15898,9434,23,3,31,6,10:24:00,
15899,9434,59,8,22,14,10:14:00,
15900,9434,34,6,40,14,10:00:00,
15901,9435,56,4,48,1,15:01:00,
15902,9435,42,7,33,2,15:27:00,
15903,9436,5,7,52,3,15:02:00,
15904,9437,20,5,40,6,16:43:00,
15905,9437,61,3,20,2,16:32:00,
15906,9438,46,7,27,11,12:45:00,
15907,9439,65,1,43,14,10:49:00,
15908,9439,69,5,42,6,10:37:00,
15909,9440,65,8,35,7,12:24:00,
15910,9440,48,3,20,5,12:31:00,
15911,9441,12,3,30,10,11:15:00,
15912,9442,59,7,23,10,15:18:00,
15913,9442,1,1,29,12,14:39:00,
15914,9443,53,6,12,6,11:46:00,
15915,9443,65,7,33,14,11:45:00,
15916,9444,12,1,23,11,14:12:00,
15917,9444,43,1,41,1,13:35:00,
15918,9445,56,1,23,14,17:15:00,
15919,9445,71,8,16,5,17:03:00,
15920,9446,51,7,11,10,13:46:00,
15921,9446,13,1,35,12,13:55:00,
15922,9447,39,5,25,6,12:47:00,
15923,9448,65,6,31,3,13:08:00,
15924,9448,43,4,40,6,13:32:00,
15925,9449,12,3,25,13,16:24:00,
15926,9449,51,6,33,1,16:13:00,
15927,9450,20,5,30,7,12:04:00,
15928,9450,51,8,27,13,11:44:00,
15929,9451,46,1,29,11,13:39:00,
15930,9451,69,7,31,1,14:04:00,
15931,9452,71,8,27,11,15:57:00,
15932,9452,66,3,12,11,15:48:00,
15933,9453,43,4,39,7,13:15:00,
15934,9453,23,8,32,11,13:23:00,
15935,9454,57,6,13,13,11:03:00,
15936,9454,47,3,25,11,11:23:00,
15937,9455,47,1,30,5,10:50:00,
15938,9456,57,2,30,5,12:06:00,
15939,9457,50,1,24,13,10:42:00,
15940,9457,59,1,29,14,10:11:00,
15941,9458,43,4,30,5,10:24:00,
15942,9458,19,5,31,12,10:31:00,
15943,9459,46,1,7,2,12:04:00,
15944,9460,20,1,43,10,10:02:00,
15945,9460,65,3,47,2,09:21:00,
15946,9460,1,8,29,14,09:33:00,
15947,9461,47,2,9,7,13:25:00,
15948,9461,53,7,32,1,13:35:00,
15949,9462,67,3,26,5,14:59:00,
15950,9462,48,5,36,13,15:59:00,
15951,9463,46,3,17,2,13:17:00,
15952,9464,44,1,33,2,13:47:00,
15953,9464,48,7,17,5,14:12:00,
15954,9465,69,6,32,7,12:43:00,
15955,9465,53,1,32,12,12:08:00,
15956,9465,23,2,30,2,12:35:00,
15957,9466,43,6,31,2,18:10:00,
15958,9466,51,1,21,11,16:51:00,
15959,9467,8,4,32,12,11:02:00,
15960,9467,12,7,29,14,11:00:00,
15961,9468,68,5,38,7,09:55:00,
15962,9469,73,6,14,11,16:58:00,
15963,9470,10,2,22,7,12:26:00,
15964,9470,66,4,25,3,12:13:00,
15965,9471,53,1,34,10,13:53:00,
15966,9471,56,6,35,3,13:24:00,
15967,9472,10,3,23,6,10:53:00,
15968,9473,56,3,19,5,17:04:00,
15969,9474,20,5,35,7,17:21:00,
15970,9474,39,7,39,1,17:25:00,
15971,9474,12,6,37,6,16:59:00,
15972,9475,68,3,27,7,11:57:00,
15973,9476,53,5,22,13,17:02:00,
15974,9476,73,5,28,11,16:47:00,
15975,9477,7,4,42,14,10:19:00,
15976,9477,20,2,49,12,09:37:00,
15977,9477,73,4,18,14,10:47:00,
15978,9478,44,8,20,10,13:41:00,
15979,9479,57,8,5,5,15:49:00,
15980,9480,5,7,33,2,13:49:00,
15981,9480,67,3,18,5,11:57:00,
15982,9480,39,3,20,5,13:09:00,
15983,9481,8,6,11,11,13:02:00,
15984,9482,56,1,15,11,16:33:00,
15985,9483,10,6,9,6,11:03:00,
15986,9484,20,3,43,14,14:51:00,
15987,9484,66,4,12,2,14:54:00,
15988,9485,45,7,35,6,09:33:00,
15989,9486,62,2,17,5,16:49:00,
15990,9486,66,8,28,13,15:48:00,
15991,9487,61,6,16,13,09:24:00,
15992,9487,50,4,44,12,09:35:00,
15993,9488,51,3,19,4,10:33:00,
15994,9488,7,4,32,13,11:11:00,
15995,9489,57,3,17,7,17:22:00,
15996,9489,67,3,18,5,17:22:00,
15997,9490,8,8,33,2,16:16:00,
15998,9490,42,8,42,3,16:22:00,
15999,9491,48,6,27,14,11:19:00,
16000,9491,44,4,17,5,12:28:00,
16001,9491,20,5,34,3,11:38:00,
16002,9492,5,1,41,12,12:23:00,
16003,9492,23,1,25,12,12:34:00,
16004,9493,68,5,34,3,13:59:00,
16005,9493,44,6,26,3,14:05:00,
16006,9494,1,3,29,1,11:37:00,
16007,9494,39,8,20,3,12:02:00,
16008,9494,43,3,36,13,11:24:00,
16009,9495,19,4,35,2,17:45:00,
16010,9496,68,1,16,11,16:47:00,
16011,9497,44,1,24,2,11:35:00,
16012,9498,39,3,36,14,13:09:00,
16013,9499,12,6,32,14,13:17:00,
16014,9499,5,7,32,11,14:04:00,
16015,9500,10,6,25,6,14:38:00,
16016,9501,62,5,19,6,16:00:00,
16017,9501,68,8,31,3,15:14:00,
16018,9501,65,7,46,13,16:03:00,
16019,9502,65,5,22,3,13:30:00,
16020,9503,11,2,27,10,16:22:00,
16021,9503,73,6,31,3,15:37:00,
16022,9504,61,1,19,10,12:49:00,
16023,9505,39,3,23,1,16:46:00,
16024,9505,19,5,32,13,17:03:00,
16025,9506,29,1,41,10,14:24:00,
16026,9506,39,6,32,6,14:40:00,
16027,9507,56,6,52,13,10:15:00,
16028,9508,42,6,23,1,13:59:00,
16029,9509,45,8,46,3,16:13:00,
16030,9509,42,5,36,12,17:05:00,
16031,9509,71,7,16,7,17:07:00,
16032,9510,5,5,28,10,13:35:00,
16033,9511,44,4,8,12,16:56:00,
16034,9512,51,6,23,3,11:37:00,
16035,9513,5,3,39,11,16:04:00,
16036,9514,44,2,15,3,12:25:00,
16037,9515,44,1,18,6,14:56:00,
16038,9515,73,1,22,1,15:43:00,
16039,9516,68,5,31,7,10:20:00,
16040,9516,7,2,42,12,10:30:00,
16041,9517,1,5,34,14,10:38:00,
16042,9517,62,3,12,3,10:28:00,
16043,9517,47,4,23,5,10:14:00,
16044,9518,62,2,17,11,14:38:00,
16045,9518,43,5,41,1,14:45:00,
16046,9519,53,8,22,13,14:00:00,
16047,9519,61,6,23,1,13:39:00,
16048,9520,66,8,28,4,11:16:00,
16049,9520,50,8,28,10,11:12:00,
16050,9521,5,3,29,11,13:17:00,
16051,9521,51,7,20,4,14:04:00,
16052,9522,48,7,22,4,15:29:00,
16053,9523,62,8,27,4,09:30:00,
16054,9523,11,6,23,2,09:52:00,
16055,9524,1,3,32,6,11:31:00,
16056,9525,20,7,35,12,12:05:00,
16057,9525,19,2,46,12,11:53:00,
16058,9526,5,1,45,14,13:27:00,
16059,9527,67,8,32,12,11:44:00,
16060,9527,46,3,45,3,11:24:00,
16061,9528,42,3,28,11,11:55:00,
16062,9528,34,8,35,6,11:38:00,
16063,9529,46,5,27,7,16:57:00,
16064,9530,53,3,24,2,14:29:00,
16065,9531,10,6,32,7,17:21:00,
16066,9532,11,1,23,2,11:57:00,
16067,9532,53,4,17,12,10:27:00,
16068,9533,56,4,36,1,14:12:00,
16069,9534,48,8,15,4,12:03:00,
16070,9534,46,6,24,5,11:00:00,
16071,9535,67,7,16,12,12:38:00,
16072,9536,59,5,25,4,12:07:00,
16073,9536,61,7,21,6,11:47:00,
16074,9536,48,4,28,11,11:48:00,
16075,9537,56,8,42,1,14:11:00,
16076,9538,66,7,25,12,12:22:00,
16077,9538,10,8,33,2,12:57:00,
16078,9539,19,8,49,5,15:54:00,
16079,9539,45,5,26,12,15:47:00,
16080,9539,29,2,16,14,15:29:00,
16081,9540,47,3,27,3,12:24:00,
16082,9541,73,8,16,14,13:43:00,
16083,9541,50,4,25,2,13:23:00,
16084,9542,19,8,29,1,12:05:00,
16085,9542,69,1,33,4,10:52:00,
16086,9543,29,3,12,6,15:36:00,
16087,9544,56,5,37,6,16:24:00,
16088,9544,29,6,16,10,15:43:00,
16089,9545,66,3,29,2,10:47:00,
16090,9545,71,3,22,12,11:51:00,
16091,9546,65,3,42,12,10:50:00,
16092,9546,62,7,18,6,11:17:00,
16093,9546,19,6,24,7,11:26:00,
16094,9547,45,4,21,11,10:47:00,
16095,9547,5,3,34,3,12:03:00,
16096,9548,12,5,15,12,12:28:00,
16097,9549,20,8,38,12,09:47:00,
16098,9550,44,5,9,10,09:21:00,
16099,9550,29,2,19,6,09:09:00,
16100,9551,20,3,43,13,11:07:00,
16101,9551,73,5,9,4,11:02:00,
16102,9552,69,7,20,6,09:23:00,
16103,9553,1,1,39,3,12:00:00,
16104,9553,23,6,34,5,11:27:00,
16105,9554,61,1,40,13,10:44:00,
16106,9554,47,2,27,4,12:01:00,
16107,9554,1,7,34,11,10:57:00,
16108,9555,23,5,39,5,14:30:00,
16109,9555,53,4,24,13,14:07:00,
16110,9555,12,1,22,14,14:13:00,
16111,9556,19,4,33,11,14:43:00,
16112,9557,5,2,28,3,13:45:00,
16113,9558,68,1,41,10,12:36:00,
16114,9558,73,1,26,6,12:21:00,
16115,9558,59,5,21,3,12:59:00,
16116,9559,66,2,21,5,14:43:00,
16117,9560,20,4,40,5,16:56:00,
16118,9560,56,2,40,13,16:55:00,
16119,9560,23,7,38,3,17:46:00,
16120,9561,11,3,8,13,11:41:00,
16121,9561,71,6,13,4,11:49:00,
16122,9562,10,5,29,6,09:14:00,
16123,9562,46,2,5,7,09:13:00,
16124,9562,53,7,22,6,09:09:00,
16125,9563,8,5,28,5,12:19:00,
16126,9564,46,3,47,7,16:36:00,
16127,9564,53,3,29,7,16:24:00,
16128,9565,59,4,15,1,11:42:00,
16129,9565,12,5,35,3,12:02:00,
16130,9565,53,2,13,4,11:42:00,
16131,9566,51,7,28,6,13:02:00,
16132,9567,47,4,20,10,11:57:00,
16133,9568,56,1,33,3,15:47:00,
16134,9569,13,7,21,4,15:09:00,
16135,9570,5,1,22,13,16:20:00,
16136,9571,68,8,26,13,15:58:00,
16137,9571,48,8,39,13,16:18:00,
16138,9571,23,7,37,4,16:08:00,
16139,9572,61,5,52,3,14:18:00,
16140,9572,8,4,23,2,14:56:00,
16141,9573,1,5,33,4,10:01:00,
16142,9574,56,2,34,3,12:24:00,
16143,9574,71,1,36,11,12:13:00,
16144,9575,39,5,26,12,16:39:00,
16145,9575,44,4,24,7,16:33:00,
16146,9576,57,2,18,2,12:49:00,
16147,9576,8,3,16,10,12:40:00,
16148,9577,66,5,13,11,09:56:00,
16149,9578,57,6,24,5,09:25:00,
16150,9579,45,2,41,13,12:49:00,
16151,9579,61,3,37,2,11:25:00,
16152,9579,11,5,16,10,12:17:00,
16153,9580,46,7,38,10,12:03:00,
16154,9581,71,6,25,6,13:21:00,
16155,9581,19,8,30,4,13:35:00,
16156,9581,61,6,26,14,14:31:00,
16157,9582,71,1,13,2,15:04:00,
16158,9583,11,5,26,3,15:13:00,
16159,9584,5,5,26,1,11:41:00,
16160,9584,59,8,17,4,11:55:00,
16161,9584,67,7,21,13,12:26:00,
16162,9585,11,8,28,13,14:18:00,
16163,9585,51,1,18,7,14:09:00,
16164,9586,23,7,40,12,10:55:00,
16165,9587,34,1,41,14,10:44:00,
16166,9587,47,3,9,3,10:51:00,
16167,9587,43,7,27,13,11:02:00,
16168,9588,71,3,15,7,14:51:00,
16169,9588,66,6,12,14,15:47:00,
16170,9588,12,3,36,12,14:28:00,
16171,9589,62,1,28,2,11:58:00,
16172,9589,73,4,10,1,12:34:00,
16173,9590,71,4,6,12,13:47:00,
16174,9591,42,7,38,5,11:24:00,
16175,9591,53,5,29,7,11:21:00,
16176,9592,44,4,33,10,11:13:00,
16177,9592,65,4,36,5,10:38:00,
16178,9592,46,2,19,10,11:04:00,
16179,9593,44,7,18,11,10:58:00,
16180,9594,46,5,39,11,11:29:00,
16181,9595,61,1,18,6,16:21:00,
16182,9595,51,5,30,4,16:44:00,
16183,9596,43,3,30,11,14:53:00,
16184,9597,19,3,23,14,11:31:00,
16185,9597,73,5,30,13,12:02:00,
16186,9598,56,3,34,5,11:55:00,
16187,9599,23,6,33,2,14:34:00,
16188,9599,48,6,16,10,14:21:00,
16189,9600,62,7,20,1,12:24:00,
16190,9601,23,1,36,4,16:15:00,
16191,9601,47,3,22,11,15:51:00,
16192,9602,43,3,37,6,17:54:00,
16193,9602,10,1,22,12,17:42:00,
16194,9603,23,8,38,1,16:01:00,
16195,9603,53,6,18,10,16:15:00,
16196,9603,13,6,36,2,15:33:00,
16197,9604,56,4,21,12,10:10:00,
16198,9605,47,4,12,10,10:15:00,
16199,9606,50,2,34,6,14:20:00,
16200,9606,19,3,29,7,14:22:00,
16201,9607,68,1,35,4,15:16:00,
16202,9608,34,5,38,10,11:41:00,
16203,9609,29,4,34,11,15:51:00,
16204,9609,53,2,32,5,15:21:00,
16205,9610,73,8,10,12,09:51:00,
16206,9610,66,1,20,6,09:26:00,
16207,9610,8,5,38,6,10:01:00,
16208,9611,69,4,28,4,10:36:00,
16209,9611,43,3,34,13,10:43:00,
16210,9612,45,6,31,11,13:45:00,
16211,9613,62,6,20,12,11:43:00,
16212,9613,23,5,29,1,11:37:00,
16213,9614,56,6,25,12,15:41:00,
16214,9614,10,7,15,6,15:25:00,
16215,9615,12,7,36,12,18:12:00,
16216,9615,5,5,36,10,17:26:00,
16217,9616,23,8,29,13,16:42:00,
16218,9616,67,4,24,4,16:58:00,
16219,9617,13,8,37,10,18:11:00,
16220,9617,12,2,24,13,17:05:00,
16221,9617,48,3,24,13,17:42:00,
16222,9618,53,1,27,5,13:53:00,
16223,9618,1,1,31,11,14:18:00,
16224,9619,5,2,35,3,17:09:00,
16225,9620,66,8,15,12,14:16:00,
16226,9621,66,1,27,5,11:46:00,
16227,9622,44,2,9,6,15:45:00,
16228,9623,20,6,33,5,17:33:00,
16229,9624,61,3,39,1,10:44:00,
16230,9625,62,1,24,6,10:22:00,
16231,9626,68,8,35,7,15:50:00,
16232,9626,56,8,12,3,16:00:00,
16233,9627,34,4,13,7,16:42:00,
16234,9627,19,7,31,6,15:49:00,
16235,9628,5,4,31,5,10:50:00,
16236,9629,68,6,31,10,10:35:00,
16237,9630,59,7,21,6,10:32:00,
16238,9631,53,3,39,7,13:11:00,
16239,9632,5,7,30,1,11:57:00,
16240,9632,66,2,35,13,12:09:00,
16241,9633,43,3,38,14,10:52:00,
16242,9633,34,2,22,1,11:02:00,
16243,9633,50,2,18,14,10:27:00,
16244,9634,5,3,22,3,11:35:00,
16245,9634,59,8,27,6,11:28:00,
16246,9634,47,8,16,1,11:27:00,
16247,9635,47,1,36,5,16:24:00,
16248,9636,57,4,26,5,13:02:00,
16249,9636,51,6,22,2,12:09:00,
16250,9636,7,5,37,12,12:47:00,
16251,9637,29,3,34,6,17:36:00,
16252,9637,12,3,33,12,16:09:00,
16253,9638,8,2,39,6,09:16:00,
16254,9639,1,8,26,10,11:33:00,
16255,9640,59,1,37,6,12:57:00,
16256,9641,23,3,25,5,15:49:00,
16257,9641,56,7,30,10,14:35:00,
16258,9642,67,5,35,14,14:38:00,
16259,9643,23,6,41,12,16:59:00,
16260,9644,56,2,41,6,13:38:00,
16261,9645,68,5,46,13,14:21:00,
16262,9646,48,6,27,5,16:09:00,
16263,9647,8,3,35,5,11:51:00,
16264,9647,45,6,41,14,12:55:00,
16265,9648,61,5,14,14,14:24:00,
16266,9649,1,1,39,12,11:05:00,
16267,9650,44,8,13,4,13:22:00,
16268,9650,71,3,14,11,13:35:00,
16269,9651,5,5,43,1,17:04:00,
16270,9651,42,7,28,13,16:51:00,
16271,9652,34,8,36,10,11:37:00,
16272,9652,46,3,29,2,12:02:00,
16273,9653,56,5,34,10,13:20:00,
16274,9654,62,7,17,10,16:51:00,
16275,9654,1,8,39,3,16:30:00,
16276,9655,59,3,30,5,11:56:00,
16277,9655,53,2,32,12,12:09:00,
16278,9656,11,8,38,6,13:07:00,
16279,9656,59,3,13,12,12:22:00,
16280,9657,62,6,34,11,16:31:00,
16281,9658,5,1,39,10,13:13:00,
16282,9659,59,6,17,6,12:56:00,
16283,9659,5,1,18,2,12:59:00,
16284,9660,66,2,28,11,16:53:00,
16285,9661,57,1,25,13,10:21:00,
16286,9662,73,8,16,2,17:18:00,
16287,9662,34,3,51,2,16:25:00,
16288,9663,44,7,15,7,15:46:00,
16289,9663,46,4,24,14,16:04:00,
16290,9664,46,7,8,2,12:49:00,
16291,9664,11,2,25,1,12:22:00,
16292,9664,48,6,20,10,12:38:00,
16293,9665,10,3,24,1,10:04:00,
16294,9666,59,6,32,13,13:14:00,
16295,9666,5,2,32,2,14:15:00,
16296,9666,11,5,24,14,13:49:00,
16297,9667,12,1,26,1,13:46:00,
16298,9667,61,6,13,12,14:06:00,
16299,9667,43,8,24,14,14:05:00,
16300,9668,53,6,24,1,11:17:00,
16301,9669,59,6,22,5,15:39:00,
16302,9670,8,2,44,14,15:43:00,
16303,9670,42,1,35,11,15:38:00,
16304,9671,1,2,38,3,16:16:00,
16305,9671,57,5,29,6,16:05:00,
16306,9671,34,7,34,10,16:18:00,
16307,9672,57,2,13,5,16:27:00,
16308,9672,71,6,20,14,17:06:00,
16309,9672,45,3,27,12,16:37:00,
16310,9673,20,1,38,12,14:31:00,
16311,9674,68,6,37,2,13:15:00,
16312,9674,71,5,9,5,13:44:00,
16313,9675,23,5,29,6,10:20:00,
16314,9676,53,2,20,1,10:23:00,
16315,9677,48,7,25,1,15:33:00,
16316,9677,39,7,30,10,15:46:00,
16317,9677,42,5,30,10,15:02:00,
16318,9678,65,8,32,11,10:59:00,
16319,9678,62,7,34,12,10:46:00,
16320,9679,48,3,15,4,13:08:00,
16321,9679,20,6,32,7,13:46:00,
16322,9680,23,3,23,13,16:36:00,
16323,9680,69,2,34,6,17:03:00,
16324,9681,8,3,36,10,11:33:00,
16325,9681,57,7,23,14,10:34:00,
16326,9681,45,7,41,5,11:04:00,
16327,9682,53,7,27,14,15:36:00,
16328,9682,39,3,31,7,15:22:00,
16329,9683,19,5,33,1,15:01:00,
16330,9683,45,4,32,11,14:08:00,
16331,9684,8,3,32,3,15:40:00,
16332,9685,46,8,29,2,17:45:00,
16333,9685,29,3,30,11,18:30:00,
16334,9686,61,5,12,4,15:01:00,
16335,9686,71,5,19,14,15:00:00,
16336,9687,67,5,23,4,10:05:00,
16337,9688,44,2,24,10,16:46:00,
16338,9688,69,5,19,12,16:59:00,
16339,9689,62,3,32,6,11:17:00,
16340,9690,67,7,21,5,11:28:00,
16341,9691,61,2,44,2,11:48:00,
16342,9691,68,7,22,4,11:18:00,
16343,9691,53,8,22,14,11:38:00,
16344,9692,62,2,27,10,09:49:00,
16345,9693,12,4,24,7,16:32:00,
16346,9694,57,3,13,2,14:23:00,
16347,9694,39,2,39,12,14:29:00,
16348,9695,11,1,34,14,14:18:00,
16349,9695,5,6,34,10,13:56:00,
16350,9696,13,1,23,3,11:27:00,
16351,9696,5,1,22,1,11:36:00,
16352,9697,61,4,34,2,09:39:00,
16353,9698,12,8,33,13,16:41:00,
16354,9699,23,2,37,5,15:21:00,
16355,9700,20,4,36,13,12:44:00,
16356,9701,20,8,32,6,11:34:00,
16357,9702,56,2,34,13,11:19:00,
16358,9702,29,2,34,14,11:39:00,
16359,9703,66,6,34,2,11:37:00,
16360,9704,66,1,19,11,13:36:00,
16361,9705,62,5,25,5,15:24:00,
16362,9706,65,6,31,3,11:12:00,
16363,9706,39,7,21,4,10:23:00,
16364,9706,46,4,35,6,11:12:00,
16365,9707,50,3,28,6,16:25:00,
16366,9707,53,6,26,5,16:26:00,
16367,9708,10,2,39,14,14:21:00,
16368,9709,19,8,16,7,16:21:00,
16369,9709,56,5,37,6,16:42:00,
16370,9709,47,2,23,1,16:24:00,
16371,9710,46,7,22,7,13:14:00,
16372,9711,12,4,14,14,16:12:00,
16373,9711,66,7,24,1,15:52:00,
16374,9712,67,7,28,13,16:29:00,
16375,9712,11,4,21,11,16:15:00,
16376,9713,73,7,22,3,16:52:00,
16377,9713,71,6,19,1,16:22:00,
16378,9714,52,6,27,10,12:50:00,
16379,9715,23,5,41,5,09:19:00,
16380,9715,51,8,10,5,09:39:00,
16381,9715,45,1,45,3,10:13:00,
16382,9716,67,8,10,11,14:44:00,
16383,9716,71,7,7,11,14:52:00,
16384,9716,68,2,48,12,14:56:00,
16385,9717,46,6,31,6,16:09:00,
16386,9717,8,1,27,13,16:12:00,
16387,9718,67,2,17,13,17:23:00,
16388,9719,71,7,32,4,14:23:00,
16389,9719,50,2,25,14,14:06:00,
16390,9720,20,8,38,6,14:48:00,
16391,9720,1,3,40,10,14:12:00,
16392,9721,52,8,27,12,18:13:00,
16393,9722,5,3,22,1,13:10:00,
16394,9723,43,3,36,12,16:25:00,
16395,9723,47,4,31,13,16:22:00,
16396,9724,71,4,24,13,14:20:00,
16397,9725,23,8,27,14,12:32:00,
16398,9725,69,1,38,6,12:42:00,
16399,9726,53,4,14,14,17:11:00,
16400,9726,66,2,16,7,16:46:00,
16401,9727,53,7,28,6,09:37:00,
16402,9728,71,2,31,11,11:43:00,
16403,9729,19,4,29,3,10:33:00,
16404,9729,11,5,17,4,11:11:00,
16405,9730,19,2,28,1,11:31:00,
16406,9731,20,4,31,14,13:15:00,
16407,9731,44,3,35,13,13:57:00,
16408,9731,46,5,33,12,13:20:00,
16409,9732,20,2,26,3,17:33:00,
16410,9732,57,5,32,5,17:25:00,
16411,9733,56,3,31,5,13:58:00,
16412,9733,52,2,24,10,13:36:00,
16413,9734,34,3,29,6,16:13:00,
16414,9734,73,5,32,2,16:04:00,
16415,9735,45,6,48,3,11:28:00,
16416,9735,39,2,28,2,12:45:00,
16417,9736,61,7,26,6,12:13:00,
16418,9737,66,6,28,10,14:45:00,
16419,9737,67,1,32,13,14:47:00,
16420,9737,47,6,30,2,14:44:00,
16421,9738,44,1,19,6,17:27:00,
16422,9739,13,2,42,1,11:15:00,
16423,9739,29,7,40,5,10:19:00,
16424,9740,57,4,27,12,14:26:00,
16425,9740,45,2,44,3,14:29:00,
16426,9740,13,6,37,6,13:52:00,
16427,9741,42,3,32,13,13:51:00,
16428,9741,44,6,6,5,13:44:00,
16429,9742,69,4,34,5,11:13:00,
16430,9742,11,2,30,3,11:30:00,
16431,9743,48,5,14,5,10:35:00,
16432,9743,23,2,39,7,10:25:00,
16433,9744,13,8,34,7,11:57:00,
16434,9744,1,5,31,13,11:23:00,
16435,9744,45,3,50,1,12:34:00,
16436,9745,1,6,34,5,17:27:00,
16437,9746,53,8,21,11,16:11:00,
16438,9747,51,8,26,1,10:14:00,
16439,9747,12,8,33,12,10:30:00,
16440,9747,46,6,40,14,10:22:00,
16441,9748,1,8,32,4,16:46:00,
16442,9749,51,8,35,4,14:34:00,
16443,9749,13,4,38,10,15:19:00,
16444,9750,34,6,33,3,15:58:00,
16445,9751,1,7,16,10,13:40:00,
16446,9751,46,7,31,2,12:18:00,
16447,9751,66,7,11,11,13:29:00,
16448,9752,56,8,35,12,13:26:00,
16449,9752,42,8,47,5,13:19:00,
16450,9753,73,3,9,12,16:57:00,
16451,9753,51,2,21,7,18:08:00,
16452,9754,34,4,35,4,16:57:00,
16453,9754,57,3,24,12,17:06:00,
16454,9755,34,4,37,13,17:44:00,
16455,9756,46,8,29,6,14:35:00,
16456,9757,47,4,36,6,13:06:00,
16457,9758,5,6,33,7,12:41:00,
16458,9758,71,2,6,11,13:17:00,
16459,9759,29,7,30,14,11:57:00,
16460,9759,51,3,23,6,11:42:00,
16461,9759,45,8,43,6,12:10:00,
16462,9760,53,6,41,13,13:22:00,
16463,9760,73,1,12,12,13:17:00,
16464,9761,5,6,38,13,09:20:00,
16465,9762,56,8,22,7,14:26:00,
16466,9762,12,2,38,13,14:21:00,
16467,9762,20,8,21,14,13:56:00,
16468,9763,10,8,32,6,12:29:00,
16469,9763,29,5,32,13,12:43:00,
16470,9764,59,4,32,6,14:05:00,
16471,9764,45,5,36,4,14:36:00,
16472,9764,5,8,43,13,15:07:00,
16473,9765,50,8,23,11,18:10:00,
16474,9765,51,8,22,6,18:53:00,
16475,9765,67,6,20,1,16:51:00,
16476,9766,7,2,25,3,16:50:00,
16477,9766,61,1,30,1,16:39:00,
16478,9766,73,7,21,14,16:38:00,
16479,9767,51,4,20,14,09:21:00,
16480,9767,46,4,26,10,09:42:00,
16481,9767,53,3,21,11,09:27:00,
16482,9768,8,8,21,5,15:46:00,
16483,9769,34,1,51,7,16:38:00,
16484,9770,59,1,21,14,13:12:00,
16485,9770,43,5,37,11,14:00:00,
16486,9770,1,3,22,6,13:10:00,
16487,9771,20,3,22,1,10:43:00,
16488,9771,42,7,18,12,10:30:00,
16489,9772,45,4,25,13,15:56:00,
16490,9772,67,7,25,4,16:02:00,
16491,9773,13,5,34,1,12:13:00,
16492,9773,73,7,23,13,12:07:00,
16493,9774,11,5,32,11,10:31:00,
16494,9774,1,8,13,4,10:00:00,
16495,9774,50,4,42,11,10:43:00,
16496,9775,68,4,27,4,17:58:00,
16497,9776,43,7,35,13,12:25:00,
16498,9776,29,8,8,5,12:57:00,
16499,9776,39,5,32,13,13:01:00,
16500,9777,59,1,19,6,17:14:00,
16501,9778,1,4,30,3,12:39:00,
16502,9778,11,8,24,13,12:51:00,
16503,9779,66,2,12,10,12:57:00,
16504,9779,5,6,34,11,13:23:00,
16505,9780,73,2,27,2,10:10:00,
16506,9781,59,8,31,2,15:23:00,
16507,9781,57,6,29,3,15:19:00,
16508,9782,48,7,13,13,16:41:00,
16509,9783,65,3,31,1,16:37:00,
16510,9784,19,7,37,5,13:45:00,
16511,9784,13,3,45,14,13:22:00,
16512,9785,11,4,26,6,11:45:00,
16513,9786,5,7,32,5,09:27:00,
16514,9786,42,7,32,13,10:07:00,
16515,9787,71,5,14,14,14:02:00,
16516,9788,8,1,31,5,11:31:00,
16517,9788,44,5,5,5,11:54:00,
16518,9788,65,7,28,3,11:42:00,
16519,9789,45,1,37,12,13:22:00,
16520,9789,7,6,32,5,14:04:00,
16521,9790,12,8,27,12,17:55:00,
16522,9791,23,1,30,11,10:20:00,
16523,9792,23,1,37,4,16:14:00,
16524,9793,56,8,31,3,14:05:00,
16525,9793,52,2,22,3,15:04:00,
16526,9794,61,6,35,14,09:28:00,
16527,9794,34,6,33,2,09:25:00,
16528,9795,67,7,57,11,13:09:00,
16529,9795,12,8,34,10,13:15:00,
16530,9796,47,1,11,1,10:14:00,
16531,9797,43,8,43,7,15:51:00,
16532,9797,46,6,25,1,15:56:00,
16533,9798,61,1,35,5,13:55:00,
16534,9798,68,4,40,10,14:05:00,
16535,9798,67,8,15,2,13:41:00,
16536,9799,50,1,30,4,14:16:00,
16537,9800,46,3,34,7,10:14:00,
16538,9800,43,4,28,5,10:23:00,
16539,9801,8,5,9,12,09:58:00,
16540,9802,71,2,22,10,16:10:00,
16541,9802,5,4,29,4,16:29:00,
16542,9803,53,6,21,4,15:49:00,
16543,9804,10,2,16,12,12:07:00,
16544,9804,11,5,30,3,12:26:00,
16545,9805,23,7,29,1,09:55:00,
16546,9805,53,3,28,10,09:36:00,
16547,9806,59,1,35,3,11:49:00,
16548,9806,73,2,26,6,12:33:00,
16549,9807,56,4,27,11,17:45:00,
16550,9807,11,7,32,14,16:26:00,
16551,9807,67,3,19,5,17:21:00,
16552,9808,65,3,40,10,12:35:00,
16553,9809,11,3,42,4,14:04:00,
16554,9810,47,5,33,1,14:29:00,
16555,9810,42,5,45,7,14:46:00,
16556,9811,51,3,23,5,10:43:00,
16557,9811,42,5,33,7,10:38:00,
16558,9812,39,1,33,7,11:49:00,
16559,9813,34,2,35,2,16:38:00,
16560,9813,53,7,10,13,16:48:00,
16561,9813,57,3,29,6,16:46:00,
16562,9814,11,5,12,1,16:41:00,
16563,9814,69,2,26,13,17:33:00,
16564,9815,8,8,12,12,18:14:00,
16565,9815,71,1,21,7,17:35:00,
16566,9816,69,4,36,1,16:57:00,
16567,9817,11,4,10,7,14:30:00,
16568,9817,71,3,20,11,14:53:00,
16569,9818,65,8,39,11,10:35:00,
16570,9818,44,6,15,14,10:28:00,
16571,9819,10,6,22,11,17:00:00,
16572,9820,68,7,40,7,15:42:00,
16573,9821,1,3,30,10,10:33:00,
16574,9822,23,8,39,7,16:52:00,
16575,9822,11,7,35,7,16:58:00,
16576,9822,65,8,42,1,17:48:00,
16577,9823,71,3,14,11,15:55:00,
16578,9824,23,6,36,4,10:56:00,
16579,9824,67,6,34,14,11:10:00,
16580,9825,39,5,26,7,14:58:00,
16581,9826,46,6,26,12,13:54:00,
16582,9827,12,6,30,13,13:24:00,
16583,9828,67,4,30,12,15:06:00,
16584,9829,71,3,24,3,11:27:00,
16585,9830,53,5,29,2,16:17:00,
16586,9830,69,8,42,3,16:15:00,
16587,9831,47,6,34,5,12:10:00,
16588,9832,65,1,23,2,14:12:00,
16589,9832,13,2,32,2,13:51:00,
16590,9833,46,8,27,5,17:56:00,
16591,9834,65,5,27,10,10:28:00,
16592,9835,66,5,15,14,10:15:00,
16593,9836,52,1,25,4,17:17:00,
16594,9837,13,6,40,14,13:52:00,
16595,9837,10,2,21,3,14:15:00,
16596,9838,51,1,20,3,16:17:00,
16597,9838,19,2,22,12,16:46:00,
16598,9839,62,1,41,1,10:06:00,
16599,9839,65,1,18,4,10:33:00,
16600,9840,48,7,21,14,12:16:00,
16601,9841,61,7,35,4,12:05:00,
16602,9841,10,4,28,6,11:57:00,
16603,9842,34,2,26,11,17:51:00,
16604,9842,57,1,17,3,17:25:00,
16605,9843,42,1,40,7,15:29:00,
16606,9843,48,8,19,7,15:13:00,
16607,9843,47,3,30,7,15:16:00,
16608,9844,29,8,29,2,09:26:00,
16609,9845,65,8,33,5,09:58:00,
16610,9845,51,6,21,1,09:39:00,
16611,9846,12,2,36,6,11:49:00,
16612,9846,42,6,30,4,11:28:00,
16613,9846,8,7,28,1,11:54:00,
16614,9847,23,7,21,3,16:19:00,
16615,9848,1,4,29,12,11:45:00,
16616,9849,43,1,29,13,09:52:00,
16617,9849,45,5,21,4,10:08:00,
16618,9849,69,5,42,12,11:01:00,
16619,9850,66,3,26,14,16:17:00,
16620,9850,51,6,26,5,15:52:00,
16621,9850,23,2,28,7,15:59:00,
16622,9851,69,4,11,3,13:53:00,
16623,9851,13,7,22,11,13:36:00,
16624,9851,53,2,23,1,13:49:00,
16625,9852,59,5,20,14,13:08:00,
16626,9852,42,7,41,3,13:12:00,
16627,9852,47,5,24,3,14:17:00,
16628,9853,65,4,39,4,10:13:00,
16629,9854,42,4,26,7,11:09:00,
16630,9854,8,5,21,1,11:15:00,
16631,9854,46,8,34,12,11:08:00,
16632,9855,65,7,36,2,14:51:00,
16633,9855,62,7,19,11,15:22:00,
16634,9856,44,8,18,13,17:15:00,
16635,9857,46,7,28,1,15:47:00,
16636,9857,52,4,26,12,16:09:00,
16637,9857,51,3,24,7,15:50:00,
16638,9858,20,3,31,13,16:49:00,
16639,9859,34,4,38,6,13:16:00,
16640,9859,20,2,36,13,12:39:00,
16641,9860,52,3,40,5,14:48:00,
16642,9861,65,1,36,3,14:13:00,
16643,9861,34,7,23,3,14:56:00,
16644,9862,39,1,23,2,17:08:00,
16645,9863,65,6,40,14,10:23:00,
16646,9863,34,1,46,3,09:22:00,
16647,9864,48,4,13,6,16:51:00,
16648,9865,8,5,26,11,17:05:00,
16649,9866,53,5,28,6,12:53:00,
16650,9867,12,4,34,1,13:25:00,
16651,9867,34,5,44,7,12:41:00,
16652,9868,50,8,17,11,16:40:00,
16653,9868,69,2,26,13,16:31:00,
16654,9869,1,1,27,7,14:24:00,
16655,9869,51,4,26,11,15:05:00,
16656,9870,66,1,14,5,16:18:00,
16657,9870,1,7,31,2,15:50:00,
16658,9871,65,3,29,10,09:49:00,
16659,9872,48,5,21,12,10:24:00,
16660,9872,12,8,21,11,10:36:00,
16661,9873,20,8,36,12,11:01:00,
16662,9874,29,8,23,10,10:37:00,
16663,9874,8,5,20,3,10:55:00,
16664,9874,48,3,38,7,10:39:00,
16665,9875,11,3,26,1,13:51:00,
16666,9876,46,3,35,13,13:01:00,
16667,9876,67,7,28,7,14:04:00,
16668,9877,52,7,42,1,11:17:00,
16669,9877,51,8,15,2,12:02:00,
16670,9878,57,5,23,11,13:54:00,
16671,9879,12,5,13,2,10:22:00,
16672,9879,1,5,29,3,10:09:00,
16673,9880,34,8,31,4,09:42:00,
16674,9880,66,7,29,1,09:49:00,
16675,9881,59,3,24,6,12:11:00,
16676,9881,53,4,28,4,11:23:00,
16677,9881,65,3,38,13,12:30:00,
16678,9882,20,8,45,7,16:05:00,
16679,9882,1,5,24,12,15:51:00,
16680,9882,59,8,32,3,15:26:00,
16681,9883,10,4,12,13,16:05:00,
16682,9883,52,5,27,1,15:05:00,
16683,9884,68,4,25,10,16:23:00,
16684,9885,71,8,20,6,10:05:00,
16685,9885,57,5,17,7,09:48:00,
16686,9885,19,6,21,11,10:34:00,
16687,9886,52,3,27,14,13:28:00,
16688,9886,48,6,18,3,13:33:00,
16689,9886,68,1,39,14,13:19:00,
16690,9887,45,2,39,7,11:56:00,
16691,9888,46,4,8,14,11:14:00,
16692,9888,12,3,34,11,11:02:00,
16693,9888,5,1,37,7,10:54:00,
16694,9889,23,7,34,3,10:08:00,
16695,9889,45,5,29,10,10:16:00,
16696,9890,11,3,13,2,12:28:00,
16697,9891,39,2,15,6,11:27:00,
16698,9892,69,5,37,12,13:27:00,
16699,9892,8,1,40,4,13:57:00,
16700,9893,13,4,43,1,16:16:00,
16701,9894,10,8,37,7,15:27:00,
16702,9895,59,3,17,14,16:55:00,
16703,9895,44,8,10,5,16:49:00,
16704,9896,52,3,20,2,10:01:00,
16705,9897,20,8,39,6,10:21:00,
16706,9898,61,7,16,10,12:28:00,
16707,9899,57,7,14,12,14:43:00,
16708,9899,8,3,17,2,14:45:00,
16709,9899,13,2,37,7,15:09:00,
16710,9900,39,7,17,1,16:46:00,
16711,9901,71,4,18,10,11:49:00,
16712,9902,1,3,38,3,15:17:00,
16713,9903,45,6,42,1,17:00:00,
16714,9903,73,3,12,2,16:45:00,
16715,9903,61,3,32,13,16:53:00,
16716,9904,45,5,39,3,09:54:00,
16717,9904,44,4,20,5,09:54:00,
16718,9905,67,4,17,12,12:22:00,
16719,9906,19,4,25,13,12:34:00,
16720,9906,20,1,33,1,12:37:00,
16721,9907,43,1,33,6,13:41:00,
16722,9908,42,7,38,13,15:24:00,
16723,9908,29,1,36,1,15:39:00,
16724,9908,56,4,18,1,16:13:00,
16725,9909,69,8,28,12,15:23:00,
16726,9909,66,4,23,1,15:26:00,
16727,9910,12,4,31,7,12:36:00,
16728,9910,56,4,25,7,13:05:00,
16729,9911,52,3,36,3,11:55:00,
16730,9912,43,1,34,4,16:28:00,
16731,9913,5,6,36,5,12:24:00,
16732,9913,69,1,45,12,12:50:00,
16733,9914,19,8,29,10,14:02:00,
16734,9915,47,3,30,14,14:40:00,
16735,9916,47,3,16,12,16:08:00,
16736,9916,56,1,31,10,16:10:00,
16737,9917,42,4,35,5,14:02:00,
16738,9918,51,7,36,3,14:57:00,
16739,9919,10,4,31,13,11:52:00,
16740,9919,43,6,25,1,11:47:00,
16741,9920,20,2,27,4,13:17:00,
16742,9921,5,8,26,3,15:00:00,
16743,9921,53,6,17,3,15:04:00,
16744,9922,53,6,27,3,17:43:00,
16745,9923,10,1,32,5,12:00:00,
16746,9924,56,4,26,2,14:29:00,
16747,9924,23,7,32,10,14:18:00,
16748,9925,34,7,37,7,11:08:00,
16749,9925,10,5,35,14,10:20:00,
16750,9925,48,6,30,4,10:34:00,
16751,9926,39,7,15,3,11:31:00,
16752,9926,50,2,36,10,11:40:00,
16753,9927,45,7,40,14,11:18:00,
16754,9928,56,4,32,7,11:04:00,
16755,9929,12,3,23,7,11:34:00,
16756,9930,44,1,18,4,17:56:00,
16757,9931,56,8,37,7,09:34:00,
16758,9931,5,4,33,1,11:05:00,
16759,9932,45,7,33,14,13:13:00,
16760,9932,12,4,33,11,12:46:00,
16761,9933,45,1,46,11,15:30:00,
16762,9933,12,7,31,10,14:36:00,
16763,9933,19,5,31,7,16:01:00,
16764,9934,10,3,40,3,15:40:00,
16765,9934,5,7,54,5,16:06:00,
16766,9934,68,3,14,1,15:37:00,
16767,9935,73,8,5,10,11:29:00,
16768,9936,62,3,33,12,13:38:00,
16769,9937,57,4,7,13,15:59:00,
16770,9937,66,6,17,1,16:09:00,
16771,9937,48,1,33,14,16:12:00,
16772,9938,23,8,46,4,09:25:00,
16773,9938,39,7,24,3,09:20:00,
16774,9939,34,7,31,6,11:20:00,
16775,9939,20,7,39,11,11:21:00,
16776,9940,5,7,29,7,14:15:00,
16777,9941,68,6,35,4,12:28:00,
16778,9941,57,2,23,11,12:44:00,
16779,9942,56,1,29,4,14:02:00,
16780,9942,20,2,31,14,13:22:00,
16781,9943,48,2,22,6,12:39:00,
16782,9943,59,8,39,6,12:59:00,
16783,9944,57,7,42,6,12:25:00,
16784,9944,50,6,22,6,12:51:00,
16785,9945,43,2,23,11,11:58:00,
16786,9945,48,2,34,13,11:42:00,
16787,9946,59,7,17,1,13:26:00,
16788,9946,44,3,19,14,13:22:00,
16789,9947,66,3,16,5,09:12:00,
16790,9948,12,3,31,11,10:49:00,
16791,9949,62,1,25,3,11:01:00,
16792,9950,50,7,19,1,12:16:00,
16793,9951,1,2,40,1,12:00:00,
16794,9951,20,8,35,1,11:50:00,
16795,9952,46,1,36,14,15:57:00,
16796,9952,29,7,27,6,16:04:00,
16797,9953,5,5,25,5,14:54:00,
16798,9954,1,5,9,12,14:13:00,
16799,9954,67,6,13,3,13:34:00,
16800,9955,59,3,28,6,15:19:00,
16801,9956,34,1,27,10,13:30:00,
16802,9957,50,3,26,12,12:12:00,
16803,9957,51,1,22,5,11:55:00,
16804,9957,42,2,41,4,12:47:00,
16805,9958,62,4,28,6,10:27:00,
16806,9958,11,6,26,10,10:08:00,
16807,9959,39,6,45,7,14:05:00,
16808,9959,29,2,14,10,15:10:00,
16809,9960,39,6,27,12,16:50:00,
16810,9961,67,8,17,7,17:10:00,
16811,9961,53,4,30,13,16:31:00,
16812,9962,68,7,29,5,14:44:00,
16813,9962,48,2,14,6,15:06:00,
16814,9963,65,8,38,12,11:21:00,
16815,9963,69,4,16,5,11:20:00,
16816,9964,61,7,40,11,13:00:00,
16817,9964,8,4,18,4,13:41:00,
16818,9964,5,6,36,13,12:56:00,
16819,9965,39,1,27,7,14:08:00,
16820,9965,51,1,31,13,13:55:00,
16821,9966,46,1,36,10,15:32:00,
16822,9966,67,3,22,5,14:40:00,
16823,9967,59,5,14,4,14:57:00,
16824,9968,45,3,43,6,13:04:00,
16825,9969,73,3,31,3,09:11:00,
16826,9969,42,7,38,10,09:25:00,
16827,9970,29,2,33,4,13:11:00,
16828,9971,48,1,28,4,15:02:00,
16829,9971,43,5,36,1,14:56:00,
16830,9972,57,1,9,2,13:59:00,
16831,9972,10,7,48,1,14:32:00,
16832,9973,11,7,22,1,15:31:00,
16833,9974,62,5,29,5,10:37:00,
16834,9974,20,1,38,12,10:23:00,
16835,9975,52,7,25,4,12:28:00,
16836,9975,61,3,27,10,12:18:00,
16837,9976,5,2,33,10,15:15:00,
16838,9976,12,4,20,4,14:53:00,
16839,9977,5,7,38,10,11:25:00,
16840,9977,59,1,35,10,11:48:00,
16841,9977,46,4,26,4,12:44:00,
16842,9978,52,6,30,11,13:10:00,
16843,9978,8,6,32,12,13:17:00,
16844,9978,73,6,17,2,12:35:00,
16845,9979,8,6,41,7,16:14:00,
16846,9979,47,6,32,7,15:53:00,
16847,9980,59,1,22,10,16:11:00,
16848,9981,7,2,34,7,09:59:00,
16849,9981,42,2,38,2,09:43:00,
16850,9982,14,6,28,10,10:30:00,
16851,9982,48,5,30,5,10:21:00,
16852,9983,56,8,29,13,11:58:00,
16853,9983,1,5,26,2,11:25:00,
16854,9984,61,5,32,11,16:26:00,
16855,9985,48,5,30,6,14:34:00,
16856,9986,45,3,36,10,17:18:00,
16857,9987,39,2,27,4,12:16:00,
16858,9987,10,6,33,7,11:43:00,
16859,9988,62,3,27,10,12:48:00,
16860,9988,51,6,24,13,13:17:00,
16861,9988,20,7,34,13,13:19:00,
16862,9989,7,8,39,13,15:40:00,
16863,9990,50,5,31,4,11:07:00,
16864,9990,59,2,23,2,10:54:00,
16865,9991,47,4,13,10,11:38:00,
16866,9991,57,6,20,14,12:07:00,
16867,9992,10,8,21,10,09:51:00,
16868,9992,50,1,42,11,09:36:00,
16869,9993,34,5,34,4,11:30:00,
16870,9993,12,2,25,1,10:59:00,
16871,9994,12,4,22,13,12:57:00,
16872,9995,53,1,9,5,10:37:00,
16873,9996,71,3,21,7,11:27:00,
16874,9997,23,7,29,6,09:56:00,
16875,9998,61,5,28,5,14:03:00,
16876,9998,47,3,25,10,13:57:00,
16877,9999,71,1,25,10,15:22:00,
16878,10000,34,3,27,7,09:45:00,
16879,10001,39,6,36,13,13:15:00,
16880,10002,5,6,18,13,13:47:00,
16881,10002,13,1,25,12,13:23:00,
16882,10003,13,1,41,2,10:56:00,
16883,10004,45,4,27,13,12:22:00,
16884,10004,19,8,42,7,12:26:00,
16885,10005,53,8,20,1,14:52:00,
16886,10005,66,8,26,10,14:07:00,
16887,10005,62,3,24,4,14:53:00,
16888,10006,34,6,26,13,10:42:00,
16889,10007,44,1,20,11,12:57:00,
16890,10008,48,3,32,6,10:22:00,
16891,10009,12,5,30,5,16:26:00,
16892,10009,1,5,29,13,16:38:00,
16893,10009,66,4,30,4,16:46:00,
16894,10010,46,6,19,11,16:00:00,
16895,10010,73,5,18,13,16:02:00,
16896,10010,52,6,15,11,15:51:00,
16897,10011,12,4,28,13,13:57:00,
16898,10011,48,4,24,6,13:30:00,
16899,10012,73,2,16,11,13:45:00,
16900,10012,39,4,16,12,13:40:00,
16901,10013,51,6,19,6,12:51:00,
16902,10014,52,3,32,2,14:52:00,
16903,10014,69,7,22,5,15:58:00,
16904,10015,66,6,34,1,13:38:00,
16905,10016,73,1,16,13,14:09:00,
16906,10017,8,6,32,3,14:28:00,
16907,10018,53,4,26,13,09:28:00,
16908,10018,23,3,41,1,09:37:00,
16909,10019,11,1,41,3,15:01:00,
16910,10020,20,2,39,3,14:06:00,
16911,10021,39,1,32,11,15:25:00,
16912,10022,11,2,27,13,13:10:00,
16913,10023,34,2,34,12,13:38:00,
16914,10024,44,5,19,11,17:18:00,
16915,10024,34,3,41,10,17:02:00,
16916,10025,53,6,39,3,15:36:00,
16917,10025,23,5,25,12,17:12:00,
16918,10026,13,8,16,4,17:58:00,
16919,10027,34,3,22,11,16:47:00,
16920,10027,23,2,30,2,16:27:00,
16921,10027,11,2,37,13,16:43:00,
16922,10028,51,2,20,7,11:04:00,
16923,10029,53,6,16,5,10:21:00,
16924,10029,8,3,17,5,10:08:00,
16925,10030,46,8,33,2,15:00:00,
16926,10031,69,7,44,2,10:40:00,
16927,10032,42,8,45,1,15:05:00,
16928,10033,19,6,27,6,11:47:00,
16929,10033,8,4,19,12,11:40:00,
16930,10034,45,6,34,14,18:25:00,
16931,10035,10,2,30,14,12:58:00,
16932,10035,57,6,7,10,12:43:00,
16933,10035,69,2,32,10,13:04:00,
16934,10036,48,8,34,11,13:08:00,
16935,10037,53,3,23,14,13:15:00,
16936,10038,66,6,36,5,16:07:00,
16937,10039,67,8,28,2,14:16:00,
16938,10040,19,6,30,1,13:31:00,
16939,10041,1,4,23,6,11:10:00,
16940,10042,29,3,21,1,16:30:00,
16941,10043,56,7,24,6,13:06:00,
16942,10044,5,6,41,1,16:13:00,
16943,10045,57,4,17,14,14:48:00,
16944,10046,51,4,32,11,13:41:00,
16945,10046,65,3,33,2,12:18:00,
16946,10047,23,3,36,4,12:49:00,
16947,10047,42,6,25,4,12:17:00,
16948,10048,13,2,39,10,16:53:00,
16949,10049,44,6,8,2,14:35:00,
16950,10049,57,6,16,11,14:54:00,
16951,10049,56,1,33,14,14:26:00,
16952,10050,39,7,35,14,15:52:00,
16953,10051,10,5,30,6,14:22:00,
16954,10052,8,5,31,12,16:53:00,
16955,10052,56,5,30,5,16:59:00,
16956,10052,61,8,9,5,17:09:00,
16957,10053,29,5,20,6,13:38:00,
16958,10053,51,7,27,6,13:48:00,
16959,10054,48,7,30,12,11:00:00,
16960,10055,43,8,43,10,15:55:00,
16961,10055,51,5,26,5,16:04:00,
16962,10055,48,5,13,1,16:08:00,
16963,10056,71,6,31,12,14:10:00,
16964,10056,61,4,28,5,14:33:00,
16965,10057,48,3,17,5,15:21:00,
16966,10057,46,2,28,10,15:30:00,
16967,10058,61,8,38,6,15:00:00,
16968,10059,1,2,31,6,11:09:00,
16969,10060,59,7,26,2,14:34:00,
16970,10061,23,2,41,11,16:34:00,
16971,10062,57,2,13,2,15:23:00,
16972,10062,39,4,26,6,14:50:00,
16973,10063,39,8,13,13,13:57:00,
16974,10064,13,8,37,11,13:42:00,
16975,10065,43,7,42,6,12:55:00,
16976,10066,65,4,36,6,16:59:00,
16977,10066,29,8,31,6,17:11:00,
16978,10067,59,7,24,11,15:16:00,
16979,10068,23,3,35,5,17:51:00,
16980,10068,68,1,40,3,17:08:00,
16981,10069,1,6,15,7,16:28:00,
16982,10069,65,7,24,11,17:24:00,
16983,10069,29,2,24,10,16:56:00,
16984,10070,19,6,35,6,13:37:00,
16985,10070,52,3,26,6,13:45:00,
16986,10071,59,8,27,4,14:50:00,
16987,10072,5,2,33,10,12:06:00,
16988,10073,68,2,39,11,15:58:00,
16989,10074,45,5,43,5,10:19:00,
16990,10074,1,7,28,14,10:29:00,
16991,10074,69,2,37,7,11:11:00,
16992,10075,71,2,24,14,15:40:00,
16993,10076,71,4,23,1,15:51:00,
16994,10077,34,3,29,2,16:37:00,
16995,10077,30,7,27,7,17:39:00,
16996,10078,19,7,32,2,10:42:00,
16997,10079,62,7,29,13,12:54:00,
16998,10080,14,3,30,13,14:27:00,
16999,10080,8,2,28,13,14:43:00,
17000,10081,48,6,26,1,09:32:00,
17001,10082,8,4,33,13,12:12:00,
17002,10082,66,6,22,6,12:20:00,
17003,10083,43,4,35,10,15:33:00,
17004,10083,34,4,29,13,14:54:00,
17005,10083,73,8,23,4,14:46:00,
17006,10084,44,7,9,12,15:27:00,
17007,10085,52,4,34,14,16:40:00,
17008,10085,1,3,28,12,16:19:00,
17009,10086,43,2,26,4,17:01:00,
17010,10086,20,3,48,6,17:02:00,
17011,10087,23,1,35,1,17:04:00,
17012,10087,52,3,34,3,16:34:00,
17013,10087,44,8,13,7,16:41:00,
17014,10088,65,8,22,6,12:28:00,
17015,10089,69,1,23,3,12:39:00,
17016,10089,8,8,31,13,12:21:00,
17017,10090,56,2,19,2,13:46:00,
17018,10090,52,7,44,1,13:37:00,
17019,10091,71,2,30,13,17:01:00,
17020,10092,52,6,27,4,13:37:00,
17021,10092,47,1,32,11,14:28:00,
17022,10093,66,8,17,11,11:01:00,
17023,10093,20,7,28,11,10:54:00,
17024,10094,20,6,36,7,15:27:00,
17025,10094,23,3,22,3,15:07:00,
17026,10095,71,6,8,14,12:23:00,
17027,10096,56,7,27,7,09:37:00,
17028,10097,48,5,42,14,13:31:00,
17029,10097,13,1,23,7,13:24:00,
17030,10098,13,8,33,7,13:57:00,
17031,10098,57,6,11,10,14:05:00,
17032,10099,5,7,26,11,12:20:00,
17033,10099,67,3,26,11,12:06:00,
17034,10100,56,2,44,1,16:00:00,
17035,10101,69,3,41,13,12:35:00,
17036,10102,66,6,5,14,10:00:00,
17037,10102,69,1,30,3,11:02:00,
17038,10103,66,6,24,14,11:12:00,
17039,10104,19,2,25,14,10:50:00,
17040,10104,71,7,30,10,10:38:00,
17041,10104,42,8,34,13,10:34:00,
17042,10105,23,6,14,13,11:47:00,
17043,10106,29,2,13,1,14:30:00,
17044,10106,45,7,35,1,15:36:00,
17045,10106,10,8,23,3,14:54:00,
17046,10107,45,3,19,10,15:47:00,
17047,10107,71,5,6,7,14:49:00,
17048,10108,19,7,50,1,17:08:00,
17049,10108,50,4,31,4,16:43:00,
17050,10109,13,5,42,11,10:23:00,
17051,10109,11,1,28,1,09:21:00,
17052,10110,48,4,27,13,15:29:00,
17053,10110,59,2,15,3,15:21:00,
17054,10111,39,7,34,14,12:25:00,
17055,10111,19,3,24,2,12:25:00,
17056,10112,73,1,27,11,14:00:00,
17057,10113,62,7,29,3,12:43:00,
17058,10113,47,1,10,10,13:30:00,
17059,10114,50,6,33,3,16:59:00,
17060,10114,5,2,48,4,15:57:00,
17061,10114,29,1,31,1,16:48:00,
17062,10115,1,8,28,5,11:09:00,
17063,10116,61,6,33,14,10:15:00,
17064,10117,66,7,10,3,12:26:00,
17065,10117,71,1,24,6,11:24:00,
17066,10118,47,8,27,12,15:48:00,
17067,10119,67,7,30,10,15:42:00,
17068,10119,65,6,45,5,15:51:00,
17069,10120,23,3,36,4,17:06:00,
17070,10120,10,7,20,13,16:41:00,
17071,10121,71,3,25,4,14:28:00,
17072,10121,67,5,27,13,14:00:00,
17073,10122,23,4,29,13,12:46:00,
17074,10123,46,4,27,6,12:04:00,
17075,10124,45,5,32,12,11:51:00,
17076,10124,7,1,32,5,12:01:00,
17077,10125,53,1,25,11,12:09:00,
17078,10125,69,8,42,6,11:11:00,
17079,10126,44,7,9,14,16:18:00,
17080,10127,20,3,32,11,15:41:00,
17081,10127,8,6,40,5,16:07:00,
17082,10127,65,3,38,4,15:44:00,
17083,10128,66,4,30,13,10:45:00,
17084,10129,19,3,25,3,12:17:00,
17085,10129,10,6,14,13,12:36:00,
17086,10130,34,7,42,13,14:35:00,
17087,10130,62,5,30,13,15:21:00,
17088,10131,65,7,32,7,15:24:00,
17089,10131,69,3,30,6,15:10:00,
17090,10132,47,1,26,4,10:32:00,
17091,10133,65,3,40,3,10:43:00,
17092,10133,30,3,37,10,10:40:00,
17093,10134,69,2,27,3,12:42:00,
17094,10134,48,5,22,1,12:55:00,
17095,10135,71,5,34,7,11:35:00,
17096,10136,56,4,20,5,13:05:00,
17097,10137,19,8,30,5,17:00:00,
17098,10138,8,2,20,13,10:34:00,
17099,10139,45,3,38,10,09:34:00,
17100,10140,13,7,33,6,13:08:00,
17101,10140,1,6,25,3,12:47:00,
17102,10140,29,4,42,14,13:13:00,
17103,10141,10,6,26,1,12:05:00,
17104,10141,73,5,14,12,12:27:00,
17105,10142,67,1,35,6,11:08:00,
17106,10142,69,1,27,14,10:46:00,
17107,10142,14,7,19,11,11:13:00,
17108,10143,68,1,43,13,10:46:00,
17109,10143,10,7,25,1,11:23:00,
17110,10144,42,3,47,3,17:12:00,
17111,10144,62,4,21,3,17:14:00,
17112,10144,23,1,31,6,17:42:00,
17113,10145,69,6,35,6,11:59:00,
17114,10145,46,6,35,3,11:50:00,
17115,10146,20,8,43,12,15:15:00,
17116,10146,57,4,23,2,15:10:00,
17117,10146,29,3,37,6,15:41:00,
17118,10147,68,2,24,14,11:40:00,
17119,10148,61,6,25,7,17:44:00,
17120,10148,43,7,42,12,17:02:00,
17121,10149,12,4,28,2,16:22:00,
17122,10150,10,1,19,4,16:06:00,
17123,10151,62,5,24,14,16:03:00,
17124,10151,1,1,25,7,17:08:00,
17125,10151,7,7,37,14,16:36:00,
17126,10152,56,1,33,7,11:07:00,
17127,10153,14,4,26,4,10:39:00,
17128,10153,69,2,31,2,10:09:00,
17129,10154,29,6,23,11,16:55:00,
17130,10154,50,1,22,10,16:31:00,
17131,10154,53,1,30,14,17:09:00,
17132,10155,8,4,28,10,09:51:00,
17133,10155,52,2,30,6,09:31:00,
17134,10156,47,4,12,4,10:36:00,
17135,10157,48,4,25,13,12:07:00,
17136,10158,50,2,27,4,16:16:00,
17137,10158,46,5,29,12,15:52:00,
17138,10158,44,4,17,6,16:34:00,
17139,10159,19,4,30,14,13:05:00,
17140,10160,11,6,30,3,11:21:00,
17141,10160,23,1,43,3,11:00:00,
17142,10161,42,4,27,5,14:26:00,
17143,10162,47,2,15,4,10:20:00,
17144,10162,67,1,40,3,10:08:00,
17145,10163,1,7,47,10,12:57:00,
17146,10164,61,7,30,4,13:18:00,
17147,10164,47,2,9,11,14:23:00,
17148,10165,53,8,27,4,16:19:00,
17149,10166,48,6,19,10,10:58:00,
17150,10167,20,4,18,11,14:37:00,
17151,10167,13,4,23,6,14:47:00,
17152,10167,50,5,28,11,15:29:00,
17153,10168,43,7,24,7,12:18:00,
17154,10169,8,8,43,13,15:13:00,
17155,10170,45,6,37,11,15:37:00,
17156,10170,30,7,43,4,15:18:00,
17157,10171,8,7,35,13,17:43:00,
17158,10171,65,2,30,11,17:14:00,
17159,10172,46,3,21,7,14:51:00,
17160,10172,29,1,17,10,14:50:00,
17161,10173,8,6,24,10,15:35:00,
17162,10173,46,8,28,10,15:12:00,
17163,10174,57,7,8,14,14:35:00,
17164,10175,44,1,8,13,12:31:00,
17165,10176,30,8,28,5,15:02:00,
17166,10176,71,8,26,3,13:51:00,
17167,10177,62,2,10,12,16:32:00,
17168,10177,61,7,41,12,15:57:00,
17169,10178,45,6,41,14,11:35:00,
17170,10178,51,1,29,14,12:07:00,
17171,10178,20,3,20,11,12:40:00,
17172,10179,50,4,34,7,16:16:00,
17173,10179,59,7,20,13,16:25:00,
17174,10180,23,6,39,12,14:49:00,
17175,10181,8,4,30,10,13:49:00,
17176,10182,62,4,20,10,15:22:00,
17177,10183,52,6,37,3,15:44:00,
17178,10184,69,5,35,7,16:21:00,
17179,10185,1,5,35,4,11:37:00,
17180,10186,57,1,22,6,11:49:00,
17181,10187,61,3,34,4,10:24:00,
17182,10188,65,4,38,4,16:18:00,
17183,10189,14,7,33,10,11:59:00,
17184,10190,50,8,31,3,15:40:00,
17185,10190,65,6,26,7,16:19:00,
17186,10191,20,2,27,13,14:21:00,
17187,10192,44,3,12,5,13:48:00,
17188,10193,59,4,33,6,17:54:00,
17189,10194,43,6,44,2,17:08:00,
17190,10194,14,5,20,13,17:07:00,
17191,10195,52,8,31,6,10:24:00,
17192,10195,50,6,44,1,10:26:00,
17193,10196,30,8,21,7,11:35:00,
17194,10196,45,8,30,4,11:56:00,
17195,10197,13,7,29,11,15:39:00,
17196,10197,1,1,30,12,15:42:00,
17197,10197,67,8,18,12,15:46:00,
17198,10198,34,4,30,6,14:49:00,
17199,10199,1,5,19,5,15:00:00,
17200,10199,34,3,34,14,15:05:00,
17201,10200,50,5,35,11,16:45:00,
17202,10201,71,5,35,5,16:09:00,
17203,10201,19,1,32,14,15:59:00,
17204,10202,67,2,36,14,15:25:00,
17205,10203,47,6,31,5,18:12:00,
17206,10203,13,3,37,6,17:37:00,
17207,10204,5,1,27,5,15:48:00,
17208,10204,66,5,13,5,14:43:00,
17209,10205,67,2,25,14,14:31:00,
17210,10206,52,2,33,5,10:16:00,
17211,10206,62,7,24,13,09:57:00,
17212,10206,10,5,35,10,10:10:00,
17213,10207,62,7,29,6,16:05:00,
17214,10207,30,5,38,14,16:08:00,
17215,10208,1,5,35,10,15:40:00,
17216,10209,53,1,23,6,14:42:00,
17217,10209,62,1,26,1,15:43:00,
17218,10210,56,2,17,11,10:03:00,
17219,10211,30,2,24,7,13:31:00,
17220,10212,10,8,22,10,09:49:00,
17221,10212,45,2,34,14,09:50:00,
17222,10212,73,1,25,3,10:05:00,
17223,10213,68,3,29,6,09:51:00,
17224,10214,8,4,37,7,11:01:00,
17225,10214,53,5,36,13,10:43:00,
17226,10214,65,3,37,11,10:26:00,
17227,10215,39,4,16,1,16:43:00,
17228,10215,45,5,40,14,16:29:00,
17229,10216,50,2,37,10,10:38:00,
17230,10216,68,7,36,5,10:01:00,
17231,10217,48,8,20,6,14:22:00,
17232,10217,46,6,23,2,13:24:00,
17233,10218,56,5,34,13,13:18:00,
17234,10219,1,5,16,10,12:41:00,
17235,10219,65,5,21,1,13:14:00,
17236,10219,62,6,43,13,13:00:00,
17237,10220,29,4,30,12,14:47:00,
17238,10221,12,2,24,2,17:29:00,
17239,10222,48,2,37,6,14:49:00,
17240,10222,67,2,25,12,15:34:00,
17241,10222,69,3,34,5,14:53:00,
17242,10223,12,7,21,13,11:11:00,
17243,10224,45,3,35,1,11:22:00,
17244,10224,14,3,25,6,12:08:00,
17245,10225,20,3,18,13,12:02:00,
17246,10225,19,8,25,2,12:08:00,
17247,10226,65,4,26,1,11:19:00,
17248,10226,59,5,22,2,11:11:00,
17249,10226,43,8,40,12,11:21:00,
17250,10227,44,7,20,7,13:23:00,
17251,10228,43,7,35,5,12:40:00,
17252,10228,42,8,36,2,12:51:00,
17253,10228,62,5,25,1,12:29:00,
17254,10229,34,6,31,5,13:17:00,
17255,10230,52,1,33,13,10:45:00,
17256,10231,20,1,42,4,13:51:00,
17257,10231,10,7,21,1,12:54:00,
17258,10232,59,4,27,1,15:15:00,
17259,10232,44,3,17,7,14:06:00,
17260,10233,62,6,38,12,16:29:00,
17261,10234,23,5,34,1,12:36:00,
17262,10234,45,6,39,1,12:32:00,
17263,10234,48,8,26,12,13:00:00,
17264,10235,34,4,37,13,14:37:00,
17265,10235,13,3,21,2,14:38:00,
17266,10235,29,4,37,1,15:08:00,
17267,10236,20,6,41,4,14:17:00,
17268,10237,20,5,39,7,10:42:00,
17269,10237,19,2,27,7,10:07:00,
17270,10237,46,2,30,11,10:33:00,
17271,10238,5,3,27,7,13:59:00,
17272,10239,12,6,41,13,15:17:00,
17273,10239,51,2,23,1,14:47:00,
17274,10240,62,2,28,12,15:07:00,
17275,10240,42,2,38,7,14:21:00,
17276,10240,43,8,36,5,14:20:00,
17277,10241,10,8,28,1,15:05:00,
17278,10241,23,2,51,6,13:54:00,
17279,10242,46,1,39,14,11:23:00,
17280,10242,48,7,17,4,11:22:00,
17281,10243,13,8,43,3,16:29:00,
17282,10244,65,4,37,13,11:40:00,
17283,10244,73,4,25,2,11:37:00,
17284,10244,39,7,28,4,11:25:00,
17285,10245,23,1,35,2,10:54:00,
17286,10245,59,5,19,13,10:21:00,
17287,10245,20,8,42,3,09:53:00,
17288,10246,1,8,5,3,16:55:00,
17289,10247,71,6,8,1,15:37:00,
17290,10248,10,7,24,13,12:09:00,
17291,10249,23,1,29,5,10:32:00,
17292,10249,68,5,29,13,10:35:00,
17293,10250,11,2,30,3,13:04:00,
17294,10251,7,7,30,12,11:57:00,
17295,10251,44,8,20,2,11:23:00,
17296,10252,39,6,38,1,14:40:00,
17297,10252,68,1,12,5,16:03:00,
17298,10252,42,6,36,5,14:43:00,
17299,10253,29,8,30,3,16:55:00,
17300,10253,34,8,42,4,16:35:00,
17301,10254,67,4,25,12,15:30:00,
17302,10255,44,4,17,14,11:50:00,
17303,10256,34,7,41,10,14:42:00,
17304,10257,62,1,27,13,11:20:00,
17305,10257,57,1,13,11,11:25:00,
17306,10258,13,6,31,10,16:56:00,
17307,10258,71,7,8,4,17:04:00,
17308,10259,14,7,30,3,17:29:00,
17309,10259,65,2,35,2,17:38:00,
17310,10260,45,4,23,11,17:23:00,
17311,10260,73,4,11,4,16:37:00,
17312,10261,57,8,21,10,10:47:00,
17313,10261,48,2,27,5,10:36:00,
17314,10262,14,1,15,1,12:40:00,
17315,10263,62,3,19,13,14:57:00,
17316,10264,66,1,17,7,10:24:00,
17317,10264,44,5,17,3,09:56:00,
17318,10265,42,3,37,4,12:24:00,
17319,10265,47,8,34,2,12:21:00,
17320,10266,44,4,28,1,16:29:00,
17321,10267,46,8,24,12,16:00:00,
17322,10267,69,4,16,11,15:56:00,
17323,10268,48,4,23,13,17:07:00,
17324,10268,34,7,33,12,17:05:00,
17325,10268,29,2,26,6,16:36:00,
17326,10269,69,4,30,5,16:53:00,
17327,10269,1,3,32,3,17:36:00,
17328,10270,62,1,34,6,11:07:00,
17329,10270,19,1,26,3,11:50:00,
17330,10270,29,7,24,5,12:00:00,
17331,10271,45,4,27,6,12:42:00,
17332,10272,56,1,23,5,17:05:00,
17333,10272,73,3,29,4,17:29:00,
17334,10273,68,2,21,14,17:09:00,
17335,10274,11,3,32,2,11:01:00,
17336,10274,14,5,28,5,11:05:00,
17337,10275,1,6,31,11,15:23:00,
17338,10276,46,2,25,12,10:14:00,
17339,10276,59,5,31,7,10:17:00,
17340,10277,23,5,31,1,13:41:00,
17341,10277,51,1,30,13,12:42:00,
17342,10278,52,7,21,11,15:29:00,
17343,10278,10,6,40,5,15:14:00,
17344,10279,71,1,26,14,11:46:00,
17345,10280,47,8,23,5,12:12:00,
17346,10281,48,6,36,7,09:20:00,
17347,10282,43,2,26,5,14:30:00,
17348,10282,5,6,22,1,14:32:00,
17349,10283,29,7,17,1,17:11:00,
17350,10284,53,5,23,11,10:33:00,
17351,10285,67,1,23,11,10:25:00,
17352,10286,14,5,11,7,11:19:00,
17353,10286,10,3,25,10,10:30:00,
17354,10287,50,4,31,12,12:21:00,
17355,10287,12,8,29,7,12:05:00,
17356,10287,52,2,35,5,10:34:00,
17357,10288,11,5,28,4,14:51:00,
17358,10289,47,1,5,7,17:08:00,
17359,10290,39,1,24,10,10:58:00,
17360,10291,20,8,29,10,12:41:00,
17361,10291,5,3,36,12,12:21:00,
17362,10292,59,5,23,10,12:29:00,
17363,10292,8,1,24,6,12:02:00,
17364,10293,43,5,34,11,10:54:00,
17365,10293,66,1,27,14,10:44:00,
17366,10293,8,5,32,12,10:08:00,
17367,10294,45,5,44,6,09:06:00,
17368,10295,10,5,13,11,11:52:00,
17369,10295,45,1,37,12,12:21:00,
17370,10296,30,6,43,5,16:04:00,
17371,10296,61,1,26,11,15:57:00,
17372,10297,53,2,23,4,13:25:00,
17373,10298,11,6,38,10,16:50:00,
17374,10298,8,4,23,14,16:52:00,
17375,10299,10,1,22,5,11:31:00,
17376,10300,69,5,26,11,13:47:00,
17377,10300,59,7,14,6,13:20:00,
17378,10301,13,1,21,10,15:21:00,
17379,10302,29,8,31,13,11:27:00,
17380,10303,23,4,44,12,11:48:00,
17381,10304,1,3,45,5,14:08:00,
17382,10305,73,2,13,7,17:02:00,
17383,10305,65,4,35,12,16:46:00,
17384,10306,1,1,27,12,16:11:00,
17385,10306,46,1,23,13,16:26:00,
17386,10307,56,4,22,7,14:14:00,
17387,10308,57,3,11,3,14:06:00,
17388,10308,11,5,40,3,14:33:00,
17389,10309,68,3,35,2,16:52:00,
17390,10309,69,5,39,12,16:11:00,
17391,10309,13,6,32,7,17:18:00,
17392,10310,65,6,37,3,13:54:00,
17393,10310,45,3,49,13,13:59:00,
17394,10311,48,7,21,3,14:31:00,
17395,10311,30,4,25,2,13:05:00,
17396,10312,20,2,27,1,15:02:00,
17397,10312,30,7,37,13,15:10:00,
17398,10313,46,3,23,1,11:03:00,
17399,10313,12,4,30,12,11:06:00,
17400,10314,52,3,28,7,13:45:00,
17401,10315,66,4,29,13,15:12:00,
17402,10315,59,3,28,4,15:10:00,
17403,10316,71,5,24,2,10:52:00,
17404,10316,73,1,13,13,10:58:00,
17405,10316,62,2,28,10,10:46:00,
17406,10317,48,7,14,14,16:26:00,
17407,10317,42,7,25,11,16:32:00,
17408,10318,56,2,28,10,13:49:00,
17409,10319,67,3,25,2,13:57:00,
17410,10319,20,4,33,12,13:06:00,
17411,10320,5,2,25,4,14:12:00,
17412,10320,50,8,28,11,14:11:00,
17413,10321,73,6,23,11,13:16:00,
17414,10322,43,2,32,14,14:53:00,
17415,10323,43,1,34,13,15:19:00,
17416,10324,11,3,28,10,12:29:00,
17417,10325,68,7,41,7,14:38:00,
17418,10325,5,1,45,5,15:10:00,
17419,10325,67,3,21,14,15:42:00,
17420,10326,44,6,18,14,10:27:00,
17421,10326,10,2,38,3,10:39:00,
17422,10327,34,7,35,2,15:38:00,
17423,10328,29,2,34,6,10:10:00,
17424,10328,34,4,34,2,09:20:00,
17425,10329,19,7,22,7,12:09:00,
17426,10329,8,2,37,5,12:26:00,
17427,10330,8,5,30,13,15:30:00,
17428,10331,71,1,17,14,18:03:00,
17429,10331,44,5,19,13,16:43:00,
17430,10331,66,4,18,6,17:05:00,
17431,10332,23,8,30,2,14:16:00,
17432,10333,45,1,29,11,11:16:00,
17433,10333,12,7,31,12,10:14:00,
17434,10334,23,2,34,5,14:14:00,
17435,10335,68,1,32,5,16:20:00,
17436,10335,12,8,28,7,16:20:00,
17437,10336,56,7,27,10,12:10:00,
17438,10336,68,3,41,5,11:13:00,
17439,10337,59,6,27,2,09:58:00,
17440,10337,57,1,32,11,10:07:00,
17441,10338,66,3,34,5,13:04:00,
17442,10338,20,5,46,13,13:19:00,
17443,10338,69,2,40,11,14:00:00,
17444,10339,66,3,35,7,14:07:00,
17445,10339,67,8,37,5,14:56:00,
17446,10340,71,3,21,6,11:46:00,
17447,10340,51,7,17,13,12:38:00,
17448,10341,39,3,22,10,13:36:00,
17449,10341,69,8,36,10,13:36:00,
17450,10342,44,4,16,4,17:26:00,
17451,10342,69,4,41,10,17:52:00,
17452,10342,12,7,24,5,17:46:00,
17453,10343,65,2,27,5,10:53:00,
17454,10344,34,8,38,4,14:23:00,
17455,10344,66,7,39,3,13:35:00,
17456,10345,45,6,37,3,15:55:00,
17457,10346,48,8,28,7,16:33:00,
17458,10346,66,6,20,11,17:17:00,
17459,10347,52,1,40,11,10:04:00,
17460,10347,12,7,26,10,10:59:00,
17461,10348,13,2,25,7,13:38:00,
17462,10349,44,4,23,3,10:17:00,
17463,10349,8,4,33,6,10:33:00,
17464,10350,68,1,33,14,15:28:00,
17465,10350,8,5,34,3,15:43:00,
17466,10351,11,1,42,3,11:27:00,
17467,10352,42,1,50,6,15:21:00,
17468,10352,46,2,34,2,14:04:00,
17469,10352,62,7,33,12,14:30:00,
17470,10353,57,4,24,2,12:16:00,
17471,10353,48,4,27,13,12:10:00,
17472,10353,53,2,27,4,11:50:00,
17473,10354,46,1,22,11,17:20:00,
17474,10354,13,1,38,13,16:39:00,
17475,10354,50,3,25,12,17:39:00,
17476,10355,20,3,40,13,13:26:00,
17477,10356,19,6,28,7,16:52:00,
17478,10357,5,6,43,4,09:25:00,
17479,10358,42,2,38,13,16:55:00,
17480,10358,61,4,27,12,17:22:00,
17481,10359,53,7,23,11,12:31:00,
17482,10360,56,2,29,4,09:42:00,
17483,10361,43,8,24,10,16:32:00,
17484,10362,1,7,45,2,13:41:00,
17485,10362,47,2,10,11,13:29:00,
17486,10363,13,3,30,12,12:59:00,
17487,10363,59,2,20,10,14:18:00,
17488,10364,59,7,32,11,16:18:00,
17489,10364,51,3,46,11,16:15:00,
17490,10365,57,1,24,7,12:29:00,
17491,10366,62,8,37,12,10:05:00,
17492,10366,43,5,34,6,09:58:00,
17493,10366,61,4,19,11,10:27:00,
17494,10367,68,1,22,10,16:28:00,
17495,10367,53,3,35,4,15:50:00,
17496,10368,30,8,25,11,09:40:00,
17497,10369,43,3,36,3,12:22:00,
17498,10370,12,1,30,2,16:27:00,
17499,10370,50,3,24,4,16:15:00,
17500,10371,19,1,22,7,14:11:00,
17501,10371,12,2,26,5,14:26:00,
17502,10372,59,6,18,5,12:35:00,
17503,10373,71,8,16,5,13:57:00,
17504,10373,30,1,24,7,13:50:00,
17505,10374,57,1,23,2,14:17:00,
17506,10374,44,1,24,1,14:30:00,
17507,10375,20,7,34,11,14:52:00,
17508,10375,13,7,37,2,14:57:00,
17509,10376,42,5,27,4,16:05:00,
17510,10376,68,3,31,7,15:54:00,
17511,10377,61,8,42,7,12:30:00,
17512,10377,56,6,42,7,12:46:00,
17513,10377,69,4,35,10,12:29:00,
17514,10378,53,6,27,10,09:22:00,
17515,10379,19,4,25,12,17:23:00,
17516,10380,1,5,25,13,10:59:00,
17517,10380,67,8,22,7,10:29:00,
17518,10380,23,2,37,5,09:58:00,
17519,10381,29,7,34,12,10:26:00,
17520,10381,62,2,30,13,10:45:00,
17521,10382,43,4,30,6,13:58:00,
17522,10382,12,8,23,12,13:27:00,
17523,10383,69,1,32,6,15:59:00,
17524,10384,52,5,7,3,16:03:00,
17525,10385,65,3,34,2,13:16:00,
17526,10385,29,4,18,7,13:16:00,
17527,10386,68,7,40,13,16:10:00,
17528,10386,56,7,16,10,16:01:00,
17529,10387,19,4,35,5,15:05:00,
17530,10388,50,2,30,6,10:24:00,
17531,10389,30,6,41,7,10:23:00,
17532,10389,14,7,36,5,11:17:00,
17533,10390,43,1,32,12,15:22:00,
17534,10390,29,6,20,12,15:39:00,
17535,10390,50,3,27,13,15:38:00,
17536,10391,61,4,30,13,09:11:00,
17537,10392,53,4,36,3,12:39:00,
17538,10393,52,7,32,4,16:03:00,
17539,10393,20,8,22,6,16:09:00,
17540,10394,20,6,19,2,14:42:00,
17541,10395,51,2,27,6,12:34:00,
17542,10396,47,1,35,5,11:04:00,
17543,10397,48,2,34,12,10:15:00,
17544,10397,57,6,17,2,10:13:00,
17545,10398,44,3,27,11,17:27:00,
17546,10398,67,6,20,14,18:03:00,
17547,10399,67,7,29,5,12:27:00,
17548,10399,1,6,25,13,12:56:00,
17549,10400,56,1,25,5,15:22:00,
17550,10400,30,2,43,11,15:18:00,
17551,10401,29,7,32,11,15:26:00,
17552,10401,48,8,19,1,15:54:00,
17553,10402,61,3,33,1,16:05:00,
17554,10402,10,6,26,1,15:33:00,
17555,10403,34,4,29,7,11:16:00,
17556,10404,66,2,21,10,10:33:00,
17557,10404,10,5,29,11,09:44:00,
17558,10404,45,3,37,11,10:16:00,
17559,10405,13,1,33,2,16:45:00,
17560,10406,20,3,24,2,16:46:00,
17561,10406,44,6,16,1,17:40:00,
17562,10407,1,7,25,13,13:41:00,
17563,10408,52,4,22,12,14:27:00,
17564,10408,19,3,33,13,14:40:00,
17565,10409,8,4,39,13,13:26:00,
17566,10410,13,4,43,6,12:35:00,
17567,10411,11,8,24,3,12:24:00,
17568,10411,50,8,40,14,12:07:00,
17569,10412,56,6,32,4,15:19:00,
17570,10413,45,6,25,5,12:49:00,
17571,10413,65,6,24,13,12:52:00,
17572,10413,13,7,37,6,12:47:00,
17573,10414,12,7,31,4,14:04:00,
17574,10415,19,8,20,5,12:38:00,
17575,10415,56,6,43,11,12:55:00,
17576,10415,34,1,25,11,12:12:00,
17577,10416,23,2,34,11,11:31:00,
17578,10417,53,5,27,11,14:27:00,
17579,10418,69,8,43,2,13:27:00,
17580,10418,10,1,20,12,12:33:00,
17581,10419,43,2,43,7,11:46:00,
17582,10419,34,7,29,6,11:56:00,
17583,10420,14,4,23,3,13:28:00,
17584,10421,20,7,31,2,11:33:00,
17585,10422,8,3,38,3,10:51:00,
17586,10422,10,5,28,12,12:09:00,
17587,10422,58,4,49,3,12:12:00,
17588,10423,66,6,29,14,16:44:00,
17589,10423,57,4,22,14,16:39:00,
17590,10424,29,6,26,2,13:37:00,
17591,10425,51,7,23,1,15:18:00,
17592,10426,42,7,45,2,12:39:00,
17593,10427,1,1,30,4,11:21:00,
17594,10427,42,4,29,3,10:57:00,
17595,10428,52,7,25,14,13:43:00,
17596,10428,58,6,27,6,14:14:00,
17597,10429,57,1,12,6,10:44:00,
17598,10430,58,1,39,13,15:30:00,
17599,10430,14,8,19,12,15:21:00,
17600,10430,5,5,52,5,15:18:00,
17601,10431,68,1,39,5,12:49:00,
17602,10432,43,7,30,6,13:33:00,
17603,10433,12,4,32,6,13:29:00,
17604,10433,65,3,31,6,12:40:00,
17605,10434,42,4,35,2,15:01:00,
17606,10434,56,3,35,5,15:06:00,
17607,10435,71,6,23,4,10:18:00,
17608,10436,43,1,43,7,12:00:00,
17609,10437,46,4,34,10,13:46:00,
17610,10437,67,3,24,12,14:42:00,
17611,10438,13,6,33,10,13:47:00,
17612,10439,34,4,43,5,17:01:00,
17613,10440,56,2,43,3,16:47:00,
17614,10440,67,6,35,5,16:55:00,
17615,10440,13,8,18,12,16:43:00,
17616,10441,1,7,35,6,13:56:00,
17617,10442,29,2,38,11,14:17:00,
17618,10442,69,1,35,14,14:24:00,
17619,10443,61,2,38,6,10:06:00,
17620,10443,45,1,35,12,10:04:00,
17621,10444,23,5,29,10,11:48:00,
17622,10445,53,6,36,6,12:21:00,
17623,10445,8,5,32,11,12:36:00,
17624,10446,58,7,36,14,13:43:00,
17625,10447,61,5,30,5,11:52:00,
17626,10448,42,5,38,3,11:22:00,
17627,10449,56,3,23,6,14:06:00,
17628,10450,46,4,31,7,13:04:00,
17629,10451,52,2,20,4,13:53:00,
17630,10452,73,7,26,4,14:37:00,
17631,10452,20,3,52,1,14:57:00,
17632,10453,34,8,45,6,15:39:00,
17633,10454,69,7,32,5,16:40:00,
17634,10454,39,5,30,5,17:13:00,
17635,10455,20,7,45,6,09:54:00,
17636,10455,69,4,41,6,09:57:00,
17637,10456,53,4,17,13,17:38:00,
17638,10456,65,6,34,10,16:59:00,
17639,10457,59,7,41,14,13:48:00,
17640,10457,58,7,39,6,14:11:00,
17641,10458,61,4,35,10,14:52:00,
17642,10458,69,6,25,11,14:19:00,
17643,10459,42,5,26,13,17:26:00,
17644,10460,30,3,36,4,14:51:00,
17645,10460,58,2,36,14,15:43:00,
17646,10461,65,6,27,1,10:54:00,
17647,10462,45,1,36,4,10:34:00,
17648,10462,58,1,48,13,10:11:00,
17649,10463,51,2,30,6,11:15:00,
17650,10464,34,6,33,11,10:56:00,
17651,10464,46,6,25,7,10:54:00,
17652,10465,67,3,14,7,16:11:00,
17653,10466,39,7,18,6,13:49:00,
17654,10466,42,2,32,3,13:10:00,
17655,10466,43,8,32,14,13:02:00,
17656,10467,39,5,24,2,13:27:00,
17657,10468,47,2,18,6,10:25:00,
17658,10468,68,6,34,14,10:37:00,
17659,10469,56,6,30,4,13:38:00,
17660,10470,34,4,38,7,11:41:00,
17661,10471,12,2,30,2,15:25:00,
17662,10472,65,1,26,6,10:28:00,
17663,10472,43,5,45,2,10:14:00,
17664,10472,69,4,47,12,10:34:00,
17665,10473,69,1,32,5,09:57:00,
17666,10474,51,2,34,11,16:32:00,
17667,10475,30,4,44,3,12:17:00,
17668,10475,10,6,38,13,12:14:00,
17669,10475,46,2,23,7,12:29:00,
17670,10476,45,2,26,10,18:00:00,
17671,10477,11,4,28,14,10:40:00,
17672,10478,39,5,24,5,14:56:00,
17673,10478,19,3,28,11,14:12:00,
17674,10479,12,3,43,11,11:37:00,
17675,10480,61,2,40,7,16:49:00,
17676,10480,43,7,36,14,17:19:00,
17677,10481,23,8,35,14,16:24:00,
17678,10481,45,4,32,14,15:34:00,
17679,10481,61,5,18,6,16:30:00,
17680,10482,29,8,24,6,12:24:00,
17681,10482,45,2,35,10,12:30:00,
17682,10483,45,2,30,2,16:28:00,
17683,10483,62,1,22,3,16:24:00,
17684,10483,69,8,20,4,15:55:00,
17685,10484,66,6,32,6,12:07:00,
17686,10485,73,1,30,10,11:08:00,
17687,10485,5,5,29,12,11:04:00,
17688,10486,30,4,28,3,15:52:00,
17689,10487,8,8,27,1,15:09:00,
17690,10487,29,6,28,11,14:38:00,
17691,10487,46,4,17,12,14:40:00,
17692,10488,71,7,12,6,12:30:00,
17693,10488,59,6,18,1,13:15:00,
17694,10489,68,2,39,6,13:09:00,
17695,10490,19,4,15,7,15:39:00,
17696,10491,45,7,46,14,12:37:00,
17697,10492,42,7,42,13,14:05:00,
17698,10492,10,2,39,6,15:21:00,
17699,10492,13,4,36,14,14:34:00,
17700,10493,10,4,17,2,12:11:00,
17701,10494,19,6,30,4,10:02:00,
17702,10494,42,1,25,14,09:51:00,
17703,10495,46,5,42,12,09:53:00,
17704,10496,30,8,33,14,12:38:00,
17705,10497,53,3,32,11,17:01:00,
17706,10498,43,6,25,14,13:47:00,
17707,10498,1,4,33,14,14:03:00,
17708,10498,71,8,15,2,14:02:00,
17709,10499,59,3,24,10,13:48:00,
17710,10500,50,6,9,7,12:36:00,
17711,10500,61,5,30,3,12:22:00,
17712,10501,44,7,20,11,15:13:00,
17713,10501,73,6,19,7,15:42:00,
17714,10501,65,4,41,13,15:10:00,
17715,10502,44,8,25,13,15:31:00,
17716,10502,1,2,39,2,15:17:00,
17717,10502,19,7,26,3,15:30:00,
17718,10503,8,4,21,4,12:13:00,
17719,10504,73,3,23,2,14:22:00,
17720,10504,56,1,40,14,14:26:00,
17721,10505,20,6,26,10,09:07:00,
17722,10505,34,7,40,2,09:40:00,
17723,10506,23,7,37,7,13:48:00,
17724,10507,34,4,33,12,16:22:00,
17725,10507,56,8,32,14,16:23:00,
17726,10508,12,5,22,7,15:18:00,
17727,10508,56,4,25,11,15:33:00,
17728,10509,57,4,30,4,17:13:00,
17729,10510,58,7,30,13,09:49:00,
17730,10510,67,8,34,12,09:19:00,
17731,10511,19,2,25,1,09:49:00,
17732,10512,57,1,24,14,15:22:00,
17733,10512,14,6,10,6,15:26:00,
17734,10512,11,8,22,2,15:48:00,
17735,10513,29,7,37,5,15:50:00,
17736,10513,62,1,29,1,15:28:00,
17737,10514,34,4,37,4,10:06:00,
17738,10514,11,7,24,3,10:02:00,
17739,10515,30,5,33,2,17:07:00,
17740,10516,53,3,34,7,16:21:00,
17741,10517,20,8,37,10,15:13:00,
17742,10518,42,1,30,5,16:54:00,
17743,10519,34,5,23,6,11:21:00,
17744,10520,59,4,22,7,16:30:00,
17745,10521,10,5,25,2,11:39:00,
17746,10522,53,5,17,11,15:10:00,
17747,10522,62,6,27,2,14:21:00,
17748,10523,57,4,18,5,12:09:00,
17749,10523,12,1,29,14,12:01:00,
17750,10523,68,8,36,3,12:15:00,
17751,10524,53,7,34,7,13:00:00,
17752,10524,51,2,19,13,12:23:00,
17753,10524,42,3,46,11,11:52:00,
17754,10525,67,1,33,1,16:42:00,
17755,10525,57,2,25,7,16:59:00,
17756,10526,50,8,26,13,11:08:00,
17757,10527,11,3,20,6,16:05:00,
17758,10528,30,1,38,14,14:23:00,
17759,10529,42,2,36,1,15:23:00,
17760,10530,61,7,29,2,15:10:00,
17761,10530,48,1,20,3,15:27:00,
17762,10530,57,2,13,1,15:12:00,
17763,10531,73,3,26,14,14:11:00,
17764,10532,48,8,27,4,16:18:00,
17765,10533,29,8,15,7,12:15:00,
17766,10533,23,2,19,1,11:36:00,
17767,10534,43,5,27,10,10:25:00,
17768,10534,59,1,15,3,10:46:00,
17769,10534,62,5,30,5,10:07:00,
17770,10535,12,2,37,13,14:06:00,
17771,10535,1,8,35,1,14:15:00,
17772,10536,34,5,16,11,10:05:00,
17773,10537,42,8,45,1,16:31:00,
17774,10538,50,4,32,7,09:22:00,
17775,10538,29,8,31,1,10:25:00,
17776,10539,73,3,20,5,10:39:00,
17777,10539,14,2,34,5,11:17:00,
17778,10539,43,7,38,7,10:11:00,
17779,10540,58,8,21,14,17:05:00,
17780,10541,8,7,30,11,11:19:00,
17781,10542,39,3,16,1,15:58:00,
17782,10543,13,3,32,10,13:49:00,
17783,10543,8,6,25,10,13:24:00,
17784,10544,14,2,38,13,12:33:00,
17785,10545,71,4,21,2,12:23:00,
17786,10545,61,2,46,11,12:55:00,
17787,10546,46,3,26,5,09:43:00,
17788,10547,44,4,27,3,12:24:00,
17789,10547,61,4,27,5,12:26:00,
17790,10547,12,4,35,14,13:10:00,
17791,10548,19,5,46,14,12:50:00,
17792,10548,61,3,28,6,11:37:00,
17793,10549,20,3,46,11,14:03:00,
17794,10549,62,5,12,11,13:47:00,
17795,10550,42,6,21,7,09:44:00,
17796,10550,71,6,22,5,09:48:00,
17797,10550,34,4,37,12,09:12:00,
17798,10551,46,2,35,14,15:08:00,
17799,10551,45,5,22,5,15:20:00,
17800,10551,65,2,33,13,15:17:00,
17801,10552,1,6,13,4,11:49:00,
17802,10553,68,3,38,3,16:09:00,
17803,10554,65,8,36,6,14:25:00,
17804,10554,23,6,56,14,15:02:00,
17805,10554,42,6,49,3,14:06:00,
17806,10555,20,3,40,2,14:42:00,
17807,10555,50,5,33,13,14:13:00,
17808,10555,44,7,24,10,14:47:00,
17809,10556,65,7,25,1,14:24:00,
17810,10557,8,5,35,7,16:52:00,
17811,10558,47,7,16,1,15:11:00,
17812,10559,65,3,26,13,12:23:00,
17813,10560,68,8,32,4,11:36:00,
17814,10560,12,2,26,3,11:46:00,
17815,10560,11,6,38,11,11:23:00,
17816,10561,19,3,5,11,12:35:00,
17817,10561,61,4,25,14,12:37:00,
17818,10561,53,3,21,7,13:28:00,
17819,10562,53,3,25,1,14:54:00,
17820,10563,68,7,31,14,11:52:00,
17821,10564,14,5,36,4,16:11:00,
17822,10565,45,3,45,2,14:15:00,
17823,10565,56,7,41,10,14:13:00,
17824,10566,12,8,27,14,13:29:00,
17825,10566,68,2,33,11,14:06:00,
17826,10566,58,2,32,12,13:29:00,
17827,10567,71,1,7,11,15:24:00,
17828,10568,29,7,21,7,12:05:00,
17829,10569,10,8,30,1,15:20:00,
17830,10569,69,6,29,11,14:46:00,
17831,10570,19,2,34,12,09:30:00,
17832,10570,57,3,25,12,09:25:00,
17833,10571,61,5,33,5,15:45:00,
17834,10572,53,4,27,12,11:22:00,
17835,10572,45,1,33,11,10:45:00,
17836,10572,65,3,31,4,11:06:00,
17837,10573,52,5,37,4,09:55:00,
17838,10574,5,7,38,14,12:58:00,
17839,10574,73,7,21,7,12:48:00,
17840,10575,71,4,37,7,12:55:00,
17841,10575,44,8,5,2,12:41:00,
17842,10575,52,7,31,7,12:51:00,
17843,10576,11,7,36,5,13:01:00,
17844,10576,52,1,49,14,12:53:00,
17845,10577,1,6,38,2,10:50:00,
17846,10577,73,4,15,13,11:23:00,
17847,10578,23,7,23,13,14:34:00,
17848,10578,65,5,22,4,14:35:00,
17849,10579,50,4,25,10,11:23:00,
17850,10579,52,1,39,11,11:20:00,
17851,10580,71,8,31,3,12:03:00,
17852,10580,20,4,41,4,12:26:00,
17853,10581,14,6,22,11,16:26:00,
17854,10582,50,8,33,3,12:06:00,
17855,10583,73,1,20,12,11:10:00,
17856,10583,12,1,17,11,11:17:00,
17857,10584,47,8,30,14,16:49:00,
17858,10585,46,7,31,1,17:15:00,
17859,10585,47,8,12,4,16:30:00,
17860,10586,68,3,29,4,17:38:00,
17861,10587,73,2,13,11,14:15:00,
17862,10588,61,6,34,6,13:50:00,
17863,10588,39,6,36,11,13:10:00,
17864,10589,56,7,23,12,14:33:00,
17865,10589,29,6,30,7,14:23:00,
17866,10590,59,8,18,13,16:25:00,
17867,10590,65,1,29,6,17:31:00,
17868,10590,42,8,36,10,17:07:00,
17869,10591,11,1,26,5,14:47:00,
17870,10591,45,7,31,1,14:17:00,
17871,10592,39,8,19,1,11:43:00,
17872,10592,30,1,20,13,11:21:00,
17873,10593,47,5,32,2,13:44:00,
17874,10594,53,5,25,4,14:49:00,
17875,10595,14,6,29,6,17:45:00,
17876,10595,11,3,33,3,17:53:00,
17877,10596,44,5,5,7,14:51:00,
17878,10596,34,6,20,7,14:59:00,
17879,10597,59,7,49,4,11:05:00,
17880,10597,43,4,29,10,11:02:00,
17881,10598,10,6,24,13,09:50:00,
17882,10599,66,8,11,14,16:25:00,
17883,10599,39,2,22,13,16:43:00,
17884,10600,47,2,29,3,09:39:00,
17885,10600,44,7,21,7,09:29:00,
17886,10601,13,4,41,4,11:01:00,
17887,10601,5,3,38,10,11:04:00,
17888,10602,14,2,31,11,13:25:00,
17889,10602,73,2,40,4,13:38:00,
17890,10603,44,2,18,4,16:26:00,
17891,10603,48,3,7,7,16:45:00,
17892,10604,71,3,28,7,09:28:00,
17893,10604,14,7,16,3,09:13:00,
17894,10605,11,1,37,4,16:20:00,
17895,10606,48,8,32,4,13:23:00,
17896,10606,45,8,21,14,13:20:00,
17897,10606,5,1,52,3,13:21:00,
17898,10607,53,1,22,10,10:17:00,
17899,10608,29,1,25,7,10:37:00,
17900,10608,48,8,22,6,10:23:00,
17901,10609,8,1,16,2,13:40:00,
17902,10609,14,3,16,14,13:43:00,
17903,10610,10,1,22,3,17:27:00,
17904,10610,73,4,5,2,16:35:00,
17905,10611,58,7,24,7,09:49:00,
17906,10611,48,8,23,13,09:10:00,
17907,10612,39,2,21,2,15:28:00,
17908,10612,47,6,29,12,15:20:00,
17909,10613,56,1,34,1,12:30:00,
17910,10613,61,3,23,1,12:08:00,
17911,10614,48,3,23,7,15:19:00,
17912,10614,34,4,24,1,16:06:00,
17913,10615,68,6,17,14,15:24:00,
17914,10615,70,4,43,11,15:34:00,
17915,10616,62,8,14,13,15:11:00,
17916,10616,12,1,17,10,14:56:00,
17917,10617,62,4,40,7,16:06:00,
17918,10618,1,6,20,2,13:55:00,
17919,10618,44,1,5,3,13:51:00,
17920,10619,23,7,29,7,15:34:00,
17921,10619,44,4,29,6,15:04:00,
17922,10620,39,6,23,3,12:18:00,
17923,10621,61,2,47,3,11:17:00,
17924,10621,14,1,16,2,11:16:00,
17925,10622,29,2,21,10,10:48:00,
17926,10622,19,7,29,11,11:38:00,
17927,10622,20,6,51,6,11:43:00,
17928,10623,13,8,29,12,13:00:00,
17929,10623,42,4,49,7,13:00:00,
17930,10624,69,2,27,5,15:40:00,
17931,10624,5,7,33,10,15:14:00,
17932,10624,12,4,29,7,14:36:00,
17933,10625,8,2,32,4,13:04:00,
17934,10625,45,7,43,2,12:46:00,
17935,10625,42,6,35,1,13:19:00,
17936,10626,30,1,44,12,15:46:00,
17937,10626,53,8,28,12,16:01:00,
17938,10627,61,8,30,6,13:50:00,
17939,10628,12,8,31,13,11:17:00,
17940,10628,42,1,19,13,11:21:00,
17941,10628,59,8,16,5,11:28:00,
17942,10629,73,7,33,14,17:27:00,
17943,10630,34,5,38,2,16:22:00,
17944,10631,39,8,37,6,17:29:00,
17945,10631,53,1,18,5,17:02:00,
17946,10631,20,1,33,10,16:18:00,
17947,10632,39,2,18,10,13:12:00,
17948,10632,43,4,17,4,13:06:00,
17949,10632,30,8,25,3,13:16:00,
17950,10633,69,6,18,4,15:25:00,
17951,10633,68,4,34,5,16:12:00,
17952,10634,12,5,18,2,09:42:00,
17953,10634,23,6,41,3,09:56:00,
17954,10634,44,3,23,7,10:01:00,
17955,10635,44,4,5,2,14:18:00,
17956,10635,42,1,45,14,14:09:00,
17957,10636,19,1,28,3,13:54:00,
17958,10636,52,7,36,2,14:46:00,
17959,10637,44,5,12,14,10:27:00,
17960,10637,59,4,20,5,11:42:00,
17961,10637,43,5,27,7,10:52:00,
17962,10638,23,8,31,3,15:13:00,
17963,10638,71,8,18,7,15:47:00,
17964,10638,66,1,9,14,14:53:00,
17965,10639,45,1,38,1,12:13:00,
17966,10639,50,2,28,3,12:28:00,
17967,10640,51,2,22,6,10:33:00,
17968,10640,62,6,29,13,10:34:00,
17969,10641,71,4,27,5,11:19:00,
17970,10641,39,1,23,10,11:05:00,
17971,10642,69,6,18,14,15:27:00,
17972,10643,48,2,29,1,13:01:00,
17973,10643,14,5,26,13,14:21:00,
17974,10644,69,6,31,1,10:44:00,
17975,10644,13,5,26,5,10:18:00,
17976,10644,47,6,19,4,10:24:00,
17977,10645,62,4,32,1,10:24:00,
17978,10645,51,2,12,4,10:27:00,
17979,10646,5,3,29,4,14:08:00,
17980,10647,52,3,29,7,10:21:00,
17981,10647,48,3,5,11,10:05:00,
17982,10648,62,5,38,12,11:42:00,
17983,10649,39,5,19,12,17:20:00,
17984,10649,67,7,8,3,17:16:00,
17985,10649,62,3,22,2,17:43:00,
17986,10650,48,2,32,12,11:15:00,
17987,10650,67,1,21,1,10:18:00,
17988,10651,62,2,21,1,15:43:00,
17989,10651,73,7,24,4,15:36:00,
17990,10652,69,4,36,5,16:34:00,
17991,10652,39,5,33,12,16:36:00,
17992,10652,67,5,24,12,16:24:00,
17993,10653,42,7,28,5,15:56:00,
17994,10654,51,3,43,6,11:49:00,
17995,10654,47,1,10,12,10:53:00,
17996,10654,1,8,40,1,12:05:00,
17997,10655,30,1,27,12,09:55:00,
17998,10656,58,5,42,1,14:12:00,
17999,10656,73,1,20,6,13:48:00,
18000,10657,1,1,22,10,12:12:00,
18001,10657,34,3,42,4,12:33:00,
18002,10657,67,7,20,6,12:42:00,
18003,10658,45,4,48,10,12:38:00,
18004,10659,71,3,21,14,16:50:00,
18005,10660,13,7,21,5,16:50:00,
18006,10660,29,7,14,13,16:24:00,
18007,10661,1,6,32,7,11:08:00,
18008,10662,61,1,20,14,15:00:00,
18009,10662,34,5,30,2,14:59:00,
18010,10663,20,8,36,6,15:09:00,
18011,10663,71,2,12,13,15:12:00,
18012,10664,53,7,32,13,14:30:00,
18013,10664,61,6,44,4,14:27:00,
18014,10664,73,2,24,12,14:16:00,
18015,10665,23,2,29,3,11:23:00,
18016,10666,20,4,36,4,12:56:00,
18017,10666,7,5,16,12,12:59:00,
18018,10667,39,3,27,5,16:22:00,
18019,10668,23,5,45,5,16:06:00,
18020,10668,10,6,28,7,16:02:00,
18021,10669,44,5,21,2,16:23:00,
18022,10670,53,5,34,4,15:19:00,
18023,10670,14,7,14,3,15:25:00,
18024,10671,23,3,20,14,11:49:00,
18025,10672,45,6,51,6,16:38:00,
18026,10673,48,4,27,13,12:21:00,
18027,10674,58,2,24,11,12:22:00,
18028,10674,66,5,23,10,13:24:00,
18029,10675,69,7,45,11,12:17:00,
18030,10675,48,1,11,11,12:28:00,
18031,10676,14,7,27,2,15:22:00,
18032,10676,70,8,33,4,14:39:00,
18033,10677,19,3,35,1,16:47:00,
18034,10677,10,8,34,3,17:11:00,
18035,10677,23,6,47,12,17:18:00,
18036,10678,68,1,30,2,17:22:00,
18037,10678,66,2,25,5,17:03:00,
18038,10679,73,3,7,11,09:14:00,
18039,10679,51,3,20,7,09:22:00,
18040,10679,71,5,29,1,09:16:00,
18041,10680,69,1,26,13,15:28:00,
18042,10680,47,5,23,11,15:32:00,
18043,10680,11,8,27,12,15:02:00,
18044,10681,43,1,30,4,17:14:00,
18045,10681,44,8,25,4,16:56:00,
18046,10681,73,6,14,6,17:07:00,
18047,10682,65,4,30,12,11:07:00,
18048,10683,71,8,22,12,10:31:00,
18049,10683,53,7,23,3,10:24:00,
18050,10684,50,4,27,7,16:59:00,
18051,10684,68,5,38,13,17:11:00,
18052,10685,34,8,35,1,11:53:00,
18053,10685,48,3,22,14,11:23:00,
18054,10686,10,2,20,1,10:54:00,
18055,10686,8,8,29,1,10:47:00,
18056,10687,34,5,32,4,14:48:00,
18057,10688,69,7,40,3,14:53:00,
18058,10689,68,4,33,6,12:51:00,
18059,10689,10,1,25,13,13:17:00,
18060,10690,14,4,13,11,11:54:00,
18061,10690,5,1,34,5,12:01:00,
18062,10691,5,3,27,10,11:02:00,
18063,10692,73,3,24,6,14:54:00,
18064,10693,11,1,37,1,16:57:00,
18065,10693,69,1,37,2,16:48:00,
18066,10694,59,3,17,4,16:36:00,
18067,10694,71,6,21,5,16:27:00,
18068,10695,42,6,37,10,15:06:00,
18069,10696,51,4,39,4,15:32:00,
18070,10696,53,7,32,7,16:04:00,
18071,10697,43,1,47,5,13:21:00,
18072,10697,14,8,28,7,13:36:00,
18073,10698,12,6,18,13,09:43:00,
18074,10698,44,7,17,3,10:15:00,
18075,10698,1,1,22,11,10:13:00,
18076,10699,52,5,25,1,11:45:00,
18077,10699,7,6,46,13,12:47:00,
18078,10700,5,1,38,14,14:59:00,
18079,10700,29,8,31,14,15:55:00,
18080,10700,71,1,22,14,15:16:00,
18081,10701,71,5,11,10,15:32:00,
18082,10702,52,7,25,7,13:35:00,
18083,10702,66,4,22,3,14:22:00,
18084,10703,66,1,25,6,15:24:00,
18085,10703,50,1,37,11,14:42:00,
18086,10704,11,8,40,3,16:52:00,
18087,10704,14,6,28,5,16:45:00,
18088,10704,52,8,32,1,16:54:00,
18089,10705,59,7,24,10,09:40:00,
18090,10705,11,2,27,2,09:40:00,
18091,10705,29,2,44,3,09:53:00,
18092,10706,14,2,17,7,10:35:00,
18093,10706,10,4,16,14,10:29:00,
18094,10706,30,5,27,4,10:46:00,
18095,10707,71,2,33,2,14:40:00,
18096,10707,30,6,25,7,15:36:00,
18097,10708,67,3,37,14,10:21:00,
18098,10708,47,4,7,1,10:27:00,
18099,10709,39,2,23,13,15:00:00,
18100,10709,29,6,32,2,15:15:00,
18101,10710,8,2,23,5,15:55:00,
18102,10710,7,4,32,12,16:46:00,
18103,10711,69,7,36,14,15:27:00,
18104,10712,69,5,20,12,10:09:00,
18105,10713,57,8,16,6,12:46:00,
18106,10713,69,7,23,14,12:43:00,
18107,10714,1,5,28,1,12:04:00,
18108,10714,67,8,36,12,10:39:00,
18109,10715,44,8,8,4,13:53:00,
18110,10716,14,4,25,5,13:52:00,
18111,10716,52,7,39,5,12:52:00,
18112,10717,42,6,45,14,11:37:00,
18113,10717,53,7,14,11,12:14:00,
18114,10717,1,3,35,1,12:00:00,
18115,10718,12,8,24,7,11:02:00,
18116,10718,44,8,22,13,11:04:00,
18117,10719,48,6,29,3,14:48:00,
18118,10719,53,3,38,12,14:40:00,
18119,10720,20,8,49,14,15:12:00,
18120,10720,14,8,19,12,15:30:00,
18121,10721,70,7,44,11,10:47:00,
18122,10721,14,2,27,7,10:52:00,
18123,10722,70,3,31,10,15:17:00,
18124,10722,65,4,40,4,15:53:00,
18125,10723,56,2,29,13,10:57:00,
18126,10723,10,7,25,6,10:26:00,
18127,10724,62,7,26,3,14:53:00,
18128,10725,29,6,24,6,09:34:00,
18129,10725,58,8,35,12,10:20:00,
18130,10726,8,8,42,4,15:15:00,
18131,10726,50,5,31,1,15:09:00,
18132,10726,56,2,22,2,14:57:00,
18133,10727,13,3,19,4,14:46:00,
18134,10727,48,4,14,3,14:41:00,
18135,10728,73,7,11,6,11:41:00,
18136,10729,66,5,19,10,11:07:00,
18137,10730,5,7,29,1,14:21:00,
18138,10731,42,1,48,14,17:33:00,
18139,10732,69,2,39,14,09:27:00,
18140,10733,39,2,28,1,12:51:00,
18141,10733,53,7,22,5,13:27:00,
18142,10733,50,3,34,4,13:00:00,
18143,10734,12,4,33,1,14:21:00,
18144,10734,50,1,24,12,14:37:00,
18145,10734,47,2,25,1,15:00:00,
18146,10735,43,2,41,3,15:50:00,
18147,10736,8,3,27,10,16:13:00,
18148,10737,51,7,15,5,15:06:00,
18149,10738,43,3,24,2,13:49:00,
18150,10739,30,7,31,13,10:41:00,
18151,10740,68,8,34,6,14:17:00,
18152,10741,13,7,37,7,15:24:00,
18153,10741,70,3,27,4,15:43:00,
18154,10742,14,5,29,7,13:36:00,
18155,10742,1,4,23,11,13:42:00,
18156,10742,68,8,40,1,13:44:00,
18157,10743,20,3,27,5,11:42:00,
18158,10744,47,6,23,3,12:01:00,
18159,10745,47,7,22,4,11:04:00,
18160,10745,61,5,24,7,11:30:00,
18161,10746,39,3,29,3,10:12:00,
18162,10747,1,4,34,4,17:05:00,
18163,10748,62,3,19,4,15:43:00,
18164,10748,70,1,38,6,16:06:00,
18165,10749,30,2,23,1,13:17:00,
18166,10750,43,8,27,2,12:05:00,
18167,10750,13,6,31,3,12:14:00,
18168,10750,68,7,41,12,12:13:00,
18169,10751,56,8,34,2,16:25:00,
18170,10752,65,6,38,10,10:59:00,
18171,10752,8,3,31,4,10:57:00,
18172,10752,58,5,45,12,10:50:00,
18173,10753,71,6,23,3,10:10:00,
18174,10754,43,2,41,6,15:26:00,
18175,10755,45,4,26,14,13:35:00,
18176,10755,57,4,31,5,13:21:00,
18177,10756,29,1,32,11,11:16:00,
18178,10757,67,8,13,7,16:10:00,
18179,10757,34,7,33,13,15:25:00,
18180,10758,11,1,31,4,14:15:00,
18181,10758,52,3,24,10,14:15:00,
18182,10759,69,7,19,13,16:11:00,
18183,10759,44,2,19,14,16:32:00,
18184,10760,67,1,23,6,12:41:00,
18185,10760,57,4,31,1,13:26:00,
18186,10760,30,1,47,2,14:14:00,
18187,10761,69,5,31,11,16:30:00,
18188,10762,14,4,30,14,14:23:00,
18189,10762,5,8,38,12,15:23:00,
18190,10763,61,8,24,6,11:10:00,
18191,10764,71,4,32,14,12:26:00,
18192,10765,68,8,26,10,09:42:00,
18193,10766,47,2,24,11,09:53:00,
18194,10767,13,6,35,14,15:22:00,
18195,10767,56,2,29,3,15:21:00,
18196,10768,44,4,27,4,16:32:00,
18197,10768,51,3,39,14,16:40:00,
18198,10768,43,2,31,2,16:21:00,
18199,10769,56,3,36,12,10:39:00,
18200,10769,5,8,40,4,11:43:00,
18201,10770,70,6,38,14,13:09:00,
18202,10771,30,6,48,6,17:22:00,
18203,10772,65,6,29,6,13:05:00,
18204,10773,10,4,23,12,13:34:00,
18205,10774,30,5,26,3,12:23:00,
18206,10774,39,1,18,10,13:24:00,
18207,10774,13,7,35,3,12:36:00,
18208,10775,65,1,31,1,16:07:00,
18209,10775,48,3,28,14,16:16:00,
18210,10776,8,5,52,13,14:29:00,
18211,10776,43,4,21,14,14:10:00,
18212,10777,1,3,15,6,11:48:00,
18213,10778,29,8,42,5,15:16:00,
18214,10779,65,4,39,2,17:19:00,
18215,10780,29,7,22,14,14:19:00,
18216,10780,42,5,34,14,14:23:00,
18217,10781,45,5,34,10,12:53:00,
18218,10781,68,2,26,7,13:04:00,
18219,10782,20,8,39,4,16:32:00,
18220,10783,44,3,16,11,10:17:00,
18221,10784,44,3,13,3,15:24:00,
18222,10784,73,8,22,4,15:00:00,
18223,10785,71,2,16,1,12:36:00,
18224,10786,8,7,27,6,13:24:00,
18225,10787,68,3,18,2,14:13:00,
18226,10788,70,4,35,4,13:07:00,
18227,10789,42,2,27,7,11:11:00,
18228,10789,53,5,19,11,11:11:00,
18229,10790,44,5,14,4,11:19:00,
18230,10791,57,8,14,7,11:31:00,
18231,10792,42,1,34,2,12:03:00,
18232,10792,66,4,32,2,12:06:00,
18233,10793,69,6,17,4,13:21:00,
18234,10794,71,7,24,10,11:11:00,
18235,10795,61,2,30,13,18:29:00,
18236,10796,12,8,29,4,12:20:00,
18237,10796,61,1,28,4,12:28:00,
18238,10796,30,5,42,11,11:37:00,
18239,10797,42,3,37,1,14:44:00,
18240,10797,1,1,24,5,14:38:00,
18241,10798,50,2,13,10,09:19:00,
18242,10799,5,3,30,4,13:16:00,
18243,10800,57,1,19,10,13:37:00,
18244,10801,44,6,7,10,13:52:00,
18245,10801,50,1,32,2,12:23:00,
18246,10801,12,7,28,4,13:03:00,
18247,10802,5,1,37,2,17:55:00,
18248,10803,5,6,36,1,13:05:00,
18249,10804,68,4,32,14,16:13:00,
18250,10805,68,4,32,3,14:57:00,
18251,10806,13,4,38,11,10:01:00,
18252,10806,61,8,30,3,10:30:00,
18253,10807,39,6,24,7,12:11:00,
18254,10808,62,1,29,2,13:37:00,
18255,10808,20,6,42,2,13:56:00,
18256,10809,42,5,39,5,14:19:00,
18257,10810,62,3,19,4,09:29:00,
18258,10810,65,8,29,14,09:30:00,
18259,10811,52,1,37,13,12:47:00,
18260,10812,39,5,33,3,15:41:00,
18261,10812,52,4,34,2,16:15:00,
18262,10813,71,6,17,4,17:01:00,
18263,10813,19,5,24,4,16:35:00,
18264,10813,70,6,29,1,17:35:00,
18265,10814,50,6,25,2,14:57:00,
18266,10814,58,7,35,1,13:54:00,
18267,10815,13,7,28,1,11:18:00,
18268,10816,23,7,19,14,09:52:00,
18269,10817,1,7,31,5,09:54:00,
18270,10818,47,6,44,2,13:43:00,
18271,10819,11,2,40,10,12:57:00,
18272,10820,45,6,51,2,13:36:00,
18273,10821,51,5,18,12,17:43:00,
18274,10821,39,3,35,1,16:38:00,
18275,10822,14,6,30,1,15:13:00,
18276,10822,44,1,22,3,16:05:00,
18277,10823,39,1,30,4,12:12:00,
18278,10823,14,5,34,2,11:38:00,
18279,10824,61,5,27,5,12:36:00,
18280,10825,43,2,36,13,15:06:00,
18281,10825,51,4,35,11,14:06:00,
18282,10825,29,7,25,6,13:55:00,
18283,10826,48,1,21,4,17:55:00,
18284,10826,11,4,32,2,17:55:00,
18285,10827,20,2,32,11,16:57:00,
18286,10828,71,1,22,12,15:53:00,
18287,10829,20,8,24,4,11:25:00,
18288,10829,8,2,39,13,11:17:00,
18289,10830,42,2,35,11,13:57:00,
18290,10830,44,5,17,11,14:17:00,
18291,10830,73,8,27,5,14:35:00,
18292,10831,7,8,27,14,11:20:00,
18293,10831,23,4,28,6,11:47:00,
18294,10832,68,7,24,7,12:11:00,
18295,10832,52,7,15,12,11:51:00,
18296,10832,47,4,27,6,11:56:00,
18297,10833,44,8,12,4,16:10:00,
18298,10834,12,1,32,3,17:30:00,
18299,10835,43,3,35,10,14:08:00,
18300,10836,12,8,27,3,13:13:00,
18301,10837,70,6,38,2,17:42:00,
18302,10837,1,5,27,12,17:20:00,
18303,10838,59,1,21,10,11:45:00,
18304,10839,53,6,19,6,12:32:00,
18305,10839,30,4,42,6,12:48:00,
18306,10840,52,5,32,13,11:59:00,
18307,10840,66,8,31,1,11:22:00,
18308,10840,8,8,34,1,12:33:00,
18309,10841,43,1,31,11,10:33:00,
18310,10841,45,8,39,4,11:01:00,
18311,10841,39,8,26,11,10:38:00,
18312,10842,58,2,24,3,10:15:00,
18313,10843,20,8,43,12,11:41:00,
18314,10843,39,6,29,10,12:01:00,
18315,10843,11,8,29,2,11:31:00,
18316,10844,58,1,42,12,16:55:00,
18317,10845,59,7,23,2,13:31:00,
18318,10846,14,4,21,10,10:41:00,
18319,10846,61,1,37,4,11:41:00,
18320,10846,44,7,24,11,11:07:00,
18321,10847,44,4,5,5,11:17:00,
18322,10847,43,3,30,5,11:18:00,
18323,10848,62,2,36,4,09:51:00,
18324,10848,68,4,20,2,10:12:00,
18325,10849,65,1,35,10,14:00:00,
18326,10849,69,7,32,2,14:31:00,
18327,10850,13,2,36,13,13:49:00,
18328,10851,69,3,21,6,12:34:00,
18329,10852,8,2,25,2,14:31:00,
18330,10852,61,2,32,7,14:13:00,
18331,10853,62,7,32,5,16:48:00,
18332,10853,44,8,38,5,15:59:00,
18333,10854,14,2,22,7,11:19:00,
18334,10855,51,5,31,14,12:49:00,
18335,10856,1,1,36,7,10:00:00,
18336,10856,62,6,28,10,10:11:00,
18337,10857,42,1,47,7,17:08:00,
18338,10857,48,1,9,10,16:56:00,
18339,10858,47,4,28,2,09:39:00,
18340,10858,53,2,26,11,09:46:00,
18341,10858,59,2,16,6,09:49:00,
18342,10859,47,4,22,2,14:23:00,
18343,10859,50,4,19,10,14:38:00,
18344,10860,11,3,29,11,09:51:00,
18345,10860,23,5,37,7,10:25:00,
18346,10861,23,2,21,10,10:50:00,
18347,10862,30,5,34,4,13:03:00,
18348,10863,43,7,29,11,16:06:00,
18349,10863,70,4,29,3,15:48:00,
18350,10863,61,7,30,1,15:40:00,
18351,10864,50,2,21,7,11:32:00,
18352,10864,43,2,34,7,10:47:00,
18353,10865,39,5,39,1,11:45:00,
18354,10865,67,6,24,12,11:24:00,
18355,10866,34,6,32,2,14:23:00,
18356,10867,69,1,20,11,12:11:00,
18357,10868,47,2,26,10,10:54:00,
18358,10869,39,8,7,10,14:56:00,
18359,10869,58,2,27,3,14:10:00,
18360,10870,58,1,49,12,12:41:00,
18361,10870,50,7,34,5,11:47:00,
18362,10871,61,8,35,14,09:10:00,
18363,10872,68,4,27,12,16:44:00,
18364,10873,73,4,21,4,16:28:00,
18365,10874,65,6,40,5,12:06:00,
18366,10874,56,2,38,2,11:28:00,
18367,10874,48,4,22,11,11:47:00,
18368,10875,14,3,5,4,15:24:00,
18369,10875,42,7,43,14,16:09:00,
18370,10876,42,3,35,7,14:49:00,
18371,10876,5,8,34,5,14:49:00,
18372,10877,48,5,13,1,16:11:00,
18373,10878,10,8,23,12,12:34:00,
18374,10878,73,5,37,1,12:12:00,
18375,10879,29,5,36,1,12:14:00,
18376,10879,71,5,24,11,11:51:00,
18377,10879,34,6,15,1,12:03:00,
18378,10880,29,4,23,12,10:14:00,
18379,10880,39,1,26,4,10:33:00,
18380,10881,48,2,27,5,16:39:00,
18381,10882,71,8,30,1,12:37:00,
18382,10882,39,8,28,1,12:36:00,
18383,10882,51,4,23,3,12:39:00,
18384,10883,12,7,26,3,13:09:00,
18385,10884,10,5,24,11,14:54:00,
18386,10884,14,6,30,1,14:24:00,
18387,10885,8,6,29,5,15:40:00,
18388,10885,14,7,18,13,15:15:00,
18389,10886,8,8,14,11,16:40:00,
18390,10886,50,6,26,1,15:52:00,
18391,10886,68,8,31,14,16:21:00,
18392,10887,42,7,24,12,12:05:00,
18393,10887,39,5,23,14,12:16:00,
18394,10888,12,6,31,5,10:28:00,
18395,10889,67,1,27,11,10:53:00,
18396,10890,52,6,32,1,15:41:00,
18397,10890,10,8,38,5,15:24:00,
18398,10891,20,7,49,13,11:57:00,
18399,10892,70,6,42,1,10:54:00,
18400,10892,10,1,23,6,10:12:00,
18401,10893,1,5,25,13,09:33:00,
18402,10893,66,6,28,1,09:26:00,
18403,10894,30,8,38,10,16:22:00,
18404,10895,69,4,37,14,16:22:00,
18405,10896,68,6,34,13,11:20:00,
18406,10896,5,8,39,2,11:35:00,
18407,10897,1,8,39,5,10:57:00,
18408,10897,58,7,26,1,10:36:00,
18409,10898,65,6,24,7,10:22:00,
18410,10899,23,6,37,12,10:18:00,
18411,10899,69,2,23,3,09:45:00,
18412,10899,62,3,31,7,10:31:00,
18413,10900,45,7,26,11,09:40:00,
18414,10901,44,2,23,11,13:00:00,
18415,10902,44,1,26,10,13:23:00,
18416,10902,34,4,52,1,13:51:00,
18417,10902,5,3,30,6,14:38:00,
18418,10903,29,7,38,14,13:00:00,
18419,10903,8,3,21,14,12:56:00,
18420,10904,51,4,33,2,11:14:00,
18421,10904,68,6,22,10,10:55:00,
18422,10905,11,6,51,11,10:54:00,
18423,10905,61,8,19,4,10:47:00,
18424,10905,62,5,34,2,10:59:00,
18425,10906,59,8,20,6,12:03:00,
18426,10907,52,8,33,5,13:39:00,
18427,10908,48,5,33,14,13:40:00,
18428,10909,50,4,23,6,16:39:00,
18429,10909,67,7,21,1,16:40:00,
18430,10910,52,4,27,6,10:51:00,
18431,10911,52,7,37,4,12:34:00,
18432,10912,45,4,25,4,10:23:00,
18433,10913,8,3,24,10,11:35:00,
18434,10914,68,6,32,13,11:28:00,
18435,10914,44,4,15,2,11:27:00,
18436,10915,10,8,24,12,13:45:00,
18437,10916,12,4,21,4,11:17:00,
18438,10916,62,5,30,4,11:12:00,
18439,10916,47,2,12,2,11:31:00,
18440,10917,65,6,37,7,10:56:00,
18441,10917,51,3,34,11,11:06:00,
18442,10918,34,3,25,5,13:40:00,
18443,10919,34,2,33,4,13:58:00,
18444,10919,1,7,31,12,13:55:00,
18445,10920,44,7,8,14,14:22:00,
18446,10920,57,3,34,14,13:36:00,
18447,10921,58,7,44,13,09:17:00,
18448,10921,29,5,19,12,09:57:00,
18449,10922,51,5,23,14,15:03:00,
18450,10922,66,2,16,5,15:41:00,
18451,10923,62,1,9,12,15:01:00,
18452,10923,58,8,35,13,14:29:00,
18453,10924,73,7,25,1,12:52:00,
18454,10924,30,6,22,4,12:32:00,
18455,10925,65,5,23,1,12:39:00,
18456,10926,57,8,25,1,11:43:00,
18457,10927,65,8,18,3,12:43:00,
18458,10927,43,6,21,10,12:42:00,
18459,10927,48,8,23,1,12:09:00,
18460,10928,29,2,24,10,13:04:00,
18461,10928,61,2,26,7,13:21:00,
18462,10929,61,5,34,4,12:01:00,
18463,10929,45,5,39,14,11:30:00,
18464,10930,43,2,21,6,16:40:00,
18465,10930,19,8,44,1,16:32:00,
18466,10931,58,4,25,2,16:18:00,
18467,10932,59,1,16,5,14:37:00,
18468,10932,43,8,37,5,14:28:00,
18469,10933,52,8,22,14,17:06:00,
18470,10934,68,4,31,12,14:18:00,
18471,10934,30,5,22,7,14:14:00,
18472,10935,44,6,15,5,16:20:00,
18473,10935,34,5,30,2,15:31:00,
18474,10936,42,5,30,6,09:27:00,
18475,10937,11,8,18,11,14:53:00,
18476,10938,29,7,20,2,16:45:00,
18477,10938,66,3,15,11,16:43:00,
18478,10939,11,7,16,3,10:28:00,
18479,10940,66,2,9,2,09:24:00,
18480,10941,5,7,30,1,11:14:00,
18481,10942,71,1,22,10,11:45:00,
18482,10942,68,1,28,10,13:08:00,
18483,10942,73,7,38,11,12:39:00,
18484,10943,52,2,20,10,17:06:00,
18485,10943,66,1,21,1,16:54:00,
18486,10944,59,4,25,7,10:01:00,
18487,10945,52,8,27,12,10:57:00,
18488,10945,51,8,11,5,11:45:00,
18489,10946,30,4,20,11,10:31:00,
18490,10946,61,2,25,4,10:37:00,
18491,10947,59,2,51,12,15:46:00,
18492,10948,52,2,27,4,13:23:00,
18493,10949,56,3,38,3,13:29:00,
18494,10950,58,6,33,2,09:27:00,
18495,10951,13,8,34,10,10:36:00,
18496,10951,1,5,21,7,11:09:00,
18497,10952,53,4,14,13,15:46:00,
18498,10953,30,1,30,2,09:16:00,
18499,10954,50,1,20,3,13:47:00,
18500,10954,19,2,33,7,13:08:00,
18501,10955,53,5,37,1,09:31:00,
18502,10956,51,8,28,1,13:12:00,
18503,10957,1,2,38,6,14:51:00,
18504,10958,62,3,21,6,16:48:00,
18505,10958,19,8,37,7,16:37:00,
18506,10959,58,7,47,10,13:18:00,
18507,10959,68,7,37,3,13:03:00,
18508,10960,45,6,48,11,12:58:00,
18509,10960,1,8,53,10,12:50:00,
18510,10961,53,6,22,14,12:07:00,
18511,10961,65,1,32,6,11:48:00,
18512,10962,10,4,28,5,16:14:00,
18513,10962,19,3,45,1,17:02:00,
18514,10963,73,6,16,10,16:39:00,
18515,10963,23,5,17,11,16:43:00,
18516,10964,29,8,36,11,15:56:00,
18517,10964,5,7,42,6,15:29:00,
18518,10964,39,4,9,6,17:06:00,
18519,10965,47,2,22,4,16:23:00,
18520,10965,53,4,31,3,15:43:00,
18521,10966,57,1,27,2,12:12:00,
18522,10966,52,4,22,6,12:51:00,
18523,10967,57,8,20,11,12:22:00,
18524,10967,44,6,12,5,12:33:00,
18525,10968,57,5,15,14,11:41:00,
18526,10969,20,7,20,1,12:32:00,
18527,10969,13,4,36,3,11:26:00,
18528,10970,11,8,42,6,11:47:00,
18529,10970,62,5,32,6,11:38:00,
18530,10971,42,7,31,5,12:24:00,
18531,10972,69,7,36,7,11:29:00,
18532,10973,45,4,39,6,17:12:00,
18533,10974,23,1,34,7,12:04:00,
18534,10975,58,2,36,14,16:02:00,
18535,10975,57,6,14,13,15:41:00,
18536,10976,53,2,43,3,15:41:00,
18537,10976,50,3,31,12,16:23:00,
18538,10977,12,5,31,5,11:56:00,
18539,10978,12,1,20,2,17:23:00,
18540,10978,48,2,21,7,16:49:00,
18541,10978,65,3,42,14,17:10:00,
18542,10979,67,2,25,12,14:21:00,
18543,10980,66,8,13,11,12:48:00,
18544,10981,67,5,38,13,16:07:00,
18545,10981,23,7,30,3,17:14:00,
18546,10982,57,1,25,3,15:25:00,
18547,10983,70,5,19,2,12:35:00,
18548,10983,30,4,34,4,12:05:00,
18549,10983,73,6,26,3,12:15:00,
18550,10984,13,1,28,11,13:40:00,
18551,10984,12,3,36,10,13:51:00,
18552,10985,59,4,36,1,15:47:00,
18553,10985,73,6,28,5,15:11:00,
18554,10986,5,3,48,5,13:29:00,
18555,10987,30,2,29,6,13:49:00,
18556,10988,5,2,36,2,15:24:00,
18557,10989,30,8,38,1,15:57:00,
18558,10990,52,3,28,11,11:57:00,
18559,10990,19,1,23,4,12:05:00,
18560,10991,13,4,33,10,13:24:00,
18561,10992,47,2,18,4,10:43:00,
18562,10992,1,8,40,14,10:08:00,
18563,10993,59,7,30,3,17:28:00,
18564,10993,1,8,20,10,17:48:00,
18565,10994,12,1,31,7,12:51:00,
18566,10995,69,6,41,10,16:12:00,
18567,10995,48,8,34,2,16:59:00,
18568,10995,29,8,16,2,17:04:00,
18569,10996,52,1,36,2,15:33:00,
18570,10997,34,8,38,10,13:28:00,
18571,10998,62,7,17,1,10:49:00,
18572,10998,71,6,17,3,10:36:00,
18573,10999,42,1,33,2,09:30:00,
18574,11000,43,6,38,3,16:52:00,
18575,11001,10,7,20,13,13:49:00,
18576,11002,42,5,32,13,15:58:00,
18577,11003,71,6,29,10,09:57:00,
18578,11003,29,1,36,13,09:54:00,
18579,11003,39,5,19,1,09:26:00,
18580,11004,43,7,31,13,16:59:00,
18581,11004,34,7,37,10,16:55:00,
18582,11005,5,3,43,14,12:01:00,
18583,11005,29,4,36,14,13:29:00,
18584,11006,56,3,26,7,12:47:00,
18585,11006,11,5,37,7,12:26:00,
18586,11006,8,4,18,7,12:49:00,
18587,11007,70,7,34,5,13:01:00,
18588,11007,61,2,31,11,13:10:00,
18589,11008,44,2,9,10,16:22:00,
18590,11009,30,8,30,14,16:52:00,
18591,11009,52,6,46,11,17:32:00,
18592,11010,11,7,31,13,13:32:00,
18593,11011,61,2,38,13,16:51:00,
18594,11011,59,5,22,12,16:39:00,
18595,11012,47,4,31,10,15:41:00,
18596,11013,1,4,29,1,10:53:00,
18597,11013,34,3,35,4,10:21:00,
18598,11013,45,7,39,3,11:16:00,
18599,11014,65,5,35,13,09:54:00,
18600,11014,30,8,38,1,09:53:00,
18601,11015,44,4,17,6,12:50:00,
18602,11015,70,6,50,3,13:05:00,
18603,11016,56,8,32,11,16:57:00,
18604,11017,43,2,27,10,15:37:00,
18605,11018,58,3,32,14,11:18:00,
18606,11018,43,6,27,2,11:27:00,
18607,11018,5,3,33,4,10:52:00,
18608,11019,5,6,37,7,10:36:00,
18609,11019,45,1,26,14,10:55:00,
18610,11020,66,5,26,12,09:28:00,
18611,11020,29,4,23,5,09:28:00,
18612,11020,69,4,32,13,09:13:00,
18613,11021,20,5,26,6,10:06:00,
18614,11022,48,8,13,6,16:38:00,
18615,11023,12,7,18,2,14:10:00,
18616,11023,66,2,27,6,13:47:00,
18617,11024,12,7,35,6,13:32:00,
18618,11024,13,2,41,12,13:39:00,
18619,11025,47,7,29,2,17:08:00,
18620,11026,30,3,30,6,13:24:00,
18621,11026,11,7,33,6,13:47:00,
18622,11027,5,6,26,1,11:05:00,
18623,11028,30,8,45,1,17:05:00,
18624,11029,71,3,31,10,10:04:00,
18625,11029,53,3,30,6,09:51:00,
18626,11030,30,4,45,10,11:39:00,
18627,11031,59,2,9,3,09:33:00,
18628,11031,57,2,16,2,10:22:00,
18629,11032,67,4,17,1,17:13:00,
18630,11033,43,1,28,7,11:41:00,
18631,11033,67,6,24,5,11:52:00,
18632,11034,48,4,34,12,16:25:00,
18633,11034,23,7,31,11,16:55:00,
18634,11035,45,3,29,14,10:19:00,
18635,11036,61,2,45,1,16:16:00,
18636,11036,29,5,26,4,16:09:00,
18637,11037,70,7,20,1,12:28:00,
18638,11038,62,1,10,1,14:09:00,
18639,11038,34,8,49,11,14:36:00,
18640,11038,20,1,30,3,14:29:00,
18641,11039,61,8,24,10,13:00:00,
18642,11039,51,2,12,11,13:38:00,
18643,11040,57,5,20,10,13:13:00,
18644,11041,39,6,26,1,16:03:00,
18645,11042,65,7,23,10,10:39:00,
18646,11042,69,3,33,3,10:45:00,
18647,11042,29,7,30,10,10:47:00,
18648,11043,44,6,21,7,13:58:00,
18649,11044,10,5,32,4,12:51:00,
18650,11044,14,4,23,5,12:24:00,
18651,11044,53,4,10,12,12:05:00,
18652,11045,13,2,38,12,12:30:00,
18653,11045,20,1,43,5,12:33:00,
18654,11046,44,3,9,3,16:11:00,
18655,11047,12,3,29,5,16:58:00,
18656,11047,23,7,30,12,17:31:00,
18657,11048,11,2,26,12,10:21:00,
18658,11049,59,1,29,7,12:25:00,
18659,11050,58,3,40,13,17:08:00,
18660,11050,23,2,12,11,17:19:00,
18661,11051,8,5,29,2,14:13:00,
18662,11051,13,6,42,3,14:35:00,
18663,11052,29,3,19,7,10:21:00,
18664,11053,47,2,32,12,16:21:00,
18665,11053,65,2,42,12,16:30:00,
18666,11054,1,7,28,13,16:22:00,
18667,11054,65,6,44,3,17:26:00,
18668,11055,58,5,5,11,14:54:00,
18669,11055,52,5,41,3,13:54:00,
18670,11056,69,7,31,14,14:54:00,
18671,11056,8,5,37,2,14:58:00,
18672,11056,29,4,31,10,15:01:00,
18673,11057,13,2,41,12,11:34:00,
18674,11057,51,3,26,6,11:46:00,
18675,11057,23,4,43,4,11:24:00,
18676,11058,43,7,23,13,13:00:00,
18677,11059,50,4,30,3,11:22:00,
18678,11059,66,3,13,4,10:34:00,
18679,11060,50,3,12,12,11:40:00,
18680,11060,56,7,42,1,11:21:00,
18681,11061,44,1,5,6,16:52:00,
18682,11061,13,4,31,1,17:11:00,
18683,11062,20,1,33,2,17:18:00,
18684,11062,1,5,23,2,17:07:00,
18685,11063,57,1,7,1,10:11:00,
18686,11064,56,6,45,11,13:36:00,
18687,11065,12,7,19,2,10:15:00,
18688,11066,43,8,23,11,14:00:00,
18689,11066,68,4,23,1,13:51:00,
18690,11067,58,8,50,11,18:15:00,
18691,11068,11,4,20,1,10:32:00,
18692,11068,8,5,29,4,11:47:00,
18693,11069,39,1,22,10,11:29:00,
18694,11070,52,7,27,14,16:06:00,
18695,11070,11,7,35,12,15:19:00,
18696,11070,57,2,17,11,16:20:00,
18697,11071,59,7,24,1,17:40:00,
18698,11071,29,3,33,2,17:39:00,
18699,11071,53,5,18,12,16:59:00,
18700,11072,20,1,41,5,10:21:00,
18701,11073,57,4,9,7,13:46:00,
18702,11073,29,1,28,10,13:59:00,
18703,11074,51,1,37,4,15:19:00,
18704,11075,43,5,45,14,17:13:00,
18705,11075,8,8,28,3,17:12:00,
18706,11076,23,1,31,12,15:49:00,
18707,11076,11,6,28,12,16:10:00,
18708,11077,70,3,29,11,16:19:00,
18709,11078,43,5,27,11,15:02:00,
18710,11078,5,6,30,1,13:41:00,
18711,11079,71,7,24,10,16:35:00,
18712,11080,48,6,26,12,09:39:00,
18713,11081,59,1,22,12,12:54:00,
18714,11082,45,7,33,3,17:29:00,
18715,11082,5,2,29,14,17:44:00,
18716,11083,20,1,27,13,14:17:00,
18717,11083,57,2,11,5,14:46:00,
18718,11084,71,7,42,14,14:42:00,
18719,11084,56,5,41,5,13:51:00,
18720,11084,50,7,33,10,13:37:00,
18721,11085,30,5,35,7,10:35:00,
18722,11086,62,5,15,10,15:50:00,
18723,11087,73,7,19,12,12:38:00,
18724,11087,10,1,29,10,12:12:00,
18725,11087,11,6,37,3,12:15:00,
18726,11088,62,6,30,6,17:50:00,
18727,11089,12,6,26,4,16:46:00,
18728,11090,30,4,35,4,14:30:00,
18729,11090,23,5,36,13,14:42:00,
18730,11091,53,3,25,2,10:10:00,
18731,11091,52,6,42,12,10:16:00,
18732,11092,44,7,25,2,12:17:00,
18733,11093,68,8,30,11,10:10:00,
18734,11094,8,8,34,11,12:58:00,
18735,11094,51,7,22,1,12:35:00,
18736,11095,10,7,34,1,16:41:00,
18737,11096,14,8,31,6,14:19:00,
18738,11097,68,4,44,7,14:59:00,
18739,11098,39,6,42,10,14:51:00,
18740,11099,45,7,30,14,13:52:00,
18741,11100,23,6,29,7,14:03:00,
18742,11100,20,6,27,4,13:44:00,
18743,11101,73,1,26,1,12:54:00,
18744,11102,30,5,30,2,14:13:00,
18745,11102,5,1,25,1,15:38:00,
18746,11103,70,7,49,3,10:25:00,
18747,11103,45,6,34,6,11:00:00,
18748,11104,66,1,22,2,12:04:00,
18749,11105,34,1,39,7,14:31:00,
18750,11105,67,8,20,6,13:54:00,
18751,11106,52,6,37,3,09:55:00,
18752,11107,10,1,35,3,12:57:00,
18753,11107,70,7,31,2,12:54:00,
18754,11108,73,8,29,4,12:38:00,
18755,11108,47,1,20,2,12:59:00,
18756,11108,29,5,29,11,12:37:00,
18757,11109,23,8,33,4,11:16:00,
18758,11109,51,8,31,14,10:47:00,
18759,11110,5,2,35,1,09:29:00,
18760,11110,67,1,17,13,09:20:00,
18761,11111,51,3,13,12,16:21:00,
18762,11111,62,5,37,7,17:08:00,
18763,11112,53,8,13,3,13:39:00,
18764,11113,10,8,36,4,09:14:00,
18765,11113,48,3,17,7,09:22:00,
18766,11113,23,3,38,12,09:07:00,
18767,11114,50,2,26,1,12:10:00,
18768,11114,8,5,29,6,12:33:00,
18769,11114,11,4,31,7,12:24:00,
18770,11115,67,7,40,4,13:12:00,
18771,11116,47,3,22,14,12:53:00,
18772,11116,68,7,35,11,13:19:00,
18773,11117,29,7,32,1,10:00:00,
18774,11117,53,1,8,7,11:06:00,
18775,11118,30,2,29,6,14:20:00,
18776,11119,8,6,40,3,09:45:00,
18777,11119,29,8,20,6,09:58:00,
18778,11120,5,6,38,4,13:44:00,
18779,11120,69,2,29,7,13:06:00,
18780,11121,13,6,29,11,16:06:00,
18781,11122,71,5,9,1,17:19:00,
18782,11123,61,1,46,5,17:05:00,
18783,11123,14,7,22,2,17:11:00,
18784,11124,1,4,49,5,15:12:00,
18785,11125,14,3,18,12,12:14:00,
18786,11126,43,6,55,1,11:49:00,
18787,11126,19,6,30,12,12:29:00,
18788,11127,12,2,26,7,11:38:00,
18789,11128,34,8,24,4,18:23:00,
18790,11129,13,2,32,3,11:39:00,
18791,11130,34,2,29,10,11:26:00,
18792,11130,62,4,19,7,11:36:00,
18793,11130,50,4,41,5,10:57:00,
18794,11131,19,8,35,7,09:36:00,
18795,11131,56,4,5,7,10:03:00,
18796,11132,47,3,19,14,16:39:00,
18797,11132,56,3,41,11,16:36:00,
18798,11133,5,4,40,6,11:21:00,
18799,11134,65,1,25,7,09:12:00,
18800,11135,66,2,29,10,11:23:00,
18801,11135,23,8,51,12,12:07:00,
18802,11136,52,2,40,7,14:48:00,
18803,11137,53,3,31,13,17:01:00,
18804,11137,13,1,23,11,16:42:00,
18805,11137,57,8,26,6,17:03:00,
18806,11138,39,7,27,7,15:03:00,
18807,11138,50,7,26,4,15:53:00,
18808,11139,39,7,25,5,14:33:00,
18809,11139,47,6,30,3,14:35:00,
18810,11140,23,1,34,10,11:00:00,
18811,11140,65,8,27,10,11:21:00,
18812,11141,71,7,25,2,12:45:00,
18813,11141,47,2,22,1,13:03:00,
18814,11142,66,6,37,6,10:37:00,
18815,11143,5,6,45,10,09:30:00,
18816,11144,19,2,47,13,11:43:00,
18817,11144,53,3,37,2,11:36:00,
18818,11145,69,5,40,10,12:10:00,
18819,11146,39,2,21,12,16:32:00,
18820,11146,23,5,26,3,17:22:00,
18821,11147,59,2,29,13,14:34:00,
18822,11148,57,1,17,13,11:36:00,
18823,11149,23,4,29,7,15:25:00,
18824,11150,10,3,10,10,14:18:00,
18825,11151,70,5,20,2,15:01:00,
18826,11152,30,5,36,3,15:43:00,
18827,11152,12,4,33,10,15:53:00,
18828,11153,42,4,24,6,14:11:00,
18829,11154,51,1,37,6,11:06:00,
18830,11155,29,4,36,2,12:44:00,
18831,11156,43,6,43,2,15:19:00,
18832,11157,59,4,26,4,17:10:00,
18833,11158,23,8,32,2,16:32:00,
18834,11159,68,6,34,5,12:48:00,
18835,11160,44,7,22,1,17:11:00,
18836,11160,70,4,35,6,17:00:00,
18837,11161,29,3,16,4,11:22:00,
18838,11161,1,3,24,11,11:39:00,
18839,11162,12,3,34,7,15:40:00,
18840,11163,1,3,42,14,11:21:00,
18841,11163,29,3,21,6,11:17:00,
18842,11163,50,7,34,11,11:01:00,
18843,11164,58,2,32,6,12:20:00,
18844,11165,34,2,36,1,15:16:00,
18845,11165,11,1,17,5,15:00:00,
18846,11166,48,5,24,14,09:28:00,
18847,11166,12,4,14,11,09:48:00,
18848,11166,45,1,37,4,09:38:00,
18849,11167,19,5,29,10,10:32:00,
18850,11168,68,5,32,11,10:50:00,
18851,11168,52,5,41,13,11:12:00,
18852,11169,21,8,39,2,12:42:00,
18853,11169,23,1,33,1,13:15:00,
18854,11169,59,5,35,7,13:17:00,
18855,11170,73,6,31,1,14:21:00,
18856,11171,30,3,42,10,11:35:00,
18857,11172,30,2,42,11,11:34:00,
18858,11172,8,2,29,1,10:48:00,
18859,11173,39,4,22,2,17:12:00,
18860,11173,47,5,34,11,16:58:00,
18861,11174,11,5,24,12,11:16:00,
18862,11174,70,8,35,5,10:38:00,
18863,11175,57,2,33,12,14:59:00,
18864,11176,62,4,19,6,17:11:00,
18865,11177,57,7,28,7,09:34:00,
18866,11178,69,2,27,3,10:55:00,
18867,11178,42,3,29,12,10:08:00,
18868,11179,65,5,29,14,14:50:00,
18869,11179,1,8,43,14,14:30:00,
18870,11180,23,3,30,2,14:03:00,
18871,11180,29,6,24,5,14:34:00,
18872,11180,11,1,31,6,14:16:00,
18873,11181,21,7,29,13,11:35:00,
18874,11182,34,1,26,14,17:06:00,
18875,11182,47,2,28,6,16:49:00,
18876,11183,59,2,20,10,10:21:00,
18877,11184,53,5,33,10,14:26:00,
18878,11184,12,5,34,13,14:07:00,
18879,11185,59,3,26,5,12:41:00,
18880,11185,13,5,37,5,11:53:00,
18881,11186,20,3,33,13,12:21:00,
18882,11187,66,8,32,14,11:11:00,
18883,11187,7,3,32,3,10:53:00,
18884,11188,61,3,38,2,17:06:00,
18885,11189,58,1,38,6,10:11:00,
18886,11189,20,2,41,14,09:41:00,
18887,11190,10,7,20,6,13:16:00,
18888,11191,8,1,43,12,11:06:00,
18889,11191,15,5,28,4,11:19:00,
18890,11192,48,5,18,3,17:04:00,
18891,11193,58,7,38,1,12:06:00,
18892,11193,19,1,29,2,11:44:00,
18893,11194,5,5,38,2,14:20:00,
18894,11195,1,5,33,11,12:46:00,
18895,11196,8,6,18,13,15:18:00,
18896,11196,68,3,32,10,15:26:00,
18897,11196,23,5,28,5,15:00:00,
18898,11197,71,7,17,3,17:29:00,
18899,11197,1,5,32,2,17:27:00,
18900,11197,14,7,21,12,17:24:00,
18901,11198,50,1,24,6,18:54:00,
18902,11198,62,4,37,1,17:42:00,
18903,11199,61,4,27,4,17:10:00,
18904,11199,58,7,32,4,17:33:00,
18905,11200,13,8,26,4,11:17:00,
18906,11201,14,8,22,2,14:14:00,
18907,11202,42,2,36,3,13:39:00,
18908,11202,44,2,13,1,14:06:00,
18909,11203,20,5,32,7,15:32:00,
18910,11203,69,8,22,6,15:32:00,
18911,11204,45,5,47,11,11:07:00,
18912,11205,65,4,16,3,15:17:00,
18913,11206,19,7,32,14,10:32:00,
18914,11206,61,6,29,12,10:27:00,
18915,11207,38,7,23,7,12:33:00,
18916,11207,50,5,31,11,12:28:00,
18917,11207,62,4,26,2,12:42:00,
18918,11208,43,7,37,10,16:07:00,
18919,11208,12,2,40,3,16:37:00,
18920,11209,39,7,10,12,11:46:00,
18921,11209,50,4,28,3,11:35:00,
18922,11210,56,8,34,2,12:24:00,
18923,11211,62,5,27,4,16:10:00,
18924,11211,48,5,13,14,15:39:00,
18925,11212,23,3,31,14,13:41:00,
18926,11212,19,8,32,6,13:33:00,
18927,11213,48,2,24,4,12:00:00,
18928,11213,15,7,28,11,11:50:00,
18929,11213,23,8,36,3,12:02:00,
18930,11214,30,8,35,11,09:53:00,
18931,11214,52,7,23,5,11:18:00,
18932,11214,8,8,18,7,10:21:00,
18933,11215,48,3,38,14,14:00:00,
18934,11216,42,6,35,1,09:59:00,
18935,11216,39,5,24,12,10:59:00,
18936,11216,44,7,22,2,10:52:00,
18937,11217,62,8,8,5,13:37:00,
18938,11218,5,8,25,2,09:37:00,
18939,11218,29,5,33,10,09:36:00,
18940,11219,50,2,37,4,14:48:00,
18941,11219,56,1,31,1,15:06:00,
18942,11220,38,5,24,7,16:10:00,
18943,11221,19,5,32,12,10:49:00,
18944,11222,1,2,35,11,15:27:00,
18945,11223,69,1,33,13,15:23:00,
18946,11223,34,3,31,5,15:25:00,
18947,11223,73,2,15,7,15:48:00,
18948,11224,50,1,33,11,17:04:00,
18949,11224,47,4,21,3,16:26:00,
18950,11225,30,2,24,11,16:37:00,
18951,11225,11,2,26,6,17:13:00,
18952,11226,5,3,36,11,11:46:00,
18953,11226,44,8,16,1,11:33:00,
18954,11227,65,2,28,4,14:15:00,
18955,11227,51,7,15,12,13:50:00,
18956,11228,5,7,49,11,15:20:00,
18957,11228,59,1,30,1,15:04:00,
18958,11229,8,7,34,11,09:45:00,
18959,11230,13,2,25,2,16:33:00,
18960,11230,61,5,38,6,15:47:00,
18961,11231,10,5,32,5,11:57:00,
18962,11232,8,1,17,2,10:39:00,
18963,11232,19,3,40,7,10:26:00,
18964,11232,68,8,19,13,11:11:00,
18965,11233,51,2,12,11,12:25:00,
18966,11233,69,8,34,1,12:17:00,
18967,11234,52,3,21,2,11:16:00,
18968,11235,39,5,30,13,09:53:00,
18969,11235,58,5,31,5,10:26:00,
18970,11236,8,6,25,6,12:01:00,
18971,11236,73,6,36,13,11:21:00,
18972,11237,14,6,19,13,10:29:00,
18973,11238,19,2,25,12,10:58:00,
18974,11238,70,1,41,1,11:39:00,
18975,11239,5,3,28,10,13:48:00,
18976,11239,71,2,13,6,14:09:00,
18977,11240,38,2,30,11,11:01:00,
18978,11240,70,6,47,5,10:58:00,
18979,11241,43,3,42,1,09:39:00,
18980,11242,13,8,26,4,09:14:00,
18981,11243,57,3,27,6,16:58:00,
18982,11243,21,5,15,11,16:52:00,
18983,11244,44,4,18,1,12:31:00,
18984,11244,12,5,25,6,12:18:00,
18985,11245,47,3,23,6,14:02:00,
18986,11245,50,2,34,4,14:50:00,
18987,11245,57,7,29,5,14:49:00,
18988,11246,39,2,28,11,15:58:00,
18989,11247,70,6,43,6,15:37:00,
18990,11247,56,8,37,4,15:22:00,
18991,11247,61,7,18,13,15:37:00,
18992,11248,23,8,38,6,16:06:00,
18993,11248,73,5,22,4,16:03:00,
18994,11249,10,1,26,11,13:02:00,
18995,11249,59,4,34,4,12:36:00,
18996,11250,56,8,36,2,12:54:00,
18997,11250,62,8,28,3,12:54:00,
18998,11251,67,5,29,12,14:15:00,
18999,11251,45,5,33,6,14:34:00,
19000,11252,71,4,17,1,13:19:00,
19001,11252,34,4,26,6,13:11:00,
19002,11253,34,4,35,7,16:52:00,
19003,11253,8,1,28,13,16:27:00,
19004,11254,67,4,43,14,12:17:00,
19005,11254,34,4,29,10,12:07:00,
19006,11255,45,4,47,3,09:21:00,
19007,11255,15,3,26,3,09:29:00,
19008,11256,20,1,39,11,17:42:00,
19009,11257,59,4,11,10,15:55:00,
19010,11257,70,6,34,2,15:48:00,
19011,11258,20,5,32,3,14:57:00,
19012,11258,66,2,19,5,14:33:00,
19013,11259,38,5,30,6,12:31:00,
19014,11259,42,8,29,3,12:37:00,
19015,11260,14,1,27,13,16:20:00,
19016,11260,19,3,24,11,17:08:00,
19017,11261,38,7,20,2,14:56:00,
19018,11262,19,6,35,4,10:01:00,
19019,11263,11,1,21,2,14:10:00,
19020,11263,42,3,26,7,14:23:00,
19021,11263,5,2,32,2,14:26:00,
19022,11264,57,4,23,13,17:40:00,
19023,11264,39,5,31,7,17:31:00,
19024,11265,1,6,25,10,18:09:00,
19025,11266,51,6,34,6,16:37:00,
19026,11266,47,3,23,13,17:03:00,
19027,11267,50,5,32,1,13:51:00,
19028,11268,19,3,24,14,09:36:00,
19029,11269,44,8,11,14,15:09:00,
19030,11270,62,2,20,12,15:19:00,
19031,11270,29,5,24,2,15:04:00,
19032,11271,11,5,41,1,13:44:00,
19033,11272,73,3,26,14,09:59:00,
19034,11272,48,5,15,5,09:58:00,
19035,11273,10,5,27,7,09:26:00,
19036,11273,30,3,18,6,09:16:00,
19037,11273,20,2,37,12,09:27:00,
19038,11274,51,8,31,12,13:46:00,
19039,11274,65,2,40,14,14:02:00,
19040,11274,39,4,5,1,14:07:00,
19041,11275,68,5,29,10,15:28:00,
19042,11276,45,2,29,1,11:40:00,
19043,11276,29,5,15,13,12:13:00,
19044,11277,13,3,33,13,16:24:00,
19045,11277,50,6,35,10,16:07:00,
19046,11278,53,6,36,2,15:03:00,
19047,11278,30,2,21,4,14:30:00,
19048,11278,69,4,36,7,14:38:00,
19049,11279,65,5,34,4,16:29:00,
19050,11279,23,1,36,12,16:17:00,
19051,11279,10,6,26,5,16:06:00,
19052,11280,42,8,43,10,17:22:00,
19053,11280,8,4,21,5,17:13:00,
19054,11280,39,8,15,10,16:54:00,
19055,11281,34,7,31,10,13:09:00,
19056,11281,15,3,19,7,13:30:00,
19057,11282,8,3,46,5,16:58:00,
19058,11283,73,1,11,2,09:47:00,
19059,11284,15,5,34,14,10:44:00,
19060,11284,23,3,23,7,10:52:00,
19061,11285,62,4,37,10,17:14:00,
19062,11285,47,3,41,6,17:29:00,
19063,11286,69,3,28,4,17:01:00,
19064,11287,52,2,35,12,13:09:00,
19065,11288,42,5,37,13,15:37:00,
19066,11289,70,2,23,6,11:12:00,
19067,11289,38,6,25,13,10:35:00,
19068,11289,1,5,19,12,10:35:00,
19069,11290,30,7,21,2,15:17:00,
19070,11290,56,2,14,12,15:51:00,
19071,11291,70,4,34,7,17:01:00,
19072,11291,61,6,26,3,16:51:00,
19073,11292,23,7,37,5,13:17:00,
19074,11292,66,1,26,2,12:27:00,
19075,11293,57,2,13,13,09:52:00,
19076,11294,71,3,33,4,14:36:00,
19077,11295,61,1,43,4,14:45:00,
19078,11296,11,3,27,6,11:42:00,
19079,11297,15,7,34,5,12:23:00,
19080,11298,15,4,22,3,14:08:00,
19081,11298,42,2,39,14,14:22:00,
19082,11298,11,1,37,4,13:32:00,
19083,11299,59,5,35,14,10:50:00,
19084,11300,48,7,22,4,17:29:00,
19085,11300,53,1,5,3,17:13:00,
19086,11301,69,3,31,4,15:13:00,
19087,11302,12,2,19,5,15:49:00,
19088,11303,12,4,27,1,10:19:00,
19089,11303,71,4,19,4,10:12:00,
19090,11304,68,4,34,1,12:57:00,
19091,11304,56,2,33,3,13:00:00,
19092,11304,67,8,26,7,12:36:00,
19093,11305,44,6,20,12,12:03:00,
19094,11305,56,6,48,11,11:50:00,
19095,11305,65,6,28,10,11:39:00,
19096,11306,15,4,41,2,14:17:00,
19097,11306,19,6,35,10,14:08:00,
19098,11307,53,5,35,2,09:58:00,
19099,11307,20,3,33,10,09:53:00,
19100,11308,66,2,24,5,12:29:00,
19101,11308,13,8,35,12,12:42:00,
19102,11309,73,1,34,2,13:50:00,
19103,11310,34,5,42,4,10:28:00,
19104,11310,58,2,33,3,10:36:00,
19105,11311,70,2,25,10,14:53:00,
19106,11312,66,2,19,2,09:49:00,
19107,11313,57,4,29,12,09:54:00,
19108,11313,23,6,37,12,10:29:00,
19109,11313,62,3,15,14,10:03:00,
19110,11314,1,2,5,6,11:36:00,
19111,11315,20,4,44,1,14:46:00,
19112,11315,13,2,16,6,14:16:00,
19113,11315,21,5,36,1,14:32:00,
19114,11316,1,6,15,4,11:35:00,
19115,11316,62,2,23,7,11:04:00,
19116,11316,14,2,40,12,10:37:00,
19117,11317,73,1,26,3,12:08:00,
19118,11318,23,5,30,13,15:56:00,
19119,11318,19,1,33,5,15:50:00,
19120,11318,44,7,8,13,16:10:00,
19121,11319,52,7,43,4,12:05:00,
19122,11319,68,3,38,6,12:34:00,
19123,11319,56,5,43,6,12:11:00,
19124,11320,47,5,19,13,15:57:00,
19125,11320,58,5,38,13,15:14:00,
19126,11321,59,3,28,4,13:26:00,
19127,11321,34,3,20,6,14:25:00,
19128,11321,57,3,24,11,13:05:00,
19129,11322,73,4,35,3,13:57:00,
19130,11323,29,7,19,12,11:19:00,
19131,11323,10,7,12,3,11:45:00,
19132,11324,42,7,39,1,16:19:00,
19133,11324,61,4,27,2,16:51:00,
19134,11325,39,1,30,10,11:39:00,
19135,11326,66,1,15,5,11:01:00,
19136,11326,45,6,41,2,10:48:00,
19137,11327,38,5,21,12,17:39:00,
19138,11328,43,6,26,6,15:28:00,
19139,11328,59,3,13,2,15:04:00,
19140,11328,39,1,33,10,15:30:00,
19141,11329,59,3,16,2,15:23:00,
19142,11330,14,2,28,10,14:15:00,
19143,11330,21,3,34,1,14:07:00,
19144,11331,34,4,34,6,17:48:00,
19145,11331,14,6,25,10,17:50:00,
19146,11332,13,1,29,2,13:36:00,
19147,11333,12,6,34,3,16:17:00,
19148,11334,47,4,24,10,17:08:00,
19149,11335,30,4,23,4,13:20:00,
19150,11335,50,6,39,11,14:24:00,
19151,11335,65,1,14,12,13:50:00,
19152,11336,14,2,46,14,16:01:00,
19153,11336,73,3,37,4,16:52:00,
19154,11336,39,7,24,2,16:20:00,
19155,11337,30,5,24,13,11:48:00,
19156,11338,39,8,28,1,14:56:00,
19157,11338,68,6,37,14,14:49:00,
19158,11339,12,8,28,10,10:52:00,
19159,11339,70,8,33,6,10:36:00,
19160,11340,19,3,29,2,13:59:00,
19161,11341,39,3,23,10,15:56:00,
19162,11342,68,7,29,14,12:27:00,
19163,11342,70,1,28,13,12:52:00,
19164,11343,8,7,36,6,09:17:00,
19165,11344,20,2,19,13,12:10:00,
19166,11345,45,1,41,3,12:35:00,
19167,11346,68,6,37,2,15:19:00,
19168,11346,67,1,12,3,14:54:00,
19169,11347,21,2,27,2,10:42:00,
19170,11347,12,1,31,2,10:39:00,
19171,11348,5,5,44,4,14:23:00,
19172,11349,48,8,34,3,16:16:00,
19173,11350,12,6,34,12,10:24:00,
19174,11350,10,7,30,11,10:16:00,
19175,11351,58,5,49,5,10:47:00,
19176,11352,19,1,17,12,16:16:00,
19177,11352,29,2,27,13,16:28:00,
19178,11353,44,5,33,10,09:45:00,
19179,11353,47,1,18,4,10:20:00,
19180,11353,5,4,34,2,09:48:00,
19181,11354,65,7,28,14,12:56:00,
19182,11355,23,2,45,13,11:41:00,
19183,11356,57,2,19,10,10:57:00,
19184,11356,50,7,34,12,10:41:00,
19185,11357,12,3,35,13,09:53:00,
19186,11357,62,8,32,14,10:11:00,
19187,11358,48,3,28,13,16:33:00,
19188,11358,62,1,35,11,16:45:00,
19189,11359,47,7,19,12,13:28:00,
19190,11359,23,5,39,12,13:28:00,
19191,11360,39,8,29,3,15:25:00,
19192,11360,58,8,36,2,15:25:00,
19193,11361,44,1,24,12,12:18:00,
19194,11361,42,8,44,4,11:51:00,
19195,11362,11,3,18,14,15:47:00,
19196,11363,56,8,25,13,17:38:00,
19197,11364,59,5,20,12,13:32:00,
19198,11364,15,3,27,6,13:52:00,
19199,11365,56,2,35,3,12:21:00,
19200,11366,8,5,37,5,10:41:00,
19201,11367,34,8,38,12,16:12:00,
19202,11367,68,1,34,1,15:13:00,
19203,11367,20,1,43,14,15:51:00,
19204,11368,51,6,20,11,16:16:00,
19205,11368,39,6,24,4,16:33:00,
19206,11368,62,8,22,13,16:24:00,
19207,11369,12,2,24,1,09:41:00,
19208,11370,38,6,26,14,11:50:00,
19209,11370,34,3,20,10,11:25:00,
19210,11371,66,4,25,6,10:15:00,
19211,11372,65,8,33,6,13:59:00,
19212,11373,39,7,26,11,14:02:00,
19213,11373,10,3,24,10,13:51:00,
19214,11373,19,1,26,6,14:07:00,
19215,11374,30,7,29,13,13:16:00,
19216,11374,29,4,17,2,12:20:00,
19217,11375,62,1,14,2,15:00:00,
19218,11375,12,7,16,4,15:32:00,
19219,11375,5,2,30,14,14:45:00,
19220,11376,45,5,44,7,11:53:00,
19221,11376,68,7,31,14,11:55:00,
19222,11377,19,5,24,3,13:53:00,
19223,11377,39,6,25,5,13:47:00,
19224,11378,38,6,30,5,12:47:00,
19225,11378,14,2,25,14,12:39:00,
19226,11379,53,6,22,3,16:08:00,
19227,11380,48,4,15,5,16:00:00,
19228,11381,71,4,13,1,09:25:00,
19229,11381,34,8,26,5,10:27:00,
19230,11381,56,3,34,14,10:38:00,
19231,11382,39,3,38,12,14:56:00,
19232,11382,51,1,10,3,14:52:00,
19233,11383,57,8,27,6,14:35:00,
19234,11384,71,2,17,1,14:09:00,
19235,11384,53,1,23,7,14:36:00,
19236,11385,43,1,24,14,12:34:00,
19237,11385,13,7,31,14,13:23:00,
19238,11386,43,1,33,1,14:44:00,
19239,11387,58,4,47,11,10:24:00,
19240,11387,30,5,12,12,09:59:00,
19241,11388,34,1,26,13,09:20:00,
19242,11389,19,8,51,1,15:32:00,
19243,11389,39,7,15,5,15:18:00,
19244,11390,19,8,37,5,17:05:00,
19245,11391,61,1,22,2,16:54:00,
19246,11392,19,8,33,12,11:49:00,
19247,11392,14,1,25,6,11:12:00,
19248,11392,1,1,21,14,11:09:00,
19249,11393,13,3,35,10,10:15:00,
19250,11393,5,5,32,1,09:56:00,
19251,11394,57,4,25,10,16:59:00,
19252,11394,62,8,24,3,17:21:00,
19253,11394,20,8,36,1,16:49:00,
19254,11395,21,7,25,3,14:29:00,
19255,11396,57,4,25,5,13:27:00,
19256,11397,45,3,26,12,10:06:00,
19257,11397,5,4,33,11,10:28:00,
19258,11397,1,2,42,13,10:27:00,
19259,11398,5,7,35,12,16:44:00,
19260,11398,58,1,33,14,15:49:00,
19261,11399,34,7,46,2,12:19:00,
19262,11399,23,6,40,2,11:18:00,
19263,11400,42,7,31,10,14:54:00,
19264,11400,1,1,43,6,13:50:00,
19265,11401,14,6,26,4,17:03:00,
19266,11401,8,6,23,3,17:01:00,
19267,11402,68,5,42,7,14:50:00,
19268,11403,12,2,31,4,15:38:00,
19269,11403,45,8,41,14,15:28:00,
19270,11403,66,2,25,10,15:45:00,
19271,11404,51,8,26,11,17:06:00,
19272,11405,61,7,19,6,16:57:00,
19273,11406,11,2,32,12,16:57:00,
19274,11407,44,5,13,11,14:35:00,
19275,11407,21,6,29,12,14:23:00,
19276,11408,44,7,12,11,13:09:00,
19277,11408,67,7,22,2,14:32:00,
19278,11408,5,8,26,7,14:14:00,
19279,11409,56,4,16,3,14:11:00,
19280,11410,61,3,29,3,15:15:00,
19281,11410,58,6,27,7,15:18:00,
19282,11410,65,6,26,1,15:34:00,
19283,11411,13,2,42,3,14:12:00,
19284,11412,12,4,30,1,12:40:00,
19285,11412,51,6,21,7,12:52:00,
19286,11413,43,3,23,2,13:51:00,
19287,11413,56,4,33,12,13:48:00,
19288,11414,38,6,27,2,14:00:00,
19289,11415,19,8,32,1,17:52:00,
19290,11416,38,2,28,5,13:17:00,
19291,11416,70,6,47,11,13:41:00,
19292,11417,53,8,39,7,11:15:00,
19293,11417,30,3,36,2,11:05:00,
19294,11418,51,3,6,6,13:21:00,
19295,11418,48,1,22,13,13:21:00,
19296,11419,30,6,11,12,11:53:00,
19297,11419,53,1,23,11,12:04:00,
19298,11420,69,1,25,14,11:15:00,
19299,11420,73,8,31,4,11:18:00,
19300,11421,23,7,48,3,10:44:00,
19301,11422,51,8,26,3,17:07:00,
19302,11422,66,7,20,2,17:03:00,
19303,11423,14,5,10,5,16:27:00,
19304,11424,68,7,47,11,16:38:00,
19305,11425,68,6,34,11,13:36:00,
19306,11426,58,5,28,2,15:24:00,
19307,11427,44,7,20,10,14:37:00,
19308,11427,53,6,29,10,14:37:00,
19309,11427,50,7,31,11,14:01:00,
19310,11428,73,8,18,2,15:33:00,
19311,11429,57,8,38,11,10:22:00,
19312,11429,10,6,27,7,10:13:00,
19313,11429,67,7,27,7,11:22:00,
19314,11430,13,5,25,13,13:51:00,
19315,11431,70,5,29,7,14:48:00,
19316,11432,44,1,11,11,11:03:00,
19317,11432,43,5,33,3,10:58:00,
19318,11433,53,8,35,7,11:34:00,
19319,11434,58,3,46,3,14:49:00,
19320,11434,10,6,43,10,15:15:00,
19321,11435,53,2,20,10,13:05:00,
19322,11435,59,3,45,5,13:06:00,
19323,11435,62,1,16,3,12:50:00,
19324,11436,61,8,31,3,12:09:00,
19325,11436,39,7,37,12,11:45:00,
19326,11436,23,2,33,12,12:06:00,
19327,11437,70,8,40,1,11:54:00,
19328,11437,68,2,48,14,13:06:00,
19329,11438,62,3,33,6,13:25:00,
19330,11438,12,8,15,11,13:07:00,
19331,11439,21,2,40,5,15:50:00,
19332,11439,5,3,45,1,15:41:00,
19333,11440,20,7,32,7,12:47:00,
19334,11441,14,6,39,3,14:46:00,
19335,11442,67,3,27,11,16:02:00,
19336,11442,21,7,31,14,16:04:00,
19337,11443,47,3,12,11,14:24:00,
19338,11443,1,2,40,1,14:48:00,
19339,11444,12,4,29,11,14:53:00,
19340,11444,47,6,5,4,14:12:00,
19341,11445,44,8,21,7,16:53:00,
19342,11446,13,5,40,1,16:30:00,
19343,11447,10,2,41,10,10:15:00,
19344,11448,8,7,26,2,12:21:00,
19345,11448,15,2,35,3,12:15:00,
19346,11449,5,3,41,4,14:45:00,
19347,11450,42,2,37,10,16:13:00,
19348,11451,62,1,33,13,09:43:00,
19349,11451,15,7,27,13,09:55:00,
19350,11451,57,7,25,14,10:02:00,
19351,11452,30,6,21,10,10:34:00,
19352,11452,48,2,40,14,11:04:00,
19353,11452,70,5,27,4,10:15:00,
19354,11453,67,1,12,10,17:41:00,
19355,11454,43,2,38,3,14:19:00,
19356,11455,11,4,28,1,12:42:00,
19357,11456,13,8,29,3,14:12:00,
19358,11457,39,5,37,11,16:53:00,
19359,11457,58,6,38,3,17:12:00,
19360,11458,66,7,18,14,12:03:00,
19361,11458,71,5,24,13,11:53:00,
19362,11458,42,6,45,1,12:07:00,
19363,11459,44,7,16,12,15:00:00,
19364,11460,70,8,44,10,11:19:00,
19365,11461,71,8,11,13,14:39:00,
19366,11461,10,5,38,3,15:00:00,
19367,11461,12,2,16,6,14:50:00,
19368,11462,13,3,29,14,13:37:00,
19369,11462,15,1,27,13,14:48:00,
19370,11463,53,6,18,7,15:36:00,
19371,11463,69,8,15,5,15:37:00,
19372,11464,52,2,26,12,16:53:00,
19373,11464,19,3,29,7,17:00:00,
19374,11465,53,4,35,4,12:23:00,
19375,11466,43,1,28,12,13:20:00,
19376,11467,56,5,14,6,15:44:00,
19377,11467,30,6,32,10,16:25:00,
19378,11468,59,2,34,4,10:40:00,
19379,11468,38,5,29,14,10:20:00,
19380,11469,68,5,24,2,09:52:00,
19381,11469,65,3,40,6,10:32:00,
19382,11469,11,4,24,7,10:51:00,
19383,11470,70,4,23,12,14:49:00,
19384,11470,61,2,34,14,14:53:00,
19385,11471,69,2,34,6,16:04:00,
19386,11471,29,6,19,11,15:55:00,
19387,11472,50,3,34,3,12:33:00,
19388,11473,51,8,25,2,13:55:00,
19389,11473,47,4,24,13,13:42:00,
19390,11474,58,3,41,2,13:04:00,
19391,11474,65,7,36,12,13:25:00,
19392,11475,12,3,25,11,15:13:00,
19393,11476,70,3,24,5,16:23:00,
19394,11476,61,3,24,10,16:51:00,
19395,11477,65,8,16,2,14:13:00,
19396,11477,48,6,25,14,14:14:00,
19397,11478,34,6,30,11,15:09:00,
19398,11479,43,1,26,6,11:37:00,
19399,11479,61,2,21,14,11:29:00,
19400,11480,67,8,14,1,16:52:00,
19401,11480,34,1,45,14,17:30:00,
19402,11481,51,6,9,3,11:36:00,
19403,11482,29,1,22,3,14:29:00,
19404,11482,23,6,33,10,13:58:00,
19405,11483,50,7,31,10,18:15:00,
19406,11483,73,5,22,6,17:29:00,
19407,11484,1,2,24,11,13:44:00,
19408,11485,15,5,25,11,15:24:00,
19409,11486,43,1,31,4,13:02:00,
19410,11487,47,6,23,11,17:57:00,
19411,11488,12,6,21,12,12:05:00,
19412,11489,43,1,43,13,09:45:00,
19413,11490,15,2,28,2,15:52:00,
19414,11491,45,3,36,10,11:18:00,
19415,11492,23,8,38,7,14:16:00,
19416,11493,23,1,35,12,16:49:00,
19417,11494,52,5,39,6,12:36:00,
19418,11495,1,3,34,10,12:07:00,
19419,11495,70,4,50,14,11:24:00,
19420,11496,19,8,33,2,16:21:00,
19421,11497,15,6,30,1,14:50:00,
19422,11497,13,7,31,12,15:17:00,
19423,11498,42,3,47,3,13:43:00,
19424,11498,61,3,27,2,13:50:00,
19425,11498,56,7,23,12,13:09:00,
19426,11499,51,3,18,14,16:59:00,
19427,11500,52,8,29,3,10:07:00,
19428,11500,51,1,14,6,10:31:00,
19429,11501,23,6,32,1,13:11:00,
19430,11502,15,4,39,2,15:26:00,
19431,11502,62,1,36,1,16:20:00,
19432,11503,5,5,33,2,09:15:00,
19433,11504,19,8,46,6,11:12:00,
19434,11505,71,1,18,1,13:35:00,
19435,11505,42,3,41,2,13:57:00,
19436,11505,67,1,34,14,13:31:00,
19437,11506,73,5,14,13,14:23:00,
19438,11507,29,2,25,14,14:32:00,
19439,11507,61,4,27,14,13:42:00,
19440,11507,34,4,38,4,13:43:00,
19441,11508,21,3,16,6,12:03:00,
19442,11508,71,4,29,5,11:59:00,
19443,11509,52,6,36,5,14:39:00,
19444,11510,13,2,39,1,17:25:00,
19445,11510,59,2,17,11,17:48:00,
19446,11511,13,7,36,6,16:10:00,
19447,11511,21,4,25,12,16:32:00,
19448,11511,38,6,39,1,16:05:00,
19449,11512,56,4,39,7,14:50:00,
19450,11512,48,5,18,5,14:07:00,
19451,11512,13,2,14,14,14:26:00,
19452,11513,71,6,39,10,17:11:00,
19453,11513,47,8,23,10,18:22:00,
19454,11514,53,3,31,10,12:07:00,
19455,11515,11,2,34,11,16:41:00,
19456,11516,61,7,27,4,10:50:00,
19457,11517,47,6,19,7,15:39:00,
19458,11518,34,3,35,10,17:09:00,
19459,11518,65,7,31,5,16:55:00,
19460,11518,48,4,24,4,17:32:00,
19461,11519,10,2,39,12,09:59:00,
19462,11519,20,7,44,13,10:17:00,
19463,11520,10,2,16,6,15:35:00,
19464,11521,8,8,35,13,17:41:00,
19465,11521,23,2,44,13,16:59:00,
19466,11522,39,5,22,12,10:05:00,
19467,11522,14,6,18,14,10:10:00,
19468,11523,19,4,40,14,11:25:00,
19469,11524,23,2,34,13,11:33:00,
19470,11524,50,8,26,13,11:36:00,
19471,11525,73,1,38,14,10:18:00,
19472,11526,52,1,28,4,12:09:00,
19473,11527,21,5,30,12,10:50:00,
19474,11527,34,1,39,14,10:47:00,
19475,11528,45,3,32,11,15:08:00,
19476,11529,56,7,30,12,13:27:00,
19477,11529,5,1,40,4,12:38:00,
19478,11530,66,1,23,10,13:03:00,
19479,11530,1,1,22,14,13:02:00,
19480,11531,70,4,41,14,12:51:00,
19481,11531,47,4,16,12,12:58:00,
19482,11531,39,4,30,1,12:21:00,
19483,11532,66,3,36,3,16:11:00,
19484,11533,47,1,24,5,10:59:00,
19485,11534,73,3,19,14,10:35:00,
19486,11535,48,4,25,7,15:54:00,
19487,11535,13,1,35,2,15:20:00,
19488,11536,59,1,18,7,13:48:00,
19489,11536,42,4,21,6,13:41:00,
19490,11537,58,3,26,5,09:43:00,
19491,11538,10,2,26,3,10:39:00,
19492,11539,45,8,44,13,14:09:00,
19493,11540,21,1,40,11,18:42:00,
19494,11541,66,3,24,11,14:25:00,
19495,11542,65,5,35,11,11:16:00,
19496,11543,34,5,40,2,14:13:00,
19497,11543,70,3,29,10,14:06:00,
19498,11544,48,8,23,11,15:38:00,
19499,11545,57,1,31,2,11:21:00,
19500,11546,70,1,20,4,10:37:00,
19501,11546,61,5,28,4,10:43:00,
19502,11546,71,5,6,14,11:18:00,
19503,11547,65,1,28,4,10:59:00,
19504,11547,51,6,20,4,10:46:00,
19505,11548,11,2,20,4,09:11:00,
19506,11548,30,8,36,3,09:31:00,
19507,11548,47,3,29,11,09:37:00,
19508,11549,73,3,20,10,17:07:00,
19509,11550,67,8,31,1,13:37:00,
19510,11550,51,2,28,1,14:36:00,
19511,11551,39,5,39,1,15:59:00,
19512,11552,5,1,23,10,15:26:00,
19513,11552,73,3,12,11,15:51:00,
19514,11552,42,3,42,4,15:34:00,
19515,11553,29,6,37,4,17:39:00,
19516,11553,20,5,45,10,16:49:00,
19517,11554,20,7,41,5,16:40:00,
19518,11555,70,7,36,10,12:01:00,
19519,11555,29,8,18,1,12:23:00,
19520,11556,42,7,43,12,13:41:00,
19521,11556,44,8,16,3,12:57:00,
19522,11557,43,2,28,3,14:22:00,
19523,11557,20,4,43,10,14:05:00,
19524,11557,39,7,32,7,14:43:00,
19525,11558,42,1,26,5,09:47:00,
19526,11558,59,7,26,10,09:17:00,
19527,11559,30,5,32,13,15:44:00,
19528,11560,11,6,23,11,11:19:00,
19529,11561,14,1,23,6,16:23:00,
19530,11561,50,4,44,12,16:20:00,
19531,11562,73,5,20,12,11:42:00,
19532,11563,1,3,40,6,15:17:00,
19533,11564,51,2,18,10,13:49:00,
19534,11565,38,6,24,6,13:48:00,
19535,11565,30,6,26,12,14:07:00,
19536,11566,34,4,42,11,12:34:00,
19537,11567,44,5,23,2,17:13:00,
19538,11568,68,7,35,7,15:40:00,
19539,11568,15,2,18,12,16:32:00,
19540,11568,44,3,22,5,16:07:00,
19541,11569,12,1,21,13,12:07:00,
19542,11570,15,3,17,3,10:27:00,
19543,11571,71,8,12,12,13:09:00,
19544,11571,66,2,26,4,13:19:00,
19545,11572,30,1,33,13,15:53:00,
19546,11573,59,6,25,5,15:59:00,
19547,11573,21,3,33,6,15:07:00,
19548,11574,34,8,37,5,09:37:00,
19549,11575,44,8,30,4,15:15:00,
19550,11576,71,7,36,3,11:20:00,
19551,11576,5,6,36,6,10:36:00,
19552,11577,67,6,37,12,13:26:00,
19553,11578,51,4,13,5,11:26:00,
19554,11579,30,1,22,4,11:39:00,
19555,11579,59,6,34,5,12:32:00,
19556,11580,69,4,47,14,16:14:00,
19557,11580,14,6,22,4,16:20:00,
19558,11580,62,2,40,6,16:05:00,
19559,11581,1,1,33,13,13:30:00,
19560,11582,59,2,24,11,13:56:00,
19561,11582,48,2,27,12,14:09:00,
19562,11583,66,2,31,2,13:53:00,
19563,11583,30,4,40,10,14:53:00,
19564,11584,61,3,37,11,10:04:00,
19565,11584,21,2,37,10,09:51:00,
19566,11585,19,5,21,4,16:00:00,
19567,11585,73,1,24,2,16:03:00,
19568,11586,67,7,33,12,11:54:00,
19569,11586,15,3,32,13,10:45:00,
19570,11587,57,1,28,3,12:09:00,
19571,11588,52,3,29,1,12:02:00,
19572,11589,23,7,37,1,14:52:00,
19573,11590,14,5,15,10,12:28:00,
19574,11590,51,3,26,14,12:27:00,
19575,11591,43,7,36,10,12:48:00,
19576,11592,59,6,25,2,15:33:00,
19577,11593,51,2,14,11,11:16:00,
19578,11593,58,5,23,11,12:05:00,
19579,11594,34,4,33,11,16:05:00,
19580,11594,62,6,19,10,17:29:00,
19581,11595,13,7,40,2,10:12:00,
19582,11596,30,1,23,10,15:09:00,
19583,11597,20,5,31,10,15:30:00,
19584,11597,50,5,29,6,16:23:00,
19585,11598,69,8,32,12,16:10:00,
19586,11599,70,5,25,5,11:59:00,
19587,11600,66,2,25,14,10:51:00,
19588,11600,45,6,36,3,10:40:00,
19589,11601,47,8,17,7,16:24:00,
19590,11602,11,2,21,11,15:53:00,
19591,11603,5,5,30,13,12:35:00,
19592,11604,44,2,23,3,13:21:00,
19593,11604,67,7,24,10,13:35:00,
19594,11605,61,4,44,13,16:15:00,
19595,11606,51,8,21,13,17:21:00,
19596,11607,53,4,33,14,10:31:00,
19597,11607,62,8,43,14,10:27:00,
19598,11607,47,6,24,14,10:11:00,
19599,11608,65,4,23,3,16:00:00,
19600,11609,14,4,25,10,16:32:00,
19601,11610,39,6,20,7,11:17:00,
19602,11610,43,5,22,10,11:26:00,
19603,11611,57,7,30,13,12:25:00,
19604,11612,12,3,27,3,11:46:00,
19605,11612,57,3,15,7,12:28:00,
19606,11612,53,8,19,13,12:46:00,
19607,11613,30,3,22,6,12:56:00,
19608,11613,10,6,29,10,13:38:00,
19609,11614,47,6,31,4,16:06:00,
19610,11615,5,2,38,2,13:26:00,
19611,11615,56,7,24,3,11:58:00,
19612,11615,68,5,18,12,12:29:00,
19613,11616,14,8,29,10,15:57:00,
19614,11616,11,5,37,5,15:59:00,
19615,11617,30,1,42,3,17:02:00,
19616,11617,50,4,34,5,17:15:00,
19617,11617,48,3,26,14,16:39:00,
19618,11618,69,7,44,7,15:15:00,
19619,11619,59,5,27,2,13:04:00,
19620,11620,43,1,36,2,12:09:00,
19621,11621,42,7,36,3,12:23:00,
19622,11621,51,5,22,14,12:29:00,
19623,11622,43,5,23,10,13:46:00,
19624,11622,65,2,27,5,14:41:00,
19625,11622,20,1,30,10,14:59:00,
19626,11623,70,7,26,4,12:34:00,
19627,11624,23,8,23,4,10:04:00,
19628,11624,8,3,40,12,10:33:00,
19629,11625,58,3,47,3,16:45:00,
19630,11625,13,8,24,1,16:41:00,
19631,11626,56,5,27,12,12:22:00,
19632,11626,61,3,28,3,12:10:00,
19633,11627,29,6,24,14,14:14:00,
19634,11628,5,6,39,12,15:14:00,
19635,11628,44,5,18,13,14:36:00,
19636,11629,5,3,33,4,14:09:00,
19637,11629,12,8,30,12,14:33:00,
19638,11630,51,4,21,14,13:51:00,
19639,11631,7,5,15,3,10:07:00,
19640,11631,19,4,39,2,09:31:00,
19641,11632,69,6,24,3,10:26:00,
19642,11632,58,1,30,10,10:39:00,
19643,11633,58,3,45,5,17:11:00,
19644,11634,19,1,31,13,10:37:00,
19645,11635,70,4,33,2,09:27:00,
19646,11635,42,7,25,1,09:20:00,
19647,11636,50,3,38,5,14:30:00,
19648,11636,68,5,35,11,14:23:00,
19649,11637,70,4,44,14,17:33:00,
19650,11637,8,2,30,13,17:11:00,
19651,11638,5,8,27,1,16:05:00,
19652,11638,44,5,15,10,15:18:00,
19653,11639,12,5,31,10,10:59:00,
19654,11639,19,3,33,3,12:07:00,
19655,11640,66,5,43,1,16:17:00,
19656,11640,13,3,29,13,16:22:00,
19657,11641,73,2,16,6,15:00:00,
19658,11642,11,7,21,7,13:36:00,
19659,11642,7,2,34,2,13:30:00,
19660,11643,56,6,26,1,16:33:00,
19661,11643,14,1,21,12,17:18:00,
19662,11644,62,1,31,3,11:11:00,
19663,11645,58,3,41,11,16:32:00,
19664,11645,20,2,41,4,16:06:00,
19665,11646,71,4,37,6,16:20:00,
19666,11646,67,8,18,3,16:39:00,
19667,11647,42,5,33,4,12:43:00,
19668,11648,66,6,23,5,15:43:00,
19669,11648,5,6,37,3,16:10:00,
19670,11649,34,7,40,11,16:07:00,
19671,11649,29,2,12,13,16:03:00,
19672,11650,15,6,19,2,12:50:00,
19673,11651,45,7,29,3,13:24:00,
19674,11651,44,3,7,6,13:10:00,
19675,11652,29,8,33,12,16:54:00,
19676,11653,61,1,38,12,16:24:00,
19677,11654,47,2,22,14,13:41:00,
19678,11654,8,7,22,4,13:50:00,
19679,11654,53,1,27,14,13:38:00,
19680,11655,62,4,19,2,12:27:00,
19681,11656,42,5,27,2,16:24:00,
19682,11657,7,6,41,13,12:57:00,
19683,11658,67,6,28,5,14:01:00,
19684,11659,70,8,33,6,11:23:00,
19685,11660,23,8,34,3,17:28:00,
19686,11661,11,6,27,10,17:38:00,
19687,11661,13,1,35,4,16:18:00,
19688,11662,51,3,17,13,16:14:00,
19689,11663,57,7,25,5,13:48:00,
19690,11663,71,4,26,13,13:30:00,
19691,11664,58,2,42,11,16:12:00,
19692,11664,11,3,21,1,16:17:00,
19693,11665,34,1,40,14,10:46:00,
19694,11666,19,3,36,12,11:22:00,
19695,11667,57,5,16,11,09:42:00,
19696,11668,43,8,37,5,10:57:00,
19697,11668,68,7,43,14,11:02:00,
19698,11669,8,2,32,5,16:02:00,
19699,11669,62,2,28,10,17:18:00,
19700,11670,45,8,37,5,15:55:00,
19701,11670,48,1,33,12,15:47:00,
19702,11670,20,5,38,10,15:02:00,
19703,11671,56,5,30,3,13:06:00,
19704,11671,57,4,31,5,13:14:00,
19705,11672,38,1,36,12,16:00:00,
19706,11672,39,6,22,6,16:04:00,
19707,11672,48,4,14,14,16:12:00,
19708,11673,15,4,23,4,10:21:00,
19709,11674,11,7,30,2,11:24:00,
19710,11675,44,5,14,2,14:05:00,
19711,11675,51,1,33,10,14:17:00,
19712,11676,13,8,41,7,12:36:00,
19713,11676,5,4,41,11,12:03:00,
19714,11677,8,6,26,6,09:41:00,
19715,11677,1,8,33,4,09:50:00,
19716,11678,43,1,27,13,13:13:00,
19717,11678,39,5,29,11,14:02:00,
19718,11679,29,6,32,7,12:52:00,
19719,11680,69,7,32,5,12:20:00,
19720,11680,73,2,19,14,12:04:00,
19721,11680,53,6,11,11,11:52:00,
19722,11681,44,4,20,5,09:52:00,
19723,11682,10,3,32,4,16:14:00,
19724,11683,47,5,26,13,16:13:00,
19725,11683,42,3,31,13,17:20:00,
19726,11684,23,7,31,4,12:49:00,
19727,11685,8,8,28,4,10:30:00,
19728,11686,19,2,37,4,14:15:00,
19729,11686,44,7,19,10,14:55:00,
19730,11687,51,7,37,6,16:39:00,
19731,11687,29,4,32,10,16:43:00,
19732,11688,1,7,36,6,10:36:00,
19733,11689,52,7,40,1,11:37:00,
19734,11689,15,6,33,2,13:21:00,
19735,11690,50,3,30,14,13:03:00,
19736,11691,29,5,19,13,15:33:00,
19737,11691,51,6,27,14,16:56:00,
19738,11692,13,7,17,12,12:27:00,
19739,11692,11,8,33,4,11:54:00,
19740,11693,47,4,20,3,10:36:00,
19741,11694,52,7,42,7,14:31:00,
19742,11694,39,7,14,5,13:43:00,
19743,11695,42,5,31,6,11:36:00,
19744,11696,52,2,33,2,12:53:00,
19745,11696,56,4,30,11,12:30:00,
19746,11696,67,7,34,5,12:52:00,
19747,11697,50,8,24,2,14:41:00,
19748,11697,69,3,32,5,14:20:00,
19749,11697,51,8,30,7,14:35:00,
19750,11698,59,3,11,4,12:46:00,
19751,11698,57,1,33,1,12:56:00,
19752,11699,50,7,24,2,15:16:00,
19753,11699,47,5,8,1,15:16:00,
19754,11700,21,6,30,12,12:10:00,
19755,11701,38,8,20,5,11:07:00,
19756,11701,65,5,34,4,11:13:00,
19757,11701,8,1,32,12,11:23:00,
19758,11702,10,7,23,2,15:05:00,
19759,11702,61,6,41,4,14:31:00,
19760,11703,5,8,53,4,16:03:00,
19761,11703,39,8,36,14,16:02:00,
19762,11704,15,3,13,4,14:01:00,
19763,11705,52,6,21,5,16:41:00,
19764,11706,39,7,28,10,17:07:00,
19765,11706,8,8,28,12,17:51:00,
19766,11707,34,7,31,6,16:38:00,
19767,11708,14,5,32,1,12:25:00,
19768,11708,15,3,38,6,12:52:00,
19769,11709,20,3,39,13,09:30:00,
19770,11709,12,2,26,3,10:40:00,
19771,11710,13,5,32,10,11:50:00,
19772,11711,43,3,42,10,18:06:00,
19773,11711,45,1,38,10,18:01:00,
19774,11712,8,5,36,13,12:10:00,
19775,11712,58,2,33,6,11:42:00,
19776,11713,38,1,31,12,15:15:00,
19777,11714,51,6,32,12,14:38:00,
19778,11714,10,4,22,4,13:52:00,
19779,11714,15,3,20,3,15:16:00,
19780,11715,73,8,21,13,16:21:00,
19781,11716,58,5,41,3,09:51:00,
19782,11716,73,3,27,12,09:47:00,
19783,11717,68,8,25,7,13:41:00,
19784,11717,59,2,23,1,13:29:00,
19785,11718,53,6,33,11,12:23:00,
19786,11718,45,5,31,10,12:51:00,
19787,11718,21,2,45,2,12:40:00,
19788,11719,53,7,24,6,09:22:00,
19789,11720,42,2,39,2,09:40:00,
19790,11721,48,5,28,12,15:22:00,
19791,11722,34,3,23,12,15:57:00,
19792,11722,66,5,15,10,16:07:00,
19793,11723,67,5,29,13,12:46:00,
19794,11724,29,7,28,1,10:12:00,
19795,11725,44,3,14,4,15:42:00,
19796,11725,67,6,21,7,16:04:00,
19797,11726,52,3,24,3,10:50:00,
19798,11727,15,2,28,14,12:08:00,
19799,11727,52,8,23,1,12:31:00,
19800,11727,42,8,45,12,12:26:00,
19801,11728,11,8,20,14,12:25:00,
19802,11728,50,4,26,11,12:21:00,
19803,11729,8,1,42,10,14:07:00,
19804,11729,68,3,32,3,13:48:00,
19805,11730,58,8,51,12,14:43:00,
19806,11730,52,7,17,2,14:52:00,
19807,11731,50,7,50,2,16:18:00,
19808,11731,34,5,43,14,15:38:00,
19809,11731,69,3,29,3,15:31:00,
19810,11732,66,3,24,7,14:53:00,
19811,11732,51,4,34,3,14:55:00,
19812,11732,68,3,33,11,13:49:00,
19813,11733,23,4,34,1,12:55:00,
19814,11734,38,2,36,1,10:22:00,
19815,11735,45,7,23,12,09:09:00,
19816,11735,48,8,18,4,10:31:00,
19817,11736,59,1,39,13,11:36:00,
19818,11736,11,5,29,2,11:31:00,
19819,11737,12,6,21,10,15:41:00,
19820,11738,68,8,27,14,11:11:00,
19821,11739,39,7,26,7,10:22:00,
19822,11740,34,8,42,5,11:00:00,
19823,11741,52,2,28,3,15:09:00,
19824,11741,71,6,21,2,14:41:00,
19825,11742,43,7,32,10,13:55:00,
19826,11742,8,5,38,3,14:21:00,
19827,11743,65,4,42,12,11:30:00,
19828,11744,38,4,19,10,09:19:00,
19829,11745,48,5,11,11,16:27:00,
19830,11745,53,6,21,12,16:43:00,
19831,11745,12,7,26,1,16:57:00,
19832,11746,44,1,11,11,15:31:00,
19833,11747,15,6,37,2,16:10:00,
19834,11748,39,8,25,2,11:52:00,
19835,11748,51,5,21,5,11:46:00,
19836,11749,51,5,19,11,14:24:00,
19837,11749,13,1,31,11,14:38:00,
19838,11750,58,1,22,12,16:39:00,
19839,11750,66,6,22,7,16:12:00,
19840,11751,20,3,44,10,10:40:00,
19841,11752,66,7,31,11,09:29:00,
19842,11753,11,5,41,11,15:47:00,
19843,11754,48,4,29,1,15:21:00,
19844,11754,70,5,37,13,15:40:00,
19845,11755,5,1,21,14,17:40:00,
19846,11755,56,4,43,12,16:56:00,
19847,11756,45,4,51,4,14:43:00,
19848,11756,68,2,17,6,13:18:00,
19849,11756,13,6,25,11,14:35:00,
19850,11757,69,3,25,4,17:17:00,
19851,11757,68,3,29,7,17:34:00,
19852,11757,57,3,25,2,17:20:00,
19853,11758,10,1,27,6,11:48:00,
19854,11759,30,1,32,7,16:36:00,
19855,11759,57,2,36,2,16:26:00,
19856,11760,58,8,36,1,12:15:00,
19857,11761,5,7,38,11,16:41:00,
19858,11762,66,8,30,10,13:07:00,
19859,11762,71,4,6,1,14:19:00,
19860,11762,10,8,15,11,14:03:00,
19861,11763,39,2,16,5,11:58:00,
19862,11763,21,8,39,13,11:47:00,
19863,11763,11,2,37,4,11:57:00,
19864,11764,23,2,36,11,17:23:00,
19865,11765,61,2,41,2,12:48:00,
19866,11765,51,1,33,4,12:27:00,
19867,11766,38,3,31,11,17:29:00,
19868,11766,52,7,25,5,17:14:00,
19869,11767,58,4,44,10,10:14:00,
19870,11768,59,6,27,4,14:54:00,
19871,11769,20,7,24,1,13:06:00,
19872,11769,66,7,25,10,12:23:00,
19873,11770,58,1,46,11,11:54:00,
19874,11770,1,7,43,5,12:02:00,
19875,11771,62,8,33,1,17:14:00,
19876,11771,8,5,18,2,17:50:00,
19877,11772,44,5,7,3,09:12:00,
19878,11773,58,4,44,7,15:55:00,
19879,11773,71,7,28,5,15:16:00,
19880,11774,57,7,24,1,12:07:00,
19881,11774,12,7,18,14,11:47:00,
19882,11775,8,6,37,1,14:03:00,
19883,11775,23,8,36,5,14:31:00,
19884,11776,8,6,28,7,12:20:00,
19885,11776,20,5,24,7,12:36:00,
19886,11777,10,2,24,13,15:09:00,
19887,11777,47,8,28,1,15:23:00,
19888,11778,47,2,30,14,14:30:00,
19889,11778,61,8,41,5,14:29:00,
19890,11779,71,6,25,11,11:15:00,
19891,11779,13,7,43,10,11:03:00,
19892,11780,50,3,37,1,12:39:00,
19893,11781,57,3,29,3,12:55:00,
19894,11782,69,3,44,11,11:08:00,
19895,11782,21,6,36,13,11:32:00,
19896,11783,5,4,30,10,17:47:00,
19897,11783,43,4,46,13,17:55:00,
19898,11784,20,6,21,11,12:18:00,
19899,11785,48,8,24,5,15:43:00,
19900,11786,57,7,17,10,16:29:00,
19901,11787,1,2,28,13,11:21:00,
19902,11787,52,5,23,4,11:55:00,
19903,11788,39,7,22,11,12:51:00,
19904,11788,73,3,31,10,13:29:00,
19905,11789,29,2,23,5,12:34:00,
19906,11789,48,2,35,7,13:05:00,
19907,11789,20,2,37,4,11:34:00,
19908,11790,23,6,34,4,17:11:00,
19909,11790,29,4,40,7,16:46:00,
19910,11791,73,6,19,3,11:44:00,
19911,11791,67,7,22,6,11:14:00,
19912,11792,23,8,30,12,17:13:00,
19913,11792,59,6,18,12,17:04:00,
19914,11793,48,2,38,14,11:02:00,
19915,11794,19,1,30,1,12:48:00,
19916,11794,21,2,46,14,13:01:00,
19917,11795,65,5,31,12,09:48:00,
19918,11795,10,1,24,7,10:08:00,
19919,11796,10,5,25,14,13:32:00,
19920,11796,38,1,31,3,13:56:00,
19921,11797,73,2,24,3,15:01:00,
19922,11797,44,3,32,6,13:52:00,
19923,11798,53,7,12,6,10:55:00,
19924,11799,12,8,42,14,13:08:00,
19925,11799,56,1,25,14,13:28:00,
19926,11800,48,2,34,3,11:57:00,
19927,11800,19,2,31,3,11:41:00,
19928,11801,15,5,21,13,14:07:00,
19929,11802,34,3,35,5,09:06:00,
19930,11802,50,8,31,7,09:10:00,
19931,11803,5,5,39,1,09:51:00,
19932,11803,21,2,42,10,10:29:00,
19933,11803,68,5,40,12,09:58:00,
19934,11804,62,8,31,6,15:42:00,
19935,11805,71,1,21,14,14:22:00,
19936,11806,50,5,34,1,16:36:00,
19937,11807,43,7,44,2,13:55:00,
19938,11807,23,8,33,6,13:51:00,
19939,11808,10,2,29,5,16:41:00,
19940,11809,21,3,39,11,17:35:00,
19941,11810,52,5,37,5,09:50:00,
19942,11811,39,4,23,13,11:34:00,
19943,11811,47,5,25,1,11:56:00,
19944,11812,11,7,36,14,14:22:00,
19945,11812,10,2,24,4,14:16:00,
19946,11813,39,1,20,2,11:23:00,
19947,11814,58,5,42,2,15:01:00,
19948,11815,8,7,34,14,16:35:00,
19949,11815,59,6,30,3,16:57:00,
19950,11816,69,1,36,12,15:41:00,
19951,11816,50,4,28,4,15:40:00,
19952,11817,20,5,29,4,13:59:00,
19953,11817,1,6,36,4,14:01:00,
19954,11818,8,5,22,7,10:16:00,
19955,11818,48,2,23,5,10:03:00,
19956,11818,12,5,30,10,09:55:00,
19957,11819,34,7,43,4,16:47:00,
19958,11819,62,7,21,6,17:04:00,
19959,11820,11,8,26,4,15:17:00,
19960,11820,23,1,34,3,15:08:00,
19961,11821,30,8,35,11,12:05:00,
19962,11821,14,4,36,6,11:40:00,
19963,11822,13,3,32,5,10:43:00,
19964,11822,53,7,33,3,11:37:00,
19965,11822,69,5,22,5,11:26:00,
19966,11823,66,3,25,2,12:03:00,
19967,11823,5,1,32,10,11:28:00,
19968,11824,43,7,32,1,16:55:00,
19969,11825,10,4,36,12,15:07:00,
19970,11825,5,1,42,2,14:57:00,
19971,11825,39,3,32,4,15:03:00,
19972,11826,47,8,12,13,15:23:00,
19973,11827,12,1,32,5,17:09:00,
19974,11828,53,8,20,1,11:40:00,
19975,11828,59,7,24,14,10:53:00,
19976,11829,12,8,29,2,15:31:00,
19977,11829,58,1,52,14,16:02:00,
19978,11830,65,7,40,11,15:34:00,
19979,11831,13,6,27,2,12:54:00,
19980,11832,65,5,30,7,15:30:00,
19981,11833,5,7,33,3,15:43:00,
19982,11833,61,3,38,1,16:55:00,
19983,11833,12,6,13,6,17:07:00,
19984,11834,69,2,32,2,17:13:00,
19985,11835,11,7,32,10,12:06:00,
19986,11836,13,8,31,6,13:16:00,
19987,11836,67,7,22,7,13:32:00,
19988,11836,65,2,38,11,13:32:00,
19989,11837,67,3,18,5,13:42:00,
19990,11837,13,4,28,10,13:09:00,
19991,11838,66,4,33,1,11:40:00,
19992,11839,62,4,19,13,11:57:00,
19993,11839,69,8,11,5,11:38:00,
19994,11840,34,6,26,13,11:34:00,
19995,11841,10,2,6,5,15:29:00,
19996,11842,73,2,29,6,15:28:00,
19997,11842,71,2,18,13,14:58:00,
19998,11843,21,4,36,3,12:45:00,
19999,11843,5,4,40,11,13:01:00,
20000,11844,59,4,20,11,17:24:00,
20001,11844,42,8,36,1,17:20:00,
20002,11845,19,3,36,3,13:04:00,
20003,11845,29,1,27,1,14:05:00,
20004,11846,29,7,30,1,09:35:00,
20005,11847,61,8,37,3,12:06:00,
20006,11848,67,4,18,7,13:46:00,
20007,11849,19,4,40,4,12:36:00,
20008,11850,38,3,26,10,12:07:00,
20009,11851,58,6,34,4,12:01:00,
20010,11851,20,3,27,11,11:30:00,
20011,11852,50,7,20,7,16:04:00,
20012,11853,48,6,35,7,16:43:00,
20013,11854,20,2,24,12,16:35:00,
20014,11854,39,4,19,5,16:37:00,
20015,11854,1,8,48,12,16:37:00,
20016,11855,13,5,26,4,16:27:00,
20017,11855,21,7,36,14,16:26:00,
20018,11856,13,3,36,14,14:57:00,
20019,11857,39,8,23,10,13:33:00,
20020,11858,52,6,32,13,14:45:00,
20021,11858,69,6,23,14,14:47:00,
20022,11859,44,1,24,5,11:40:00,
20023,11860,8,1,24,6,10:00:00,
20024,11861,65,8,30,11,15:31:00,
20025,11862,65,7,32,11,10:47:00,
20026,11862,58,3,35,11,09:52:00,
20027,11863,23,3,38,12,10:46:00,
20028,11863,15,7,36,7,10:06:00,
20029,11864,14,5,17,14,15:33:00,
20030,11865,43,4,38,11,14:41:00,
20031,11865,44,2,17,5,14:58:00,
20032,11865,53,2,29,11,15:25:00,
20033,11866,67,4,20,10,13:51:00,
20034,11866,58,4,37,4,14:04:00,
20035,11867,68,5,31,14,09:43:00,
20036,11868,51,1,29,11,13:14:00,
20037,11868,43,5,25,7,12:04:00,
20038,11868,15,7,38,3,12:42:00,
20039,11869,44,1,26,6,12:50:00,
20040,11869,10,7,21,11,13:38:00,
20041,11870,29,8,38,14,11:12:00,
20042,11871,34,6,26,11,12:06:00,
20043,11871,14,5,28,5,12:11:00,
20044,11872,45,7,38,12,10:19:00,
20045,11873,45,2,31,1,15:22:00,
20046,11873,11,1,32,12,16:22:00,
20047,11874,56,7,40,7,15:55:00,
20048,11875,71,6,16,4,13:46:00,
20049,11875,44,1,19,7,12:09:00,
20050,11876,1,1,24,13,13:33:00,
20051,11876,39,8,22,13,12:53:00,
20052,11877,8,8,39,10,15:02:00,
20053,11877,10,8,27,4,14:41:00,
20054,11878,43,6,43,13,16:08:00,
20055,11878,48,6,15,2,15:57:00,
20056,11879,29,2,25,4,14:29:00,
20057,11879,13,1,14,7,14:19:00,
20058,11880,5,5,38,1,14:54:00,
20059,11881,58,8,36,2,12:13:00,
20060,11882,13,6,40,10,15:56:00,
20061,11883,71,4,35,10,10:29:00,
20062,11883,8,3,37,11,10:27:00,
20063,11883,7,8,30,13,10:19:00,
20064,11884,53,7,19,4,15:06:00,
20065,11885,12,7,22,11,10:34:00,
20066,11886,34,7,40,3,10:27:00,
20067,11886,30,3,35,6,10:00:00,
20068,11887,20,4,47,7,14:21:00,
20069,11888,67,5,33,5,13:32:00,
20070,11889,19,3,32,11,13:03:00,
20071,11890,43,4,48,7,16:27:00,
20072,11891,48,5,29,7,10:58:00,
20073,11892,42,5,25,4,14:01:00,
20074,11892,48,3,41,5,14:25:00,
20075,11893,59,3,44,12,11:57:00,
20076,11894,8,4,21,1,14:34:00,
20077,11894,52,6,31,6,14:34:00,
20078,11895,59,5,18,4,11:26:00,
20079,11895,34,3,34,3,11:32:00,
20080,11896,39,3,27,2,14:49:00,
20081,11897,7,6,43,7,11:35:00,
20082,11897,51,1,35,11,11:53:00,
20083,11898,52,2,30,2,14:13:00,
20084,11899,69,4,39,14,12:47:00,
20085,11899,68,6,22,11,12:39:00,
20086,11899,61,3,29,10,13:08:00,
20087,11900,48,8,28,10,10:33:00,
20088,11900,14,5,18,2,10:27:00,
20089,11900,53,2,28,5,10:47:00,
20090,11901,14,3,27,14,16:24:00,
20091,11902,13,3,22,4,16:55:00,
20092,11902,20,1,29,2,16:31:00,
20093,11903,66,4,25,6,15:40:00,
20094,11904,69,6,31,12,13:02:00,
20095,11904,43,1,36,2,13:27:00,
20096,11905,53,1,18,13,15:10:00,
20097,11905,8,5,38,11,15:08:00,
20098,11906,48,1,14,7,13:45:00,
20099,11906,19,5,30,3,15:21:00,
20100,11907,42,7,40,1,10:47:00,
20101,11908,56,8,21,13,15:07:00,
20102,11908,71,2,17,3,16:50:00,
20103,11908,13,5,22,3,16:39:00,
20104,11909,13,1,37,2,17:19:00,
20105,11910,57,8,35,10,15:44:00,
20106,11910,23,5,24,14,16:50:00,
20107,11911,67,2,32,7,09:27:00,
20108,11911,68,1,38,7,09:15:00,
20109,11912,47,6,17,14,15:50:00,
20110,11913,11,1,25,6,16:27:00,
20111,11913,1,6,34,4,16:31:00,
20112,11914,12,8,31,2,15:36:00,
20113,11915,34,3,43,10,14:29:00,
20114,11915,56,7,45,1,13:55:00,
20115,11916,66,1,16,10,11:20:00,
20116,11916,38,2,21,11,11:08:00,
20117,11917,58,4,25,7,14:49:00,
20118,11917,10,6,30,13,14:37:00,
20119,11918,5,3,32,3,13:25:00,
20120,11918,57,8,34,11,14:00:00,
20121,11919,10,1,49,4,16:23:00,
20122,11920,50,8,27,10,17:06:00,
20123,11921,7,5,33,1,12:54:00,
20124,11922,13,1,39,10,14:45:00,
20125,11922,59,2,33,11,14:51:00,
20126,11923,21,7,22,5,15:43:00,
20127,11923,68,1,16,5,15:13:00,
20128,11924,69,8,26,5,12:51:00,
20129,11924,7,4,35,12,12:42:00,
20130,11925,8,8,16,12,16:21:00,
20131,11925,13,4,40,3,16:52:00,
20132,11926,38,4,24,4,10:42:00,
20133,11926,53,6,11,12,10:59:00,
20134,11927,71,2,27,10,15:35:00,
20135,11927,58,1,20,14,15:37:00,
20136,11928,52,2,27,12,16:38:00,
20137,11928,73,2,25,10,16:38:00,
20138,11928,71,6,19,10,16:13:00,
20139,11929,73,5,33,12,16:40:00,
20140,11930,29,8,35,7,09:44:00,
20141,11930,73,4,37,2,09:37:00,
20142,11931,1,1,45,5,10:17:00,
20143,11931,10,6,18,1,10:01:00,
20144,11931,61,5,30,13,10:42:00,
20145,11932,61,4,30,5,11:26:00,
20146,11932,58,7,24,2,11:12:00,
20147,11933,10,7,26,2,12:57:00,
20148,11933,69,5,29,7,12:59:00,
20149,11933,57,6,20,3,13:09:00,
20150,11934,10,7,28,10,14:07:00,
20151,11934,12,7,28,4,13:59:00,
20152,11934,45,8,32,2,13:59:00,
20153,11935,47,7,10,3,13:25:00,
20154,11936,34,3,41,14,17:05:00,
20155,11936,11,7,34,5,17:39:00,
20156,11937,21,3,31,2,14:37:00,
20157,11937,39,1,28,6,15:58:00,
20158,11938,1,6,23,12,15:12:00,
20159,11938,15,4,23,7,15:27:00,
20160,11939,1,4,44,1,09:52:00,
20161,11939,68,7,36,5,10:23:00,
20162,11940,52,1,29,10,12:58:00,
20163,11940,65,6,29,2,13:10:00,
20164,11941,56,7,28,7,12:12:00,
20165,11941,61,8,18,14,11:50:00,
20166,11942,53,6,20,2,17:06:00,
20167,11943,20,7,36,5,13:56:00,
20168,11943,52,6,21,12,14:16:00,
20169,11943,53,2,16,7,14:41:00,
20170,11944,14,7,19,7,17:19:00,
20171,11945,15,1,29,4,16:12:00,
20172,11945,53,6,23,4,15:58:00,
20173,11946,44,3,19,14,16:22:00,
20174,11946,1,7,27,2,15:50:00,
20175,11947,5,7,34,6,14:35:00,
20176,11948,8,2,19,3,10:53:00,
20177,11948,50,6,37,11,11:02:00,
20178,11949,61,3,33,14,12:28:00,
20179,11949,58,3,28,11,11:17:00,
20180,11950,48,1,29,4,12:53:00,
20181,11950,30,5,34,2,12:55:00,
20182,11951,59,3,23,4,11:51:00,
20183,11952,53,1,7,4,15:06:00,
20184,11952,73,7,7,11,14:34:00,
20185,11953,61,6,31,14,12:23:00,
20186,11954,68,8,22,4,16:54:00,
20187,11954,69,1,27,3,16:27:00,
20188,11954,62,4,14,1,16:39:00,
20189,11955,62,4,25,12,17:55:00,
20190,11956,38,2,36,13,15:13:00,
20191,11957,62,4,33,2,09:21:00,
20192,11957,10,2,26,14,09:49:00,
20193,11957,71,8,10,3,09:44:00,
20194,11958,1,1,23,10,10:47:00,
20195,11959,13,5,34,5,09:53:00,
20196,11959,43,4,16,1,09:48:00,
20197,11960,48,8,25,6,10:51:00,
20198,11960,62,2,29,6,11:11:00,
20199,11961,51,5,27,10,11:32:00,
20200,11962,47,3,39,10,14:22:00,
20201,11962,58,4,33,14,14:23:00,
20202,11962,10,6,36,1,14:28:00,
20203,11963,10,2,9,1,12:15:00,
20204,11963,73,2,17,3,12:26:00,
20205,11964,57,7,29,1,14:59:00,
20206,11964,29,7,20,10,13:56:00,
20207,11964,39,5,33,13,13:40:00,
20208,11965,20,5,35,4,13:08:00,
20209,11965,13,4,31,1,13:18:00,
20210,11966,39,5,20,13,12:20:00,
20211,11967,23,5,34,4,16:24:00,
20212,11968,45,1,43,5,09:37:00,
20213,11968,34,5,31,4,10:07:00,
20214,11968,14,7,12,6,09:53:00,
20215,11969,34,8,39,1,12:47:00,
20216,11970,21,6,37,12,15:56:00,
20217,11970,19,2,43,14,16:05:00,
20218,11971,65,1,41,5,14:21:00,
20219,11971,12,6,22,1,14:40:00,
20220,11972,71,7,21,10,14:46:00,
20221,11972,44,6,6,6,14:25:00,
20222,11973,11,7,28,6,12:34:00,
20223,11974,50,5,15,10,11:36:00,
20224,11974,12,7,42,13,10:38:00,
20225,11974,15,6,38,10,11:01:00,
20226,11975,57,3,20,6,16:34:00,
20227,11976,13,3,34,12,13:57:00,
20228,11976,29,8,32,5,14:52:00,
20229,11977,61,2,23,1,09:56:00,
20230,11977,58,2,27,12,09:55:00,
20231,11978,21,1,38,10,09:50:00,
20232,11978,44,6,20,12,09:36:00,
20233,11979,51,5,21,11,13:59:00,
20234,11980,57,7,27,7,17:48:00,
20235,11980,66,5,22,3,18:21:00,
20236,11981,14,4,43,2,13:20:00,
20237,11981,7,3,31,3,13:19:00,
20238,11982,34,6,20,12,10:22:00,
20239,11983,66,4,13,2,11:08:00,
20240,11983,10,5,27,12,11:27:00,
20241,11984,29,5,37,12,13:58:00,
20242,11984,12,4,29,13,13:30:00,
20243,11984,39,4,30,13,13:25:00,
20244,11985,29,1,25,6,11:03:00,
20245,11986,59,5,16,1,10:16:00,
20246,11986,21,5,40,12,10:34:00,
20247,11987,13,2,33,7,11:41:00,
20248,11987,48,3,14,11,10:36:00,
20249,11988,59,7,18,4,12:32:00,
20250,11989,5,1,36,6,12:21:00,
20251,11989,52,7,33,7,12:05:00,
20252,11990,14,2,24,14,15:02:00,
20253,11991,19,1,36,13,10:51:00,
20254,11992,10,3,11,13,11:37:00,
20255,11992,44,2,17,4,11:21:00,
20256,11993,30,4,22,14,15:55:00,
20257,11993,44,2,20,7,15:58:00,
20258,11993,62,7,24,7,16:04:00,
20259,11994,23,5,44,11,16:11:00,
20260,11995,20,4,47,5,13:26:00,
20261,11995,7,1,46,2,13:11:00,
20262,11996,44,6,11,3,14:43:00,
20263,11997,45,3,33,5,13:05:00,
20264,11998,12,8,29,14,11:05:00,
20265,11998,48,8,22,13,10:49:00,
20266,11999,8,8,31,14,17:40:00,
20267,11999,67,4,20,12,16:22:00,
20268,12000,29,7,27,2,17:56:00,
20269,12000,51,6,29,7,17:20:00,
20270,12001,10,1,27,2,13:59:00,
20271,12001,5,5,36,1,14:58:00,
20272,12001,58,3,35,13,13:46:00,
20273,12002,47,3,25,14,14:38:00,
20274,12002,61,8,26,5,14:20:00,
20275,12003,20,2,25,6,15:12:00,
20276,12003,23,6,31,7,15:24:00,
20277,12003,12,3,23,11,15:09:00,
20278,12004,14,5,18,12,10:58:00,
20279,12004,5,7,29,5,10:34:00,
20280,12005,39,4,27,10,16:54:00,
20281,12006,58,2,23,1,17:56:00,
20282,12006,45,3,29,2,17:29:00,
20283,12007,68,2,37,5,12:42:00,
20284,12008,67,7,31,4,09:45:00,
20285,12008,47,8,9,3,09:33:00,
20286,12009,62,2,27,2,14:03:00,
20287,12010,43,2,34,5,09:55:00,
20288,12011,10,3,22,4,12:12:00,
20289,12012,15,4,32,12,12:56:00,
20290,12012,58,6,35,1,13:13:00,
20291,12013,62,8,23,12,10:38:00,
20292,12013,50,7,25,11,10:56:00,
20293,12014,19,8,45,14,16:53:00,
20294,12015,42,8,32,3,13:45:00,
20295,12015,21,3,16,12,14:06:00,
20296,12016,10,2,30,11,17:15:00,
20297,12016,19,3,31,5,16:51:00,
20298,12017,62,1,15,12,18:06:00,
20299,12017,65,1,30,4,17:55:00,
20300,12018,1,2,28,14,15:13:00,
20301,12019,59,4,20,3,16:29:00,
20302,12020,73,2,31,5,14:13:00,
20303,12020,66,4,19,12,14:29:00,
20304,12021,8,5,31,2,18:02:00,
20305,12021,29,5,21,7,17:03:00,
20306,12021,66,3,26,4,17:50:00,
20307,12022,69,5,18,5,15:31:00,
20308,12023,39,2,11,2,17:13:00,
20309,12023,43,3,23,4,16:44:00,
20310,12024,56,6,30,6,13:22:00,
20311,12025,57,8,25,12,13:41:00,
20312,12026,34,5,46,7,15:01:00,
20313,12027,38,5,26,13,10:42:00,
20314,12027,66,6,31,4,10:28:00,
20315,12028,13,5,30,12,11:25:00,
20316,12028,23,8,37,14,11:11:00,
20317,12029,1,5,32,7,17:12:00,
20318,12029,66,6,24,2,17:22:00,
20319,12029,12,1,23,4,16:21:00,
20320,12030,13,8,23,3,12:23:00,
20321,12030,59,3,35,13,11:43:00,
20322,12030,71,6,28,13,12:44:00,
20323,12031,12,3,24,11,10:42:00,
20324,12032,14,3,15,7,12:58:00,
20325,12032,19,3,35,14,13:11:00,
20326,12033,65,3,30,3,14:31:00,
20327,12034,1,4,29,1,12:26:00,
20328,12035,20,2,40,12,11:13:00,
20329,12036,43,5,20,2,10:11:00,
20330,12036,29,7,23,2,10:00:00,
20331,12037,23,6,35,11,16:52:00,
20332,12037,68,4,39,4,16:28:00,
20333,12037,1,2,30,2,17:46:00,
20334,12038,11,5,19,2,13:21:00,
20335,12038,20,6,27,1,13:36:00,
20336,12038,62,6,24,4,13:13:00,
20337,12039,34,2,47,7,10:43:00,
20338,12039,65,4,39,14,10:51:00,
20339,12039,66,3,31,7,10:51:00,
20340,12040,58,7,30,11,15:42:00,
20341,12040,1,6,27,7,16:16:00,
20342,12040,73,6,18,12,15:43:00,
20343,12041,5,7,43,4,14:20:00,
20344,12041,43,7,36,14,15:54:00,
20345,12041,34,2,44,7,14:20:00,
20346,12042,21,5,25,3,11:45:00,
20347,12043,13,5,25,5,10:09:00,
20348,12044,29,5,26,11,10:34:00,
20349,12045,69,8,25,14,11:24:00,
20350,12045,56,5,37,6,11:21:00,
20351,12046,58,6,29,10,12:53:00,
20352,12047,47,6,28,6,15:04:00,
20353,12047,1,2,34,3,15:10:00,
20354,12047,73,2,25,14,14:53:00,
20355,12048,59,5,13,4,14:54:00,
20356,12049,51,3,34,3,14:07:00,
20357,12049,42,1,32,10,13:29:00,
20358,12050,15,5,42,4,15:24:00,
20359,12051,10,8,19,6,10:16:00,
20360,12051,59,5,27,4,11:25:00,
20361,12052,69,1,21,1,15:26:00,
20362,12052,39,3,21,5,15:28:00,
20363,12052,19,6,40,3,17:03:00,
20364,12053,19,3,40,4,16:15:00,
20365,12054,30,2,25,14,15:52:00,
20366,12054,43,6,36,6,15:23:00,
20367,12054,14,1,29,12,15:51:00,
20368,12055,11,4,31,14,10:54:00,
20369,12056,68,5,31,12,15:25:00,
20370,12056,5,6,44,13,15:45:00,
20371,12057,11,7,35,11,11:21:00,
20372,12058,58,2,29,7,14:58:00,
20373,12059,10,8,19,6,11:25:00,
20374,12060,13,2,33,13,11:43:00,
20375,12060,19,8,22,6,10:27:00,
20376,12060,68,7,39,4,10:33:00,
20377,12061,68,2,15,13,09:25:00,
20378,12061,23,3,38,11,09:50:00,
20379,12062,14,5,12,5,10:14:00,
20380,12062,30,8,33,5,10:12:00,
20381,12062,53,8,16,7,10:26:00,
20382,12063,21,5,43,10,14:16:00,
20383,12063,73,6,12,5,14:13:00,
20384,12064,29,3,24,12,10:37:00,
20385,12064,56,2,35,4,10:16:00,
20386,12065,1,1,35,14,15:16:00,
20387,12065,62,3,34,2,15:34:00,
20388,12066,11,2,21,7,16:41:00,
20389,12066,21,7,32,7,16:36:00,
20390,12067,21,6,46,2,13:24:00,
20391,12068,15,5,32,3,09:35:00,
20392,12069,10,7,28,14,10:06:00,
20393,12070,13,5,45,4,15:04:00,
20394,12071,73,8,12,7,13:07:00,
20395,12072,71,3,5,6,10:46:00,
20396,12073,68,1,36,4,15:59:00,
20397,12073,34,6,33,2,15:11:00,
20398,12074,1,7,40,6,14:32:00,
20399,12075,14,7,33,2,12:28:00,
20400,12075,30,5,33,11,12:14:00,
20401,12075,73,3,31,2,11:30:00,
20402,12076,62,4,32,4,16:48:00,
20403,12077,59,2,20,10,15:27:00,
20404,12077,42,4,23,1,15:36:00,
20405,12077,56,8,26,7,14:57:00,
20406,12078,39,3,28,1,16:55:00,
20407,12078,20,7,41,6,17:21:00,
20408,12079,52,4,24,14,11:56:00,
20409,12079,68,6,27,13,12:19:00,
20410,12080,42,1,34,14,14:01:00,
20411,12081,71,4,25,3,15:55:00,
20412,12082,73,8,17,10,13:10:00,
20413,12082,59,6,22,13,12:51:00,
20414,12082,29,4,26,10,14:09:00,
20415,12083,44,5,13,11,12:59:00,
20416,12083,21,1,44,12,14:30:00,
20417,12084,73,5,16,14,11:27:00,
20418,12084,53,5,24,6,11:29:00,
20419,12085,21,2,36,1,12:20:00,
20420,12085,19,4,23,10,12:28:00,
20421,12086,5,3,39,3,14:23:00,
20422,12086,59,4,19,7,14:35:00,
20423,12086,1,7,24,5,14:38:00,
20424,12087,69,8,26,10,13:00:00,
20425,12088,59,7,35,3,15:09:00,
20426,12089,42,6,37,7,12:06:00,
20427,12089,14,5,30,10,12:19:00,
20428,12090,57,6,13,4,09:34:00,
20429,12090,14,1,21,13,10:01:00,
20430,12090,43,3,40,5,09:14:00,
20431,12091,51,6,27,10,15:36:00,
20432,12091,43,7,37,2,15:49:00,
20433,12092,39,7,33,6,11:17:00,
20434,12093,66,2,24,7,16:06:00,
20435,12093,71,3,32,11,15:47:00,
20436,12093,14,8,33,2,16:09:00,
20437,12094,10,5,36,5,17:06:00,
20438,12095,10,1,27,2,14:31:00,
20439,12096,57,8,23,6,11:45:00,
20440,12097,19,2,22,6,13:49:00,
20441,12097,30,7,38,2,14:30:00,
20442,12097,67,8,34,3,13:49:00,
20443,12098,50,4,19,3,13:42:00,
20444,12098,11,7,34,5,13:46:00,
20445,12099,23,2,25,12,15:13:00,
20446,12099,13,6,28,4,15:15:00,
20447,12099,29,2,24,12,15:16:00,
20448,12100,1,6,12,6,17:30:00,
20449,12100,21,1,33,2,17:02:00,
20450,12101,29,7,29,3,16:13:00,
20451,12101,11,5,36,6,15:58:00,
20452,12102,66,7,16,2,10:16:00,
20453,12102,7,5,48,10,10:44:00,
20454,12103,14,7,31,10,13:13:00,
20455,12103,47,5,29,10,13:23:00,
20456,12104,58,2,38,3,11:10:00,
20457,12104,68,5,27,2,11:09:00,
20458,12105,39,5,23,14,14:20:00,
20459,12105,73,5,38,1,14:49:00,
20460,12106,15,1,30,1,11:19:00,
20461,12107,62,4,24,1,13:39:00,
20462,12107,39,6,21,14,14:18:00,
20463,12108,53,3,35,6,12:28:00,
20464,12109,42,4,40,1,09:27:00,
20465,12110,34,5,26,7,12:51:00,
20466,12111,68,2,29,13,13:31:00,
20467,12112,53,3,28,14,15:11:00,
20468,12113,43,8,53,14,17:14:00,
20469,12114,21,5,38,2,15:01:00,
20470,12114,38,4,37,2,14:24:00,
20471,12115,71,7,22,12,15:12:00,
20472,12116,30,2,29,2,14:44:00,
20473,12116,38,6,27,4,15:02:00,
20474,12117,11,2,27,2,16:35:00,
20475,12118,56,4,19,12,16:31:00,
20476,12119,11,6,32,10,13:00:00,
20477,12120,1,1,27,5,11:18:00,
20478,12121,62,4,16,7,14:35:00,
20479,12121,45,1,32,13,14:57:00,
20480,12122,47,8,43,12,12:10:00,
20481,12123,56,2,41,5,13:42:00,
20482,12124,14,2,26,13,18:17:00,
20483,12125,58,7,35,1,10:58:00,
20484,12126,45,1,24,11,12:38:00,
20485,12127,67,6,25,12,14:20:00,
20486,12128,61,8,42,10,14:21:00,
20487,12128,52,8,27,5,14:33:00,
20488,12129,47,3,15,13,14:02:00,
20489,12130,67,2,31,12,16:49:00,
20490,12130,11,4,24,11,16:54:00,
20491,12131,57,1,15,2,12:52:00,
20492,12132,58,2,29,1,13:23:00,
20493,12133,56,1,29,12,10:42:00,
20494,12134,47,4,24,13,15:49:00,
20495,12134,21,8,39,14,15:59:00,
20496,12135,58,7,23,13,09:55:00,
20497,12136,47,8,30,7,15:15:00,
20498,12137,52,5,21,12,11:11:00,
20499,12138,1,3,27,5,13:20:00,
20500,12138,19,5,31,4,13:14:00,
20501,12138,15,6,29,3,13:29:00,
20502,12139,73,6,22,3,13:32:00,
20503,12140,47,1,34,2,14:02:00,
20504,12141,47,7,43,7,13:58:00,
20505,12141,12,5,29,6,15:00:00,
20506,12141,48,5,34,2,14:41:00,
20507,12142,59,1,34,12,11:25:00,
20508,12142,5,6,38,6,12:05:00,
20509,12142,51,4,26,14,11:22:00,
20510,12143,69,7,29,13,17:35:00,
20511,12144,47,1,24,12,13:34:00,
20512,12144,58,6,43,2,13:42:00,
20513,12145,19,1,32,12,11:21:00,
20514,12145,5,4,29,13,11:05:00,
20515,12145,68,8,26,12,10:16:00,
20516,12146,23,8,36,1,16:29:00,
20517,12146,59,4,42,11,16:51:00,
20518,12147,43,4,33,7,13:35:00,
20519,12148,13,5,40,12,10:33:00,
20520,12148,65,5,28,7,10:45:00,
20521,12149,1,6,30,14,15:07:00,
20522,12149,67,1,17,13,15:13:00,
20523,12150,14,1,28,3,13:07:00,
20524,12150,65,8,23,3,12:46:00,
20525,12150,39,3,17,4,13:20:00,
20526,12151,21,2,39,12,13:49:00,
20527,12151,8,7,27,12,14:06:00,
20528,12152,47,3,23,5,10:11:00,
20529,12152,50,8,24,4,10:07:00,
20530,12153,21,7,38,2,16:00:00,
20531,12154,8,1,22,1,13:48:00,
20532,12155,53,4,20,7,10:21:00,
20533,12156,65,2,28,12,12:25:00,
20534,12156,53,6,28,3,12:20:00,
20535,12157,44,4,17,6,14:29:00,
20536,12157,5,5,26,1,14:34:00,
20537,12158,65,2,17,3,12:22:00,
20538,12158,57,6,23,14,11:31:00,
20539,12159,43,3,27,10,13:28:00,
20540,12159,68,6,25,7,13:47:00,
20541,12160,69,3,22,7,10:39:00,
20542,12161,38,5,32,11,12:32:00,
20543,12162,48,2,30,11,13:18:00,
20544,12163,8,8,25,12,10:55:00,
20545,12164,21,4,38,3,09:41:00,
20546,12164,66,5,26,3,10:14:00,
20547,12164,19,2,26,12,09:59:00,
20548,12165,23,5,42,5,11:16:00,
20549,12166,45,2,44,7,12:24:00,
20550,12167,15,3,36,3,12:08:00,
20551,12167,8,5,40,14,11:59:00,
20552,12168,21,7,26,6,16:28:00,
20553,12168,57,1,21,11,16:52:00,
20554,12169,5,2,24,1,09:26:00,
20555,12169,1,4,25,3,10:26:00,
20556,12170,58,2,29,12,16:50:00,
20557,12170,42,5,42,13,16:40:00,
20558,12171,43,2,44,12,16:54:00,
20559,12171,68,8,33,10,16:23:00,
20560,12172,68,3,33,13,14:07:00,
20561,12172,48,6,19,14,12:54:00,
20562,12172,20,1,24,6,13:48:00,
20563,12173,38,6,36,4,11:11:00,
20564,12173,12,5,25,14,11:53:00,
20565,12174,65,5,29,5,12:20:00,
20566,12175,52,8,27,2,10:30:00,
20567,12175,56,2,35,2,10:29:00,
20568,12176,39,8,34,4,11:22:00,
20569,12176,52,4,27,2,11:37:00,
20570,12177,61,1,27,6,15:46:00,
20571,12178,66,8,20,14,10:33:00,
20572,12178,21,1,26,13,10:41:00,
20573,12178,19,3,18,3,10:51:00,
20574,12179,38,4,20,4,16:46:00,
20575,12179,29,5,24,10,16:50:00,
20576,12180,68,5,32,7,10:02:00,
20577,12180,29,8,27,11,10:25:00,
20578,12180,73,1,26,6,10:24:00,
20579,12181,62,7,16,13,14:31:00,
20580,12181,21,4,35,10,14:31:00,
20581,12182,39,3,32,7,13:54:00,
20582,12182,11,6,30,1,14:02:00,
20583,12183,20,1,20,14,09:48:00,
20584,12184,29,7,32,10,09:12:00,
20585,12184,48,6,29,10,09:37:00,
20586,12185,19,2,40,14,13:33:00,
20587,12185,48,2,7,6,14:58:00,
20588,12185,44,8,30,11,13:20:00,
20589,12186,43,1,33,6,16:41:00,
20590,12186,11,4,28,6,16:37:00,
20591,12187,61,2,26,3,10:03:00,
20592,12188,66,2,18,2,11:34:00,
20593,12189,53,1,29,13,10:34:00,
20594,12190,39,6,34,3,15:03:00,
20595,12191,29,6,37,5,11:04:00,
20596,12191,42,2,30,14,10:58:00,
20597,12192,73,3,27,4,16:30:00,
20598,12192,65,3,39,14,16:37:00,
20599,12192,20,2,26,13,16:38:00,
20600,12193,53,6,20,1,17:41:00,
20601,12193,14,1,21,3,16:59:00,
20602,12193,44,7,26,13,17:49:00,
20603,12194,10,8,27,1,11:56:00,
20604,12194,45,8,24,14,12:23:00,
20605,12195,62,3,30,3,13:20:00,
20606,12196,47,8,26,10,10:51:00,
20607,12197,67,2,42,2,10:58:00,
20608,12198,30,8,24,1,15:32:00,
20609,12199,57,7,22,5,15:56:00,
20610,12199,19,1,30,7,15:15:00,
20611,12200,34,1,32,11,10:20:00,
20612,12200,48,3,7,12,10:22:00,
20613,12201,57,1,24,1,14:49:00,
20614,12201,39,6,34,5,15:28:00,
20615,12202,61,4,29,12,16:09:00,
20616,12203,23,5,28,7,11:35:00,
20617,12203,42,2,23,13,10:26:00,
20618,12204,15,7,32,5,12:02:00,
20619,12205,53,6,20,14,12:43:00,
20620,12206,38,3,38,10,16:14:00,
20621,12206,59,8,17,6,16:07:00,
20622,12207,65,6,33,2,10:29:00,
20623,12207,11,4,33,5,10:00:00,
20624,12208,34,1,44,2,14:27:00,
20625,12209,29,1,35,1,11:42:00,
20626,12210,8,6,39,14,12:12:00,
20627,12210,50,4,31,11,12:53:00,
20628,12210,15,5,38,14,12:45:00,
20629,12211,5,5,27,5,11:26:00,
20630,12211,61,5,19,7,11:11:00,
20631,12212,61,4,29,5,16:16:00,
20632,12213,11,6,27,5,11:37:00,
20633,12214,30,6,41,5,10:00:00,
20634,12214,23,3,31,1,09:27:00,
20635,12215,10,2,24,1,16:59:00,
20636,12215,19,2,43,7,16:06:00,
20637,12216,11,5,29,3,10:13:00,
20638,12217,23,7,36,10,14:13:00,
20639,12218,65,2,19,4,12:06:00,
20640,12219,44,5,24,14,14:56:00,
20641,12219,68,4,31,2,14:26:00,
20642,12220,59,6,24,3,13:06:00,
20643,12220,42,8,35,1,13:50:00,
20644,12220,34,4,28,6,13:14:00,
20645,12221,11,5,27,13,13:30:00,
20646,12221,5,3,29,5,13:19:00,
20647,12221,30,3,27,5,13:04:00,
20648,12222,23,8,35,14,13:43:00,
20649,12223,45,6,31,11,17:50:00,
20650,12224,30,6,28,2,17:56:00,
20651,12224,67,8,24,3,18:16:00,
20652,12225,12,6,24,4,16:50:00,
20653,12225,48,5,27,13,17:29:00,
20654,12226,20,6,46,3,14:54:00,
20655,12226,42,8,37,6,15:04:00,
20656,12227,45,7,32,2,10:39:00,
20657,12228,30,8,36,2,10:06:00,
20658,12228,29,8,30,11,10:35:00,
20659,12229,29,1,35,6,14:14:00,
20660,12230,7,3,29,5,14:14:00,
20661,12230,66,4,11,2,14:15:00,
20662,12231,58,1,33,12,09:27:00,
20663,12231,1,4,23,5,09:35:00,
20664,12232,23,1,30,4,16:28:00,
20665,12233,47,8,16,6,16:27:00,
20666,12233,44,5,22,6,16:23:00,
20667,12234,21,7,38,7,10:23:00,
20668,12235,23,3,34,12,09:41:00,
20669,12236,57,2,30,10,11:12:00,
20670,12236,14,3,30,1,12:00:00,
20671,12237,21,5,36,3,17:09:00,
20672,12238,8,6,40,14,10:31:00,
20673,12239,53,1,37,11,09:39:00,
20674,12240,67,1,16,13,10:20:00,
20675,12240,66,7,21,14,10:39:00,
20676,12241,14,5,22,2,12:43:00,
20677,12242,13,1,35,12,15:47:00,
20678,12242,15,6,29,12,15:28:00,
20679,12243,11,8,23,12,13:57:00,
20680,12243,13,3,35,7,13:57:00,
20681,12244,45,4,37,6,14:38:00,
20682,12245,15,5,14,11,09:50:00,
20683,12245,38,7,30,5,10:42:00,
20684,12246,34,8,29,7,09:48:00,
20685,12246,15,6,38,12,09:49:00,
20686,12247,10,6,34,12,10:52:00,
20687,12247,8,7,32,10,11:00:00,
20688,12248,15,5,35,4,11:09:00,
20689,12249,15,7,34,1,09:36:00,
20690,12249,13,5,24,2,09:24:00,
20691,12249,67,6,17,11,09:47:00,
20692,12250,45,7,32,4,16:01:00,
20693,12250,8,8,32,11,15:58:00,
20694,12251,66,7,27,3,14:29:00,
20695,12252,62,4,31,6,11:03:00,
20696,12253,58,5,40,11,11:14:00,
20697,12254,56,1,24,14,11:09:00,
20698,12255,29,6,25,1,15:06:00,
20699,12256,53,4,26,11,10:20:00,
20700,12257,51,3,23,4,10:10:00,
20701,12257,23,7,27,3,09:54:00,
20702,12257,59,8,7,11,10:12:00,
20703,12258,62,3,32,4,16:06:00,
20704,12259,21,5,34,2,12:18:00,
20705,12259,51,4,22,14,12:55:00,
20706,12260,30,1,49,4,13:32:00,
20707,12260,21,4,31,14,13:41:00,
20708,12261,50,7,24,12,13:29:00,
20709,12262,23,7,36,13,17:00:00,
20710,12263,13,6,39,6,13:07:00,
20711,12263,68,5,34,4,13:12:00,
20712,12263,34,4,43,12,13:26:00,
20713,12264,14,2,29,7,12:39:00,
20714,12264,47,7,23,13,12:36:00,
20715,12264,42,3,38,6,12:31:00,
20716,12265,65,3,35,3,13:40:00,
20717,12265,42,1,19,3,13:21:00,
20718,12266,48,4,19,13,11:08:00,
20719,12266,42,2,43,1,11:27:00,
20720,12266,53,2,37,3,11:17:00,
20721,12267,38,8,34,14,16:07:00,
20722,12268,10,2,29,11,15:12:00,
20723,12268,44,5,10,11,15:19:00,
20724,12269,53,3,26,12,09:29:00,
20725,12270,15,7,40,14,11:01:00,
20726,12271,20,5,30,12,12:53:00,
20727,12271,51,7,21,4,13:10:00,
20728,12272,57,6,24,6,17:31:00,
20729,12272,1,5,42,14,17:22:00,
20730,12273,29,4,25,4,11:28:00,
20731,12274,12,3,32,10,13:28:00,
20732,12274,68,1,38,6,13:27:00,
20733,12274,48,6,21,11,13:16:00,
20734,12275,61,6,33,6,09:27:00,
20735,12276,43,8,41,14,10:34:00,
20736,12277,20,5,28,13,11:41:00,
20737,12278,71,3,5,5,15:43:00,
20738,12279,29,8,18,1,15:54:00,
20739,12280,66,3,14,7,10:23:00,
20740,12281,13,3,23,3,11:40:00,
20741,12282,13,5,34,2,12:40:00,
20742,12283,19,3,43,1,12:38:00,
20743,12283,65,3,36,1,12:12:00,
20744,12284,29,8,50,3,11:29:00,
20745,12284,39,4,30,11,11:41:00,
20746,12285,50,1,14,5,13:17:00,
20747,12286,56,3,36,5,11:10:00,
20748,12286,66,7,28,3,10:44:00,
20749,12287,13,8,32,2,12:09:00,
20750,12287,11,3,23,3,12:25:00,
20751,12288,44,5,15,14,09:56:00,
20752,12289,23,4,37,14,11:54:00,
20753,12289,10,7,41,1,12:29:00,
20754,12289,44,8,17,10,11:43:00,
20755,12290,15,3,28,14,10:07:00,
20756,12291,48,4,33,5,15:57:00,
20757,12291,21,4,23,14,16:04:00,
20758,12292,13,8,42,14,12:48:00,
20759,12293,21,1,46,6,10:46:00,
20760,12294,73,4,32,12,13:55:00,
20761,12295,48,7,19,13,09:22:00,
20762,12296,71,3,11,14,11:08:00,
20763,12296,34,1,27,13,11:15:00,
20764,12297,29,3,31,13,09:32:00,
20765,12297,57,4,26,13,09:45:00,
20766,12298,51,2,29,5,13:58:00,
20767,12299,45,2,37,10,16:42:00,
20768,12299,57,8,21,2,15:53:00,
20769,12300,23,5,34,11,14:40:00,
20770,12301,53,2,18,11,12:20:00,
20771,12301,42,1,37,2,12:18:00,
20772,12301,5,5,39,14,12:33:00,
20773,12302,21,4,26,13,16:46:00,
20774,12302,38,4,19,3,16:43:00,
20775,12302,5,4,38,3,16:25:00,
20776,12303,59,5,16,6,10:11:00,
20777,12304,12,7,24,10,11:54:00,
20778,12305,13,6,44,5,14:34:00,
20779,12305,50,8,40,5,14:34:00,
20780,12306,69,1,33,6,15:03:00,
20781,12306,39,6,38,14,13:42:00,
20782,12307,23,5,28,12,09:53:00,
20783,12308,56,5,29,12,14:50:00,
20784,12308,20,7,30,14,15:49:00,
20785,12309,57,3,28,5,10:27:00,
20786,12310,1,5,19,12,10:13:00,
20787,12310,44,6,19,3,09:23:00,
20788,12310,53,7,23,12,10:27:00,
20789,12311,39,1,28,10,11:44:00,
20790,12312,43,3,36,1,15:37:00,
20791,12312,1,5,35,10,15:38:00,
20792,12313,71,3,25,2,15:01:00,
20793,12314,15,7,32,7,17:06:00,
20794,12314,56,1,23,12,17:09:00,
20795,12315,13,3,28,1,17:08:00,
20796,12316,59,2,31,11,11:42:00,
20797,12316,57,1,26,5,11:55:00,
20798,12317,66,7,11,5,15:39:00,
20799,12317,65,3,28,11,15:29:00,
20800,12318,19,4,38,10,16:01:00,
20801,12318,50,5,20,14,16:00:00,
20802,12319,13,7,35,1,14:29:00,
20803,12319,68,6,31,13,14:30:00,
20804,12320,23,1,27,6,09:11:00,
20805,12321,57,3,27,6,14:20:00,
20806,12321,50,8,17,10,14:35:00,
20807,12322,45,1,25,13,10:26:00,
20808,12322,69,7,16,12,10:20:00,
20809,12322,65,4,35,4,10:19:00,
20810,12323,66,6,5,4,15:52:00,
20811,12324,39,6,30,10,11:10:00,
20812,12325,51,8,22,12,14:00:00,
20813,12325,45,7,47,10,14:01:00,
20814,12326,30,6,33,1,16:58:00,
20815,12327,15,5,27,6,13:10:00,
20816,12328,62,5,17,14,12:30:00,
20817,12329,56,5,32,11,15:01:00,
20818,12329,51,1,35,1,14:32:00,
20819,12329,8,8,30,3,14:30:00,
20820,12330,1,1,29,4,15:38:00,
20821,12330,61,2,30,11,15:43:00,
20822,12331,15,8,26,4,11:06:00,
20823,12331,8,3,27,11,11:13:00,
20824,12332,53,7,43,13,15:34:00,
20825,12333,65,3,40,14,14:11:00,
20826,12334,29,2,10,13,12:13:00,
20827,12334,67,6,31,7,12:11:00,
20828,12335,21,6,28,7,11:10:00,
20829,12336,5,8,29,7,10:30:00,
20830,12336,52,1,32,6,11:11:00,
20831,12337,30,7,25,6,16:28:00,
20832,12337,19,3,36,11,17:04:00,
20833,12338,57,6,18,7,15:16:00,
20834,12339,43,3,25,6,11:23:00,
20835,12339,67,8,22,6,12:04:00,
20836,12339,29,2,34,4,11:29:00,
20837,12340,13,8,19,3,15:28:00,
20838,12341,21,7,27,7,09:34:00,
20839,12341,57,3,33,13,09:37:00,
20840,12341,52,7,41,10,09:36:00,
20841,12342,10,5,14,1,12:00:00,
20842,12342,61,7,34,5,12:13:00,
20843,12343,61,2,34,10,11:39:00,
20844,12343,10,6,30,12,11:45:00,
20845,12343,48,5,22,3,11:44:00,
20846,12344,59,2,24,4,16:19:00,
20847,12345,15,7,37,2,15:17:00,
20848,12346,44,1,22,3,11:10:00,
20849,12347,50,8,21,12,13:58:00,
20850,12348,8,3,12,1,10:50:00,
20851,12348,53,7,31,12,10:07:00,
20852,12349,19,4,30,3,12:40:00,
20853,12350,1,6,33,12,13:26:00,
20854,12351,65,5,48,5,13:39:00,
20855,12351,15,8,21,13,14:06:00,
20856,12351,34,1,35,2,14:06:00,
20857,12352,51,4,35,12,13:22:00,
20858,12352,11,2,20,14,14:46:00,
20859,12352,66,7,34,14,13:47:00,
20860,12353,15,4,21,5,09:16:00,
20861,12354,5,4,41,6,14:08:00,
20862,12354,59,7,20,12,14:29:00,
20863,12355,34,6,24,1,12:23:00,
20864,12356,62,1,5,2,11:39:00,
20865,12356,45,1,42,4,12:25:00,
20866,12357,59,5,19,14,15:34:00,
20867,12357,57,7,12,4,16:10:00,
20868,12358,52,3,19,2,15:54:00,
20869,12358,50,6,24,5,15:40:00,
20870,12358,30,7,46,14,15:48:00,
20871,12359,61,6,26,11,12:36:00,
20872,12360,39,5,34,13,14:39:00,
20873,12360,67,2,37,3,14:42:00,
20874,12361,42,4,28,11,13:25:00,
20875,12361,66,3,25,12,13:14:00,
20876,12362,43,8,28,10,12:33:00,
20877,12362,29,2,30,14,12:53:00,
20878,12363,15,2,26,1,13:31:00,
20879,12363,50,6,34,7,12:54:00,
20880,12363,52,8,25,12,12:24:00,
20881,12364,14,5,27,11,11:04:00,
20882,12364,69,8,42,5,11:17:00,
20883,12364,59,4,41,11,10:53:00,
20884,12365,65,2,27,5,11:55:00,
20885,12366,20,4,27,5,12:11:00,
20886,12366,53,7,33,10,12:55:00,
20887,12366,19,1,31,14,12:01:00,
20888,12367,52,5,20,7,10:20:00,
20889,12367,8,4,46,12,10:41:00,
20890,12368,29,7,37,13,14:06:00,
20891,12369,66,7,23,11,14:17:00,
20892,12369,20,6,36,5,14:29:00,
20893,12370,15,3,19,13,10:56:00,
20894,12371,61,8,26,4,15:29:00,
20895,12372,19,4,27,2,13:29:00,
20896,12372,48,5,26,3,13:34:00,
20897,12372,73,2,27,6,12:37:00,
20898,12373,11,3,21,10,17:24:00,
20899,12374,42,4,35,2,15:11:00,
20900,12375,67,6,7,11,11:54:00,
20901,12376,20,2,44,14,12:05:00,
20902,12377,11,8,12,1,16:38:00,
20903,12377,10,7,18,5,16:22:00,
20904,12378,61,7,24,1,15:26:00,
20905,12379,44,4,12,11,10:00:00,
20906,12379,14,1,23,10,09:56:00,
20907,12379,67,7,31,12,09:47:00,
20908,12380,13,5,33,12,15:22:00,
20909,12381,7,8,35,14,15:42:00,
20910,12381,65,4,28,3,16:10:00,
20911,12382,13,2,25,10,12:30:00,
20912,12383,30,2,34,5,10:54:00,
20913,12383,57,8,17,11,11:53:00,
20914,12384,47,7,35,2,13:44:00,
20915,12384,59,1,25,11,13:21:00,
20916,12385,57,8,5,12,15:12:00,
20917,12386,13,2,34,12,14:37:00,
20918,12386,23,2,29,5,15:00:00,
20919,12387,10,7,17,2,13:00:00,
20920,12388,20,8,28,1,17:12:00,
20921,12388,38,5,25,7,17:12:00,
20922,12389,43,1,32,1,10:09:00,
20923,12390,21,8,45,2,15:25:00,
20924,12391,71,4,22,1,12:46:00,
20925,12391,21,2,20,14,13:27:00,
20926,12392,15,4,32,3,11:20:00,
20927,12393,53,8,32,4,15:40:00,
20928,12394,44,5,10,2,13:44:00,
20929,12394,45,8,21,7,12:24:00,
20930,12395,38,4,22,12,13:46:00,
20931,12395,29,5,31,4,13:26:00,
20932,12396,21,6,41,10,14:56:00,
20933,12396,8,2,28,11,14:55:00,
20934,12396,5,4,46,5,15:17:00,
20935,12397,34,2,35,10,15:32:00,
20936,12397,57,6,5,14,16:21:00,
20937,12398,61,7,42,14,10:11:00,
20938,12399,44,8,20,7,10:09:00,
20939,12400,10,5,27,10,15:41:00,
20940,12401,68,4,27,6,11:55:00,
20941,12402,15,4,36,11,15:20:00,
20942,12403,13,2,43,6,14:43:00,
20943,12404,51,5,20,14,11:24:00,
20944,12405,13,8,29,7,09:21:00,
20945,12406,59,2,12,3,16:11:00,
20946,12406,67,5,26,5,17:25:00,
20947,12407,42,5,27,7,16:45:00,
20948,12408,19,1,32,7,11:01:00,
20949,12409,42,5,39,11,14:29:00,
20950,12410,50,1,13,1,13:46:00,
20951,12410,10,3,30,14,14:03:00,
20952,12411,7,1,43,10,13:58:00,
20953,12411,20,8,19,6,14:04:00,
20954,12412,57,6,31,13,14:14:00,
20955,12413,29,8,35,3,11:05:00,
20956,12414,38,3,32,6,09:22:00,
20957,12415,59,4,32,13,18:14:00,
20958,12415,53,3,31,12,18:07:00,
20959,12415,11,5,36,7,17:57:00,
20960,12416,47,5,14,4,16:15:00,
20961,12416,65,8,30,7,16:16:00,
20962,12416,1,1,28,6,16:20:00,
20963,12417,29,4,36,5,16:35:00,
20964,12417,38,8,23,4,17:20:00,
20965,12417,23,6,37,2,16:24:00,
20966,12418,43,2,40,1,10:08:00,
20967,12419,59,6,7,14,13:20:00,
20968,12419,50,5,33,4,12:50:00,
20969,12420,29,8,27,11,17:06:00,
20970,12420,1,8,28,4,16:53:00,
20971,12421,48,7,17,12,17:12:00,
20972,12422,38,4,36,11,16:07:00,
20973,12423,57,7,24,6,16:26:00,
20974,12424,66,1,19,10,17:17:00,
20975,12424,29,8,31,4,17:07:00,
20976,12425,8,1,33,4,16:35:00,
20977,12426,50,2,33,7,17:37:00,
20978,12427,45,2,56,3,09:57:00,
20979,12427,21,6,44,11,10:12:00,
20980,12428,59,1,31,4,10:55:00,
20981,12429,30,8,34,7,16:14:00,
20982,12429,29,1,29,11,16:04:00,
20983,12430,34,8,37,11,10:43:00,
20984,12431,19,4,23,7,16:49:00,
20985,12431,57,4,35,4,17:38:00,
20986,12431,5,4,33,7,17:46:00,
20987,12432,29,3,15,6,15:21:00,
20988,12432,14,6,25,5,14:55:00,
20989,12433,68,2,27,2,10:07:00,
20990,12434,1,8,37,1,14:11:00,
20991,12434,44,6,12,6,14:28:00,
20992,12434,57,1,21,14,14:26:00,
20993,12435,20,1,20,13,12:15:00,
20994,12435,7,3,34,3,11:40:00,
20995,12436,30,1,32,13,16:13:00,
20996,12436,68,3,32,3,16:13:00,
20997,12436,52,8,36,10,16:02:00,
20998,12437,23,6,38,1,12:45:00,
20999,12438,21,7,29,14,11:43:00,
21000,12438,39,4,20,10,11:28:00,
21001,12438,57,1,38,1,11:57:00,
21002,12439,39,2,24,3,09:37:00,
21003,12440,42,2,41,7,14:41:00,
21004,12441,1,1,35,5,16:44:00,
21005,12441,30,5,43,12,15:32:00,
21006,12441,45,1,31,1,16:22:00,
21007,12442,5,1,33,7,17:20:00,
21008,12442,59,7,8,5,16:06:00,
21009,12443,8,6,21,4,12:05:00,
21010,12444,13,8,38,3,15:52:00,
21011,12445,29,8,16,13,14:46:00,
21012,12445,1,4,29,5,15:39:00,
21013,12445,50,8,25,11,14:27:00,
21014,12446,21,7,49,11,15:52:00,
21015,12447,34,7,35,6,15:23:00,
21016,12447,73,2,16,14,15:38:00,
21017,12448,5,1,32,14,11:40:00,
21018,12449,5,1,24,3,12:56:00,
21019,12450,51,6,13,13,16:06:00,
21020,12451,71,5,32,2,15:50:00,
21021,12452,30,8,32,7,12:03:00,
21022,12452,11,4,29,10,12:27:00,
21023,12453,42,6,23,13,15:00:00,
21024,12453,5,1,56,3,15:38:00,
21025,12453,50,8,41,1,14:29:00,
21026,12454,62,6,43,13,11:48:00,
21027,12454,73,2,27,13,10:50:00,
21028,12455,66,4,21,3,15:24:00,
21029,12456,15,5,25,2,15:41:00,
21030,12456,23,5,26,6,16:16:00,
21031,12457,20,6,27,10,11:50:00,
21032,12458,11,3,16,11,14:17:00,
21033,12458,56,2,35,2,14:06:00,
21034,12459,29,8,30,13,12:00:00,
21035,12459,23,1,39,13,11:39:00,
21036,12460,38,2,10,11,14:57:00,
21037,12461,14,3,35,3,12:08:00,
21038,12462,21,4,19,7,15:09:00,
21039,12462,53,3,17,13,15:31:00,
21040,12463,65,6,46,11,14:55:00,
21041,12464,61,6,30,11,11:23:00,
21042,12464,62,6,44,6,10:51:00,
21043,12465,56,6,24,6,12:33:00,
21044,12465,21,1,32,7,12:10:00,
21045,12466,59,4,28,10,14:00:00,
21046,12467,15,4,5,1,10:40:00,
21047,12468,73,4,27,3,13:48:00,
21048,12469,1,3,20,11,16:23:00,
21049,12469,13,7,46,7,15:59:00,
21050,12470,73,8,33,6,15:35:00,
21051,12470,69,2,41,3,15:47:00,
21052,12471,30,4,44,6,17:41:00,
21053,12472,57,1,17,14,10:50:00,
21054,12472,8,1,24,3,11:01:00,
21055,12473,11,8,32,7,11:29:00,
21056,12474,44,3,13,7,11:40:00,
21057,12475,68,6,23,7,11:41:00,
21058,12475,5,8,28,4,11:42:00,
21059,12476,65,5,28,11,09:59:00,
21060,12477,69,1,23,14,17:21:00,
21061,12478,23,2,45,3,13:08:00,
21062,12478,38,5,27,13,12:56:00,
21063,12478,13,4,28,14,12:18:00,
21064,12479,44,6,18,10,10:52:00,
21065,12480,71,7,26,7,17:25:00,
21066,12480,11,5,41,13,17:05:00,
21067,12481,42,6,22,10,09:38:00,
21068,12481,57,2,37,11,09:53:00,
21069,12482,56,6,21,2,15:36:00,
21070,12482,23,6,41,6,15:40:00,
21071,12483,67,5,26,10,14:33:00,
21072,12483,65,1,38,3,13:24:00,
21073,12484,30,2,38,6,17:23:00,
21074,12485,56,2,38,7,10:56:00,
21075,12485,29,8,35,6,10:10:00,
21076,12485,61,7,29,14,11:30:00,
21077,12486,43,2,35,10,11:48:00,
21078,12487,19,5,33,6,12:06:00,
21079,12487,29,7,29,2,13:48:00,
21080,12488,44,3,16,7,10:15:00,
21081,12488,69,6,31,11,10:16:00,
21082,12489,52,5,34,7,09:21:00,
21083,12490,50,8,39,12,09:58:00,
21084,12490,71,7,30,7,10:22:00,
21085,12491,21,2,23,7,10:26:00,
21086,12491,68,1,33,14,10:58:00,
21087,12491,19,1,26,7,10:54:00,
21088,12492,73,4,33,2,16:38:00,
21089,12492,50,6,37,2,16:20:00,
21090,12493,13,1,32,2,13:59:00,
21091,12494,8,2,44,2,09:11:00,
21092,12495,30,3,42,3,09:39:00,
21093,12495,71,8,16,7,10:14:00,
21094,12496,39,2,12,4,12:30:00,
21095,12497,59,3,32,11,17:31:00,
21096,12498,61,2,52,1,10:20:00,
21097,12498,68,3,28,7,11:15:00,
21098,12499,5,5,44,14,10:34:00,
21099,12500,39,8,26,3,09:31:00,
21100,12501,23,7,33,11,09:22:00,
21101,12501,21,8,43,4,09:56:00,
21102,12502,71,4,22,12,10:02:00,
21103,12502,43,1,41,7,09:50:00,
21104,12503,65,1,41,7,13:53:00,
21105,12503,44,1,20,4,13:21:00,
21106,12504,50,7,39,10,14:43:00,
21107,12504,73,2,25,1,14:41:00,
21108,12505,10,8,29,6,14:46:00,
21109,12505,73,6,33,11,13:38:00,
21110,12506,34,7,31,7,13:06:00,
21111,12507,19,1,24,7,14:30:00,
21112,12508,52,6,25,2,17:28:00,
21113,12509,48,4,22,7,09:06:00,
21114,12509,19,1,31,2,09:37:00,
21115,12510,21,2,32,13,17:43:00,
21116,12510,44,3,23,6,17:59:00,
21117,12510,50,7,32,5,18:02:00,
21118,12511,61,2,31,14,12:13:00,
21119,12512,53,6,31,5,10:08:00,
21120,12512,47,4,5,10,10:39:00,
21121,12513,57,7,30,6,11:57:00,
21122,12513,45,2,19,14,11:31:00,
21123,12514,56,7,32,5,12:03:00,
21124,12514,50,4,25,2,12:48:00,
21125,12515,8,3,17,13,16:33:00,
21126,12515,38,2,34,7,15:18:00,
21127,12516,28,4,27,12,15:19:00,
21128,12517,48,3,16,5,17:14:00,
21129,12517,10,7,27,6,16:13:00,
21130,12518,28,5,33,6,09:39:00,
21131,12519,48,4,32,14,14:39:00,
21132,12519,59,4,5,11,14:12:00,
21133,12520,67,7,21,4,13:10:00,
21134,12520,69,8,22,12,13:04:00,
21135,12521,34,3,36,11,11:40:00,
21136,12521,62,1,37,2,11:09:00,
21137,12522,29,5,25,12,17:32:00,
21138,12522,48,6,29,6,17:32:00,
21139,12523,23,6,20,11,12:58:00,
21140,12523,45,5,20,12,13:17:00,
21141,12524,42,1,34,4,14:18:00,
21142,12524,11,3,24,6,13:33:00,
21143,12525,67,6,15,13,10:38:00,
21144,12526,20,2,33,3,10:35:00,
21145,12527,21,2,26,6,11:15:00,
21146,12528,34,3,40,3,14:53:00,
21147,12528,15,6,28,13,15:00:00,
21148,12529,39,5,29,3,16:52:00,
21149,12529,28,4,31,1,17:12:00,
21150,12530,53,7,21,4,17:39:00,
21151,12531,52,2,29,1,13:23:00,
21152,12531,30,7,27,11,13:04:00,
21153,12532,57,8,31,2,13:21:00,
21154,12532,73,3,17,11,13:43:00,
21155,12533,38,4,28,10,15:08:00,
21156,12533,8,3,32,5,15:16:00,
21157,12534,15,5,33,11,14:41:00,
21158,12534,48,7,19,10,13:13:00,
21159,12535,62,1,23,12,11:31:00,
21160,12536,45,8,39,5,14:00:00,
21161,12537,29,5,32,14,12:32:00,
21162,12538,73,4,25,6,10:22:00,
21163,12539,62,6,23,11,13:47:00,
21164,12539,23,2,17,10,14:36:00,
21165,12540,53,5,21,14,11:49:00,
21166,12540,52,1,35,13,11:01:00,
21167,12540,13,5,26,14,11:34:00,
21168,12541,66,1,33,4,15:29:00,
21169,12541,43,7,49,3,15:22:00,
21170,12542,10,6,37,14,11:38:00,
21171,12543,15,2,33,13,17:34:00,
21172,12543,61,7,29,1,18:07:00,
21173,12544,59,5,17,13,13:06:00,
21174,12544,56,5,34,13,13:08:00,
21175,12544,52,8,22,7,13:00:00,
21176,12545,39,5,23,4,11:49:00,
21177,12545,43,1,43,10,12:13:00,
21178,12545,5,7,34,10,11:58:00,
21179,12546,28,1,24,4,14:51:00,
21180,12547,57,5,26,11,13:24:00,
21181,12547,68,8,23,1,13:18:00,
21182,12548,51,3,30,3,16:30:00,
21183,12548,21,6,25,14,16:22:00,
21184,12548,10,6,29,3,15:58:00,
21185,12549,15,2,31,12,15:33:00,
21186,12549,68,6,36,7,16:04:00,
21187,12550,34,7,23,11,09:28:00,
21188,12550,69,7,31,11,09:06:00,
21189,12550,23,2,21,7,09:20:00,
21190,12551,28,5,27,3,15:11:00,
21191,12551,51,1,20,6,15:06:00,
21192,12552,73,6,22,5,09:14:00,
21193,12553,66,3,27,13,10:43:00,
21194,12554,62,5,26,6,15:18:00,
21195,12554,15,6,14,3,15:48:00,
21196,12555,8,6,37,10,12:32:00,
21197,12555,11,3,41,6,12:27:00,
21198,12556,66,4,20,5,14:25:00,
21199,12557,8,3,42,6,12:13:00,
21200,12558,68,8,32,7,15:14:00,
21201,12559,52,4,22,13,14:29:00,
21202,12560,53,8,26,4,11:28:00,
21203,12561,56,2,35,10,13:20:00,
21204,12561,68,2,23,3,13:25:00,
21205,12561,45,5,24,10,13:14:00,
21206,12562,67,2,26,13,13:54:00,
21207,12563,30,4,59,1,12:22:00,
21208,12564,53,3,16,1,12:17:00,
21209,12565,45,3,45,5,10:03:00,
21210,12566,44,5,19,5,13:03:00,
21211,12566,15,6,24,5,13:25:00,
21212,12567,28,7,23,2,15:01:00,
21213,12568,52,2,6,12,09:41:00,
21214,12568,65,7,28,4,09:58:00,
21215,12569,59,8,38,7,12:43:00,
21216,12570,57,6,12,2,10:42:00,
21217,12571,8,4,28,12,13:48:00,
21218,12571,30,5,43,5,13:20:00,
21219,12572,52,3,29,14,10:41:00,
21220,12572,51,7,28,11,09:47:00,
21221,12573,13,2,32,12,15:40:00,
21222,12573,39,3,24,5,15:49:00,
21223,12574,52,7,20,14,10:22:00,
21224,12574,11,7,27,10,10:23:00,
21225,12575,29,2,24,14,10:16:00,
21226,12575,73,6,14,4,10:47:00,
21227,12576,51,1,10,5,11:06:00,
21228,12577,1,2,34,14,12:20:00,
21229,12578,68,2,27,3,14:03:00,
21230,12578,44,2,20,7,13:58:00,
21231,12579,16,5,35,4,11:58:00,
21232,12579,5,6,32,7,11:14:00,
21233,12580,50,3,29,10,11:33:00,
21234,12581,42,2,39,12,15:30:00,
21235,12582,48,7,15,1,12:54:00,
21236,12582,62,1,33,1,13:01:00,
21237,12583,30,8,24,6,11:17:00,
21238,12584,69,6,28,14,11:58:00,
21239,12584,42,1,23,6,12:13:00,
21240,12585,65,7,40,11,11:02:00,
21241,12585,8,3,28,2,10:03:00,
21242,12586,21,5,51,4,11:06:00,
21243,12587,47,4,21,6,13:11:00,
21244,12588,67,5,26,11,10:15:00,
21245,12588,29,1,16,7,10:25:00,
21246,12589,62,5,28,10,12:24:00,
21247,12589,34,3,27,4,12:21:00,
21248,12590,48,5,33,7,13:53:00,
21249,12591,1,4,38,11,14:13:00,
21250,12592,29,3,43,14,10:09:00,
21251,12593,61,8,33,5,16:43:00,
21252,12593,68,8,48,12,16:32:00,
21253,12594,73,4,25,1,10:15:00,
21254,12595,38,3,14,7,16:58:00,
21255,12595,14,5,34,11,17:27:00,
21256,12596,42,2,59,11,11:25:00,
21257,12596,51,8,25,4,11:38:00,
21258,12597,30,3,16,10,17:29:00,
21259,12598,57,5,20,5,14:38:00,
21260,12599,34,4,31,5,11:39:00,
21261,12600,13,3,55,4,16:11:00,
21262,12600,44,7,18,3,16:13:00,
21263,12600,57,8,19,1,15:57:00,
21264,12601,44,4,15,11,14:43:00,
21265,12602,62,8,33,4,10:12:00,
21266,12602,19,1,40,10,09:14:00,
21267,12603,16,8,27,14,11:10:00,
21268,12604,47,7,17,3,16:22:00,
21269,12604,13,6,24,3,15:58:00,
21270,12604,5,1,26,12,15:40:00,
21271,12605,48,7,26,6,10:47:00,
21272,12606,61,3,20,7,12:33:00,
21273,12607,8,5,38,3,11:31:00,
21274,12607,13,6,30,3,11:11:00,
21275,12608,53,6,23,11,10:37:00,
21276,12608,66,4,16,10,11:08:00,
21277,12609,8,3,33,4,15:12:00,
21278,12609,10,7,38,1,14:52:00,
21279,12610,34,8,40,5,15:32:00,
21280,12610,1,4,45,12,15:42:00,
21281,12611,56,7,44,6,14:46:00,
21282,12611,30,4,30,11,14:44:00,
21283,12611,13,3,40,11,14:35:00,
21284,12612,13,7,53,13,16:27:00,
21285,12612,52,6,28,13,16:01:00,
21286,12613,68,8,31,11,16:44:00,
21287,12614,67,8,15,5,14:10:00,
21288,12614,44,1,26,5,14:09:00,
21289,12615,15,8,29,3,09:45:00,
21290,12616,62,3,23,13,10:43:00,
21291,12616,61,2,34,14,11:12:00,
21292,12617,73,7,21,13,14:40:00,
21293,12618,52,7,33,1,12:40:00,
21294,12618,44,7,24,2,12:41:00,
21295,12619,47,7,18,4,15:52:00,
21296,12619,66,1,32,7,16:11:00,
21297,12619,73,7,24,2,17:08:00,
21298,12620,59,1,25,5,09:59:00,
21299,12621,13,5,37,1,16:28:00,
21300,12621,30,4,29,5,16:12:00,
21301,12622,23,7,19,3,12:02:00,
21302,12622,39,7,36,4,12:12:00,
21303,12623,19,3,9,5,11:26:00,
21304,12623,44,3,29,2,11:42:00,
21305,12624,28,2,21,4,09:35:00,
21306,12624,43,5,37,4,10:25:00,
21307,12625,34,5,46,10,14:52:00,
21308,12625,5,8,16,6,14:41:00,
21309,12626,23,3,34,12,10:43:00,
21310,12627,65,2,34,5,16:28:00,
21311,12627,51,2,17,4,15:06:00,
21312,12628,7,4,37,14,09:21:00,
21313,12629,11,3,36,5,13:57:00,
21314,12629,45,2,31,10,12:59:00,
21315,12630,38,8,43,5,15:42:00,
21316,12631,66,6,35,4,12:24:00,
21317,12631,14,2,31,6,11:47:00,
21318,12632,34,6,32,1,15:14:00,
21319,12633,69,1,24,12,13:37:00,
21320,12634,16,4,21,11,09:58:00,
21321,12635,20,8,28,6,13:39:00,
21322,12635,56,8,39,13,13:33:00,
21323,12635,7,6,39,13,13:28:00,
21324,12636,23,8,34,2,16:31:00,
21325,12637,57,4,34,4,13:10:00,
21326,12637,23,8,34,1,13:47:00,
21327,12638,34,7,34,5,16:10:00,
21328,12639,20,2,36,3,15:26:00,
21329,12640,21,1,32,7,11:55:00,
21330,12640,14,6,33,14,12:06:00,
21331,12641,29,5,35,14,12:40:00,
21332,12642,19,1,33,11,15:03:00,
21333,12642,15,1,19,2,15:17:00,
21334,12642,66,5,37,14,15:02:00,
21335,12643,15,1,33,3,17:31:00,
21336,12644,30,6,30,14,14:08:00,
21337,12644,14,7,23,6,14:38:00,
21338,12645,19,5,9,14,09:55:00,
21339,12645,44,2,16,10,09:29:00,
21340,12646,10,5,20,4,15:41:00,
21341,12646,61,5,28,7,16:39:00,
21342,12646,15,6,26,12,15:20:00,
21343,12647,43,5,34,10,15:17:00,
21344,12647,19,4,26,10,15:46:00,
21345,12648,14,3,15,5,09:21:00,
21346,12649,50,2,32,3,16:34:00,
21347,12650,42,7,34,7,11:22:00,
21348,12651,34,1,26,12,10:44:00,
21349,12652,29,7,29,3,11:07:00,
21350,12653,5,8,38,10,12:50:00,
21351,12654,5,5,22,4,10:43:00,
21352,12654,66,1,32,5,10:33:00,
21353,12655,14,8,27,14,15:07:00,
21354,12655,11,3,30,10,14:45:00,
21355,12656,8,6,41,11,18:11:00,
21356,12657,14,3,32,10,10:42:00,
21357,12658,10,4,43,12,15:04:00,
21358,12658,45,1,32,6,15:29:00,
21359,12659,42,5,16,1,13:18:00,
21360,12660,16,1,20,2,10:02:00,
21361,12660,11,7,21,2,10:14:00,
21362,12660,13,1,43,6,09:53:00,
21363,12661,53,2,36,6,12:37:00,
21364,12661,13,8,30,6,12:22:00,
21365,12662,67,4,26,13,14:52:00,
21366,12663,30,5,41,14,15:15:00,
21367,12664,45,6,22,13,10:29:00,
21368,12664,20,4,38,2,10:40:00,
21369,12665,65,5,29,12,14:09:00,
21370,12665,10,4,30,2,14:53:00,
21371,12666,10,8,24,7,14:45:00,
21372,12666,1,7,28,10,14:55:00,
21373,12667,19,5,21,1,16:26:00,
21374,12668,47,6,29,11,12:12:00,
21375,12668,51,6,34,3,12:25:00,
21376,12669,30,2,36,5,14:54:00,
21377,12670,8,3,24,1,13:08:00,
21378,12671,23,3,31,6,11:25:00,
21379,12672,34,5,43,6,10:22:00,
21380,12673,38,1,15,11,11:52:00,
21381,12673,57,3,21,4,12:12:00,
21382,12674,42,8,25,6,15:00:00,
21383,12675,44,4,12,10,15:56:00,
21384,12675,50,2,21,2,15:47:00,
21385,12676,53,8,25,4,12:50:00,
21386,12677,5,6,39,1,15:20:00,
21387,12678,65,4,17,2,16:33:00,
21388,12678,73,6,37,14,15:36:00,
21389,12678,59,5,16,10,15:38:00,
21390,12679,67,2,28,2,10:27:00,
21391,12679,8,8,25,14,10:35:00,
21392,12679,43,6,27,11,10:23:00,
21393,12680,29,3,19,1,10:06:00,
21394,12680,28,4,40,10,10:19:00,
21395,12681,20,1,44,13,13:31:00,
21396,12681,43,4,36,3,12:36:00,
21397,12681,53,2,22,4,13:50:00,
21398,12682,45,7,29,2,14:38:00,
21399,12683,28,6,28,7,11:43:00,
21400,12683,42,8,29,13,11:27:00,
21401,12684,11,8,32,12,13:58:00,
21402,12685,56,3,25,10,13:16:00,
21403,12685,47,5,17,1,13:30:00,
21404,12685,11,4,21,2,13:59:00,
21405,12686,19,5,18,10,13:56:00,
21406,12686,8,3,32,4,13:58:00,
21407,12687,67,8,12,12,15:08:00,
21408,12688,30,3,23,5,15:12:00,
21409,12688,42,8,35,3,15:05:00,
21410,12689,29,8,29,5,10:13:00,
21411,12689,34,1,17,14,09:24:00,
21412,12690,69,7,28,14,11:14:00,
21413,12690,51,6,34,14,10:38:00,
21414,12691,8,2,41,10,16:32:00,
21415,12692,23,6,37,7,13:46:00,
21416,12693,14,7,11,4,10:26:00,
21417,12694,44,7,19,4,15:57:00,
21418,12694,21,4,34,11,15:22:00,
21419,12695,38,8,24,10,11:47:00,
21420,12696,30,8,33,10,13:24:00,
21421,12696,43,6,29,2,14:06:00,
21422,12696,52,1,44,12,14:16:00,
21423,12697,73,8,24,5,12:53:00,
21424,12697,71,7,15,14,13:50:00,
21425,12698,52,4,30,13,16:06:00,
21426,12699,1,7,48,11,18:06:00,
21427,12700,10,2,38,6,16:07:00,
21428,12701,53,8,27,7,13:19:00,
21429,12702,21,7,38,7,11:42:00,
21430,12702,11,3,34,12,12:07:00,
21431,12702,29,5,23,6,11:33:00,
21432,12703,59,4,26,11,17:24:00,
21433,12703,62,1,34,2,16:41:00,
21434,12703,67,1,10,11,17:11:00,
21435,12704,53,5,19,5,09:55:00,
21436,12705,30,3,36,12,14:00:00,
21437,12705,34,6,29,1,12:53:00,
21438,12706,57,2,23,12,14:18:00,
21439,12707,47,4,30,13,14:18:00,
21440,12707,1,4,42,3,14:48:00,
21441,12707,30,7,49,12,14:11:00,
21442,12708,34,7,29,7,16:12:00,
21443,12709,23,7,40,7,15:22:00,
21444,12710,71,2,31,12,11:19:00,
21445,12711,42,7,37,1,14:20:00,
21446,12711,5,1,39,11,14:38:00,
21447,12711,44,1,28,1,13:59:00,
21448,12712,48,4,24,1,13:22:00,
21449,12712,20,8,40,5,13:24:00,
21450,12712,44,7,31,14,12:42:00,
21451,12713,20,3,35,6,10:06:00,
21452,12714,50,1,19,13,10:17:00,
21453,12714,21,6,38,10,09:52:00,
21454,12715,21,1,42,7,16:54:00,
21455,12715,42,6,34,7,16:55:00,
21456,12716,50,7,44,13,10:28:00,
21457,12716,20,1,35,7,10:27:00,
21458,12716,34,4,38,2,10:26:00,
21459,12717,67,6,25,5,16:27:00,
21460,12717,34,1,42,2,17:32:00,
21461,12718,5,8,40,11,15:20:00,
21462,12719,38,7,39,6,09:28:00,
21463,12720,20,8,45,11,12:01:00,
21464,12720,73,8,32,13,12:54:00,
21465,12720,44,7,25,11,12:09:00,
21466,12721,65,4,33,6,13:22:00,
21467,12721,38,5,35,3,12:52:00,
21468,12722,14,6,8,4,13:08:00,
21469,12722,30,3,35,5,13:26:00,
21470,12723,68,4,15,2,17:05:00,
21471,12723,23,4,51,10,17:22:00,
21472,12723,5,1,33,3,17:10:00,
21473,12724,23,7,30,11,16:08:00,
21474,12724,71,7,18,11,16:06:00,
21475,12725,5,8,22,14,12:54:00,
21476,12725,20,3,28,1,13:11:00,
21477,12726,7,1,23,3,15:05:00,
21478,12726,47,2,26,4,15:26:00,
21479,12727,23,5,28,5,12:14:00,
21480,12728,34,6,59,2,16:04:00,
21481,12728,20,7,41,14,15:28:00,
21482,12729,19,2,32,7,17:02:00,
21483,12730,48,4,16,2,10:55:00,
21484,12731,28,8,38,14,10:47:00,
21485,12731,11,7,24,5,10:25:00,
21486,12732,68,7,27,11,15:44:00,
21487,12732,14,8,21,12,16:00:00,
21488,12732,67,2,31,6,15:59:00,
21489,12733,56,4,28,5,10:08:00,
21490,12734,10,8,16,7,15:44:00,
21491,12734,7,7,46,2,16:11:00,
21492,12734,50,7,27,10,16:09:00,
21493,12735,59,3,43,10,14:40:00,
21494,12735,44,4,22,6,15:37:00,
21495,12736,45,1,24,2,12:03:00,
21496,12736,10,4,14,5,11:43:00,
21497,12737,20,7,35,3,09:36:00,
21498,12737,59,6,23,13,09:31:00,
21499,12738,29,8,34,2,12:40:00,
21500,12738,68,3,22,4,12:46:00,
21501,12738,11,1,25,5,12:42:00,
21502,12739,45,3,32,14,14:00:00,
21503,12739,30,6,27,4,13:52:00,
21504,12740,5,7,46,12,15:48:00,
21505,12741,68,1,35,11,12:26:00,
21506,12742,8,5,16,10,13:03:00,
21507,12743,11,2,16,1,14:09:00,
21508,12743,20,6,39,4,14:19:00,
21509,12744,57,8,32,2,12:09:00,
21510,12745,1,7,11,12,11:14:00,
21511,12746,42,7,27,11,13:09:00,
21512,12747,21,5,46,13,13:06:00,
21513,12748,56,8,33,6,10:25:00,
21514,12748,8,2,38,13,10:40:00,
21515,12749,5,1,41,2,16:02:00,
21516,12749,30,5,44,3,16:05:00,
21517,12750,60,8,28,7,13:47:00,
21518,12750,10,5,25,14,13:50:00,
21519,12751,7,3,33,4,10:21:00,
21520,12751,42,2,36,6,10:19:00,
21521,12752,50,4,25,3,11:10:00,
21522,12752,60,6,43,7,11:39:00,
21523,12753,67,1,32,1,11:02:00,
21524,12754,43,7,27,5,10:49:00,
21525,12755,56,1,26,14,10:45:00,
21526,12755,14,3,20,12,10:07:00,
21527,12756,73,1,19,14,11:13:00,
21528,12757,19,6,14,13,13:41:00,
21529,12757,10,7,18,13,13:51:00,
21530,12758,71,7,26,5,14:04:00,
21531,12759,19,3,34,6,11:43:00,
21532,12759,68,7,24,12,10:46:00,
21533,12760,21,2,33,12,12:52:00,
21534,12760,29,8,14,6,13:05:00,
21535,12761,73,6,12,4,11:46:00,
21536,12761,13,2,43,13,11:48:00,
21537,12762,43,4,39,4,16:02:00,
21538,12762,23,6,43,14,15:40:00,
21539,12762,5,6,45,11,14:48:00,
21540,12763,60,8,28,14,16:30:00,
21541,12763,45,1,38,10,15:53:00,
21542,12764,42,1,38,6,11:15:00,
21543,12764,67,4,40,6,11:21:00,
21544,12765,57,4,11,13,15:43:00,
21545,12766,47,6,21,1,13:08:00,
21546,12767,62,6,25,14,17:01:00,
21547,12767,34,4,28,2,17:04:00,
21548,12768,14,5,20,5,11:17:00,
21549,12768,56,1,31,3,11:37:00,
21550,12769,68,5,31,14,11:01:00,
21551,12770,34,3,36,6,10:20:00,
21552,12770,10,1,16,6,10:05:00,
21553,12771,59,7,32,5,15:42:00,
21554,12772,59,3,45,14,15:43:00,
21555,12773,34,2,23,6,18:00:00,
21556,12774,1,8,24,13,10:25:00,
21557,12774,47,5,21,11,10:06:00,
21558,12775,15,1,35,6,16:27:00,
21559,12775,48,3,20,4,16:31:00,
21560,12776,29,8,18,5,12:49:00,
21561,12777,38,2,40,1,15:14:00,
21562,12777,42,3,38,4,14:42:00,
21563,12778,59,5,31,4,15:05:00,
21564,12779,44,6,5,14,11:03:00,
21565,12779,10,6,37,6,10:37:00,
21566,12780,11,7,40,2,14:22:00,
21567,12781,50,5,18,7,10:46:00,
21568,12782,67,5,25,7,12:01:00,
21569,12782,34,3,36,4,11:37:00,
21570,12783,43,4,31,10,14:57:00,
21571,12784,47,5,45,2,13:32:00,
21572,12785,16,5,8,10,15:43:00,
21573,12786,61,1,38,7,13:12:00,
21574,12786,21,1,25,1,13:22:00,
21575,12787,13,2,37,2,11:35:00,
21576,12787,67,7,33,4,11:23:00,
21577,12788,29,2,42,5,09:52:00,
21578,12788,48,1,18,2,10:47:00,
21579,12788,59,5,29,1,10:50:00,
21580,12789,44,4,24,13,14:44:00,
21581,12789,34,8,30,11,13:36:00,
21582,12790,44,7,21,1,11:28:00,
21583,12791,23,7,40,5,11:19:00,
21584,12791,38,2,27,2,11:27:00,
21585,12791,69,7,33,12,11:32:00,
21586,12792,62,3,25,1,13:35:00,
21587,12792,56,4,32,13,14:09:00,
21588,12792,16,4,21,12,13:38:00,
21589,12793,29,2,31,6,11:27:00,
21590,12794,51,6,23,3,11:36:00,
21591,12795,67,7,29,7,13:49:00,
21592,12795,30,6,29,14,13:38:00,
21593,12795,29,8,25,3,13:45:00,
21594,12796,69,3,28,14,14:36:00,
21595,12797,1,8,34,7,15:42:00,
21596,12798,19,8,23,6,14:27:00,
21597,12799,30,6,28,4,14:51:00,
21598,12799,28,4,25,14,14:29:00,
21599,12799,68,1,41,2,15:23:00,
21600,12800,42,6,31,4,09:42:00,
21601,12801,38,5,25,1,16:50:00,
21602,12801,29,5,21,7,17:30:00,
21603,12801,52,8,43,5,17:20:00,
21604,12802,68,7,19,1,15:54:00,
21605,12803,61,8,23,14,10:13:00,
21606,12803,48,2,41,14,09:41:00,
21607,12804,59,2,32,2,10:49:00,
21608,12805,11,7,35,10,12:10:00,
21609,12805,56,3,54,4,12:06:00,
21610,12806,68,5,36,7,12:11:00,
21611,12806,1,2,25,13,12:02:00,
21612,12807,19,7,38,13,15:09:00,
21613,12807,11,8,24,7,15:11:00,
21614,12807,21,3,26,6,15:19:00,
21615,12808,42,1,40,14,16:50:00,
21616,12808,48,1,30,11,16:24:00,
21617,12808,28,2,27,4,16:47:00,
21618,12809,67,1,22,13,13:51:00,
21619,12810,48,7,36,11,13:49:00,
21620,12810,44,6,24,6,14:23:00,
21621,12811,73,7,42,13,13:17:00,
21622,12812,65,4,21,13,13:06:00,
21623,12813,60,5,28,6,10:37:00,
21624,12813,11,5,32,7,11:14:00,
21625,12814,61,4,33,7,11:41:00,
21626,12815,19,2,34,10,15:16:00,
21627,12815,29,3,36,3,15:48:00,
21628,12816,43,5,49,14,10:44:00,
21629,12817,45,3,27,4,10:48:00,
21630,12817,10,2,25,6,10:18:00,
21631,12818,21,7,23,14,10:30:00,
21632,12818,23,5,38,12,10:51:00,
21633,12819,53,6,36,1,14:00:00,
21634,12819,28,1,42,11,14:35:00,
21635,12820,53,5,44,7,13:14:00,
21636,12820,59,8,19,10,13:14:00,
21637,12821,15,2,16,2,13:30:00,
21638,12822,50,3,28,1,17:14:00,
21639,12822,39,4,33,4,15:48:00,
21640,12823,5,1,45,2,09:52:00,
21641,12824,57,3,30,3,14:04:00,
21642,12825,28,4,32,2,13:20:00,
21643,12826,65,4,27,12,16:08:00,
21644,12827,14,5,27,11,12:58:00,
21645,12828,15,6,33,1,15:40:00,
21646,12829,23,7,14,11,13:45:00,
21647,12830,23,6,36,7,09:41:00,
21648,12831,59,1,18,3,17:16:00,
21649,12832,71,4,28,5,12:31:00,
21650,12832,43,6,32,12,12:15:00,
21651,12832,20,4,44,4,12:19:00,
21652,12833,13,7,34,5,16:39:00,
21653,12833,15,3,35,11,16:04:00,
21654,12834,28,1,43,3,14:08:00,
21655,12834,52,3,37,6,13:28:00,
21656,12835,51,8,25,2,12:52:00,
21657,12835,11,2,22,5,13:30:00,
21658,12835,30,3,25,3,13:02:00,
21659,12836,50,4,40,3,13:39:00,
21660,12836,14,8,26,10,13:32:00,
21661,12837,73,3,21,4,15:17:00,
21662,12838,23,7,28,6,11:33:00,
21663,12838,20,7,42,6,11:10:00,
21664,12839,71,5,12,14,13:17:00,
21665,12839,21,8,26,10,12:55:00,
21666,12839,43,5,22,6,12:40:00,
21667,12840,69,6,14,13,17:02:00,
21668,12841,43,3,42,12,12:22:00,
21669,12841,44,8,18,10,13:07:00,
21670,12842,42,8,26,14,10:11:00,
21671,12842,23,6,35,12,09:47:00,
21672,12843,43,5,32,12,15:10:00,
21673,12843,8,4,29,3,15:06:00,
21674,12844,62,5,31,14,17:25:00,
21675,12845,59,4,34,1,14:08:00,
21676,12846,14,4,27,6,11:26:00,
21677,12846,71,1,26,1,11:27:00,
21678,12847,38,2,30,3,15:12:00,
21679,12848,7,3,36,5,16:38:00,
21680,12849,16,4,16,10,11:28:00,
21681,12850,62,6,23,14,09:22:00,
21682,12851,61,6,41,2,10:47:00,
21683,12851,73,1,24,1,10:31:00,
21684,12851,48,4,29,1,10:43:00,
21685,12852,61,1,47,1,12:32:00,
21686,12853,30,3,18,4,15:51:00,
21687,12854,7,8,36,7,16:04:00,
21688,12854,8,7,30,4,15:46:00,
21689,12854,5,1,28,12,15:57:00,
21690,12855,45,1,22,4,11:00:00,
21691,12856,59,3,6,10,12:22:00,
21692,12856,29,8,22,14,12:00:00,
21693,12857,15,2,34,12,13:02:00,
21694,12857,61,7,26,14,12:13:00,
21695,12857,23,2,38,6,13:06:00,
21696,12858,51,5,25,10,16:46:00,
21697,12858,45,6,48,6,16:40:00,
21698,12859,20,3,32,3,14:07:00,
21699,12859,10,6,23,10,14:07:00,
21700,12860,73,3,25,4,14:02:00,
21701,12860,5,2,30,6,14:12:00,
21702,12861,60,2,19,11,15:08:00,
21703,12862,28,5,47,4,10:42:00,
21704,12862,15,8,35,2,09:35:00,
21705,12863,71,4,23,4,13:28:00,
21706,12863,59,3,15,4,13:04:00,
21707,12863,15,8,27,10,14:15:00,
21708,12864,39,6,8,6,16:03:00,
21709,12865,50,2,22,14,15:40:00,
21710,12866,45,4,26,12,13:43:00,
21711,12866,1,6,21,6,14:00:00,
21712,12867,61,3,19,14,15:21:00,
21713,12868,59,1,21,4,11:19:00,
21714,12869,65,4,40,14,17:21:00,
21715,12869,52,6,21,13,17:01:00,
21716,12870,61,2,36,6,11:25:00,
21717,12870,10,8,25,10,11:20:00,
21718,12871,48,1,21,1,13:28:00,
21719,12871,62,4,16,14,13:24:00,
21720,12872,68,6,41,5,11:34:00,
21721,12873,16,4,16,3,11:26:00,
21722,12874,47,5,31,3,13:30:00,
21723,12875,1,2,15,13,13:10:00,
21724,12876,1,3,23,12,16:55:00,
21725,12877,47,7,18,5,15:46:00,
21726,12878,62,2,44,5,17:12:00,
21727,12879,28,2,23,5,10:50:00,
21728,12880,13,5,31,7,09:24:00,
21729,12881,42,4,28,5,12:05:00,
21730,12881,52,2,27,5,12:01:00,
21731,12882,71,8,15,1,17:54:00,
21732,12883,10,8,16,6,13:17:00,
21733,12883,21,6,34,2,13:06:00,
21734,12884,34,3,21,5,13:22:00,
21735,12884,73,8,32,3,12:36:00,
21736,12885,21,2,28,7,10:50:00,
21737,12886,19,5,26,1,09:51:00,
21738,12887,52,8,15,4,16:02:00,
21739,12887,53,5,19,5,15:46:00,
21740,12887,44,4,16,6,17:30:00,
21741,12888,21,2,36,14,15:27:00,
21742,12889,68,4,30,11,11:50:00,
21743,12889,34,3,42,7,12:08:00,
21744,12890,20,2,42,12,09:46:00,
21745,12890,43,3,32,13,09:34:00,
21746,12891,67,3,37,4,11:49:00,
21747,12891,10,6,32,14,11:48:00,
21748,12892,29,4,9,1,16:47:00,
21749,12892,1,6,19,12,17:12:00,
21750,12892,39,1,16,2,16:25:00,
21751,12893,34,2,32,2,15:51:00,
21752,12893,29,3,38,4,15:35:00,
21753,12894,30,6,44,4,11:11:00,
21754,12895,21,8,32,3,17:58:00,
21755,12896,8,7,21,10,13:51:00,
21756,12897,45,4,47,11,14:11:00,
21757,12897,65,1,33,14,14:01:00,
21758,12898,51,3,19,11,14:06:00,
21759,12898,38,1,23,10,13:59:00,
21760,12898,62,1,30,10,14:26:00,
21761,12899,62,7,26,7,10:06:00,
21762,12900,38,7,31,13,13:16:00,
21763,12901,23,6,33,11,12:21:00,
21764,12901,61,5,21,13,13:16:00,
21765,12901,34,2,31,4,12:40:00,
21766,12902,23,7,20,2,13:13:00,
21767,12902,5,8,46,10,12:41:00,
21768,12903,73,2,24,7,17:32:00,
21769,12903,30,4,23,7,16:31:00,
21770,12903,39,6,32,6,17:35:00,
21771,12904,19,5,17,2,12:26:00,
21772,12904,23,3,32,2,12:38:00,
21773,12904,34,1,26,12,12:30:00,
21774,12905,47,3,20,6,17:54:00,
21775,12905,23,1,26,14,16:51:00,
21776,12906,43,7,30,1,16:42:00,
21777,12907,68,3,31,12,11:50:00,
21778,12907,48,8,28,12,13:02:00,
21779,12908,62,1,32,14,16:58:00,
21780,12908,61,6,33,2,15:58:00,
21781,12909,67,7,39,3,12:51:00,
21782,12910,5,3,35,6,15:04:00,
21783,12911,7,7,37,7,11:01:00,
21784,12911,1,8,35,6,11:53:00,
21785,12911,21,8,29,11,11:08:00,
21786,12912,10,8,31,4,11:34:00,
21787,12912,28,7,26,14,09:50:00,
21788,12913,1,5,34,6,11:19:00,
21789,12913,48,4,21,11,11:21:00,
21790,12914,16,3,24,7,11:11:00,
21791,12914,39,6,30,7,11:35:00,
21792,12915,65,7,29,14,10:06:00,
21793,12915,56,5,34,1,10:05:00,
21794,12916,52,7,29,4,10:42:00,
21795,12917,8,5,19,13,11:04:00,
21796,12918,56,3,35,14,12:31:00,
21797,12918,1,4,33,4,12:14:00,
21798,12918,47,6,28,5,12:14:00,
21799,12919,5,7,42,13,15:55:00,
21800,12919,16,3,14,12,16:05:00,
21801,12920,71,5,10,4,14:45:00,
21802,12921,11,5,14,3,10:55:00,
21803,12921,34,6,33,11,10:39:00,
21804,12922,15,4,25,7,14:15:00,
21805,12923,48,8,31,1,15:23:00,
21806,12923,56,1,28,6,16:15:00,
21807,12924,44,6,25,4,15:05:00,
21808,12925,21,7,37,5,16:09:00,
21809,12925,56,5,24,5,15:29:00,
21810,12926,34,8,38,12,13:22:00,
21811,12926,65,2,27,2,13:05:00,
21812,12926,16,1,24,10,13:01:00,
21813,12927,65,8,42,6,15:53:00,
21814,12928,44,2,20,5,09:36:00,
21815,12928,34,1,40,1,09:53:00,
21816,12928,19,5,26,13,10:29:00,
21817,12929,34,5,43,10,13:56:00,
21818,12930,62,4,27,14,13:49:00,
21819,12930,47,1,15,12,13:01:00,
21820,12930,1,1,36,12,13:40:00,
21821,12931,53,2,30,4,10:48:00,
21822,12931,44,2,12,2,11:06:00,
21823,12932,16,5,35,5,12:01:00,
21824,12932,60,4,15,7,12:23:00,
21825,12933,59,4,29,3,17:36:00,
21826,12933,48,5,31,2,16:17:00,
21827,12934,30,2,48,6,12:35:00,
21828,12935,69,4,14,2,12:59:00,
21829,12935,42,2,32,13,13:10:00,
21830,12935,68,2,28,3,12:57:00,
21831,12936,53,4,25,7,13:39:00,
21832,12937,57,7,34,5,14:45:00,
21833,12937,21,5,34,2,15:42:00,
21834,12938,19,3,19,4,17:55:00,
21835,12938,65,7,34,2,17:43:00,
21836,12939,5,8,34,6,12:02:00,
21837,12939,53,4,29,5,12:14:00,
21838,12940,20,4,18,3,17:06:00,
21839,12940,38,2,23,3,17:54:00,
21840,12941,5,1,34,11,14:57:00,
21841,12941,1,3,26,7,13:58:00,
21842,12941,47,5,30,11,14:59:00,
21843,12942,44,8,12,3,10:58:00,
21844,12943,21,1,29,1,14:21:00,
21845,12944,53,8,35,6,14:35:00,
21846,12944,38,4,44,4,13:49:00,
21847,12945,65,3,40,1,13:31:00,
21848,12945,43,2,36,5,14:52:00,
21849,12945,61,7,15,5,13:26:00,
21850,12946,44,4,25,10,11:05:00,
21851,12946,14,7,17,6,11:20:00,
21852,12947,14,5,31,6,14:33:00,
21853,12948,11,4,25,10,17:43:00,
21854,12949,44,1,16,2,14:14:00,
21855,12949,1,7,43,14,14:07:00,
21856,12950,11,5,27,12,09:26:00,
21857,12950,65,8,26,5,10:01:00,
21858,12951,61,3,33,2,14:51:00,
21859,12951,50,6,36,5,14:29:00,
21860,12951,51,3,31,13,15:05:00,
21861,12952,16,4,27,2,14:18:00,
21862,12952,47,7,32,11,14:34:00,
21863,12953,8,1,26,13,17:30:00,
21864,12953,52,2,37,14,16:50:00,
21865,12954,28,6,37,7,10:47:00,
21866,12954,45,7,29,10,10:39:00,
21867,12954,13,6,40,3,10:40:00,
21868,12955,42,4,43,12,11:27:00,
21869,12955,50,2,32,3,11:33:00,
21870,12956,30,8,32,12,12:31:00,
21871,12956,60,7,27,11,12:19:00,
21872,12957,45,7,32,3,13:40:00,
21873,12957,21,2,43,11,14:44:00,
21874,12958,51,2,42,5,15:20:00,
21875,12958,45,3,36,14,14:27:00,
21876,12958,48,1,27,13,14:42:00,
21877,12959,5,6,32,13,16:33:00,
21878,12959,15,4,21,14,16:36:00,
21879,12960,45,2,21,6,16:50:00,
21880,12960,30,4,44,3,16:58:00,
21881,12960,1,3,35,2,16:45:00,
21882,12961,19,1,20,11,15:07:00,
21883,12961,73,6,13,14,15:15:00,
21884,12962,45,7,16,11,18:01:00,
21885,12962,21,4,35,1,17:14:00,
21886,12962,20,1,30,7,17:11:00,
21887,12963,20,6,54,3,12:23:00,
21888,12964,13,8,35,6,11:36:00,
21889,12965,16,8,19,6,15:09:00,
21890,12965,48,7,27,12,15:16:00,
21891,12966,14,7,20,14,17:02:00,
21892,12966,15,5,26,5,17:30:00,
21893,12967,65,5,46,12,17:48:00,
21894,12967,23,6,24,7,18:09:00,
21895,12967,67,5,22,3,17:54:00,
21896,12968,14,7,21,14,10:48:00,
21897,12969,52,7,22,5,09:15:00,
21898,12970,23,2,34,13,14:08:00,
21899,12971,44,2,17,7,12:23:00,
21900,12971,47,3,17,5,12:35:00,
21901,12972,11,5,28,12,09:21:00,
21902,12972,68,6,37,4,09:22:00,
21903,12972,56,3,19,13,10:17:00,
21904,12973,29,4,39,11,17:20:00,
21905,12974,38,8,20,7,16:10:00,
21906,12974,45,7,36,10,15:11:00,
21907,12975,56,3,33,12,16:21:00,
21908,12975,15,2,18,5,15:46:00,
21909,12975,42,7,44,11,15:38:00,
21910,12976,62,3,23,6,15:58:00,
21911,12976,57,6,15,4,16:00:00,
21912,12977,15,7,29,6,12:40:00,
21913,12977,71,5,9,6,13:21:00,
21914,12977,10,4,26,3,12:10:00,
21915,12978,73,3,33,2,14:30:00,
21916,12979,68,3,43,3,10:39:00,
21917,12979,5,3,44,14,10:50:00,
21918,12980,5,6,21,14,13:07:00,
21919,12980,69,8,42,11,13:06:00,
21920,12981,42,4,48,2,13:37:00,
21921,12982,48,3,33,11,13:11:00,
21922,12983,43,4,53,12,11:50:00,
21923,12983,38,6,15,7,11:53:00,
21924,12984,47,8,27,2,14:57:00,
21925,12985,21,7,40,2,11:21:00,
21926,12985,53,1,28,1,10:54:00,
21927,12986,39,8,44,12,13:04:00,
21928,12987,47,1,27,14,11:24:00,
21929,12987,51,3,20,10,11:28:00,
21930,12988,48,4,27,1,11:28:00,
21931,12989,34,3,19,6,10:47:00,
21932,12989,52,5,23,4,11:07:00,
21933,12990,69,2,23,14,17:27:00,
21934,12991,65,8,40,6,12:42:00,
21935,12991,16,6,18,12,12:25:00,
21936,12992,61,7,36,6,11:02:00,
21937,12992,47,6,20,13,10:53:00,
21938,12992,52,3,45,11,11:12:00,
21939,12993,53,7,25,12,14:17:00,
21940,12993,73,6,11,12,13:43:00,
21941,12994,11,4,8,14,16:34:00,
21942,12994,15,2,22,6,16:47:00,
21943,12995,20,1,35,12,16:08:00,
21944,12995,28,4,28,1,15:54:00,
21945,12995,23,4,36,14,15:57:00,
21946,12996,15,5,25,14,12:53:00,
21947,12996,43,5,31,7,13:22:00,
21948,12997,19,3,21,6,12:02:00,
21949,12998,23,6,34,10,16:17:00,
21950,12998,73,2,30,4,16:21:00,
21951,12999,45,6,37,5,09:15:00,
21952,12999,30,2,6,3,10:30:00,
21953,13000,11,6,33,1,13:48:00,
21954,13001,47,1,34,3,13:13:00,
21955,13001,21,8,36,11,13:37:00,
21956,13002,15,5,36,13,14:52:00,
21957,13003,65,4,26,13,12:38:00,
21958,13004,47,5,35,12,15:00:00,
21959,13005,52,1,30,13,17:19:00,
21960,13005,71,7,31,14,17:07:00,
21961,13006,50,2,18,4,15:31:00,
21962,13006,68,6,42,4,14:46:00,
21963,13006,14,4,25,11,14:44:00,
21964,13007,5,6,41,4,13:54:00,
21965,13007,14,4,30,1,14:17:00,
21966,13008,21,7,27,14,11:06:00,
21967,13009,23,1,38,10,11:47:00,
21968,13009,5,4,31,14,11:45:00,
21969,13009,52,3,30,10,11:43:00,
21970,13010,51,5,24,13,13:10:00,
21971,13010,67,4,32,6,12:57:00,
21972,13010,52,8,20,10,12:08:00,
21973,13011,52,8,37,11,15:17:00,
21974,13012,59,5,34,13,15:16:00,
21975,13013,30,1,34,14,17:04:00,
21976,13013,14,4,29,10,16:25:00,
21977,13014,1,7,30,3,10:54:00,
21978,13015,20,1,36,12,10:52:00,
21979,13016,57,2,16,14,09:21:00,
21980,13016,47,7,21,3,09:40:00,
21981,13016,10,5,27,13,09:27:00,
21982,13017,48,3,23,6,10:43:00,
21983,13017,47,2,32,2,10:45:00,
21984,13018,56,7,28,4,16:17:00,
21985,13018,65,8,38,5,17:13:00,
21986,13019,13,7,44,13,15:22:00,
21987,13019,43,8,43,2,15:31:00,
21988,13020,53,4,17,5,13:49:00,
21989,13020,50,1,16,7,13:41:00,
21990,13021,16,5,25,5,15:16:00,
21991,13021,45,1,15,14,16:33:00,
21992,13022,10,1,21,2,14:03:00,
21993,13022,67,3,13,10,13:43:00,
21994,13022,43,3,36,12,13:11:00,
21995,13023,34,3,36,1,13:47:00,
21996,13023,73,3,17,6,14:19:00,
21997,13024,59,3,25,10,09:57:00,
21998,13024,44,8,17,3,10:20:00,
21999,13025,71,1,15,3,16:21:00,
22000,13026,43,4,33,11,14:48:00,
22001,13027,8,5,29,3,13:51:00,
22002,13027,57,7,27,5,14:09:00,
22003,13028,51,5,20,14,12:13:00,
22004,13028,11,3,15,10,12:33:00,
22005,13029,13,3,34,6,13:57:00,
22006,13030,5,4,27,5,10:34:00,
22007,13030,30,8,19,7,10:36:00,
22008,13031,10,3,24,10,13:27:00,
22009,13032,29,1,22,10,17:07:00,
22010,13033,19,6,22,3,16:16:00,
22011,13033,21,3,28,1,16:44:00,
22012,13033,34,6,44,7,16:55:00,
22013,13034,68,3,35,3,11:30:00,
22014,13035,5,7,29,11,15:09:00,
22015,13036,30,2,22,5,13:27:00,
22016,13036,53,3,34,14,13:38:00,
22017,13036,56,7,18,1,13:27:00,
22018,13037,48,7,26,10,09:30:00,
22019,13038,39,2,22,7,11:12:00,
22020,13039,8,6,46,7,15:26:00,
22021,13039,52,7,26,4,14:57:00,
22022,13040,43,4,38,11,16:09:00,
22023,13040,47,3,19,3,14:40:00,
22024,13040,52,4,31,14,14:58:00,
22025,13041,29,5,25,12,10:05:00,
22026,13042,45,2,22,14,16:35:00,
22027,13042,59,4,30,12,16:24:00,
22028,13043,60,6,18,3,12:27:00,
22029,13044,44,8,29,12,10:05:00,
22030,13045,50,7,29,14,12:27:00,
22031,13046,44,4,5,5,13:04:00,
22032,13047,11,7,9,13,09:36:00,
22033,13047,39,8,31,6,11:21:00,
22034,13048,14,6,25,12,16:25:00,
22035,13048,52,2,15,5,15:58:00,
22036,13049,56,8,31,6,15:46:00,
22037,13049,14,8,26,1,15:20:00,
22038,13050,65,5,34,6,13:23:00,
22039,13050,62,2,31,3,14:00:00,
22040,13051,48,3,35,6,13:19:00,
22041,13052,10,3,25,5,09:58:00,
22042,13053,51,7,12,11,14:21:00,
22043,13053,50,5,40,4,14:13:00,
22044,13054,69,8,29,12,10:56:00,
22045,13055,69,6,27,10,10:41:00,
22046,13056,56,8,27,3,14:21:00,
22047,13056,44,3,10,6,14:20:00,
22048,13057,14,1,35,13,14:15:00,
22049,13057,50,7,30,4,13:37:00,
22050,13058,60,2,19,2,15:31:00,
22051,13059,1,1,32,2,12:39:00,
22052,13059,43,5,35,11,13:20:00,
22053,13060,52,4,39,4,12:48:00,
22054,13060,14,3,17,6,12:38:00,
22055,13060,16,3,28,6,13:20:00,
22056,13061,71,8,19,11,10:12:00,
22057,13061,5,3,21,7,10:24:00,
22058,13062,28,7,32,5,09:37:00,
22059,13063,61,7,38,6,11:24:00,
22060,13064,65,1,35,6,15:24:00,
22061,13064,16,5,35,3,16:02:00,
22062,13065,65,3,26,7,13:40:00,
22063,13066,65,3,24,13,11:43:00,
22064,13067,42,7,27,4,10:07:00,
22065,13068,28,1,27,4,09:58:00,
22066,13068,1,1,30,6,10:01:00,
22067,13068,61,1,35,4,10:18:00,
22068,13069,50,8,32,1,15:51:00,
22069,13069,8,2,37,11,14:53:00,
22070,13070,23,5,42,2,11:29:00,
22071,13070,1,7,43,11,10:57:00,
22072,13071,1,3,31,14,10:49:00,
22073,13071,42,4,35,1,12:18:00,
22074,13072,5,7,48,13,15:13:00,
22075,13073,73,3,11,3,09:14:00,
22076,13074,48,3,30,5,15:39:00,
22077,13074,47,3,22,6,15:44:00,
22078,13075,61,8,24,13,10:06:00,
22079,13076,13,2,40,3,12:17:00,
22080,13076,21,3,20,7,12:19:00,
22081,13077,57,8,21,11,12:19:00,
22082,13077,43,6,44,10,11:45:00,
22083,13078,28,7,35,12,11:44:00,
22084,13079,62,1,48,6,13:09:00,
22085,13079,69,3,5,2,11:41:00,
22086,13080,39,7,23,4,09:54:00,
22087,13080,38,7,30,10,09:52:00,
22088,13081,1,8,36,12,16:44:00,
22089,13081,61,5,20,14,17:14:00,
22090,13082,48,6,19,2,14:52:00,
22091,13083,57,6,28,10,14:13:00,
22092,13083,14,1,24,1,14:16:00,
22093,13084,43,1,36,1,11:03:00,
22094,13084,65,8,38,6,11:34:00,
22095,13085,67,4,31,6,15:25:00,
22096,13085,57,1,8,2,15:18:00,
22097,13085,44,8,25,11,16:34:00,
22098,13086,5,4,41,1,09:42:00,
22099,13086,56,1,34,2,09:27:00,
22100,13086,28,8,27,13,10:32:00,
22101,13087,59,3,25,2,16:09:00,
22102,13088,19,7,14,13,17:07:00,
22103,13088,73,2,21,2,16:58:00,
22104,13089,16,7,37,3,16:22:00,
22105,13090,11,5,32,3,14:19:00,
22106,13090,10,5,26,12,14:29:00,
22107,13090,68,3,33,5,14:50:00,
22108,13091,10,2,24,13,12:36:00,
22109,13092,65,2,28,7,15:34:00,
22110,13093,29,8,28,7,14:10:00,
22111,13093,43,2,32,13,14:13:00,
22112,13093,19,3,21,14,14:11:00,
22113,13094,28,2,38,5,13:24:00,
22114,13095,42,4,33,13,16:56:00,
22115,13095,69,1,22,7,16:00:00,
22116,13096,34,5,43,10,11:33:00,
22117,13096,14,2,11,12,11:46:00,
22118,13097,45,7,25,14,17:32:00,
22119,13097,39,1,31,4,16:43:00,
22120,13097,1,3,30,4,16:27:00,
22121,13098,69,1,35,7,12:17:00,
22122,13098,60,3,34,1,12:07:00,
22123,13099,69,4,13,6,11:30:00,
22124,13099,65,5,31,3,11:52:00,
22125,13100,52,8,24,5,14:41:00,
22126,13101,56,7,22,2,10:14:00,
22127,13101,23,5,33,3,09:53:00,
22128,13102,60,8,9,7,17:38:00,
22129,13102,47,6,20,13,17:05:00,
22130,13103,73,3,5,5,09:22:00,
22131,13104,69,5,35,1,10:42:00,
22132,13104,50,4,30,11,09:47:00,
22133,13105,61,3,46,14,09:42:00,
22134,13105,13,4,24,14,10:06:00,
22135,13106,7,3,43,5,12:06:00,
22136,13107,51,2,24,6,16:59:00,
22137,13108,16,4,12,6,13:25:00,
22138,13108,42,4,33,4,14:38:00,
22139,13108,65,1,22,11,14:33:00,
22140,13109,51,1,25,10,14:56:00,
22141,13110,52,5,20,12,16:46:00,
22142,13110,45,6,40,10,15:48:00,
22143,13110,56,6,36,6,16:39:00,
22144,13111,52,5,20,5,15:04:00,
22145,13112,62,7,14,2,14:34:00,
22146,13113,65,5,35,4,14:01:00,
22147,13114,29,6,28,13,09:59:00,
22148,13115,19,8,39,13,13:55:00,
22149,13115,69,5,41,1,13:49:00,
22150,13115,62,7,18,2,13:42:00,
22151,13116,10,2,22,6,10:04:00,
22152,13117,23,1,29,7,12:19:00,
22153,13118,1,5,41,10,16:25:00,
22154,13119,7,1,27,5,16:53:00,
22155,13119,67,1,27,3,16:42:00,
22156,13120,65,6,29,14,16:58:00,
22157,13120,68,4,28,11,17:31:00,
22158,13121,68,4,24,13,14:13:00,
22159,13121,65,7,28,10,13:53:00,
22160,13121,8,6,48,3,13:51:00,
22161,13122,5,8,28,2,11:05:00,
22162,13122,59,3,33,3,11:07:00,
22163,13123,16,6,32,12,09:32:00,
22164,13124,57,1,5,1,15:19:00,
22165,13124,62,6,34,6,15:40:00,
22166,13124,44,6,19,12,15:35:00,
22167,13125,43,2,40,12,11:10:00,
22168,13125,23,6,32,14,10:48:00,
22169,13126,52,3,38,2,15:45:00,
22170,13127,16,3,16,7,15:12:00,
22171,13128,59,7,39,14,10:08:00,
22172,13129,21,5,39,2,17:30:00,
22173,13129,52,1,32,6,16:54:00,
22174,13130,67,6,22,6,17:17:00,
22175,13130,69,3,35,10,17:26:00,
22176,13130,48,6,28,11,17:54:00,
22177,13131,69,7,52,14,15:40:00,
22178,13132,62,5,31,6,11:42:00,
22179,13132,1,1,37,4,12:51:00,
22180,13133,62,1,14,12,14:10:00,
22181,13133,20,4,41,2,13:54:00,
22182,13134,52,4,26,14,14:20:00,
22183,13134,10,7,23,3,15:14:00,
22184,13134,16,4,20,3,13:20:00,
22185,13135,53,3,26,7,16:11:00,
22186,13136,10,1,22,11,15:50:00,
22187,13137,42,8,29,7,13:03:00,
22188,13137,60,3,27,7,12:27:00,
22189,13138,68,8,46,11,13:56:00,
22190,13139,30,2,31,12,17:31:00,
22191,13139,34,3,26,2,17:08:00,
22192,13139,43,7,29,6,17:41:00,
22193,13140,73,6,21,7,13:14:00,
22194,13141,1,8,27,11,11:02:00,
22195,13142,15,7,30,6,16:05:00,
22196,13142,59,1,33,10,15:46:00,
22197,13143,59,5,26,7,16:22:00,
22198,13143,15,5,11,11,16:53:00,
22199,13144,29,3,42,12,14:56:00,
22200,13144,56,2,28,13,14:49:00,
22201,13144,1,8,43,7,15:05:00,
22202,13145,15,6,7,6,12:27:00,
22203,13146,51,4,14,2,09:30:00,
22204,13146,53,3,30,1,09:20:00,
22205,13147,13,5,32,2,09:20:00,
22206,13148,50,3,34,1,10:30:00,
22207,13148,21,3,26,6,10:21:00,
22208,13149,39,6,20,10,13:19:00,
22209,13149,62,3,50,11,12:50:00,
22210,13150,57,2,18,4,15:53:00,
22211,13151,42,6,46,7,16:50:00,
22212,13151,57,4,5,7,16:12:00,
22213,13152,45,3,48,5,15:02:00,
22214,13153,14,2,37,13,16:28:00,
22215,13153,48,2,27,6,16:29:00,
22216,13154,11,7,36,5,15:28:00,
22217,13155,42,7,39,12,15:08:00,
22218,13155,23,6,40,1,14:54:00,
22219,13155,44,8,9,7,15:34:00,
22220,13156,10,8,29,11,13:09:00,
22221,13156,29,2,29,10,12:49:00,
22222,13157,50,8,24,5,17:08:00,
22223,13157,20,3,33,1,16:57:00,
22224,13158,71,2,21,5,16:45:00,
22225,13158,69,5,38,7,17:22:00,
22226,13159,5,7,33,1,16:07:00,
22227,13160,23,8,29,6,16:22:00,
22228,13160,45,1,48,3,16:07:00,
22229,13161,53,4,21,12,15:56:00,
22230,13162,61,1,42,10,16:17:00,
22231,13162,67,4,16,2,16:10:00,
22232,13163,51,6,35,10,16:16:00,
22233,13163,20,6,36,14,15:51:00,
22234,13163,1,8,23,4,15:53:00,
22235,13164,13,2,13,3,15:47:00,
22236,13165,62,6,20,13,16:20:00,
22237,13166,16,8,7,6,12:28:00,
22238,13166,52,4,24,14,13:39:00,
22239,13167,21,1,38,12,13:23:00,
22240,13168,69,1,22,4,17:28:00,
22241,13169,20,5,24,13,16:26:00,
22242,13169,5,4,23,4,16:53:00,
22243,13170,29,3,25,14,16:38:00,
22244,13171,67,1,35,13,13:27:00,
22245,13171,59,2,26,14,14:01:00,
22246,13172,61,1,25,3,17:08:00,
22247,13172,56,7,25,2,16:49:00,
22248,13173,1,1,38,7,16:17:00,
22249,13173,73,6,14,7,16:16:00,
22250,13174,45,3,36,7,12:40:00,
22251,13175,65,5,33,5,17:07:00,
22252,13175,20,4,33,12,17:28:00,
22253,13176,21,6,52,1,12:48:00,
22254,13176,8,7,52,12,12:49:00,
22255,13177,30,8,36,3,12:10:00,
22256,13178,59,6,15,6,09:16:00,
22257,13179,44,5,13,3,15:32:00,
22258,13179,11,1,28,6,16:25:00,
22259,13180,71,7,21,2,13:41:00,
22260,13181,8,7,34,1,16:37:00,
22261,13182,61,6,38,14,11:02:00,
22262,13183,19,6,39,13,10:40:00,
22263,13183,30,5,42,14,10:39:00,
22264,13183,11,4,26,14,10:48:00,
22265,13184,67,2,25,1,14:42:00,
22266,13184,68,4,28,11,14:42:00,
22267,13184,21,7,39,1,14:53:00,
22268,13185,65,3,25,5,16:51:00,
22269,13185,44,3,26,4,17:35:00,
22270,13185,29,8,28,12,17:28:00,
22271,13186,73,3,27,14,16:39:00,
22272,13186,14,3,39,3,16:32:00,
22273,13187,1,4,30,2,15:26:00,
22274,13187,39,7,28,1,15:21:00,
22275,13188,23,4,32,13,15:42:00,
22276,13188,15,8,19,10,16:08:00,
22277,13188,28,1,33,4,15:18:00,
22278,13189,53,1,30,11,10:22:00,
22279,13190,20,6,23,1,17:10:00,
22280,13190,56,4,32,2,17:02:00,
22281,13191,59,4,15,12,16:24:00,
22282,13191,51,7,20,14,16:49:00,
22283,13192,47,8,20,3,14:12:00,
22284,13192,56,3,44,3,15:19:00,
22285,13193,51,6,35,6,16:02:00,
22286,13193,67,2,33,5,14:56:00,
22287,13194,45,2,31,7,13:30:00,
22288,13195,11,8,34,4,09:53:00,
22289,13196,57,8,24,5,15:54:00,
22290,13196,21,8,25,5,16:23:00,
22291,13197,8,3,37,14,13:33:00,
22292,13198,53,5,17,6,11:16:00,
22293,13198,52,6,29,11,11:27:00,
22294,13199,57,2,23,12,15:39:00,
22295,13199,51,7,21,6,15:34:00,
22296,13199,67,1,24,12,15:55:00,
22297,13200,19,1,41,7,11:55:00,
22298,13200,71,1,7,12,11:39:00,
22299,13201,60,4,35,6,17:07:00,
22300,13201,56,3,49,13,18:07:00,
22301,13202,14,6,32,3,17:58:00,
22302,13202,10,2,25,7,17:23:00,
22303,13203,29,8,27,12,16:21:00,
22304,13204,16,5,26,12,11:18:00,
22305,13204,15,5,33,3,10:07:00,
22306,13205,61,8,50,1,15:16:00,
22307,13205,48,6,19,2,15:25:00,
22308,13206,39,7,16,10,15:05:00,
22309,13206,52,1,25,4,15:16:00,
22310,13207,67,4,15,7,09:49:00,
22311,13208,19,6,13,12,13:48:00,
22312,13209,53,1,17,4,14:05:00,
22313,13209,29,7,29,12,13:58:00,
22314,13210,67,7,47,2,13:43:00,
22315,13210,48,1,27,7,13:22:00,
22316,13211,44,1,9,10,11:20:00,
22317,13211,73,5,18,14,10:49:00,
22318,13212,61,4,37,2,17:18:00,
22319,13212,47,4,18,7,16:55:00,
22320,13213,15,8,14,6,14:43:00,
22321,13214,10,2,16,3,15:24:00,
22322,13214,60,6,35,12,15:21:00,
22323,13215,57,6,18,3,15:12:00,
22324,13216,14,7,34,12,15:28:00,
22325,13216,44,6,15,3,14:51:00,
22326,13217,44,1,20,5,14:14:00,
22327,13218,68,1,26,10,13:06:00,
22328,13219,48,5,20,6,13:36:00,
22329,13219,23,4,35,6,12:55:00,
22330,13219,20,7,39,2,13:37:00,
22331,13220,13,7,27,14,11:09:00,
22332,13221,30,2,35,10,11:04:00,
22333,13221,43,6,39,3,11:22:00,
22334,13221,13,7,40,14,11:30:00,
22335,13222,8,5,32,2,11:38:00,
22336,13223,65,2,33,2,13:09:00,
22337,13223,19,8,36,7,13:48:00,
22338,13223,8,3,37,12,13:55:00,
22339,13224,8,5,35,1,10:25:00,
22340,13224,38,6,36,7,10:07:00,
22341,13225,5,2,27,2,09:27:00,
22342,13225,48,4,29,7,10:00:00,
22343,13226,11,8,20,7,15:25:00,
22344,13226,39,6,31,2,15:28:00,
22345,13227,52,1,39,10,10:08:00,
22346,13228,47,1,30,12,17:50:00,
22347,13228,38,6,12,4,17:20:00,
22348,13229,61,2,41,2,12:54:00,
22349,13229,13,3,30,7,12:24:00,
22350,13230,61,2,35,12,12:11:00,
22351,13230,19,2,41,10,12:22:00,
22352,13230,52,3,24,4,11:29:00,
22353,13231,50,6,16,3,14:29:00,
22354,13232,43,1,22,5,10:45:00,
22355,13232,19,6,16,11,11:03:00,
22356,13233,45,7,27,5,16:38:00,
22357,13233,44,6,27,4,16:21:00,
22358,13233,8,1,27,1,17:12:00,
22359,13234,15,4,36,6,17:14:00,
22360,13234,67,1,26,14,17:46:00,
22361,13235,67,1,35,11,15:35:00,
22362,13236,28,7,31,5,15:31:00,
22363,13236,73,1,5,1,15:27:00,
22364,13237,69,1,40,1,16:10:00,
22365,13237,57,5,31,4,17:13:00,
22366,13238,44,6,37,4,13:08:00,
22367,13239,51,2,27,4,12:02:00,
22368,13240,69,2,36,5,10:43:00,
22369,13240,38,8,26,6,10:12:00,
22370,13240,56,2,36,11,10:05:00,
22371,13241,30,2,37,13,16:48:00,
22372,13241,57,2,16,3,15:24:00,
22373,13242,56,6,33,7,15:58:00,
22374,13242,29,1,21,7,15:40:00,
22375,13243,11,7,40,6,10:53:00,
22376,13244,10,7,24,10,13:04:00,
22377,13245,43,6,30,11,10:19:00,
22378,13245,5,5,46,6,09:51:00,
22379,13245,57,2,28,14,09:53:00,
22380,13246,34,6,42,2,16:25:00,
22381,13247,61,3,37,13,13:40:00,
22382,13247,28,1,25,13,13:31:00,
22383,13247,1,7,26,11,13:26:00,
22384,13248,34,4,37,1,16:36:00,
22385,13249,38,8,25,3,14:52:00,
22386,13250,1,2,34,4,16:27:00,
22387,13251,59,1,18,12,17:50:00,
22388,13252,60,2,31,4,16:15:00,
22389,13252,20,3,35,14,15:57:00,
22390,13253,1,3,31,10,10:52:00,
22391,13254,67,3,35,3,14:53:00,
22392,13255,71,1,20,7,16:46:00,
22393,13256,51,7,24,12,11:18:00,
22394,13257,45,1,32,10,14:27:00,
22395,13258,60,6,31,6,14:41:00,
22396,13259,10,8,12,6,13:33:00,
22397,13259,20,8,27,11,13:59:00,
22398,13259,61,1,30,14,13:55:00,
22399,13260,5,4,37,10,14:23:00,
22400,13260,11,7,29,6,14:26:00,
22401,13261,16,7,39,3,10:26:00,
22402,13261,56,8,29,1,10:11:00,
22403,13262,57,5,16,2,14:55:00,
22404,13262,23,6,31,6,14:51:00,
22405,13263,20,8,31,12,12:02:00,
22406,13264,42,2,30,12,12:17:00,
22407,13264,50,5,13,13,12:52:00,
22408,13265,65,1,38,5,12:46:00,
22409,13266,23,7,35,6,12:21:00,
22410,13266,50,2,33,3,12:52:00,
22411,13267,42,1,18,7,13:52:00,
22412,13268,56,7,37,14,13:52:00,
22413,13268,62,4,32,1,13:32:00,
22414,13269,15,3,24,14,11:41:00,
22415,13270,48,3,30,13,10:11:00,
22416,13270,61,1,36,5,10:19:00,
22417,13271,68,5,44,14,14:42:00,
22418,13271,61,2,32,11,13:47:00,
22419,13272,34,8,31,11,12:04:00,
22420,13272,14,7,25,4,11:55:00,
22421,13273,11,6,32,1,14:12:00,
22422,13274,68,5,25,5,15:10:00,
22423,13275,19,1,40,12,14:04:00,
22424,13276,59,4,20,4,10:01:00,
22425,13276,43,5,42,2,09:56:00,
22426,13277,61,2,40,14,12:29:00,
22427,13277,39,4,33,4,12:29:00,
22428,13277,20,4,47,1,12:23:00,
22429,13278,34,4,41,2,10:05:00,
22430,13279,15,4,24,14,15:15:00,
22431,13279,69,5,40,14,14:52:00,
22432,13280,39,4,35,6,13:29:00,
22433,13280,11,5,5,5,13:42:00,
22434,13281,69,5,23,3,11:52:00,
22435,13282,67,8,31,1,13:31:00,
22436,13283,65,7,39,7,14:07:00,
22437,13284,39,7,12,7,14:56:00,
22438,13285,28,5,36,12,10:23:00,
22439,13285,19,2,32,3,10:33:00,
22440,13285,38,3,21,12,10:18:00,
22441,13286,19,5,30,11,14:36:00,
22442,13287,45,8,35,12,12:47:00,
22443,13288,43,4,23,7,13:51:00,
22444,13289,39,4,22,1,12:28:00,
22445,13289,42,3,39,14,12:52:00,
22446,13290,45,1,28,5,09:49:00,
22447,13291,52,1,32,7,14:47:00,
22448,13291,15,4,28,13,15:04:00,
22449,13292,45,2,30,6,12:45:00,
22450,13293,29,5,35,2,16:31:00,
22451,13293,8,2,35,4,17:11:00,
22452,13294,38,1,36,6,15:37:00,
22453,13294,34,7,22,7,16:03:00,
22454,13295,21,5,35,3,12:41:00,
22455,13296,13,5,39,13,11:14:00,
22456,13297,42,4,39,1,11:46:00,
22457,13298,50,7,29,6,17:28:00,
22458,13299,13,4,30,4,13:15:00,
22459,13299,60,7,39,4,13:59:00,
22460,13300,42,2,38,6,17:23:00,
22461,13300,52,4,32,10,16:20:00,
22462,13301,1,4,20,4,12:00:00,
22463,13301,51,1,17,7,11:13:00,
22464,13302,69,8,25,12,13:44:00,
22465,13302,21,2,24,7,14:13:00,
22466,13303,47,2,22,14,15:16:00,
22467,13304,65,5,30,7,16:19:00,
22468,13304,56,3,21,13,16:36:00,
22469,13305,61,4,22,10,16:28:00,
22470,13305,51,4,36,14,16:25:00,
22471,13306,65,6,40,5,16:14:00,
22472,13306,60,2,35,6,15:50:00,
22473,13307,38,5,17,11,11:18:00,
22474,13307,34,1,37,7,11:22:00,
22475,13308,23,3,41,12,10:32:00,
22476,13308,21,8,39,2,09:35:00,
22477,13309,68,3,34,2,12:45:00,
22478,13310,8,2,17,2,12:34:00,
22479,13311,13,3,32,10,16:13:00,
22480,13311,42,2,34,1,16:19:00,
22481,13312,71,3,16,6,10:40:00,
22482,13313,5,1,38,4,10:04:00,
22483,13314,14,4,20,3,11:05:00,
22484,13314,7,1,38,12,11:06:00,
22485,13315,68,2,36,6,11:32:00,
22486,13315,29,7,28,6,09:53:00,
22487,13316,5,5,27,13,15:27:00,
22488,13316,44,4,32,4,15:35:00,
22489,13317,11,1,33,2,11:59:00,
22490,13318,61,3,25,12,16:16:00,
22491,13319,8,3,28,13,12:21:00,
22492,13319,7,5,32,12,11:44:00,
22493,13319,43,3,21,6,11:22:00,
22494,13320,19,5,35,11,14:13:00,
22495,13320,61,4,27,12,14:07:00,
22496,13321,16,5,26,6,10:45:00,
22497,13321,28,5,21,4,11:11:00,
22498,13321,56,4,23,7,10:42:00,
22499,13322,1,2,38,12,12:27:00,
22500,13322,53,8,26,11,12:38:00,
22501,13323,65,6,28,4,12:05:00,
22502,13324,14,2,22,11,16:59:00,
22503,13325,21,1,28,14,13:29:00,
22504,13325,48,1,40,13,12:43:00,
22505,13326,7,8,18,14,10:26:00,
22506,13326,60,3,35,1,10:33:00,
22507,13327,62,1,35,10,13:06:00,
22508,13328,57,4,23,6,17:11:00,
22509,13329,15,4,27,6,13:33:00,
22510,13329,69,1,33,4,13:36:00,
22511,13330,71,6,14,3,18:20:00,
22512,13330,20,6,60,13,18:14:00,
22513,13330,28,8,35,12,17:47:00,
22514,13331,21,5,38,6,14:23:00,
22515,13331,69,4,32,3,14:51:00,
22516,13332,23,2,29,14,14:00:00,
22517,13332,60,8,24,14,13:29:00,
22518,13332,48,6,21,7,13:11:00,
22519,13333,67,5,35,5,13:29:00,
22520,13334,20,7,22,7,15:59:00,
22521,13335,73,3,17,3,11:19:00,
22522,13336,65,5,34,12,15:24:00,
22523,13336,59,5,20,7,15:22:00,
22524,13337,10,4,20,13,11:24:00,
22525,13337,29,6,34,2,10:51:00,
22526,13338,19,5,26,3,12:05:00,
22527,13339,52,4,23,4,12:56:00,
22528,13340,59,6,22,12,15:22:00,
22529,13340,39,4,23,5,15:35:00,
22530,13340,47,1,52,12,15:11:00,
22531,13341,67,1,16,2,12:05:00,
22532,13342,56,8,23,14,15:33:00,
22533,13342,8,8,33,12,15:42:00,
22534,13343,8,8,22,2,17:05:00,
22535,13344,52,5,29,7,12:21:00,
22536,13345,59,5,19,13,16:50:00,
22537,13345,5,2,43,6,15:58:00,
22538,13346,29,4,23,12,13:07:00,
22539,13346,73,5,22,4,13:21:00,
22540,13346,20,1,42,12,13:31:00,
22541,13347,50,6,31,14,11:44:00,
22542,13348,15,2,44,7,10:57:00,
22543,13348,52,5,32,11,10:03:00,
22544,13349,69,8,32,6,13:43:00,
22545,13350,15,3,26,1,14:50:00,
22546,13351,71,8,14,13,09:38:00,
22547,13351,61,6,27,6,10:37:00,
22548,13352,67,5,20,12,16:28:00,
22549,13353,65,8,31,14,14:59:00,
22550,13353,59,6,21,3,14:58:00,
22551,13354,29,6,25,2,11:30:00,
22552,13354,73,4,10,3,11:22:00,
22553,13355,15,1,38,10,12:25:00,
22554,13355,10,6,13,2,12:25:00,
22555,13356,45,1,48,4,10:29:00,
22556,13356,19,4,34,12,10:12:00,
22557,13357,16,4,29,5,14:37:00,
22558,13357,1,6,35,4,15:29:00,
22559,13358,44,7,20,11,11:51:00,
22560,13358,53,1,24,4,11:13:00,
22561,13359,71,8,12,14,16:17:00,
22562,13359,23,7,27,7,16:15:00,
22563,13360,20,7,29,14,13:06:00,
22564,13361,13,5,39,10,16:47:00,
22565,13362,34,7,37,1,14:37:00,
22566,13362,38,3,34,3,14:20:00,
22567,13362,39,2,21,2,14:43:00,
22568,13363,39,3,30,6,15:31:00,
22569,13364,34,1,36,1,12:41:00,
22570,13364,52,6,11,2,13:35:00,
22571,13365,19,8,46,14,10:23:00,
22572,13366,73,6,24,4,14:55:00,
22573,13366,47,4,9,1,14:42:00,
22574,13366,62,5,29,3,15:54:00,
22575,13367,53,5,27,12,16:22:00,
22576,13367,39,6,34,10,16:35:00,
22577,13367,65,2,24,4,16:32:00,
22578,13368,34,8,17,12,17:28:00,
22579,13368,59,1,25,3,16:50:00,
22580,13369,11,8,30,4,10:20:00,
22581,13369,51,1,20,11,10:18:00,
22582,13370,42,3,34,12,14:56:00,
22583,13371,50,7,34,5,12:05:00,
22584,13371,19,4,35,2,11:59:00,
22585,13372,67,1,34,5,14:02:00,
22586,13373,60,2,29,1,18:00:00,
22587,13373,16,7,28,5,17:23:00,
22588,13374,23,4,25,1,10:31:00,
22589,13374,1,4,21,13,11:00:00,
22590,13375,1,4,37,13,14:38:00,
22591,13376,56,3,17,10,14:00:00,
22592,13377,11,1,26,5,14:23:00,
22593,13377,73,3,21,2,15:13:00,
22594,13378,47,8,36,2,14:38:00,
22595,13378,5,3,36,11,14:41:00,
22596,13379,48,7,30,4,12:54:00,
22597,13380,21,8,42,13,14:36:00,
22598,13380,39,2,30,2,14:53:00,
22599,13380,61,6,31,1,14:56:00,
22600,13381,29,7,39,13,11:42:00,
22601,13381,67,7,23,3,11:39:00,
22602,13382,10,4,31,11,11:38:00,
22603,13382,20,3,39,14,10:41:00,
22604,13382,62,1,31,1,11:31:00,
22605,13383,48,3,18,11,16:44:00,
22606,13384,21,2,39,12,10:25:00,
22607,13385,73,7,19,4,16:27:00,
22608,13385,38,3,29,12,16:20:00,
22609,13385,10,7,20,12,16:19:00,
22610,13386,69,1,19,2,13:02:00,
22611,13386,34,1,29,6,12:50:00,
22612,13387,44,4,23,4,10:53:00,
22613,13387,51,5,8,5,11:04:00,
22614,13387,48,6,32,14,11:00:00,
22615,13388,21,3,29,6,13:31:00,
22616,13389,53,7,33,14,09:42:00,
22617,13389,20,1,39,5,09:35:00,
22618,13390,20,4,35,1,13:46:00,
22619,13390,67,3,17,11,13:06:00,
22620,13391,28,3,31,6,16:48:00,
22621,13392,53,3,20,4,15:14:00,
22622,13392,71,4,25,14,15:59:00,
22623,13393,45,2,26,3,12:24:00,
22624,13393,67,5,33,5,12:36:00,
22625,13394,73,6,5,12,16:42:00,
22626,13394,61,7,46,5,15:51:00,
22627,13395,42,1,34,5,09:21:00,
22628,13396,52,4,23,10,10:32:00,
22629,13396,30,4,20,14,10:24:00,
22630,13397,62,4,25,1,12:57:00,
22631,13397,5,5,21,7,13:01:00,
22632,13398,68,1,25,3,10:20:00,
22633,13399,21,8,36,7,17:42:00,
22634,13399,68,8,30,7,16:58:00,
22635,13400,56,8,30,5,14:30:00,
22636,13401,11,3,30,2,12:21:00,
22637,13401,16,6,15,10,12:05:00,
22638,13401,43,5,38,4,12:51:00,
22639,13402,60,7,41,5,17:18:00,
22640,13402,5,6,28,10,17:15:00,
22641,13403,1,7,25,1,09:50:00,
22642,13403,34,1,32,12,09:45:00,
22643,13404,48,8,28,3,14:39:00,
22644,13404,23,5,26,5,15:10:00,
22645,13405,69,8,30,2,11:11:00,
22646,13406,11,7,28,5,12:06:00,
22647,13406,14,6,19,12,12:05:00,
22648,13407,65,4,18,13,12:52:00,
22649,13407,16,5,15,2,12:21:00,
22650,13407,38,8,33,4,13:13:00,
22651,13408,14,8,38,11,12:28:00,
22652,13408,56,3,34,2,11:56:00,
22653,13408,52,8,36,12,12:46:00,
22654,13409,53,7,26,4,13:40:00,
22655,13409,45,2,40,2,12:22:00,
22656,13409,69,4,22,13,13:17:00,
22657,13410,51,5,43,5,14:39:00,
22658,13411,14,7,16,1,17:08:00,
22659,13412,50,4,23,10,15:10:00,
22660,13413,20,3,27,5,15:34:00,
22661,13413,67,4,16,13,15:20:00,
22662,13414,51,3,25,6,17:52:00,
22663,13414,8,6,43,11,17:13:00,
22664,13415,28,6,28,4,17:26:00,
22665,13416,67,3,31,13,09:16:00,
22666,13416,45,6,49,4,10:30:00,
22667,13416,21,1,35,5,09:26:00,
22668,13417,5,2,19,3,13:52:00,
22669,13418,43,5,34,1,17:38:00,
22670,13418,20,4,34,4,18:01:00,
22671,13419,50,5,46,6,14:12:00,
22672,13419,68,7,29,14,14:52:00,
22673,13420,69,6,34,13,17:21:00,
22674,13421,62,3,15,14,15:21:00,
22675,13421,60,5,26,10,14:29:00,
22676,13422,44,3,17,6,09:42:00,
22677,13422,53,8,42,3,09:59:00,
22678,13423,21,6,42,10,11:54:00,
22679,13423,8,8,12,13,12:02:00,
22680,13424,71,2,5,3,13:30:00,
22681,13425,69,3,23,3,17:20:00,
22682,13426,29,3,26,2,11:59:00,
22683,13426,8,7,29,12,10:15:00,
22684,13426,45,1,34,6,11:06:00,
22685,13427,16,7,33,12,12:46:00,
22686,13427,13,4,23,12,12:41:00,
22687,13428,65,5,37,4,15:11:00,
22688,13429,5,3,44,6,15:19:00,
22689,13430,28,8,36,11,12:38:00,
22690,13431,13,5,44,3,13:04:00,
22691,13431,29,1,45,4,13:09:00,
22692,13432,61,5,24,1,14:09:00,
22693,13433,1,1,30,12,13:41:00,
22694,13434,14,8,39,3,13:58:00,
22695,13434,62,4,13,2,13:47:00,
22696,13435,52,1,28,10,14:06:00,
22697,13436,1,6,36,5,15:09:00,
22698,13436,67,4,32,14,15:39:00,
22699,13436,57,2,12,3,15:14:00,
22700,13437,69,4,24,5,14:14:00,
22701,13437,20,5,30,1,14:06:00,
22702,13437,48,5,35,6,14:27:00,
22703,13438,23,5,45,2,16:57:00,
22704,13439,56,2,23,7,16:12:00,
22705,13440,67,3,27,6,13:42:00,
22706,13441,73,6,18,14,11:49:00,
22707,13441,44,6,6,4,12:05:00,
22708,13442,61,2,18,10,11:16:00,
22709,13443,16,8,24,3,12:27:00,
22710,13443,68,8,32,11,12:28:00,
22711,13444,62,6,29,3,10:37:00,
22712,13445,48,3,29,5,15:08:00,
22713,13446,30,1,33,1,12:13:00,
22714,13446,57,3,24,3,12:53:00,
22715,13447,68,3,45,12,12:25:00,
22716,13447,60,7,17,5,12:08:00,
22717,13448,8,3,34,5,14:00:00,
22718,13448,48,7,30,12,14:35:00,
22719,13449,52,5,30,3,12:07:00,
22720,13449,69,4,28,11,12:08:00,
22721,13449,10,5,26,3,11:38:00,
22722,13450,48,1,30,1,12:53:00,
22723,13450,34,4,41,7,13:16:00,
22724,13451,71,6,37,10,12:39:00,
22725,13451,65,5,38,11,13:34:00,
22726,13451,50,1,29,14,13:36:00,
22727,13452,69,5,38,12,09:41:00,
22728,13453,45,1,32,7,15:51:00,
22729,13454,14,1,35,1,12:05:00,
22730,13454,42,8,28,13,11:05:00,
22731,13454,23,8,35,14,12:01:00,
22732,13455,20,8,24,11,13:53:00,
22733,13455,50,3,36,2,14:21:00,
22734,13456,71,8,25,13,16:53:00,
22735,13457,65,3,34,4,11:27:00,
22736,13458,71,7,21,13,14:00:00,
22737,13458,68,6,39,10,13:42:00,
22738,13459,60,4,24,6,10:58:00,
22739,13460,42,1,12,14,14:25:00,
22740,13460,20,8,43,1,16:03:00,
22741,13461,20,2,30,4,16:42:00,
22742,13462,56,1,41,2,10:49:00,
22743,13463,29,4,32,2,14:48:00,
22744,13464,16,6,23,10,12:32:00,
22745,13464,42,2,32,1,12:46:00,
22746,13465,73,6,15,2,18:37:00,
22747,13466,73,3,27,14,10:54:00,
22748,13466,67,1,17,6,11:03:00,
22749,13467,71,2,22,11,15:38:00,
22750,13467,21,4,38,11,15:35:00,
22751,13468,45,3,52,13,11:37:00,
22752,13469,68,1,35,3,16:55:00,
22753,13469,61,6,33,4,16:46:00,
22754,13469,51,4,30,3,16:44:00,
22755,13470,67,5,40,14,11:29:00,
22756,13470,69,8,35,3,11:47:00,
22757,13470,57,2,16,6,11:37:00,
22758,13471,38,5,36,13,17:29:00,
22759,13471,60,1,25,12,18:35:00,
22760,13472,73,6,25,10,12:43:00,
22761,13473,60,4,39,14,17:14:00,
22762,13474,68,6,28,1,15:41:00,
22763,13474,11,6,24,12,15:23:00,
22764,13475,48,2,35,4,10:27:00,
22765,13476,59,6,23,10,13:14:00,
22766,13476,71,3,32,12,13:05:00,
22767,13476,45,3,38,2,13:11:00,
22768,13477,16,3,26,13,11:27:00,
22769,13478,47,2,18,7,17:22:00,
22770,13478,71,3,6,6,17:47:00,
22771,13479,39,4,16,3,12:35:00,
22772,13479,65,7,21,1,12:27:00,
22773,13479,21,5,32,12,11:46:00,
22774,13480,20,3,39,7,13:00:00,
22775,13480,71,3,30,1,12:27:00,
22776,13481,56,8,49,13,14:51:00,
22777,13481,10,5,35,2,14:06:00,
22778,13481,44,8,15,7,14:43:00,
22779,13482,61,6,31,11,10:19:00,
22780,13482,67,7,15,7,10:23:00,
22781,13483,44,7,18,7,14:34:00,
22782,13483,23,5,36,11,13:52:00,
22783,13484,47,8,17,14,16:25:00,
22784,13484,39,2,42,12,16:54:00,
22785,13485,20,8,34,3,15:23:00,
22786,13486,50,7,42,12,12:29:00,
22787,13487,15,5,26,13,14:07:00,
22788,13487,21,7,25,13,13:56:00,
22789,13488,34,4,36,11,16:16:00,
22790,13489,60,7,36,2,16:38:00,
22791,13490,48,3,29,6,17:48:00,
22792,13490,34,2,40,13,17:39:00,
22793,13491,28,6,26,7,17:05:00,
22794,13491,43,4,25,5,17:56:00,
22795,13492,52,5,31,14,12:12:00,
22796,13493,8,7,22,3,15:07:00,
22797,13493,51,8,21,12,14:48:00,
22798,13494,45,6,41,10,13:29:00,
22799,13495,61,7,26,1,12:53:00,
22800,13495,19,2,18,1,13:49:00,
22801,13496,29,3,26,6,12:17:00,
22802,13497,19,4,44,14,11:35:00,
22803,13498,57,5,12,12,12:07:00,
22804,13498,8,3,42,1,12:29:00,
22805,13498,59,4,21,2,13:27:00,
22806,13499,71,4,5,11,11:04:00,
22807,13500,19,5,38,10,13:13:00,
22808,13500,57,4,11,13,12:46:00,
22809,13501,30,8,31,13,17:19:00,
22810,13502,28,2,17,4,10:18:00,
22811,13502,69,7,18,7,09:58:00,
22812,13503,42,8,35,7,12:37:00,
22813,13504,28,8,23,10,16:09:00,
22814,13504,71,2,21,12,16:28:00,
22815,13505,23,1,36,14,16:35:00,
22816,13505,61,2,26,5,16:37:00,
22817,13505,56,5,22,7,16:33:00,
22818,13506,47,1,17,10,15:13:00,
22819,13506,73,1,24,11,15:14:00,
22820,13507,13,3,22,7,12:04:00,
22821,13507,19,1,28,10,12:02:00,
22822,13507,14,7,19,7,12:18:00,
22823,13508,71,8,17,2,10:27:00,
22824,13508,52,5,25,4,09:44:00,
22825,13509,13,4,31,1,09:07:00,
22826,13510,50,4,32,12,14:54:00,
22827,13510,53,8,25,6,15:06:00,
22828,13511,48,6,23,2,14:34:00,
22829,13512,62,4,22,7,16:37:00,
22830,13513,29,1,38,1,17:09:00,
22831,13514,13,6,39,10,10:06:00,
22832,13515,45,8,36,4,15:58:00,
22833,13516,28,1,27,6,09:25:00,
22834,13516,51,5,39,3,09:16:00,
22835,13517,14,6,17,13,15:36:00,
22836,13518,11,3,44,10,17:16:00,
22837,13518,73,2,22,4,16:52:00,
22838,13519,51,8,9,5,11:20:00,
22839,13520,47,6,18,12,15:54:00,
22840,13520,62,4,31,12,16:12:00,
22841,13521,45,7,35,4,16:09:00,
22842,13522,48,1,29,1,16:24:00,
22843,13523,73,3,29,13,11:05:00,
22844,13523,13,4,33,14,11:29:00,
22845,13524,68,8,22,11,11:56:00,
22846,13524,13,7,26,3,11:33:00,
22847,13525,13,3,33,11,11:19:00,
22848,13525,67,2,26,6,12:29:00,
22849,13525,59,7,13,5,12:59:00,
22850,13526,20,2,42,12,14:01:00,
22851,13526,34,4,36,11,13:44:00,
22852,13527,39,8,32,1,14:01:00,
22853,13528,10,4,26,14,15:41:00,
22854,13528,44,1,30,2,15:53:00,
22855,13529,1,4,30,11,09:55:00,
22856,13529,68,4,21,10,10:04:00,
22857,13530,11,5,31,3,10:10:00,
22858,13531,51,7,19,14,11:32:00,
22859,13531,44,3,15,10,11:51:00,
22860,13532,67,5,12,7,10:46:00,
22861,13533,11,1,44,10,10:59:00,
22862,13533,48,5,16,13,10:39:00,
22863,13534,21,5,36,12,12:31:00,
22864,13534,45,3,22,11,12:15:00,
22865,13534,62,5,19,7,11:49:00,
22866,13535,1,6,38,6,13:23:00,
22867,13535,60,8,39,11,14:47:00,
22868,13536,67,7,30,10,11:06:00,
22869,13537,59,1,14,14,16:02:00,
22870,13538,21,1,34,11,16:42:00,
22871,13539,38,6,28,14,16:01:00,
22872,13539,45,8,40,3,15:58:00,
22873,13540,59,7,26,6,16:28:00,
22874,13540,23,1,31,11,14:57:00,
22875,13541,45,5,36,7,16:02:00,
22876,13541,42,1,41,14,16:00:00,
22877,13542,5,5,21,1,15:29:00,
22878,13542,11,5,31,11,16:10:00,
22879,13543,69,4,37,10,15:30:00,
22880,13543,60,4,49,1,15:57:00,
22881,13543,28,3,37,7,16:05:00,
22882,13544,61,1,31,13,15:46:00,
22883,13545,52,1,30,12,13:12:00,
22884,13545,57,8,24,4,13:24:00,
22885,13546,29,7,24,5,15:28:00,
22886,13546,69,8,25,1,14:51:00,
22887,13546,1,8,25,6,15:02:00,
22888,13547,59,8,29,5,11:04:00,
22889,13548,42,4,32,10,10:35:00,
22890,13548,19,1,22,3,10:39:00,
22891,13549,73,1,19,13,13:30:00,
22892,13549,10,3,35,1,13:30:00,
22893,13550,62,2,33,3,16:05:00,
22894,13550,30,6,35,3,15:43:00,
22895,13550,10,1,30,11,16:16:00,
22896,13551,69,4,49,7,11:22:00,
22897,13551,60,2,56,4,11:37:00,
22898,13551,56,6,19,3,12:09:00,
22899,13552,13,6,28,13,10:24:00,
22900,13552,57,6,29,11,11:14:00,
22901,13553,67,6,28,10,11:57:00,
22902,13554,51,7,24,4,16:38:00,
22903,13554,52,8,47,13,16:24:00,
22904,13555,29,8,25,11,17:04:00,
22905,13556,62,1,16,13,16:05:00,
22906,13557,69,2,13,4,17:24:00,
22907,13558,62,3,16,3,12:35:00,
22908,13559,48,4,25,11,11:52:00,
22909,13559,51,6,34,7,12:10:00,
22910,13560,14,7,41,7,11:19:00,
22911,13560,39,6,21,5,11:25:00,
22912,13561,43,3,32,10,17:19:00,
22913,13562,48,5,16,6,14:58:00,
22914,13563,1,7,24,12,10:49:00,
22915,13563,39,1,31,11,10:14:00,
22916,13563,19,3,32,4,10:07:00,
22917,13564,23,7,53,7,09:59:00,
22918,13565,67,2,33,10,09:26:00,
22919,13566,65,5,37,11,17:21:00,
22920,13566,53,3,38,7,17:12:00,
22921,13567,73,6,25,2,12:49:00,
22922,13567,30,6,41,2,12:08:00,
22923,13568,59,5,15,4,12:19:00,
22924,13569,47,6,20,4,11:19:00,
22925,13569,44,5,34,5,11:20:00,
22926,13570,21,5,40,13,16:17:00,
22927,13570,19,6,26,4,16:57:00,
22928,13570,60,6,22,4,16:38:00,
22929,13571,45,4,26,14,13:50:00,
22930,13572,38,1,44,11,13:45:00,
22931,13572,1,8,29,4,14:11:00,
22932,13573,15,4,31,14,16:44:00,
22933,13573,56,7,42,2,17:17:00,
22934,13574,29,6,45,2,16:31:00,
22935,13575,1,6,37,12,16:52:00,
22936,13575,16,8,18,12,15:35:00,
22937,13575,44,4,28,14,16:00:00,
22938,13576,5,5,27,6,14:24:00,
22939,13576,68,4,28,11,12:51:00,
22940,13576,17,6,35,10,13:36:00,
22941,13577,61,5,28,6,15:08:00,
22942,13577,7,1,34,6,15:24:00,
22943,13578,50,6,30,4,09:40:00,
22944,13578,8,5,29,3,11:21:00,
22945,13579,11,3,20,14,12:05:00,
22946,13579,20,5,35,7,12:30:00,
22947,13580,1,7,22,4,15:27:00,
22948,13580,67,4,22,13,15:54:00,
22949,13581,16,7,29,4,14:30:00,
22950,13581,19,4,18,1,14:16:00,
22951,13582,8,6,43,1,11:29:00,
22952,13582,16,3,26,13,11:23:00,
22953,13583,34,2,24,4,15:26:00,
22954,13584,29,4,26,12,14:52:00,
22955,13585,5,2,22,2,09:58:00,
22956,13585,14,7,20,13,10:05:00,
22957,13586,17,1,30,3,10:37:00,
22958,13586,65,6,18,12,10:01:00,
22959,13586,30,1,28,11,10:20:00,
22960,13587,42,6,27,14,14:48:00,
22961,13587,50,4,47,6,13:38:00,
22962,13588,14,7,26,11,10:31:00,
22963,13589,17,3,31,12,13:13:00,
22964,13589,39,1,13,4,13:36:00,
22965,13590,62,3,20,12,13:29:00,
22966,13591,68,4,8,7,11:03:00,
22967,13591,51,8,20,4,11:40:00,
22968,13592,29,8,32,5,09:55:00,
22969,13592,62,5,31,6,10:27:00,
22970,13593,1,7,31,11,16:38:00,
22971,13593,28,7,22,11,16:54:00,
22972,13594,53,6,16,4,11:15:00,
22973,13594,15,7,31,6,11:32:00,
22974,13595,30,3,33,1,15:55:00,
22975,13595,17,7,28,6,14:49:00,
22976,13596,19,6,30,2,11:02:00,
22977,13597,51,4,14,11,16:30:00,
22978,13598,30,8,44,13,11:46:00,
22979,13599,13,5,23,6,14:08:00,
22980,13600,57,3,17,12,09:53:00,
22981,13601,65,5,38,14,14:02:00,
22982,13602,47,1,20,2,10:26:00,
22983,13602,17,6,19,11,10:14:00,
22984,13603,42,1,35,10,10:27:00,
22985,13604,17,1,42,11,14:24:00,
22986,13605,56,2,42,3,16:08:00,
22987,13605,10,8,22,11,15:40:00,
22988,13606,69,5,33,5,11:57:00,
22989,13606,73,8,29,1,11:45:00,
22990,13606,10,6,27,1,11:32:00,
22991,13607,50,7,35,11,15:05:00,
22992,13607,20,3,35,10,16:39:00,
22993,13608,71,4,19,10,11:26:00,
22994,13609,14,2,7,6,09:34:00,
22995,13609,21,7,35,11,09:32:00,
22996,13610,53,7,22,5,15:20:00,
22997,13610,17,6,30,5,15:35:00,
22998,13611,60,4,35,4,13:22:00,
22999,13612,5,6,27,11,10:37:00,
23000,13612,57,2,20,14,11:55:00,
23001,13613,16,7,23,13,13:39:00,
23002,13613,59,8,35,7,14:37:00,
23003,13614,53,1,26,13,11:11:00,
23004,13614,73,1,25,6,10:50:00,
23005,13615,17,4,37,14,13:52:00,
23006,13615,21,6,43,3,13:46:00,
23007,13615,15,5,41,2,14:00:00,
23008,13616,19,7,34,1,09:23:00,
23009,13617,48,7,14,13,10:37:00,
23010,13618,8,8,40,5,13:40:00,
23011,13619,29,1,24,6,16:40:00,
23012,13619,8,7,25,3,16:30:00,
23013,13620,38,7,41,1,13:03:00,
23014,13621,8,3,35,6,12:05:00,
23015,13622,48,6,24,5,10:20:00,
23016,13623,28,4,25,12,11:15:00,
23017,13624,10,6,35,12,09:59:00,
23018,13625,50,8,34,13,14:52:00,
23019,13626,44,3,9,12,10:56:00,
23020,13626,5,1,36,4,11:24:00,
23021,13627,39,6,16,12,16:22:00,
23022,13627,43,2,29,7,15:54:00,
23023,13627,38,4,24,5,15:57:00,
23024,13628,44,4,16,14,15:25:00,
23025,13628,16,7,33,5,16:09:00,
23026,13628,60,2,29,13,16:52:00,
23027,13629,17,4,30,1,17:31:00,
23028,13629,59,3,15,6,16:50:00,
23029,13629,30,6,25,10,17:22:00,
23030,13630,8,2,35,2,13:56:00,
23031,13630,28,8,34,3,14:40:00,
23032,13631,39,5,27,3,14:11:00,
23033,13631,28,6,36,3,13:28:00,
23034,13631,44,2,21,14,13:25:00,
23035,13632,42,8,27,14,15:22:00,
23036,13632,65,8,46,2,15:10:00,
23037,13633,73,8,9,6,16:55:00,
23038,13633,14,7,30,5,17:16:00,
23039,13634,67,3,23,5,16:10:00,
23040,13635,44,1,6,3,11:22:00,
23041,13635,73,5,21,5,10:58:00,
23042,13636,43,7,31,4,15:05:00,
23043,13636,30,7,39,2,15:24:00,
23044,13637,19,6,29,2,15:18:00,
23045,13637,15,1,39,7,15:24:00,
23046,13637,45,7,34,7,15:39:00,
23047,13638,11,8,29,12,16:25:00,
23048,13638,69,1,26,13,16:18:00,
23049,13639,67,2,29,14,15:52:00,
23050,13639,8,6,32,5,15:58:00,
23051,13640,16,3,21,11,13:07:00,
23052,13640,15,5,21,2,14:46:00,
23053,13640,69,7,43,13,13:25:00,
23054,13641,13,3,25,2,11:56:00,
23055,13641,73,1,27,12,11:38:00,
23056,13641,29,5,23,11,11:25:00,
23057,13642,45,2,28,2,11:01:00,
23058,13642,71,7,21,10,11:05:00,
23059,13643,50,8,29,10,13:09:00,
23060,13644,52,3,24,12,13:54:00,
23061,13644,23,1,40,5,13:54:00,
23062,13645,19,1,44,11,12:06:00,
23063,13646,50,8,28,3,16:16:00,
23064,13646,52,6,33,14,16:03:00,
23065,13646,48,4,10,12,16:06:00,
23066,13647,14,2,22,7,10:22:00,
23067,13647,29,3,30,2,09:09:00,
23068,13648,68,8,30,11,10:18:00,
23069,13648,73,8,21,3,09:31:00,
23070,13649,53,2,30,7,10:13:00,
23071,13650,14,4,33,10,11:01:00,
23072,13651,10,2,45,1,12:03:00,
23073,13651,71,3,33,3,11:46:00,
23074,13652,39,2,19,6,13:22:00,
23075,13653,10,3,34,4,15:35:00,
23076,13653,29,6,27,7,15:52:00,
23077,13654,11,4,33,11,17:11:00,
23078,13655,62,7,13,11,16:01:00,
23079,13656,10,8,17,6,13:12:00,
23080,13656,44,3,21,5,14:06:00,
23081,13657,45,2,25,2,17:29:00,
23082,13658,65,1,39,14,14:12:00,
23083,13658,23,3,22,10,14:15:00,
23084,13659,71,7,18,2,16:19:00,
23085,13659,59,3,33,7,16:20:00,
23086,13659,53,5,26,13,16:22:00,
23087,13660,23,1,31,6,13:59:00,
23088,13661,42,5,26,7,14:39:00,
23089,13662,65,8,37,5,11:10:00,
23090,13662,57,2,26,10,10:58:00,
23091,13663,67,3,33,11,16:45:00,
23092,13663,30,2,31,3,17:16:00,
23093,13664,67,5,29,14,09:56:00,
23094,13665,57,3,28,11,17:14:00,
23095,13666,44,7,24,2,17:48:00,
23096,13666,28,7,13,4,17:22:00,
23097,13667,57,1,19,4,10:14:00,
23098,13668,59,7,34,11,16:19:00,
23099,13669,19,6,33,10,15:47:00,
23100,13669,59,3,8,7,15:14:00,
23101,13670,53,4,21,4,12:32:00,
23102,13671,17,5,29,6,17:38:00,
23103,13672,68,5,29,7,15:30:00,
23104,13672,14,5,31,13,14:28:00,
23105,13673,13,2,23,2,10:21:00,
23106,13674,53,4,24,2,15:52:00,
23107,13674,67,5,36,5,14:55:00,
23108,13675,20,4,27,10,17:41:00,
23109,13676,11,1,25,6,13:04:00,
23110,13677,59,6,21,10,16:20:00,
23111,13677,60,2,36,6,16:54:00,
23112,13678,10,4,24,12,13:50:00,
23113,13678,42,2,44,7,13:38:00,
23114,13679,52,1,32,10,13:17:00,
23115,13679,56,6,24,11,13:26:00,
23116,13680,71,1,26,1,09:48:00,
23117,13681,69,3,31,1,15:12:00,
23118,13682,57,6,26,13,11:33:00,
23119,13682,34,1,26,10,11:14:00,
23120,13682,39,4,31,1,11:04:00,
23121,13683,8,2,30,4,17:02:00,
23122,13683,20,7,30,1,16:57:00,
23123,13684,60,4,25,14,15:26:00,
23124,13684,5,5,33,13,15:08:00,
23125,13685,48,3,42,14,11:05:00,
23126,13685,23,4,34,4,11:07:00,
23127,13686,42,5,47,10,09:48:00,
23128,13687,30,6,30,4,13:13:00,
23129,13688,43,8,37,14,16:49:00,
23130,13688,13,8,19,7,16:37:00,
23131,13688,15,5,34,14,16:34:00,
23132,13689,44,2,24,10,17:02:00,
23133,13689,21,2,42,12,16:59:00,
23134,13690,44,1,5,11,11:52:00,
23135,13690,17,2,20,14,12:15:00,
23136,13690,10,4,13,14,12:45:00,
23137,13691,13,2,41,2,16:56:00,
23138,13691,53,2,16,10,17:02:00,
23139,13692,38,5,26,12,10:49:00,
23140,13692,48,7,32,5,10:22:00,
23141,13692,13,2,30,3,10:29:00,
23142,13693,67,8,29,5,14:43:00,
23143,13693,21,2,35,5,15:19:00,
23144,13693,34,1,31,11,15:17:00,
23145,13694,53,3,31,13,09:08:00,
23146,13694,28,8,33,12,09:25:00,
23147,13694,8,3,38,11,09:25:00,
23148,13695,65,2,39,2,16:27:00,
23149,13695,42,1,47,12,16:31:00,
23150,13696,13,2,27,14,13:21:00,
23151,13696,52,3,28,14,13:05:00,
23152,13697,11,1,28,2,17:49:00,
23153,13697,43,3,39,3,17:13:00,
23154,13698,50,4,30,10,18:16:00,
23155,13698,53,2,21,5,17:19:00,
23156,13699,23,1,44,3,09:07:00,
23157,13699,48,1,33,3,10:10:00,
23158,13700,14,1,24,12,11:47:00,
23159,13700,20,7,44,7,12:17:00,
23160,13701,13,8,29,6,12:24:00,
23161,13701,39,4,17,4,11:29:00,
23162,13701,11,6,35,4,10:36:00,
23163,13702,60,2,12,4,13:50:00,
23164,13702,39,6,9,4,13:00:00,
23165,13703,51,2,19,1,15:27:00,
23166,13703,28,7,31,4,14:58:00,
23167,13704,57,5,26,11,13:23:00,
23168,13705,21,1,22,1,10:26:00,
23169,13705,48,4,27,3,10:12:00,
23170,13705,73,4,23,6,10:12:00,
23171,13706,10,1,32,5,09:49:00,
23172,13707,61,3,29,3,10:09:00,
23173,13708,52,5,30,11,15:13:00,
23174,13708,67,6,19,10,15:16:00,
23175,13709,67,3,34,11,14:25:00,
23176,13710,13,4,41,4,12:04:00,
23177,13710,48,4,25,4,12:50:00,
23178,13711,42,5,42,11,16:39:00,
23179,13712,60,8,14,5,14:27:00,
23180,13713,39,3,35,7,11:59:00,
23181,13713,44,6,7,14,11:38:00,
23182,13714,20,3,36,10,15:15:00,
23183,13715,59,1,12,4,10:56:00,
23184,13715,53,3,27,13,10:56:00,
23185,13716,60,7,34,5,11:53:00,
23186,13717,28,2,35,1,14:41:00,
23187,13717,68,6,20,12,14:57:00,
23188,13717,39,6,47,5,14:32:00,
23189,13718,19,8,29,4,18:16:00,
23190,13718,20,1,45,5,17:46:00,
23191,13719,57,7,32,13,16:49:00,
23192,13719,48,1,26,14,17:46:00,
23193,13719,39,4,9,1,17:56:00,
23194,13720,43,5,36,10,11:27:00,
23195,13720,30,4,28,5,11:58:00,
23196,13721,8,6,17,11,10:41:00,
23197,13721,5,4,39,12,11:31:00,
23198,13722,62,3,24,1,16:49:00,
23199,13722,13,6,34,2,17:25:00,
23200,13723,38,5,49,3,17:06:00,
23201,13724,44,6,26,2,13:24:00,
23202,13725,8,3,20,6,14:01:00,
23203,13725,38,7,32,7,14:07:00,
23204,13726,19,1,35,5,12:57:00,
23205,13726,15,2,30,4,12:29:00,
23206,13726,17,3,36,6,12:26:00,
23207,13727,19,7,20,12,14:05:00,
23208,13728,13,8,39,2,13:28:00,
23209,13728,47,7,26,1,13:41:00,
23210,13728,11,5,27,7,13:27:00,
23211,13729,53,2,23,6,10:45:00,
23212,13729,45,7,25,13,10:44:00,
23213,13730,16,5,16,7,15:29:00,
23214,13731,47,6,25,11,10:32:00,
23215,13731,69,6,28,1,10:45:00,
23216,13732,23,3,26,4,09:42:00,
23217,13733,29,4,30,4,10:50:00,
23218,13734,34,3,34,13,13:38:00,
23219,13735,51,6,32,2,15:02:00,
23220,13736,65,8,31,7,13:25:00,
23221,13737,38,2,31,10,12:17:00,
23222,13737,47,4,30,11,11:32:00,
23223,13738,17,6,33,5,17:55:00,
23224,13739,23,1,28,6,15:39:00,
23225,13740,34,3,39,1,15:08:00,
23226,13741,11,1,33,14,13:55:00,
23227,13742,21,3,30,7,15:31:00,
23228,13743,30,3,44,3,16:20:00,
23229,13743,68,7,38,4,16:35:00,
23230,13744,45,8,19,7,10:32:00,
23231,13744,13,4,32,4,11:33:00,
23232,13745,38,5,26,6,16:15:00,
23233,13746,17,3,31,1,15:37:00,
23234,13746,56,5,35,13,15:48:00,
23235,13747,57,6,25,4,10:33:00,
23236,13748,73,8,42,2,15:24:00,
23237,13748,71,5,15,7,15:25:00,
23238,13749,30,8,39,12,10:45:00,
23239,13750,38,7,32,7,14:08:00,
23240,13750,71,6,12,1,14:38:00,
23241,13750,28,2,34,3,14:34:00,
23242,13751,65,2,22,5,14:02:00,
23243,13751,17,1,26,11,12:41:00,
23244,13752,1,6,22,4,11:23:00,
23245,13752,29,6,48,13,11:14:00,
23246,13753,19,5,35,5,12:55:00,
23247,13753,60,4,14,11,12:45:00,
23248,13753,39,8,36,10,13:04:00,
23249,13754,15,2,31,7,13:25:00,
23250,13755,50,8,46,5,16:18:00,
23251,13756,71,2,21,4,13:17:00,
23252,13756,73,8,9,6,14:06:00,
23253,13757,60,1,33,14,12:36:00,
23254,13758,15,3,16,1,16:18:00,
23255,13759,67,8,25,14,13:31:00,
23256,13760,43,7,32,13,15:26:00,
23257,13760,20,2,39,10,16:01:00,
23258,13761,14,3,31,2,16:20:00,
23259,13761,15,8,32,10,15:20:00,
23260,13762,5,3,43,12,14:00:00,
23261,13763,60,5,35,13,17:36:00,
23262,13764,17,6,29,3,10:15:00,
23263,13764,71,2,25,7,09:55:00,
23264,13765,60,4,29,3,10:15:00,
23265,13765,10,8,30,14,09:52:00,
23266,13766,67,3,25,13,15:45:00,
23267,13767,53,3,26,12,11:23:00,
23268,13768,68,7,31,10,11:11:00,
23269,13768,30,3,35,11,10:55:00,
23270,13769,67,3,28,3,17:04:00,
23271,13770,61,8,33,14,16:14:00,
23272,13771,30,8,37,7,14:15:00,
23273,13771,38,3,24,11,14:27:00,
23274,13772,69,3,29,2,11:08:00,
23275,13773,62,8,16,13,13:05:00,
23276,13773,45,2,24,4,12:47:00,
23277,13774,23,4,26,4,15:00:00,
23278,13774,68,2,30,6,14:19:00,
23279,13775,45,1,27,4,15:41:00,
23280,13776,43,6,37,10,12:47:00,
23281,13777,43,6,41,5,09:29:00,
23282,13777,8,1,32,11,09:39:00,
23283,13778,29,2,17,7,13:37:00,
23284,13779,65,7,41,12,11:23:00,
23285,13779,30,3,30,1,11:19:00,
23286,13780,10,3,16,7,09:59:00,
23287,13780,34,1,41,13,09:47:00,
23288,13781,1,1,35,13,14:01:00,
23289,13781,11,3,27,13,14:55:00,
23290,13782,48,3,33,6,14:37:00,
23291,13782,34,2,34,10,13:57:00,
23292,13783,62,5,22,13,13:23:00,
23293,13784,73,1,14,3,14:18:00,
23294,13784,57,8,23,11,14:51:00,
23295,13785,51,4,17,5,10:31:00,
23296,13785,19,1,26,6,11:48:00,
23297,13786,43,1,39,5,16:41:00,
23298,13787,52,6,31,5,09:24:00,
23299,13787,73,5,18,6,10:05:00,
23300,13788,62,1,33,11,13:17:00,
23301,13788,69,8,26,3,13:28:00,
23302,13788,68,2,39,1,13:25:00,
23303,13789,17,2,20,13,17:12:00,
23304,13790,73,5,24,13,12:37:00,
23305,13790,65,8,44,2,13:06:00,
23306,13790,59,8,13,12,12:25:00,
23307,13791,60,4,30,4,14:29:00,
23308,13791,20,1,42,6,14:19:00,
23309,13792,42,5,18,1,15:17:00,
23310,13793,48,2,31,12,16:37:00,
23311,13794,39,1,23,10,11:06:00,
23312,13795,53,1,21,14,16:26:00,
23313,13795,21,3,42,12,16:44:00,
23314,13795,28,1,33,7,17:16:00,
23315,13796,48,1,26,4,16:56:00,
23316,13797,73,1,8,3,10:09:00,
23317,13798,57,7,26,5,12:39:00,
23318,13798,59,2,12,7,12:10:00,
23319,13798,21,2,55,4,12:36:00,
23320,13799,20,7,29,6,17:27:00,
23321,13799,42,4,26,13,18:02:00,
23322,13800,30,8,30,7,15:32:00,
23323,13800,39,6,35,3,16:35:00,
23324,13801,53,8,22,5,10:13:00,
23325,13802,47,3,23,5,15:40:00,
23326,13803,8,3,20,10,12:40:00,
23327,13803,30,2,34,6,12:36:00,
23328,13803,11,3,31,5,13:04:00,
23329,13804,17,1,25,5,11:06:00,
23330,13805,19,2,13,5,11:50:00,
23331,13806,69,8,26,13,13:26:00,
23332,13806,45,7,27,14,14:02:00,
23333,13807,20,1,45,14,11:12:00,
23334,13807,51,6,17,14,11:07:00,
23335,13808,39,8,29,10,14:44:00,
23336,13808,29,2,33,13,14:39:00,
23337,13808,13,3,24,7,14:25:00,
23338,13809,42,7,42,12,17:08:00,
23339,13810,39,5,33,10,13:17:00,
23340,13810,71,3,23,1,13:18:00,
23341,13811,51,6,31,11,14:26:00,
23342,13812,23,1,30,2,14:18:00,
23343,13812,52,7,26,13,13:40:00,
23344,13813,68,6,18,3,15:10:00,
23345,13813,11,6,7,2,14:52:00,
23346,13814,10,6,31,10,14:43:00,
23347,13814,39,3,17,13,15:17:00,
23348,13815,68,7,30,2,13:51:00,
23349,13815,56,6,27,10,12:39:00,
23350,13816,39,6,31,14,12:25:00,
23351,13817,65,1,34,14,15:20:00,
23352,13817,17,1,39,1,15:08:00,
23353,13818,53,4,26,7,13:51:00,
23354,13819,23,7,35,2,10:13:00,
23355,13819,20,5,45,5,09:55:00,
23356,13820,57,8,21,5,11:38:00,
23357,13821,10,5,23,3,17:00:00,
23358,13821,62,8,49,6,16:49:00,
23359,13822,52,1,18,10,09:33:00,
23360,13822,5,3,42,2,10:25:00,
23361,13823,50,6,30,14,11:29:00,
23362,13823,30,7,30,2,12:12:00,
23363,13823,8,7,19,4,11:42:00,
23364,13824,11,4,20,11,16:33:00,
23365,13824,7,7,29,5,16:43:00,
23366,13825,1,3,33,10,14:32:00,
23367,13825,34,6,33,14,14:36:00,
23368,13826,56,6,40,13,15:05:00,
23369,13826,43,3,33,5,14:36:00,
23370,13827,13,2,35,3,12:27:00,
23371,13828,13,7,44,5,14:31:00,
23372,13828,15,3,29,7,14:13:00,
23373,13829,11,8,24,7,14:04:00,
23374,13830,43,3,31,2,12:32:00,
23375,13830,23,5,39,3,11:43:00,
23376,13830,34,7,36,3,12:23:00,
23377,13831,34,8,46,5,18:18:00,
23378,13831,47,8,34,10,17:41:00,
23379,13831,21,5,39,2,18:24:00,
23380,13832,39,5,32,6,16:14:00,
23381,13832,62,2,31,2,15:43:00,
23382,13832,50,4,36,12,16:48:00,
23383,13833,51,6,18,12,10:43:00,
23384,13833,62,2,16,11,11:14:00,
23385,13834,39,8,29,4,14:44:00,
23386,13835,10,2,17,14,11:28:00,
23387,13835,14,5,36,12,12:09:00,
23388,13835,65,1,29,12,11:29:00,
23389,13836,61,3,38,3,17:08:00,
23390,13837,69,1,37,14,17:13:00,
23391,13838,57,1,19,3,11:41:00,
23392,13838,23,8,34,11,11:50:00,
23393,13839,38,8,15,11,11:55:00,
23394,13839,67,6,28,6,11:29:00,
23395,13840,1,5,28,11,10:24:00,
23396,13840,52,8,36,7,10:43:00,
23397,13841,7,5,30,5,15:41:00,
23398,13841,57,4,17,1,16:18:00,
23399,13842,20,2,39,12,11:56:00,
23400,13842,16,7,26,5,10:33:00,
23401,13842,73,7,23,12,10:50:00,
23402,13843,42,4,28,4,15:34:00,
23403,13844,23,2,29,13,16:27:00,
23404,13845,10,4,47,4,13:35:00,
23405,13845,1,6,32,3,13:44:00,
23406,13846,1,1,25,7,15:12:00,
23407,13847,8,1,35,6,15:11:00,
23408,13847,69,4,26,14,14:50:00,
23409,13847,50,1,27,7,15:40:00,
23410,13848,45,5,30,7,14:13:00,
23411,13848,5,6,37,12,14:14:00,
23412,13848,47,4,25,6,14:48:00,
23413,13849,47,8,17,11,11:02:00,
23414,13849,30,5,40,10,10:05:00,
23415,13850,43,5,34,6,11:12:00,
23416,13851,16,6,31,13,17:10:00,
23417,13852,45,2,32,4,15:32:00,
23418,13852,8,1,30,1,15:19:00,
23419,13853,38,6,10,4,14:22:00,
23420,13854,20,3,37,3,10:28:00,
23421,13855,44,4,11,7,16:01:00,
23422,13856,43,8,46,13,11:53:00,
23423,13856,14,1,21,11,11:57:00,
23424,13856,23,8,36,13,11:35:00,
23425,13857,10,7,26,7,12:34:00,
23426,13857,57,6,15,12,13:04:00,
23427,13858,14,1,24,6,12:31:00,
23428,13859,62,2,27,11,11:36:00,
23429,13860,48,5,29,7,11:12:00,
23430,13860,10,5,5,10,10:56:00,
23431,13860,62,7,27,11,10:52:00,
23432,13861,47,3,26,4,16:47:00,
23433,13861,71,2,9,3,16:46:00,
23434,13862,67,4,33,3,16:57:00,
23435,13863,23,1,39,11,14:21:00,
23436,13863,15,2,17,5,14:52:00,
23437,13864,50,1,38,3,09:49:00,
23438,13865,71,5,29,10,16:09:00,
23439,13865,21,6,35,14,15:55:00,
23440,13866,69,6,23,4,10:32:00,
23441,13866,73,2,19,13,10:42:00,
23442,13867,28,8,33,5,14:46:00,
23443,13867,68,3,19,6,15:00:00,
23444,13867,73,2,14,2,15:08:00,
23445,13868,20,2,48,1,10:28:00,
23446,13869,13,1,47,5,11:47:00,
23447,13870,50,5,17,13,15:33:00,
23448,13871,71,6,5,13,10:41:00,
23449,13871,38,4,26,5,10:36:00,
23450,13872,53,8,30,11,16:22:00,
23451,13872,65,4,25,6,17:16:00,
23452,13873,11,4,28,11,11:53:00,
23453,13873,57,5,32,12,12:26:00,
23454,13873,73,2,35,13,12:45:00,
23455,13874,34,8,40,3,13:37:00,
23456,13875,20,1,33,3,15:01:00,
23457,13875,69,5,27,10,15:02:00,
23458,13876,56,6,41,11,15:53:00,
23459,13877,59,3,28,2,11:37:00,
23460,13877,43,4,22,7,11:57:00,
23461,13877,23,5,28,12,11:39:00,
23462,13878,19,1,34,7,10:55:00,
23463,13879,62,8,10,1,13:47:00,
23464,13880,69,3,37,3,16:04:00,
23465,13880,62,1,32,13,16:31:00,
23466,13881,42,5,37,12,14:39:00,
23467,13881,38,5,21,5,14:00:00,
23468,13882,52,4,38,6,14:42:00,
23469,13882,60,1,30,3,15:47:00,
23470,13883,43,3,42,14,10:54:00,
23471,13884,73,8,24,14,12:45:00,
23472,13885,15,2,31,14,17:03:00,
23473,13886,38,1,26,1,10:38:00,
23474,13887,60,3,34,12,16:13:00,
23475,13888,13,6,27,5,15:04:00,
23476,13888,67,8,40,6,16:07:00,
23477,13889,56,8,31,4,09:28:00,
23478,13889,29,6,15,12,10:20:00,
23479,13889,69,4,29,2,10:03:00,
23480,13890,19,7,35,3,10:28:00,
23481,13891,1,3,25,5,16:10:00,
23482,13892,1,7,34,5,10:52:00,
23483,13893,19,3,27,2,15:09:00,
23484,13893,13,8,38,4,13:50:00,
23485,13893,52,1,28,14,14:26:00,
23486,13894,15,4,29,1,16:54:00,
23487,13894,50,5,41,10,17:17:00,
23488,13894,8,3,30,3,17:12:00,
23489,13895,38,5,21,13,14:45:00,
23490,13895,11,8,15,13,14:36:00,
23491,13896,13,6,41,11,11:06:00,
23492,13896,65,5,34,3,11:03:00,
23493,13896,34,2,26,6,10:17:00,
23494,13897,1,1,15,3,17:12:00,
23495,13898,38,8,33,3,10:40:00,
23496,13898,53,8,18,11,10:32:00,
23497,13899,34,7,16,14,15:11:00,
23498,13899,39,2,16,3,14:31:00,
23499,13899,29,4,16,2,15:21:00,
23500,13900,21,4,44,4,15:25:00,
23501,13901,16,1,34,13,17:40:00,
23502,13901,23,8,34,13,17:25:00,
23503,13902,38,8,35,2,15:20:00,
23504,13902,8,7,24,11,15:09:00,
23505,13902,23,6,46,2,15:07:00,
23506,13903,20,7,29,10,10:05:00,
23507,13903,14,7,38,7,10:13:00,
23508,13903,30,2,32,4,09:37:00,
23509,13904,67,7,34,5,11:18:00,
23510,13905,61,2,17,11,11:55:00,
23511,13905,10,8,10,7,11:53:00,
23512,13906,56,5,23,1,13:47:00,
23513,13907,30,6,31,7,13:30:00,
23514,13908,69,2,42,3,14:25:00,
23515,13909,69,2,25,12,11:44:00,
23516,13909,47,5,20,5,11:52:00,
23517,13910,28,6,33,14,16:10:00,
23518,13910,57,1,15,13,15:55:00,
23519,13911,45,3,48,4,12:25:00,
23520,13911,53,5,20,2,13:03:00,
23521,13912,67,8,16,7,14:11:00,
23522,13912,39,3,26,11,15:16:00,
23523,13913,10,4,25,12,12:11:00,
23524,13914,43,8,31,6,10:20:00,
23525,13914,56,1,34,2,10:25:00,
23526,13915,48,3,25,3,13:15:00,
23527,13915,42,4,17,10,13:01:00,
23528,13916,15,5,42,2,15:03:00,
23529,13917,61,4,36,14,10:04:00,
23530,13918,65,5,32,5,12:20:00,
23531,13918,29,8,20,11,13:13:00,
23532,13919,56,8,12,1,14:50:00,
23533,13919,53,2,13,3,13:46:00,
23534,13920,51,6,25,2,09:24:00,
23535,13920,17,6,27,6,09:19:00,
23536,13920,57,1,20,13,09:07:00,
23537,13921,68,8,36,14,10:17:00,
23538,13921,51,7,26,11,10:16:00,
23539,13922,19,5,39,5,14:09:00,
23540,13923,69,1,48,3,12:51:00,
23541,13923,52,7,35,14,13:41:00,
23542,13924,65,8,29,12,16:30:00,
23543,13924,13,3,37,7,16:28:00,
23544,13925,71,7,21,5,10:32:00,
23545,13925,21,3,31,13,10:26:00,
23546,13925,10,2,37,11,10:30:00,
23547,13926,20,4,27,13,13:13:00,
23548,13926,65,6,39,5,13:52:00,
23549,13926,16,5,17,7,13:16:00,
23550,13927,71,2,12,13,14:50:00,
23551,13927,38,5,21,14,15:19:00,
23552,13928,29,1,34,6,16:26:00,
23553,13929,20,7,32,1,15:26:00,
23554,13930,48,6,25,2,10:44:00,
23555,13930,14,3,27,7,11:02:00,
23556,13931,47,4,24,10,17:09:00,
23557,13932,21,4,27,7,16:20:00,
23558,13933,51,2,14,6,10:44:00,
23559,13933,21,5,21,1,11:09:00,
23560,13934,67,7,36,6,10:12:00,
23561,13935,11,4,28,3,11:05:00,
23562,13936,71,7,7,14,10:36:00,
23563,13936,5,2,46,4,09:52:00,
23564,13936,10,5,31,7,11:16:00,
23565,13937,13,4,34,2,14:22:00,
23566,13938,57,1,17,11,10:55:00,
23567,13938,5,6,38,4,11:46:00,
23568,13939,19,7,37,14,10:56:00,
23569,13939,62,1,21,7,10:54:00,
23570,13940,67,8,26,4,10:06:00,
23571,13941,43,5,34,14,14:55:00,
23572,13941,5,4,50,3,15:18:00,
23573,13942,57,7,31,13,14:06:00,
23574,13942,65,3,40,14,14:46:00,
23575,13943,59,2,25,10,10:24:00,
23576,13944,16,6,16,10,16:57:00,
23577,13944,1,1,24,1,17:17:00,
23578,13945,67,4,25,2,13:27:00,
23579,13945,21,6,50,7,13:29:00,
23580,13946,10,6,22,11,16:10:00,
23581,13946,1,4,34,4,16:47:00,
23582,13947,57,4,15,6,11:26:00,
23583,13947,11,7,15,10,11:24:00,
23584,13948,57,7,16,12,11:55:00,
23585,13949,45,5,35,7,13:35:00,
23586,13949,11,5,38,2,14:08:00,
23587,13950,45,1,42,10,14:00:00,
23588,13951,56,4,24,11,11:28:00,
23589,13952,47,5,22,4,11:57:00,
23590,13953,15,2,31,10,12:41:00,
23591,13954,39,3,18,1,16:48:00,
23592,13955,13,2,51,10,14:16:00,
23593,13955,73,7,25,12,14:20:00,
23594,13955,71,4,14,12,14:23:00,
23595,13956,14,5,33,14,09:25:00,
23596,13957,45,5,32,6,16:54:00,
23597,13957,47,7,26,3,16:35:00,
23598,13958,52,2,42,10,11:52:00,
23599,13958,11,7,19,2,12:02:00,
23600,13959,5,4,35,7,10:09:00,
23601,13959,15,3,19,14,10:31:00,
23602,13960,50,2,37,11,14:34:00,
23603,13960,73,1,21,11,13:50:00,
23604,13961,67,4,15,5,09:54:00,
23605,13961,42,3,23,6,10:05:00,
23606,13962,68,1,16,7,15:08:00,
23607,13963,21,5,39,1,13:48:00,
23608,13963,1,8,43,14,14:36:00,
23609,13964,65,3,28,1,10:14:00,
23610,13964,61,2,33,3,10:07:00,
23611,13965,14,6,46,4,15:54:00,
23612,13966,44,5,22,13,09:06:00,
23613,13967,43,3,42,13,10:06:00,
23614,13968,42,5,29,5,10:18:00,
23615,13969,44,6,23,4,17:11:00,
23616,13970,15,3,18,5,09:06:00,
23617,13971,21,4,33,7,10:38:00,
23618,13972,59,2,17,6,17:37:00,
23619,13972,15,5,23,7,18:16:00,
23620,13973,65,3,29,6,11:33:00,
23621,13973,5,8,40,11,10:18:00,
23622,13974,23,4,45,7,11:52:00,
23623,13974,61,2,38,10,11:58:00,
23624,13975,42,8,39,13,10:50:00,
23625,13975,8,4,27,6,11:06:00,
23626,13976,1,5,20,10,16:30:00,
23627,13976,23,2,31,10,16:44:00,
23628,13977,21,5,30,6,14:41:00,
23629,13978,57,5,27,14,15:29:00,
23630,13978,51,2,16,3,15:29:00,
23631,13978,50,2,30,1,14:56:00,
23632,13979,28,6,41,2,10:48:00,
23633,13980,15,2,37,5,11:47:00,
23634,13981,14,7,31,14,13:06:00,
23635,13982,42,7,37,10,13:18:00,
23636,13983,71,4,10,3,17:16:00,
23637,13983,16,1,20,5,17:59:00,
23638,13984,14,5,39,10,16:14:00,
23639,13985,34,5,35,5,12:03:00,
23640,13986,50,7,25,11,15:38:00,
23641,13986,44,8,15,3,15:29:00,
23642,13987,56,5,26,12,12:33:00,
23643,13988,51,1,28,14,13:24:00,
23644,13989,71,6,7,6,16:10:00,
23645,13989,28,2,32,7,16:16:00,
23646,13989,45,6,28,6,15:50:00,
23647,13990,48,8,33,5,15:26:00,
23648,13990,15,6,15,3,15:09:00,
23649,13990,60,7,26,14,14:39:00,
23650,13991,21,2,38,6,16:46:00,
23651,13992,59,6,9,1,12:22:00,
23652,13992,68,8,22,10,12:18:00,
23653,13993,69,7,20,10,15:20:00,
23654,13994,50,3,31,1,12:50:00,
23655,13995,43,5,36,3,10:42:00,
23656,13995,73,5,40,7,10:55:00,
23657,13995,45,2,28,14,10:22:00,
23658,13996,21,8,32,3,16:01:00,
23659,13996,69,6,32,6,17:17:00,
23660,13997,10,5,31,11,11:58:00,
23661,13998,11,4,36,4,11:07:00,
23662,13998,59,2,30,4,11:00:00,
23663,13999,57,4,8,4,16:03:00,
23664,13999,71,8,20,1,17:14:00,
23665,14000,50,4,42,3,10:09:00,
23666,14001,23,4,45,4,14:13:00,
23667,14001,20,4,47,4,14:37:00,
23668,14001,59,5,30,5,14:40:00,
23669,14002,5,2,36,11,15:46:00,
23670,14003,51,3,17,12,09:36:00,
23671,14003,42,3,41,12,09:31:00,
23672,14003,67,4,31,2,09:37:00,
23673,14004,61,8,30,10,13:40:00,
23674,14004,53,6,32,1,13:14:00,
23675,14005,11,5,33,10,13:47:00,
23676,14006,48,5,33,6,13:09:00,
23677,14006,73,4,16,7,13:46:00,
23678,14007,62,8,30,3,15:38:00,
23679,14007,57,6,21,14,15:51:00,
23680,14007,23,5,33,5,15:23:00,
23681,14008,67,4,34,4,15:10:00,
23682,14009,56,4,30,3,11:50:00,
23683,14009,44,3,8,6,11:38:00,
23684,14010,1,2,38,7,16:22:00,
23685,14011,62,8,29,6,16:55:00,
23686,14011,20,2,35,10,17:34:00,
23687,14012,29,7,30,6,10:37:00,
23688,14012,30,3,31,14,10:34:00,
23689,14013,29,8,18,4,10:03:00,
23690,14014,56,8,41,10,14:10:00,
23691,14015,16,7,39,14,09:59:00,
23692,14016,30,8,38,12,15:40:00,
23693,14017,42,3,47,2,17:31:00,
23694,14017,20,4,28,10,17:30:00,
23695,14018,8,2,37,14,15:59:00,
23696,14019,52,3,34,12,11:05:00,
23697,14019,30,3,30,4,12:25:00,
23698,14020,45,4,42,11,17:35:00,
23699,14021,7,8,28,4,11:27:00,
23700,14021,38,5,20,10,11:54:00,
23701,14021,67,7,23,10,10:57:00,
23702,14022,34,2,35,1,14:06:00,
23703,14023,67,8,20,5,16:18:00,
23704,14023,71,7,6,13,16:51:00,
23705,14024,43,2,34,4,14:44:00,
23706,14025,47,6,25,11,13:47:00,
23707,14026,39,3,23,2,10:26:00,
23708,14027,73,5,32,12,09:25:00,
23709,14027,69,3,36,5,09:16:00,
23710,14028,16,3,16,7,16:42:00,
23711,14029,45,4,44,10,16:20:00,
23712,14029,30,7,29,4,15:53:00,
23713,14030,15,5,35,10,10:32:00,
23714,14031,56,2,36,5,14:10:00,
23715,14032,51,3,45,1,10:23:00,
23716,14032,21,1,31,12,10:34:00,
23717,14033,52,3,32,7,15:43:00,
23718,14034,48,8,20,14,17:32:00,
23719,14034,20,1,26,10,18:18:00,
23720,14035,15,6,16,11,18:06:00,
23721,14035,44,6,14,10,17:02:00,
23722,14035,51,8,17,5,17:53:00,
23723,14036,11,5,20,4,16:12:00,
23724,14036,39,3,29,11,16:33:00,
23725,14036,21,6,37,13,16:23:00,
23726,14037,11,3,31,11,10:52:00,
23727,14038,38,1,18,4,15:59:00,
23728,14038,47,1,17,6,17:02:00,
23729,14039,10,5,37,5,10:49:00,
23730,14039,50,3,26,14,11:01:00,
23731,14040,30,2,25,4,11:32:00,
23732,14041,47,1,35,3,16:13:00,
23733,14041,68,7,23,7,17:20:00,
23734,14042,20,1,15,1,11:13:00,
23735,14043,42,4,43,6,15:27:00,
23736,14044,21,5,30,11,14:10:00,
23737,14045,61,2,38,6,13:23:00,
23738,14045,16,8,24,14,13:50:00,
23739,14045,19,2,40,4,12:59:00,
23740,14046,71,2,13,12,14:47:00,
23741,14047,29,6,29,1,10:29:00,
23742,14047,71,5,21,2,10:24:00,
23743,14048,23,8,25,5,17:07:00,
23744,14049,53,5,34,14,11:04:00,
23745,14050,34,5,48,6,16:22:00,
23746,14051,67,1,19,10,17:43:00,
23747,14051,62,2,21,13,16:40:00,
23748,14052,48,8,23,11,12:33:00,
23749,14053,71,8,23,4,15:15:00,
23750,14054,21,3,21,13,14:52:00,
23751,14054,15,1,38,12,14:57:00,
23752,14055,5,4,23,3,14:52:00,
23753,14056,5,5,38,3,10:56:00,
23754,14056,45,6,34,12,11:57:00,
23755,14057,21,5,24,7,17:29:00,
23756,14058,10,8,11,7,15:58:00,
23757,14059,13,1,33,10,16:34:00,
23758,14060,53,2,34,13,09:29:00,
23759,14061,53,7,31,7,11:50:00,
23760,14062,43,1,36,5,15:14:00,
23761,14063,69,1,24,5,11:35:00,
23762,14064,69,6,31,6,11:21:00,
23763,14065,30,1,44,5,17:08:00,
23764,14065,69,3,32,11,16:59:00,
23765,14066,23,8,31,12,15:38:00,
23766,14066,28,7,33,7,15:33:00,
23767,14066,29,2,22,4,15:58:00,
23768,14067,13,1,25,12,10:52:00,
23769,14068,43,4,23,13,10:25:00,
23770,14068,20,4,37,4,10:22:00,
23771,14068,53,5,41,7,10:21:00,
23772,14069,30,7,20,11,11:34:00,
23773,14069,57,8,19,1,11:16:00,
23774,14069,28,8,40,3,11:36:00,
23775,14070,51,2,18,5,16:54:00,
23776,14071,13,6,22,10,14:28:00,
23777,14072,34,1,52,14,16:39:00,
23778,14072,13,8,28,12,17:04:00,
23779,14073,13,2,13,5,11:46:00,
23780,14074,15,2,25,7,16:31:00,
23781,14075,44,8,6,7,10:46:00,
23782,14076,23,7,33,14,13:32:00,
23783,14077,69,7,40,13,15:26:00,
23784,14078,43,2,15,11,10:13:00,
23785,14079,34,3,35,12,14:07:00,
23786,14080,7,6,22,7,11:54:00,
23787,14080,68,2,36,5,11:38:00,
23788,14081,73,4,21,4,13:36:00,
23789,14081,19,2,37,10,13:28:00,
23790,14082,28,5,36,1,10:50:00,
23791,14083,73,7,30,1,13:44:00,
23792,14083,61,3,28,2,13:16:00,
23793,14084,8,5,31,5,12:08:00,
23794,14085,17,5,36,4,13:52:00,
23795,14085,1,6,29,10,14:18:00,
23796,14086,14,4,17,2,11:18:00,
23797,14086,50,6,16,1,11:28:00,
23798,14087,15,6,29,12,09:59:00,
23799,14087,34,3,20,6,10:28:00,
23800,14088,57,5,21,11,13:28:00,
23801,14089,38,6,36,1,13:45:00,
23802,14090,73,4,26,5,15:53:00,
23803,14090,65,1,28,14,15:58:00,
23804,14090,34,5,28,5,16:37:00,
23805,14091,45,8,37,13,10:51:00,
23806,14091,1,3,25,3,11:05:00,
23807,14092,51,3,12,14,11:10:00,
23808,14092,65,8,32,12,10:37:00,
23809,14093,67,3,36,1,13:55:00,
23810,14094,5,4,41,14,14:38:00,
23811,14095,5,4,38,13,10:59:00,
23812,14096,44,4,25,14,12:08:00,
23813,14096,21,3,45,4,12:09:00,
23814,14096,61,3,22,13,12:01:00,
23815,14097,16,5,10,3,15:38:00,
23816,14097,7,8,48,10,15:11:00,
23817,14098,59,2,26,10,17:13:00,
23818,14099,57,4,27,4,16:31:00,
23819,14099,65,4,28,6,15:55:00,
23820,14100,52,3,33,14,12:47:00,
23821,14100,17,3,40,1,13:44:00,
23822,14101,43,4,39,12,10:27:00,
23823,14101,53,5,22,11,10:34:00,
23824,14101,45,7,38,11,11:28:00,
23825,14102,69,4,37,3,14:50:00,
23826,14103,67,5,20,12,11:45:00,
23827,14104,14,1,26,1,12:47:00,
23828,14104,1,3,30,13,13:41:00,
23829,14105,69,2,28,14,11:16:00,
23830,14105,51,2,31,10,11:22:00,
23831,14106,44,8,34,5,14:52:00,
23832,14106,28,8,30,12,14:30:00,
23833,14107,14,8,29,3,10:59:00,
23834,14107,51,6,26,2,11:03:00,
23835,14108,53,5,19,7,11:11:00,
23836,14109,19,7,22,11,11:38:00,
23837,14110,44,2,27,12,10:07:00,
23838,14111,1,6,37,13,14:39:00,
23839,14112,10,4,29,14,10:38:00,
23840,14113,15,7,25,3,10:17:00,
23841,14114,44,7,22,4,16:15:00,
23842,14115,39,1,21,5,13:54:00,
23843,14116,65,7,31,5,13:56:00,
23844,14116,71,3,13,1,13:53:00,
23845,14117,19,6,43,3,11:24:00,
23846,14117,5,8,29,1,12:10:00,
23847,14118,42,6,49,3,09:12:00,
23848,14118,29,6,24,13,10:15:00,
23849,14119,45,6,26,4,11:13:00,
23850,14119,30,2,44,3,11:16:00,
23851,14120,28,6,39,12,16:36:00,
23852,14120,62,4,33,11,16:34:00,
23853,14121,8,7,27,10,10:45:00,
23854,14121,19,3,20,5,11:25:00,
23855,14122,39,7,33,3,16:37:00,
23856,14123,16,5,22,14,13:55:00,
23857,14123,57,8,21,2,14:43:00,
23858,14123,39,7,24,1,14:28:00,
23859,14124,28,1,36,11,10:49:00,
23860,14125,19,1,18,12,09:16:00,
23861,14125,59,5,33,13,09:27:00,
23862,14125,8,5,35,13,09:13:00,
23863,14126,68,5,17,2,16:19:00,
23864,14127,23,1,44,2,13:25:00,
23865,14128,57,7,27,5,13:17:00,
23866,14128,28,6,21,3,13:37:00,
23867,14129,7,2,25,13,12:43:00,
23868,14130,10,2,31,13,11:22:00,
23869,14130,45,3,30,1,10:46:00,
23870,14131,28,6,35,7,10:27:00,
23871,14132,7,1,47,11,15:49:00,
23872,14133,11,2,35,5,11:19:00,
23873,14133,57,2,24,7,11:04:00,
23874,14134,44,4,22,10,13:03:00,
23875,14135,56,1,28,10,12:45:00,
23876,14136,11,4,33,11,14:07:00,
23877,14136,48,7,22,3,14:50:00,
23878,14137,57,7,7,10,11:06:00,
23879,14138,16,5,5,11,10:04:00,
23880,14138,13,4,29,2,10:27:00,
23881,14139,39,8,27,2,15:38:00,
23882,14139,1,5,26,11,16:05:00,
23883,14140,69,1,29,2,11:09:00,
23884,14141,28,7,12,12,14:29:00,
23885,14141,39,5,24,4,15:34:00,
23886,14142,8,8,23,12,10:05:00,
23887,14143,51,5,16,10,12:37:00,
23888,14144,53,4,26,13,13:11:00,
23889,14144,28,7,31,10,13:25:00,
23890,14145,39,6,30,2,16:39:00,
23891,14146,50,4,31,1,13:45:00,
23892,14147,19,4,32,6,10:05:00,
23893,14147,1,1,38,4,10:23:00,
23894,14147,68,2,25,14,10:23:00,
23895,14148,62,2,26,10,10:44:00,
23896,14148,15,5,30,2,11:23:00,
23897,14149,61,6,29,14,11:13:00,
23898,14149,60,6,19,1,10:40:00,
23899,14150,50,3,22,11,16:27:00,
23900,14151,45,7,36,1,12:56:00,
23901,14151,59,1,27,11,13:15:00,
23902,14151,52,7,39,4,12:09:00,
23903,14152,62,3,25,10,13:46:00,
23904,14152,52,1,37,12,13:40:00,
23905,14153,7,8,30,13,10:49:00,
23906,14153,71,1,31,13,10:40:00,
23907,14154,57,4,21,4,14:40:00,
23908,14154,43,5,36,1,15:32:00,
23909,14155,44,6,16,10,14:28:00,
23910,14155,14,7,21,10,14:12:00,
23911,14155,59,6,28,1,14:45:00,
23912,14156,73,6,33,3,13:10:00,
23913,14156,47,3,36,2,13:06:00,
23914,14156,60,7,42,11,13:11:00,
23915,14157,71,4,30,14,13:13:00,
23916,14158,51,8,17,1,15:12:00,
23917,14158,56,4,16,11,15:16:00,
23918,14159,42,3,59,11,14:48:00,
23919,14160,60,4,20,10,16:51:00,
23920,14161,11,6,23,4,14:26:00,
23921,14161,73,8,30,6,14:10:00,
23922,14162,17,4,34,4,16:28:00,
23923,14163,45,8,53,12,15:14:00,
23924,14163,61,6,24,2,15:32:00,
23925,14163,48,2,14,5,15:18:00,
23926,14164,45,6,35,5,13:20:00,
23927,14165,1,1,33,1,10:14:00,
23928,14166,5,3,32,5,10:34:00,
23929,14167,8,3,38,13,15:10:00,
23930,14168,13,8,22,4,16:26:00,
23931,14169,28,2,38,12,11:16:00,
23932,14170,29,2,27,3,14:21:00,
23933,14170,48,5,13,14,14:32:00,
23934,14170,43,1,23,1,14:25:00,
23935,14171,69,8,31,7,13:42:00,
23936,14172,60,6,23,13,17:05:00,
23937,14172,65,2,31,4,16:28:00,
23938,14172,69,1,48,12,17:32:00,
23939,14173,45,2,51,1,14:19:00,
23940,14174,62,7,37,4,17:02:00,
23941,14175,52,4,38,13,12:26:00,
23942,14175,38,1,33,2,13:31:00,
23943,14176,61,7,46,5,13:40:00,
23944,14177,68,6,31,3,10:34:00,
23945,14177,21,8,42,13,10:20:00,
23946,14178,39,6,28,3,16:05:00,
23947,14178,62,2,34,13,16:25:00,
23948,14179,8,1,26,5,10:36:00,
23949,14180,57,8,29,3,17:31:00,
23950,14181,11,5,29,3,09:57:00,
23951,14181,16,5,23,7,10:13:00,
23952,14182,52,8,23,6,14:16:00,
23953,14182,62,4,26,6,14:28:00,
23954,14183,43,1,44,14,16:29:00,
23955,14183,23,1,23,5,16:05:00,
23956,14184,15,6,19,4,15:04:00,
23957,14184,43,4,43,1,14:12:00,
23958,14185,30,5,42,11,14:12:00,
23959,14186,19,1,22,13,09:43:00,
23960,14187,34,1,26,6,14:43:00,
23961,14188,68,8,14,3,16:00:00,
23962,14189,38,6,26,11,11:54:00,
23963,14189,19,8,39,1,11:51:00,
23964,14190,62,8,27,5,09:30:00,
23965,14190,14,2,26,4,10:10:00,
23966,14191,65,8,32,5,14:28:00,
23967,14191,47,1,32,2,14:55:00,
23968,14191,10,5,21,11,14:31:00,
23969,14192,17,8,31,3,10:31:00,
23970,14192,16,6,25,13,11:42:00,
23971,14192,71,3,20,10,11:53:00,
23972,14193,45,5,29,10,16:22:00,
23973,14193,20,6,41,1,17:03:00,
23974,14194,71,5,19,6,09:48:00,
23975,14194,15,5,35,7,10:41:00,
23976,14195,15,1,45,14,14:25:00,
23977,14196,61,7,34,11,12:59:00,
23978,14196,56,4,32,5,13:06:00,
23979,14197,14,6,23,6,13:05:00,
23980,14197,21,5,39,14,13:41:00,
23981,14197,17,4,33,1,13:00:00,
23982,14198,69,4,26,2,14:56:00,
23983,14199,42,4,41,2,14:11:00,
23984,14199,11,2,34,14,14:12:00,
23985,14199,59,3,25,10,14:41:00,
23986,14200,38,2,21,3,14:44:00,
23987,14200,29,6,6,12,15:40:00,
23988,14201,16,1,27,4,11:57:00,
23989,14202,34,1,43,4,13:45:00,
23990,14203,71,3,16,3,11:40:00,
23991,14203,19,2,47,10,11:55:00,
23992,14204,62,5,15,3,09:52:00,
23993,14204,47,1,19,7,09:47:00,
23994,14204,1,7,16,10,09:32:00,
23995,14205,50,1,29,13,16:30:00,
23996,14205,30,5,39,7,15:50:00,
23997,14206,73,4,31,7,10:08:00,
23998,14207,15,1,54,2,16:15:00,
23999,14207,44,2,6,1,15:32:00,
24000,14208,52,2,22,10,13:50:00,
24001,14209,47,2,25,12,12:51:00,
24002,14209,67,4,17,12,12:42:00,
24003,14210,21,5,26,1,10:34:00,
24004,14210,39,1,31,7,10:33:00,
24005,14211,17,6,37,1,15:39:00,
24006,14211,52,7,34,10,15:24:00,
24007,14212,43,1,31,3,13:55:00,
24008,14212,38,7,38,1,14:01:00,
24009,14213,69,3,40,12,10:11:00,
24010,14213,28,2,28,2,10:17:00,
24011,14214,68,5,20,5,13:58:00,
24012,14214,43,3,28,14,14:00:00,
24013,14215,71,4,24,5,14:03:00,
24014,14216,19,5,21,2,17:23:00,
24015,14217,48,6,22,1,11:27:00,
24016,14218,14,5,31,7,13:08:00,
24017,14219,69,6,46,3,13:27:00,
24018,14219,5,4,29,5,13:21:00,
24019,14220,17,8,28,13,12:33:00,
24020,14220,1,7,20,2,13:07:00,
24021,14221,44,5,5,6,15:27:00,
24022,14221,29,7,35,10,14:20:00,
24023,14221,11,4,40,11,14:54:00,
24024,14222,13,4,27,3,16:08:00,
24025,14222,34,7,44,12,16:07:00,
24026,14223,23,5,40,4,13:02:00,
24027,14223,21,7,30,6,13:37:00,
24028,14224,14,2,37,4,17:42:00,
24029,14224,60,2,29,6,17:33:00,
24030,14224,45,7,36,5,17:20:00,
24031,14225,53,2,28,5,10:53:00,
24032,14226,13,3,34,6,15:39:00,
24033,14226,45,2,38,13,16:48:00,
24034,14227,28,5,33,6,14:33:00,
24035,14227,51,5,17,11,15:25:00,
24036,14228,14,5,32,2,11:20:00,
24037,14228,45,4,36,10,11:25:00,
24038,14229,56,2,28,1,14:27:00,
24039,14230,21,3,26,6,11:52:00,
24040,14230,65,5,33,14,11:52:00,
24041,14231,39,4,14,3,17:09:00,
24042,14231,69,2,28,1,17:25:00,
24043,14231,5,1,38,4,16:50:00,
24044,14232,23,5,36,11,13:26:00,
24045,14232,13,1,35,3,13:19:00,
24046,14232,71,4,10,2,13:31:00,
24047,14233,8,3,12,5,15:34:00,
24048,14233,67,5,21,12,15:26:00,
24049,14234,60,5,32,2,11:52:00,
24050,14234,30,1,25,6,10:40:00,
24051,14235,57,8,22,3,12:33:00,
24052,14235,5,7,43,2,11:36:00,
24053,14236,60,1,28,6,14:40:00,
24054,14237,42,5,41,3,13:13:00,
24055,14238,1,4,35,4,17:39:00,
24056,14238,43,7,36,14,17:48:00,
24057,14239,53,3,38,6,13:32:00,
24058,14239,44,7,19,12,13:21:00,
24059,14240,17,4,41,11,15:53:00,
24060,14241,20,5,40,5,13:09:00,
24061,14242,73,8,28,6,13:53:00,
24062,14242,34,2,35,1,13:40:00,
24063,14243,39,1,18,13,16:55:00,
24064,14244,16,6,10,2,10:22:00,
24065,14245,30,1,34,6,11:51:00,
24066,14245,14,1,40,3,12:12:00,
24067,14246,42,2,48,6,12:09:00,
24068,14247,30,7,38,6,12:15:00,
24069,14247,57,2,25,12,11:56:00,
24070,14248,59,7,27,12,17:06:00,
24071,14249,19,2,26,12,16:40:00,
24072,14249,53,1,27,4,16:04:00,
24073,14250,15,4,23,5,10:59:00,
24074,14250,29,7,38,14,10:38:00,
24075,14251,48,4,41,13,15:35:00,
24076,14251,68,7,31,11,16:18:00,
24077,14252,13,4,24,6,12:45:00,
24078,14252,15,8,14,14,12:27:00,
24079,14253,17,3,36,13,11:43:00,
24080,14254,39,1,14,10,16:52:00,
24081,14254,47,5,26,13,17:30:00,
24082,14255,1,1,38,3,14:26:00,
24083,14256,13,7,42,10,12:49:00,
24084,14256,23,1,35,6,13:20:00,
24085,14257,68,5,18,10,13:41:00,
24086,14257,45,7,41,12,13:38:00,
24087,14257,65,6,36,11,13:46:00,
24088,14258,39,5,27,3,12:43:00,
24089,14258,68,8,39,13,12:42:00,
24090,14259,8,4,34,7,16:56:00,
24091,14259,48,7,28,13,18:00:00,
24092,14259,53,8,14,4,16:49:00,
24093,14260,57,7,13,10,13:54:00,
24094,14260,28,5,40,13,14:05:00,
24095,14261,44,3,23,4,16:11:00,
24096,14262,38,8,24,13,14:47:00,
24097,14262,28,3,22,11,14:36:00,
24098,14262,48,1,23,14,14:36:00,
24099,14263,14,1,18,11,10:29:00,
24100,14264,14,6,35,3,10:08:00,
24101,14264,21,3,27,2,10:05:00,
24102,14265,50,8,20,1,09:27:00,
24103,14265,51,8,23,13,09:31:00,
24104,14266,42,4,42,13,13:17:00,
24105,14266,67,6,34,13,13:53:00,
24106,14267,21,6,29,6,13:14:00,
24107,14267,23,3,48,14,12:58:00,
24108,14268,47,5,36,7,16:05:00,
24109,14269,68,8,23,4,12:53:00,
24110,14269,39,3,15,6,13:56:00,
24111,14270,17,7,21,12,15:01:00,
24112,14270,68,1,25,4,14:34:00,
24113,14270,48,7,13,1,14:33:00,
24114,14271,15,6,26,3,17:45:00,
24115,14271,69,3,31,1,16:59:00,
24116,14272,38,3,35,5,15:32:00,
24117,14272,5,2,46,3,15:25:00,
24118,14272,43,4,35,5,15:05:00,
24119,14273,48,6,19,14,10:50:00,
24120,14274,52,6,35,1,11:27:00,
24121,14274,62,7,15,7,11:19:00,
24122,14274,43,5,38,14,11:36:00,
24123,14275,17,4,33,13,11:50:00,
24124,14276,28,3,24,11,11:28:00,
24125,14277,10,1,43,7,12:39:00,
24126,14278,17,5,13,12,18:05:00,
24127,14278,34,8,32,3,17:42:00,
24128,14279,51,3,24,3,16:09:00,
24129,14280,60,6,32,7,11:26:00,
24130,14281,67,1,11,12,12:13:00,
24131,14281,45,1,36,10,12:07:00,
24132,14282,48,8,29,4,13:05:00,
24133,14282,5,2,40,13,12:48:00,
24134,14283,29,3,17,5,18:08:00,
24135,14284,16,8,19,4,14:37:00,
24136,14285,38,5,21,13,11:57:00,
24137,14285,45,5,28,7,11:37:00,
24138,14286,73,2,15,13,12:20:00,
24139,14286,60,8,36,1,12:43:00,
24140,14287,69,6,25,1,14:50:00,
24141,14288,50,3,32,13,12:35:00,
24142,14289,23,8,21,6,12:44:00,
24143,14289,42,2,40,10,11:46:00,
24144,14290,62,2,25,2,18:03:00,
24145,14291,29,6,36,13,10:24:00,
24146,14291,62,1,20,2,10:05:00,
24147,14292,21,4,52,5,14:53:00,
24148,14293,1,7,28,10,14:06:00,
24149,14293,65,4,37,14,14:15:00,
24150,14294,39,5,19,11,14:47:00,
24151,14294,62,2,24,7,14:13:00,
24152,14295,53,8,33,14,14:14:00,
24153,14295,44,5,5,10,14:16:00,
24154,14296,60,5,32,3,13:42:00,
24155,14297,39,7,17,3,11:40:00,
24156,14297,45,4,29,3,12:24:00,
24157,14298,14,4,13,11,16:07:00,
24158,14298,11,8,31,7,16:06:00,
24159,14299,61,7,25,14,14:29:00,
24160,14300,17,2,18,1,10:36:00,
24161,14301,57,5,23,1,10:23:00,
24162,14301,50,7,35,14,10:12:00,
24163,14302,30,1,37,6,15:03:00,
24164,14302,67,6,21,14,16:15:00,
24165,14303,15,1,30,5,13:38:00,
24166,14303,52,5,28,14,13:14:00,
24167,14304,65,3,27,5,12:24:00,
24168,14305,71,5,25,4,17:34:00,
24169,14306,29,1,8,11,10:19:00,
24170,14306,20,3,45,14,10:20:00,
24171,14307,15,8,27,7,15:16:00,
24172,14308,42,8,41,4,10:41:00,
24173,14309,67,7,30,7,16:26:00,
24174,14309,5,4,16,3,16:46:00,
24175,14310,39,3,33,13,16:51:00,
24176,14310,15,5,30,10,17:09:00,
24177,14311,28,4,27,10,15:03:00,
24178,14311,34,4,20,2,15:19:00,
24179,14312,11,2,39,5,16:35:00,
24180,14312,15,8,27,6,16:17:00,
24181,14313,7,8,25,1,16:45:00,
24182,14313,42,2,45,13,16:53:00,
24183,14314,69,7,34,4,12:51:00,
24184,14315,38,8,27,13,14:00:00,
24185,14315,19,2,30,11,14:44:00,
24186,14316,39,5,21,1,09:54:00,
24187,14317,13,3,19,10,14:10:00,
24188,14317,60,3,32,1,14:06:00,
24189,14318,56,7,33,3,17:23:00,
24190,14318,5,7,19,6,17:24:00,
24191,14319,62,1,25,2,09:35:00,
24192,14319,39,6,42,11,09:17:00,
24193,14320,10,8,26,6,16:02:00,
24194,14320,71,4,18,14,15:49:00,
24195,14321,56,2,29,1,11:34:00,
24196,14321,11,1,33,11,11:27:00,
24197,14322,44,2,21,3,13:27:00,
24198,14322,69,5,37,6,13:36:00,
24199,14322,51,6,25,13,13:03:00,
24200,14323,30,2,30,12,09:37:00,
24201,14323,29,5,28,1,09:36:00,
24202,14324,29,1,36,4,12:58:00,
24203,14325,38,7,29,12,16:38:00,
24204,14325,71,3,30,1,16:15:00,
24205,14326,7,8,41,12,14:31:00,
24206,14327,59,8,28,1,11:35:00,
24207,14328,45,7,28,2,15:05:00,
24208,14329,5,4,20,14,16:14:00,
24209,14330,56,6,41,13,15:38:00,
24210,14331,34,1,32,11,11:40:00,
24211,14331,1,3,7,6,10:22:00,
24212,14331,60,4,14,14,11:17:00,
24213,14332,30,8,35,1,12:31:00,
24214,14332,56,7,28,1,12:46:00,
24215,14333,13,5,33,2,12:11:00,
24216,14334,50,7,35,13,13:51:00,
24217,14334,47,6,29,10,13:57:00,
24218,14335,16,8,21,14,16:40:00,
24219,14335,38,4,33,10,17:28:00,
24220,14336,73,5,26,4,12:34:00,
24221,14337,47,5,22,4,11:13:00,
24222,14338,28,8,28,1,11:34:00,
24223,14338,10,1,26,14,11:37:00,
24224,14339,39,4,26,13,11:20:00,
24225,14340,50,3,30,4,14:38:00,
24226,14340,44,7,23,5,14:40:00,
24227,14341,61,7,37,13,16:19:00,
24228,14342,14,3,33,10,13:17:00,
24229,14343,8,3,38,10,10:51:00,
24230,14344,69,5,31,11,13:13:00,
24231,14344,29,4,17,4,13:17:00,
24232,14345,61,4,46,4,17:20:00,
24233,14345,30,2,31,3,17:30:00,
24234,14346,69,2,28,13,16:59:00,
24235,14347,57,4,22,7,13:32:00,
24236,14347,50,6,22,3,13:40:00,
24237,14347,53,7,31,2,13:25:00,
24238,14348,19,5,49,3,17:36:00,
24239,14349,11,5,26,7,09:26:00,
24240,14350,44,1,17,11,15:21:00,
24241,14351,44,2,6,10,14:00:00,
24242,14352,59,4,25,11,10:26:00,
24243,14352,7,1,33,4,10:52:00,
24244,14353,44,2,5,5,10:28:00,
24245,14354,34,4,47,11,16:25:00,
24246,14355,62,6,21,7,16:05:00,
24247,14356,21,6,35,13,16:27:00,
24248,14357,51,4,34,7,13:08:00,
24249,14358,13,7,22,11,14:01:00,
24250,14359,7,1,32,4,15:07:00,
24251,14359,69,6,28,5,15:08:00,
24252,14360,8,3,21,11,10:58:00,
24253,14360,43,3,33,6,11:09:00,
24254,14361,20,6,26,7,17:02:00,
24255,14362,5,2,35,10,10:17:00,
24256,14363,23,5,18,1,11:07:00,
24257,14364,61,2,50,1,16:31:00,
24258,14365,29,6,29,3,16:21:00,
24259,14365,47,2,19,10,15:26:00,
24260,14366,42,7,47,4,18:04:00,
24261,14367,29,5,31,10,15:41:00,
24262,14367,47,7,32,4,16:33:00,
24263,14368,16,5,5,13,11:43:00,
24264,14369,52,6,39,14,16:03:00,
24265,14370,15,2,39,11,15:25:00,
24266,14370,10,7,30,1,15:14:00,
24267,14371,71,2,29,6,10:26:00,
24268,14371,14,6,28,7,10:28:00,
24269,14371,44,5,17,13,10:07:00,
24270,14372,34,1,17,7,10:18:00,
24271,14372,1,8,23,2,10:06:00,
24272,14373,53,6,28,7,10:56:00,
24273,14373,59,5,16,3,11:22:00,
24274,14373,28,2,44,12,11:25:00,
24275,14374,16,8,30,4,16:00:00,
24276,14374,15,2,41,4,16:35:00,
24277,14375,23,8,28,10,13:09:00,
24278,14376,39,8,40,10,12:55:00,
24279,14377,47,6,12,3,12:19:00,
24280,14377,19,6,25,3,12:49:00,
24281,14378,69,3,22,7,11:09:00,
24282,14378,8,1,21,12,10:53:00,
24283,14379,73,7,18,11,09:22:00,
24284,14380,52,5,22,10,15:09:00,
24285,14381,5,4,21,4,15:07:00,
24286,14381,10,2,29,4,15:05:00,
24287,14382,60,8,25,6,14:40:00,
24288,14383,67,6,22,1,14:29:00,
24289,14383,16,6,29,4,14:59:00,
24290,14383,15,8,14,13,14:09:00,
24291,14384,1,7,29,6,17:39:00,
24292,14385,11,6,30,13,15:05:00,
24293,14385,21,7,26,14,15:17:00,
24294,14386,13,5,42,12,11:23:00,
24295,14386,53,2,5,7,13:03:00,
24296,14386,47,5,31,1,12:09:00,
24297,14387,61,5,35,7,11:56:00,
24298,14387,73,4,41,12,12:07:00,
24299,14388,19,5,39,5,13:35:00,
24300,14389,5,3,53,2,11:27:00,
24301,14389,73,5,19,2,10:52:00,
24302,14390,69,4,26,1,15:34:00,
24303,14390,21,1,34,6,15:36:00,
24304,14391,34,5,44,7,11:51:00,
24305,14392,43,2,44,4,09:09:00,
24306,14393,34,8,25,6,13:04:00,
24307,14394,39,6,20,1,17:44:00,
24308,14394,38,4,31,12,17:38:00,
24309,14395,13,2,29,7,14:44:00,
24310,14396,5,5,57,2,10:38:00,
24311,14397,10,7,39,5,17:20:00,
24312,14397,69,7,21,13,16:51:00,
24313,14398,56,5,29,13,12:11:00,
24314,14398,16,8,19,1,13:01:00,
24315,14399,21,2,31,7,09:40:00,
24316,14399,10,1,30,10,10:36:00,
24317,14399,73,6,19,4,10:20:00,
24318,14400,60,2,36,14,09:58:00,
24319,14401,59,4,25,1,16:45:00,
24320,14401,11,1,32,5,16:20:00,
24321,14402,28,5,46,14,15:28:00,
24322,14402,29,4,21,14,14:53:00,
24323,14403,1,5,33,3,10:48:00,
24324,14403,52,2,27,14,11:07:00,
24325,14403,43,6,23,13,11:04:00,
24326,14404,43,5,35,7,12:06:00,
24327,14405,68,1,40,11,13:38:00,
24328,14405,20,7,39,2,14:15:00,
24329,14405,38,1,27,13,14:17:00,
24330,14406,7,1,53,14,14:48:00,
24331,14406,1,1,49,12,15:11:00,
24332,14407,73,4,22,11,14:44:00,
24333,14408,8,4,24,14,11:27:00,
24334,14408,28,8,8,11,11:29:00,
24335,14408,29,7,30,12,12:18:00,
24336,14409,51,3,40,4,09:30:00,
24337,14410,42,2,31,14,17:56:00,
24338,14410,48,3,21,13,17:01:00,
24339,14411,29,5,31,3,16:51:00,
24340,14411,67,4,40,3,16:39:00,
24341,14411,48,3,10,7,16:36:00,
24342,14412,62,2,29,4,17:38:00,
24343,14412,14,6,19,3,18:05:00,
24344,14413,73,4,5,11,11:02:00,
24345,14414,8,2,17,10,16:38:00,
24346,14414,60,3,23,7,16:33:00,
24347,14415,44,4,7,7,13:09:00,
24348,14415,15,6,33,7,12:52:00,
24349,14415,45,6,34,14,13:06:00,
24350,14416,1,6,36,13,11:35:00,
24351,14416,73,4,19,14,11:22:00,
24352,14417,19,6,32,3,13:05:00,
24353,14417,11,5,24,1,12:49:00,
24354,14417,57,5,25,3,11:37:00,
24355,14418,56,2,48,12,15:15:00,
24356,14418,48,6,32,4,15:08:00,
24357,14419,39,8,29,10,10:33:00,
24358,14420,53,3,18,12,10:02:00,
24359,14421,19,6,28,14,16:53:00,
24360,14422,50,1,27,2,11:34:00,
24361,14422,20,7,36,5,11:37:00,
24362,14423,43,1,39,7,09:17:00,
24363,14423,20,1,42,2,09:19:00,
24364,14424,1,7,33,5,10:51:00,
24365,14424,23,5,42,4,10:46:00,
24366,14424,39,7,36,11,10:17:00,
24367,14425,8,4,34,1,10:25:00,
24368,14425,47,6,10,1,10:18:00,
24369,14426,16,8,23,14,12:21:00,
24370,14427,52,8,28,7,09:41:00,
24371,14427,71,1,24,10,10:08:00,
24372,14427,10,5,26,14,09:46:00,
24373,14428,48,1,30,6,16:14:00,
24374,14429,10,4,23,1,12:37:00,
24375,14429,57,8,15,10,13:39:00,
24376,14430,14,8,28,13,14:14:00,
24377,14430,1,7,22,3,14:50:00,
24378,14431,59,7,40,2,17:38:00,
24379,14431,14,1,30,6,17:34:00,
24380,14432,44,4,20,2,14:38:00,
24381,14432,13,1,23,7,13:45:00,
24382,14432,20,2,38,12,14:47:00,
24383,14433,69,7,15,2,13:20:00,
24384,14434,43,4,46,14,15:36:00,
24385,14434,45,3,43,14,16:14:00,
24386,14435,51,3,24,11,14:04:00,
24387,14436,45,6,39,2,15:23:00,
24388,14436,60,1,24,5,15:38:00,
24389,14437,17,3,28,2,16:19:00,
24390,14437,34,4,39,2,15:09:00,
24391,14438,15,5,33,3,09:08:00,
24392,14438,44,3,13,3,09:43:00,
24393,14439,50,3,15,5,10:44:00,
24394,14439,16,4,32,7,10:40:00,
24395,14440,52,1,20,1,14:11:00,
24396,14440,16,8,15,13,14:18:00,
24397,14441,71,5,8,5,10:42:00,
24398,14441,34,1,21,1,10:59:00,
24399,14442,42,2,39,2,16:03:00,
24400,14442,39,6,35,6,15:58:00,
24401,14442,15,5,31,2,16:11:00,
24402,14443,20,2,20,13,17:24:00,
24403,14443,1,2,33,5,17:06:00,
24404,14444,60,1,23,14,13:21:00,
24405,14445,69,6,34,4,16:56:00,
24406,14446,59,5,9,3,13:42:00,
24407,14447,68,1,15,12,12:20:00,
24408,14448,73,4,29,7,13:38:00,
24409,14449,68,3,39,4,13:50:00,
24410,14450,44,2,15,13,14:49:00,
24411,14450,13,4,46,4,14:44:00,
24412,14451,1,1,26,6,14:36:00,
24413,14452,62,8,22,5,10:51:00,
24414,14452,34,8,45,5,10:43:00,
24415,14453,53,4,28,3,12:54:00,
24416,14453,48,3,31,3,13:08:00,
24417,14454,1,7,33,6,15:02:00,
24418,14454,28,7,51,6,14:41:00,
24419,14455,38,5,31,1,12:21:00,
24420,14455,13,8,34,12,12:20:00,
24421,14456,48,4,30,13,17:19:00,
24422,14456,13,6,28,2,17:36:00,
24423,14456,5,4,40,6,17:08:00,
24424,14457,34,3,47,12,11:41:00,
24425,14457,62,2,37,7,10:59:00,
24426,14458,65,8,35,10,16:38:00,
24427,14458,17,6,21,13,16:36:00,
24428,14458,23,4,35,6,16:50:00,
24429,14459,10,5,30,12,14:31:00,
24430,14459,50,7,35,11,13:29:00,
24431,14460,30,3,27,12,14:31:00,
24432,14460,62,7,35,12,14:28:00,
24433,14460,8,7,31,3,14:37:00,
24434,14461,13,5,35,10,16:23:00,
24435,14462,39,8,22,3,15:46:00,
24436,14463,56,3,42,12,12:24:00,
24437,14463,53,4,21,13,11:59:00,
24438,14464,51,7,21,14,14:07:00,
24439,14464,29,6,30,6,14:21:00,
24440,14464,19,7,26,7,14:26:00,
24441,14465,14,3,30,7,10:58:00,
24442,14466,68,2,36,12,11:52:00,
24443,14466,43,3,34,7,10:50:00,
24444,14467,13,1,33,11,13:36:00,
24445,14467,28,7,34,2,13:52:00,
24446,14467,11,4,22,6,13:50:00,
24447,14468,16,4,23,5,10:23:00,
24448,14469,17,5,38,4,10:01:00,
24449,14469,19,8,29,3,09:11:00,
24450,14470,38,6,30,3,13:41:00,
24451,14471,30,6,38,11,11:14:00,
24452,14471,16,4,16,10,11:52:00,
24453,14472,51,7,13,7,14:45:00,
24454,14472,73,6,30,14,14:24:00,
24455,14473,7,3,34,2,12:47:00,
24456,14474,23,8,40,4,12:03:00,
24457,14475,69,4,29,2,10:53:00,
24458,14475,68,7,10,14,10:05:00,
24459,14476,10,7,18,1,10:29:00,
24460,14477,59,2,21,5,09:43:00,
24461,14477,48,6,14,13,09:50:00,
24462,14478,65,5,30,2,13:22:00,
24463,14478,53,7,31,12,13:40:00,
24464,14479,47,1,11,13,14:09:00,
24465,14479,62,2,32,13,13:56:00,
24466,14480,39,8,22,5,16:05:00,
24467,14480,42,8,28,10,16:03:00,
24468,14481,48,3,34,3,13:38:00,
24469,14481,21,7,34,1,13:17:00,
24470,14481,44,2,8,13,13:16:00,
24471,14482,19,5,39,14,16:56:00,
24472,14482,14,3,26,4,16:41:00,
24473,14483,15,8,28,11,18:33:00,
24474,14484,65,6,31,12,12:31:00,
24475,14485,21,7,35,6,17:18:00,
24476,14486,29,3,43,4,12:22:00,
24477,14487,47,4,25,1,16:17:00,
24478,14488,60,5,10,4,12:05:00,
24479,14488,44,3,19,5,11:55:00,
24480,14489,11,3,37,5,09:31:00,
24481,14489,50,6,14,14,09:46:00,
24482,14489,23,2,32,10,09:47:00,
24483,14490,11,3,11,11,12:32:00,
24484,14490,19,6,34,4,13:19:00,
24485,14491,39,8,20,1,12:05:00,
24486,14491,19,1,27,10,11:38:00,
24487,14491,44,4,16,10,11:39:00,
24488,14492,8,2,37,1,17:30:00,
24489,14492,30,3,33,14,16:20:00,
24490,14493,29,4,32,4,10:12:00,
24491,14493,8,2,25,11,10:13:00,
24492,14494,16,3,22,10,13:39:00,
24493,14494,14,3,13,12,14:07:00,
24494,14495,67,1,24,11,12:03:00,
24495,14495,73,1,16,6,11:55:00,
24496,14496,42,7,34,1,15:15:00,
24497,14496,34,5,37,6,15:16:00,
24498,14496,1,8,21,7,15:10:00,
24499,14497,62,2,33,5,10:58:00,
24500,14498,68,3,29,2,15:40:00,
24501,14499,69,1,20,2,09:57:00,
24502,14500,28,3,28,2,09:53:00,
24503,14501,1,3,32,11,10:44:00,
24504,14501,38,4,28,1,10:43:00,
24505,14502,45,1,42,6,11:47:00,
24506,14503,21,6,35,13,18:08:00,
24507,14503,52,7,20,10,17:43:00,
24508,14504,53,3,25,2,09:06:00,
24509,14505,68,2,36,11,10:45:00,
24510,14505,29,6,36,6,11:54:00,
24511,14506,44,7,22,1,11:58:00,
24512,14507,56,7,34,12,15:13:00,
24513,14507,10,5,33,4,14:43:00,
24514,14507,19,7,34,3,15:25:00,
24515,14508,29,8,27,12,14:47:00,
24516,14508,47,4,33,7,15:39:00,
24517,14509,57,8,24,2,12:06:00,
24518,14509,42,4,31,7,11:57:00,
24519,14509,34,1,40,14,12:51:00,
24520,14510,30,1,24,1,13:27:00,
24521,14510,56,4,37,14,13:23:00,
24522,14511,21,1,44,3,09:55:00,
24523,14511,39,2,32,2,09:38:00,
24524,14511,38,4,8,7,09:56:00,
24525,14512,45,3,38,3,16:53:00,
24526,14512,29,2,31,6,16:52:00,
24527,14512,10,2,31,5,16:43:00,
24528,14513,1,8,39,2,15:20:00,
24529,14514,19,3,42,3,14:38:00,
24530,14514,30,3,32,6,14:34:00,
24531,14515,14,2,31,13,11:30:00,
24532,14515,59,4,25,1,12:27:00,
24533,14516,28,3,27,13,12:39:00,
24534,14516,34,8,35,13,12:22:00,
24535,14517,69,7,44,12,13:53:00,
24536,14517,56,5,16,6,13:39:00,
24537,14518,52,4,34,14,11:38:00,
24538,14519,69,4,35,12,15:42:00,
24539,14520,15,6,26,13,10:00:00,
24540,14521,48,5,21,7,10:45:00,
24541,14521,65,7,40,4,10:33:00,
24542,14522,20,7,32,12,13:07:00,
24543,14523,67,8,27,3,14:28:00,
24544,14524,59,4,24,10,09:22:00,
24545,14525,14,3,31,2,16:48:00,
24546,14525,42,1,14,14,17:45:00,
24547,14526,43,5,36,14,13:09:00,
24548,14527,17,6,21,1,11:41:00,
24549,14527,16,8,25,11,11:45:00,
24550,14528,30,6,32,1,14:41:00,
24551,14528,13,1,35,14,13:59:00,
24552,14529,20,7,35,1,13:29:00,
24553,14529,44,7,22,4,13:42:00,
24554,14529,39,8,29,11,14:02:00,
24555,14530,60,8,42,12,11:07:00,
24556,14530,52,3,16,2,10:41:00,
24557,14530,17,8,26,13,10:10:00,
24558,14531,34,7,29,11,14:26:00,
24559,14531,47,5,29,1,14:24:00,
24560,14532,14,6,23,1,09:52:00,
24561,14533,28,3,24,4,12:10:00,
24562,14533,23,8,26,4,12:19:00,
24563,14534,71,2,22,5,14:50:00,
24564,14534,42,5,36,3,14:44:00,
24565,14535,23,4,24,4,10:09:00,
24566,14535,73,1,25,4,10:18:00,
24567,14536,39,7,14,2,16:56:00,
24568,14536,21,5,14,13,16:50:00,
24569,14537,1,3,22,6,10:51:00,
24570,14538,52,5,26,5,14:26:00,
24571,14539,8,1,32,2,09:25:00,
24572,14539,51,3,37,5,09:06:00,
24573,14540,44,7,20,4,10:43:00,
24574,14541,69,2,36,3,17:02:00,
24575,14542,42,5,36,13,17:24:00,
24576,14542,30,2,36,5,15:50:00,
24577,14543,28,2,21,14,11:05:00,
24578,14544,45,5,40,13,12:58:00,
24579,14544,60,2,26,10,12:59:00,
24580,14544,53,3,15,5,12:55:00,
24581,14545,50,2,53,1,11:39:00,
24582,14545,19,8,44,11,11:48:00,
24583,14546,39,4,36,5,15:51:00,
24584,14547,15,2,20,13,16:38:00,
24585,14547,38,1,13,12,16:53:00,
24586,14548,71,8,26,11,16:36:00,
24587,14549,28,6,35,4,16:52:00,
24588,14550,48,4,17,14,15:14:00,
24589,14550,21,5,32,4,15:21:00,
24590,14550,50,6,29,4,15:00:00,
24591,14551,29,8,30,6,13:25:00,
24592,14551,57,2,22,14,13:26:00,
24593,14552,19,5,37,12,17:41:00,
24594,14553,17,2,34,4,17:01:00,
24595,14553,39,5,15,10,17:59:00,
24596,14554,52,4,25,6,16:36:00,
24597,14555,30,7,32,13,13:08:00,
24598,14556,20,2,47,13,12:37:00,
24599,14557,56,5,22,5,13:10:00,
24600,14558,68,7,23,10,11:22:00,
24601,14559,67,8,32,11,14:13:00,
24602,14560,43,7,44,11,11:07:00,
24603,14561,45,4,29,1,14:35:00,
24604,14562,34,8,31,13,13:20:00,
24605,14563,30,4,35,11,14:44:00,
24606,14564,11,1,45,1,15:31:00,
24607,14564,71,8,12,14,15:41:00,
24608,14565,43,4,38,4,18:16:00,
24609,14565,51,8,30,14,17:25:00,
24610,14566,52,1,35,2,15:07:00,
24611,14567,56,6,25,12,16:06:00,
24612,14567,28,5,21,2,16:20:00,
24613,14568,17,2,29,14,13:45:00,
24614,14569,50,1,30,10,12:06:00,
24615,14569,60,8,27,13,11:56:00,
24616,14569,21,1,36,13,11:51:00,
24617,14570,60,6,33,7,14:00:00,
24618,14570,61,7,30,4,13:46:00,
24619,14570,29,4,37,5,13:39:00,
24620,14571,10,2,19,5,12:10:00,
24621,14571,39,7,28,3,12:42:00,
24622,14572,69,8,27,12,12:27:00,
24623,14572,1,4,30,14,12:26:00,
24624,14573,67,7,20,1,15:17:00,
24625,14574,5,6,37,11,16:08:00,
24626,14575,45,2,32,10,10:18:00,
24627,14575,38,5,34,10,10:46:00,
24628,14575,71,2,19,3,09:50:00,
24629,14576,5,7,27,13,15:59:00,
24630,14577,29,5,10,4,09:11:00,
24631,14577,44,2,21,12,10:01:00,
24632,14577,23,7,42,2,09:35:00,
24633,14578,10,7,25,3,15:25:00,
24634,14579,61,6,42,12,15:06:00,
24635,14579,8,5,36,10,16:03:00,
24636,14579,15,3,22,7,15:48:00,
24637,14580,73,4,13,1,10:00:00,
24638,14580,38,3,31,6,10:42:00,
24639,14581,57,4,15,14,10:15:00,
24640,14581,39,7,25,2,10:01:00,
24641,14581,29,2,27,5,10:14:00,
24642,14582,44,5,24,2,15:24:00,
24643,14583,10,3,20,11,13:29:00,
24644,14584,15,4,28,14,13:58:00,
24645,14584,11,4,21,3,14:09:00,
24646,14584,45,4,33,10,14:18:00,
24647,14585,50,1,31,3,14:55:00,
24648,14585,53,6,20,10,14:45:00,
24649,14585,20,6,31,2,14:24:00,
24650,14586,19,6,44,4,10:04:00,
24651,14586,28,7,34,2,10:47:00,
24652,14587,68,7,34,13,14:14:00,
24653,14588,28,2,27,6,11:56:00,
24654,14588,7,1,39,4,11:36:00,
24655,14589,48,4,22,7,12:50:00,
24656,14589,65,4,38,14,12:34:00,
24657,14589,23,8,22,3,12:25:00,
24658,14590,1,2,37,3,10:51:00,
24659,14590,65,4,28,1,11:51:00,
24660,14591,29,7,35,13,10:41:00,
24661,14591,7,7,51,13,11:05:00,
24662,14592,48,5,27,6,13:05:00,
24663,14593,69,1,30,3,13:56:00,
24664,14593,11,7,14,12,13:11:00,
24665,14594,34,3,43,2,11:45:00,
24666,14594,47,3,22,6,12:20:00,
24667,14595,61,7,33,3,10:15:00,
24668,14596,1,8,10,10,18:18:00,
24669,14596,34,6,28,7,18:32:00,
24670,14597,11,4,22,4,13:03:00,
24671,14597,29,2,29,5,12:37:00,
24672,14598,42,3,22,6,13:56:00,
24673,14598,23,3,27,13,14:00:00,
24674,14599,62,7,20,4,12:01:00,
24675,14599,21,1,31,4,12:57:00,
24676,14599,5,5,40,13,12:05:00,
24677,14600,30,3,35,11,16:38:00,
24678,14600,57,6,30,2,16:34:00,
24679,14600,16,6,17,14,17:00:00,
24680,14601,38,8,31,3,11:13:00,
24681,14601,19,7,32,4,10:41:00,
24682,14602,48,4,18,2,09:49:00,
24683,14602,61,1,29,14,09:45:00,
24684,14602,51,3,20,1,09:39:00,
24685,14603,21,6,26,3,10:19:00,
24686,14604,5,8,45,4,11:04:00,
24687,14605,15,6,22,11,13:30:00,
24688,14605,62,6,31,4,13:50:00,
24689,14606,53,2,18,14,10:02:00,
24690,14607,34,6,35,2,17:11:00,
24691,14607,28,7,29,10,17:17:00,
24692,14607,39,8,23,1,17:05:00,
24693,14608,53,2,24,5,13:33:00,
24694,14609,47,1,29,2,09:48:00,
24695,14609,57,6,27,6,09:24:00,
24696,14609,15,7,32,10,09:54:00,
24697,14610,28,1,34,13,14:00:00,
24698,14611,67,8,34,7,16:09:00,
24699,14612,59,5,42,4,12:11:00,
24700,14613,42,2,19,5,13:04:00,
24701,14614,15,4,39,1,15:11:00,
24702,14614,69,5,37,7,14:16:00,
24703,14614,23,2,36,12,15:07:00,
24704,14615,39,7,28,5,16:39:00,
24705,14615,20,1,36,11,17:16:00,
24706,14616,17,4,26,11,17:28:00,
24707,14617,48,2,36,12,16:50:00,
24708,14617,14,7,27,6,16:42:00,
24709,14618,56,8,24,1,14:48:00,
24710,14619,42,2,28,14,14:45:00,
24711,14620,69,8,22,1,09:42:00,
24712,14621,42,6,37,10,13:52:00,
24713,14621,45,6,40,2,13:49:00,
24714,14621,17,8,31,6,13:55:00,
24715,14622,23,5,37,11,12:23:00,
24716,14623,65,5,29,3,10:19:00,
24717,14624,10,7,20,3,14:37:00,
24718,14624,57,7,36,7,14:05:00,
24719,14625,8,1,27,1,15:49:00,
24720,14625,11,7,32,1,16:08:00,
24721,14626,13,2,31,7,12:41:00,
24722,14626,8,5,42,7,13:17:00,
24723,14627,60,8,50,4,14:33:00,
24724,14628,56,5,27,10,15:17:00,
24725,14628,14,1,28,2,15:09:00,
24726,14629,29,5,16,7,12:10:00,
24727,14629,65,3,29,2,12:18:00,
24728,14629,19,8,32,6,11:46:00,
24729,14630,71,8,17,13,16:59:00,
24730,14630,59,2,30,11,16:08:00,
24731,14631,42,7,35,7,16:43:00,
24732,14631,67,2,10,13,15:23:00,
24733,14632,1,1,32,7,16:25:00,
24734,14632,53,6,29,4,14:57:00,
24735,14633,62,4,17,6,10:25:00,
24736,14634,16,1,25,14,16:22:00,
24737,14635,10,1,23,11,15:34:00,
24738,14636,65,6,34,4,16:32:00,
24739,14637,1,3,41,4,12:19:00,
24740,14637,59,5,18,5,12:21:00,
24741,14638,43,5,38,5,13:58:00,
24742,14639,13,8,26,7,16:41:00,
24743,14640,62,7,24,4,14:51:00,
24744,14640,19,7,35,14,15:49:00,
24745,14641,20,7,41,2,13:42:00,
24746,14642,39,7,28,11,13:11:00,
24747,14642,17,1,25,10,12:50:00,
24748,14642,71,6,16,12,13:02:00,
24749,14643,21,3,36,12,11:04:00,
24750,14644,21,1,33,4,11:00:00,
24751,14644,53,2,29,10,10:46:00,
24752,14645,43,7,29,7,14:38:00,
24753,14646,57,4,11,1,16:59:00,
24754,14646,69,6,44,13,16:27:00,
24755,14647,71,5,14,11,16:05:00,
24756,14647,68,6,19,12,16:06:00,
24757,14648,45,5,28,4,12:35:00,
24758,14649,61,8,47,5,16:35:00,
24759,14650,62,5,42,1,15:05:00,
24760,14651,16,6,19,2,10:48:00,
24761,14652,60,5,21,11,14:30:00,
24762,14653,29,3,25,14,10:52:00,
24763,14653,59,8,14,6,11:36:00,
24764,14653,21,8,46,5,11:28:00,
24765,14654,42,2,26,6,13:27:00,
24766,14654,14,7,18,6,13:12:00,
24767,14655,16,2,11,11,16:35:00,
24768,14656,57,6,17,7,11:48:00,
24769,14656,59,7,25,11,10:18:00,
24770,14657,73,2,18,12,12:54:00,
24771,14658,69,4,32,14,13:33:00,
24772,14659,48,2,24,13,11:57:00,
24773,14660,59,2,19,2,16:55:00,
24774,14661,5,5,28,1,10:08:00,
24775,14662,34,8,35,5,09:36:00,
24776,14662,23,7,29,5,09:58:00,
24777,14662,45,5,33,6,09:44:00,
24778,14663,60,6,19,13,17:30:00,
24779,14663,10,5,18,1,16:59:00,
24780,14664,60,8,16,1,17:05:00,
24781,14664,71,3,19,4,17:11:00,
24782,14665,11,2,23,6,14:38:00,
24783,14665,52,6,28,12,14:43:00,
24784,14666,39,5,22,5,09:45:00,
24785,14666,45,1,40,11,09:36:00,
24786,14667,61,1,20,12,16:19:00,
24787,14668,13,1,45,11,12:37:00,
24788,14669,48,6,29,6,15:39:00,
24789,14670,42,2,19,1,12:45:00,
24790,14671,13,5,41,4,15:26:00,
24791,14672,5,8,14,3,14:22:00,
24792,14672,48,4,13,6,14:09:00,
24793,14673,56,7,14,13,10:15:00,
24794,14674,65,7,35,3,15:41:00,
24795,14675,20,5,41,14,14:25:00,
24796,14675,42,5,39,6,14:33:00,
24797,14676,50,3,37,7,10:33:00,
24798,14677,30,6,19,14,12:17:00,
24799,14678,43,5,33,11,10:17:00,
24800,14679,14,3,30,10,09:54:00,
24801,14680,11,8,33,2,09:12:00,
24802,14681,57,3,12,11,10:54:00,
24803,14682,45,6,42,13,14:27:00,
24804,14683,44,1,7,13,15:46:00,
24805,14683,68,2,36,2,15:40:00,
24806,14684,52,3,31,2,12:03:00,
24807,14684,34,2,27,1,12:01:00,
24808,14685,67,1,30,3,16:34:00,
24809,14686,21,8,43,13,14:03:00,
24810,14686,68,5,31,10,14:28:00,
24811,14686,50,7,32,13,13:45:00,
24812,14687,48,1,23,4,14:31:00,
24813,14688,19,5,34,7,09:23:00,
24814,14688,15,3,31,3,09:32:00,
24815,14688,62,8,26,10,09:08:00,
24816,14689,47,5,18,12,12:44:00,
24817,14690,50,8,24,6,10:29:00,
24818,14690,13,1,48,3,10:23:00,
24819,14690,53,5,10,14,10:23:00,
24820,14691,30,5,28,3,13:56:00,
24821,14692,73,1,15,7,09:51:00,
24822,14692,56,7,18,1,10:39:00,
24823,14692,59,4,38,1,10:38:00,
24824,14693,65,1,41,11,10:52:00,
24825,14694,38,2,20,10,15:18:00,
24826,14694,52,6,26,2,15:02:00,
24827,14695,48,8,28,5,12:23:00,
24828,14696,71,3,31,2,10:02:00,
24829,14696,28,3,27,3,09:34:00,
24830,14697,39,5,25,6,09:58:00,
24831,14698,8,5,25,12,16:47:00,
24832,14699,73,4,42,4,11:59:00,
24833,14699,48,7,31,12,11:49:00,
24834,14700,29,8,24,6,14:32:00,
24835,14700,51,7,21,13,14:50:00,
24836,14700,14,2,27,12,14:41:00,
24837,14701,51,1,33,2,16:12:00,
24838,14702,68,8,25,5,13:08:00,
24839,14703,56,6,31,1,15:04:00,
24840,14703,73,7,25,3,13:59:00,
24841,14704,1,4,38,13,10:46:00,
24842,14705,34,2,41,6,11:51:00,
24843,14706,17,1,31,12,11:25:00,
24844,14706,11,4,37,4,11:45:00,
24845,14707,65,2,28,2,13:11:00,
24846,14708,5,4,45,3,14:50:00,
24847,14708,43,2,34,1,14:54:00,
24848,14709,60,3,18,4,11:50:00,
24849,14710,59,2,37,12,12:05:00,
24850,14710,38,2,23,6,12:56:00,
24851,14711,67,1,16,3,12:36:00,
24852,14712,39,3,36,4,11:23:00,
24853,14712,56,4,21,2,12:17:00,
24854,14713,65,8,29,3,10:35:00,
24855,14714,52,3,40,7,13:11:00,
24856,14715,14,7,7,4,15:24:00,
24857,14715,29,3,29,4,15:38:00,
24858,14715,38,7,16,1,15:47:00,
24859,14716,28,3,27,10,13:54:00,
24860,14717,47,3,20,14,11:15:00,
24861,14717,45,1,27,1,10:27:00,
24862,14718,5,8,34,13,15:20:00,
24863,14718,10,8,29,11,16:16:00,
24864,14719,57,4,23,11,12:33:00,
24865,14720,17,5,32,12,11:17:00,
24866,14720,67,1,40,3,10:27:00,
24867,14720,47,5,42,5,10:48:00,
24868,14721,21,4,32,10,11:31:00,
24869,14721,60,6,13,7,11:04:00,
24870,14722,39,4,30,6,10:04:00,
24871,14723,39,4,25,5,12:56:00,
24872,14724,65,8,24,2,14:31:00,
24873,14725,43,8,33,12,11:08:00,
24874,14726,48,1,20,6,13:47:00,
24875,14726,56,5,23,11,13:38:00,
24876,14727,8,2,20,5,12:09:00,
24877,14728,68,6,28,11,15:29:00,
24878,14729,28,7,38,7,16:32:00,
24879,14729,44,6,22,14,17:09:00,
24880,14730,16,4,20,13,11:24:00,
24881,14730,52,4,19,2,11:52:00,
24882,14731,44,4,5,12,12:37:00,
24883,14731,71,7,8,7,12:38:00,
24884,14732,10,5,20,5,11:43:00,
24885,14732,16,8,24,10,11:38:00,
24886,14733,39,3,30,11,15:08:00,
24887,14734,17,7,31,4,09:48:00,
24888,14735,61,1,27,2,10:45:00,
24889,14735,11,2,21,5,11:17:00,
24890,14736,53,4,12,11,14:50:00,
24891,14736,23,3,38,6,14:50:00,
24892,14737,30,6,25,2,12:26:00,
24893,14737,1,3,40,13,12:28:00,
24894,14737,23,7,44,7,12:28:00,
24895,14738,57,5,9,5,11:05:00,
24896,14738,14,3,28,2,11:07:00,
24897,14739,23,1,44,13,12:24:00,
24898,14740,23,8,27,10,13:22:00,
24899,14740,45,1,33,7,14:03:00,
24900,14741,67,6,18,1,10:31:00,
24901,14742,57,2,27,6,11:44:00,
24902,14742,67,4,18,10,11:36:00,
24903,14743,45,7,39,5,09:25:00,
24904,14743,16,5,16,4,09:31:00,
24905,14744,43,1,36,4,17:28:00,
24906,14744,44,5,20,1,17:11:00,
24907,14745,8,8,30,2,15:55:00,
24908,14746,21,4,49,14,13:14:00,
24909,14747,1,2,36,2,11:51:00,
24910,14747,42,5,22,5,11:16:00,
24911,14747,60,6,36,11,11:40:00,
24912,14748,20,1,56,1,16:54:00,
24913,14748,47,3,39,10,15:50:00,
24914,14748,53,3,5,7,16:59:00,
24915,14749,17,2,35,7,15:50:00,
24916,14750,16,4,24,2,11:27:00,
24917,14751,65,2,39,1,15:22:00,
24918,14751,23,7,31,11,14:42:00,
24919,14752,39,5,22,1,15:24:00,
24920,14752,13,7,43,2,15:17:00,
24921,14753,21,5,31,14,09:55:00,
24922,14753,34,6,34,11,10:27:00,
24923,14754,29,2,32,3,16:18:00,
24924,14755,61,2,14,11,09:58:00,
24925,14755,59,1,28,4,09:55:00,
24926,14756,53,3,21,2,17:54:00,
24927,14757,42,1,28,10,17:16:00,
24928,14757,47,6,24,5,17:11:00,
24929,14758,62,3,26,2,15:25:00,
24930,14759,62,2,38,10,14:55:00,
24931,14759,43,5,28,2,15:02:00,
24932,14760,68,5,25,11,15:57:00,
24933,14760,19,6,34,4,15:24:00,
24934,14761,16,1,17,11,14:14:00,
24935,14761,5,3,39,2,14:10:00,
24936,14762,65,7,42,11,14:57:00,
24937,14762,14,7,47,10,15:55:00,
24938,14762,67,2,13,11,15:09:00,
24939,14763,34,3,43,12,12:05:00,
24940,14763,69,3,15,4,11:18:00,
24941,14764,5,3,28,14,16:02:00,
24942,14765,28,4,34,2,11:16:00,
24943,14766,50,1,31,6,17:28:00,
24944,14766,39,4,24,4,16:07:00,
24945,14767,15,3,29,10,14:00:00,
24946,14767,53,7,52,10,14:37:00,
24947,14767,47,3,42,1,14:56:00,
24948,14768,38,1,14,10,12:03:00,
24949,14769,68,5,29,5,14:47:00,
24950,14769,53,4,46,10,14:56:00,
24951,14770,21,8,6,3,09:25:00,
24952,14771,62,3,26,3,12:53:00,
24953,14771,60,7,27,7,13:12:00,
24954,14772,60,3,31,11,15:26:00,
24955,14773,5,5,35,6,11:25:00,
24956,14774,16,4,23,3,09:25:00,
24957,14775,28,6,42,6,15:14:00,
24958,14775,50,5,29,12,15:23:00,
24959,14775,60,5,24,5,15:47:00,
24960,14776,1,6,18,2,13:56:00,
24961,14776,19,7,28,1,13:43:00,
24962,14777,51,4,18,1,11:43:00,
24963,14777,15,5,30,7,11:43:00,
24964,14778,56,4,26,14,10:54:00,
24965,14778,60,6,18,6,10:16:00,
24966,14779,29,6,28,6,14:37:00,
24967,14779,16,1,15,3,15:44:00,
24968,14780,1,2,30,10,17:02:00,
24969,14781,30,3,15,2,13:02:00,
24970,14781,68,8,29,10,13:21:00,
24971,14781,71,2,27,5,14:15:00,
24972,14782,68,7,21,1,15:03:00,
24973,14783,48,3,40,11,13:25:00,
24974,14784,65,3,29,11,12:55:00,
24975,14785,67,3,21,1,10:52:00,
24976,14786,30,3,9,4,09:16:00,
24977,14786,52,2,36,11,09:27:00,
24978,14787,23,3,23,7,12:54:00,
24979,14788,44,3,7,6,11:48:00,
24980,14789,7,7,43,6,16:35:00,
24981,14789,51,8,21,10,16:58:00,
24982,14790,62,6,27,7,14:51:00,
24983,14791,23,8,33,5,16:35:00,
24984,14792,30,8,31,1,14:52:00,
24985,14793,45,6,21,14,11:37:00,
24986,14793,21,1,21,7,11:19:00,
24987,14794,60,8,32,3,09:50:00,
24988,14794,48,7,20,5,09:57:00,
24989,14795,39,3,28,2,12:44:00,
24990,14795,47,2,43,14,12:36:00,
24991,14796,7,6,31,7,15:57:00,
24992,14796,51,3,23,5,14:40:00,
24993,14797,73,6,28,6,15:00:00,
24994,14798,29,6,26,11,09:54:00,
24995,14798,42,8,19,5,09:58:00,
24996,14798,21,4,33,13,10:18:00,
24997,14799,71,7,14,14,11:58:00,
24998,14799,20,2,39,2,11:26:00,
24999,14800,1,5,41,1,11:21:00,
25000,14801,5,6,37,2,14:50:00,
25001,14802,15,6,28,10,11:52:00,
25002,14802,20,8,36,5,12:04:00,
25003,14803,42,4,36,5,12:08:00,
25004,14803,20,8,36,4,11:26:00,
25005,14804,42,8,16,2,15:25:00,
25006,14805,68,3,41,7,14:23:00,
25007,14806,15,5,47,7,15:49:00,
25008,14807,29,8,34,3,16:13:00,
25009,14807,45,6,21,11,15:59:00,
25010,14808,30,1,24,7,16:01:00,
25011,14808,48,8,19,3,15:33:00,
25012,14809,60,5,24,13,10:43:00,
25013,14809,5,3,31,2,10:04:00,
25014,14810,56,8,31,2,17:05:00,
25015,14811,62,2,31,1,11:13:00,
25016,14812,8,8,37,5,16:35:00,
25017,14813,48,5,24,13,14:55:00,
25018,14814,71,1,17,14,10:36:00,
25019,14814,34,4,40,6,11:52:00,
25020,14814,50,1,26,13,10:48:00,
25021,14815,20,3,37,2,17:09:00,
25022,14815,1,4,28,1,16:57:00,
25023,14816,19,5,22,2,12:31:00,
25024,14817,11,5,32,12,14:31:00,
25025,14818,61,6,22,6,10:05:00,
25026,14818,13,3,31,6,10:55:00,
25027,14819,52,1,36,5,13:21:00,
25028,14819,60,5,29,6,13:54:00,
25029,14820,28,7,38,3,13:46:00,
25030,14820,13,7,36,2,13:56:00,
25031,14821,53,6,30,6,16:41:00,
25032,14821,44,3,25,4,15:51:00,
25033,14821,59,4,48,14,16:35:00,
25034,14822,50,1,43,14,16:01:00,
25035,14822,30,5,24,3,16:16:00,
25036,14822,28,5,32,1,16:30:00,
25037,14823,1,2,32,6,10:58:00,
25038,14823,21,2,28,11,10:19:00,
25039,14824,67,3,27,13,10:36:00,
25040,14825,60,2,40,1,13:21:00,
25041,14826,47,6,9,11,14:28:00,
25042,14826,23,1,44,3,14:29:00,
25043,14827,23,1,36,6,15:15:00,
25044,14828,29,3,17,10,12:51:00,
25045,14829,48,1,41,3,17:32:00,
25046,14830,17,4,31,11,13:43:00,
25047,14830,14,6,32,7,12:25:00,
25048,14831,13,6,26,7,16:25:00,
25049,14832,21,6,33,1,14:50:00,
25050,14833,20,3,45,2,14:10:00,
25051,14833,50,6,41,11,13:57:00,
25052,14833,28,5,23,12,14:22:00,
25053,14834,30,8,28,5,11:25:00,
25054,14834,34,4,39,14,12:04:00,
25055,14834,29,1,23,14,11:28:00,
25056,14835,1,8,30,10,12:55:00,
25057,14835,65,1,40,1,12:06:00,
25058,14836,51,3,32,6,15:36:00,
25059,14837,30,5,36,4,15:04:00,
25060,14838,13,2,26,10,15:53:00,
25061,14839,45,1,31,14,13:12:00,
25062,14840,30,7,32,10,16:32:00,
25063,14840,42,8,39,6,16:37:00,
25064,14841,19,8,33,12,17:45:00,
25065,14841,16,5,22,10,17:24:00,
25066,14842,16,8,30,10,16:38:00,
25067,14843,15,8,13,2,16:49:00,
25068,14843,57,7,13,12,16:52:00,
25069,14843,16,4,33,2,16:33:00,
25070,14844,61,6,39,3,11:56:00,
25071,14844,57,3,32,14,11:56:00,
25072,14845,44,7,13,7,14:59:00,
25073,14845,38,6,30,3,14:25:00,
25074,14846,69,7,31,1,11:07:00,
25075,14847,73,6,8,11,17:07:00,
25076,14848,50,5,17,11,12:24:00,
25077,14848,51,6,25,7,12:39:00,
25078,14848,17,3,40,11,12:23:00,
25079,14849,50,8,42,10,12:54:00,
25080,14849,20,1,40,13,13:40:00,
25081,14849,34,1,44,2,13:32:00,
25082,14850,34,6,27,3,12:48:00,
25083,14850,21,3,47,11,13:03:00,
25084,14851,17,2,23,3,14:41:00,
25085,14852,69,1,40,3,17:05:00,
25086,14852,29,6,15,7,16:49:00,
25087,14853,59,2,16,1,17:23:00,
25088,14853,16,4,28,1,17:43:00,
25089,14854,47,4,24,10,13:31:00,
25090,14854,65,8,37,4,13:20:00,
25091,14854,48,7,25,1,13:44:00,
25092,14855,53,5,36,1,13:07:00,
25093,14856,14,8,34,10,15:50:00,
25094,14856,29,2,26,4,16:08:00,
25095,14857,14,7,34,7,13:23:00,
25096,14858,50,2,32,10,16:50:00,
25097,14859,71,2,5,14,13:01:00,
25098,14860,44,4,17,1,15:17:00,
25099,14860,16,5,11,7,15:21:00,
25100,14861,56,5,20,12,10:40:00,
25101,14862,16,8,38,5,10:49:00,
25102,14862,56,3,39,14,11:04:00,
25103,14863,21,1,45,11,14:34:00,
25104,14863,10,7,17,7,14:08:00,
25105,14864,19,1,34,7,14:38:00,
25106,14864,20,1,45,6,14:29:00,
25107,14864,39,1,18,13,14:33:00,
25108,14865,30,8,26,7,14:09:00,
25109,14865,16,2,31,10,13:59:00,
25110,14865,59,6,46,6,13:39:00,
25111,14866,21,7,47,10,12:48:00,
25112,14866,39,4,24,13,12:46:00,
25113,14866,53,4,17,12,12:41:00,
25114,14867,50,7,34,3,10:52:00,
25115,14867,13,3,24,13,10:49:00,
25116,14868,65,4,25,2,11:59:00,
25117,14869,47,6,25,12,11:10:00,
25118,14869,29,8,35,6,11:25:00,
25119,14869,34,5,34,13,11:38:00,
25120,14870,69,8,27,1,12:49:00,
25121,14870,29,5,36,1,12:36:00,
25122,14871,20,6,47,14,13:16:00,
25123,14871,23,4,35,13,13:24:00,
25124,14871,48,6,35,4,13:10:00,
25125,14872,10,3,20,7,10:28:00,
25126,14872,1,6,32,11,10:13:00,
25127,14873,13,1,15,4,14:54:00,
25128,14874,30,7,36,1,16:45:00,
25129,14874,59,2,43,4,15:39:00,
25130,14875,15,4,35,3,10:53:00,
25131,14875,39,7,24,10,10:55:00,
25132,14876,60,8,37,7,15:48:00,
25133,14876,10,4,19,11,15:47:00,
25134,14877,30,8,36,2,13:53:00,
25135,14877,65,3,39,11,14:18:00,
25136,14878,52,5,19,7,16:11:00,
25137,14878,11,8,30,4,16:02:00,
25138,14879,38,2,19,5,13:31:00,
25139,14879,56,3,29,13,13:18:00,
25140,14880,17,2,29,3,14:06:00,
25141,14880,20,1,29,3,14:00:00,
25142,14881,28,6,34,13,16:10:00,
25143,14881,59,7,27,10,16:13:00,
25144,14882,38,3,39,5,12:36:00,
25145,14882,56,8,42,1,13:35:00,
25146,14882,71,6,34,2,13:29:00,
25147,14883,62,4,22,5,12:31:00,
25148,14884,16,4,27,11,17:07:00,
25149,14884,73,3,20,3,17:03:00,
25150,14884,28,5,26,4,16:52:00,
25151,14885,69,6,23,7,14:04:00,
25152,14886,71,1,27,11,15:47:00,
25153,14886,73,6,22,4,15:52:00,
25154,14887,45,7,42,1,12:45:00,
25155,14887,30,3,24,11,12:50:00,
25156,14888,1,8,28,3,10:47:00,
25157,14888,21,3,34,12,10:34:00,
25158,14888,13,1,36,12,09:45:00,
25159,14889,38,6,17,2,15:07:00,
25160,14890,21,4,23,7,10:40:00,
25161,14891,28,7,42,14,17:21:00,
25162,14891,67,4,30,2,16:54:00,
25163,14891,10,4,19,13,17:34:00,
25164,14892,38,5,41,10,12:59:00,
25165,14893,38,4,47,5,14:20:00,
25166,14893,5,4,41,2,13:58:00,
25167,14894,62,2,31,12,10:53:00,
25168,14894,44,2,7,7,10:44:00,
25169,14894,11,7,15,3,10:53:00,
25170,14895,45,4,28,5,13:52:00,
25171,14896,61,6,37,10,12:59:00,
25172,14897,71,3,15,1,14:36:00,
25173,14897,47,2,29,10,14:37:00,
25174,14898,45,8,41,2,12:32:00,
25175,14898,69,1,32,5,12:05:00,
25176,14899,28,1,37,3,15:36:00,
25177,14899,42,3,31,5,16:12:00,
25178,14900,28,5,31,7,09:15:00,
25179,14900,29,6,17,3,09:08:00,
25180,14900,19,6,26,14,09:05:00,
25181,14901,10,8,34,10,10:27:00,
25182,14902,47,1,23,7,13:14:00,
25183,14903,68,8,23,6,15:06:00,
25184,14904,48,2,23,13,13:16:00,
25185,14905,1,2,46,1,12:55:00,
25186,14906,1,4,37,6,18:02:00,
25187,14906,16,1,5,1,18:07:00,
25188,14907,8,1,32,6,10:15:00,
25189,14907,61,4,42,14,10:16:00,
25190,14907,71,5,24,13,11:12:00,
25191,14908,45,7,32,10,12:54:00,
25192,14908,65,5,40,3,12:47:00,
25193,14909,23,8,36,1,11:04:00,
25194,14910,56,6,27,2,16:02:00,
25195,14910,62,7,19,14,15:36:00,
25196,14911,45,6,42,11,16:57:00,
25197,14912,69,3,24,4,16:27:00,
25198,14913,16,6,18,5,17:07:00,
25199,14913,10,4,16,3,16:59:00,
25200,14913,67,4,5,10,17:16:00,
25201,14914,67,3,26,5,11:51:00,
25202,14914,43,6,35,11,11:46:00,
25203,14915,28,7,31,13,13:26:00,
25204,14916,69,3,23,6,15:26:00,
25205,14916,60,8,25,1,16:05:00,
25206,14917,56,4,31,6,16:40:00,
25207,14918,44,7,20,7,15:44:00,
25208,14918,68,3,37,6,15:54:00,
25209,14918,16,1,25,10,15:48:00,
25210,14919,20,8,42,13,17:01:00,
25211,14920,38,4,49,14,16:23:00,
25212,14921,8,7,34,5,15:54:00,
25213,14921,45,8,33,10,15:53:00,
25214,14921,38,7,25,11,16:04:00,
25215,14922,19,3,22,12,12:01:00,
25216,14923,23,8,33,6,10:45:00,
25217,14924,60,3,16,6,16:12:00,
25218,14925,43,4,32,2,12:20:00,
25219,14925,45,5,21,4,12:17:00,
25220,14926,51,3,18,3,16:26:00,
25221,14926,28,3,29,1,16:41:00,
25222,14927,38,6,33,6,15:41:00,
25223,14927,21,5,35,7,16:29:00,
25224,14928,5,7,28,7,12:07:00,
25225,14929,16,5,18,10,11:38:00,
25226,14930,48,1,25,14,14:09:00,
25227,14931,59,2,19,4,09:46:00,
25228,14932,71,2,8,6,16:03:00,
25229,14932,8,5,24,1,16:37:00,
25230,14933,50,6,39,10,15:49:00,
25231,14933,59,1,40,11,14:31:00,
25232,14934,15,6,37,2,09:47:00,
25233,14935,65,6,32,13,16:55:00,
25234,14936,57,7,33,6,14:16:00,
25235,14936,13,5,18,12,14:34:00,
25236,14937,42,8,52,11,15:34:00,
25237,14938,20,7,47,4,12:16:00,
25238,14938,56,5,28,3,12:00:00,
25239,14939,61,2,17,3,12:16:00,
25240,14940,59,4,33,10,15:42:00,
25241,14941,34,2,53,10,10:56:00,
25242,14941,28,8,22,3,10:41:00,
25243,14941,60,6,20,10,11:02:00,
25244,14942,61,5,25,11,16:50:00,
25245,14943,17,1,23,4,13:31:00,
25246,14944,42,6,32,12,10:33:00,
25247,14944,73,1,23,7,10:07:00,
25248,14944,57,1,24,6,11:08:00,
25249,14945,44,6,19,2,14:06:00,
25250,14945,45,4,36,3,14:54:00,
25251,14946,15,8,29,12,15:40:00,
25252,14946,28,7,35,3,15:30:00,
25253,14946,53,4,28,11,16:45:00,
25254,14947,48,5,32,11,09:45:00,
25255,14948,52,7,39,10,11:40:00,
25256,14949,59,4,35,10,15:55:00,
25257,14950,17,7,35,14,14:27:00,
25258,14950,65,4,39,5,14:57:00,
25259,14951,38,6,23,5,10:55:00,
25260,14952,45,4,44,10,13:34:00,
25261,14952,5,3,43,4,14:17:00,
25262,14952,53,2,30,12,13:46:00,
25263,14953,67,8,28,10,16:11:00,
25264,14953,28,4,42,13,16:29:00,
25265,14954,29,8,28,5,16:29:00,
25266,14954,1,6,42,6,16:12:00,
25267,14955,73,2,21,4,12:49:00,
25268,14956,67,1,36,11,15:23:00,
25269,14956,73,8,12,6,16:29:00,
25270,14957,29,3,26,13,10:51:00,
25271,14957,57,6,30,5,10:32:00,
25272,14958,38,4,31,13,10:51:00,
25273,14958,62,6,34,5,10:08:00,
25274,14958,42,6,27,10,10:54:00,
25275,14959,8,6,33,7,16:59:00,
25276,14959,65,7,38,5,16:35:00,
25277,14959,23,5,42,3,17:04:00,
25278,14960,44,5,15,6,10:20:00,
25279,14960,73,4,21,14,10:21:00,
25280,14961,38,8,12,14,14:15:00,
25281,14962,16,6,26,4,15:38:00,
25282,14962,45,7,27,13,14:36:00,
25283,14963,38,7,25,3,17:34:00,
25284,14963,30,5,16,7,16:51:00,
25285,14964,29,6,21,14,10:23:00,
25286,14965,48,2,31,6,14:15:00,
25287,14965,17,8,38,7,14:06:00,
25288,14965,16,5,35,7,14:19:00,
25289,14966,44,3,12,2,15:16:00,
25290,14967,15,3,28,5,13:22:00,
25291,14967,51,8,25,7,13:31:00,
25292,14968,51,8,34,10,11:08:00,
25293,14968,39,8,28,14,09:53:00,
25294,14969,13,8,33,7,09:23:00,
25295,14970,11,2,31,2,10:46:00,
25296,14970,30,6,24,11,10:35:00,
25297,14971,11,5,21,2,16:17:00,
25298,14971,48,2,26,4,16:38:00,
25299,14972,21,3,37,4,12:02:00,
25300,14973,29,3,27,6,11:56:00,
25301,14973,47,4,25,5,12:14:00,
25302,14974,73,6,32,13,09:58:00,
25303,14975,34,3,39,4,16:25:00,
25304,14976,62,4,27,10,11:26:00,
25305,14976,52,5,34,13,11:26:00,
25306,14977,23,7,35,5,11:36:00,
25307,14977,8,2,29,10,12:16:00,
25308,14978,45,7,40,13,15:29:00,
25309,14978,65,1,31,1,15:25:00,
25310,14979,14,2,31,13,12:05:00,
25311,14980,42,6,37,11,15:35:00,
25312,14981,44,6,23,13,12:22:00,
25313,14981,69,3,27,5,12:05:00,
25314,14981,19,7,32,13,12:10:00,
25315,14982,45,2,34,14,15:29:00,
25316,14983,23,7,29,4,10:57:00,
25317,14983,39,6,25,5,11:11:00,
25318,14984,42,5,29,3,15:24:00,
25319,14984,19,7,22,7,15:27:00,
25320,14985,67,4,10,1,09:47:00,
25321,14985,23,3,38,13,09:22:00,
25322,14985,52,7,52,5,10:05:00,
25323,14986,30,1,37,13,11:12:00,
25324,14986,45,7,24,11,10:56:00,
25325,14987,62,5,30,6,15:49:00,
25326,14987,30,6,40,3,15:30:00,
25327,14988,34,1,45,3,16:08:00,
25328,14988,48,5,25,1,16:59:00,
25329,14988,47,4,24,5,15:34:00,
25330,14989,10,8,19,7,14:34:00,
25331,14989,44,8,24,10,14:37:00,
25332,14989,52,1,26,14,15:26:00,
25333,14990,28,1,12,3,12:09:00,
25334,14991,71,1,21,3,16:27:00,
25335,14992,8,2,23,1,09:56:00,
25336,14993,34,5,35,5,13:32:00,
25337,14993,23,3,35,7,12:55:00,
25338,14993,45,8,22,6,13:15:00,
25339,14994,45,2,42,1,13:10:00,
25340,14994,38,6,30,13,13:18:00,
25341,14995,56,4,46,5,12:21:00,
25342,14995,69,4,46,10,11:53:00,
25343,14996,28,2,28,1,14:46:00,
25344,14997,28,7,31,5,09:25:00,
25345,14998,30,6,36,10,13:42:00,
25346,14999,71,4,11,3,15:14:00,
25347,14999,45,5,32,5,15:35:00,
25348,15000,52,8,22,1,18:19:00,
25349,15001,50,3,18,7,15:32:00,
25350,15002,15,5,19,11,13:56:00,
25351,15002,42,3,42,1,13:37:00,
25352,15002,13,3,44,5,14:03:00,
25353,15003,53,1,31,11,15:28:00,
25354,15003,1,6,49,14,14:53:00,
25355,15003,42,2,53,7,14:45:00,
25356,15004,15,2,27,4,15:15:00,
25357,15005,71,8,27,2,14:26:00,
25358,15006,38,5,21,10,14:26:00,
25359,15006,16,4,26,3,15:05:00,
25360,15007,43,1,46,11,15:36:00,
25361,15007,68,7,31,5,15:38:00,
25362,15007,15,2,15,14,15:16:00,
25363,15008,28,3,15,2,14:23:00,
25364,15009,44,5,15,5,15:13:00,
25365,15009,34,1,26,5,15:42:00,
25366,15010,17,6,26,14,11:35:00,
25367,15011,20,4,37,12,16:16:00,
25368,15012,65,4,34,3,15:50:00,
25369,15012,13,5,14,6,15:00:00,
25370,15013,60,3,6,1,16:55:00,
25371,15013,50,2,18,2,17:12:00,
25372,15014,61,6,37,1,17:06:00,
25373,15014,71,4,22,12,17:21:00,
25374,15014,1,2,29,13,17:15:00,
25375,15015,5,8,35,5,15:07:00,
25376,15016,61,5,41,6,15:40:00,
25377,15017,17,2,35,6,09:50:00,
25378,15017,15,5,24,1,11:13:00,
25379,15018,39,6,25,13,11:20:00,
25380,15018,51,2,11,11,11:52:00,
25381,15019,53,7,28,14,11:12:00,
25382,15019,73,3,17,10,12:06:00,
25383,15019,57,8,32,7,12:04:00,
25384,15020,57,2,16,4,14:34:00,
25385,15020,65,8,28,6,13:57:00,
25386,15021,34,6,42,13,10:54:00,
25387,15022,17,4,17,3,11:46:00,
25388,15023,15,5,23,2,13:20:00,
25389,15024,59,3,23,7,12:01:00,
25390,15025,60,4,31,4,12:05:00,
25391,15026,5,2,34,2,09:19:00,
25392,15026,39,3,35,2,09:33:00,
25393,15027,43,7,35,4,14:59:00,
25394,15028,14,4,18,11,12:25:00,
25395,15029,28,5,31,6,12:07:00,
25396,15029,10,5,31,14,12:22:00,
25397,15030,67,1,35,3,13:58:00,
25398,15030,42,5,27,1,14:02:00,
25399,15030,14,2,29,3,14:04:00,
25400,15031,57,1,36,12,12:39:00,
25401,15031,65,4,39,13,13:29:00,
25402,15032,71,2,5,4,16:05:00,
25403,15032,13,3,35,13,16:01:00,
25404,15033,30,3,43,12,11:44:00,
25405,15033,67,8,25,3,11:07:00,
25406,15034,38,4,18,3,16:17:00,
25407,15034,19,4,30,6,15:48:00,
25408,15035,69,2,37,13,16:17:00,
25409,15035,39,7,27,10,15:59:00,
25410,15036,47,3,7,11,15:10:00,
25411,15036,8,4,17,12,15:08:00,
25412,15037,39,1,27,2,17:15:00,
25413,15038,16,1,27,10,11:13:00,
25414,15038,73,2,15,7,11:50:00,
25415,15039,21,8,20,4,13:46:00,
25416,15040,48,4,24,7,14:49:00,
25417,15040,65,2,26,7,14:49:00,
25418,15041,30,7,24,11,09:36:00,
25419,15041,61,8,36,13,09:38:00,
25420,15042,56,3,10,6,11:38:00,
25421,15043,44,6,11,11,13:35:00,
25422,15044,67,1,17,2,13:25:00,
25423,15045,65,5,31,12,10:55:00,
25424,15046,47,2,8,10,11:48:00,
25425,15047,57,2,27,3,12:20:00,
25426,15048,8,6,19,3,14:57:00,
25427,15049,60,3,20,4,17:02:00,
25428,15050,56,8,15,12,14:29:00,
25429,15050,19,8,29,6,14:33:00,
25430,15050,62,7,20,5,15:01:00,
25431,15051,38,5,30,12,09:06:00,
25432,15052,42,4,39,5,10:42:00,
25433,15052,45,7,51,2,11:01:00,
25434,15053,23,7,36,5,14:57:00,
25435,15053,48,1,35,4,15:01:00,
25436,15054,20,3,36,5,10:35:00,
25437,15054,47,7,36,5,10:25:00,
25438,15055,20,5,43,10,15:36:00,
25439,15056,71,4,15,6,11:58:00,
25440,15057,29,3,24,5,12:54:00,
25441,15058,59,8,16,13,11:55:00,
25442,15059,5,6,41,5,10:05:00,
25443,15059,67,2,34,7,10:59:00,
25444,15060,67,7,30,3,14:47:00,
25445,15060,61,7,10,6,13:23:00,
25446,15061,19,3,45,6,12:20:00,
25447,15062,10,1,23,6,10:47:00,
25448,15063,16,5,29,1,10:27:00,
25449,15064,30,3,36,12,16:32:00,
25450,15065,15,7,34,13,14:54:00,
25451,15065,38,2,25,3,16:01:00,
25452,15065,34,7,37,10,16:23:00,
25453,15066,23,1,31,3,09:46:00,
25454,15066,30,2,25,10,09:53:00,
25455,15066,1,7,35,12,09:25:00,
25456,15067,45,3,32,10,17:14:00,
25457,15067,34,4,43,3,17:54:00,
25458,15068,60,2,28,7,16:28:00,
25459,15069,15,3,37,12,15:54:00,
25460,15069,10,6,39,13,15:46:00,
25461,15070,69,1,33,2,11:24:00,
25462,15070,62,8,34,6,11:45:00,
25463,15071,17,3,26,7,11:23:00,
25464,15072,57,7,29,14,12:35:00,
25465,15072,42,7,28,4,12:18:00,
25466,15073,14,8,35,3,17:27:00,
25467,15074,5,7,37,3,14:20:00,
25468,15074,71,5,10,4,12:54:00,
25469,15075,19,1,40,14,12:43:00,
25470,15075,59,4,33,2,12:41:00,
25471,15076,23,2,27,11,11:12:00,
25472,15076,71,1,13,3,10:42:00,
25473,15077,16,6,34,6,13:22:00,
25474,15077,42,5,33,6,13:28:00,
25475,15077,65,7,30,10,13:11:00,
25476,15078,44,8,28,2,10:29:00,
25477,15078,39,1,14,12,10:37:00,
25478,15079,5,5,39,3,17:05:00,
25479,15079,1,3,30,13,17:20:00,
25480,15079,50,7,24,12,17:23:00,
25481,15080,34,1,36,13,10:02:00,
25482,15080,23,5,23,11,10:18:00,
25483,15081,43,3,28,3,10:18:00,
25484,15081,15,7,36,11,10:56:00,
25485,15082,48,7,15,13,16:56:00,
25486,15083,43,1,28,4,14:01:00,
25487,15083,1,4,30,10,14:04:00,
25488,15083,10,8,8,10,13:25:00,
25489,15084,13,6,24,14,15:30:00,
25490,15084,42,2,32,4,16:17:00,
25491,15085,28,2,32,3,12:40:00,
25492,15085,67,6,24,6,12:17:00,
25493,15086,45,4,37,13,14:47:00,
25494,15087,73,2,26,11,16:52:00,
25495,15088,44,6,20,2,13:43:00,
25496,15089,48,8,35,2,10:42:00,
25497,15090,50,7,34,4,11:06:00,
25498,15090,8,4,24,14,10:39:00,
25499,15091,10,1,45,1,14:10:00,
25500,15092,42,1,26,3,10:25:00,
25501,15092,67,3,13,11,10:46:00,
25502,15093,68,3,34,4,13:43:00,
25503,15094,60,4,26,14,17:18:00,
25504,15095,43,2,37,10,11:23:00,
25505,15096,73,6,28,7,13:27:00,
25506,15096,5,3,39,12,12:47:00,
25507,15097,8,4,21,6,10:14:00,
25508,15098,34,7,30,7,16:00:00,
25509,15098,68,6,31,1,15:07:00,
25510,15099,34,7,32,2,12:58:00,
25511,15099,30,3,36,5,13:52:00,
25512,15100,15,5,35,6,14:43:00,
25513,15101,53,5,27,10,10:33:00,
25514,15101,28,5,28,13,10:21:00,
25515,15102,42,7,17,11,13:42:00,
25516,15102,16,3,23,4,13:38:00,
25517,15103,21,7,35,12,11:38:00,
25518,15103,43,3,35,10,11:49:00,
25519,15104,73,5,42,11,10:34:00,
25520,15104,11,2,14,5,10:30:00,
25521,15105,34,1,31,1,16:41:00,
25522,15106,14,3,19,5,14:35:00,
25523,15107,50,3,20,14,12:29:00,
25524,15108,61,5,33,5,16:33:00,
25525,15108,69,7,32,1,15:49:00,
25526,15108,48,1,41,10,16:34:00,
25527,15109,16,2,23,4,16:34:00,
25528,15109,48,3,23,1,16:20:00,
25529,15109,43,1,28,5,16:45:00,
25530,15110,14,7,33,14,13:31:00,
25531,15111,19,1,9,2,15:11:00,
25532,15111,71,4,17,4,14:59:00,
25533,15112,8,5,32,3,10:44:00,
25534,15112,38,4,27,6,09:50:00,
25535,15113,44,7,13,1,14:30:00,
25536,15113,20,5,53,3,15:07:00,
25537,15114,29,2,23,3,09:41:00,
25538,15115,47,1,23,11,12:19:00,
25539,15115,51,2,33,12,12:32:00,
25540,15116,11,4,36,10,09:52:00,
25541,15117,38,8,29,2,14:17:00,
25542,15117,23,1,16,6,14:24:00,
25543,15118,67,2,23,11,13:57:00,
25544,15118,38,6,26,12,14:09:00,
25545,15119,44,1,29,13,09:53:00,
25546,15120,28,6,32,6,11:51:00,
25547,15120,39,8,15,1,12:26:00,
25548,15121,68,1,35,3,13:20:00,
25549,15121,62,5,33,10,13:36:00,
25550,15121,71,4,26,3,13:37:00,
25551,15122,50,5,27,12,17:28:00,
25552,15122,56,3,27,7,17:54:00,
25553,15123,20,5,44,10,12:34:00,
25554,15123,44,6,26,6,12:12:00,
25555,15124,68,2,34,4,15:40:00,
25556,15124,30,8,34,4,15:34:00,
25557,15125,5,3,30,14,13:04:00,
25558,15125,23,3,47,4,13:14:00,
25559,15126,39,2,21,2,15:11:00,
25560,15126,21,8,36,4,15:10:00,
25561,15127,73,8,27,10,13:07:00,
25562,15128,38,5,28,13,13:00:00,
25563,15128,30,7,36,6,13:06:00,
25564,15129,14,5,24,1,17:08:00,
25565,15130,30,1,38,4,10:45:00,
25566,15130,47,6,18,1,09:38:00,
25567,15131,13,8,23,1,16:33:00,
25568,15131,23,1,15,11,15:59:00,
25569,15131,60,1,15,13,16:02:00,
25570,15132,69,1,26,13,10:08:00,
25571,15133,38,7,21,1,14:32:00,
25572,15134,71,8,26,12,10:52:00,
25573,15134,20,5,39,7,09:37:00,
25574,15135,48,7,32,2,14:07:00,
25575,15135,53,5,27,5,15:02:00,
25576,15136,53,3,27,10,15:20:00,
25577,15137,16,4,24,1,17:09:00,
25578,15137,44,6,25,5,16:52:00,
25579,15138,56,7,27,2,12:15:00,
25580,15138,73,5,18,2,12:05:00,
25581,15138,52,8,45,10,12:25:00,
25582,15139,34,3,23,7,11:30:00,
25583,15140,13,5,25,13,15:51:00,
25584,15140,73,8,17,6,16:12:00,
25585,15141,39,6,27,14,14:38:00,
25586,15141,13,4,27,5,15:19:00,
25587,15142,28,1,35,7,10:20:00,
25588,15143,30,7,33,3,13:41:00,
25589,15144,53,4,13,11,14:38:00,
25590,15144,59,5,8,10,14:56:00,
25591,15145,51,1,12,10,15:41:00,
25592,15145,52,8,27,5,15:12:00,
25593,15146,42,1,26,1,13:25:00,
25594,15146,19,1,15,3,14:35:00,
25595,15146,44,1,12,10,13:36:00,
25596,15147,1,4,29,13,16:18:00,
25597,15147,47,5,20,1,16:35:00,
25598,15148,11,1,24,2,11:18:00,
25599,15149,13,8,33,3,15:56:00,
25600,15150,39,2,30,1,15:03:00,
25601,15150,59,5,17,12,14:41:00,
25602,15151,56,8,33,11,14:57:00,
25603,15151,16,2,30,1,14:09:00,
25604,15152,15,3,24,5,14:08:00,
25605,15153,50,1,32,2,16:49:00,
25606,15153,62,8,23,5,17:23:00,
25607,15154,23,7,20,14,11:54:00,
25608,15155,50,1,24,5,17:13:00,
25609,15156,34,3,23,1,09:55:00,
25610,15157,39,3,30,14,10:22:00,
25611,15157,71,8,19,2,10:26:00,
25612,15157,11,3,27,11,10:10:00,
25613,15158,47,2,35,11,15:54:00,
25614,15158,69,7,26,14,15:05:00,
25615,15159,43,4,28,3,15:50:00,
25616,15159,39,7,32,1,15:55:00,
25617,15160,5,2,32,11,18:00:00,
25618,15160,56,8,31,12,17:13:00,
25619,15161,71,1,17,3,17:02:00,
25620,15161,23,8,30,14,17:34:00,
25621,15162,51,5,32,1,12:50:00,
25622,15162,17,5,21,13,13:07:00,
25623,15163,1,2,38,2,10:44:00,
25624,15164,30,5,27,11,13:30:00,
25625,15165,11,6,28,6,13:25:00,
25626,15165,62,5,26,1,12:37:00,
25627,15165,52,4,20,11,13:43:00,
25628,15166,59,2,37,11,17:01:00,
25629,15166,73,1,16,11,16:32:00,
25630,15166,23,3,41,12,16:50:00,
25631,15167,44,3,14,12,15:35:00,
25632,15168,65,6,19,13,17:19:00,
25633,15168,44,3,23,2,16:30:00,
25634,15169,28,5,24,3,09:36:00,
25635,15170,8,8,21,5,15:12:00,
25636,15170,42,2,40,12,15:06:00,
25637,15171,48,4,40,14,13:59:00,
25638,15172,15,6,29,6,17:15:00,
25639,15173,30,5,35,3,09:15:00,
25640,15173,48,6,32,12,09:37:00,
25641,15174,67,8,26,4,14:23:00,
25642,15175,43,7,25,1,11:32:00,
25643,15175,13,7,29,1,11:11:00,
25644,15176,14,1,25,13,12:37:00,
25645,15176,62,3,23,10,12:44:00,
25646,15177,7,7,27,11,10:27:00,
25647,15177,60,5,32,11,10:47:00,
25648,15178,16,5,26,2,10:29:00,
25649,15178,59,3,26,10,10:25:00,
25650,15178,71,2,13,2,10:40:00,
25651,15179,48,7,36,10,09:47:00,
25652,15179,44,4,13,14,10:12:00,
25653,15179,20,8,43,12,10:23:00,
25654,15180,57,8,16,6,12:54:00,
25655,15181,42,2,33,11,11:52:00,
25656,15182,52,1,26,12,10:22:00,
25657,15182,28,3,20,13,10:37:00,
25658,15183,16,5,18,12,15:32:00,
25659,15183,8,8,18,4,15:40:00,
25660,15184,7,7,36,12,09:23:00,
25661,15184,42,1,35,5,09:08:00,
25662,15185,42,8,42,12,14:22:00,
25663,15185,28,4,32,14,12:55:00,
25664,15186,47,2,20,14,11:46:00,
25665,15187,38,2,27,12,13:44:00,
25666,15187,16,7,22,14,13:14:00,
25667,15188,52,3,32,2,10:28:00,
25668,15189,42,6,17,6,10:27:00,
25669,15189,68,8,24,2,09:35:00,
25670,15190,59,3,36,5,13:25:00,
25671,15190,34,7,35,13,13:20:00,
25672,15190,23,7,24,13,13:47:00,
25673,15191,38,7,40,13,11:06:00,
25674,15192,50,8,38,13,11:55:00,
25675,15193,45,8,42,5,15:31:00,
25676,15194,5,8,53,14,12:35:00,
25677,15195,61,1,21,3,17:01:00,
25678,15196,19,7,39,11,17:28:00,
25679,15196,8,1,25,13,17:31:00,
25680,15196,60,3,30,2,17:31:00,
25681,15197,51,6,27,10,14:25:00,
25682,15197,28,6,21,13,14:52:00,
25683,15198,62,7,27,10,16:36:00,
25684,15199,19,2,36,5,12:05:00,
25685,15200,69,8,31,13,14:53:00,
25686,15201,8,5,38,6,14:22:00,
25687,15201,53,1,35,10,14:23:00,
25688,15202,51,6,12,2,12:03:00,
25689,15202,48,8,25,13,12:04:00,
25690,15203,19,3,40,7,14:02:00,
25691,15204,53,6,26,2,11:54:00,
25692,15204,50,1,34,7,12:30:00,
25693,15204,68,7,39,4,12:07:00,
25694,15205,8,1,36,5,13:30:00,
25695,15205,71,6,32,12,13:12:00,
25696,15206,68,6,45,3,15:39:00,
25697,15207,52,1,47,13,10:21:00,
25698,15208,51,2,21,1,16:02:00,
25699,15208,8,6,28,1,16:03:00,
25700,15209,53,7,23,4,14:55:00,
25701,15209,68,3,27,14,15:01:00,
25702,15210,43,2,14,13,14:53:00,
25703,15210,20,5,35,2,14:48:00,
25704,15211,17,4,26,2,09:48:00,
25705,15212,51,6,5,2,13:17:00,
25706,15213,65,8,36,12,14:24:00,
25707,15213,16,4,30,12,14:43:00,
25708,15213,61,1,49,7,14:32:00,
25709,15214,1,2,40,11,14:56:00,
25710,15214,57,7,24,4,15:00:00,
25711,15215,68,2,32,6,14:52:00,
25712,15216,17,7,18,5,13:29:00,
25713,15216,1,2,28,6,13:22:00,
25714,15217,38,2,28,12,15:36:00,
25715,15217,67,2,24,4,15:27:00,
25716,15218,19,7,42,14,10:34:00,
25717,15219,73,3,27,3,16:26:00,
25718,15219,59,8,28,4,16:12:00,
25719,15219,19,1,26,10,16:17:00,
25720,15220,57,8,35,6,11:25:00,
25721,15220,21,7,37,14,11:21:00,
25722,15220,5,3,44,10,11:30:00,
25723,15221,65,6,27,7,09:35:00,
25724,15221,51,5,15,12,09:20:00,
25725,15221,21,8,44,6,09:33:00,
25726,15222,47,1,33,2,14:59:00,
25727,15222,65,1,32,13,15:25:00,
25728,15222,59,6,34,4,15:16:00,
25729,15223,50,1,36,14,16:38:00,
25730,15223,47,5,20,12,17:13:00,
25731,15224,53,5,28,12,16:12:00,
25732,15224,51,7,33,7,15:50:00,
25733,15225,28,8,26,5,14:38:00,
25734,15226,48,2,51,10,17:19:00,
25735,15226,62,6,16,12,17:11:00,
25736,15227,38,1,28,12,16:20:00,
25737,15228,38,3,25,6,16:37:00,
25738,15228,28,6,31,6,16:46:00,
25739,15229,38,5,5,4,16:35:00,
25740,15229,68,1,21,11,16:12:00,
25741,15230,11,6,28,10,13:00:00,
25742,15230,13,3,50,11,12:52:00,
25743,15231,42,6,36,5,12:18:00,
25744,15231,11,2,24,10,12:15:00,
25745,15231,47,3,31,10,12:28:00,
25746,15232,21,6,53,13,16:14:00,
25747,15233,28,2,28,7,16:42:00,
25748,15233,23,5,32,14,15:26:00,
25749,15234,48,1,26,10,16:20:00,
25750,15235,53,3,26,3,11:14:00,
25751,15236,8,3,34,3,16:00:00,
25752,15236,5,4,40,5,15:30:00,
25753,15236,59,6,25,14,15:42:00,
25754,15237,34,7,49,3,13:58:00,
25755,15237,13,4,39,2,12:54:00,
25756,15238,65,1,35,10,11:16:00,
25757,15238,38,8,19,1,11:35:00,
25758,15239,13,8,27,6,11:54:00,
25759,15239,69,1,20,4,11:27:00,
25760,15240,45,4,29,3,17:09:00,
25761,15240,13,1,27,6,16:57:00,
25762,15241,56,5,24,6,11:39:00,
25763,15241,52,8,28,10,12:06:00,
25764,15241,28,1,17,12,11:28:00,
25765,15242,5,6,21,10,10:03:00,
25766,15243,16,7,25,7,10:18:00,
25767,15244,5,7,30,3,13:51:00,
25768,15245,61,4,32,13,12:42:00,
25769,15245,45,8,48,11,12:44:00,
25770,15245,60,2,27,13,12:31:00,
25771,15246,1,1,19,2,17:32:00,
25772,15246,71,4,16,10,17:18:00,
25773,15247,34,1,17,14,14:46:00,
25774,15247,60,1,27,12,14:54:00,
25775,15248,23,3,41,3,10:35:00,
25776,15248,17,6,35,12,10:48:00,
25777,15249,1,5,19,6,17:09:00,
25778,15249,17,6,10,5,17:13:00,
25779,15250,50,6,27,10,15:26:00,
25780,15250,14,8,36,10,15:39:00,
25781,15251,14,8,13,6,12:40:00,
25782,15252,21,6,33,1,13:57:00,
25783,15253,23,8,39,10,16:01:00,
25784,15254,15,4,36,5,10:45:00,
25785,15254,50,4,30,5,11:15:00,
25786,15255,8,6,28,6,13:48:00,
25787,15256,67,5,23,10,17:09:00,
25788,15256,65,7,30,6,17:04:00,
25789,15256,38,2,20,12,17:09:00,
25790,15257,50,5,44,7,11:11:00,
25791,15257,53,6,39,6,10:36:00,
25792,15258,23,1,36,4,13:21:00,
25793,15259,71,3,22,13,13:21:00,
25794,15260,62,2,31,14,15:17:00,
25795,15261,23,3,40,10,13:21:00,
25796,15261,14,5,32,11,12:43:00,
25797,15262,11,3,27,7,17:26:00,
25798,15263,62,4,16,11,16:03:00,
25799,15263,67,6,33,10,15:21:00,
25800,15264,43,4,38,7,13:28:00,
25801,15264,42,3,27,14,13:17:00,
25802,15264,56,4,25,14,13:35:00,
25803,15265,43,5,45,3,14:14:00,
25804,15266,53,7,27,5,14:45:00,
25805,15266,69,8,27,10,14:33:00,
25806,15266,17,5,31,5,15:33:00,
25807,15267,14,6,33,1,10:11:00,
25808,15267,57,4,27,6,09:52:00,
25809,15267,60,1,29,5,10:37:00,
25810,15268,51,6,35,13,12:26:00,
25811,15268,47,8,22,3,12:29:00,
25812,15269,20,8,12,3,11:45:00,
25813,15269,21,7,28,2,11:37:00,
25814,15270,42,8,30,7,17:52:00,
25815,15270,38,2,25,7,17:15:00,
25816,15271,61,6,26,13,13:50:00,
25817,15271,45,7,28,14,13:51:00,
25818,15272,20,2,38,7,14:25:00,
25819,15272,56,6,37,14,14:11:00,
25820,15272,42,6,34,7,14:17:00,
25821,15273,71,2,21,10,10:04:00,
25822,15274,68,4,35,7,11:18:00,
25823,15274,50,2,33,10,11:08:00,
25824,15275,67,2,28,3,16:38:00,
25825,15275,21,5,41,13,17:39:00,
25826,15276,39,7,29,5,15:18:00,
25827,15276,67,2,34,1,15:52:00,
25828,15277,69,6,29,7,10:47:00,
25829,15277,8,6,40,6,10:48:00,
25830,15278,28,8,10,14,14:20:00,
25831,15278,14,2,36,13,15:02:00,
25832,15279,28,6,37,7,12:52:00,
25833,15279,17,1,30,13,14:29:00,
25834,15280,71,1,25,1,10:30:00,
25835,15280,59,7,24,11,10:36:00,
25836,15281,20,7,34,3,15:59:00,
25837,15282,15,7,39,7,17:13:00,
25838,15283,19,6,26,10,11:02:00,
25839,15283,53,3,18,11,11:34:00,
25840,15284,56,5,42,1,14:45:00,
25841,15284,50,2,23,3,14:44:00,
25842,15285,67,7,42,1,14:25:00,
25843,15286,65,3,26,10,15:08:00,
25844,15286,73,6,19,2,15:00:00,
25845,15287,68,6,21,12,17:06:00,
25846,15287,42,8,34,6,16:19:00,
25847,15288,51,1,31,1,10:10:00,
25848,15289,29,7,24,10,10:14:00,
25849,15289,57,6,13,10,10:39:00,
25850,15290,30,6,35,14,14:07:00,
25851,15290,73,8,10,12,13:58:00,
25852,15291,47,6,20,13,09:38:00,
25853,15291,13,7,14,4,09:47:00,
25854,15291,62,7,27,7,09:42:00,
25855,15292,48,2,32,6,12:25:00,
25856,15292,30,1,24,12,12:06:00,
25857,15293,39,3,27,11,13:15:00,
25858,15293,44,3,25,7,12:42:00,
25859,15294,1,6,31,2,12:53:00,
25860,15295,57,6,30,6,10:10:00,
25861,15295,48,5,26,12,10:09:00,
25862,15296,1,8,23,3,16:14:00,
25863,15297,42,5,25,11,15:50:00,
25864,15297,43,1,31,11,15:59:00,
25865,15298,67,3,17,4,13:23:00,
25866,15299,53,5,30,11,14:29:00,
25867,15299,73,7,20,5,13:58:00,
25868,15299,16,6,27,2,14:14:00,
25869,15300,68,3,29,5,13:30:00,
25870,15301,59,5,30,10,15:37:00,
25871,15301,14,4,20,7,16:02:00,
25872,15302,57,4,17,14,16:11:00,
25873,15302,11,4,25,4,16:30:00,
25874,15302,8,7,28,12,16:11:00,
25875,15303,51,3,24,11,15:57:00,
25876,15303,15,3,40,13,15:51:00,
25877,15304,1,5,36,12,10:16:00,
25878,15305,14,5,35,6,15:56:00,
25879,15305,30,7,41,14,15:44:00,
25880,15306,47,6,13,13,14:24:00,
25881,15306,21,1,43,4,14:52:00,
25882,15306,52,5,26,6,14:19:00,
25883,15307,73,8,26,4,18:23:00,
25884,15307,53,7,39,4,18:11:00,
25885,15308,16,5,31,11,09:38:00,
25886,15308,39,2,26,6,10:34:00,
25887,15309,28,8,10,3,12:07:00,
25888,15309,10,2,5,1,12:01:00,
25889,15310,1,3,37,11,15:27:00,
25890,15310,51,2,26,5,15:30:00,
25891,15311,56,8,20,3,16:29:00,
25892,15312,67,7,22,11,12:37:00,
25893,15312,5,2,26,2,12:27:00,
25894,15312,44,6,21,11,12:51:00,
25895,15313,71,4,27,11,10:12:00,
25896,15313,53,7,24,10,10:01:00,
25897,15314,38,1,24,12,09:59:00,
25898,15314,48,8,22,14,09:38:00,
25899,15315,23,3,25,4,18:06:00,
25900,15316,62,3,22,6,14:17:00,
25901,15317,62,3,38,10,16:21:00,
25902,15318,67,6,26,11,09:50:00,
25903,15318,60,3,16,12,10:08:00,
25904,15319,13,3,37,2,14:37:00,
25905,15320,10,4,14,10,16:42:00,
25906,15321,51,7,28,10,12:29:00,
25907,15321,52,4,39,13,11:57:00,
25908,15321,34,1,35,6,12:21:00,
25909,15322,39,5,19,2,15:51:00,
25910,15322,61,4,17,2,16:00:00,
25911,15323,5,8,27,10,17:35:00,
25912,15323,14,4,41,11,17:50:00,
25913,15324,28,8,39,10,11:29:00,
25914,15324,45,5,37,4,11:09:00,
25915,15325,1,3,35,5,13:45:00,
25916,15325,23,2,41,13,14:11:00,
25917,15326,68,8,33,4,11:08:00,
25918,15327,68,6,29,7,17:42:00,
25919,15327,34,5,29,13,17:29:00,
25920,15328,47,8,24,14,13:03:00,
25921,15328,10,1,31,4,13:13:00,
25922,15329,28,2,26,11,15:07:00,
25923,15330,5,5,41,3,10:50:00,
25924,15331,56,4,18,13,12:12:00,
25925,15331,67,1,34,2,12:56:00,
25926,15332,10,8,31,2,16:29:00,
25927,15332,23,4,35,4,16:28:00,
25928,15333,29,2,25,10,16:08:00,
25929,15334,71,3,29,14,13:08:00,
25930,15334,21,1,32,2,13:22:00,
25931,15335,14,3,23,2,10:46:00,
25932,15335,21,1,34,7,10:52:00,
25933,15336,67,6,25,5,15:29:00,
25934,15337,29,6,38,7,15:10:00,
25935,15337,7,6,28,3,15:11:00,
25936,15338,62,3,22,10,16:05:00,
25937,15338,42,3,40,2,16:29:00,
25938,15339,50,7,40,2,16:07:00,
25939,15339,20,5,21,2,15:18:00,
25940,15340,19,3,35,11,09:15:00,
25941,15341,73,8,20,2,12:41:00,
25942,15342,62,5,48,11,12:43:00,
25943,15343,10,6,30,6,12:43:00,
25944,15343,7,1,36,5,12:10:00,
25945,15343,57,1,23,14,12:41:00,
25946,15344,10,8,26,3,18:16:00,
25947,15345,17,4,10,6,13:29:00,
25948,15346,52,2,22,12,13:53:00,
25949,15346,60,3,22,1,13:54:00,
25950,15347,28,5,31,2,09:38:00,
25951,15347,17,2,24,2,09:45:00,
25952,15348,28,5,33,3,15:01:00,
25953,15348,43,7,18,5,13:36:00,
25954,15349,68,1,32,6,11:10:00,
25955,15350,39,5,29,11,13:52:00,
25956,15350,1,1,13,11,13:57:00,
25957,15351,52,8,25,4,16:53:00,
25958,15352,29,5,30,10,10:51:00,
25959,15352,23,5,40,5,11:02:00,
25960,15353,21,2,39,7,11:13:00,
25961,15353,43,7,28,3,10:24:00,
25962,15354,48,2,25,13,13:58:00,
25963,15354,50,1,31,10,13:46:00,
25964,15354,21,8,30,14,14:01:00,
25965,15355,73,3,5,7,10:13:00,
25966,15356,7,2,32,3,13:43:00,
25967,15356,29,1,37,13,14:41:00,
25968,15357,13,6,22,13,09:44:00,
25969,15358,29,2,24,5,16:03:00,
25970,15359,19,3,28,12,10:11:00,
25971,15360,61,2,33,7,10:53:00,
25972,15360,29,4,15,11,11:22:00,
25973,15361,62,3,18,10,13:44:00,
25974,15361,23,6,44,7,14:26:00,
25975,15362,8,8,35,13,10:28:00,
25976,15363,53,3,26,7,13:18:00,
25977,15363,21,3,39,5,14:19:00,
25978,15364,73,6,32,14,12:31:00,
25979,15365,48,2,28,11,10:34:00,
25980,15365,56,3,28,6,10:25:00,
25981,15366,48,6,37,13,09:21:00,
25982,15366,67,5,11,2,10:09:00,
25983,15366,15,1,27,6,09:13:00,
25984,15367,42,7,45,5,15:51:00,
25985,15367,23,7,35,5,16:08:00,
25986,15367,28,5,19,11,16:42:00,
25987,15368,45,2,36,2,13:20:00,
25988,15369,57,6,34,1,13:19:00,
25989,15369,69,2,26,13,13:32:00,
25990,15370,65,6,17,3,14:20:00,
25991,15371,8,3,36,1,17:34:00,
25992,15371,1,2,37,3,16:49:00,
25993,15372,59,7,29,12,12:14:00,
25994,15372,39,8,28,1,12:37:00,
25995,15372,57,4,5,10,12:31:00,
25996,15373,43,3,47,1,11:25:00,
25997,15374,50,4,24,13,16:36:00,
25998,15375,16,5,24,4,15:18:00,
25999,15375,21,7,33,5,15:20:00,
26000,15376,16,7,17,3,13:25:00,
26001,15377,71,7,21,3,11:59:00,
26002,15377,20,1,37,4,11:54:00,
26003,15378,14,5,25,13,13:22:00,
26004,15378,48,3,28,7,13:25:00,
26005,15379,68,3,17,3,16:45:00,
26006,15380,62,3,25,13,11:55:00,
26007,15380,60,3,22,2,12:37:00,
26008,15381,23,1,18,5,12:24:00,
26009,15381,51,1,17,1,13:28:00,
26010,15381,39,8,30,1,12:05:00,
26011,15382,15,2,30,4,09:43:00,
26012,15383,67,6,21,2,13:11:00,
26013,15383,23,4,31,13,12:11:00,
26014,15383,52,5,26,10,12:55:00,
26015,15384,48,1,12,10,16:09:00,
26016,15384,39,7,25,10,16:21:00,
26017,15384,42,8,41,4,16:52:00,
26018,15385,68,2,17,7,12:18:00,
26019,15386,62,7,43,5,09:31:00,
26020,15386,59,6,40,7,09:29:00,
26021,15387,11,4,42,2,09:22:00,
26022,15387,62,5,25,6,09:38:00,
26023,15388,19,2,24,7,15:22:00,
26024,15388,51,1,12,6,15:20:00,
26025,15389,1,2,44,12,09:39:00,
26026,15390,69,3,33,5,11:01:00,
26027,15391,21,8,23,2,14:40:00,
26028,15391,14,8,18,5,14:10:00,
26029,15392,39,2,42,10,12:21:00,
26030,15393,68,3,40,14,12:44:00,
26031,15394,61,3,26,13,16:51:00,
26032,15394,10,5,25,6,16:12:00,
26033,15395,28,8,25,10,14:26:00,
26034,15396,61,7,23,12,14:08:00,
26035,15397,59,8,14,12,14:13:00,
26036,15398,51,7,12,7,16:37:00,
26037,15399,73,2,27,14,12:40:00,
26038,15400,16,1,17,1,15:04:00,
26039,15401,30,8,19,5,13:16:00,
26040,15402,69,3,39,7,10:22:00,
26041,15402,5,7,33,6,10:40:00,
26042,15402,59,2,35,13,10:29:00,
26043,15403,11,4,23,5,13:55:00,
26044,15403,48,5,34,1,14:20:00,
26045,15403,73,2,17,5,13:57:00,
26046,15404,34,8,43,14,13:28:00,
26047,15405,62,5,35,6,14:53:00,
26048,15405,28,8,26,4,14:36:00,
26049,15406,21,4,27,14,10:18:00,
26050,15407,43,1,36,10,11:20:00,
26051,15408,43,3,34,7,12:32:00,
26052,15408,11,2,28,14,12:55:00,
26053,15409,67,6,34,14,13:23:00,
26054,15410,23,8,24,7,16:14:00,
26055,15410,21,7,37,7,15:25:00,
26056,15411,73,4,17,14,13:35:00,
26057,15412,45,5,40,3,13:29:00,
26058,15413,50,4,33,4,11:54:00,
26059,15413,43,6,34,10,11:50:00,
26060,15413,44,2,21,11,11:36:00,
26061,15414,39,4,15,7,16:08:00,
26062,15414,48,3,34,5,16:47:00,
26063,15415,39,8,28,14,16:56:00,
26064,15416,17,1,43,13,14:58:00,
26065,15417,13,2,37,11,15:33:00,
26066,15418,59,3,19,7,10:15:00,
26067,15418,21,1,24,12,10:18:00,
26068,15419,73,5,32,7,15:53:00,
26069,15419,21,7,46,13,15:25:00,
26070,15419,52,4,33,5,14:40:00,
26071,15420,51,6,16,4,11:23:00,
26072,15421,5,7,53,6,14:34:00,
26073,15422,69,3,23,3,12:40:00,
26074,15422,29,3,25,4,12:44:00,
26075,15423,7,1,34,11,12:51:00,
26076,15423,48,6,26,12,12:56:00,
26077,15424,29,2,18,13,12:56:00,
26078,15424,50,3,44,4,12:25:00,
26079,15425,68,1,27,1,13:02:00,
26080,15425,29,5,13,4,13:07:00,
26081,15426,57,5,22,5,14:49:00,
26082,15427,11,1,28,1,16:16:00,
26083,15428,34,2,36,14,11:49:00,
26084,15429,53,7,10,13,11:49:00,
26085,15429,23,3,43,3,11:25:00,
26086,15430,1,4,27,12,13:37:00,
26087,15431,13,2,33,6,15:28:00,
26088,15431,43,8,45,12,15:10:00,
26089,15432,73,5,24,6,11:28:00,
26090,15432,29,7,37,10,11:27:00,
26091,15433,53,2,18,11,11:25:00,
26092,15434,60,2,26,7,14:37:00,
26093,15434,7,7,38,7,14:10:00,
26094,15435,23,4,36,11,14:34:00,
26095,15436,21,3,38,6,10:11:00,
26096,15437,11,1,25,5,16:06:00,
26097,15438,52,5,47,12,10:47:00,
26098,15438,68,7,33,6,10:59:00,
26099,15439,23,1,24,13,13:43:00,
26100,15439,21,1,42,13,13:43:00,
26101,15440,17,1,36,2,16:41:00,
26102,15441,10,7,34,2,11:01:00,
26103,15441,52,5,36,4,11:37:00,
26104,15442,13,4,41,7,16:08:00,
26105,15442,28,8,46,14,16:06:00,
26106,15442,57,6,31,6,15:29:00,
26107,15443,61,4,31,7,13:48:00,
26108,15444,68,8,32,4,18:09:00,
26109,15445,73,7,26,5,16:54:00,
26110,15446,17,1,15,13,10:42:00,
26111,15446,73,5,5,1,10:49:00,
26112,15447,61,8,34,2,11:21:00,
26113,15447,23,1,29,12,11:23:00,
26114,15448,16,2,18,13,10:36:00,
26115,15449,60,1,26,7,14:18:00,
26116,15450,44,6,19,14,17:37:00,
26117,15451,69,4,34,10,15:39:00,
26118,15452,30,8,19,13,14:43:00,
26119,15453,14,2,35,14,11:10:00,
26120,15453,59,7,41,3,11:41:00,
26121,15453,47,4,36,5,12:05:00,
26122,15454,65,3,28,4,13:51:00,
26123,15455,28,5,37,13,14:01:00,
26124,15455,23,1,37,5,13:27:00,
26125,15455,57,6,25,12,13:23:00,
26126,15456,68,3,22,12,13:18:00,
26127,15457,21,4,32,5,09:39:00,
26128,15458,1,8,33,2,13:28:00,
26129,15458,53,5,8,7,13:54:00,
26130,15458,16,4,16,3,13:24:00,
26131,15459,20,4,38,14,12:32:00,
26132,15459,11,2,36,11,12:19:00,
26133,15459,39,7,18,14,12:46:00,
26134,15460,62,7,36,4,10:45:00,
26135,15460,13,7,24,5,10:46:00,
26136,15460,61,2,31,10,11:18:00,
26137,15461,17,8,12,10,14:21:00,
26138,15462,43,4,40,13,10:40:00,
26139,15462,69,1,30,4,10:38:00,
26140,15462,71,2,19,6,10:34:00,
26141,15463,53,4,36,7,15:06:00,
26142,15464,44,2,23,1,16:11:00,
26143,15465,61,6,37,10,14:55:00,
26144,15466,11,1,22,7,14:57:00,
26145,15467,19,1,24,12,15:24:00,
26146,15468,20,3,53,4,16:53:00,
26147,15468,1,1,47,10,17:00:00,
26148,15468,11,4,25,12,16:51:00,
26149,15469,73,8,24,6,16:25:00,
26150,15469,10,6,19,5,16:43:00,
26151,15470,71,1,20,14,11:35:00,
26152,15471,48,6,24,12,13:42:00,
26153,15471,17,3,36,12,13:51:00,
26154,15471,11,2,30,5,13:14:00,
26155,15472,8,6,26,4,16:58:00,
26156,15472,29,5,34,3,16:34:00,
26157,15473,17,1,18,14,14:19:00,
26158,15473,14,3,24,3,13:26:00,
26159,15474,44,2,16,1,14:41:00,
26160,15474,1,2,31,3,14:42:00,
26161,15474,57,2,5,12,15:03:00,
26162,15475,60,2,34,13,10:48:00,
26163,15476,34,2,36,11,15:07:00,
26164,15476,14,1,16,5,15:04:00,
26165,15477,39,6,22,10,15:10:00,
26166,15477,21,1,33,10,15:31:00,
26167,15478,13,1,19,14,15:18:00,
26168,15478,69,8,29,4,15:41:00,
26169,15478,1,7,24,5,15:18:00,
26170,15479,34,4,34,11,13:39:00,
26171,15479,62,5,39,5,13:12:00,
26172,15479,38,3,34,5,14:29:00,
26173,15480,34,7,36,3,16:45:00,
26174,15480,21,6,33,1,17:22:00,
26175,15480,29,8,16,4,17:24:00,
26176,15481,43,6,43,10,17:04:00,
26177,15481,67,2,16,6,16:15:00,
26178,15482,23,3,32,14,10:54:00,
26179,15482,69,1,26,14,10:59:00,
26180,15482,65,1,34,10,11:34:00,
26181,15483,43,7,40,7,11:41:00,
26182,15483,14,3,45,4,11:35:00,
26183,15484,17,3,17,6,17:43:00,
26184,15485,53,1,19,12,10:21:00,
26185,15485,51,3,31,12,10:11:00,
26186,15486,23,2,28,12,13:49:00,
26187,15486,38,5,40,11,13:44:00,
26188,15487,20,2,37,4,14:27:00,
26189,15487,42,8,20,6,14:49:00,
26190,15488,73,7,23,4,14:08:00,
26191,15488,62,7,32,11,14:04:00,
26192,15488,52,1,20,6,13:54:00,
26193,15489,52,7,34,13,11:40:00,
26194,15490,53,1,26,2,09:34:00,
26195,15490,56,1,26,13,09:46:00,
26196,15490,57,4,13,3,09:40:00,
26197,15491,51,5,29,1,11:24:00,
26198,15491,52,2,33,5,11:18:00,
26199,15491,34,5,36,3,11:39:00,
26200,15492,11,3,38,10,10:55:00,
26201,15492,10,6,33,14,11:03:00,
26202,15492,19,7,36,1,10:05:00,
26203,15493,34,7,50,6,16:25:00,
26204,15494,47,4,16,14,16:48:00,
26205,15495,45,7,51,2,14:21:00,
26206,15495,42,4,49,10,14:53:00,
26207,15495,11,8,18,3,15:14:00,
26208,15496,52,8,22,1,16:23:00,
26209,15496,23,8,27,13,16:45:00,
26210,15497,21,7,14,6,09:25:00,
26211,15497,57,3,17,7,10:04:00,
26212,15497,67,4,29,5,10:05:00,
26213,15498,51,7,22,6,11:01:00,
26214,15499,21,6,40,6,14:31:00,
26215,15499,71,3,29,3,14:24:00,
26216,15499,29,2,18,4,14:28:00,
26217,15500,57,3,37,10,14:20:00,
26218,15500,71,4,19,12,13:44:00,
26219,15501,23,6,38,2,14:25:00,
26220,15501,60,4,21,2,14:26:00,
26221,15502,16,3,22,1,15:18:00,
26222,15502,68,4,39,3,15:28:00,
26223,15503,56,2,31,14,10:41:00,
26224,15504,1,8,26,14,13:05:00,
26225,15505,69,2,27,5,11:42:00,
26226,15506,10,3,23,4,11:20:00,
26227,15506,65,7,28,5,11:26:00,
26228,15507,8,2,26,1,12:16:00,
26229,15508,67,2,30,12,14:45:00,
26230,15509,53,8,9,5,15:17:00,
26231,15510,43,4,23,6,16:18:00,
26232,15510,42,3,23,6,16:23:00,
26233,15511,53,4,33,3,12:40:00,
26234,15511,48,7,31,1,12:28:00,
26235,15512,43,6,34,4,11:46:00,
26236,15512,28,1,35,5,11:32:00,
26237,15513,29,3,20,7,15:02:00,
26238,15514,56,5,34,1,14:43:00,
26239,15514,16,1,27,12,14:11:00,
26240,15515,11,4,33,11,13:26:00,
26241,15516,52,4,27,7,15:05:00,
26242,15517,67,8,30,13,16:20:00,
26243,15517,68,3,39,4,16:15:00,
26244,15518,39,5,26,14,12:50:00,
26245,15519,30,5,25,2,14:15:00,
26246,15519,43,1,31,5,14:29:00,
26247,15520,47,6,19,2,11:48:00,
26248,15520,53,2,16,12,11:46:00,
26249,15521,48,1,26,5,10:21:00,
26250,15522,69,6,10,12,15:32:00,
26251,15522,50,2,43,6,16:25:00,
26252,15523,69,2,33,5,14:37:00,
26253,15523,15,4,22,4,14:42:00,
26254,15524,68,7,24,2,17:02:00,
26255,15525,30,4,48,1,16:24:00,
26256,15526,1,3,40,14,16:24:00,
26257,15526,17,8,18,6,16:20:00,
26258,15527,60,5,35,10,12:05:00,
26259,15527,1,8,48,1,12:28:00,
26260,15528,38,2,36,4,14:24:00,
26261,15528,47,3,20,12,14:35:00,
26262,15529,13,4,27,12,12:48:00,
26263,15530,19,8,38,5,15:19:00,
26264,15530,14,5,28,6,15:11:00,
26265,15531,29,7,31,7,16:43:00,
26266,15531,50,2,45,3,15:27:00,
26267,15532,30,3,32,4,16:15:00,
26268,15533,47,6,27,7,16:11:00,
26269,15533,29,1,23,2,16:05:00,
26270,15533,42,8,31,14,16:36:00,
26271,15534,30,6,38,11,16:09:00,
26272,15534,38,5,28,10,16:38:00,
26273,15535,11,6,22,12,16:04:00,
26274,15535,23,6,41,13,15:07:00,
26275,15536,48,2,27,10,09:50:00,
26276,15536,11,3,19,4,09:39:00,
26277,15537,39,1,31,3,12:18:00,
26278,15538,65,7,32,1,12:21:00,
26279,15539,59,8,19,10,16:27:00,
26280,15540,57,4,13,3,12:02:00,
26281,15541,38,2,14,6,16:37:00,
26282,15541,56,7,18,11,16:40:00,
26283,15541,10,4,19,10,16:54:00,
26284,15542,71,7,41,12,12:08:00,
26285,15542,69,7,34,4,11:56:00,
26286,15543,16,8,18,6,12:13:00,
26287,15544,51,5,22,2,17:48:00,
26288,15545,13,8,35,10,17:02:00,
26289,15545,8,4,45,6,17:48:00,
26290,15546,48,4,37,12,10:51:00,
26291,15546,13,3,34,14,10:39:00,
26292,15547,34,1,44,13,17:10:00,
26293,15547,48,5,23,7,17:11:00,
26294,15547,44,5,17,1,17:13:00,
26295,15548,43,2,27,1,16:50:00,
26296,15549,43,5,32,11,16:56:00,
26297,15550,8,8,33,13,09:20:00,
26298,15550,34,3,27,1,09:29:00,
26299,15550,43,3,43,3,09:40:00,
26300,15551,14,8,27,6,10:18:00,
26301,15551,21,6,31,5,10:22:00,
26302,15552,50,1,16,12,14:38:00,
26303,15553,44,2,6,7,17:54:00,
26304,15553,21,5,35,13,17:04:00,
26305,15554,42,7,33,14,17:02:00,
26306,15554,16,7,32,5,15:30:00,
26307,15554,69,4,32,4,15:44:00,
26308,15555,28,1,36,4,09:31:00,
26309,15555,52,3,32,14,09:29:00,
26310,15556,65,3,15,6,12:09:00,
26311,15557,20,4,38,12,09:30:00,
26312,15557,48,1,30,4,09:27:00,
26313,15557,17,3,26,5,09:37:00,
26314,15558,11,1,38,5,10:55:00,
26315,15558,51,7,31,14,11:05:00,
26316,15559,15,2,24,11,10:17:00,
26317,15560,67,7,42,2,11:30:00,
26318,15560,1,3,29,1,11:24:00,
26319,15561,15,1,29,4,12:02:00,
26320,15562,11,7,14,6,15:13:00,
26321,15562,21,2,28,2,15:04:00,
26322,15562,61,8,45,7,15:08:00,
26323,15563,5,1,41,10,13:49:00,
26324,15563,67,3,44,12,13:40:00,
26325,15564,68,5,30,5,11:20:00,
26326,15565,44,2,10,14,14:20:00,
26327,15566,16,7,24,7,13:50:00,
26328,15566,30,7,46,10,13:22:00,
26329,15566,8,5,42,13,13:53:00,
26330,15567,73,2,30,14,14:15:00,
26331,15567,14,2,25,3,13:40:00,
26332,15568,50,1,26,3,09:52:00,
26333,15568,23,1,49,1,09:59:00,
26334,15569,28,4,33,4,10:55:00,
26335,15570,61,2,25,4,15:41:00,
26336,15570,17,8,40,3,15:34:00,
26337,15571,17,1,34,12,17:41:00,
26338,15572,69,7,31,3,13:37:00,
26339,15573,43,8,39,14,13:13:00,
26340,15574,1,5,37,3,10:39:00,
26341,15574,14,2,36,4,10:51:00,
26342,15575,56,5,42,1,16:26:00,
26343,15575,51,3,19,14,16:24:00,
26344,15575,60,6,22,10,16:21:00,
26345,15576,17,2,13,13,12:16:00,
26346,15577,1,8,35,12,16:21:00,
26347,15577,68,3,32,6,16:36:00,
26348,15577,42,7,31,2,15:56:00,
26349,15578,23,4,34,3,16:12:00,
26350,15578,21,7,28,12,16:18:00,
26351,15579,10,1,45,10,13:59:00,
26352,15579,16,2,16,2,13:21:00,
26353,15580,61,2,29,14,14:26:00,
26354,15580,1,7,17,11,14:19:00,
26355,15581,61,7,26,2,17:12:00,
26356,15581,11,8,26,10,17:17:00,
26357,15582,68,5,28,12,14:34:00,
26358,15582,5,1,32,12,14:40:00,
26359,15582,60,1,27,5,14:37:00,
26360,15583,34,7,29,10,11:06:00,
26361,15583,19,2,28,2,12:23:00,
26362,15584,42,8,38,7,14:41:00,
26363,15585,29,6,29,5,12:38:00,
26364,15585,28,2,16,13,12:36:00,
26365,15586,42,5,32,6,10:27:00,
26366,15587,34,4,37,14,15:29:00,
26367,15588,5,7,41,4,17:25:00,
26368,15588,23,1,29,6,17:19:00,
26369,15589,42,3,34,12,17:41:00,
26370,15589,71,3,13,13,16:54:00,
26371,15589,7,2,44,11,16:25:00,
26372,15590,53,8,33,7,14:42:00,
26373,15591,11,3,18,14,13:36:00,
26374,15591,17,4,28,14,12:52:00,
26375,15592,68,5,34,10,10:44:00,
26376,15592,57,2,23,6,10:41:00,
26377,15593,71,1,33,7,14:19:00,
26378,15594,68,8,28,7,15:14:00,
26379,15595,45,4,18,10,12:08:00,
26380,15596,60,5,24,5,10:19:00,
26381,15596,23,2,22,1,11:27:00,
26382,15597,51,8,32,6,12:29:00,
26383,15597,7,6,38,6,12:39:00,
26384,15598,30,1,15,2,13:45:00,
26385,15599,7,5,33,14,17:31:00,
26386,15599,45,4,32,4,16:25:00,
26387,15600,34,3,27,4,17:02:00,
26388,15600,20,8,21,2,16:51:00,
26389,15600,45,1,26,4,16:56:00,
26390,15601,59,1,29,2,13:52:00,
26391,15602,61,4,33,2,16:53:00,
26392,15603,10,6,27,14,13:02:00,
26393,15603,48,2,23,12,12:47:00,
26394,15603,62,2,27,4,13:04:00,
26395,15604,30,7,29,4,11:29:00,
26396,15604,5,1,37,3,11:08:00,
26397,15605,43,1,51,1,12:44:00,
26398,15605,71,8,15,7,12:32:00,
26399,15606,28,2,40,6,14:43:00,
26400,15606,73,4,29,7,14:23:00,
26401,15607,10,2,22,6,09:20:00,
26402,15608,42,4,29,6,13:44:00,
26403,15609,13,3,40,7,12:33:00,
26404,15610,62,3,31,5,14:05:00,
26405,15610,69,1,21,2,14:08:00,
26406,15611,5,8,27,13,12:13:00,
26407,15612,13,5,24,11,13:42:00,
26408,15613,67,5,18,13,11:11:00,
26409,15614,1,7,19,2,10:26:00,
26410,15614,8,5,29,3,09:55:00,
26411,15615,20,2,41,11,14:40:00,
26412,15615,51,3,14,7,14:12:00,
26413,15616,62,8,40,11,10:53:00,
26414,15616,13,2,30,2,10:23:00,
26415,15617,48,3,34,14,13:23:00,
26416,15617,23,7,43,12,12:53:00,
26417,15618,61,7,8,7,16:37:00,
26418,15619,45,1,36,14,14:08:00,
26419,15619,52,2,30,13,14:44:00,
26420,15620,1,5,31,7,12:59:00,
26421,15620,68,5,33,13,12:39:00,
26422,15621,15,6,25,4,15:24:00,
26423,15621,1,4,50,7,15:47:00,
26424,15622,44,8,6,10,12:07:00,
26425,15623,8,8,30,10,16:34:00,
26426,15623,68,5,30,12,16:37:00,
26427,15623,53,2,34,6,16:30:00,
26428,15624,16,8,28,10,10:56:00,
26429,15624,45,6,36,11,12:04:00,
26430,15625,38,5,27,5,10:58:00,
26431,15626,8,1,38,7,11:07:00,
26432,15627,17,7,27,2,11:57:00,
26433,15628,48,5,30,4,14:54:00,
26434,15628,57,3,25,7,14:47:00,
26435,15629,10,6,29,3,12:07:00,
26436,15629,56,3,32,12,12:41:00,
26437,15630,39,8,18,1,13:47:00,
26438,15631,69,4,41,4,11:43:00,
26439,15631,30,6,33,5,11:27:00,
26440,15632,21,8,29,12,10:34:00,
26441,15632,48,5,23,6,10:31:00,
26442,15632,52,1,25,5,10:50:00,
26443,15633,38,3,29,6,15:02:00,
26444,15634,50,3,27,3,17:11:00,
26445,15634,59,6,27,1,16:59:00,
26446,15634,15,3,22,10,17:02:00,
26447,15635,10,6,31,2,15:37:00,
26448,15635,45,2,36,2,16:11:00,
26449,15635,73,5,15,12,15:49:00,
26450,15636,29,4,29,12,10:52:00,
26451,15637,59,2,11,6,15:38:00,
26452,15637,43,3,43,5,15:04:00,
26453,15638,50,8,35,6,11:06:00,
26454,15639,16,3,16,14,14:37:00,
26455,15640,5,2,44,12,12:31:00,
26456,15640,34,1,27,10,12:06:00,
26457,15640,14,4,40,1,12:10:00,
26458,15641,15,3,19,12,10:14:00,
26459,15641,52,8,41,2,09:48:00,
26460,15642,60,1,21,3,16:41:00,
26461,15642,20,8,30,1,16:20:00,
26462,15643,68,6,23,12,12:13:00,
26463,15643,23,1,18,4,12:27:00,
26464,15644,14,4,21,7,09:54:00,
26465,15644,21,8,26,1,09:48:00,
26466,15645,52,3,21,3,09:25:00,
26467,15646,1,8,43,14,09:44:00,
26468,15647,68,8,27,4,15:01:00,
26469,15648,30,6,29,6,14:11:00,
26470,15649,29,4,33,13,09:39:00,
26471,15649,21,1,35,12,09:45:00,
26472,15650,65,3,20,6,15:38:00,
26473,15651,62,2,32,3,17:05:00,
26474,15652,20,2,37,13,11:37:00,
26475,15653,42,5,35,14,14:08:00,
26476,15654,71,8,29,11,15:20:00,
26477,15654,20,7,22,10,16:35:00,
26478,15654,21,4,26,12,16:14:00,
26479,15655,21,7,24,13,09:12:00,
26480,15656,62,6,37,11,17:40:00,
26481,15656,11,5,36,3,16:54:00,
26482,15657,13,5,40,13,10:43:00,
26483,15658,68,8,36,10,16:25:00,
26484,15658,38,6,30,5,15:52:00,
26485,15658,39,1,27,10,16:05:00,
26486,15659,43,7,48,1,13:52:00,
26487,15660,53,6,26,5,12:42:00,
26488,15661,13,8,29,12,12:09:00,
26489,15662,28,8,44,7,15:05:00,
26490,15662,62,5,29,2,15:47:00,
26491,15663,48,6,19,12,12:24:00,
26492,15664,56,5,24,4,15:57:00,
26493,15665,61,7,28,10,10:42:00,
26494,15665,28,2,24,10,10:41:00,
26495,15666,67,7,21,10,11:04:00,
26496,15666,17,3,42,1,10:25:00,
26497,15666,20,1,34,11,10:58:00,
26498,15667,44,2,27,7,12:02:00,
26499,15667,47,8,23,13,11:54:00,
26500,15668,73,4,9,6,14:14:00,
26501,15669,65,8,33,12,14:47:00,
26502,15669,62,5,13,1,14:35:00,
26503,15670,17,6,38,13,09:13:00,
26504,15670,57,8,15,10,09:34:00,
26505,15671,48,4,28,7,12:22:00,
26506,15671,62,2,28,5,11:51:00,
26507,15671,15,7,23,13,12:16:00,
26508,15672,30,3,34,1,15:58:00,
26509,15672,21,5,23,6,16:13:00,
26510,15673,30,6,38,10,12:50:00,
26511,15674,47,4,34,10,16:44:00,
26512,15675,8,6,31,5,12:15:00,
26513,15675,47,5,33,5,12:25:00,
26514,15676,51,6,27,13,12:37:00,
26515,15676,17,6,22,5,13:02:00,
26516,15677,28,3,25,12,12:53:00,
26517,15677,39,2,21,3,12:36:00,
26518,15678,19,2,29,13,17:08:00,
26519,15678,1,6,37,1,17:00:00,
26520,15678,61,7,32,7,17:09:00,
26521,15679,17,3,25,4,15:26:00,
26522,15680,13,2,41,13,16:41:00,
26523,15680,17,6,28,10,17:14:00,
26524,15680,5,1,21,1,17:07:00,
26525,15681,8,8,28,1,13:46:00,
26526,15681,44,5,38,5,14:07:00,
26527,15681,45,5,59,1,13:55:00,
26528,15682,1,4,37,13,12:44:00,
26529,15682,39,6,14,2,13:12:00,
26530,15683,61,8,37,4,16:46:00,
26531,15683,73,8,31,6,16:52:00,
26532,15684,15,8,18,13,15:27:00,
26533,15685,56,3,25,3,12:20:00,
26534,15685,61,1,26,13,12:14:00,
26535,15686,16,3,24,11,14:43:00,
26536,15686,11,3,27,11,15:31:00,
26537,15686,20,4,18,4,14:18:00,
26538,15687,14,3,15,4,16:36:00,
26539,15687,10,6,32,14,16:41:00,
26540,15688,48,8,29,12,16:54:00,
26541,15688,17,4,28,3,16:58:00,
26542,15688,5,3,39,11,17:07:00,
26543,15689,14,8,27,2,13:20:00,
26544,15689,21,8,27,3,13:33:00,
26545,15690,29,6,19,10,16:33:00,
26546,15691,20,3,29,12,15:50:00,
26547,15691,59,6,23,14,16:17:00,
26548,15692,23,2,17,1,14:33:00,
26549,15693,65,7,41,4,16:06:00,
26550,15694,57,4,31,11,16:42:00,
26551,15694,29,4,21,10,16:40:00,
26552,15695,57,3,20,13,13:49:00,
26553,15695,65,7,29,7,13:43:00,
26554,15696,67,3,30,7,16:56:00,
26555,15696,57,2,41,14,16:19:00,
26556,15697,5,5,39,6,13:57:00,
26557,15698,42,3,35,3,15:29:00,
26558,15698,19,3,33,6,15:40:00,
26559,15699,65,3,38,4,12:54:00,
26560,15699,53,4,24,11,13:01:00,
26561,15700,51,3,27,5,11:59:00,
26562,15701,71,6,17,7,16:40:00,
26563,15701,19,3,38,3,16:40:00,
26564,15701,14,5,21,6,16:29:00,
26565,15702,19,2,21,14,11:42:00,
26566,15703,8,1,37,4,10:37:00,
26567,15703,68,2,7,3,10:52:00,
26568,15704,61,6,21,1,16:54:00,
26569,15705,19,8,28,14,11:15:00,
26570,15705,71,8,14,5,11:13:00,
26571,15706,1,4,35,7,13:12:00,
26572,15706,11,6,29,4,13:36:00,
26573,15707,20,6,49,1,16:42:00,
26574,15708,43,2,29,1,12:49:00,
26575,15708,5,1,33,12,12:45:00,
26576,15708,1,8,36,5,12:37:00,
26577,15709,57,6,24,11,11:22:00,
26578,15710,21,3,38,6,13:37:00,
26579,15710,28,5,27,5,14:01:00,
26580,15711,43,8,44,14,18:05:00,
26581,15712,28,5,28,4,16:28:00,
26582,15712,48,6,22,13,15:49:00,
26583,15712,11,7,26,14,17:25:00,
26584,15713,17,8,25,12,16:39:00,
26585,15713,28,1,41,5,16:43:00,
26586,15714,16,3,15,1,13:59:00,
26587,15714,38,3,25,2,14:40:00,
26588,15715,67,3,33,7,14:34:00,
26589,15715,44,4,26,10,13:13:00,
26590,15716,48,4,31,7,09:48:00,
26591,15717,17,2,22,7,16:31:00,
26592,15718,53,3,16,6,09:50:00,
26593,15719,29,6,21,6,12:14:00,
26594,15719,57,3,25,13,12:27:00,
26595,15720,71,3,21,6,15:31:00,
26596,15720,20,6,47,6,15:17:00,
26597,15721,17,8,35,13,10:48:00,
26598,15722,13,1,30,2,10:39:00,
26599,15722,52,2,32,12,09:59:00,
26600,15723,67,5,28,6,17:18:00,
26601,15724,48,4,41,7,12:31:00,
26602,15724,11,2,26,1,12:32:00,
26603,15724,43,1,46,4,13:47:00,
26604,15725,50,6,37,3,13:35:00,
26605,15726,50,1,51,5,09:39:00,
26606,15726,62,3,17,1,10:20:00,
26607,15727,57,2,23,6,11:38:00,
26608,15728,43,4,22,6,14:12:00,
26609,15728,50,4,15,1,14:04:00,
26610,15728,15,5,40,5,13:30:00,
26611,15729,69,7,40,12,16:39:00,
26612,15729,59,5,19,11,17:40:00,
26613,15730,42,3,43,5,16:26:00,
26614,15730,69,1,40,6,15:02:00,
26615,15730,20,1,39,12,16:33:00,
26616,15731,21,3,29,14,11:05:00,
26617,15731,15,1,31,2,10:00:00,
26618,15732,38,6,25,14,16:34:00,
26619,15732,34,4,29,6,16:42:00,
26620,15732,15,7,29,7,16:36:00,
26621,15733,65,6,31,6,09:41:00,
26622,15733,53,2,20,14,09:45:00,
26623,15734,7,8,30,10,09:54:00,
26624,15734,47,7,21,6,10:44:00,
26625,15734,13,6,27,13,10:28:00,
26626,15735,7,8,33,3,16:58:00,
26627,15736,29,8,36,2,12:05:00,
26628,15736,1,1,12,3,12:17:00,
26629,15737,59,8,30,11,13:27:00,
26630,15737,14,6,15,1,13:47:00,
26631,15738,11,3,31,13,11:01:00,
26632,15739,69,2,19,3,11:40:00,
26633,15740,5,2,36,12,15:10:00,
26634,15741,19,1,41,1,11:46:00,
26635,15742,71,5,35,13,15:03:00,
26636,15743,52,3,21,4,11:33:00,
26637,15744,11,2,32,12,11:56:00,
26638,15744,59,7,13,5,10:44:00,
26639,15745,14,2,27,11,13:38:00,
26640,15746,61,1,28,6,14:19:00,
26641,15747,56,8,27,3,12:04:00,
26642,15747,34,6,28,13,11:52:00,
26643,15748,23,6,35,4,10:37:00,
26644,15749,5,1,38,10,17:06:00,
26645,15749,45,7,40,14,17:27:00,
26646,15750,38,7,27,4,11:52:00,
26647,15751,59,7,38,7,12:58:00,
26648,15751,52,1,21,12,12:49:00,
26649,15751,45,2,32,4,12:27:00,
26650,15752,42,6,28,10,13:50:00,
26651,15752,53,3,26,7,13:22:00,
26652,15752,47,5,37,6,12:22:00,
26653,15753,7,5,37,1,11:49:00,
26654,15754,52,5,42,7,12:53:00,
26655,15755,68,2,36,10,15:47:00,
26656,15756,20,1,37,14,16:56:00,
26657,15756,16,1,15,4,16:55:00,
26658,15757,62,8,12,13,13:55:00,
26659,15757,30,8,35,14,14:22:00,
26660,15758,21,7,17,12,12:33:00,
26661,15758,51,2,32,12,12:53:00,
26662,15759,73,7,29,14,10:09:00,
26663,15759,20,4,23,1,10:19:00,
26664,15760,23,6,30,14,15:09:00,
26665,15760,53,1,29,4,16:41:00,
26666,15761,57,5,31,12,12:13:00,
26667,15762,60,8,34,12,11:36:00,
26668,15763,68,4,35,13,14:06:00,
26669,15763,5,1,40,3,14:12:00,
26670,15763,39,6,11,12,14:11:00,
26671,15764,47,7,36,13,12:38:00,
26672,15764,23,6,25,2,12:34:00,
26673,15765,45,8,26,13,11:22:00,
26674,15766,65,7,27,6,09:30:00,
26675,15766,59,2,26,11,09:40:00,
26676,15766,10,7,33,3,09:14:00,
26677,15767,47,7,13,13,15:40:00,
26678,15768,71,2,27,1,09:17:00,
26679,15769,14,1,25,14,10:02:00,
26680,15770,15,1,34,4,13:56:00,
26681,15770,10,8,23,2,14:02:00,
26682,15771,38,4,31,14,14:42:00,
26683,15772,53,8,25,12,13:00:00,
26684,15773,38,5,18,14,15:38:00,
26685,15774,21,4,43,1,17:02:00,
26686,15774,34,4,33,14,17:26:00,
26687,15775,21,7,24,12,09:50:00,
26688,15776,56,1,44,6,11:14:00,
26689,15777,45,2,35,1,12:33:00,
26690,15777,38,6,18,7,12:22:00,
26691,15777,5,8,34,3,12:38:00,
26692,15778,60,5,30,10,10:25:00,
26693,15778,51,2,26,7,10:04:00,
26694,15778,42,4,36,12,10:47:00,
26695,15779,30,7,22,5,13:36:00,
26696,15779,73,8,27,10,13:10:00,
26697,15780,43,5,47,12,17:54:00,
26698,15781,13,8,40,14,11:20:00,
26699,15781,15,3,43,2,10:58:00,
26700,15781,10,2,27,4,11:04:00,
26701,15782,52,5,31,6,12:56:00,
26702,15782,71,2,30,10,12:52:00,
26703,15783,13,1,30,14,12:22:00,
26704,15783,29,6,30,4,12:44:00,
26705,15783,5,5,45,6,12:23:00,
26706,15784,15,3,42,13,14:37:00,
26707,15785,1,1,34,10,15:06:00,
26708,15785,39,3,22,5,15:15:00,
26709,15785,57,6,31,14,15:04:00,
26710,15786,38,2,14,10,16:12:00,
26711,15786,68,6,36,2,16:32:00,
26712,15787,57,1,19,13,12:47:00,
26713,15788,56,2,36,13,13:16:00,
26714,15788,34,6,28,4,13:35:00,
26715,15789,42,6,29,4,10:35:00,
26716,15789,28,3,52,1,10:56:00,
26717,15790,1,4,28,2,13:58:00,
26718,15790,14,7,26,1,13:30:00,
26719,15791,69,4,26,13,10:44:00,
26720,15791,14,2,36,11,10:39:00,
26721,15792,67,4,14,6,11:43:00,
26722,15793,52,2,25,4,13:03:00,
26723,15794,44,7,20,7,11:50:00,
26724,15794,50,5,30,3,11:53:00,
26725,15795,20,6,54,4,14:37:00,
26726,15796,15,7,21,1,09:44:00,
26727,15796,43,2,36,11,09:56:00,
26728,15797,23,2,21,5,15:24:00,
26729,15798,38,8,24,1,11:12:00,
26730,15798,39,4,19,4,10:44:00,
26731,15799,42,6,27,1,11:02:00,
26732,15800,44,3,33,13,12:13:00,
26733,15800,10,2,21,11,11:55:00,
26734,15801,29,3,19,13,17:24:00,
26735,15801,21,2,39,1,17:57:00,
26736,15802,43,4,21,14,09:13:00,
26737,15802,11,6,27,1,10:06:00,
26738,15803,45,8,33,3,16:59:00,
26739,15803,5,5,43,12,15:52:00,
26740,15803,47,3,31,3,16:35:00,
26741,15804,7,1,27,11,11:37:00,
26742,15805,14,7,27,3,16:42:00,
26743,15806,20,2,28,14,14:26:00,
26744,15806,7,2,33,5,14:31:00,
26745,15806,61,8,16,6,14:14:00,
26746,15807,62,2,15,13,11:39:00,
26747,15808,42,7,33,6,09:59:00,
26748,15808,30,7,26,7,09:49:00,
26749,15809,15,6,32,3,12:36:00,
26750,15810,38,1,26,5,14:24:00,
26751,15811,45,3,15,4,16:27:00,
26752,15811,7,3,25,4,16:12:00,
26753,15812,50,7,39,13,11:09:00,
26754,15812,62,1,53,2,10:45:00,
26755,15812,39,8,19,7,10:49:00,
26756,15813,73,1,26,14,11:42:00,
26757,15813,44,4,21,12,11:43:00,
26758,15813,7,4,34,14,11:10:00,
26759,15814,47,2,12,10,13:42:00,
26760,15814,28,2,50,12,13:18:00,
26761,15815,10,8,19,1,13:33:00,
26762,15815,34,4,35,11,12:51:00,
26763,15815,28,6,41,11,13:30:00,
26764,15816,42,2,30,13,13:10:00,
26765,15816,14,8,23,6,13:25:00,
26766,15817,29,2,24,13,14:49:00,
26767,15817,53,2,25,12,14:37:00,
26768,15818,1,8,17,6,17:37:00,
26769,15818,44,4,16,13,17:17:00,
26770,15818,50,6,24,4,17:19:00,
26771,15819,59,4,20,7,11:58:00,
26772,15819,47,7,14,14,11:57:00,
26773,15819,8,3,30,6,12:28:00,
26774,15820,10,7,21,2,13:58:00,
26775,15820,59,4,19,5,14:10:00,
26776,15820,73,5,19,6,14:18:00,
26777,15821,20,5,45,2,14:20:00,
26778,15821,8,5,32,12,14:35:00,
26779,15822,38,5,26,7,15:42:00,
26780,15823,17,8,35,7,17:17:00,
26781,15824,62,2,27,7,16:25:00,
26782,15824,44,2,23,5,16:40:00,
26783,15824,16,6,14,7,16:19:00,
26784,15825,23,4,37,2,10:15:00,
26785,15825,16,3,28,12,10:42:00,
26786,15826,60,8,42,13,11:49:00,
26787,15826,45,4,19,3,11:49:00,
26788,15826,15,7,25,4,11:43:00,
26789,15827,16,7,37,6,13:44:00,
26790,15828,51,3,28,2,14:30:00,
26791,15828,50,5,22,14,14:40:00,
26792,15829,15,2,36,11,11:39:00,
26793,15829,48,3,25,7,11:48:00,
26794,15830,28,7,33,13,13:19:00,
26795,15831,53,4,37,2,12:19:00,
26796,15832,47,2,32,10,09:20:00,
26797,15833,59,8,35,5,13:16:00,
26798,15834,14,2,29,5,10:19:00,
26799,15835,34,8,32,14,16:24:00,
26800,15836,14,4,27,4,12:22:00,
26801,15837,61,5,40,12,13:32:00,
26802,15837,52,5,30,4,13:31:00,
26803,15838,28,1,32,7,15:24:00,
26804,15839,13,2,27,10,09:59:00,
26805,15839,57,2,26,14,10:03:00,
26806,15840,20,6,47,4,15:09:00,
26807,15841,23,5,21,2,13:39:00,
26808,15842,38,2,18,6,13:04:00,
26809,15842,28,8,22,11,13:38:00,
26810,15843,20,1,43,1,10:07:00,
26811,15844,56,4,46,3,15:54:00,
26812,15845,13,8,33,4,12:37:00,
26813,15846,30,6,32,5,16:00:00,
26814,15846,56,1,27,12,15:46:00,
26815,15847,57,7,26,7,18:12:00,
26816,15847,48,8,21,12,18:15:00,
26817,15848,67,5,36,2,12:12:00,
26818,15848,68,5,31,10,11:58:00,
26819,15849,15,3,26,13,15:05:00,
26820,15849,56,3,44,14,14:01:00,
26821,15850,71,4,5,3,09:21:00,
26822,15851,67,8,16,1,10:08:00,
26823,15851,29,3,23,14,10:50:00,
26824,15852,61,7,36,13,17:12:00,
26825,15852,53,6,11,11,17:20:00,
26826,15852,29,3,15,11,17:41:00,
26827,15853,21,8,30,13,12:32:00,
26828,15854,43,7,38,1,09:31:00,
26829,15855,39,1,8,13,10:15:00,
26830,15855,42,1,18,2,09:40:00,
26831,15856,8,2,31,3,14:15:00,
26832,15857,65,1,32,5,11:46:00,
26833,15857,28,3,33,11,12:13:00,
26834,15858,69,6,39,6,12:05:00,
26835,15858,39,3,34,14,12:58:00,
26836,15858,34,5,37,5,12:07:00,
26837,15859,38,3,23,5,15:54:00,
26838,15859,29,8,17,10,16:15:00,
26839,15860,11,8,27,6,16:38:00,
26840,15860,23,2,31,2,16:22:00,
26841,15861,28,4,30,4,13:30:00,
26842,15862,21,1,34,6,11:30:00,
26843,15862,52,6,31,5,11:32:00,
26844,15863,69,8,46,3,13:39:00,
26845,15864,69,7,29,7,16:25:00,
26846,15864,59,8,17,12,16:49:00,
26847,15865,53,1,26,6,12:03:00,
26848,15865,48,8,20,1,11:42:00,
26849,15866,51,2,16,11,12:01:00,
26850,15867,65,2,20,6,15:40:00,
26851,15868,68,4,38,4,12:09:00,
26852,15868,10,6,40,5,11:55:00,
26853,15868,61,7,46,3,11:28:00,
26854,15869,62,2,22,1,15:16:00,
26855,15869,19,3,28,7,14:59:00,
26856,15870,53,1,40,3,10:52:00,
26857,15871,56,6,34,6,16:51:00,
26858,15871,15,3,20,7,17:07:00,
26859,15872,69,4,27,14,09:56:00,
26860,15872,73,4,33,7,10:14:00,
26861,15873,48,5,28,4,15:58:00,
26862,15874,16,2,38,14,13:07:00,
26863,15874,59,8,24,14,12:31:00,
26864,15874,42,5,35,3,13:50:00,
26865,15875,42,8,42,4,16:07:00,
26866,15875,73,7,37,10,16:06:00,
26867,15876,28,8,40,11,10:20:00,
26868,15876,73,2,25,14,10:25:00,
26869,15877,5,1,41,2,17:25:00,
26870,15878,59,7,36,1,14:54:00,
26871,15878,42,8,33,10,14:43:00,
26872,15879,11,4,37,5,12:26:00,
26873,15879,29,7,12,10,12:27:00,
26874,15880,34,3,35,14,12:19:00,
26875,15880,67,1,27,10,12:35:00,
26876,15881,50,2,19,2,12:37:00,
26877,15882,5,6,35,2,14:25:00,
26878,15882,34,7,33,13,13:28:00,
26879,15883,43,6,31,12,16:00:00,
26880,15883,5,8,12,3,16:20:00,
26881,15883,51,6,26,5,16:44:00,
26882,15884,5,4,32,6,14:17:00,
26883,15884,61,2,27,2,13:37:00,
26884,15884,21,8,44,5,14:16:00,
26885,15885,11,6,26,4,14:49:00,
26886,15886,30,7,21,12,15:53:00,
26887,15886,65,8,24,4,15:57:00,
26888,15887,23,1,40,10,17:11:00,
26889,15888,19,7,31,3,15:25:00,
26890,15888,57,7,26,6,15:35:00,
26891,15889,53,7,16,14,13:36:00,
26892,15890,47,7,17,6,12:44:00,
26893,15890,44,4,9,5,12:44:00,
26894,15891,56,8,24,3,11:58:00,
26895,15891,51,1,27,12,12:11:00,
26896,15892,20,7,31,10,14:49:00,
26897,15893,52,5,23,4,14:14:00,
26898,15893,19,6,25,4,14:50:00,
26899,15894,71,1,34,7,13:21:00,
26900,15894,62,6,35,11,11:41:00,
26901,15895,34,7,41,2,12:05:00,
26902,15895,39,7,20,13,12:33:00,
26903,15896,52,5,26,11,10:53:00,
26904,15897,10,3,30,2,16:41:00,
26905,15897,42,8,46,2,16:43:00,
26906,15898,48,8,26,10,16:11:00,
26907,15898,69,7,36,6,16:00:00,
26908,15899,39,1,25,1,14:44:00,
26909,15899,47,8,26,5,15:18:00,
26910,15900,56,3,37,13,13:51:00,
26911,15901,59,4,28,14,13:58:00,
26912,15901,65,2,40,12,13:05:00,
26913,15901,38,1,14,5,13:00:00,
26914,15902,17,5,37,11,10:00:00,
26915,15903,62,3,27,6,13:20:00,
26916,15903,43,7,41,7,13:53:00,
26917,15903,16,6,29,6,13:49:00,
26918,15904,68,6,27,13,09:41:00,
26919,15905,14,2,17,12,10:27:00,
26920,15906,16,8,21,5,14:42:00,
26921,15906,68,8,30,6,15:04:00,
26922,15907,17,8,50,10,10:17:00,
26923,15907,52,4,35,3,11:18:00,
26924,15907,29,6,29,1,10:12:00,
26925,15908,21,8,25,5,12:51:00,
26926,15908,16,6,20,7,13:01:00,
26927,15909,23,5,26,1,11:40:00,
26928,15909,67,7,28,6,11:27:00,
26929,15910,19,4,44,3,11:36:00,
26930,15910,39,1,23,14,10:26:00,
26931,15910,59,6,33,11,10:51:00,
26932,15911,39,6,30,6,09:46:00,
26933,15912,61,6,32,12,12:38:00,
26934,15912,11,5,25,10,13:08:00,
26935,15912,67,4,14,1,13:15:00,
26936,15913,38,7,28,13,10:56:00,
26937,15913,17,1,24,11,10:49:00,
26938,15914,23,4,34,5,16:12:00,
26939,15915,67,4,30,7,12:05:00,
26940,15916,39,1,18,4,11:47:00,
26941,15916,42,2,42,13,11:26:00,
26942,15917,30,6,23,13,12:16:00,
26943,15918,43,1,22,2,12:53:00,
26944,15919,53,5,24,13,10:50:00,
26945,15919,28,6,32,10,11:27:00,
26946,15919,67,5,18,7,11:17:00,
26947,15920,50,3,43,14,12:12:00,
26948,15921,34,8,40,11,11:31:00,
26949,15921,38,5,9,2,12:04:00,
26950,15922,71,1,16,13,11:38:00,
26951,15923,62,4,25,4,15:50:00,
26952,15924,68,4,33,4,13:20:00,
26953,15924,39,3,29,13,13:20:00,
26954,15924,16,1,17,13,13:56:00,
26955,15925,53,6,18,12,14:52:00,
26956,15926,65,3,44,5,15:43:00,
26957,15926,67,7,24,7,15:48:00,
26958,15926,71,4,32,12,15:44:00,
26959,15927,17,3,24,6,14:39:00,
26960,15928,39,4,35,6,17:14:00,
26961,15929,56,8,29,1,16:35:00,
26962,15930,7,2,27,12,15:00:00,
26963,15931,43,5,32,7,15:16:00,
26964,15931,59,3,34,13,15:19:00,
26965,15931,67,8,21,6,15:35:00,
26966,15932,28,3,39,12,10:34:00,
26967,15933,23,2,34,5,11:42:00,
26968,15933,67,1,31,6,11:57:00,
26969,15934,39,5,26,7,18:27:00,
26970,15935,60,6,19,13,13:16:00,
26971,15935,7,3,31,12,13:12:00,
26972,15936,19,3,38,6,11:08:00,
26973,15937,69,5,36,11,11:37:00,
26974,15938,38,3,26,5,14:53:00,
26975,15938,29,7,27,3,15:05:00,
26976,15939,8,7,31,1,12:36:00,
26977,15939,29,4,27,13,12:43:00,
26978,15940,23,6,31,11,11:23:00,
26979,15940,8,7,39,13,12:27:00,
26980,15941,1,4,36,5,15:31:00,
26981,15941,48,6,25,10,16:21:00,
26982,15942,57,6,20,1,12:45:00,
26983,15942,17,3,14,5,12:45:00,
26984,15943,8,3,16,10,14:13:00,
26985,15944,56,7,28,4,12:36:00,
26986,15944,47,7,19,14,11:45:00,
26987,15945,67,6,23,1,14:46:00,
26988,15946,21,1,38,13,13:33:00,
26989,15946,51,5,27,5,12:22:00,
26990,15946,5,1,48,12,13:45:00,
26991,15947,65,8,30,4,10:24:00,
26992,15947,34,7,22,13,09:18:00,
26993,15948,7,4,33,3,11:27:00,
26994,15948,17,5,29,1,11:05:00,
26995,15949,10,8,32,13,15:16:00,
26996,15950,21,2,29,14,15:51:00,
26997,15950,56,6,16,4,16:21:00,
26998,15950,20,3,47,11,16:53:00,
26999,15951,57,1,22,3,10:05:00,
27000,15951,44,8,26,10,10:10:00,
27001,15952,16,8,26,7,17:06:00,
27002,15952,67,7,24,5,17:28:00,
27003,15953,60,4,38,4,13:39:00,
27004,15954,50,3,12,11,12:43:00,
27005,15955,7,4,42,6,16:07:00,
27006,15956,20,4,43,10,15:24:00,
27007,15956,61,2,41,2,15:24:00,
27008,15956,45,8,41,11,15:05:00,
27009,15957,30,3,24,1,16:04:00,
27010,15958,30,3,34,4,15:44:00,
27011,15959,20,6,41,11,13:32:00,
27012,15960,39,1,32,14,12:35:00,
27013,15961,29,3,24,14,17:45:00,
27014,15962,20,6,34,1,14:48:00,
27015,15963,43,7,28,10,12:20:00,
27016,15964,30,1,34,10,16:32:00,
27017,15964,56,8,29,4,16:19:00,
27018,15964,53,8,23,7,16:17:00,
27019,15965,23,5,26,7,09:59:00,
27020,15965,43,3,30,12,10:20:00,
27021,15966,50,7,19,10,15:11:00,
27022,15966,62,4,17,4,15:35:00,
27023,15967,15,1,41,3,16:20:00,
27024,15968,38,8,27,13,14:45:00,
27025,15969,23,3,38,10,17:13:00,
27026,15970,38,2,29,4,16:22:00,
27027,15971,1,3,34,4,15:39:00,
27028,15971,61,4,37,1,14:30:00,
27029,15971,69,8,32,11,14:57:00,
27030,15972,52,6,30,12,15:57:00,
27031,15973,29,8,24,4,12:58:00,
27032,15974,67,4,33,6,13:43:00,
27033,15974,57,8,28,7,13:59:00,
27034,15974,34,1,35,12,13:11:00,
27035,15975,57,1,19,4,15:46:00,
27036,15975,30,8,24,2,15:26:00,
27037,15975,60,4,34,12,15:06:00,
27038,15976,1,3,29,1,16:31:00,
27039,15977,43,4,32,11,10:37:00,
27040,15977,71,3,26,6,10:33:00,
27041,15978,19,1,15,2,13:34:00,
27042,15978,45,3,36,12,13:31:00,
27043,15979,43,3,39,4,12:59:00,
27044,15979,53,5,38,5,13:02:00,
27045,15979,68,7,38,11,12:59:00,
27046,15980,17,2,34,14,15:16:00,
27047,15981,34,5,25,10,16:32:00,
27048,15982,23,8,28,6,11:29:00,
27049,15982,29,2,18,12,11:42:00,
27050,15982,34,3,44,3,11:23:00,
27051,15983,39,1,21,6,13:58:00,
27052,15984,59,5,17,7,13:18:00,
27053,15984,30,7,38,2,11:59:00,
27054,15985,38,4,34,5,10:12:00,
27055,15985,71,8,22,11,09:52:00,
27056,15985,1,4,38,4,10:11:00,
27057,15986,17,6,47,2,10:05:00,
27058,15987,39,1,27,1,09:09:00,
27059,15987,21,1,33,6,10:09:00,
27060,15988,56,2,29,13,10:27:00,
27061,15988,13,7,18,11,10:43:00,
27062,15989,69,8,26,3,14:31:00,
27063,15989,51,1,22,10,14:33:00,
27064,15990,61,5,47,12,14:28:00,
27065,15991,17,3,24,13,10:20:00,
27066,15992,50,5,31,2,16:59:00,
27067,15992,59,5,26,2,16:49:00,
27068,15993,30,2,35,14,17:04:00,
27069,15994,5,3,36,5,12:53:00,
27070,15994,20,1,46,12,12:24:00,
27071,15995,5,5,43,14,13:01:00,
27072,15995,69,2,25,4,12:37:00,
27073,15996,60,8,46,12,14:00:00,
27074,15996,59,2,32,11,14:18:00,
27075,15997,67,1,21,11,10:19:00,
27076,15998,29,1,17,12,10:21:00,
27077,15999,13,7,29,3,10:59:00,
27078,16000,19,5,33,6,09:12:00,
27079,16000,52,1,28,1,09:51:00,
27080,16001,47,7,37,3,14:37:00,
27081,16002,48,6,29,14,10:47:00,
27082,16002,65,6,33,14,09:22:00,
27083,16003,69,1,42,12,09:41:00,
27084,16003,51,2,25,2,09:36:00,
27085,16004,47,1,27,3,18:05:00,
27086,16004,38,1,25,3,18:07:00,
27087,16004,20,8,39,7,18:36:00,
27088,16005,61,8,34,14,14:16:00,
27089,16005,50,3,37,7,14:27:00,
27090,16006,13,8,33,14,16:09:00,
27091,16006,11,7,23,7,16:20:00,
27092,16007,48,2,38,11,13:56:00,
27093,16008,48,6,30,11,10:46:00,
27094,16008,53,8,29,14,12:17:00,
27095,16008,29,4,20,6,10:23:00,
27096,16009,21,6,32,2,17:24:00,
27097,16010,19,8,27,11,11:07:00,
27098,16010,11,4,11,5,11:07:00,
27099,16011,5,2,22,4,14:22:00,
27100,16011,8,1,36,7,14:22:00,
27101,16011,53,6,25,2,14:50:00,
27102,16012,16,3,12,6,09:46:00,
27103,16012,73,7,22,10,10:18:00,
27104,16013,8,4,23,6,10:49:00,
27105,16013,50,4,38,13,10:55:00,
27106,16014,13,3,32,3,09:28:00,
27107,16014,23,4,46,13,09:39:00,
27108,16015,19,7,36,12,12:49:00,
27109,16015,69,7,23,14,11:55:00,
27110,16015,57,3,11,2,12:59:00,
27111,16016,62,2,13,11,16:24:00,
27112,16017,34,6,33,7,13:25:00,
27113,16018,59,8,29,2,15:43:00,
27114,16019,16,7,23,3,11:12:00,
27115,16019,21,6,17,13,11:22:00,
27116,16020,42,4,53,5,16:51:00,
27117,16021,17,7,25,14,11:55:00,
27118,16022,29,1,30,13,12:44:00,
27119,16022,47,6,23,4,13:06:00,
27120,16023,44,3,26,5,09:25:00,
27121,16024,21,3,36,1,15:44:00,
27122,16024,50,1,34,3,14:44:00,
27123,16025,65,3,18,1,12:02:00,
27124,16026,14,3,43,4,10:59:00,
27125,16026,51,6,24,7,11:33:00,
27126,16027,21,3,16,5,10:40:00,
27127,16028,47,3,16,7,10:58:00,
27128,16028,20,3,42,3,10:26:00,
27129,16029,30,3,24,4,12:08:00,
27130,16030,42,4,40,4,16:19:00,
27131,16031,16,8,26,7,13:02:00,
27132,16032,61,6,38,6,16:17:00,
27133,16033,61,6,29,3,17:03:00,
27134,16034,13,7,16,3,17:08:00,
27135,16034,60,5,33,6,17:02:00,
27136,16034,42,2,35,11,17:10:00,
27137,16035,19,8,35,10,16:32:00,
27138,16035,47,2,23,14,16:05:00,
27139,16035,51,5,39,5,17:01:00,
27140,16036,10,6,30,1,11:12:00,
27141,16037,67,5,18,5,12:18:00,
27142,16037,47,2,26,1,12:47:00,
27143,16038,39,8,25,7,13:56:00,
27144,16039,20,1,27,5,09:06:00,
27145,16039,71,7,12,10,09:20:00,
27146,16040,8,7,52,1,11:33:00,
27147,16040,19,8,28,10,11:34:00,
27148,16041,34,7,27,11,10:24:00,
27149,16041,43,2,41,3,10:41:00,
27150,16042,42,6,28,10,16:57:00,
27151,16043,48,1,39,3,15:15:00,
27152,16043,17,6,24,4,14:23:00,
27153,16044,53,3,18,11,16:29:00,
27154,16044,23,6,21,14,16:17:00,
27155,16045,45,4,26,2,16:55:00,
27156,16045,11,3,26,6,16:06:00,
27157,16046,11,1,32,4,14:39:00,
27158,16046,30,6,44,14,14:52:00,
27159,16047,59,2,34,12,10:37:00,
27160,16048,8,5,35,4,14:33:00,
27161,16049,53,7,25,6,09:24:00,
27162,16049,67,3,30,14,10:11:00,
27163,16050,13,8,45,11,14:13:00,
27164,16051,1,6,21,6,10:20:00,
27165,16052,57,2,36,4,12:50:00,
27166,16052,53,3,27,10,13:04:00,
27167,16053,61,5,18,5,13:54:00,
27168,16053,30,2,31,5,14:08:00,
27169,16054,69,4,21,1,15:52:00,
27170,16054,23,7,46,12,16:00:00,
27171,16055,65,4,31,11,16:23:00,
27172,16055,67,7,7,5,16:36:00,
27173,16056,67,3,25,11,11:51:00,
27174,16056,11,5,32,10,11:23:00,
27175,16056,5,2,49,7,11:02:00,
27176,16057,19,2,20,3,11:15:00,
27177,16058,20,6,38,3,09:39:00,
27178,16058,43,3,35,3,10:33:00,
27179,16059,51,7,38,4,17:18:00,
27180,16059,11,8,31,13,17:14:00,
27181,16060,13,7,21,4,17:03:00,
27182,16060,30,6,43,10,17:07:00,
27183,16061,51,8,38,14,12:49:00,
27184,16062,68,2,36,1,15:10:00,
27185,16062,29,6,40,2,16:12:00,
27186,16063,13,7,26,6,12:40:00,
27187,16064,50,3,41,1,16:39:00,
27188,16065,13,1,30,11,17:03:00,
27189,16066,15,3,28,13,10:03:00,
27190,16066,56,8,30,11,10:12:00,
27191,16067,51,1,14,2,12:08:00,
27192,16067,1,3,41,5,11:05:00,
27193,16068,1,7,31,10,10:09:00,
27194,16068,45,7,34,12,09:35:00,
27195,16068,68,2,32,6,10:03:00,
27196,16069,65,3,34,1,15:35:00,
27197,16069,16,1,26,14,15:59:00,
27198,16070,61,5,26,5,11:09:00,
27199,16071,61,3,34,13,15:21:00,
27200,16072,1,5,26,14,13:37:00,
27201,16072,51,1,31,11,13:01:00,
27202,16072,45,4,30,14,13:28:00,
27203,16073,57,4,31,11,12:39:00,
27204,16073,44,2,33,7,10:52:00,
27205,16074,1,2,34,13,12:37:00,
27206,16074,68,1,40,1,12:33:00,
27207,16075,62,5,31,4,13:33:00,
27208,16076,44,8,10,14,13:54:00,
27209,16076,19,5,24,5,14:19:00,
27210,16077,73,3,25,7,15:50:00,
27211,16078,15,1,14,1,16:21:00,
27212,16078,52,5,23,12,17:03:00,
27213,16078,67,2,20,2,17:09:00,
27214,16079,14,7,29,2,13:20:00,
27215,16080,60,3,23,12,17:23:00,
27216,16081,47,6,27,2,16:31:00,
27217,16081,29,8,24,6,17:29:00,
27218,16081,38,5,39,2,17:43:00,
27219,16082,28,8,22,10,09:15:00,
27220,16082,8,8,12,7,09:18:00,
27221,16083,42,3,54,6,14:31:00,
27222,16084,20,6,26,11,10:29:00,
27223,16085,38,4,14,11,12:35:00,
27224,16086,43,6,43,14,14:11:00,
27225,16086,59,1,31,2,14:18:00,
27226,16087,73,2,32,2,16:32:00,
27227,16088,5,8,38,3,14:14:00,
27228,16088,42,6,14,2,13:37:00,
27229,16089,1,3,40,10,10:00:00,
27230,16090,44,1,25,5,16:33:00,
27231,16090,15,5,22,6,17:20:00,
27232,16091,48,6,30,2,13:43:00,
27233,16092,20,2,32,3,11:49:00,
27234,16092,52,4,24,3,11:25:00,
27235,16093,42,3,31,11,14:07:00,
27236,16094,10,3,16,10,14:21:00,
27237,16095,45,6,31,10,09:59:00,
27238,16095,71,2,32,12,10:09:00,
27239,16095,21,4,48,14,10:02:00,
27240,16096,71,8,17,7,16:41:00,
27241,16097,69,7,36,13,14:27:00,
27242,16097,59,2,30,11,15:58:00,
27243,16098,14,8,26,13,09:53:00,
27244,16099,43,1,23,7,14:49:00,
27245,16100,15,3,28,13,11:43:00,
27246,16100,60,4,16,12,10:29:00,
27247,16101,5,2,39,1,13:12:00,
27248,16102,60,7,36,5,12:51:00,
27249,16102,67,8,29,11,11:41:00,
27250,16103,50,2,30,7,14:08:00,
27251,16104,5,5,25,4,17:52:00,
27252,16104,50,4,20,4,17:32:00,
27253,16104,28,4,41,13,16:26:00,
27254,16105,50,4,31,13,14:13:00,
27255,16105,53,2,32,7,15:33:00,
27256,16106,61,6,27,12,13:37:00,
27257,16106,15,4,34,13,13:28:00,
27258,16106,67,6,29,12,13:34:00,
27259,16107,67,6,42,12,16:27:00,
27260,16107,71,5,35,10,16:35:00,
27261,16107,51,8,29,7,16:58:00,
27262,16108,52,1,25,3,17:02:00,
27263,16109,61,2,45,10,13:14:00,
27264,16109,14,3,27,10,13:17:00,
27265,16110,60,5,31,3,14:52:00,
27266,16111,13,4,43,1,15:11:00,
27267,16111,23,6,41,7,15:04:00,
27268,16111,44,5,14,14,14:06:00,
27269,16112,7,7,48,4,11:48:00,
27270,16112,56,8,32,5,11:46:00,
27271,16113,51,3,38,5,14:56:00,
27272,16114,11,3,29,7,11:56:00,
27273,16114,51,5,31,5,12:13:00,
27274,16114,71,6,26,2,12:02:00,
27275,16115,45,8,36,3,15:56:00,
27276,16115,19,1,31,7,15:26:00,
27277,16116,68,3,44,5,17:02:00,
27278,16117,57,1,19,10,11:56:00,
27279,16117,51,3,22,4,11:44:00,
27280,16118,10,7,34,12,15:50:00,
27281,16119,57,1,28,13,14:55:00,
27282,16119,45,4,14,4,14:55:00,
27283,16120,30,2,35,2,15:38:00,
27284,16120,7,6,39,11,15:08:00,
27285,16121,17,4,27,12,16:28:00,
27286,16122,57,8,5,7,10:17:00,
27287,16122,56,1,38,3,09:55:00,
27288,16123,67,1,16,12,14:13:00,
27289,16123,7,8,35,11,14:11:00,
27290,16124,8,3,22,12,11:01:00,
27291,16125,67,1,34,5,11:49:00,
27292,16126,65,4,29,4,13:32:00,
27293,16126,23,7,31,2,13:32:00,
27294,16127,10,2,16,2,16:59:00,
27295,16127,7,6,29,10,16:50:00,
27296,16128,59,7,19,13,09:24:00,
27297,16128,61,4,26,11,09:22:00,
27298,16129,34,1,39,4,16:42:00,
27299,16130,38,7,39,11,12:19:00,
27300,16130,43,2,48,1,12:45:00,
27301,16130,53,1,29,3,12:43:00,
27302,16131,48,2,27,14,14:29:00,
27303,16131,21,3,26,10,14:28:00,
27304,16131,56,6,35,10,14:40:00,
27305,16132,50,4,23,4,14:48:00,
27306,16132,43,3,40,6,14:46:00,
27307,16133,20,3,38,6,12:03:00,
27308,16133,48,8,21,4,11:20:00,
27309,16134,11,6,26,11,16:23:00,
27310,16134,28,1,19,12,16:30:00,
27311,16134,16,3,10,2,16:57:00,
27312,16135,62,1,37,1,13:09:00,
27313,16136,65,8,37,1,11:28:00,
27314,16136,45,5,31,12,12:48:00,
27315,16136,14,2,38,2,12:06:00,
27316,16137,17,3,27,13,15:35:00,
27317,16137,62,1,42,2,15:22:00,
27318,16138,16,7,21,11,13:07:00,
27319,16138,19,7,26,13,12:42:00,
27320,16139,10,4,33,1,10:21:00,
27321,16139,57,1,41,5,10:43:00,
27322,16139,45,5,41,7,10:29:00,
27323,16140,44,4,11,2,10:19:00,
27324,16141,16,4,30,6,12:23:00,
27325,16141,38,1,36,10,13:30:00,
27326,16142,65,5,31,14,10:28:00,
27327,16142,60,7,26,2,10:32:00,
27328,16143,14,3,38,12,13:52:00,
27329,16144,16,8,34,10,15:13:00,
27330,16145,47,5,23,12,17:33:00,
27331,16145,29,4,46,2,16:33:00,
27332,16146,21,4,43,6,12:32:00,
27333,16147,69,8,44,10,13:29:00,
27334,16148,28,1,36,4,15:24:00,
27335,16149,30,2,32,6,11:01:00,
27336,16150,61,4,33,6,12:45:00,
27337,16151,61,7,23,1,14:32:00,
27338,16151,38,5,27,5,15:10:00,
27339,16151,1,1,18,2,16:20:00,
27340,16152,13,3,29,6,13:24:00,
27341,16152,38,8,20,5,13:25:00,
27342,16152,16,5,19,13,13:55:00,
27343,16153,56,5,15,10,14:40:00,
27344,16154,50,2,20,13,10:33:00,
27345,16154,13,8,36,6,10:45:00,
27346,16155,60,1,30,6,11:25:00,
27347,16156,47,1,7,4,13:29:00,
27348,16156,20,3,41,3,13:13:00,
27349,16156,13,4,40,6,13:14:00,
27350,16157,43,7,29,4,17:40:00,
27351,16157,16,5,14,12,17:01:00,
27352,16158,47,8,26,14,10:08:00,
27353,16159,30,5,45,3,16:07:00,
27354,16160,23,4,43,6,13:54:00,
27355,16160,1,7,14,11,13:40:00,
27356,16160,14,1,37,3,13:17:00,
27357,16161,30,1,34,13,09:51:00,
27358,16162,52,3,35,6,18:44:00,
27359,16162,69,8,21,14,17:45:00,
27360,16162,45,5,34,14,18:22:00,
27361,16163,10,2,27,12,13:23:00,
27362,16163,16,3,29,6,12:34:00,
27363,16164,20,7,42,14,11:17:00,
27364,16164,29,1,38,3,11:47:00,
27365,16165,17,4,21,13,11:36:00,
27366,16166,16,2,34,14,11:04:00,
27367,16167,69,2,27,1,15:28:00,
27368,16167,71,2,18,4,14:36:00,
27369,16167,28,2,33,3,15:45:00,
27370,16168,45,7,39,5,17:54:00,
27371,16168,10,4,29,3,18:04:00,
27372,16169,30,5,25,13,16:31:00,
27373,16169,69,5,36,6,16:27:00,
27374,16169,52,6,34,14,16:34:00,
27375,16170,16,5,29,5,15:36:00,
27376,16171,17,3,24,4,18:23:00,
27377,16172,16,5,22,12,15:03:00,
27378,16172,21,4,29,4,14:52:00,
27379,16173,57,8,25,6,14:35:00,
27380,16173,62,6,16,11,15:48:00,
27381,16173,20,1,26,4,14:47:00,
27382,16174,62,2,20,11,14:39:00,
27383,16174,19,5,26,10,14:48:00,
27384,16175,65,6,26,12,11:04:00,
27385,16176,11,7,21,13,16:46:00,
27386,16177,68,3,26,1,14:33:00,
27387,16177,45,7,29,4,14:53:00,
27388,16178,11,3,25,7,13:31:00,
27389,16179,10,5,26,6,13:06:00,
27390,16179,59,3,19,1,13:37:00,
27391,16179,8,8,31,3,12:49:00,
27392,16180,21,4,25,14,13:09:00,
27393,16180,16,1,5,13,13:58:00,
27394,16181,62,8,23,14,16:14:00,
27395,16181,57,4,12,4,16:19:00,
27396,16181,73,7,22,13,16:24:00,
27397,16182,1,2,26,11,10:20:00,
27398,16183,21,7,32,10,10:03:00,
27399,16183,45,8,52,6,09:08:00,
27400,16184,56,2,28,6,12:58:00,
27401,16184,69,6,26,2,13:15:00,
27402,16185,60,1,29,10,12:25:00,
27403,16186,68,5,31,13,12:36:00,
27404,16187,71,3,11,7,16:01:00,
27405,16187,28,5,44,1,15:09:00,
27406,16188,10,8,36,10,16:21:00,
27407,16189,20,3,25,12,11:14:00,
27408,16190,5,2,38,6,11:56:00,
27409,16191,71,1,26,6,14:22:00,
27410,16192,45,4,31,1,16:19:00,
27411,16192,73,8,21,6,16:06:00,
27412,16193,52,4,20,5,13:48:00,
27413,16193,65,5,27,12,13:17:00,
27414,16194,48,4,23,1,16:10:00,
27415,16195,45,7,28,14,14:59:00,
27416,16196,42,4,44,1,10:06:00,
27417,16196,47,7,26,13,11:15:00,
27418,16196,68,6,19,13,11:11:00,
27419,16197,68,6,23,10,14:06:00,
27420,16198,14,6,19,6,16:37:00,
27421,16198,5,8,37,4,15:23:00,
27422,16199,43,3,22,10,14:55:00,
27423,16199,15,2,40,4,15:04:00,
27424,16199,62,7,24,1,15:22:00,
27425,16200,73,2,38,7,15:05:00,
27426,16201,17,7,12,11,16:11:00,
27427,16202,30,7,35,5,17:24:00,
27428,16202,1,8,21,11,16:37:00,
27429,16203,50,7,38,13,14:52:00,
27430,16204,50,7,35,6,14:54:00,
27431,16205,60,7,27,12,09:21:00,
27432,16206,71,8,28,7,12:11:00,
27433,16207,53,7,36,5,15:23:00,
27434,16208,42,7,58,13,11:18:00,
27435,16209,20,7,36,3,18:02:00,
27436,16210,13,1,30,3,15:42:00,
27437,16210,53,7,23,10,16:23:00,
27438,16211,39,6,17,7,10:37:00,
27439,16211,53,1,20,13,10:47:00,
27440,16212,10,1,17,7,10:38:00,
27441,16212,5,7,31,5,09:46:00,
27442,16212,8,5,32,1,10:10:00,
27443,16213,16,5,23,13,10:07:00,
27444,16214,71,5,13,7,15:55:00,
27445,16214,44,6,25,1,15:54:00,
27446,16215,15,2,30,13,09:52:00,
27447,16215,39,4,30,7,10:10:00,
27448,16215,71,4,30,11,09:38:00,
27449,16216,14,5,17,13,13:42:00,
27450,16216,59,7,32,11,13:22:00,
27451,16216,69,2,28,6,14:15:00,
27452,16217,42,4,34,13,14:59:00,
27453,16218,39,1,32,2,16:28:00,
27454,16219,45,6,47,14,10:42:00,
27455,16219,69,2,47,4,10:55:00,
27456,16220,20,5,40,13,17:06:00,
27457,16220,19,5,37,13,16:42:00,
27458,16220,15,6,34,7,17:31:00,
27459,16221,53,6,42,12,18:16:00,
27460,16221,13,3,18,13,18:23:00,
27461,16222,42,5,36,7,14:55:00,
27462,16222,68,3,37,6,15:13:00,
27463,16223,20,7,46,12,16:54:00,
27464,16223,68,1,32,1,16:20:00,
27465,16224,15,7,16,6,14:07:00,
27466,16225,15,8,28,14,14:28:00,
27467,16226,17,6,30,3,10:12:00,
27468,16227,14,5,27,13,11:10:00,
27469,16227,38,6,20,11,11:16:00,
27470,16228,14,7,12,10,15:37:00,
27471,16228,23,7,16,5,15:46:00,
27472,16229,43,6,46,10,13:42:00,
27473,16229,19,7,23,12,14:01:00,
27474,16230,71,3,22,4,11:23:00,
27475,16230,47,1,14,2,12:49:00,
27476,16231,73,6,19,14,11:47:00,
27477,16232,21,4,30,6,12:51:00,
27478,16232,5,8,36,13,12:44:00,
27479,16233,51,8,11,13,17:25:00,
27480,16234,10,5,17,11,13:08:00,
27481,16235,59,2,26,12,15:11:00,
27482,16236,71,1,26,14,11:44:00,
27483,16237,14,7,31,7,13:25:00,
27484,16237,71,2,16,6,13:59:00,
27485,16237,13,4,30,1,12:56:00,
27486,16238,34,6,41,4,14:11:00,
27487,16239,50,1,34,1,12:22:00,
27488,16240,60,5,22,2,13:08:00,
27489,16240,59,8,22,13,14:04:00,
27490,16241,13,8,24,11,16:51:00,
27491,16242,34,4,33,12,14:17:00,
27492,16242,50,8,30,13,14:13:00,
27493,16242,30,5,39,14,14:24:00,
27494,16243,59,8,24,11,11:22:00,
27495,16244,29,2,27,3,15:26:00,
27496,16245,48,3,30,10,14:23:00,
27497,16246,30,2,27,1,10:25:00,
27498,16247,39,6,26,3,16:55:00,
27499,16247,30,7,36,6,16:24:00,
27500,16247,57,8,30,6,16:24:00,
27501,16248,30,6,23,12,10:07:00,
27502,16248,29,1,40,6,10:25:00,
27503,16249,43,7,38,10,15:05:00,
27504,16249,47,6,30,14,15:23:00,
27505,16250,65,4,24,14,15:49:00,
27506,16250,8,3,38,13,15:09:00,
27507,16251,29,4,15,14,12:48:00,
27508,16251,52,3,21,10,14:16:00,
27509,16252,60,7,18,12,14:41:00,
27510,16253,48,5,26,4,14:48:00,
27511,16254,30,2,20,4,10:02:00,
27512,16255,43,1,17,11,13:17:00,
27513,16256,50,6,26,11,11:48:00,
27514,16256,13,5,29,12,10:51:00,
27515,16257,19,6,29,12,10:06:00,
27516,16257,43,3,34,2,10:27:00,
27517,16258,14,2,15,14,13:51:00,
27518,16259,34,7,42,3,11:58:00,
27519,16260,69,7,10,4,16:02:00,
27520,16261,34,4,26,11,16:22:00,
27521,16262,53,6,24,7,09:25:00,
27522,16263,48,7,28,11,15:29:00,
27523,16263,38,7,32,3,14:55:00,
27524,16264,69,6,29,13,12:56:00,
27525,16265,56,3,30,5,15:24:00,
27526,16265,65,5,35,2,15:34:00,
27527,16265,62,1,49,2,15:55:00,
27528,16266,44,1,16,13,12:06:00,
27529,16266,13,2,30,14,11:36:00,
27530,16266,34,8,20,3,11:27:00,
27531,16267,39,8,22,5,11:44:00,
27532,16268,56,8,30,13,14:40:00,
27533,16269,5,1,20,7,11:27:00,
27534,16269,14,1,34,13,11:06:00,
27535,16270,16,7,28,14,10:51:00,
27536,16270,51,5,17,13,10:51:00,
27537,16271,38,6,34,13,17:00:00,
27538,16271,14,2,17,2,16:32:00,
27539,16272,16,1,29,10,13:33:00,
27540,16272,52,4,31,3,12:56:00,
27541,16273,29,5,25,11,12:00:00,
27542,16274,19,1,27,6,11:26:00,
27543,16274,16,6,10,13,11:35:00,
27544,16274,52,7,20,4,11:31:00,
27545,16275,19,1,31,11,16:50:00,
27546,16276,68,5,31,2,15:55:00,
27547,16276,5,8,26,1,16:19:00,
27548,16277,69,7,29,12,09:25:00,
27549,16278,5,1,38,5,17:00:00,
27550,16278,52,2,18,5,17:58:00,
27551,16279,56,6,38,12,12:28:00,
27552,16279,53,1,25,6,11:24:00,
27553,16279,67,4,31,12,12:04:00,
27554,16280,11,4,28,14,12:35:00,
27555,16280,38,2,19,10,11:51:00,
27556,16281,45,8,40,7,11:37:00,
27557,16282,17,5,27,10,16:00:00,
27558,16282,56,1,18,4,16:25:00,
27559,16283,39,6,22,7,15:58:00,
27560,16284,14,6,37,13,13:01:00,
27561,16284,38,4,28,10,12:57:00,
27562,16285,30,8,37,12,09:39:00,
27563,16286,17,4,37,7,13:57:00,
27564,16286,51,1,18,11,13:59:00,
27565,16287,23,7,38,14,16:19:00,
27566,16288,73,7,18,7,14:09:00,
27567,16288,60,2,39,5,14:09:00,
27568,16289,47,2,24,5,11:41:00,
27569,16290,42,4,32,2,10:48:00,
27570,16290,47,6,17,7,10:37:00,
27571,16290,57,8,32,1,10:46:00,
27572,16291,8,6,32,13,14:11:00,
27573,16291,67,3,26,10,14:00:00,
27574,16291,23,6,29,13,14:23:00,
27575,16292,67,8,21,7,09:30:00,
27576,16293,11,8,24,13,09:26:00,
27577,16294,51,2,19,14,14:08:00,
27578,16295,23,6,32,14,14:20:00,
27579,16295,34,3,36,3,14:30:00,
27580,16295,62,6,16,14,14:43:00,
27581,16296,73,5,37,7,14:58:00,
27582,16297,71,7,12,6,11:01:00,
27583,16297,57,1,18,7,11:04:00,
27584,16297,11,6,34,13,11:02:00,
27585,16298,23,5,33,6,13:17:00,
27586,16298,8,3,37,6,13:12:00,
27587,16299,13,4,24,10,09:49:00,
27588,16299,1,5,37,4,09:57:00,
27589,16300,59,5,17,6,11:34:00,
27590,16300,48,5,32,7,11:33:00,
27591,16301,52,7,24,7,12:23:00,
27592,16302,45,6,35,4,16:16:00,
27593,16302,14,4,27,11,16:05:00,
27594,16302,62,2,23,11,16:41:00,
27595,16303,28,1,25,6,11:54:00,
27596,16304,1,5,26,7,14:10:00,
27597,16304,59,5,28,14,14:56:00,
27598,16304,29,3,16,14,14:35:00,
27599,16305,34,8,42,3,11:26:00,
27600,16306,57,4,32,10,11:11:00,
27601,16306,43,5,19,14,11:08:00,
27602,16307,16,8,33,1,14:02:00,
27603,16307,65,2,35,12,13:57:00,
27604,16308,8,5,38,10,10:17:00,
27605,16309,5,4,21,10,15:37:00,
27606,16309,43,7,16,2,15:39:00,
27607,16310,69,1,16,14,13:20:00,
27608,16310,39,2,34,2,13:20:00,
27609,16311,57,7,18,1,13:46:00,
27610,16311,13,3,34,12,13:41:00,
27611,16311,47,6,15,10,13:29:00,
27612,16312,69,6,21,7,14:34:00,
27613,16313,59,3,31,5,13:17:00,
27614,16313,68,5,27,1,12:12:00,
27615,16314,45,7,42,10,15:52:00,
27616,16315,11,5,35,7,12:21:00,
27617,16316,5,2,38,14,11:37:00,
27618,16316,73,1,25,12,11:50:00,
27619,16316,71,3,13,1,11:23:00,
27620,16317,68,5,26,10,13:56:00,
27621,16318,38,5,22,3,16:46:00,
27622,16319,53,1,22,7,10:46:00,
27623,16320,67,7,16,14,14:56:00,
27624,16321,39,5,28,5,11:51:00,
27625,16322,23,8,43,2,12:20:00,
27626,16323,8,5,28,12,17:52:00,
27627,16323,56,1,34,14,16:35:00,
27628,16324,69,5,37,13,16:06:00,
27629,16324,13,8,46,3,15:29:00,
27630,16325,51,1,31,6,12:52:00,
27631,16325,7,8,52,14,12:53:00,
27632,16325,10,1,23,14,13:20:00,
27633,16326,73,2,13,3,17:34:00,
27634,16326,11,2,26,3,16:47:00,
27635,16327,16,5,17,13,10:23:00,
27636,16328,14,6,27,3,11:48:00,
27637,16328,59,7,20,5,12:39:00,
27638,16329,51,4,30,12,12:23:00,
27639,16329,52,4,20,13,12:14:00,
27640,16330,38,8,24,14,11:42:00,
27641,16331,19,3,28,5,16:05:00,
27642,16332,8,8,24,10,13:54:00,
27643,16333,65,1,36,1,14:05:00,
27644,16333,20,3,34,7,14:08:00,
27645,16334,61,1,42,4,12:03:00,
27646,16334,34,7,35,1,12:17:00,
27647,16334,71,3,34,4,12:23:00,
27648,16335,42,8,26,1,11:36:00,
27649,16336,34,5,43,3,16:36:00,
27650,16336,8,7,31,10,16:30:00,
27651,16336,1,3,34,12,17:04:00,
27652,16337,34,6,39,4,13:54:00,
27653,16338,39,4,27,13,14:52:00,
27654,16339,65,8,24,6,11:29:00,
27655,16339,51,1,26,11,11:17:00,
27656,16340,17,7,30,6,16:27:00,
27657,16341,65,6,29,12,11:57:00,
27658,16342,34,1,29,14,13:01:00,
27659,16342,20,7,33,4,13:20:00,
27660,16343,61,5,35,1,11:04:00,
27661,16344,73,5,31,3,12:47:00,
27662,16345,44,5,18,10,12:56:00,
27663,16345,51,5,21,5,13:25:00,
27664,16346,44,5,37,14,12:02:00,
27665,16347,23,2,46,14,15:53:00,
27666,16348,52,7,29,1,16:42:00,
27667,16348,29,7,19,2,16:27:00,
27668,16349,65,1,33,5,11:32:00,
27669,16349,10,2,28,5,11:02:00,
27670,16350,39,6,20,6,11:08:00,
27671,16350,28,6,38,3,10:52:00,
27672,16350,23,6,28,12,10:43:00,
27673,16351,59,1,26,10,11:39:00,
27674,16352,21,7,37,13,15:48:00,
27675,16352,20,3,20,5,16:36:00,
27676,16353,61,3,25,13,11:16:00,
27677,16353,20,8,41,4,10:59:00,
27678,16354,20,6,35,10,13:04:00,
27679,16355,71,7,22,6,11:41:00,
27680,16356,18,1,24,14,16:35:00,
27681,16356,52,7,27,11,16:36:00,
27682,16356,7,8,35,5,16:18:00,
27683,16357,62,8,22,11,17:03:00,
27684,16357,45,2,49,10,17:18:00,
27685,16358,11,7,26,14,13:38:00,
27686,16359,10,8,35,13,16:36:00,
27687,16360,44,6,12,6,12:17:00,
27688,16361,29,5,29,14,17:18:00,
27689,16361,39,1,21,4,17:58:00,
27690,16362,30,3,25,6,15:10:00,
27691,16362,13,2,35,6,14:49:00,
27692,16362,7,5,34,2,15:15:00,
27693,16363,39,8,21,6,09:20:00,
27694,16364,61,5,28,14,13:51:00,
27695,16365,14,2,17,14,12:09:00,
27696,16365,28,3,29,4,12:23:00,
27697,16366,51,8,29,6,11:20:00,
27698,16366,59,5,12,13,10:54:00,
27699,16367,71,6,8,12,13:03:00,
27700,16367,47,7,16,2,13:39:00,
27701,16368,39,3,37,3,15:47:00,
27702,16369,56,8,39,13,10:58:00,
27703,16370,7,8,41,13,09:20:00,
27704,16371,34,3,35,10,11:33:00,
27705,16371,13,8,44,2,11:49:00,
27706,16371,30,7,33,14,11:50:00,
27707,16372,67,1,38,5,15:10:00,
27708,16372,47,7,14,13,15:36:00,
27709,16373,52,7,37,10,14:07:00,
27710,16373,8,2,40,2,14:05:00,
27711,16374,39,4,31,13,15:29:00,
27712,16375,47,2,24,5,10:22:00,
27713,16376,53,5,34,2,15:29:00,
27714,16376,68,8,19,12,16:20:00,
27715,16376,62,1,20,4,15:24:00,
27716,16377,28,3,46,14,14:40:00,
27717,16377,10,1,22,3,15:22:00,
27718,16378,38,6,37,14,14:43:00,
27719,16379,56,4,28,10,12:28:00,
27720,16380,48,7,19,13,13:13:00,
27721,16380,10,2,18,6,12:56:00,
27722,16381,48,6,36,4,14:01:00,
27723,16382,65,7,24,11,18:02:00,
27724,16383,73,5,29,4,17:10:00,
27725,16383,59,6,28,10,17:16:00,
27726,16384,5,5,37,14,15:27:00,
27727,16385,57,8,21,6,09:23:00,
27728,16386,50,6,20,7,09:39:00,
27729,16386,20,7,31,11,10:13:00,
27730,16386,65,3,29,14,10:28:00,
27731,16387,68,8,29,6,10:24:00,
27732,16387,42,5,35,5,10:24:00,
27733,16388,42,1,45,5,15:00:00,
27734,16389,10,8,37,11,10:05:00,
27735,16390,21,5,36,14,10:48:00,
27736,16390,69,1,16,13,10:51:00,
27737,16391,67,5,37,2,13:49:00,
27738,16392,69,5,39,10,14:57:00,
27739,16392,14,4,25,2,14:40:00,
27740,16393,34,2,27,11,11:27:00,
27741,16393,18,7,17,4,11:04:00,
27742,16393,48,2,17,10,11:38:00,
27743,16394,73,4,29,3,11:56:00,
27744,16395,51,1,38,7,15:18:00,
27745,16395,19,3,35,13,15:16:00,
27746,16396,45,5,24,3,10:27:00,
27747,16396,17,8,26,7,10:44:00,
27748,16397,20,7,33,10,16:41:00,
27749,16398,48,6,35,7,15:37:00,
27750,16399,53,4,25,7,10:48:00,
27751,16399,16,4,16,4,11:17:00,
27752,16400,1,3,24,5,16:44:00,
27753,16400,44,4,18,5,16:35:00,
27754,16401,56,3,29,3,15:49:00,
27755,16401,52,5,42,11,15:12:00,
27756,16402,17,6,27,3,11:37:00,
27757,16402,13,7,30,4,11:37:00,
27758,16403,38,8,17,6,15:35:00,
27759,16403,5,5,40,2,16:06:00,
27760,16404,29,7,22,3,09:44:00,
27761,16405,15,5,20,11,17:00:00,
27762,16405,14,1,14,7,16:53:00,
27763,16406,10,1,21,11,10:56:00,
27764,16407,43,4,41,14,16:03:00,
27765,16407,61,8,33,1,15:31:00,
27766,16407,38,1,30,6,16:12:00,
27767,16408,14,1,26,11,14:54:00,
27768,16409,5,4,29,14,15:12:00,
27769,16410,45,8,40,12,11:28:00,
27770,16410,16,3,35,4,11:36:00,
27771,16411,16,6,17,10,13:00:00,
27772,16411,50,4,26,14,12:58:00,
27773,16412,65,3,18,12,14:08:00,
27774,16413,28,3,24,6,14:24:00,
27775,16413,43,7,35,11,14:57:00,
27776,16414,61,7,41,5,17:02:00,
27777,16415,11,1,33,14,13:16:00,
27778,16416,71,5,5,4,15:10:00,
27779,16416,69,5,30,14,15:37:00,
27780,16417,39,1,36,4,15:51:00,
27781,16418,44,8,17,5,15:54:00,
27782,16418,51,3,28,1,15:55:00,
27783,16419,73,2,11,4,13:36:00,
27784,16419,51,4,13,10,13:29:00,
27785,16420,8,3,31,3,14:54:00,
27786,16421,69,7,38,3,13:34:00,
27787,16421,18,7,32,6,12:34:00,
27788,16421,71,3,20,2,13:25:00,
27789,16422,8,7,30,10,15:45:00,
27790,16422,61,1,40,14,15:47:00,
27791,16423,65,7,30,2,09:59:00,
27792,16423,17,5,29,3,09:51:00,
27793,16424,34,5,18,2,12:41:00,
27794,16424,53,6,23,7,13:21:00,
27795,16424,15,6,29,6,12:20:00,
27796,16425,65,8,27,5,11:12:00,
27797,16425,8,2,34,11,11:41:00,
27798,16425,11,1,35,3,11:20:00,
27799,16426,1,6,30,11,09:36:00,
27800,16426,57,4,16,11,09:46:00,
27801,16427,15,3,21,10,11:50:00,
27802,16428,69,1,27,4,14:58:00,
27803,16428,47,5,8,12,15:15:00,
27804,16429,48,8,35,14,16:24:00,
27805,16429,50,6,29,10,16:04:00,
27806,16430,69,2,37,13,12:20:00,
27807,16430,52,5,27,5,11:24:00,
27808,16431,15,6,20,2,12:44:00,
27809,16432,23,1,38,13,11:59:00,
27810,16432,62,5,24,11,12:04:00,
27811,16432,29,5,19,5,12:11:00,
27812,16433,51,4,14,5,14:15:00,
27813,16433,60,7,23,10,14:15:00,
27814,16434,16,1,33,7,14:44:00,
27815,16434,59,7,31,4,14:37:00,
27816,16434,21,4,30,13,14:49:00,
27817,16435,30,6,24,3,13:48:00,
27818,16436,11,7,20,14,13:38:00,
27819,16436,43,7,37,13,13:36:00,
27820,16436,20,3,42,1,13:43:00,
27821,16437,39,1,24,14,10:58:00,
27822,16437,71,6,13,13,10:21:00,
27823,16438,44,1,20,3,15:09:00,
27824,16439,34,7,20,11,14:44:00,
27825,16439,5,2,49,2,15:52:00,
27826,16440,30,4,27,2,15:10:00,
27827,16440,16,8,23,7,14:44:00,
27828,16441,51,3,23,13,10:37:00,
27829,16442,59,7,18,10,16:21:00,
27830,16442,19,4,27,7,17:20:00,
27831,16443,44,6,18,1,15:32:00,
27832,16443,43,2,41,12,15:27:00,
27833,16443,60,7,36,5,15:18:00,
27834,16444,28,6,39,14,15:59:00,
27835,16444,39,4,25,12,16:01:00,
27836,16445,15,2,32,12,10:54:00,
27837,16445,42,4,28,7,11:12:00,
27838,16446,17,4,22,6,10:31:00,
27839,16446,62,1,19,14,10:56:00,
27840,16447,1,4,21,11,12:02:00,
27841,16447,13,5,51,5,12:12:00,
27842,16448,13,4,39,14,11:38:00,
27843,16448,10,2,27,10,12:40:00,
27844,16448,69,2,31,11,12:14:00,
27845,16449,45,8,40,1,13:56:00,
27846,16450,30,5,39,14,12:59:00,
27847,16450,5,7,29,10,12:57:00,
27848,16451,44,3,26,5,16:29:00,
27849,16451,42,7,45,7,16:10:00,
27850,16452,43,2,48,2,10:53:00,
27851,16453,19,7,44,4,12:03:00,
27852,16453,68,7,24,2,11:06:00,
27853,16454,13,7,41,14,12:15:00,
27854,16454,69,1,32,5,11:35:00,
27855,16455,16,7,14,3,11:54:00,
27856,16455,42,6,34,12,11:14:00,
27857,16456,1,5,50,4,17:30:00,
27858,16456,50,8,22,10,16:53:00,
27859,16457,61,6,36,10,10:39:00,
27860,16457,1,7,25,11,09:24:00,
27861,16458,1,4,25,7,10:01:00,
27862,16458,43,2,14,3,09:17:00,
27863,16459,5,2,42,1,16:20:00,
27864,16459,67,2,27,1,15:49:00,
27865,16460,15,8,30,13,12:30:00,
27866,16460,60,2,18,13,13:04:00,
27867,16460,56,1,9,14,11:19:00,
27868,16461,18,4,29,6,15:19:00,
27869,16461,20,6,37,4,14:53:00,
27870,16462,53,6,20,12,14:00:00,
27871,16462,23,2,18,14,14:01:00,
27872,16462,14,3,27,11,13:50:00,
27873,16463,23,3,37,10,12:41:00,
27874,16463,38,3,41,14,12:10:00,
27875,16464,23,2,35,7,10:33:00,
27876,16465,50,8,29,6,09:06:00,
27877,16466,42,8,34,11,14:52:00,
27878,16466,65,8,25,3,13:56:00,
27879,16466,68,6,33,1,14:18:00,
27880,16467,51,7,18,1,12:26:00,
27881,16468,71,3,25,11,11:43:00,
27882,16468,62,5,32,4,11:40:00,
27883,16469,48,8,14,12,14:21:00,
27884,16470,28,7,33,2,16:17:00,
27885,16470,56,8,22,6,16:37:00,
27886,16471,17,8,38,4,12:40:00,
27887,16472,59,1,15,14,12:41:00,
27888,16472,60,2,21,4,12:30:00,
27889,16473,11,1,28,4,16:13:00,
27890,16474,5,6,29,3,12:39:00,
27891,16475,69,8,27,13,15:51:00,
27892,16475,28,3,31,1,15:20:00,
27893,16476,19,1,32,12,15:24:00,
27894,16477,51,4,31,10,11:38:00,
27895,16477,30,7,17,2,11:46:00,
27896,16477,11,7,17,2,12:06:00,
27897,16478,61,8,33,13,10:45:00,
27898,16478,65,6,16,3,11:11:00,
27899,16479,11,3,37,14,15:48:00,
27900,16479,10,6,28,13,15:47:00,
27901,16480,43,3,19,10,15:11:00,
27902,16480,34,6,36,2,15:31:00,
27903,16480,38,7,22,4,15:51:00,
27904,16481,71,6,36,11,11:01:00,
27905,16481,43,6,37,4,09:57:00,
27906,16482,11,3,34,10,17:23:00,
27907,16482,45,5,42,10,16:54:00,
27908,16483,48,1,25,3,10:29:00,
27909,16483,44,5,5,4,11:42:00,
27910,16484,30,4,31,5,09:13:00,
27911,16484,43,4,31,10,10:59:00,
27912,16485,19,2,32,3,10:25:00,
27913,16485,16,6,35,6,10:54:00,
27914,16486,52,1,14,1,14:29:00,
27915,16487,47,7,23,10,12:19:00,
27916,16487,8,5,18,14,12:29:00,
27917,16487,42,5,32,14,12:44:00,
27918,16488,48,6,11,3,16:20:00,
27919,16489,38,7,30,7,12:16:00,
27920,16490,20,2,41,11,13:51:00,
27921,16491,43,7,20,4,17:46:00,
27922,16492,15,1,17,3,12:14:00,
27923,16493,42,8,20,3,14:01:00,
27924,16493,61,1,26,3,13:28:00,
27925,16493,65,2,40,12,14:01:00,
27926,16494,44,7,26,14,13:30:00,
27927,16495,61,5,33,1,11:34:00,
27928,16496,29,7,44,11,14:53:00,
27929,16496,28,6,33,4,15:00:00,
27930,16497,13,8,30,14,11:27:00,
27931,16498,13,5,26,14,11:11:00,
27932,16499,69,5,38,3,16:53:00,
27933,16499,52,4,28,5,16:58:00,
27934,16500,23,4,29,14,13:38:00,
27935,16501,56,4,41,3,15:40:00,
27936,16502,51,8,17,1,09:29:00,
27937,16503,39,6,29,7,16:37:00,
27938,16503,65,6,31,5,17:00:00,
27939,16504,61,7,22,14,17:06:00,
27940,16504,38,4,34,7,16:14:00,
27941,16505,53,4,21,5,15:50:00,
27942,16505,47,3,24,3,15:37:00,
27943,16506,20,1,37,6,13:44:00,
27944,16506,15,3,32,2,13:25:00,
27945,16507,52,1,37,5,12:46:00,
27946,16507,1,4,43,11,11:53:00,
27947,16508,11,2,26,10,12:31:00,
27948,16508,19,6,30,1,12:18:00,
27949,16509,47,2,16,2,12:40:00,
27950,16510,38,2,23,10,10:58:00,
27951,16511,45,7,53,10,16:46:00,
27952,16511,23,3,35,10,15:48:00,
27953,16512,51,5,21,6,16:32:00,
27954,16512,11,8,26,3,15:40:00,
27955,16513,68,2,34,3,11:25:00,
27956,16513,8,5,16,10,11:19:00,
27957,16514,52,3,32,13,11:07:00,
27958,16515,34,2,45,6,11:24:00,
27959,16515,19,1,32,4,11:59:00,
27960,16515,61,1,36,11,12:18:00,
27961,16516,1,7,37,4,15:11:00,
27962,16516,60,1,32,10,14:50:00,
27963,16517,48,6,10,11,12:09:00,
27964,16517,65,1,28,12,12:31:00,
27965,16518,43,7,20,14,14:24:00,
27966,16519,61,8,33,5,15:00:00,
27967,16520,14,3,22,12,10:49:00,
27968,16520,56,6,39,2,11:32:00,
27969,16521,48,7,29,6,14:00:00,
27970,16522,67,8,27,4,13:34:00,
27971,16523,8,8,33,1,16:03:00,
27972,16523,52,6,13,11,15:17:00,
27973,16523,57,5,26,13,15:42:00,
27974,16524,29,6,21,3,10:47:00,
27975,16524,45,7,41,1,10:30:00,
27976,16525,50,1,35,7,16:16:00,
27977,16526,59,2,23,14,10:38:00,
27978,16526,67,5,28,13,10:38:00,
27979,16527,21,7,40,3,13:17:00,
27980,16528,48,8,14,6,15:10:00,
27981,16529,57,2,18,13,14:00:00,
27982,16529,11,4,11,7,13:11:00,
27983,16530,53,5,26,5,11:57:00,
27984,16530,30,8,28,13,11:50:00,
27985,16531,1,2,38,13,10:14:00,
27986,16531,23,7,35,1,09:47:00,
27987,16532,5,8,32,13,15:25:00,
27988,16533,73,3,44,1,15:55:00,
27989,16533,11,4,17,5,15:44:00,
27990,16534,67,5,23,11,15:17:00,
27991,16534,69,1,26,10,15:52:00,
27992,16535,61,3,28,10,15:29:00,
27993,16536,29,6,35,10,10:05:00,
27994,16536,69,8,36,1,10:10:00,
27995,16536,50,1,18,7,10:09:00,
27996,16537,21,6,40,10,10:52:00,
27997,16537,23,2,36,2,11:08:00,
27998,16538,44,8,11,1,13:04:00,
27999,16538,47,6,29,7,12:25:00,
28000,16538,62,6,23,11,12:15:00,
28001,16539,29,4,28,10,16:41:00,
28002,16539,61,1,22,1,16:22:00,
28003,16540,34,6,30,5,14:39:00,
28004,16541,44,2,24,3,12:46:00,
28005,16542,43,7,24,10,12:26:00,
28006,16542,59,4,22,13,13:28:00,
28007,16543,13,3,24,7,09:20:00,
28008,16543,44,8,28,10,09:23:00,
28009,16544,53,5,17,2,14:36:00,
28010,16545,71,4,26,4,16:54:00,
28011,16546,10,3,40,12,12:18:00,
28012,16546,69,1,15,11,12:05:00,
28013,16546,57,1,10,10,12:54:00,
28014,16547,65,2,29,5,13:15:00,
28015,16548,15,8,27,4,12:19:00,
28016,16548,29,7,15,6,11:45:00,
28017,16549,69,5,38,5,12:35:00,
28018,16550,42,5,24,10,11:18:00,
28019,16550,48,4,25,2,11:36:00,
28020,16551,10,5,27,1,13:18:00,
28021,16552,21,6,7,5,12:09:00,
28022,16552,39,4,20,4,12:08:00,
28023,16553,67,3,7,14,16:11:00,
28024,16553,21,2,46,5,15:53:00,
28025,16554,23,5,35,7,10:58:00,
28026,16555,73,6,28,12,13:31:00,
28027,16555,57,5,12,10,13:45:00,
28028,16556,61,4,30,6,10:59:00,
28029,16556,29,4,40,13,10:49:00,
28030,16557,59,6,24,3,14:54:00,
28031,16557,56,5,40,10,14:24:00,
28032,16557,71,8,21,10,15:43:00,
28033,16558,20,3,23,1,16:44:00,
28034,16558,69,4,31,4,16:35:00,
28035,16558,53,4,24,4,16:50:00,
28036,16559,16,8,21,5,16:39:00,
28037,16560,71,8,35,10,13:05:00,
28038,16560,57,3,15,10,13:57:00,
28039,16560,67,7,19,13,13:24:00,
28040,16561,38,7,28,10,12:27:00,
28041,16562,21,1,23,10,14:22:00,
28042,16563,65,5,31,6,14:25:00,
28043,16563,59,8,24,10,14:44:00,
28044,16563,48,6,22,13,14:24:00,
28045,16564,16,6,31,7,14:39:00,
28046,16565,20,4,34,7,16:42:00,
28047,16566,42,3,34,6,12:27:00,
28048,16567,48,2,24,11,10:10:00,
28049,16568,42,7,25,1,11:05:00,
28050,16568,51,3,8,6,10:47:00,
28051,16569,13,1,28,2,15:03:00,
28052,16570,56,6,38,11,13:53:00,
28053,16570,14,6,21,12,13:29:00,
28054,16571,21,7,38,6,14:11:00,
28055,16571,53,8,16,6,13:57:00,
28056,16572,28,3,22,11,10:25:00,
28057,16573,45,2,42,12,15:31:00,
28058,16574,57,3,31,12,15:36:00,
28059,16574,20,2,32,2,15:59:00,
28060,16575,18,8,15,10,11:12:00,
28061,16575,44,4,19,3,11:20:00,
28062,16576,21,4,22,5,12:10:00,
28063,16577,17,7,28,13,16:20:00,
28064,16578,21,3,28,12,14:56:00,
28065,16578,51,2,36,2,14:28:00,
28066,16578,45,1,37,1,14:35:00,
28067,16579,19,2,21,13,17:26:00,
28068,16579,1,7,24,2,16:07:00,
28069,16580,48,8,11,6,13:17:00,
28070,16581,57,3,15,14,12:07:00,
28071,16582,47,8,32,12,13:51:00,
28072,16583,50,2,34,11,13:34:00,
28073,16583,59,8,30,1,13:25:00,
28074,16584,47,2,22,13,14:26:00,
28075,16584,60,5,13,14,14:25:00,
28076,16585,18,2,27,2,09:45:00,
28077,16585,73,7,20,1,09:59:00,
28078,16586,42,4,35,4,16:28:00,
28079,16586,50,6,40,4,16:30:00,
28080,16586,39,1,12,12,16:22:00,
28081,16587,42,8,39,14,12:36:00,
28082,16588,13,6,29,11,12:08:00,
28083,16588,1,7,19,14,12:22:00,
28084,16589,1,3,36,11,16:55:00,
28085,16589,8,2,32,14,17:43:00,
28086,16590,14,1,33,6,13:04:00,
28087,16590,51,7,20,13,12:15:00,
28088,16590,18,3,29,10,13:01:00,
28089,16591,44,6,8,11,13:38:00,
28090,16591,56,1,49,7,13:37:00,
28091,16592,53,4,23,5,15:43:00,
28092,16592,14,7,15,1,15:27:00,
28093,16593,38,4,34,3,15:19:00,
28094,16594,60,1,31,10,15:09:00,
28095,16594,57,2,31,10,15:09:00,
28096,16594,51,3,18,6,15:31:00,
28097,16595,65,2,20,12,14:39:00,
28098,16595,48,4,38,3,14:11:00,
28099,16595,44,8,15,11,14:19:00,
28100,16596,59,3,17,2,15:03:00,
28101,16596,23,3,16,14,15:12:00,
28102,16596,16,3,5,3,14:58:00,
28103,16597,13,5,10,1,11:27:00,
28104,16597,53,7,21,11,10:38:00,
28105,16598,61,3,32,3,12:36:00,
28106,16598,17,7,16,11,12:05:00,
28107,16598,18,2,19,4,12:00:00,
28108,16599,51,5,31,4,16:32:00,
28109,16600,43,8,30,2,11:58:00,
28110,16601,13,7,25,10,13:49:00,
28111,16601,71,7,20,12,14:58:00,
28112,16602,21,2,20,11,13:11:00,
28113,16602,38,1,26,5,13:11:00,
28114,16603,57,2,37,13,16:37:00,
28115,16603,44,7,5,4,16:34:00,
28116,16604,5,4,29,4,11:33:00,
28117,16605,48,2,31,12,12:11:00,
28118,16606,71,3,24,10,12:08:00,
28119,16607,38,3,22,13,12:51:00,
28120,16607,73,6,28,5,13:01:00,
28121,16607,17,5,40,11,12:40:00,
28122,16608,18,3,39,1,11:02:00,
28123,16608,42,5,40,14,11:06:00,
28124,16609,1,2,50,4,14:54:00,
28125,16610,61,5,21,5,14:20:00,
28126,16611,68,4,18,10,15:06:00,
28127,16611,39,4,36,2,14:59:00,
28128,16612,19,4,37,12,16:13:00,
28129,16612,1,2,32,1,16:01:00,
28130,16613,69,4,28,3,12:31:00,
28131,16614,23,2,34,10,12:07:00,
28132,16615,44,2,13,7,15:08:00,
28133,16615,59,3,32,5,15:32:00,
28134,16616,48,5,28,13,11:58:00,
28135,16617,39,7,20,2,10:05:00,
28136,16617,5,6,35,14,10:10:00,
28137,16618,11,5,16,4,17:19:00,
28138,16619,69,3,25,4,13:49:00,
28139,16619,44,8,20,2,13:53:00,
28140,16620,52,8,40,12,17:27:00,
28141,16620,59,7,23,1,17:29:00,
28142,16621,52,5,20,4,15:01:00,
28143,16621,51,3,27,6,14:07:00,
28144,16622,62,8,19,1,11:05:00,
28145,16622,20,2,19,3,11:14:00,
28146,16623,50,1,40,12,12:19:00,
28147,16624,71,8,22,13,10:13:00,
28148,16624,29,5,34,13,10:09:00,
28149,16624,16,3,23,1,09:58:00,
28150,16625,67,5,22,13,14:51:00,
28151,16626,57,2,27,6,13:29:00,
28152,16627,68,4,24,12,12:51:00,
28153,16627,53,7,18,10,12:49:00,
28154,16627,47,3,22,5,12:35:00,
28155,16628,56,3,38,13,14:54:00,
28156,16628,51,3,33,4,14:44:00,
28157,16629,8,7,34,2,10:11:00,
28158,16629,17,6,29,14,10:29:00,
28159,16630,50,7,27,1,09:47:00,
28160,16630,45,2,34,1,09:40:00,
28161,16631,34,2,24,10,13:13:00,
28162,16631,13,7,40,14,11:58:00,
28163,16631,59,4,16,3,12:05:00,
28164,16632,59,6,33,4,17:16:00,
28165,16632,28,5,34,10,16:43:00,
28166,16633,73,4,30,10,12:12:00,
28167,16633,57,3,10,4,11:53:00,
28168,16633,38,3,25,14,12:03:00,
28169,16634,67,1,42,10,15:44:00,
28170,16635,21,7,24,1,11:54:00,
28171,16636,52,4,38,14,14:55:00,
28172,16637,28,2,40,10,17:13:00,
28173,16637,11,6,41,1,17:18:00,
28174,16638,23,3,34,6,13:47:00,
28175,16638,8,7,21,6,13:34:00,
28176,16639,11,1,27,1,15:57:00,
28177,16639,62,3,24,4,15:42:00,
28178,16640,60,6,27,12,16:49:00,
28179,16640,34,7,28,10,16:44:00,
28180,16640,59,3,28,14,16:28:00,
28181,16641,57,5,10,10,15:38:00,
28182,16642,69,8,25,2,11:13:00,
28183,16642,44,5,23,5,10:50:00,
28184,16642,11,4,39,11,10:54:00,
28185,16643,21,7,40,2,13:47:00,
28186,16644,52,7,41,7,15:30:00,
28187,16644,8,6,23,3,15:02:00,
28188,16645,57,8,5,6,17:36:00,
28189,16646,60,4,19,3,09:25:00,
28190,16647,44,3,28,11,16:50:00,
28191,16647,10,8,38,4,16:44:00,
28192,16647,30,4,26,12,17:05:00,
28193,16648,5,2,35,12,12:18:00,
28194,16648,51,2,24,12,11:52:00,
28195,16648,61,5,29,6,13:16:00,
28196,16649,16,5,10,3,15:04:00,
28197,16649,13,6,22,11,15:10:00,
28198,16650,44,2,25,3,14:50:00,
28199,16650,45,5,35,3,15:12:00,
28200,16651,29,2,39,13,10:14:00,
28201,16651,47,4,17,11,09:54:00,
28202,16651,65,2,47,2,11:44:00,
28203,16652,69,5,21,7,16:19:00,
28204,16653,20,3,25,5,16:26:00,
28205,16653,42,8,32,4,16:20:00,
28206,16653,59,8,35,5,16:24:00,
28207,16654,28,7,38,7,16:13:00,
28208,16655,7,2,33,13,11:53:00,
28209,16655,21,3,50,6,11:49:00,
28210,16656,45,4,32,14,10:29:00,
28211,16657,29,7,27,6,11:44:00,
28212,16658,1,1,28,3,11:53:00,
28213,16659,53,1,27,11,14:05:00,
28214,16659,23,8,44,4,14:38:00,
28215,16660,61,3,39,4,13:29:00,
28216,16661,71,4,14,12,10:52:00,
28217,16661,65,5,29,13,11:20:00,
28218,16662,60,2,21,6,12:37:00,
28219,16662,7,3,43,5,13:07:00,
28220,16663,56,6,21,1,16:04:00,
28221,16664,42,7,42,2,14:30:00,
28222,16665,51,1,31,11,09:20:00,
28223,16666,67,3,28,11,10:26:00,
28224,16666,13,5,31,13,09:27:00,
28225,16667,56,3,39,6,11:44:00,
28226,16668,34,1,43,12,09:36:00,
28227,16669,62,6,15,6,13:11:00,
28228,16669,30,4,26,5,12:43:00,
28229,16670,44,3,18,4,12:59:00,
28230,16671,39,4,28,10,17:07:00,
28231,16672,15,7,26,12,10:41:00,
28232,16672,8,6,24,6,10:45:00,
28233,16673,59,6,40,3,14:41:00,
28234,16673,51,6,32,6,14:40:00,
28235,16674,59,7,14,6,16:54:00,
28236,16675,17,5,36,14,14:37:00,
28237,16676,53,8,28,10,12:05:00,
28238,16677,69,7,29,11,13:13:00,
28239,16677,43,6,33,13,12:57:00,
28240,16678,20,7,27,13,16:00:00,
28241,16679,28,8,29,1,18:10:00,
28242,16680,34,4,18,10,10:29:00,
28243,16681,67,8,21,6,10:05:00,
28244,16682,50,2,26,13,14:40:00,
28245,16683,71,5,29,7,17:00:00,
28246,16684,11,6,36,7,16:29:00,
28247,16684,28,8,29,5,16:45:00,
28248,16684,67,2,5,14,16:47:00,
28249,16685,47,2,36,5,10:55:00,
28250,16685,44,1,10,13,11:45:00,
28251,16686,11,8,30,13,11:34:00,
28252,16686,19,7,35,11,11:37:00,
28253,16687,43,7,43,1,13:54:00,
28254,16687,38,8,20,4,13:58:00,
28255,16687,1,5,41,7,13:55:00,
28256,16688,14,7,28,14,13:23:00,
28257,16688,45,1,35,6,13:27:00,
28258,16689,43,7,30,12,13:03:00,
28259,16689,13,2,37,12,12:19:00,
28260,16690,5,1,40,14,13:53:00,
28261,16691,13,2,44,1,15:19:00,
28262,16692,51,4,23,6,11:06:00,
28263,16692,29,3,33,6,10:50:00,
28264,16693,48,6,21,4,16:03:00,
28265,16694,67,1,27,7,10:19:00,
28266,16694,17,8,32,13,09:05:00,
28267,16695,13,5,25,1,13:39:00,
28268,16695,68,5,37,6,13:41:00,
28269,16696,19,6,54,14,15:22:00,
28270,16697,47,8,19,14,10:59:00,
28271,16697,21,4,34,13,10:23:00,
28272,16698,23,5,36,14,09:57:00,
28273,16699,34,5,26,12,13:55:00,
28274,16699,38,5,24,7,13:47:00,
28275,16700,13,3,31,3,11:07:00,
28276,16701,1,1,36,2,17:05:00,
28277,16701,21,4,42,5,16:52:00,
28278,16701,47,1,34,7,16:12:00,
28279,16702,56,4,20,4,10:15:00,
28280,16703,39,6,27,11,16:11:00,
28281,16704,13,7,29,1,10:29:00,
28282,16705,38,5,31,6,16:51:00,
28283,16706,8,2,35,7,11:42:00,
28284,16706,13,6,24,2,10:51:00,
28285,16706,29,8,22,2,10:44:00,
28286,16707,19,3,13,10,09:41:00,
28287,16708,73,5,35,13,13:51:00,
28288,16708,28,1,44,5,14:09:00,
28289,16708,10,2,23,11,13:50:00,
28290,16709,42,3,28,14,14:42:00,
28291,16710,51,3,30,7,10:40:00,
28292,16711,21,4,29,11,12:16:00,
28293,16711,47,3,18,11,12:30:00,
28294,16712,69,3,34,10,10:45:00,
28295,16712,51,4,31,11,11:35:00,
28296,16712,67,2,33,2,11:33:00,
28297,16713,56,5,29,7,17:32:00,
28298,16714,10,7,31,10,11:07:00,
28299,16714,38,4,29,2,11:05:00,
28300,16715,51,2,24,3,11:58:00,
28301,16716,62,6,46,10,15:35:00,
28302,16716,71,1,26,14,15:43:00,
28303,16717,52,3,29,1,17:11:00,
28304,16718,1,4,36,12,17:59:00,
28305,16718,17,6,25,2,16:52:00,
28306,16719,68,5,39,6,11:38:00,
28307,16720,30,4,25,7,10:32:00,
28308,16721,60,2,33,10,11:16:00,
28309,16721,29,2,30,14,10:39:00,
28310,16722,52,7,26,6,12:02:00,
28311,16722,21,7,45,4,11:29:00,
28312,16723,50,2,22,13,15:57:00,
28313,16723,65,4,36,7,16:28:00,
28314,16724,50,2,22,2,16:09:00,
28315,16724,68,3,31,11,15:47:00,
28316,16724,67,7,26,11,14:55:00,
28317,16725,60,8,31,10,09:46:00,
28318,16725,13,8,29,4,09:58:00,
28319,16726,50,2,6,1,13:10:00,
28320,16727,51,4,32,14,11:38:00,
28321,16728,71,7,9,2,17:29:00,
28322,16728,60,6,18,13,17:15:00,
28323,16728,17,7,31,11,16:35:00,
28324,16729,16,8,22,12,12:00:00,
28325,16729,34,8,34,6,12:01:00,
28326,16730,52,7,27,12,15:40:00,
28327,16730,16,7,30,11,16:04:00,
28328,16730,59,5,36,4,16:12:00,
28329,16731,51,7,30,4,16:46:00,
28330,16731,17,3,14,14,16:28:00,
28331,16732,16,6,25,4,11:46:00,
28332,16732,18,1,40,12,11:47:00,
28333,16733,43,1,33,14,17:51:00,
28334,16734,59,7,27,6,12:42:00,
28335,16734,21,6,21,10,12:43:00,
28336,16734,5,3,41,6,12:38:00,
28337,16735,8,2,39,11,17:19:00,
28338,16735,65,2,35,1,17:06:00,
28339,16736,48,2,27,1,09:35:00,
28340,16737,38,6,28,6,11:38:00,
28341,16737,43,7,24,5,11:54:00,
28342,16737,45,1,44,11,11:48:00,
28343,16738,51,8,24,11,13:05:00,
28344,16739,45,1,34,2,14:36:00,
28345,16740,13,1,26,2,11:30:00,
28346,16741,17,2,34,10,14:40:00,
28347,16742,29,2,24,4,09:50:00,
28348,16743,56,4,31,1,12:26:00,
28349,16744,23,6,19,7,15:21:00,
28350,16745,39,3,23,5,14:40:00,
28351,16746,8,3,45,2,15:20:00,
28352,16746,16,3,12,7,15:15:00,
28353,16747,5,3,31,14,09:31:00,
28354,16748,21,3,32,7,15:44:00,
28355,16749,23,1,37,3,10:10:00,
28356,16749,19,5,39,6,09:17:00,
28357,16750,48,4,15,12,14:54:00,
28358,16750,43,2,36,1,15:03:00,
28359,16751,45,4,38,11,17:10:00,
28360,16752,16,4,41,10,16:40:00,
28361,16752,8,4,30,4,16:29:00,
28362,16752,53,2,28,4,16:44:00,
28363,16753,45,2,35,11,12:18:00,
28364,16754,56,3,35,7,10:01:00,
28365,16755,16,6,27,13,14:00:00,
28366,16756,13,3,35,3,10:29:00,
28367,16757,23,3,29,1,12:19:00,
28368,16758,56,1,33,10,10:25:00,
28369,16758,14,4,21,7,10:19:00,
28370,16759,16,6,20,1,10:54:00,
28371,16760,60,4,28,14,14:56:00,
28372,16761,44,8,21,13,15:48:00,
28373,16761,10,5,11,13,16:15:00,
28374,16761,15,8,24,11,15:52:00,
28375,16762,1,2,28,6,14:50:00,
28376,16763,5,5,34,13,17:49:00,
28377,16764,59,3,39,7,14:36:00,
28378,16765,20,6,24,13,11:01:00,
28379,16766,69,7,31,12,11:47:00,
28380,16767,60,4,28,5,11:59:00,
28381,16768,71,2,5,7,10:55:00,
28382,16769,42,2,42,7,12:25:00,
28383,16770,28,7,31,1,12:09:00,
28384,16771,44,2,13,13,09:55:00,
28385,16771,17,4,26,5,10:07:00,
28386,16772,20,8,36,4,15:54:00,
28387,16773,19,7,42,11,10:09:00,
28388,16774,65,1,46,3,12:49:00,
28389,16775,5,2,39,10,15:27:00,
28390,16776,10,7,27,7,09:21:00,
28391,16776,20,5,35,14,09:44:00,
28392,16776,17,4,33,7,09:52:00,
28393,16777,11,4,31,5,14:16:00,
28394,16778,56,7,31,10,17:12:00,
28395,16779,18,3,29,12,17:07:00,
28396,16780,65,7,37,4,14:07:00,
28397,16781,17,6,20,7,13:54:00,
28398,16781,67,7,41,13,14:10:00,
28399,16781,56,2,41,13,14:26:00,
28400,16782,59,3,14,5,12:53:00,
28401,16783,13,6,31,13,12:23:00,
28402,16783,14,6,34,1,11:33:00,
28403,16783,19,5,32,1,11:51:00,
28404,16784,59,8,36,14,16:29:00,
28405,16785,11,1,37,10,12:09:00,
28406,16786,11,6,24,5,13:45:00,
28407,16786,39,8,22,1,14:57:00,
28408,16787,57,8,19,11,13:43:00,
28409,16787,14,3,22,4,14:00:00,
28410,16787,15,4,31,5,14:03:00,
28411,16788,1,1,34,10,13:08:00,
28412,16789,52,5,26,6,10:25:00,
28413,16789,14,2,29,3,10:38:00,
28414,16790,43,8,45,6,10:33:00,
28415,16790,65,4,29,13,10:45:00,
28416,16791,29,4,31,13,13:04:00,
28417,16791,44,6,21,2,13:05:00,
28418,16791,48,4,29,7,12:45:00,
28419,16792,45,7,33,4,11:43:00,
28420,16793,29,6,36,13,10:54:00,
28421,16793,60,7,36,2,10:46:00,
28422,16794,61,8,29,11,14:25:00,
28423,16794,1,4,26,7,14:43:00,
28424,16794,10,6,24,14,14:32:00,
28425,16795,18,2,24,7,15:46:00,
28426,16795,47,4,27,12,16:19:00,
28427,16796,14,8,17,13,16:49:00,
28428,16797,38,5,37,10,16:53:00,
28429,16797,21,7,26,1,17:15:00,
28430,16798,67,3,39,12,10:26:00,
28431,16799,60,3,36,14,12:26:00,
28432,16800,67,5,34,4,15:04:00,
28433,16801,57,8,9,11,11:44:00,
28434,16802,42,7,36,1,11:52:00,
28435,16802,21,7,21,2,12:09:00,
28436,16803,21,2,38,2,12:20:00,
28437,16804,47,4,28,3,16:28:00,
28438,16805,28,8,27,11,16:53:00,
28439,16805,71,2,17,3,16:47:00,
28440,16806,23,4,41,11,15:54:00,
28441,16806,5,6,35,11,15:58:00,
28442,16807,29,3,27,14,14:39:00,
28443,16808,8,1,47,12,14:53:00,
28444,16808,67,1,37,12,14:39:00,
28445,16809,13,7,40,13,13:42:00,
28446,16809,50,1,16,1,13:29:00,
28447,16810,10,8,19,1,16:21:00,
28448,16810,13,7,36,6,15:44:00,
28449,16811,60,1,22,11,15:16:00,
28450,16812,38,1,24,10,14:07:00,
28451,16812,67,2,17,4,14:06:00,
28452,16812,61,1,32,10,13:57:00,
28453,16813,69,6,33,13,17:06:00,
28454,16814,11,6,19,1,17:22:00,
28455,16814,56,3,42,12,17:57:00,
28456,16815,15,2,31,14,12:42:00,
28457,16815,48,1,29,11,13:01:00,
28458,16815,29,7,34,2,12:42:00,
28459,16816,52,1,42,7,14:25:00,
28460,16817,57,7,27,10,14:33:00,
28461,16817,19,5,36,5,13:39:00,
28462,16818,56,2,43,6,14:10:00,
28463,16819,73,8,31,4,15:21:00,
28464,16820,45,1,35,2,12:30:00,
28465,16821,19,6,40,2,14:49:00,
28466,16822,14,7,21,7,15:09:00,
28467,16823,18,2,9,11,11:23:00,
28468,16823,50,2,23,2,11:19:00,
28469,16824,57,5,19,4,13:41:00,
28470,16824,13,4,30,2,13:06:00,
