order_id,customer_id,visit_id,staff_id,order_datetime,subtotal,tax,total,payment_method
1,1,1,3,2022-06-15 14:30:00,12.0,0.72,12.72,credit
2,1,3,3,2022-06-22 10:30:00,9.5,0.57,10.07,credit
3,3,4,3,2022-08-20 13:30:00,11.0,0.66,11.66,credit
4,1,5,3,2022-09-10 11:30:00,5.5,0.33,5.83,mobile
5,2,6,3,2022-09-17 14:30:00,10.0,0.6,10.6,debit
6,1,8,3,2022-10-15 14:30:00,14.5,0.87,15.37,credit
7,5,18,5,2023-02-14 15:30:00,25.0,1.5,26.5,credit
8,6,23,3,2023-04-01 14:30:00,8.5,0.51,9.01,mobile
9,5,24,3,2023-04-08 11:00:00,11.5,0.69,12.19,credit
10,1,25,3,2023-04-15 13:30:00,9.5,0.57,10.07,mobile
11,12,34,3,2023-07-22 15:30:00,19.0,1.14,20.14,debit
12,8,37,3,2023-09-02 13:30:00,15.5,0.93,16.43,credit
13,5,42,3,2023-10-14 10:30:00,14.0,0.84,14.84,mobile
14,1,52,3,2024-01-20 11:30:00,9.0,0.54,9.54,mobile
15,5,55,3,2024-02-10 14:30:00,20.0,1.2,21.2,credit
16,9,59,3,2024-03-16 11:30:00,14.5,0.87,15.37,credit
17,10,69,3,2024-05-25 13:30:00,8.0,0.48,8.48,debit
18,1,72,1,2024-06-15 10:30:00,40.0,2.4,42.4,credit
19,15,77,3,2024-07-20 11:30:00,59.0,3.54,62.54,credit
20,10,86,3,2024-09-21 11:30:00,8.0,0.48,8.48,mobile
21,1,91,3,2024-10-26 15:00:00,10.0,0.6,10.6,mobile
22,5,98,3,2024-12-14 12:00:00,20.0,1.2,21.2,credit
23,19,101,5,2025-01-04 11:30:00,15.5,0.93,16.43,credit
24,1,103,3,2025-01-11 14:30:00,9.5,0.57,10.07,mobile
25,2,107,5,2022-06-15 16:59:00,14.25,0.85,15.1,mobile
26,4,108,13,2022-06-15 10:36:00,5.06,0.3,5.36,mobile
27,1,109,5,2022-06-15 11:59:00,4.0,0.24,4.24,mobile
28,6,110,2,2022-06-15 12:51:00,7.0,0.42,7.42,mobile
29,8,111,4,2022-06-16 14:28:00,8.97,0.54,9.51,credit
30,2,114,10,2022-06-16 12:38:00,10.25,0.61,10.86,credit
31,2,115,2,2022-06-16 09:58:00,7.25,0.43,7.68,debit
32,3,116,11,2022-06-16 14:41:00,9.0,0.54,9.54,credit
33,11,119,13,2022-06-16 09:17:00,20.0,1.2,21.2,credit
34,1,120,4,2022-06-16 10:54:00,9.5,0.57,10.07,mobile
35,2,121,11,2022-06-17 12:59:00,7.25,0.43,7.68,debit
36,2,124,3,2022-06-17 11:59:00,21.75,1.3,23.05,credit
37,3,125,4,2022-06-17 13:46:00,8.0,0.48,8.48,mobile
38,2,127,5,2022-06-18 15:35:00,6.25,0.38,6.63,mobile
39,6,130,5,2022-06-18 10:29:00,10.0,0.6,10.6,credit
40,14,132,5,2022-06-18 15:59:00,5.83,0.35,6.18,mobile
41,7,133,12,2022-06-18 10:43:00,16.0,0.96,16.96,mobile
42,1,134,13,2022-06-18 14:59:00,3.5,0.21,3.71,debit
43,1,135,12,2022-06-18 14:29:00,5.5,0.33,5.83,debit
44,2,136,13,2022-06-18 13:55:00,6.75,0.4,7.15,mobile
45,1,137,10,2022-06-18 09:15:00,45.5,2.73,48.23,credit
46,8,138,6,2022-06-18 12:40:00,4.97,0.3,5.27,credit
47,5,139,4,2022-06-18 12:40:00,39.5,2.37,41.87,credit
48,2,140,11,2022-06-18 09:28:00,5.75,0.34,6.09,credit
49,5,141,14,2022-06-18 10:56:00,5.5,0.33,5.83,mobile
50,4,143,5,2022-06-19 14:59:00,9.06,0.54,9.6,credit
51,1,144,12,2022-06-19 16:31:00,11.0,0.66,11.66,credit
52,1,145,11,2022-06-19 15:27:00,17.5,1.05,18.55,credit
53,11,147,2,2022-06-19 11:37:00,9.0,0.54,9.54,debit
54,2,149,3,2022-06-19 15:26:00,12.25,0.73,12.98,mobile
55,1,150,13,2022-06-19 13:43:00,3.0,0.18,3.18,mobile
56,13,151,13,2022-06-19 09:13:00,5.5,0.33,5.83,debit
57,8,152,11,2022-06-19 15:46:00,8.97,0.54,9.51,credit
58,1,153,4,2022-06-19 11:55:00,4.5,0.27,4.77,credit
59,2,154,3,2022-06-20 15:52:00,7.25,0.43,7.68,credit
60,5,156,3,2022-06-20 09:47:00,11.0,0.66,11.66,debit
61,15,158,12,2022-06-20 15:30:00,8.0,0.48,8.48,credit
62,10,159,7,2022-06-20 12:33:00,12.85,0.77,13.62,mobile
63,10,161,1,2022-06-20 15:17:00,8.85,0.53,9.38,credit
64,6,163,5,2022-06-21 12:28:00,3.0,0.18,3.18,debit
65,2,164,11,2022-06-21 13:51:00,10.25,0.61,10.86,mobile
66,2,168,4,2022-06-22 10:57:00,6.75,0.4,7.15,credit
67,2,169,6,2022-06-22 12:59:00,9.25,0.55,9.8,debit
68,5,171,12,2022-06-22 13:44:00,5.0,0.3,5.3,credit
69,2,172,3,2022-06-22 15:45:00,6.75,0.4,7.15,credit
70,1,173,10,2022-06-22 09:28:00,3.0,0.18,3.18,mobile
71,1,175,10,2022-06-23 15:35:00,4.0,0.24,4.24,credit
72,11,177,13,2022-06-23 11:45:00,20.0,1.2,21.2,credit
73,2,178,11,2022-06-23 11:14:00,10.75,0.65,11.4,credit
74,2,179,13,2022-06-23 16:54:00,28.25,1.69,29.94,mobile
75,1,180,14,2022-06-23 09:59:00,20.0,1.2,21.2,debit
76,7,181,2,2022-06-23 16:44:00,3.5,0.21,3.71,mobile
77,6,183,6,2022-06-24 09:13:00,25.0,1.5,26.5,credit
78,8,185,3,2022-06-24 09:43:00,22.97,1.38,24.35,credit
79,8,186,12,2022-06-24 16:38:00,44.97,2.7,47.67,debit
80,4,187,13,2022-06-24 16:52:00,10.06,0.6,10.66,credit
81,2,188,2,2022-06-24 11:41:00,9.25,0.55,9.8,mobile
82,6,189,3,2022-06-24 16:17:00,5.5,0.33,5.83,mobile
83,5,190,12,2022-06-24 15:20:00,14.0,0.84,14.84,mobile
84,8,191,11,2022-06-24 13:16:00,6.47,0.39,6.86,credit
85,2,192,13,2022-06-25 10:59:00,8.25,0.49,8.74,credit
86,3,195,14,2022-06-25 12:23:00,16.0,0.96,16.96,debit
87,2,196,2,2022-06-25 10:44:00,41.25,2.48,43.73,mobile
88,6,198,5,2022-06-25 11:37:00,14.0,0.84,14.84,debit
89,1,200,11,2022-06-25 10:59:00,11.0,0.66,11.66,debit
90,4,202,4,2022-06-25 10:10:00,7.06,0.42,7.48,mobile
91,2,203,3,2022-06-25 15:43:00,30.75,1.84,32.59,mobile
92,6,204,10,2022-06-25 14:51:00,5.5,0.33,5.83,credit
93,8,205,1,2022-06-25 15:28:00,4.47,0.27,4.74,credit
94,9,206,14,2022-06-26 09:28:00,10.0,0.6,10.6,credit
95,3,207,2,2022-06-26 16:30:00,16.0,0.96,16.96,credit
96,3,209,4,2022-06-26 16:58:00,8.0,0.48,8.48,credit
97,2,213,11,2022-06-26 11:59:00,8.25,0.49,8.74,credit
98,1,214,4,2022-06-26 13:59:00,3.5,0.21,3.71,debit
99,3,215,2,2022-06-26 11:59:00,5.5,0.33,5.83,mobile
100,14,216,14,2022-06-26 10:38:00,21.83,1.31,23.14,mobile
101,1,217,7,2022-06-27 12:57:00,4.5,0.27,4.77,mobile
102,5,219,4,2022-06-27 14:28:00,4.5,0.27,4.77,credit
103,1,220,10,2022-06-27 11:43:00,3.0,0.18,3.18,credit
104,5,222,7,2022-06-27 12:49:00,8.0,0.48,8.48,credit
105,4,223,10,2022-06-28 16:59:00,6.56,0.39,6.95,credit
106,1,224,5,2022-06-28 11:51:00,4.5,0.27,4.77,credit
107,5,225,11,2022-06-28 12:59:00,3.5,0.21,3.71,credit
108,1,226,7,2022-06-28 12:45:00,4.0,0.24,4.24,credit
109,1,227,12,2022-06-28 10:17:00,6.0,0.36,6.36,credit
110,4,228,2,2022-06-28 16:59:00,13.06,0.78,13.84,debit
111,1,229,7,2022-06-29 14:41:00,7.0,0.42,7.42,credit
112,6,230,1,2022-06-29 12:14:00,4.0,0.24,4.24,credit
113,5,231,2,2022-06-29 14:44:00,25.5,1.53,27.03,credit
114,3,232,14,2022-06-29 12:21:00,3.5,0.21,3.71,credit
115,2,233,6,2022-06-29 11:59:00,26.25,1.57,27.82,debit
116,1,235,7,2022-06-30 12:59:00,8.0,0.48,8.48,credit
117,1,237,11,2022-06-30 10:57:00,5.5,0.33,5.83,mobile
118,4,238,13,2022-06-30 09:42:00,8.06,0.48,8.54,credit
119,2,240,10,2022-06-30 11:32:00,10.25,0.61,10.86,credit
120,5,241,14,2022-06-30 12:53:00,22.0,1.32,23.32,mobile
121,4,242,2,2022-07-01 10:48:00,8.06,0.48,8.54,mobile
122,12,244,5,2022-07-01 15:42:00,4.5,0.27,4.77,credit
123,2,246,14,2022-07-01 12:30:00,34.75,2.08,36.83,credit
124,2,247,7,2022-07-01 12:19:00,5.75,0.34,6.09,credit
125,4,251,13,2022-07-02 12:54:00,9.06,0.54,9.6,credit
126,8,252,4,2022-07-02 16:59:00,10.97,0.66,11.63,debit
127,8,254,1,2022-07-02 11:19:00,29.97,1.8,31.77,credit
128,1,255,11,2022-07-02 16:56:00,4.5,0.27,4.77,credit
129,4,256,11,2022-07-02 13:58:00,6.56,0.39,6.95,mobile
130,8,257,6,2022-07-02 10:40:00,15.97,0.96,16.93,mobile
131,2,258,13,2022-07-02 13:41:00,9.25,0.55,9.8,mobile
132,12,259,4,2022-07-02 14:20:00,6.0,0.36,6.36,credit
133,2,260,5,2022-07-03 16:37:00,24.25,1.45,25.7,credit
134,1,261,4,2022-07-03 14:40:00,3.5,0.21,3.71,mobile
135,1,263,10,2022-07-03 10:27:00,16.0,0.96,16.96,credit
136,18,264,12,2022-07-03 14:55:00,10.27,0.62,10.89,credit
137,3,265,2,2022-07-03 10:56:00,3.5,0.21,3.71,credit
138,8,266,2,2022-07-03 10:59:00,17.47,1.05,18.52,credit
139,2,268,7,2022-07-03 11:43:00,9.25,0.55,9.8,credit
140,4,271,13,2022-07-03 14:59:00,10.56,0.63,11.19,credit
141,11,272,7,2022-07-04 16:22:00,28.5,1.71,30.21,credit
142,2,273,5,2022-07-04 16:41:00,15.25,0.91,16.16,credit
143,1,274,6,2022-07-04 14:30:00,8.0,0.48,8.48,mobile
144,9,275,4,2022-07-04 09:29:00,6.0,0.36,6.36,credit
145,2,276,7,2022-07-04 11:59:00,34.75,2.08,36.83,credit
146,3,278,13,2022-07-04 13:58:00,18.0,1.08,19.08,mobile
147,1,279,11,2022-07-04 12:59:00,11.5,0.69,12.19,mobile
148,7,280,13,2022-07-04 12:56:00,8.0,0.48,8.48,credit
149,1,281,14,2022-07-05 09:25:00,23.0,1.38,24.38,debit
150,8,282,12,2022-07-05 10:29:00,8.97,0.54,9.51,credit
151,5,283,4,2022-07-05 10:50:00,5.5,0.33,5.83,mobile
152,4,284,4,2022-07-05 11:30:00,16.06,0.96,17.02,mobile
153,1,285,5,2022-07-05 14:39:00,14.0,0.84,14.84,credit
154,3,286,11,2022-07-06 13:59:00,9.0,0.54,9.54,credit
155,3,287,2,2022-07-06 10:34:00,10.0,0.6,10.6,debit
156,1,288,6,2022-07-06 12:59:00,6.0,0.36,6.36,mobile
157,2,289,12,2022-07-06 13:59:00,4.75,0.28,5.03,mobile
158,6,291,11,2022-07-07 11:46:00,16.0,0.96,16.96,mobile
159,10,293,5,2022-07-07 12:42:00,20.85,1.25,22.1,debit
160,4,294,14,2022-07-07 09:40:00,12.56,0.75,13.31,debit
161,7,295,12,2022-07-07 10:19:00,5.5,0.33,5.83,mobile
162,3,296,2,2022-07-07 14:26:00,44.5,2.67,47.17,credit
163,2,297,11,2022-07-07 14:59:00,22.25,1.33,23.58,credit
164,1,298,2,2022-07-07 10:59:00,4.0,0.24,4.24,credit
165,3,299,5,2022-07-08 14:43:00,12.0,0.72,12.72,credit
166,11,300,7,2022-07-08 12:59:00,8.5,0.51,9.01,mobile
167,19,302,13,2022-07-08 11:37:00,13.5,0.81,14.31,mobile
168,2,303,1,2022-07-08 09:55:00,5.75,0.34,6.09,debit
169,4,304,6,2022-07-08 11:26:00,5.56,0.33,5.89,mobile
170,4,305,12,2022-07-08 10:22:00,6.06,0.36,6.42,credit
171,5,307,10,2022-07-09 10:35:00,16.0,0.96,16.96,credit
172,17,309,12,2022-07-09 12:40:00,11.0,0.66,11.66,credit
173,14,310,10,2022-07-09 09:45:00,10.83,0.65,11.48,mobile
174,4,313,2,2022-07-09 10:44:00,12.56,0.75,13.31,credit
175,9,314,13,2022-07-09 13:30:00,33.5,2.01,35.51,mobile
176,2,315,6,2022-07-09 09:31:00,40.75,2.44,43.19,credit
177,8,317,7,2022-07-09 11:12:00,5.47,0.33,5.8,credit
178,5,319,10,2022-07-10 14:50:00,4.0,0.24,4.24,mobile
179,196,320,13,2022-07-10 11:10:00,24.5,1.47,25.97,credit
180,11,322,2,2022-07-10 14:29:00,18.0,1.08,19.08,credit
181,2,323,1,2022-07-10 10:32:00,6.75,0.4,7.15,credit
182,10,324,10,2022-07-10 16:59:00,9.85,0.59,10.44,credit
183,8,326,6,2022-07-10 13:56:00,9.97,0.6,10.57,mobile
184,3,327,3,2022-07-10 09:59:00,5.0,0.3,5.3,mobile
185,5,328,4,2022-07-10 13:57:00,3.5,0.21,3.71,credit
186,13,330,10,2022-07-10 15:59:00,7.5,0.45,7.95,credit
187,8,334,2,2022-07-11 13:58:00,23.47,1.41,24.88,credit
188,5,336,13,2022-07-11 16:54:00,8.0,0.48,8.48,credit
189,1,339,2,2022-07-12 12:27:00,10.0,0.6,10.6,credit
190,3,340,3,2022-07-12 14:59:00,7.0,0.42,7.42,mobile
191,7,341,12,2022-07-12 15:59:00,10.0,0.6,10.6,credit
192,2,344,2,2022-07-13 15:11:00,9.25,0.55,9.8,mobile
193,4,345,10,2022-07-13 12:59:00,13.56,0.81,14.37,debit
194,13,346,1,2022-07-13 10:57:00,20.5,1.23,21.73,credit
195,2,347,11,2022-07-13 10:28:00,15.75,0.94,16.69,credit
196,16,348,4,2022-07-13 16:59:00,3.0,0.18,3.18,credit
197,10,350,12,2022-07-13 15:59:00,35.35,2.12,37.47,credit
198,3,351,14,2022-07-13 14:16:00,5.5,0.33,5.83,mobile
199,3,354,1,2022-07-14 10:59:00,5.5,0.33,5.83,credit
200,7,356,14,2022-07-14 15:25:00,5.0,0.3,5.3,mobile
201,4,357,4,2022-07-14 12:23:00,6.56,0.39,6.95,mobile
202,5,358,10,2022-07-14 10:59:00,5.5,0.33,5.83,credit
203,3,361,2,2022-07-15 16:11:00,3.5,0.21,3.71,mobile
204,7,362,7,2022-07-15 14:16:00,6.0,0.36,6.36,credit
205,3,364,7,2022-07-15 12:27:00,4.0,0.24,4.24,credit
206,4,365,3,2022-07-15 13:18:00,7.06,0.42,7.48,credit
207,1,369,13,2022-07-16 14:59:00,13.0,0.78,13.78,mobile
208,2,370,10,2022-07-16 16:42:00,25.25,1.51,26.76,mobile
209,6,372,14,2022-07-16 13:20:00,3.5,0.21,3.71,debit
210,4,373,11,2022-07-16 11:39:00,21.06,1.26,22.32,mobile
211,196,374,6,2022-07-16 09:43:00,5.0,0.3,5.3,debit
212,5,375,5,2022-07-16 11:58:00,18.0,1.08,19.08,credit
213,2,376,2,2022-07-16 11:48:00,6.75,0.4,7.15,credit
214,11,377,11,2022-07-16 11:47:00,4.0,0.24,4.24,credit
215,1,379,5,2022-07-17 14:59:00,27.5,1.65,29.15,debit
216,4,380,4,2022-07-17 14:59:00,14.06,0.84,14.9,credit
217,1,382,1,2022-07-17 09:36:00,6.0,0.36,6.36,credit
218,5,383,10,2022-07-17 16:42:00,8.0,0.48,8.48,mobile
219,14,386,12,2022-07-17 10:55:00,42.83,2.57,45.4,credit
220,13,388,11,2022-07-17 11:59:00,12.5,0.75,13.25,credit
221,2,389,13,2022-07-17 16:54:00,56.25,3.38,59.63,debit
222,2,391,13,2022-07-18 12:59:00,6.25,0.38,6.63,credit
223,3,393,1,2022-07-18 14:45:00,7.0,0.42,7.42,credit
224,11,397,7,2022-07-18 16:38:00,3.0,0.18,3.18,credit
225,4,398,2,2022-07-18 10:32:00,14.56,0.87,15.43,mobile
226,9,401,10,2022-07-19 15:58:00,4.0,0.24,4.24,credit
227,10,407,1,2022-07-20 12:59:00,18.35,1.1,19.45,mobile
228,7,408,10,2022-07-20 11:14:00,5.5,0.33,5.83,mobile
229,1,410,5,2022-07-20 15:42:00,7.5,0.45,7.95,mobile
230,2,411,13,2022-07-20 09:59:00,12.25,0.73,12.98,credit
231,2,412,4,2022-07-20 11:59:00,58.25,3.49,61.74,debit
232,1,417,14,2022-07-21 14:45:00,10.0,0.6,10.6,credit
233,7,419,2,2022-07-22 14:40:00,3.0,0.18,3.18,mobile
234,2,420,11,2022-07-22 09:41:00,10.75,0.65,11.4,debit
235,5,421,3,2022-07-22 16:41:00,25.0,1.5,26.5,credit
236,5,422,13,2022-07-22 16:37:00,9.5,0.57,10.07,mobile
237,8,423,5,2022-07-22 12:59:00,4.97,0.3,5.27,mobile
238,1,424,3,2022-07-22 14:12:00,6.0,0.36,6.36,mobile
239,4,427,3,2022-07-23 15:59:00,19.06,1.14,20.2,mobile
240,5,428,4,2022-07-23 16:39:00,10.0,0.6,10.6,credit
241,1,429,2,2022-07-23 09:27:00,48.5,2.91,51.41,credit
242,4,432,12,2022-07-23 09:31:00,5.56,0.33,5.89,debit
243,103,433,1,2022-07-23 13:17:00,5.94,0.36,6.3,debit
244,15,436,2,2022-07-24 10:42:00,12.5,0.75,13.25,credit
245,5,437,7,2022-07-24 12:59:00,9.5,0.57,10.07,credit
246,2,438,14,2022-07-24 13:45:00,22.75,1.36,24.11,credit
247,3,440,2,2022-07-24 14:13:00,14.5,0.87,15.37,credit
248,8,441,6,2022-07-24 14:59:00,15.97,0.96,16.93,mobile
249,1,443,3,2022-07-24 10:30:00,15.0,0.9,15.9,credit
250,7,444,3,2022-07-25 10:58:00,13.5,0.81,14.31,mobile
251,11,445,7,2022-07-25 11:59:00,8.5,0.51,9.01,credit
252,8,446,10,2022-07-25 12:25:00,4.47,0.27,4.74,mobile
253,1,448,7,2022-07-25 10:42:00,8.0,0.48,8.48,credit
254,103,449,2,2022-07-26 10:58:00,5.94,0.36,6.3,credit
255,15,450,1,2022-07-26 12:17:00,22.0,1.32,23.32,credit
256,13,451,7,2022-07-26 10:59:00,23.0,1.38,24.38,credit
257,103,452,3,2022-07-26 10:45:00,10.94,0.66,11.6,credit
258,2,453,5,2022-07-26 16:58:00,11.25,0.67,11.92,debit
259,3,454,7,2022-07-26 15:20:00,15.0,0.9,15.9,mobile
260,103,455,14,2022-07-27 13:32:00,13.44,0.81,14.25,credit
261,2,456,13,2022-07-27 09:45:00,7.25,0.43,7.68,credit
262,1,457,13,2022-07-27 09:26:00,4.5,0.27,4.77,debit
263,4,461,2,2022-07-28 16:59:00,5.56,0.33,5.89,credit
264,4,462,10,2022-07-28 09:59:00,6.56,0.39,6.95,mobile
265,4,464,13,2022-07-28 12:59:00,9.06,0.54,9.6,mobile
266,5,465,3,2022-07-28 16:17:00,11.0,0.66,11.66,debit
267,5,466,14,2022-07-28 14:21:00,4.0,0.24,4.24,mobile
268,13,467,12,2022-07-28 15:53:00,4.0,0.24,4.24,credit
269,196,469,1,2022-07-28 13:22:00,4.0,0.24,4.24,mobile
270,4,470,12,2022-07-28 09:59:00,4.56,0.27,4.83,mobile
271,103,471,10,2022-07-28 12:11:00,7.44,0.45,7.89,mobile
272,3,472,4,2022-07-28 14:54:00,19.0,1.14,20.14,mobile
273,5,474,13,2022-07-29 09:59:00,16.0,0.96,16.96,credit
274,9,475,13,2022-07-29 16:39:00,5.5,0.33,5.83,credit
275,12,476,11,2022-07-29 14:41:00,19.0,1.14,20.14,credit
276,13,479,10,2022-07-29 12:43:00,8.0,0.48,8.48,mobile
277,103,480,14,2022-07-29 15:41:00,8.44,0.51,8.95,credit
278,8,483,14,2022-07-30 16:42:00,6.47,0.39,6.86,debit
279,15,484,10,2022-07-30 15:59:00,16.0,0.96,16.96,debit
280,8,485,10,2022-07-30 13:29:00,5.97,0.36,6.33,credit
281,9,488,1,2022-07-30 09:29:00,4.0,0.24,4.24,mobile
282,1,489,7,2022-07-31 16:38:00,13.5,0.81,14.31,credit
283,2,490,2,2022-07-31 14:26:00,5.75,0.34,6.09,mobile
284,2,491,2,2022-07-31 14:16:00,17.25,1.03,18.28,credit
285,6,493,10,2022-08-01 10:14:00,8.0,0.48,8.48,debit
286,11,494,14,2022-08-01 09:17:00,8.0,0.48,8.48,credit
287,103,495,7,2022-08-01 12:59:00,15.94,0.96,16.9,debit
288,67,497,13,2022-08-01 15:59:00,7.0,0.42,7.42,mobile
289,8,499,12,2022-08-01 15:59:00,8.97,0.54,9.51,credit
290,10,500,7,2022-08-01 13:28:00,8.85,0.53,9.38,credit
291,2,501,11,2022-08-02 15:17:00,5.25,0.32,5.57,mobile
292,3,503,5,2022-08-02 15:26:00,7.0,0.42,7.42,mobile
293,4,504,3,2022-08-02 13:41:00,14.56,0.87,15.43,credit
294,3,505,4,2022-08-02 16:13:00,5.5,0.33,5.83,credit
295,15,506,10,2022-08-02 09:54:00,40.5,2.43,42.93,credit
296,3,509,6,2022-08-03 09:15:00,4.0,0.24,4.24,credit
297,248,511,6,2022-08-03 13:48:00,18.0,1.08,19.08,debit
298,3,512,3,2022-08-04 13:42:00,16.5,0.99,17.49,mobile
299,103,513,5,2022-08-04 10:59:00,6.94,0.42,7.36,credit
300,4,514,12,2022-08-04 09:56:00,5.06,0.3,5.36,credit
301,9,516,12,2022-08-04 16:26:00,9.5,0.57,10.07,credit
302,67,517,12,2022-08-04 12:36:00,9.0,0.54,9.54,mobile
303,11,519,11,2022-08-04 13:35:00,4.0,0.24,4.24,credit
304,2,521,11,2022-08-04 10:56:00,25.25,1.51,26.76,credit
305,1,524,3,2022-08-05 14:59:00,20.0,1.2,21.2,credit
306,1,525,12,2022-08-05 13:59:00,8.0,0.48,8.48,mobile
307,2,526,7,2022-08-05 09:42:00,11.75,0.7,12.45,mobile
308,11,527,1,2022-08-05 12:41:00,4.5,0.27,4.77,credit
309,3,528,5,2022-08-05 14:59:00,6.0,0.36,6.36,debit
310,5,529,14,2022-08-05 14:29:00,8.0,0.48,8.48,credit
311,5,530,1,2022-08-05 10:43:00,5.0,0.3,5.3,debit
312,10,531,7,2022-08-05 09:59:00,10.85,0.65,11.5,credit
313,2,532,7,2022-08-05 13:43:00,8.25,0.49,8.74,credit
314,2,533,14,2022-08-06 15:45:00,15.75,0.94,16.69,credit
315,8,534,7,2022-08-06 12:52:00,10.47,0.63,11.1,mobile
316,1,535,7,2022-08-06 09:56:00,5.5,0.33,5.83,debit
317,1,537,3,2022-08-06 16:56:00,4.5,0.27,4.77,mobile
318,11,538,1,2022-08-06 13:48:00,11.0,0.66,11.66,credit
319,2,539,10,2022-08-06 15:48:00,39.25,2.35,41.6,credit
320,2,540,12,2022-08-06 16:59:00,11.25,0.67,11.92,credit
321,67,542,2,2022-08-06 09:31:00,7.0,0.42,7.42,mobile
322,67,543,6,2022-08-06 10:38:00,4.5,0.27,4.77,credit
323,196,544,4,2022-08-06 11:36:00,8.0,0.48,8.48,credit
324,15,545,12,2022-08-06 09:29:00,8.0,0.48,8.48,mobile
325,103,546,10,2022-08-07 11:27:00,31.44,1.89,33.33,debit
326,2,547,6,2022-08-07 13:36:00,14.75,0.89,15.64,mobile
327,103,549,7,2022-08-07 14:57:00,17.44,1.05,18.49,credit
328,3,550,2,2022-08-07 10:11:00,4.5,0.27,4.77,debit
329,14,551,3,2022-08-07 16:59:00,11.33,0.68,12.01,mobile
330,11,553,10,2022-08-07 09:44:00,28.5,1.71,30.21,mobile
331,11,554,11,2022-08-07 15:56:00,5.5,0.33,5.83,mobile
332,4,555,14,2022-08-07 11:21:00,12.06,0.72,12.78,credit
333,1,556,13,2022-08-07 09:47:00,6.0,0.36,6.36,debit
334,16,557,13,2022-08-07 13:41:00,8.0,0.48,8.48,credit
335,1,558,4,2022-08-07 13:36:00,6.0,0.36,6.36,mobile
336,67,559,2,2022-08-08 16:59:00,11.0,0.66,11.66,credit
337,10,561,14,2022-08-08 14:56:00,7.85,0.47,8.32,credit
338,3,562,1,2022-08-08 12:57:00,6.0,0.36,6.36,mobile
339,3,564,13,2022-08-08 14:43:00,18.0,1.08,19.08,mobile
340,4,565,13,2022-08-08 11:48:00,6.56,0.39,6.95,credit
341,198,566,3,2022-08-08 14:39:00,3.5,0.21,3.71,credit
342,39,567,10,2022-08-08 11:18:00,5.5,0.33,5.83,credit
343,8,568,6,2022-08-09 11:59:00,25.97,1.56,27.53,credit
344,4,569,1,2022-08-09 14:26:00,33.06,1.98,35.04,debit
345,103,570,12,2022-08-09 10:45:00,6.94,0.42,7.36,credit
346,3,571,2,2022-08-09 11:33:00,9.5,0.57,10.07,mobile
347,2,572,3,2022-08-09 16:51:00,5.25,0.32,5.57,credit
348,1,574,13,2022-08-09 12:59:00,4.0,0.24,4.24,credit
349,3,575,2,2022-08-09 11:28:00,8.0,0.48,8.48,credit
350,39,576,1,2022-08-09 16:37:00,5.5,0.33,5.83,mobile
351,3,577,12,2022-08-10 11:59:00,30.5,1.83,32.33,credit
352,2,578,6,2022-08-10 10:45:00,29.25,1.75,31.0,credit
353,1,579,5,2022-08-10 10:40:00,4.5,0.27,4.77,credit
354,11,580,7,2022-08-10 10:43:00,15.0,0.9,15.9,credit
355,67,581,7,2022-08-10 11:59:00,7.0,0.42,7.42,mobile
356,9,583,13,2022-08-11 14:27:00,18.0,1.08,19.08,mobile
357,8,584,10,2022-08-11 14:37:00,20.97,1.26,22.23,mobile
358,2,586,6,2022-08-11 16:58:00,20.25,1.21,21.46,debit
359,1,587,6,2022-08-12 14:59:00,5.5,0.33,5.83,mobile
360,8,589,13,2022-08-12 11:24:00,8.97,0.54,9.51,credit
361,4,592,1,2022-08-12 15:37:00,5.56,0.33,5.89,mobile
362,4,593,14,2022-08-12 16:55:00,12.06,0.72,12.78,credit
363,11,594,2,2022-08-12 09:43:00,26.0,1.56,27.56,mobile
364,5,596,13,2022-08-13 16:43:00,17.0,1.02,18.02,credit
365,198,597,3,2022-08-13 14:28:00,8.0,0.48,8.48,mobile
366,11,599,1,2022-08-13 16:43:00,5.5,0.33,5.83,debit
367,13,600,12,2022-08-13 14:19:00,16.5,0.99,17.49,mobile
368,10,601,6,2022-08-13 15:56:00,6.35,0.38,6.73,credit
369,1,604,11,2022-08-13 11:59:00,8.0,0.48,8.48,debit
370,39,605,12,2022-08-13 10:58:00,4.0,0.24,4.24,credit
371,39,606,10,2022-08-13 14:52:00,21.0,1.26,22.26,credit
372,248,607,13,2022-08-14 16:56:00,5.5,0.33,5.83,credit
373,5,609,3,2022-08-14 16:34:00,4.0,0.24,4.24,mobile
374,9,610,2,2022-08-14 10:51:00,8.0,0.48,8.48,credit
375,14,613,6,2022-08-14 14:56:00,12.83,0.77,13.6,debit
376,4,615,5,2022-08-15 15:58:00,8.06,0.48,8.54,credit
377,4,616,3,2022-08-15 16:56:00,10.06,0.6,10.66,mobile
378,5,617,7,2022-08-15 10:20:00,9.5,0.57,10.07,credit
379,79,622,13,2022-08-16 12:38:00,4.0,0.24,4.24,mobile
380,8,623,6,2022-08-16 14:59:00,23.97,1.44,25.41,credit
381,6,624,7,2022-08-16 10:57:00,10.0,0.6,10.6,credit
382,5,625,13,2022-08-16 09:19:00,3.5,0.21,3.71,mobile
383,1,627,6,2022-08-17 15:59:00,8.0,0.48,8.48,credit
384,2,629,13,2022-08-17 14:57:00,8.25,0.49,8.74,mobile
385,68,630,6,2022-08-17 11:25:00,8.0,0.48,8.48,credit
386,2,632,3,2022-08-18 10:59:00,4.75,0.28,5.03,credit
387,2,633,1,2022-08-18 13:59:00,22.25,1.33,23.58,credit
388,3,634,5,2022-08-18 11:41:00,8.0,0.48,8.48,credit
389,17,635,14,2022-08-18 13:22:00,5.5,0.33,5.83,debit
390,9,636,6,2022-08-18 14:28:00,7.0,0.42,7.42,credit
391,2,637,11,2022-08-18 10:53:00,5.75,0.34,6.09,credit
392,39,639,5,2022-08-19 15:59:00,3.0,0.18,3.18,debit
393,11,640,4,2022-08-19 16:59:00,17.0,1.02,18.02,credit
394,103,642,12,2022-08-19 16:42:00,5.44,0.33,5.77,credit
395,10,643,10,2022-08-19 13:34:00,9.85,0.59,10.44,mobile
396,5,644,10,2022-08-20 10:55:00,10.0,0.6,10.6,credit
397,11,645,6,2022-08-20 13:42:00,14.5,0.87,15.37,credit
398,3,646,2,2022-08-20 13:43:00,7.0,0.42,7.42,credit
399,6,647,10,2022-08-20 11:59:00,31.5,1.89,33.39,credit
400,198,649,3,2022-08-20 13:29:00,8.0,0.48,8.48,credit
401,196,650,5,2022-08-20 13:49:00,9.5,0.57,10.07,credit
402,2,651,14,2022-08-20 12:56:00,35.25,2.11,37.36,credit
403,2,652,10,2022-08-21 09:55:00,7.25,0.43,7.68,credit
404,1,655,12,2022-08-21 10:11:00,4.5,0.27,4.77,credit
405,67,656,14,2022-08-21 11:46:00,40.0,2.4,42.4,credit
406,2,657,5,2022-08-21 14:19:00,12.25,0.73,12.98,credit
407,39,658,3,2022-08-21 10:42:00,6.0,0.36,6.36,credit
408,4,659,7,2022-08-21 15:31:00,9.06,0.54,9.6,mobile
409,3,661,11,2022-08-21 15:31:00,7.5,0.45,7.95,mobile
410,7,663,10,2022-08-22 09:25:00,4.0,0.24,4.24,credit
411,4,664,14,2022-08-22 13:59:00,9.06,0.54,9.6,credit
412,67,666,11,2022-08-23 15:33:00,4.0,0.24,4.24,mobile
413,103,667,5,2022-08-23 15:59:00,17.44,1.05,18.49,credit
414,67,670,5,2022-08-23 14:32:00,8.0,0.48,8.48,credit
415,4,671,13,2022-08-23 14:45:00,9.06,0.54,9.6,credit
416,1,672,11,2022-08-23 16:40:00,8.0,0.48,8.48,debit
417,14,674,5,2022-08-24 12:59:00,7.83,0.47,8.3,mobile
418,39,675,7,2022-08-24 15:26:00,28.0,1.68,29.68,credit
419,67,677,10,2022-08-24 10:49:00,6.0,0.36,6.36,credit
420,39,678,10,2022-08-24 10:56:00,10.0,0.6,10.6,credit
421,6,680,10,2022-08-25 10:24:00,15.0,0.9,15.9,credit
422,12,681,14,2022-08-25 10:30:00,6.0,0.36,6.36,credit
423,4,683,10,2022-08-25 10:26:00,20.06,1.2,21.26,mobile
424,6,684,4,2022-08-25 09:33:00,8.0,0.48,8.48,credit
425,1,686,12,2022-08-26 15:42:00,4.5,0.27,4.77,mobile
426,1,688,4,2022-08-26 12:53:00,3.0,0.18,3.18,credit
427,103,689,10,2022-08-26 10:43:00,6.94,0.42,7.36,credit
428,1,690,3,2022-08-26 15:43:00,5.5,0.33,5.83,mobile
429,8,691,2,2022-08-26 10:59:00,10.97,0.66,11.63,credit
430,11,692,6,2022-08-26 12:10:00,16.0,0.96,16.96,debit
431,3,694,11,2022-08-27 10:46:00,8.0,0.48,8.48,credit
432,1,695,12,2022-08-27 16:21:00,24.5,1.47,25.97,debit
433,103,697,10,2022-08-27 13:51:00,12.44,0.75,13.19,credit
434,4,698,6,2022-08-27 15:13:00,8.06,0.48,8.54,mobile
435,67,700,1,2022-08-27 16:53:00,8.0,0.48,8.48,debit
436,2,701,10,2022-08-27 10:27:00,6.75,0.4,7.15,credit
437,11,702,12,2022-08-27 12:54:00,31.5,1.89,33.39,credit
438,7,704,3,2022-08-27 11:12:00,6.0,0.36,6.36,mobile
439,3,705,10,2022-08-27 13:26:00,14.0,0.84,14.84,credit
440,5,706,1,2022-08-27 11:59:00,15.5,0.93,16.43,credit
441,10,707,7,2022-08-27 15:46:00,8.85,0.53,9.38,mobile
442,2,708,4,2022-08-27 10:59:00,11.25,0.67,11.92,mobile
443,1,709,5,2022-08-27 09:59:00,8.0,0.48,8.48,credit
444,13,710,12,2022-08-28 14:32:00,3.5,0.21,3.71,credit
445,5,711,11,2022-08-28 10:36:00,6.0,0.36,6.36,mobile
446,248,712,5,2022-08-28 15:26:00,3.0,0.18,3.18,mobile
447,67,713,10,2022-08-28 12:43:00,5.5,0.33,5.83,credit
448,2,714,7,2022-08-28 11:59:00,4.25,0.26,4.51,credit
449,8,715,2,2022-08-28 11:47:00,8.97,0.54,9.51,credit
450,196,716,12,2022-08-28 09:57:00,28.0,1.68,29.68,credit
451,15,717,7,2022-08-29 13:56:00,4.5,0.27,4.77,credit
452,39,719,14,2022-08-29 12:30:00,8.0,0.48,8.48,mobile
453,198,720,13,2022-08-29 12:11:00,6.0,0.36,6.36,credit
454,103,722,14,2022-08-30 14:59:00,9.44,0.57,10.01,mobile
455,68,723,5,2022-08-30 12:44:00,8.0,0.48,8.48,credit
456,15,725,12,2022-08-30 14:59:00,5.5,0.33,5.83,debit
457,3,726,14,2022-08-30 13:57:00,4.0,0.24,4.24,mobile
458,2,727,4,2022-08-30 16:58:00,11.25,0.67,11.92,mobile
459,2,728,4,2022-08-30 12:41:00,17.25,1.03,18.28,mobile
460,103,729,2,2022-08-30 14:45:00,5.44,0.33,5.77,mobile
461,3,730,13,2022-08-31 15:59:00,10.0,0.6,10.6,debit
462,68,731,4,2022-08-31 16:42:00,12.5,0.75,13.25,debit
463,5,733,3,2022-08-31 10:59:00,20.0,1.2,21.2,credit
464,10,734,3,2022-08-31 12:55:00,14.35,0.86,15.21,mobile
465,5,736,3,2022-09-01 12:59:00,12.0,0.72,12.72,mobile
466,3,737,13,2022-09-01 16:49:00,16.0,0.96,16.96,credit
467,3,738,13,2022-09-01 13:25:00,18.5,1.11,19.61,credit
468,4,739,13,2022-09-01 13:15:00,28.56,1.71,30.27,mobile
469,1,740,12,2022-09-01 10:59:00,4.5,0.27,4.77,mobile
470,67,743,13,2022-09-01 09:45:00,16.5,0.99,17.49,mobile
471,4,744,1,2022-09-01 16:32:00,43.06,2.58,45.64,mobile
472,8,745,4,2022-09-01 15:58:00,16.97,1.02,17.99,debit
473,196,746,14,2022-09-01 11:29:00,7.0,0.42,7.42,mobile
474,12,747,10,2022-09-01 11:25:00,25.0,1.5,26.5,mobile
475,1,748,6,2022-09-01 10:18:00,19.0,1.14,20.14,credit
476,2,749,12,2022-09-01 13:20:00,9.25,0.55,9.8,credit
477,2,751,7,2022-09-02 09:23:00,19.25,1.16,20.41,credit
478,7,752,7,2022-09-02 12:31:00,12.0,0.72,12.72,debit
479,5,753,13,2022-09-02 11:53:00,12.5,0.75,13.25,mobile
480,11,755,5,2022-09-02 16:59:00,7.0,0.42,7.42,credit
481,8,756,13,2022-09-03 15:59:00,8.97,0.54,9.51,debit
482,8,757,7,2022-09-03 09:50:00,4.97,0.3,5.27,credit
483,248,758,1,2022-09-03 13:29:00,8.0,0.48,8.48,debit
484,5,759,4,2022-09-03 16:27:00,15.0,0.9,15.9,credit
485,5,760,5,2022-09-03 13:59:00,29.5,1.77,31.27,credit
486,198,761,12,2022-09-03 15:43:00,16.0,0.96,16.96,credit
487,6,762,4,2022-09-03 10:40:00,16.0,0.96,16.96,debit
488,9,764,1,2022-09-03 09:34:00,4.0,0.24,4.24,debit
489,4,766,1,2022-09-04 09:52:00,13.06,0.78,13.84,mobile
490,198,767,7,2022-09-04 15:44:00,9.5,0.57,10.07,credit
491,2,772,3,2022-09-04 15:59:00,9.25,0.55,9.8,mobile
492,14,773,10,2022-09-04 11:59:00,6.33,0.38,6.71,debit
493,2,775,12,2022-09-05 13:52:00,5.25,0.32,5.57,credit
494,68,776,1,2022-09-05 16:12:00,8.0,0.48,8.48,mobile
495,198,777,3,2022-09-05 14:55:00,8.0,0.48,8.48,credit
496,103,778,2,2022-09-05 16:57:00,12.44,0.75,13.19,credit
497,2,779,14,2022-09-05 15:32:00,9.25,0.55,9.8,credit
498,1,780,6,2022-09-05 13:59:00,18.0,1.08,19.08,credit
499,11,782,6,2022-09-05 09:43:00,4.5,0.27,4.77,mobile
500,16,783,1,2022-09-05 13:56:00,38.0,2.28,40.28,credit
501,1,786,3,2022-09-06 15:35:00,21.5,1.29,22.79,credit
502,4,787,13,2022-09-06 12:59:00,5.56,0.33,5.89,debit
503,3,790,11,2022-09-06 11:36:00,13.0,0.78,13.78,credit
504,39,793,6,2022-09-06 15:53:00,9.5,0.57,10.07,mobile
505,1,794,10,2022-09-07 14:10:00,6.0,0.36,6.36,debit
506,67,796,4,2022-09-07 10:41:00,3.0,0.18,3.18,mobile
507,10,798,10,2022-09-07 13:41:00,4.85,0.29,5.14,credit
508,14,799,1,2022-09-07 15:32:00,7.33,0.44,7.77,credit
509,4,800,2,2022-09-07 09:32:00,8.06,0.48,8.54,credit
510,2,802,13,2022-09-07 12:52:00,5.75,0.34,6.09,credit
511,4,803,14,2022-09-07 11:59:00,23.06,1.38,24.44,credit
512,103,804,3,2022-09-07 13:28:00,13.94,0.84,14.78,mobile
513,3,805,7,2022-09-07 09:21:00,9.0,0.54,9.54,mobile
514,9,806,6,2022-09-08 16:42:00,21.0,1.26,22.26,credit
515,2,807,6,2022-09-08 11:59:00,15.25,0.91,16.16,mobile
516,4,808,11,2022-09-08 10:30:00,6.56,0.39,6.95,credit
517,103,809,3,2022-09-08 14:40:00,5.94,0.36,6.3,credit
518,5,810,7,2022-09-08 16:13:00,14.0,0.84,14.84,mobile
519,2,811,12,2022-09-08 15:42:00,9.25,0.55,9.8,mobile
520,3,813,2,2022-09-09 09:59:00,3.5,0.21,3.71,mobile
521,5,814,14,2022-09-09 10:45:00,8.0,0.48,8.48,mobile
522,4,816,13,2022-09-09 11:59:00,14.56,0.87,15.43,credit
523,103,817,5,2022-09-09 10:59:00,33.44,2.01,35.45,credit
524,14,818,6,2022-09-09 14:34:00,8.83,0.53,9.36,mobile
525,10,820,13,2022-09-09 12:11:00,11.85,0.71,12.56,credit
526,39,821,2,2022-09-09 15:50:00,9.0,0.54,9.54,credit
527,5,823,3,2022-09-10 14:59:00,17.0,1.02,18.02,mobile
528,103,824,1,2022-09-10 13:40:00,8.94,0.54,9.48,debit
529,103,825,7,2022-09-10 10:30:00,11.44,0.69,12.13,credit
530,15,826,6,2022-09-10 12:41:00,6.0,0.36,6.36,mobile
531,8,827,14,2022-09-10 15:43:00,5.97,0.36,6.33,credit
532,5,830,5,2022-09-10 14:58:00,11.0,0.66,11.66,credit
533,2,831,3,2022-09-10 15:53:00,5.25,0.32,5.57,debit
534,2,832,3,2022-09-10 16:24:00,15.25,0.91,16.16,mobile
535,2,833,14,2022-09-10 15:59:00,9.25,0.55,9.8,credit
536,39,834,1,2022-09-10 12:59:00,30.0,1.8,31.8,credit
537,243,835,1,2022-09-10 10:59:00,8.0,0.48,8.48,credit
538,17,836,11,2022-09-10 11:38:00,6.0,0.36,6.36,credit
539,14,838,6,2022-09-10 11:59:00,23.33,1.4,24.73,mobile
540,8,839,12,2022-09-10 11:29:00,13.47,0.81,14.28,credit
541,2,840,4,2022-09-11 14:31:00,23.25,1.4,24.65,credit
542,2,841,4,2022-09-11 10:59:00,4.75,0.28,5.03,debit
543,2,842,4,2022-09-11 11:16:00,33.75,2.02,35.77,mobile
544,10,846,2,2022-09-11 09:43:00,5.85,0.35,6.2,mobile
545,103,847,10,2022-09-11 15:56:00,16.94,1.02,17.96,credit
546,1,848,3,2022-09-11 14:48:00,16.0,0.96,16.96,credit
547,3,849,5,2022-09-11 13:15:00,4.5,0.27,4.77,mobile
548,68,850,7,2022-09-12 14:56:00,8.0,0.48,8.48,mobile
549,4,852,14,2022-09-12 09:56:00,38.56,2.31,40.87,credit
550,2,853,7,2022-09-12 11:41:00,8.25,0.49,8.74,credit
551,5,855,3,2022-09-12 11:59:00,4.0,0.24,4.24,mobile
552,8,857,6,2022-09-12 16:26:00,5.47,0.33,5.8,debit
553,9,862,13,2022-09-13 09:21:00,15.5,0.93,16.43,mobile
554,3,863,10,2022-09-13 13:29:00,8.0,0.48,8.48,mobile
555,103,864,13,2022-09-13 11:50:00,17.44,1.05,18.49,credit
556,1,865,10,2022-09-13 13:37:00,19.0,1.14,20.14,credit
557,5,866,13,2022-09-13 11:27:00,4.5,0.27,4.77,credit
558,1,867,2,2022-09-14 14:58:00,3.5,0.21,3.71,credit
559,68,870,3,2022-09-14 13:59:00,8.0,0.48,8.48,credit
560,2,871,1,2022-09-14 13:59:00,5.25,0.32,5.57,mobile
561,39,872,5,2022-09-14 13:41:00,51.0,3.06,54.06,mobile
562,4,873,3,2022-09-14 09:13:00,7.06,0.42,7.48,mobile
563,5,874,10,2022-09-14 12:41:00,8.0,0.48,8.48,credit
564,3,875,3,2022-09-14 13:30:00,5.5,0.33,5.83,mobile
565,18,876,5,2022-09-14 11:43:00,7.77,0.47,8.24,credit
566,17,878,4,2022-09-15 12:59:00,7.0,0.42,7.42,credit
567,4,881,14,2022-09-15 11:59:00,30.56,1.83,32.39,debit
568,8,882,3,2022-09-15 10:59:00,14.97,0.9,15.87,debit
569,2,883,10,2022-09-15 14:59:00,6.75,0.4,7.15,debit
570,8,884,14,2022-09-15 14:36:00,8.97,0.54,9.51,credit
571,68,885,13,2022-09-15 09:59:00,11.0,0.66,11.66,mobile
572,6,886,3,2022-09-15 12:17:00,18.5,1.11,19.61,mobile
573,3,889,6,2022-09-16 16:19:00,9.5,0.57,10.07,mobile
574,8,890,5,2022-09-16 09:44:00,8.97,0.54,9.51,credit
575,15,891,5,2022-09-16 16:59:00,14.0,0.84,14.84,credit
576,2,892,12,2022-09-16 13:45:00,9.25,0.55,9.8,mobile
577,11,894,1,2022-09-16 16:59:00,7.0,0.42,7.42,mobile
578,2,895,2,2022-09-16 16:59:00,41.25,2.48,43.73,credit
579,67,896,11,2022-09-16 13:13:00,8.0,0.48,8.48,credit
580,5,897,1,2022-09-16 16:16:00,3.5,0.21,3.71,debit
581,39,898,4,2022-09-16 10:55:00,3.5,0.21,3.71,credit
582,3,899,5,2022-09-17 10:46:00,14.0,0.84,14.84,mobile
583,10,900,1,2022-09-17 16:59:00,14.35,0.86,15.21,mobile
584,97,901,4,2022-09-17 14:27:00,4.0,0.24,4.24,credit
585,7,903,7,2022-09-17 12:12:00,11.5,0.69,12.19,mobile
586,15,904,14,2022-09-17 10:20:00,8.0,0.48,8.48,debit
587,3,906,14,2022-09-17 12:17:00,6.0,0.36,6.36,mobile
588,13,907,12,2022-09-17 10:40:00,5.5,0.33,5.83,mobile
589,5,908,5,2022-09-17 15:59:00,21.5,1.29,22.79,credit
590,1,909,11,2022-09-17 11:30:00,17.0,1.02,18.02,debit
591,103,912,6,2022-09-17 13:23:00,5.44,0.33,5.77,mobile
592,1,913,5,2022-09-17 13:30:00,11.5,0.69,12.19,credit
593,11,914,1,2022-09-17 15:17:00,42.0,2.52,44.52,mobile
594,39,916,4,2022-09-17 15:29:00,5.5,0.33,5.83,debit
595,7,920,6,2022-09-17 14:59:00,3.5,0.21,3.71,credit
596,198,921,7,2022-09-17 15:59:00,4.0,0.24,4.24,debit
597,8,924,12,2022-09-18 09:11:00,16.97,1.02,17.99,mobile
598,11,925,1,2022-09-18 13:55:00,7.0,0.42,7.42,credit
599,13,926,4,2022-09-18 14:59:00,21.0,1.26,22.26,debit
600,103,927,1,2022-09-18 10:35:00,6.94,0.42,7.36,credit
601,9,928,6,2022-09-18 11:49:00,22.5,1.35,23.85,debit
602,5,929,12,2022-09-18 11:57:00,5.0,0.3,5.3,mobile
603,2,930,11,2022-09-18 15:40:00,16.25,0.97,17.22,credit
604,3,931,1,2022-09-18 15:16:00,4.5,0.27,4.77,credit
605,120,932,12,2022-09-19 11:57:00,8.59,0.52,9.11,mobile
606,3,934,3,2022-09-19 15:42:00,8.0,0.48,8.48,mobile
607,4,937,14,2022-09-19 14:43:00,29.56,1.77,31.33,credit
608,17,938,3,2022-09-19 15:40:00,6.0,0.36,6.36,debit
609,4,939,2,2022-09-19 15:59:00,6.06,0.36,6.42,credit
610,39,940,2,2022-09-20 11:42:00,4.5,0.27,4.77,mobile
611,198,941,10,2022-09-20 11:58:00,13.0,0.78,13.78,mobile
612,103,945,1,2022-09-21 16:43:00,11.44,0.69,12.13,credit
613,149,946,5,2022-09-21 12:56:00,4.52,0.27,4.79,mobile
614,2,947,11,2022-09-21 16:27:00,9.25,0.55,9.8,mobile
615,11,948,3,2022-09-21 14:47:00,8.0,0.48,8.48,mobile
616,2,949,6,2022-09-21 09:52:00,5.75,0.34,6.09,debit
617,13,950,3,2022-09-21 10:21:00,4.5,0.27,4.77,credit
618,11,952,7,2022-09-22 15:59:00,10.0,0.6,10.6,mobile
619,11,953,4,2022-09-22 16:59:00,4.5,0.27,4.77,credit
620,10,954,13,2022-09-22 09:59:00,25.35,1.52,26.87,mobile
621,15,957,12,2022-09-22 11:12:00,16.0,0.96,16.96,credit
622,2,958,5,2022-09-22 11:59:00,9.25,0.55,9.8,credit
623,196,960,4,2022-09-22 09:26:00,4.0,0.24,4.24,mobile
624,5,961,4,2022-09-22 11:59:00,4.0,0.24,4.24,mobile
625,2,962,14,2022-09-22 15:20:00,10.75,0.65,11.4,mobile
626,68,965,4,2022-09-23 16:41:00,8.0,0.48,8.48,credit
627,191,966,6,2022-09-23 11:13:00,8.94,0.54,9.48,debit
628,3,967,7,2022-09-23 15:40:00,10.0,0.6,10.6,credit
629,5,968,14,2022-09-23 09:18:00,4.5,0.27,4.77,credit
630,1,969,11,2022-09-23 11:57:00,4.5,0.27,4.77,mobile
631,248,970,7,2022-09-23 11:59:00,8.0,0.48,8.48,credit
632,11,971,7,2022-09-23 16:57:00,8.0,0.48,8.48,mobile
633,196,972,2,2022-09-23 12:21:00,3.0,0.18,3.18,debit
634,3,973,10,2022-09-23 16:44:00,16.0,0.96,16.96,credit
635,1,974,13,2022-09-23 09:41:00,8.0,0.48,8.48,mobile
636,2,975,2,2022-09-24 11:33:00,13.75,0.82,14.57,mobile
637,8,976,12,2022-09-24 16:51:00,7.97,0.48,8.45,credit
638,3,977,5,2022-09-24 12:30:00,6.0,0.36,6.36,mobile
639,103,980,2,2022-09-24 11:59:00,17.44,1.05,18.49,credit
640,1,981,1,2022-09-24 13:45:00,5.0,0.3,5.3,credit
641,1,982,1,2022-09-24 14:20:00,13.0,0.78,13.78,credit
642,116,983,12,2022-09-24 16:55:00,6.0,0.36,6.36,credit
643,8,984,4,2022-09-24 14:59:00,5.47,0.33,5.8,credit
644,8,986,3,2022-09-25 13:27:00,3.97,0.24,4.21,mobile
645,5,987,10,2022-09-25 10:35:00,9.0,0.54,9.54,mobile
646,149,989,1,2022-09-25 16:59:00,24.52,1.47,25.99,credit
647,6,991,11,2022-09-25 13:40:00,8.0,0.48,8.48,credit
648,3,992,7,2022-09-25 14:13:00,4.5,0.27,4.77,mobile
649,4,993,10,2022-09-25 10:16:00,17.06,1.02,18.08,credit
650,243,994,10,2022-09-25 16:40:00,8.0,0.48,8.48,debit
651,67,995,10,2022-09-25 15:58:00,3.5,0.21,3.71,credit
652,3,996,4,2022-09-25 13:41:00,12.0,0.72,12.72,credit
653,4,997,1,2022-09-26 15:40:00,19.06,1.14,20.2,credit
654,10,999,13,2022-09-26 10:25:00,14.85,0.89,15.74,mobile
655,8,1000,6,2022-09-26 13:41:00,4.97,0.3,5.27,mobile
656,196,1001,3,2022-09-26 13:59:00,4.5,0.27,4.77,debit
657,68,1003,3,2022-09-26 10:38:00,3.5,0.21,3.71,credit
658,198,1004,7,2022-09-26 10:15:00,12.0,0.72,12.72,credit
659,120,1005,2,2022-09-26 11:43:00,21.59,1.3,22.89,credit
660,1,1007,4,2022-09-27 12:45:00,10.0,0.6,10.6,credit
661,2,1008,11,2022-09-27 16:45:00,23.25,1.4,24.65,mobile
662,2,1009,7,2022-09-27 16:55:00,8.25,0.49,8.74,mobile
663,11,1011,13,2022-09-27 13:30:00,4.0,0.24,4.24,credit
664,5,1012,13,2022-09-27 09:56:00,4.5,0.27,4.77,credit
665,5,1013,1,2022-09-27 13:21:00,11.0,0.66,11.66,mobile
666,7,1014,13,2022-09-28 14:59:00,9.0,0.54,9.54,credit
667,3,1015,2,2022-09-28 09:41:00,5.5,0.33,5.83,credit
668,8,1016,14,2022-09-28 15:59:00,4.47,0.27,4.74,mobile
669,2,1017,7,2022-09-28 16:35:00,10.25,0.61,10.86,credit
670,17,1018,2,2022-09-28 09:15:00,10.0,0.6,10.6,credit
671,68,1019,6,2022-09-28 11:40:00,9.5,0.57,10.07,credit
672,149,1020,14,2022-09-28 12:42:00,4.52,0.27,4.79,credit
673,4,1023,7,2022-09-28 15:14:00,19.06,1.14,20.2,mobile
674,3,1025,3,2022-09-29 14:43:00,10.0,0.6,10.6,credit
675,8,1027,4,2022-09-29 15:44:00,5.47,0.33,5.8,debit
676,149,1029,5,2022-09-29 09:17:00,25.02,1.5,26.52,mobile
677,2,1032,2,2022-09-29 09:23:00,7.25,0.43,7.68,credit
678,13,1033,5,2022-09-29 14:34:00,3.5,0.21,3.71,mobile
679,11,1034,10,2022-09-29 13:27:00,20.5,1.23,21.73,credit
680,103,1036,4,2022-09-30 09:41:00,5.44,0.33,5.77,credit
681,7,1038,14,2022-09-30 12:41:00,4.0,0.24,4.24,credit
682,197,1039,5,2022-09-30 09:49:00,5.5,0.33,5.83,credit
683,68,1040,7,2022-09-30 13:59:00,3.5,0.21,3.71,credit
684,149,1042,10,2022-09-30 09:25:00,9.02,0.54,9.56,mobile
685,2,1043,3,2022-09-30 10:37:00,22.25,1.33,23.58,debit
686,2,1045,1,2022-09-30 15:45:00,14.75,0.89,15.64,mobile
687,3,1046,4,2022-09-30 12:59:00,17.0,1.02,18.02,mobile
688,39,1047,3,2022-10-01 16:28:00,10.0,0.6,10.6,mobile
689,1,1048,4,2022-10-01 13:39:00,7.0,0.42,7.42,mobile
690,9,1050,13,2022-10-01 10:37:00,8.0,0.48,8.48,credit
691,120,1051,3,2022-10-01 10:14:00,6.09,0.37,6.46,credit
692,1,1052,14,2022-10-01 14:44:00,7.0,0.42,7.42,mobile
693,12,1053,3,2022-10-01 15:11:00,26.0,1.56,27.56,mobile
694,198,1054,12,2022-10-01 12:50:00,3.5,0.21,3.71,mobile
695,1,1058,14,2022-10-01 14:38:00,6.0,0.36,6.36,debit
696,198,1059,5,2022-10-01 15:59:00,10.0,0.6,10.6,mobile
697,1,1061,11,2022-10-02 11:37:00,3.5,0.21,3.71,credit
698,197,1062,14,2022-10-02 14:59:00,3.5,0.21,3.71,debit
699,5,1063,6,2022-10-02 11:17:00,8.0,0.48,8.48,mobile
700,5,1067,10,2022-10-02 14:59:00,15.0,0.9,15.9,mobile
701,2,1068,12,2022-10-02 15:39:00,35.25,2.11,37.36,debit
702,186,1069,2,2022-10-02 11:19:00,10.0,0.6,10.6,credit
703,6,1070,4,2022-10-02 14:20:00,5.5,0.33,5.83,mobile
704,5,1072,13,2022-10-03 09:25:00,9.5,0.57,10.07,credit
705,3,1073,3,2022-10-03 11:59:00,4.5,0.27,4.77,credit
706,2,1075,13,2022-10-03 16:48:00,7.25,0.43,7.68,debit
707,120,1076,3,2022-10-03 12:34:00,11.59,0.7,12.29,credit
708,120,1078,6,2022-10-03 10:12:00,6.09,0.37,6.46,credit
709,10,1079,11,2022-10-04 13:20:00,10.35,0.62,10.97,mobile
710,11,1080,11,2022-10-04 16:37:00,7.0,0.42,7.42,mobile
711,6,1081,6,2022-10-04 11:11:00,6.0,0.36,6.36,credit
712,2,1082,14,2022-10-04 09:56:00,21.25,1.27,22.52,credit
713,5,1083,5,2022-10-04 12:16:00,10.0,0.6,10.6,credit
714,3,1084,12,2022-10-04 14:26:00,3.5,0.21,3.71,credit
715,4,1085,4,2022-10-04 13:19:00,6.56,0.39,6.95,credit
716,1,1086,10,2022-10-04 09:40:00,9.5,0.57,10.07,credit
717,39,1089,3,2022-10-05 16:51:00,8.5,0.51,9.01,credit
718,8,1090,1,2022-10-05 10:44:00,18.97,1.14,20.11,credit
719,7,1092,11,2022-10-05 14:59:00,10.0,0.6,10.6,debit
720,120,1093,13,2022-10-05 13:58:00,11.09,0.67,11.76,credit
721,35,1094,11,2022-10-05 11:45:00,6.0,0.36,6.36,mobile
722,67,1097,11,2022-10-06 13:59:00,9.5,0.57,10.07,credit
723,2,1098,14,2022-10-06 15:58:00,14.25,0.85,15.1,credit
724,243,1099,2,2022-10-06 10:20:00,10.0,0.6,10.6,mobile
725,1,1101,13,2022-10-06 11:24:00,7.0,0.42,7.42,mobile
726,67,1105,11,2022-10-06 10:43:00,11.0,0.66,11.66,mobile
727,2,1106,3,2022-10-06 10:59:00,13.25,0.79,14.04,mobile
728,103,1107,13,2022-10-06 11:31:00,12.44,0.75,13.19,mobile
729,67,1108,1,2022-10-06 10:44:00,5.0,0.3,5.3,mobile
730,11,1109,4,2022-10-06 14:53:00,25.5,1.53,27.03,credit
731,5,1112,10,2022-10-06 14:59:00,22.0,1.32,23.32,debit
732,3,1113,3,2022-10-07 09:59:00,24.0,1.44,25.44,debit
733,103,1115,13,2022-10-07 10:45:00,10.94,0.66,11.6,credit
734,2,1117,1,2022-10-07 09:58:00,17.25,1.03,18.28,credit
735,103,1118,6,2022-10-07 10:31:00,5.94,0.36,6.3,credit
736,103,1119,6,2022-10-07 12:44:00,4.94,0.3,5.24,credit
737,196,1120,12,2022-10-07 09:13:00,8.5,0.51,9.01,credit
738,35,1121,10,2022-10-07 12:17:00,4.5,0.27,4.77,credit
739,5,1122,12,2022-10-08 12:59:00,4.5,0.27,4.77,credit
740,243,1123,12,2022-10-08 09:34:00,5.5,0.33,5.83,mobile
741,149,1124,7,2022-10-08 16:59:00,4.52,0.27,4.79,mobile
742,3,1125,3,2022-10-08 11:15:00,6.0,0.36,6.36,mobile
743,3,1126,5,2022-10-08 12:49:00,7.0,0.42,7.42,credit
744,191,1127,7,2022-10-08 11:16:00,31.94,1.92,33.86,debit
745,3,1128,10,2022-10-08 16:59:00,7.0,0.42,7.42,credit
746,97,1129,4,2022-10-08 15:59:00,31.5,1.89,33.39,credit
747,5,1131,5,2022-10-08 12:28:00,45.0,2.7,47.7,mobile
748,14,1132,5,2022-10-08 11:52:00,5.33,0.32,5.65,credit
749,2,1133,14,2022-10-08 13:25:00,4.75,0.28,5.03,credit
750,196,1134,12,2022-10-08 09:27:00,4.0,0.24,4.24,debit
751,67,1135,4,2022-10-08 10:30:00,3.5,0.21,3.71,credit
752,149,1136,5,2022-10-08 13:32:00,6.52,0.39,6.91,mobile
753,7,1137,12,2022-10-08 16:29:00,3.0,0.18,3.18,credit
754,8,1142,13,2022-10-09 16:40:00,23.97,1.44,25.41,credit
755,2,1143,12,2022-10-09 09:41:00,4.25,0.26,4.51,mobile
756,2,1144,13,2022-10-09 16:30:00,6.75,0.4,7.15,credit
757,1,1145,3,2022-10-09 14:27:00,5.0,0.3,5.3,credit
758,67,1146,14,2022-10-09 10:28:00,4.0,0.24,4.24,credit
759,15,1148,6,2022-10-09 13:51:00,5.5,0.33,5.83,mobile
760,67,1151,13,2022-10-09 12:16:00,9.5,0.57,10.07,credit
761,3,1152,1,2022-10-09 15:36:00,25.5,1.53,27.03,credit
762,8,1153,10,2022-10-09 12:59:00,4.47,0.27,4.74,credit
763,9,1156,10,2022-10-09 15:30:00,21.5,1.29,22.79,mobile
764,6,1158,12,2022-10-09 14:24:00,3.5,0.21,3.71,mobile
765,1,1159,5,2022-10-09 09:25:00,9.5,0.57,10.07,credit
766,8,1160,4,2022-10-09 13:22:00,4.97,0.3,5.27,debit
767,3,1161,13,2022-10-09 09:32:00,3.5,0.21,3.71,credit
768,8,1162,2,2022-10-09 12:54:00,27.97,1.68,29.65,mobile
769,9,1163,13,2022-10-10 13:52:00,33.5,2.01,35.51,credit
770,39,1164,7,2022-10-10 11:59:00,7.0,0.42,7.42,mobile
771,2,1166,2,2022-10-10 16:42:00,29.25,1.75,31.0,credit
772,67,1167,10,2022-10-10 16:59:00,11.0,0.66,11.66,debit
773,4,1168,7,2022-10-10 13:17:00,36.06,2.16,38.22,debit
774,9,1174,5,2022-10-11 16:45:00,11.0,0.66,11.66,credit
775,3,1175,2,2022-10-11 12:21:00,8.0,0.48,8.48,mobile
776,97,1176,1,2022-10-11 15:35:00,4.0,0.24,4.24,credit
777,3,1177,10,2022-10-11 10:24:00,9.5,0.57,10.07,mobile
778,7,1178,2,2022-10-11 14:57:00,4.5,0.27,4.77,mobile
779,5,1179,7,2022-10-11 16:59:00,5.0,0.3,5.3,credit
780,4,1180,14,2022-10-11 11:59:00,5.06,0.3,5.36,credit
781,67,1182,5,2022-10-11 10:58:00,33.0,1.98,34.98,credit
782,191,1183,5,2022-10-11 12:59:00,7.94,0.48,8.42,credit
783,2,1185,6,2022-10-11 09:56:00,33.25,1.99,35.24,debit
784,2,1186,3,2022-10-12 12:25:00,24.75,1.48,26.23,mobile
785,197,1187,3,2022-10-12 16:52:00,12.5,0.75,13.25,mobile
786,120,1189,14,2022-10-12 13:43:00,18.59,1.12,19.71,credit
787,7,1190,6,2022-10-12 13:48:00,8.5,0.51,9.01,mobile
788,4,1191,1,2022-10-13 16:59:00,20.06,1.2,21.26,credit
789,191,1193,12,2022-10-13 14:59:00,6.94,0.42,7.36,credit
790,248,1196,5,2022-10-13 10:45:00,42.5,2.55,45.05,debit
791,4,1199,13,2022-10-13 16:17:00,5.56,0.33,5.89,credit
792,120,1200,10,2022-10-14 11:27:00,8.59,0.52,9.11,debit
793,5,1201,4,2022-10-14 12:45:00,26.5,1.59,28.09,mobile
794,2,1202,1,2022-10-14 14:41:00,31.75,1.91,33.66,credit
795,7,1204,14,2022-10-14 15:14:00,3.0,0.18,3.18,credit
796,2,1205,10,2022-10-14 11:28:00,5.75,0.34,6.09,debit
797,5,1206,5,2022-10-14 14:25:00,4.5,0.27,4.77,debit
798,8,1208,6,2022-10-15 11:56:00,8.97,0.54,9.51,credit
799,7,1211,4,2022-10-15 15:52:00,34.5,2.07,36.57,credit
800,14,1212,7,2022-10-15 14:25:00,6.33,0.38,6.71,credit
801,186,1213,12,2022-10-15 15:57:00,4.5,0.27,4.77,credit
802,3,1214,7,2022-10-15 14:51:00,5.0,0.3,5.3,credit
803,2,1215,3,2022-10-15 15:59:00,4.25,0.26,4.51,debit
804,8,1216,10,2022-10-15 16:29:00,5.47,0.33,5.8,credit
805,197,1217,6,2022-10-15 14:37:00,24.0,1.44,25.44,credit
806,97,1218,3,2022-10-15 09:52:00,5.5,0.33,5.83,credit
807,103,1219,3,2022-10-15 16:41:00,7.44,0.45,7.89,credit
808,4,1220,13,2022-10-15 13:35:00,8.06,0.48,8.54,debit
809,2,1221,11,2022-10-16 14:44:00,5.25,0.32,5.57,credit
810,2,1222,4,2022-10-16 15:27:00,7.25,0.43,7.68,mobile
811,198,1223,7,2022-10-16 11:42:00,6.0,0.36,6.36,mobile
812,186,1224,7,2022-10-16 13:43:00,8.0,0.48,8.48,credit
813,120,1225,14,2022-10-16 09:40:00,24.59,1.48,26.07,debit
814,1,1226,13,2022-10-16 14:12:00,9.5,0.57,10.07,mobile
815,5,1229,3,2022-10-16 16:31:00,15.0,0.9,15.9,credit
816,1,1230,7,2022-10-17 09:32:00,4.0,0.24,4.24,mobile
817,67,1231,3,2022-10-17 09:59:00,4.5,0.27,4.77,mobile
818,68,1232,3,2022-10-17 14:45:00,18.0,1.08,19.08,credit
819,6,1233,10,2022-10-17 11:59:00,20.0,1.2,21.2,mobile
820,10,1234,2,2022-10-17 13:46:00,4.85,0.29,5.14,credit
821,1,1235,13,2022-10-17 10:30:00,10.5,0.63,11.13,credit
822,45,1237,1,2022-10-17 15:55:00,15.5,0.93,16.43,credit
823,248,1240,7,2022-10-17 10:24:00,5.5,0.33,5.83,credit
824,191,1242,4,2022-10-18 11:59:00,25.94,1.56,27.5,mobile
825,103,1243,13,2022-10-18 12:11:00,15.94,0.96,16.9,credit
826,5,1244,13,2022-10-18 10:27:00,15.5,0.93,16.43,debit
827,197,1246,11,2022-10-18 11:26:00,13.5,0.81,14.31,mobile
828,1,1247,1,2022-10-18 11:41:00,23.0,1.38,24.38,credit
829,3,1249,4,2022-10-18 14:47:00,6.0,0.36,6.36,credit
830,3,1250,2,2022-10-18 13:13:00,29.5,1.77,31.27,mobile
831,3,1251,10,2022-10-18 09:57:00,18.0,1.08,19.08,credit
832,67,1252,10,2022-10-18 13:59:00,19.0,1.14,20.14,debit
833,103,1253,14,2022-10-18 16:23:00,17.44,1.05,18.49,debit
834,2,1254,5,2022-10-19 13:13:00,4.75,0.28,5.03,mobile
835,6,1255,3,2022-10-19 11:17:00,10.0,0.6,10.6,debit
836,5,1258,11,2022-10-19 14:59:00,6.0,0.36,6.36,credit
837,17,1259,10,2022-10-19 09:53:00,4.5,0.27,4.77,credit
838,10,1260,7,2022-10-20 13:46:00,15.85,0.95,16.8,mobile
839,120,1261,7,2022-10-20 15:13:00,5.09,0.31,5.4,credit
840,7,1262,4,2022-10-20 13:26:00,4.0,0.24,4.24,credit
841,2,1263,1,2022-10-20 15:28:00,9.25,0.55,9.8,mobile
842,2,1264,2,2022-10-20 15:25:00,4.75,0.28,5.03,debit
843,5,1265,11,2022-10-20 09:54:00,6.5,0.39,6.89,credit
844,2,1266,4,2022-10-20 10:32:00,37.75,2.27,40.02,credit
845,149,1267,3,2022-10-20 12:22:00,9.02,0.54,9.56,mobile
846,197,1268,7,2022-10-20 11:18:00,5.5,0.33,5.83,mobile
847,103,1269,2,2022-10-20 09:51:00,9.44,0.57,10.01,debit
848,11,1270,6,2022-10-20 13:59:00,4.5,0.27,4.77,credit
849,39,1271,1,2022-10-20 09:55:00,18.0,1.08,19.08,credit
850,2,1272,1,2022-10-20 15:42:00,13.25,0.79,14.04,credit
851,2,1273,10,2022-10-20 14:59:00,24.25,1.45,25.7,mobile
852,3,1275,2,2022-10-21 09:28:00,8.0,0.48,8.48,mobile
853,5,1276,10,2022-10-21 16:25:00,14.0,0.84,14.84,debit
854,1,1277,4,2022-10-21 09:59:00,5.5,0.33,5.83,credit
855,8,1279,12,2022-10-21 10:16:00,22.47,1.35,23.82,mobile
856,1,1281,11,2022-10-21 10:53:00,4.0,0.24,4.24,mobile
857,2,1282,7,2022-10-21 11:28:00,8.75,0.53,9.28,debit
858,198,1284,14,2022-10-22 14:59:00,7.0,0.42,7.42,debit
859,186,1285,4,2022-10-22 15:59:00,17.0,1.02,18.02,mobile
860,197,1286,2,2022-10-22 10:59:00,6.0,0.36,6.36,mobile
861,233,1287,13,2022-10-22 15:26:00,18.0,1.08,19.08,mobile
862,2,1288,10,2022-10-22 14:12:00,8.25,0.49,8.74,credit
863,2,1289,5,2022-10-22 15:14:00,4.25,0.26,4.51,credit
864,14,1290,5,2022-10-22 10:38:00,10.83,0.65,11.48,mobile
865,5,1291,13,2022-10-22 13:53:00,22.0,1.32,23.32,credit
866,196,1296,1,2022-10-22 13:44:00,5.5,0.33,5.83,debit
867,9,1298,11,2022-10-22 14:59:00,10.5,0.63,11.13,mobile
868,2,1301,6,2022-10-23 14:29:00,10.25,0.61,10.86,debit
869,35,1302,10,2022-10-23 09:46:00,8.0,0.48,8.48,credit
870,1,1303,11,2022-10-23 09:51:00,3.0,0.18,3.18,mobile
871,6,1306,14,2022-10-23 11:55:00,10.5,0.63,11.13,credit
872,5,1307,4,2022-10-23 11:37:00,3.0,0.18,3.18,mobile
873,233,1309,6,2022-10-23 15:59:00,8.0,0.48,8.48,debit
874,3,1311,5,2022-10-23 15:44:00,4.0,0.24,4.24,credit
875,1,1312,11,2022-10-23 12:12:00,5.5,0.33,5.83,mobile
876,233,1313,14,2022-10-23 13:59:00,5.5,0.33,5.83,debit
877,67,1314,4,2022-10-23 13:59:00,6.0,0.36,6.36,mobile
878,13,1316,11,2022-10-23 12:43:00,9.5,0.57,10.07,credit
879,120,1317,11,2022-10-23 13:12:00,6.09,0.37,6.46,credit
880,7,1319,14,2022-10-24 12:33:00,6.0,0.36,6.36,credit
881,2,1322,7,2022-10-24 16:30:00,6.25,0.38,6.63,credit
882,3,1325,14,2022-10-24 11:59:00,13.5,0.81,14.31,credit
883,116,1326,5,2022-10-25 10:59:00,6.0,0.36,6.36,credit
884,8,1327,3,2022-10-25 14:59:00,10.97,0.66,11.63,credit
885,2,1328,7,2022-10-25 16:40:00,11.75,0.7,12.45,credit
886,67,1330,3,2022-10-25 16:59:00,11.0,0.66,11.66,credit
887,1,1331,14,2022-10-25 09:41:00,7.0,0.42,7.42,mobile
888,7,1333,7,2022-10-25 15:21:00,9.5,0.57,10.07,credit
889,35,1334,6,2022-10-25 15:59:00,25.5,1.53,27.03,mobile
890,9,1335,12,2022-10-25 13:27:00,55.5,3.33,58.83,credit
891,198,1336,3,2022-10-25 10:40:00,10.0,0.6,10.6,mobile
892,103,1337,5,2022-10-26 14:40:00,7.44,0.45,7.89,debit
893,191,1339,13,2022-10-26 15:23:00,6.94,0.42,7.36,debit
894,120,1340,2,2022-10-26 13:43:00,10.59,0.64,11.23,credit
895,1,1341,7,2022-10-26 11:59:00,5.0,0.3,5.3,mobile
896,8,1342,4,2022-10-26 16:59:00,9.97,0.6,10.57,credit
897,7,1344,2,2022-10-26 14:57:00,7.0,0.42,7.42,mobile
898,2,1345,7,2022-10-27 12:29:00,6.75,0.4,7.15,credit
899,73,1346,12,2022-10-27 16:55:00,25.0,1.5,26.5,credit
900,73,1347,4,2022-10-27 16:14:00,22.5,1.35,23.85,mobile
901,231,1348,6,2022-10-27 14:33:00,9.5,0.57,10.07,mobile
902,233,1349,14,2022-10-27 16:29:00,3.0,0.18,3.18,mobile
903,68,1351,7,2022-10-27 13:47:00,8.5,0.51,9.01,mobile
904,103,1354,6,2022-10-27 14:19:00,6.94,0.42,7.36,credit
905,4,1355,6,2022-10-28 11:58:00,7.06,0.42,7.48,mobile
906,5,1357,10,2022-10-28 13:44:00,22.0,1.32,23.32,credit
907,1,1359,5,2022-10-28 09:55:00,6.0,0.36,6.36,mobile
908,14,1360,6,2022-10-28 16:49:00,6.83,0.41,7.24,credit
909,103,1363,1,2022-10-28 16:59:00,5.44,0.33,5.77,mobile
910,73,1364,4,2022-10-29 13:53:00,9.5,0.57,10.07,credit
911,73,1365,6,2022-10-29 14:40:00,10.0,0.6,10.6,mobile
912,6,1367,1,2022-10-29 15:26:00,9.0,0.54,9.54,credit
913,35,1368,14,2022-10-29 10:37:00,10.0,0.6,10.6,mobile
914,11,1369,14,2022-10-29 12:55:00,5.0,0.3,5.3,mobile
915,13,1370,2,2022-10-29 16:54:00,4.0,0.24,4.24,debit
916,3,1371,5,2022-10-29 15:46:00,4.0,0.24,4.24,credit
917,2,1375,12,2022-10-29 14:59:00,5.75,0.34,6.09,credit
918,73,1376,11,2022-10-29 10:52:00,4.0,0.24,4.24,debit
919,103,1378,7,2022-10-29 13:40:00,15.94,0.96,16.9,debit
920,4,1379,13,2022-10-29 13:59:00,7.06,0.42,7.48,credit
921,2,1380,13,2022-10-29 12:43:00,4.75,0.28,5.03,mobile
922,2,1381,3,2022-10-29 10:26:00,4.75,0.28,5.03,credit
923,11,1382,13,2022-10-29 15:40:00,3.5,0.21,3.71,debit
924,73,1383,11,2022-10-29 13:25:00,7.0,0.42,7.42,mobile
925,4,1384,2,2022-10-29 16:20:00,10.56,0.63,11.19,debit
926,3,1385,3,2022-10-29 12:59:00,5.5,0.33,5.83,credit
927,233,1386,13,2022-10-29 12:59:00,22.5,1.35,23.85,credit
928,171,1387,1,2022-10-29 09:58:00,3.5,0.21,3.71,mobile
929,1,1388,3,2022-10-29 15:15:00,4.0,0.24,4.24,credit
930,1,1389,11,2022-10-29 16:30:00,25.0,1.5,26.5,credit
931,67,1390,5,2022-10-30 15:19:00,5.5,0.33,5.83,credit
932,5,1391,1,2022-10-30 11:54:00,7.0,0.42,7.42,credit
933,67,1392,4,2022-10-30 09:10:00,4.0,0.24,4.24,mobile
934,231,1393,2,2022-10-30 10:59:00,25.0,1.5,26.5,credit
935,103,1395,3,2022-10-30 11:32:00,9.44,0.57,10.01,debit
936,191,1396,2,2022-10-30 14:30:00,4.94,0.3,5.24,credit
937,13,1397,13,2022-10-30 14:57:00,6.0,0.36,6.36,credit
938,120,1399,5,2022-10-30 15:59:00,23.59,1.42,25.01,mobile
939,2,1400,6,2022-10-30 12:59:00,5.25,0.32,5.57,mobile
940,15,1401,12,2022-10-30 10:30:00,3.5,0.21,3.71,credit
941,67,1402,14,2022-10-30 09:26:00,37.0,2.22,39.22,credit
942,186,1405,2,2022-10-31 12:59:00,15.0,0.9,15.9,mobile
943,10,1406,6,2022-10-31 13:42:00,5.85,0.35,6.2,mobile
944,1,1407,13,2022-10-31 09:59:00,4.0,0.24,4.24,credit
945,73,1408,5,2022-10-31 14:39:00,20.0,1.2,21.2,mobile
946,3,1411,4,2022-10-31 13:40:00,4.5,0.27,4.77,credit
947,11,1413,5,2022-10-31 10:37:00,8.0,0.48,8.48,credit
948,67,1414,7,2022-10-31 15:55:00,19.5,1.17,20.67,mobile
949,204,1415,3,2022-10-31 10:28:00,19.0,1.14,20.14,credit
950,6,1416,13,2022-10-31 14:59:00,11.0,0.66,11.66,mobile
951,2,1418,10,2022-11-01 16:37:00,5.75,0.34,6.09,debit
952,2,1422,6,2022-11-01 11:27:00,5.25,0.32,5.57,debit
953,179,1423,11,2022-11-01 14:56:00,23.61,1.42,25.03,mobile
954,149,1424,10,2022-11-01 15:46:00,36.02,2.16,38.18,credit
955,35,1425,2,2022-11-02 09:59:00,13.0,0.78,13.78,credit
956,3,1427,1,2022-11-02 11:57:00,7.0,0.42,7.42,mobile
957,73,1428,14,2022-11-02 16:25:00,4.0,0.24,4.24,mobile
958,5,1429,11,2022-11-02 09:12:00,5.5,0.33,5.83,credit
959,2,1430,1,2022-11-02 09:38:00,13.75,0.82,14.57,mobile
960,103,1431,7,2022-11-02 09:56:00,4.94,0.3,5.24,debit
961,2,1432,13,2022-11-02 12:59:00,5.25,0.32,5.57,credit
962,196,1433,14,2022-11-02 10:58:00,4.5,0.27,4.77,mobile
963,2,1434,14,2022-11-02 11:28:00,5.25,0.32,5.57,credit
964,2,1435,12,2022-11-03 15:41:00,33.75,2.02,35.77,credit
965,120,1437,6,2022-11-03 09:30:00,5.59,0.34,5.93,credit
966,103,1440,5,2022-11-03 13:12:00,4.44,0.27,4.71,mobile
967,1,1441,12,2022-11-03 10:29:00,4.0,0.24,4.24,credit
968,3,1442,2,2022-11-03 14:59:00,17.5,1.05,18.55,debit
969,8,1443,14,2022-11-03 09:59:00,40.97,2.46,43.43,credit
970,73,1445,1,2022-11-03 09:27:00,6.0,0.36,6.36,debit
971,3,1447,13,2022-11-04 13:59:00,6.0,0.36,6.36,mobile
972,120,1449,11,2022-11-04 15:54:00,11.09,0.67,11.76,credit
973,148,1450,6,2022-11-04 10:27:00,12.0,0.72,12.72,credit
974,2,1451,4,2022-11-04 15:30:00,5.25,0.32,5.57,mobile
975,148,1453,3,2022-11-04 09:59:00,14.5,0.87,15.37,mobile
976,191,1455,14,2022-11-04 14:59:00,4.94,0.3,5.24,mobile
977,18,1457,13,2022-11-05 13:35:00,5.77,0.35,6.12,debit
978,39,1458,10,2022-11-05 11:13:00,19.5,1.17,20.67,mobile
979,2,1459,4,2022-11-05 16:36:00,19.75,1.19,20.94,credit
980,35,1460,1,2022-11-05 14:26:00,19.5,1.17,20.67,credit
981,1,1461,5,2022-11-05 16:18:00,10.0,0.6,10.6,credit
982,73,1462,12,2022-11-05 14:59:00,5.5,0.33,5.83,credit
983,18,1463,4,2022-11-05 11:17:00,11.27,0.68,11.95,debit
984,1,1465,6,2022-11-05 14:10:00,4.0,0.24,4.24,credit
985,179,1466,1,2022-11-05 14:28:00,6.11,0.37,6.48,mobile
986,31,1467,2,2022-11-05 09:11:00,7.0,0.42,7.42,credit
987,148,1468,6,2022-11-05 12:56:00,3.0,0.18,3.18,debit
988,232,1469,2,2022-11-06 12:28:00,6.48,0.39,6.87,credit
989,45,1470,3,2022-11-06 12:41:00,32.5,1.95,34.45,credit
990,1,1471,7,2022-11-06 13:53:00,4.0,0.24,4.24,credit
991,2,1472,10,2022-11-06 11:59:00,6.25,0.38,6.63,mobile
992,197,1473,3,2022-11-06 10:12:00,3.5,0.21,3.71,credit
993,3,1475,12,2022-11-06 12:58:00,23.5,1.41,24.91,mobile
994,186,1476,6,2022-11-06 13:32:00,12.0,0.72,12.72,credit
995,2,1478,13,2022-11-06 11:59:00,12.25,0.73,12.98,credit
996,152,1479,6,2022-11-06 09:22:00,3.5,0.21,3.71,credit
997,2,1480,1,2022-11-07 09:28:00,16.25,0.97,17.22,mobile
998,45,1481,10,2022-11-07 14:30:00,18.0,1.08,19.08,mobile
999,120,1482,5,2022-11-07 10:36:00,18.09,1.09,19.18,mobile
1000,2,1483,1,2022-11-07 09:59:00,19.25,1.16,20.41,credit
1001,231,1484,13,2022-11-07 15:23:00,11.5,0.69,12.19,debit
1002,6,1487,13,2022-11-07 15:11:00,7.0,0.42,7.42,mobile
1003,204,1488,4,2022-11-08 13:54:00,11.0,0.66,11.66,credit
1004,2,1490,10,2022-11-08 14:36:00,35.25,2.11,37.36,debit
1005,31,1491,11,2022-11-08 09:59:00,26.5,1.59,28.09,debit
1006,6,1492,5,2022-11-08 15:29:00,6.0,0.36,6.36,mobile
1007,233,1493,6,2022-11-08 11:59:00,13.0,0.78,13.78,mobile
1008,165,1495,14,2022-11-08 14:59:00,15.5,0.93,16.43,mobile
1009,8,1496,6,2022-11-08 10:26:00,5.47,0.33,5.8,credit
1010,120,1497,7,2022-11-08 11:45:00,10.59,0.64,11.23,credit
1011,152,1498,2,2022-11-09 14:41:00,4.5,0.27,4.77,credit
1012,2,1501,6,2022-11-09 10:17:00,5.25,0.32,5.57,credit
1013,5,1502,4,2022-11-09 16:59:00,21.5,1.29,22.79,credit
1014,73,1503,11,2022-11-09 09:59:00,29.5,1.77,31.27,credit
1015,165,1504,3,2022-11-09 11:59:00,5.5,0.33,5.83,mobile
1016,15,1505,13,2022-11-09 15:27:00,24.0,1.44,25.44,credit
1017,165,1511,12,2022-11-10 14:57:00,8.0,0.48,8.48,debit
1018,17,1514,13,2022-11-10 10:59:00,5.0,0.3,5.3,credit
1019,11,1515,11,2022-11-10 11:59:00,26.0,1.56,27.56,debit
1020,165,1517,3,2022-11-11 11:59:00,34.0,2.04,36.04,credit
1021,149,1519,7,2022-11-11 13:59:00,40.02,2.4,42.42,mobile
1022,2,1520,5,2022-11-11 10:51:00,19.75,1.19,20.94,mobile
1023,9,1523,3,2022-11-11 14:59:00,5.0,0.3,5.3,credit
1024,73,1524,5,2022-11-11 16:59:00,4.0,0.24,4.24,credit
1025,248,1525,2,2022-11-11 10:56:00,18.5,1.11,19.61,credit
1026,9,1526,7,2022-11-11 13:37:00,22.5,1.35,23.85,credit
1027,231,1528,4,2022-11-12 14:43:00,17.5,1.05,18.55,credit
1028,73,1529,7,2022-11-12 12:45:00,5.0,0.3,5.3,mobile
1029,179,1530,6,2022-11-12 10:57:00,10.11,0.61,10.72,credit
1030,233,1531,11,2022-11-12 09:48:00,5.5,0.33,5.83,mobile
1031,4,1533,3,2022-11-12 14:41:00,15.06,0.9,15.96,debit
1032,11,1534,11,2022-11-12 11:59:00,10.0,0.6,10.6,credit
1033,248,1535,2,2022-11-12 13:39:00,4.0,0.24,4.24,mobile
1034,4,1536,10,2022-11-12 09:59:00,6.56,0.39,6.95,mobile
1035,231,1538,7,2022-11-12 13:36:00,6.0,0.36,6.36,mobile
1036,148,1539,2,2022-11-12 15:59:00,9.5,0.57,10.07,credit
1037,2,1541,13,2022-11-12 09:59:00,21.25,1.27,22.52,debit
1038,232,1542,2,2022-11-12 11:58:00,4.98,0.3,5.28,credit
1039,1,1543,7,2022-11-13 15:55:00,3.0,0.18,3.18,mobile
1040,2,1544,1,2022-11-13 09:50:00,14.25,0.85,15.1,mobile
1041,97,1545,7,2022-11-13 09:12:00,12.5,0.75,13.25,mobile
1042,5,1546,4,2022-11-13 10:44:00,16.5,0.99,17.49,credit
1043,196,1547,3,2022-11-13 13:59:00,4.5,0.27,4.77,credit
1044,5,1548,3,2022-11-13 15:36:00,9.5,0.57,10.07,debit
1045,1,1550,4,2022-11-13 15:54:00,4.0,0.24,4.24,credit
1046,13,1551,1,2022-11-13 12:39:00,30.5,1.83,32.33,debit
1047,2,1552,11,2022-11-13 14:57:00,10.25,0.61,10.86,credit
1048,39,1553,5,2022-11-13 13:49:00,39.0,2.34,41.34,debit
1049,196,1554,5,2022-11-13 16:29:00,28.0,1.68,29.68,credit
1050,2,1555,11,2022-11-14 15:18:00,21.75,1.3,23.05,credit
1051,4,1556,1,2022-11-14 14:59:00,15.06,0.9,15.96,mobile
1052,1,1557,1,2022-11-14 13:59:00,8.0,0.48,8.48,mobile
1053,2,1558,14,2022-11-14 09:59:00,12.25,0.73,12.98,credit
1054,196,1559,7,2022-11-14 13:41:00,9.5,0.57,10.07,mobile
1055,2,1560,3,2022-11-14 11:21:00,36.25,2.17,38.42,credit
1056,1,1561,11,2022-11-14 09:10:00,3.0,0.18,3.18,credit
1057,148,1562,12,2022-11-14 16:44:00,6.0,0.36,6.36,mobile
1058,7,1564,5,2022-11-15 16:26:00,32.0,1.92,33.92,credit
1059,1,1567,14,2022-11-15 10:57:00,7.0,0.42,7.42,credit
1060,103,1571,4,2022-11-15 12:49:00,14.44,0.87,15.31,mobile
1061,148,1572,3,2022-11-15 14:59:00,28.5,1.71,30.21,credit
1062,10,1574,14,2022-11-16 14:59:00,6.35,0.38,6.73,debit
1063,2,1577,3,2022-11-16 15:59:00,7.25,0.43,7.68,mobile
1064,11,1578,2,2022-11-16 16:59:00,4.5,0.27,4.77,mobile
1065,5,1581,12,2022-11-17 09:57:00,11.5,0.69,12.19,credit
1066,2,1582,5,2022-11-17 12:24:00,7.25,0.43,7.68,credit
1067,68,1585,3,2022-11-17 10:40:00,4.5,0.27,4.77,credit
1068,165,1586,3,2022-11-17 15:59:00,8.0,0.48,8.48,credit
1069,3,1587,2,2022-11-17 12:23:00,4.0,0.24,4.24,mobile
1070,7,1588,6,2022-11-17 10:46:00,8.0,0.48,8.48,credit
1071,232,1589,13,2022-11-17 16:59:00,14.98,0.9,15.88,mobile
1072,5,1590,14,2022-11-18 14:16:00,13.5,0.81,14.31,credit
1073,3,1592,4,2022-11-18 16:59:00,10.0,0.6,10.6,credit
1074,8,1593,7,2022-11-18 10:26:00,11.97,0.72,12.69,credit
1075,10,1595,6,2022-11-18 11:26:00,6.35,0.38,6.73,credit
1076,4,1596,11,2022-11-18 11:59:00,6.06,0.36,6.42,credit
1077,13,1597,5,2022-11-18 12:59:00,10.0,0.6,10.6,mobile
1078,243,1598,2,2022-11-18 14:29:00,5.5,0.33,5.83,mobile
1079,4,1599,4,2022-11-18 14:26:00,11.06,0.66,11.72,debit
1080,231,1600,4,2022-11-18 16:59:00,3.5,0.21,3.71,credit
1081,171,1601,11,2022-11-19 13:19:00,7.0,0.42,7.42,credit
1082,73,1605,13,2022-11-19 10:14:00,12.0,0.72,12.72,credit
1083,6,1609,14,2022-11-19 13:41:00,8.5,0.51,9.01,credit
1084,14,1610,7,2022-11-19 13:10:00,7.33,0.44,7.77,credit
1085,35,1611,7,2022-11-19 14:49:00,4.0,0.24,4.24,credit
1086,3,1612,3,2022-11-19 10:56:00,3.5,0.21,3.71,debit
1087,191,1613,7,2022-11-20 11:46:00,5.44,0.33,5.77,credit
1088,197,1615,7,2022-11-20 16:29:00,34.0,2.04,36.04,debit
1089,2,1618,11,2022-11-20 09:46:00,13.25,0.79,14.04,debit
1090,186,1619,11,2022-11-20 13:56:00,5.0,0.3,5.3,mobile
1091,149,1621,13,2022-11-20 13:46:00,10.52,0.63,11.15,credit
1092,165,1622,7,2022-11-20 15:29:00,18.0,1.08,19.08,credit
1093,186,1623,3,2022-11-20 13:59:00,8.0,0.48,8.48,credit
1094,1,1624,13,2022-11-20 14:59:00,5.0,0.3,5.3,debit
1095,5,1626,5,2022-11-21 13:38:00,3.5,0.21,3.71,credit
1096,231,1628,7,2022-11-21 09:28:00,16.0,0.96,16.96,credit
1097,5,1629,6,2022-11-21 09:57:00,5.5,0.33,5.83,mobile
1098,232,1630,13,2022-11-21 14:43:00,5.48,0.33,5.81,debit
1099,196,1631,1,2022-11-21 11:59:00,7.0,0.42,7.42,mobile
1100,1,1632,11,2022-11-21 13:42:00,5.5,0.33,5.83,credit
1101,1,1633,14,2022-11-21 11:40:00,20.5,1.23,21.73,credit
1102,6,1634,6,2022-11-21 15:30:00,12.0,0.72,12.72,credit
1103,11,1635,4,2022-11-22 16:11:00,26.5,1.59,28.09,mobile
1104,165,1636,6,2022-11-22 15:59:00,4.0,0.24,4.24,mobile
1105,171,1637,6,2022-11-22 13:58:00,4.5,0.27,4.77,mobile
1106,2,1638,3,2022-11-22 13:59:00,7.25,0.43,7.68,credit
1107,8,1639,10,2022-11-22 13:59:00,4.47,0.27,4.74,mobile
1108,4,1640,6,2022-11-22 15:21:00,5.06,0.3,5.36,debit
1109,8,1641,14,2022-11-22 12:35:00,10.47,0.63,11.1,mobile
1110,17,1642,13,2022-11-22 16:59:00,17.0,1.02,18.02,credit
1111,4,1643,6,2022-11-22 15:46:00,6.56,0.39,6.95,mobile
1112,1,1647,13,2022-11-23 14:44:00,7.0,0.42,7.42,mobile
1113,13,1648,3,2022-11-23 15:59:00,17.0,1.02,18.02,credit
1114,1,1649,12,2022-11-23 16:50:00,15.0,0.9,15.9,mobile
1115,121,1650,14,2022-11-23 15:26:00,7.0,0.42,7.42,credit
1116,73,1651,2,2022-11-23 11:40:00,31.0,1.86,32.86,mobile
1117,239,1652,14,2022-11-23 10:32:00,6.0,0.36,6.36,debit
1118,73,1653,5,2022-11-23 10:39:00,17.0,1.02,18.02,mobile
1119,2,1655,13,2022-11-24 09:58:00,26.25,1.57,27.82,debit
1120,13,1656,5,2022-11-24 13:48:00,5.5,0.33,5.83,credit
1121,2,1657,11,2022-11-24 11:59:00,26.25,1.57,27.82,mobile
1122,232,1660,3,2022-11-24 16:35:00,4.98,0.3,5.28,mobile
1123,186,1661,3,2022-11-24 10:59:00,5.0,0.3,5.3,credit
1124,5,1663,4,2022-11-25 14:14:00,19.0,1.14,20.14,credit
1125,73,1664,4,2022-11-25 11:43:00,19.0,1.14,20.14,credit
1126,3,1666,3,2022-11-25 14:19:00,10.0,0.6,10.6,mobile
1127,165,1669,2,2022-11-25 10:44:00,9.0,0.54,9.54,credit
1128,165,1670,4,2022-11-25 11:33:00,32.5,1.95,34.45,credit
1129,5,1672,1,2022-11-26 09:29:00,31.5,1.89,33.39,mobile
1130,103,1673,14,2022-11-26 16:46:00,4.44,0.27,4.71,debit
1131,67,1674,10,2022-11-26 10:45:00,5.0,0.3,5.3,debit
1132,2,1675,1,2022-11-26 13:23:00,6.25,0.38,6.63,mobile
1133,196,1676,12,2022-11-26 14:54:00,6.0,0.36,6.36,mobile
1134,128,1679,1,2022-11-26 09:59:00,19.48,1.17,20.65,credit
1135,121,1681,14,2022-11-26 12:59:00,4.5,0.27,4.77,credit
1136,35,1684,13,2022-11-26 14:57:00,14.0,0.84,14.84,credit
1137,121,1685,6,2022-11-26 16:57:00,9.5,0.57,10.07,credit
1138,2,1686,6,2022-11-26 12:59:00,4.75,0.28,5.03,credit
1139,126,1687,11,2022-11-26 10:19:00,9.5,0.57,10.07,credit
1140,103,1688,2,2022-11-26 15:22:00,12.94,0.78,13.72,debit
1141,5,1690,10,2022-11-26 11:53:00,10.5,0.63,11.13,credit
1142,231,1691,11,2022-11-26 14:55:00,5.5,0.33,5.83,credit
1143,4,1692,7,2022-11-27 15:47:00,6.56,0.39,6.95,mobile
1144,233,1693,2,2022-11-27 14:19:00,15.0,0.9,15.9,credit
1145,196,1694,4,2022-11-27 09:41:00,4.5,0.27,4.77,mobile
1146,2,1695,7,2022-11-27 12:13:00,7.25,0.43,7.68,mobile
1147,232,1696,3,2022-11-27 13:35:00,12.48,0.75,13.23,mobile
1148,2,1699,10,2022-11-27 09:59:00,5.25,0.32,5.57,mobile
1149,231,1700,6,2022-11-27 11:12:00,5.5,0.33,5.83,mobile
1150,5,1701,11,2022-11-27 09:18:00,4.0,0.24,4.24,credit
1151,73,1702,14,2022-11-27 15:30:00,23.5,1.41,24.91,credit
1152,2,1703,13,2022-11-27 11:39:00,32.75,1.96,34.71,credit
1153,2,1704,6,2022-11-27 09:33:00,14.75,0.89,15.64,credit
1154,97,1705,3,2022-11-28 11:15:00,13.5,0.81,14.31,debit
1155,15,1708,5,2022-11-28 12:59:00,3.0,0.18,3.18,credit
1156,5,1709,1,2022-11-28 16:29:00,6.0,0.36,6.36,mobile
1157,67,1710,2,2022-11-28 11:49:00,3.5,0.21,3.71,credit
1158,67,1711,14,2022-11-28 16:55:00,14.0,0.84,14.84,mobile
1159,73,1712,7,2022-11-28 14:40:00,8.0,0.48,8.48,debit
1160,88,1713,4,2022-11-28 09:28:00,37.5,2.25,39.75,credit
1161,231,1714,14,2022-11-28 10:31:00,5.0,0.3,5.3,credit
1162,120,1715,13,2022-11-29 09:39:00,8.59,0.52,9.11,credit
1163,232,1716,3,2022-11-29 10:59:00,5.98,0.36,6.34,credit
1164,232,1717,11,2022-11-29 11:59:00,22.48,1.35,23.83,credit
1165,5,1718,10,2022-11-29 10:29:00,3.5,0.21,3.71,mobile
1166,68,1720,7,2022-11-29 11:59:00,56.0,3.36,59.36,credit
1167,4,1721,12,2022-11-29 13:19:00,10.06,0.6,10.66,credit
1168,165,1722,11,2022-11-29 15:34:00,14.5,0.87,15.37,debit
1169,8,1725,5,2022-11-29 11:56:00,5.97,0.36,6.33,credit
1170,67,1726,1,2022-11-30 12:59:00,10.0,0.6,10.6,mobile
1171,13,1727,6,2022-11-30 09:57:00,15.0,0.9,15.9,mobile
1172,8,1728,14,2022-11-30 09:19:00,3.97,0.24,4.21,credit
1173,3,1729,2,2022-11-30 10:59:00,19.0,1.14,20.14,debit
1174,126,1731,11,2022-11-30 10:59:00,6.0,0.36,6.36,mobile
1175,233,1733,10,2022-11-30 14:15:00,19.0,1.14,20.14,credit
1176,97,1734,14,2022-11-30 13:59:00,5.5,0.33,5.83,debit
1177,121,1735,11,2022-12-01 12:29:00,19.0,1.14,20.14,mobile
1178,179,1737,7,2022-12-01 09:26:00,11.11,0.67,11.78,debit
1179,11,1738,2,2022-12-01 10:53:00,5.0,0.3,5.3,credit
1180,165,1739,11,2022-12-01 12:26:00,5.5,0.33,5.83,debit
1181,232,1740,7,2022-12-01 15:44:00,6.48,0.39,6.87,credit
1182,2,1741,14,2022-12-01 12:39:00,6.75,0.4,7.15,mobile
1183,233,1742,11,2022-12-01 09:58:00,9.5,0.57,10.07,mobile
1184,165,1743,1,2022-12-01 14:17:00,4.0,0.24,4.24,mobile
1185,88,1745,4,2022-12-01 14:44:00,27.0,1.62,28.62,debit
1186,1,1746,12,2022-12-01 11:50:00,4.5,0.27,4.77,mobile
1187,35,1747,5,2022-12-01 10:59:00,5.0,0.3,5.3,credit
1188,73,1749,12,2022-12-01 12:11:00,16.0,0.96,16.96,mobile
1189,3,1750,2,2022-12-01 11:30:00,6.0,0.36,6.36,credit
1190,197,1751,12,2022-12-01 16:30:00,4.5,0.27,4.77,mobile
1191,7,1753,13,2022-12-01 15:59:00,9.5,0.57,10.07,credit
1192,126,1754,4,2022-12-02 16:17:00,5.5,0.33,5.83,mobile
1193,3,1756,14,2022-12-02 14:59:00,11.0,0.66,11.66,credit
1194,2,1757,12,2022-12-02 09:28:00,16.25,0.97,17.22,mobile
1195,5,1758,7,2022-12-02 14:44:00,5.5,0.33,5.83,mobile
1196,97,1759,11,2022-12-02 12:51:00,6.0,0.36,6.36,credit
1197,67,1760,12,2022-12-02 11:53:00,4.0,0.24,4.24,mobile
1198,179,1762,3,2022-12-02 13:28:00,5.61,0.34,5.95,mobile
1199,3,1763,2,2022-12-02 09:59:00,4.0,0.24,4.24,debit
1200,3,1764,13,2022-12-02 10:59:00,25.0,1.5,26.5,debit
1201,149,1765,1,2022-12-02 10:41:00,6.02,0.36,6.38,credit
1202,165,1766,13,2022-12-02 09:42:00,26.0,1.56,27.56,credit
1203,191,1767,13,2022-12-03 15:15:00,11.94,0.72,12.66,credit
1204,18,1768,11,2022-12-03 12:37:00,14.27,0.86,15.13,debit
1205,73,1770,14,2022-12-03 09:56:00,6.0,0.36,6.36,mobile
1206,126,1771,2,2022-12-03 11:42:00,4.0,0.24,4.24,credit
1207,233,1773,6,2022-12-03 09:20:00,13.0,0.78,13.78,credit
1208,5,1775,13,2022-12-03 12:11:00,18.0,1.08,19.08,credit
1209,233,1778,4,2022-12-03 10:57:00,5.0,0.3,5.3,credit
1210,5,1779,11,2022-12-03 13:31:00,3.0,0.18,3.18,mobile
1211,1,1780,14,2022-12-03 12:59:00,13.5,0.81,14.31,credit
1212,2,1782,2,2022-12-03 16:19:00,19.25,1.16,20.41,debit
1213,2,1783,14,2022-12-04 14:59:00,5.25,0.32,5.57,credit
1214,165,1784,12,2022-12-04 16:25:00,4.5,0.27,4.77,mobile
1215,197,1785,11,2022-12-04 15:59:00,4.5,0.27,4.77,credit
1216,2,1786,12,2022-12-04 14:59:00,5.25,0.32,5.57,debit
1217,239,1787,10,2022-12-04 10:53:00,4.0,0.24,4.24,credit
1218,8,1788,7,2022-12-04 10:33:00,44.47,2.67,47.14,debit
1219,231,1789,7,2022-12-04 09:25:00,4.5,0.27,4.77,credit
1220,232,1790,3,2022-12-04 16:44:00,3.98,0.24,4.22,mobile
1221,2,1791,4,2022-12-04 14:41:00,7.25,0.43,7.68,mobile
1222,103,1792,11,2022-12-04 14:59:00,31.44,1.89,33.33,credit
1223,149,1793,1,2022-12-04 11:43:00,6.52,0.39,6.91,debit
1224,186,1794,1,2022-12-04 09:32:00,14.5,0.87,15.37,credit
1225,3,1795,3,2022-12-04 13:59:00,12.0,0.72,12.72,credit
1226,232,1796,3,2022-12-04 09:59:00,6.48,0.39,6.87,credit
1227,2,1797,6,2022-12-04 14:50:00,13.25,0.79,14.04,mobile
1228,11,1798,13,2022-12-04 11:59:00,20.0,1.2,21.2,mobile
1229,7,1799,10,2022-12-05 16:54:00,33.5,2.01,35.51,credit
1230,1,1800,1,2022-12-05 11:59:00,4.0,0.24,4.24,mobile
1231,179,1801,14,2022-12-05 11:20:00,12.11,0.73,12.84,credit
1232,231,1802,4,2022-12-05 12:22:00,7.0,0.42,7.42,credit
1233,2,1803,1,2022-12-05 15:10:00,25.75,1.54,27.29,credit
1234,73,1804,4,2022-12-05 09:45:00,11.0,0.66,11.66,mobile
1235,7,1806,2,2022-12-05 16:30:00,12.0,0.72,12.72,mobile
1236,73,1808,3,2022-12-05 13:59:00,6.0,0.36,6.36,mobile
1237,152,1809,3,2022-12-05 09:33:00,10.5,0.63,11.13,mobile
1238,165,1810,1,2022-12-05 10:33:00,7.0,0.42,7.42,mobile
1239,196,1812,2,2022-12-06 16:39:00,14.0,0.84,14.84,mobile
1240,45,1813,14,2022-12-06 10:59:00,8.0,0.48,8.48,debit
1241,31,1814,5,2022-12-06 13:31:00,3.5,0.21,3.71,debit
1242,171,1816,1,2022-12-07 09:50:00,6.0,0.36,6.36,mobile
1243,126,1817,1,2022-12-07 10:12:00,15.0,0.9,15.9,credit
1244,165,1818,14,2022-12-07 15:51:00,11.0,0.66,11.66,credit
1245,197,1819,4,2022-12-07 10:21:00,8.0,0.48,8.48,credit
1246,232,1821,7,2022-12-07 09:59:00,4.48,0.27,4.75,mobile
1247,73,1822,14,2022-12-07 13:58:00,10.0,0.6,10.6,mobile
1248,121,1823,7,2022-12-07 14:27:00,4.0,0.24,4.24,credit
1249,165,1824,7,2022-12-07 11:42:00,6.0,0.36,6.36,mobile
1250,186,1825,6,2022-12-07 13:36:00,10.0,0.6,10.6,mobile
1251,39,1826,3,2022-12-07 16:51:00,20.0,1.2,21.2,debit
1252,128,1827,14,2022-12-07 15:59:00,4.98,0.3,5.28,debit
1253,120,1828,7,2022-12-07 10:59:00,6.09,0.37,6.46,credit
1254,165,1830,5,2022-12-08 09:59:00,4.5,0.27,4.77,credit
1255,14,1833,12,2022-12-08 09:56:00,14.83,0.89,15.72,credit
1256,103,1835,7,2022-12-08 11:47:00,6.94,0.42,7.36,mobile
1257,165,1836,6,2022-12-08 16:40:00,5.0,0.3,5.3,mobile
1258,31,1837,1,2022-12-08 14:23:00,9.0,0.54,9.54,debit
1259,231,1838,10,2022-12-08 16:26:00,38.5,2.31,40.81,debit
1260,148,1840,13,2022-12-08 13:23:00,5.0,0.3,5.3,mobile
1261,165,1841,12,2022-12-08 09:20:00,10.0,0.6,10.6,mobile
1262,126,1843,6,2022-12-09 09:41:00,20.0,1.2,21.2,debit
1263,233,1844,5,2022-12-09 13:40:00,18.0,1.08,19.08,credit
1264,73,1846,3,2022-12-09 11:50:00,4.5,0.27,4.77,mobile
1265,6,1847,7,2022-12-09 16:54:00,5.5,0.33,5.83,mobile
1266,11,1851,7,2022-12-09 14:50:00,5.5,0.33,5.83,credit
1267,4,1853,12,2022-12-10 13:59:00,6.56,0.39,6.95,credit
1268,1,1854,3,2022-12-10 11:52:00,4.0,0.24,4.24,credit
1269,79,1855,5,2022-12-10 13:59:00,4.5,0.27,4.77,credit
1270,9,1856,1,2022-12-10 10:57:00,19.5,1.17,20.67,mobile
1271,179,1857,5,2022-12-10 14:59:00,19.61,1.18,20.79,mobile
1272,12,1858,14,2022-12-10 11:22:00,3.5,0.21,3.71,credit
1273,233,1859,7,2022-12-10 11:13:00,3.5,0.21,3.71,debit
1274,67,1860,11,2022-12-10 09:31:00,4.0,0.24,4.24,credit
1275,186,1861,11,2022-12-10 13:59:00,4.0,0.24,4.24,mobile
1276,2,1862,13,2022-12-10 11:56:00,10.75,0.65,11.4,debit
1277,149,1863,14,2022-12-10 10:25:00,15.52,0.93,16.45,debit
1278,2,1864,1,2022-12-10 14:25:00,21.25,1.27,22.52,debit
1279,4,1865,3,2022-12-10 11:50:00,5.56,0.33,5.89,mobile
1280,233,1866,13,2022-12-10 14:59:00,5.0,0.3,5.3,credit
1281,103,1867,4,2022-12-10 11:59:00,17.44,1.05,18.49,debit
1282,186,1868,10,2022-12-10 15:15:00,3.5,0.21,3.71,mobile
1283,186,1869,4,2022-12-10 13:25:00,4.5,0.27,4.77,credit
1284,197,1870,3,2022-12-10 13:28:00,6.0,0.36,6.36,credit
1285,186,1871,11,2022-12-10 10:59:00,14.5,0.87,15.37,credit
1286,13,1872,7,2022-12-10 14:59:00,4.0,0.24,4.24,debit
1287,73,1873,1,2022-12-10 15:20:00,22.5,1.35,23.85,credit
1288,7,1876,14,2022-12-11 15:26:00,4.0,0.24,4.24,mobile
1289,126,1878,3,2022-12-11 15:59:00,12.0,0.72,12.72,credit
1290,39,1880,5,2022-12-11 09:59:00,7.0,0.42,7.42,credit
1291,13,1882,7,2022-12-11 09:20:00,4.0,0.24,4.24,credit
1292,120,1883,12,2022-12-11 15:56:00,15.09,0.91,16.0,debit
1293,2,1884,6,2022-12-12 14:31:00,5.25,0.32,5.57,credit
1294,165,1888,6,2022-12-12 11:48:00,4.5,0.27,4.77,credit
1295,186,1890,14,2022-12-13 11:17:00,32.0,1.92,33.92,mobile
1296,39,1891,4,2022-12-13 10:59:00,6.0,0.36,6.36,debit
1297,3,1892,5,2022-12-13 09:26:00,25.0,1.5,26.5,credit
1298,2,1894,4,2022-12-13 11:59:00,13.25,0.79,14.04,credit
1299,10,1895,4,2022-12-13 09:45:00,5.85,0.35,6.2,credit
1300,3,1896,14,2022-12-13 13:16:00,8.0,0.48,8.48,debit
1301,120,1897,3,2022-12-13 13:58:00,5.09,0.31,5.4,credit
1302,186,1898,3,2022-12-13 14:59:00,12.0,0.72,12.72,mobile
1303,39,1900,12,2022-12-13 11:27:00,20.0,1.2,21.2,debit
1304,97,1901,1,2022-12-13 11:57:00,5.5,0.33,5.83,credit
1305,14,1902,4,2022-12-13 13:45:00,7.33,0.44,7.77,debit
1306,120,1904,4,2022-12-14 11:35:00,7.59,0.46,8.05,debit
1307,39,1905,10,2022-12-14 14:10:00,4.0,0.24,4.24,credit
1308,201,1906,2,2022-12-14 15:27:00,14.0,0.84,14.84,credit
1309,9,1907,5,2022-12-14 14:43:00,5.5,0.33,5.83,credit
1310,128,1908,14,2022-12-14 14:42:00,6.98,0.42,7.4,mobile
1311,232,1909,12,2022-12-14 09:44:00,6.48,0.39,6.87,debit
1312,233,1911,13,2022-12-14 12:59:00,4.5,0.27,4.77,debit
1313,126,1912,14,2022-12-14 12:40:00,5.5,0.33,5.83,credit
1314,237,1914,14,2022-12-15 12:59:00,4.5,0.27,4.77,credit
1315,121,1915,2,2022-12-15 12:43:00,4.0,0.24,4.24,credit
1316,103,1916,11,2022-12-15 11:30:00,7.44,0.45,7.89,credit
1317,198,1917,13,2022-12-15 12:59:00,6.0,0.36,6.36,credit
1318,165,1918,14,2022-12-15 11:29:00,15.0,0.9,15.9,credit
1319,121,1920,12,2022-12-15 09:59:00,7.0,0.42,7.42,mobile
1320,126,1921,6,2022-12-15 11:57:00,5.5,0.33,5.83,credit
1321,101,1922,7,2022-12-15 12:22:00,8.0,0.48,8.48,mobile
1322,2,1923,1,2022-12-15 14:28:00,4.75,0.28,5.03,credit
1323,73,1924,1,2022-12-16 16:41:00,4.0,0.24,4.24,debit
1324,148,1925,13,2022-12-16 16:15:00,16.0,0.96,16.96,mobile
1325,179,1928,11,2022-12-16 10:59:00,13.61,0.82,14.43,mobile
1326,97,1929,13,2022-12-16 15:37:00,16.5,0.99,17.49,mobile
1327,2,1930,2,2022-12-16 16:42:00,9.25,0.55,9.8,credit
1328,152,1931,11,2022-12-17 11:29:00,10.0,0.6,10.6,mobile
1329,10,1932,12,2022-12-17 11:19:00,6.85,0.41,7.26,credit
1330,233,1933,12,2022-12-17 16:44:00,6.0,0.36,6.36,mobile
1331,126,1936,5,2022-12-17 10:59:00,5.5,0.33,5.83,debit
1332,8,1937,4,2022-12-17 15:45:00,5.47,0.33,5.8,mobile
1333,4,1938,4,2022-12-17 10:43:00,10.56,0.63,11.19,debit
1334,35,1939,12,2022-12-17 11:21:00,5.0,0.3,5.3,mobile
1335,73,1941,14,2022-12-17 14:59:00,18.5,1.11,19.61,mobile
1336,1,1943,10,2022-12-17 16:16:00,11.0,0.66,11.66,credit
1337,8,1946,6,2022-12-17 16:21:00,4.97,0.3,5.27,debit
1338,165,1947,1,2022-12-17 14:43:00,6.0,0.36,6.36,mobile
1339,234,1948,5,2022-12-17 16:31:00,30.3,1.82,32.12,mobile
1340,1,1950,10,2022-12-18 15:27:00,14.5,0.87,15.37,mobile
1341,67,1951,2,2022-12-18 16:48:00,12.0,0.72,12.72,mobile
1342,237,1952,13,2022-12-18 12:46:00,5.5,0.33,5.83,credit
1343,165,1953,12,2022-12-18 09:49:00,5.5,0.33,5.83,debit
1344,179,1954,5,2022-12-18 09:59:00,5.11,0.31,5.42,credit
1345,197,1955,4,2022-12-18 15:59:00,31.0,1.86,32.86,credit
1346,120,1956,2,2022-12-18 12:58:00,11.59,0.7,12.29,credit
1347,4,1957,1,2022-12-18 11:24:00,6.06,0.36,6.42,mobile
1348,237,1958,5,2022-12-18 15:37:00,22.5,1.35,23.85,credit
1349,231,1959,3,2022-12-18 12:14:00,23.5,1.41,24.91,credit
1350,231,1960,5,2022-12-19 12:23:00,3.5,0.21,3.71,mobile
1351,126,1962,10,2022-12-19 12:59:00,38.5,2.31,40.81,debit
1352,239,1964,4,2022-12-19 16:46:00,5.5,0.33,5.83,credit
1353,103,1965,12,2022-12-19 16:46:00,5.44,0.33,5.77,credit
1354,237,1967,2,2022-12-19 12:34:00,20.0,1.2,21.2,mobile
1355,14,1968,4,2022-12-20 16:34:00,24.33,1.46,25.79,credit
1356,165,1969,7,2022-12-20 14:55:00,5.0,0.3,5.3,credit
1357,1,1970,1,2022-12-20 10:40:00,4.5,0.27,4.77,mobile
1358,237,1971,5,2022-12-20 16:41:00,23.0,1.38,24.38,mobile
1359,165,1972,14,2022-12-20 12:47:00,35.0,2.1,37.1,credit
1360,121,1974,3,2022-12-20 12:40:00,5.5,0.33,5.83,debit
1361,14,1975,11,2022-12-20 10:59:00,39.83,2.39,42.22,debit
1362,9,1977,1,2022-12-21 10:59:00,8.5,0.51,9.01,credit
1363,186,1978,12,2022-12-21 16:32:00,9.5,0.57,10.07,debit
1364,3,1981,7,2022-12-21 16:51:00,8.0,0.48,8.48,credit
1365,165,1983,10,2022-12-21 14:17:00,26.0,1.56,27.56,credit
1366,1,1984,10,2022-12-21 12:43:00,9.0,0.54,9.54,mobile
1367,232,1986,12,2022-12-21 12:59:00,8.98,0.54,9.52,credit
1368,101,1988,13,2022-12-21 14:54:00,19.5,1.17,20.67,mobile
1369,1,1989,11,2022-12-21 15:58:00,20.5,1.23,21.73,credit
1370,165,1990,2,2022-12-22 10:56:00,4.0,0.24,4.24,mobile
1371,179,1992,3,2022-12-22 10:59:00,5.61,0.34,5.95,mobile
1372,165,1993,3,2022-12-22 11:59:00,3.5,0.21,3.71,credit
1373,1,1996,6,2022-12-22 16:24:00,12.0,0.72,12.72,mobile
1374,8,1997,11,2022-12-22 09:15:00,11.97,0.72,12.69,credit
1375,101,1998,12,2022-12-22 14:25:00,5.0,0.3,5.3,credit
1376,165,1999,4,2022-12-22 12:59:00,14.5,0.87,15.37,debit
1377,7,2000,6,2022-12-22 12:41:00,3.5,0.21,3.71,debit
1378,186,2001,13,2022-12-23 16:59:00,9.0,0.54,9.54,credit
1379,2,2002,7,2022-12-23 15:43:00,7.25,0.43,7.68,debit
1380,2,2004,7,2022-12-23 16:56:00,4.25,0.26,4.51,credit
1381,231,2006,4,2022-12-23 13:59:00,7.5,0.45,7.95,mobile
1382,197,2007,4,2022-12-23 09:47:00,9.0,0.54,9.54,mobile
1383,31,2008,14,2022-12-23 12:24:00,26.5,1.59,28.09,credit
1384,5,2010,3,2022-12-23 12:37:00,17.0,1.02,18.02,credit
1385,8,2011,6,2022-12-24 16:58:00,11.97,0.72,12.69,mobile
1386,3,2012,3,2022-12-24 11:42:00,3.5,0.21,3.71,credit
1387,179,2013,10,2022-12-24 11:33:00,16.11,0.97,17.08,mobile
1388,35,2015,6,2022-12-24 12:59:00,6.0,0.36,6.36,debit
1389,68,2018,2,2022-12-24 09:22:00,16.0,0.96,16.96,mobile
1390,165,2020,2,2022-12-24 12:27:00,20.0,1.2,21.2,credit
1391,98,2021,3,2022-12-24 14:59:00,4.0,0.24,4.24,mobile
1392,2,2022,13,2022-12-24 12:46:00,7.25,0.43,7.68,debit
1393,14,2023,6,2022-12-26 11:37:00,6.33,0.38,6.71,mobile
1394,201,2024,12,2022-12-26 12:14:00,19.5,1.17,20.67,credit
1395,204,2025,3,2022-12-26 13:11:00,36.5,2.19,38.69,debit
1396,73,2026,5,2022-12-26 13:27:00,11.5,0.69,12.19,debit
1397,120,2027,11,2022-12-26 14:59:00,8.59,0.52,9.11,credit
1398,103,2029,2,2022-12-26 12:57:00,5.44,0.33,5.77,credit
1399,8,2030,14,2022-12-26 15:59:00,5.47,0.33,5.8,mobile
1400,14,2031,12,2022-12-26 16:59:00,12.83,0.77,13.6,credit
1401,178,2032,2,2022-12-26 12:55:00,6.0,0.36,6.36,mobile
1402,171,2034,13,2022-12-26 14:58:00,16.0,0.96,16.96,credit
1403,3,2035,7,2022-12-26 09:59:00,4.5,0.27,4.77,credit
1404,2,2036,6,2022-12-26 12:50:00,7.25,0.43,7.68,mobile
1405,165,2037,12,2022-12-27 16:28:00,5.5,0.33,5.83,debit
1406,179,2038,4,2022-12-27 09:59:00,6.61,0.4,7.01,mobile
1407,4,2041,5,2022-12-27 13:44:00,39.56,2.37,41.93,credit
1408,6,2042,12,2022-12-27 15:15:00,4.0,0.24,4.24,credit
1409,197,2043,13,2022-12-27 13:59:00,4.0,0.24,4.24,mobile
1410,1,2044,5,2022-12-27 10:59:00,12.0,0.72,12.72,credit
1411,2,2045,10,2022-12-27 13:40:00,10.25,0.61,10.86,credit
1412,1,2046,4,2022-12-28 10:59:00,9.0,0.54,9.54,mobile
1413,237,2047,5,2022-12-28 14:59:00,15.0,0.9,15.9,credit
1414,8,2048,10,2022-12-28 13:59:00,25.97,1.56,27.53,mobile
1415,8,2049,2,2022-12-28 13:34:00,4.47,0.27,4.74,credit
1416,11,2050,1,2022-12-28 12:33:00,5.5,0.33,5.83,mobile
1417,126,2051,11,2022-12-28 09:43:00,5.5,0.33,5.83,debit
1418,2,2052,11,2022-12-28 10:55:00,7.25,0.43,7.68,credit
1419,152,2054,11,2022-12-28 16:59:00,27.0,1.62,28.62,mobile
1420,233,2055,3,2022-12-29 10:54:00,4.5,0.27,4.77,credit
1421,98,2056,13,2022-12-29 12:52:00,7.0,0.42,7.42,mobile
1422,6,2057,4,2022-12-29 11:58:00,8.0,0.48,8.48,credit
1423,98,2060,2,2022-12-29 10:48:00,9.5,0.57,10.07,debit
1424,98,2061,5,2022-12-29 09:59:00,22.0,1.32,23.32,mobile
1425,4,2063,13,2022-12-29 09:31:00,11.06,0.66,11.72,credit
1426,232,2064,5,2022-12-30 12:59:00,4.48,0.27,4.75,credit
1427,121,2065,13,2022-12-30 11:57:00,9.0,0.54,9.54,debit
1428,234,2066,4,2022-12-30 13:38:00,22.3,1.34,23.64,credit
1429,97,2067,4,2022-12-30 16:43:00,4.0,0.24,4.24,mobile
1430,232,2068,13,2022-12-30 11:59:00,5.48,0.33,5.81,credit
1431,73,2069,6,2022-12-30 12:57:00,33.5,2.01,35.51,credit
1432,11,2071,7,2022-12-30 16:29:00,6.0,0.36,6.36,credit
1433,98,2072,3,2022-12-30 11:25:00,26.0,1.56,27.56,debit
1434,149,2073,6,2022-12-30 10:31:00,4.02,0.24,4.26,credit
1435,2,2074,4,2022-12-31 15:28:00,22.75,1.36,24.11,mobile
1436,1,2076,7,2022-12-31 15:30:00,14.0,0.84,14.84,credit
1437,12,2077,1,2022-12-31 14:21:00,11.0,0.66,11.66,debit
1438,82,2078,5,2022-12-31 09:43:00,4.0,0.24,4.24,mobile
1439,12,2079,14,2022-12-31 12:16:00,24.5,1.47,25.97,credit
1440,165,2081,13,2022-12-31 09:41:00,12.0,0.72,12.72,credit
1441,165,2082,10,2022-12-31 12:59:00,5.5,0.33,5.83,credit
1442,165,2086,12,2023-01-02 12:26:00,11.0,0.66,11.66,credit
1443,8,2089,2,2023-01-02 12:34:00,18.97,1.14,20.11,credit
1444,165,2090,3,2023-01-02 10:12:00,3.5,0.21,3.71,mobile
1445,52,2092,3,2023-01-02 13:26:00,10.0,0.6,10.6,credit
1446,1,2093,5,2023-01-02 09:58:00,9.5,0.57,10.07,debit
1447,2,2094,13,2023-01-02 12:41:00,4.25,0.26,4.51,credit
1448,165,2095,7,2023-01-03 10:43:00,19.0,1.14,20.14,mobile
1449,4,2096,12,2023-01-03 11:30:00,7.06,0.42,7.48,credit
1450,233,2097,14,2023-01-03 14:42:00,8.0,0.48,8.48,mobile
1451,88,2098,10,2023-01-03 11:16:00,4.5,0.27,4.77,credit
1452,1,2099,6,2023-01-03 12:59:00,3.5,0.21,3.71,mobile
1453,165,2100,2,2023-01-03 12:19:00,28.5,1.71,30.21,mobile
1454,232,2101,3,2023-01-03 09:59:00,6.98,0.42,7.4,credit
1455,10,2104,3,2023-01-04 11:35:00,4.85,0.29,5.14,credit
1456,103,2105,11,2023-01-04 15:40:00,15.44,0.93,16.37,debit
1457,237,2106,7,2023-01-04 09:59:00,8.0,0.48,8.48,credit
1458,2,2107,3,2023-01-04 15:55:00,5.25,0.32,5.57,credit
1459,198,2108,11,2023-01-04 14:55:00,4.5,0.27,4.77,credit
1460,9,2109,6,2023-01-04 12:41:00,15.5,0.93,16.43,credit
1461,233,2110,1,2023-01-04 11:59:00,6.0,0.36,6.36,mobile
1462,237,2111,4,2023-01-04 13:42:00,4.0,0.24,4.24,mobile
1463,31,2112,13,2023-01-05 09:44:00,20.5,1.23,21.73,credit
1464,45,2113,3,2023-01-05 16:28:00,5.5,0.33,5.83,credit
1465,232,2114,14,2023-01-05 09:59:00,6.98,0.42,7.4,debit
1466,165,2116,2,2023-01-05 15:44:00,4.0,0.24,4.24,mobile
1467,52,2118,14,2023-01-05 12:32:00,20.5,1.23,21.73,credit
1468,67,2119,6,2023-01-05 09:42:00,31.0,1.86,32.86,mobile
1469,68,2123,1,2023-01-06 14:11:00,3.5,0.21,3.71,debit
1470,2,2125,4,2023-01-06 09:59:00,13.75,0.82,14.57,debit
1471,165,2127,10,2023-01-06 13:25:00,4.5,0.27,4.77,debit
1472,231,2132,10,2023-01-07 15:59:00,22.0,1.32,23.32,credit
1473,165,2133,4,2023-01-07 16:15:00,5.5,0.33,5.83,credit
1474,39,2134,1,2023-01-07 13:37:00,4.0,0.24,4.24,credit
1475,31,2135,5,2023-01-07 12:42:00,11.5,0.69,12.19,credit
1476,2,2137,6,2023-01-07 15:11:00,5.75,0.34,6.09,credit
1477,13,2138,6,2023-01-08 12:23:00,8.0,0.48,8.48,credit
1478,12,2139,3,2023-01-08 14:30:00,24.5,1.47,25.97,mobile
1479,63,2140,4,2023-01-08 16:20:00,4.0,0.24,4.24,credit
1480,121,2142,10,2023-01-08 09:14:00,11.5,0.69,12.19,mobile
1481,4,2143,2,2023-01-08 13:59:00,38.56,2.31,40.87,credit
1482,121,2145,13,2023-01-08 10:44:00,3.0,0.18,3.18,credit
1483,201,2146,7,2023-01-08 14:30:00,8.0,0.48,8.48,credit
1484,2,2147,14,2023-01-08 15:26:00,9.25,0.55,9.8,mobile
1485,4,2148,4,2023-01-08 16:59:00,15.06,0.9,15.96,credit
1486,233,2149,3,2023-01-08 12:59:00,10.0,0.6,10.6,mobile
1487,201,2150,1,2023-01-08 13:27:00,15.5,0.93,16.43,debit
1488,103,2151,7,2023-01-08 13:48:00,7.44,0.45,7.89,mobile
1489,9,2152,1,2023-01-08 09:59:00,4.5,0.27,4.77,mobile
1490,9,2153,5,2023-01-08 11:45:00,8.0,0.48,8.48,credit
1491,214,2154,3,2023-01-08 15:39:00,11.5,0.69,12.19,mobile
1492,5,2156,14,2023-01-09 16:17:00,8.0,0.48,8.48,mobile
1493,52,2157,14,2023-01-09 11:28:00,4.0,0.24,4.24,mobile
1494,2,2158,4,2023-01-09 14:37:00,19.75,1.19,20.94,credit
1495,67,2159,11,2023-01-09 13:59:00,20.5,1.23,21.73,debit
1496,4,2160,4,2023-01-09 14:36:00,5.06,0.3,5.36,credit
1497,237,2161,13,2023-01-09 13:59:00,3.5,0.21,3.71,credit
1498,2,2162,3,2023-01-10 10:59:00,6.75,0.4,7.15,mobile
1499,3,2163,10,2023-01-10 09:32:00,8.0,0.48,8.48,mobile
1500,63,2164,1,2023-01-10 09:19:00,4.0,0.24,4.24,credit
1501,3,2165,3,2023-01-10 14:55:00,9.5,0.57,10.07,mobile
1502,121,2166,12,2023-01-10 09:47:00,12.0,0.72,12.72,credit
1503,8,2167,2,2023-01-10 11:28:00,18.97,1.14,20.11,mobile
1504,35,2168,4,2023-01-10 11:11:00,5.0,0.3,5.3,credit
1505,231,2170,2,2023-01-11 10:41:00,6.0,0.36,6.36,mobile
1506,232,2174,13,2023-01-11 10:59:00,23.48,1.41,24.89,mobile
1507,171,2175,6,2023-01-12 14:59:00,3.0,0.18,3.18,credit
1508,201,2176,4,2023-01-12 14:55:00,25.0,1.5,26.5,credit
1509,237,2179,12,2023-01-12 15:51:00,6.0,0.36,6.36,credit
1510,237,2180,11,2023-01-12 11:56:00,40.5,2.43,42.93,mobile
1511,2,2181,4,2023-01-12 13:29:00,4.25,0.26,4.51,credit
1512,39,2182,10,2023-01-12 13:57:00,10.0,0.6,10.6,mobile
1513,165,2183,11,2023-01-13 16:34:00,7.5,0.45,7.95,credit
1514,206,2185,13,2023-01-13 13:42:00,7.15,0.43,7.58,credit
1515,103,2186,14,2023-01-13 15:57:00,12.44,0.75,13.19,credit
1516,179,2187,4,2023-01-14 10:10:00,5.61,0.34,5.95,mobile
1517,67,2188,1,2023-01-14 13:59:00,24.0,1.44,25.44,credit
1518,52,2189,7,2023-01-14 15:43:00,52.0,3.12,55.12,mobile
1519,179,2190,7,2023-01-14 14:14:00,13.61,0.82,14.43,credit
1520,2,2192,2,2023-01-14 13:59:00,14.25,0.85,15.1,credit
1521,79,2193,1,2023-01-14 15:29:00,29.0,1.74,30.74,credit
1522,2,2194,12,2023-01-14 14:17:00,9.75,0.58,10.33,credit
1523,186,2195,3,2023-01-14 12:34:00,8.0,0.48,8.48,credit
1524,2,2196,4,2023-01-14 16:39:00,32.25,1.93,34.18,debit
1525,73,2197,2,2023-01-14 15:14:00,24.5,1.47,25.97,mobile
1526,63,2198,5,2023-01-14 15:20:00,4.0,0.24,4.24,credit
1527,8,2199,10,2023-01-15 15:26:00,10.97,0.66,11.63,credit
1528,98,2200,7,2023-01-15 11:15:00,12.0,0.72,12.72,credit
1529,73,2201,10,2023-01-15 13:14:00,24.0,1.44,25.44,credit
1530,5,2202,1,2023-01-15 10:45:00,11.0,0.66,11.66,debit
1531,5,2204,12,2023-01-15 11:43:00,4.5,0.27,4.77,credit
1532,2,2205,13,2023-01-15 13:56:00,4.25,0.26,4.51,credit
1533,68,2206,10,2023-01-15 16:59:00,4.0,0.24,4.24,mobile
1534,179,2207,7,2023-01-15 16:29:00,7.11,0.43,7.54,mobile
1535,196,2208,5,2023-01-15 11:33:00,9.0,0.54,9.54,credit
1536,2,2209,1,2023-01-15 13:59:00,6.75,0.4,7.15,credit
1537,3,2210,11,2023-01-15 16:59:00,21.0,1.26,22.26,debit
1538,213,2212,7,2023-01-16 09:21:00,5.0,0.3,5.3,mobile
1539,3,2213,13,2023-01-16 15:27:00,5.0,0.3,5.3,credit
1540,4,2214,12,2023-01-16 10:30:00,34.06,2.04,36.1,mobile
1541,5,2215,3,2023-01-16 10:33:00,3.0,0.18,3.18,mobile
1542,8,2216,2,2023-01-16 16:18:00,9.97,0.6,10.57,credit
1543,2,2220,6,2023-01-17 10:57:00,4.75,0.28,5.03,mobile
1544,1,2221,2,2023-01-17 15:52:00,3.5,0.21,3.71,credit
1545,8,2223,14,2023-01-17 16:46:00,4.97,0.3,5.27,credit
1546,165,2226,4,2023-01-17 15:25:00,28.0,1.68,29.68,credit
1547,237,2227,12,2023-01-17 12:30:00,23.5,1.41,24.91,mobile
1548,14,2228,12,2023-01-17 09:16:00,6.83,0.41,7.24,credit
1549,2,2230,2,2023-01-18 15:15:00,5.25,0.32,5.57,debit
1550,128,2231,3,2023-01-18 16:57:00,10.48,0.63,11.11,credit
1551,148,2232,13,2023-01-18 12:30:00,4.5,0.27,4.77,credit
1552,98,2233,12,2023-01-18 13:55:00,19.0,1.14,20.14,credit
1553,237,2234,6,2023-01-18 09:30:00,3.5,0.21,3.71,debit
1554,39,2235,12,2023-01-18 09:11:00,4.5,0.27,4.77,mobile
1555,5,2236,2,2023-01-18 11:20:00,26.5,1.59,28.09,credit
1556,8,2237,3,2023-01-18 15:29:00,3.97,0.24,4.21,mobile
1557,17,2238,11,2023-01-19 12:58:00,3.0,0.18,3.18,debit
1558,103,2240,6,2023-01-19 09:43:00,11.44,0.69,12.13,mobile
1559,232,2243,14,2023-01-19 10:59:00,3.98,0.24,4.22,credit
1560,237,2244,2,2023-01-19 10:59:00,4.0,0.24,4.24,mobile
1561,126,2245,1,2023-01-20 10:48:00,13.5,0.81,14.31,credit
1562,191,2246,5,2023-01-20 12:24:00,7.94,0.48,8.42,debit
1563,82,2248,13,2023-01-20 15:40:00,4.0,0.24,4.24,mobile
1564,148,2251,7,2023-01-20 15:44:00,20.0,1.2,21.2,debit
1565,165,2252,6,2023-01-20 09:59:00,10.5,0.63,11.13,debit
1566,4,2254,11,2023-01-20 13:59:00,7.06,0.42,7.48,credit
1567,97,2255,11,2023-01-21 15:59:00,17.0,1.02,18.02,credit
1568,233,2256,13,2023-01-21 13:26:00,5.5,0.33,5.83,credit
1569,191,2258,2,2023-01-21 16:45:00,6.44,0.39,6.83,debit
1570,126,2259,1,2023-01-21 16:23:00,15.5,0.93,16.43,debit
1571,15,2261,3,2023-01-21 15:59:00,36.5,2.19,38.69,mobile
1572,237,2262,2,2023-01-21 10:58:00,6.0,0.36,6.36,mobile
1573,103,2263,13,2023-01-21 12:35:00,8.44,0.51,8.95,credit
1574,2,2264,5,2023-01-21 12:58:00,9.25,0.55,9.8,debit
1575,196,2265,3,2023-01-22 11:26:00,42.0,2.52,44.52,credit
1576,198,2266,14,2023-01-22 10:59:00,3.5,0.21,3.71,credit
1577,73,2267,7,2023-01-22 11:11:00,13.5,0.81,14.31,debit
1578,218,2270,10,2023-01-22 15:33:00,6.0,0.36,6.36,credit
1579,3,2272,4,2023-01-22 09:23:00,4.5,0.27,4.77,credit
1580,232,2273,3,2023-01-22 12:47:00,16.98,1.02,18.0,mobile
1581,154,2274,10,2023-01-22 15:35:00,13.5,0.81,14.31,credit
1582,218,2276,4,2023-01-23 14:37:00,27.0,1.62,28.62,debit
1583,233,2277,11,2023-01-23 12:36:00,6.0,0.36,6.36,credit
1584,218,2280,7,2023-01-23 15:56:00,18.0,1.08,19.08,mobile
1585,17,2282,4,2023-01-23 14:15:00,13.5,0.81,14.31,credit
1586,5,2283,6,2023-01-23 12:51:00,12.0,0.72,12.72,credit
1587,218,2284,10,2023-01-23 15:56:00,5.5,0.33,5.83,mobile
1588,67,2285,5,2023-01-24 15:50:00,16.0,0.96,16.96,credit
1589,3,2287,5,2023-01-24 15:59:00,11.0,0.66,11.66,credit
1590,172,2288,1,2023-01-24 11:44:00,9.0,0.54,9.54,credit
1591,172,2289,14,2023-01-24 15:27:00,4.5,0.27,4.77,credit
1592,237,2290,14,2023-01-24 14:29:00,4.0,0.24,4.24,credit
1593,186,2292,3,2023-01-24 15:36:00,18.5,1.11,19.61,credit
1594,4,2293,6,2023-01-25 15:55:00,4.56,0.27,4.83,mobile
1595,198,2294,3,2023-01-25 10:33:00,4.0,0.24,4.24,credit
1596,7,2295,3,2023-01-25 15:59:00,6.0,0.36,6.36,mobile
1597,120,2296,5,2023-01-25 16:17:00,6.09,0.37,6.46,mobile
1598,172,2297,13,2023-01-26 14:58:00,29.5,1.77,31.27,debit
1599,88,2301,3,2023-01-26 15:54:00,3.5,0.21,3.71,debit
1600,68,2302,11,2023-01-26 10:55:00,25.5,1.53,27.03,mobile
1601,47,2303,12,2023-01-27 14:59:00,5.0,0.3,5.3,debit
1602,98,2304,3,2023-01-27 15:34:00,22.5,1.35,23.85,mobile
1603,11,2305,14,2023-01-27 16:59:00,7.0,0.42,7.42,debit
1604,4,2306,13,2023-01-27 10:42:00,7.06,0.42,7.48,mobile
1605,3,2308,3,2023-01-28 09:51:00,10.0,0.6,10.6,credit
1606,232,2309,5,2023-01-28 16:36:00,6.48,0.39,6.87,credit
1607,11,2310,3,2023-01-28 14:59:00,3.5,0.21,3.71,credit
1608,248,2311,13,2023-01-28 11:17:00,5.5,0.33,5.83,debit
1609,243,2313,1,2023-01-28 09:59:00,24.5,1.47,25.97,mobile
1610,73,2314,14,2023-01-28 09:59:00,5.0,0.3,5.3,mobile
1611,52,2316,2,2023-01-28 12:59:00,3.0,0.18,3.18,mobile
1612,98,2317,10,2023-01-28 12:59:00,13.5,0.81,14.31,debit
1613,116,2318,3,2023-01-28 11:27:00,14.0,0.84,14.84,mobile
1614,196,2319,3,2023-01-28 16:27:00,10.0,0.6,10.6,credit
1615,156,2320,2,2023-01-28 12:18:00,3.0,0.18,3.18,mobile
1616,10,2321,4,2023-01-28 10:15:00,22.85,1.37,24.22,credit
1617,218,2322,11,2023-01-28 11:30:00,12.5,0.75,13.25,debit
1618,82,2323,14,2023-01-28 15:42:00,38.0,2.28,40.28,credit
1619,186,2324,11,2023-01-28 12:34:00,6.0,0.36,6.36,credit
1620,232,2325,11,2023-01-28 10:59:00,4.98,0.3,5.28,credit
1621,15,2326,3,2023-01-29 14:59:00,26.5,1.59,28.09,mobile
1622,39,2327,6,2023-01-29 12:10:00,3.5,0.21,3.71,mobile
1623,154,2328,7,2023-01-29 13:26:00,23.5,1.41,24.91,credit
1624,237,2329,10,2023-01-29 13:59:00,3.5,0.21,3.71,credit
1625,3,2330,2,2023-01-29 11:14:00,3.5,0.21,3.71,credit
1626,3,2331,10,2023-01-29 14:24:00,4.0,0.24,4.24,credit
1627,2,2334,6,2023-01-29 14:59:00,16.25,0.97,17.22,mobile
1628,73,2335,4,2023-01-29 12:24:00,3.5,0.21,3.71,debit
1629,1,2336,5,2023-01-29 10:35:00,4.0,0.24,4.24,mobile
1630,126,2337,7,2023-01-29 10:59:00,21.0,1.26,22.26,credit
1631,3,2338,1,2023-01-29 10:59:00,30.0,1.8,31.8,credit
1632,237,2341,10,2023-01-30 14:19:00,4.0,0.24,4.24,credit
1633,52,2342,10,2023-01-30 16:29:00,5.5,0.33,5.83,debit
1634,47,2343,12,2023-01-30 14:53:00,11.0,0.66,11.66,credit
1635,7,2344,10,2023-01-30 10:15:00,8.5,0.51,9.01,credit
1636,73,2345,11,2023-01-30 14:10:00,8.0,0.48,8.48,credit
1637,2,2346,3,2023-01-30 15:58:00,19.75,1.19,20.94,debit
1638,2,2347,10,2023-01-30 14:35:00,25.75,1.54,27.29,credit
1639,5,2348,3,2023-01-30 15:59:00,3.5,0.21,3.71,mobile
1640,1,2350,11,2023-01-31 15:55:00,4.5,0.27,4.77,debit
1641,8,2351,14,2023-01-31 09:57:00,4.47,0.27,4.74,credit
1642,248,2352,10,2023-01-31 09:17:00,13.0,0.78,13.78,debit
1643,8,2353,2,2023-01-31 14:55:00,4.97,0.3,5.27,credit
1644,98,2354,12,2023-01-31 09:46:00,5.5,0.33,5.83,credit
1645,4,2355,7,2023-01-31 12:41:00,12.06,0.72,12.78,debit
1646,98,2358,11,2023-02-01 12:29:00,4.0,0.24,4.24,credit
1647,233,2359,11,2023-02-01 16:22:00,7.0,0.42,7.42,mobile
1648,3,2360,10,2023-02-01 10:59:00,41.0,2.46,43.46,debit
1649,9,2363,5,2023-02-01 10:56:00,8.0,0.48,8.48,credit
1650,1,2364,11,2023-02-01 10:59:00,29.5,1.77,31.27,credit
1651,160,2365,12,2023-02-01 13:30:00,30.0,1.8,31.8,credit
1652,98,2366,6,2023-02-01 16:42:00,20.0,1.2,21.2,credit
1653,68,2367,3,2023-02-01 16:28:00,4.5,0.27,4.77,mobile
1654,2,2368,5,2023-02-01 12:59:00,10.25,0.61,10.86,mobile
1655,10,2369,2,2023-02-02 16:59:00,6.85,0.41,7.26,credit
1656,98,2370,2,2023-02-02 14:44:00,29.5,1.77,31.27,credit
1657,198,2371,14,2023-02-02 16:52:00,3.0,0.18,3.18,debit
1658,165,2372,11,2023-02-02 10:45:00,9.0,0.54,9.54,credit
1659,154,2373,14,2023-02-02 14:31:00,5.5,0.33,5.83,credit
1660,82,2374,13,2023-02-02 11:21:00,30.5,1.83,32.33,mobile
1661,179,2375,12,2023-02-02 09:44:00,6.11,0.37,6.48,debit
1662,71,2378,10,2023-02-02 12:59:00,8.0,0.48,8.48,credit
1663,237,2379,10,2023-02-02 11:59:00,18.0,1.08,19.08,credit
1664,179,2380,12,2023-02-02 15:48:00,9.11,0.55,9.66,credit
1665,35,2381,3,2023-02-02 11:18:00,21.0,1.26,22.26,debit
1666,165,2383,1,2023-02-02 16:29:00,5.5,0.33,5.83,mobile
1667,148,2384,11,2023-02-02 16:59:00,6.0,0.36,6.36,credit
1668,73,2385,12,2023-02-02 16:55:00,10.0,0.6,10.6,mobile
1669,214,2386,11,2023-02-02 14:33:00,15.5,0.93,16.43,mobile
1670,7,2387,7,2023-02-03 09:42:00,8.0,0.48,8.48,mobile
1671,98,2388,5,2023-02-03 14:33:00,6.0,0.36,6.36,credit
1672,1,2389,7,2023-02-03 12:19:00,3.5,0.21,3.71,credit
1673,5,2394,2,2023-02-03 11:59:00,22.0,1.32,23.32,credit
1674,179,2395,2,2023-02-03 15:57:00,6.61,0.4,7.01,mobile
1675,68,2396,11,2023-02-03 11:41:00,4.0,0.24,4.24,mobile
1676,172,2397,5,2023-02-03 14:24:00,65.5,3.93,69.43,credit
1677,35,2398,14,2023-02-03 12:39:00,5.5,0.33,5.83,credit
1678,73,2399,6,2023-02-03 15:56:00,4.5,0.27,4.77,credit
1679,206,2400,12,2023-02-04 15:49:00,9.65,0.58,10.23,credit
1680,231,2402,10,2023-02-04 11:46:00,11.0,0.66,11.66,credit
1681,63,2403,11,2023-02-04 10:25:00,30.0,1.8,31.8,credit
1682,197,2404,2,2023-02-04 12:59:00,8.0,0.48,8.48,debit
1683,103,2405,4,2023-02-04 10:38:00,28.94,1.74,30.68,debit
1684,165,2407,6,2023-02-04 11:30:00,8.0,0.48,8.48,mobile
1685,103,2408,10,2023-02-04 12:29:00,7.44,0.45,7.89,credit
1686,7,2409,1,2023-02-04 14:27:00,30.0,1.8,31.8,credit
1687,232,2411,5,2023-02-04 13:41:00,22.98,1.38,24.36,credit
1688,186,2412,12,2023-02-04 15:55:00,5.5,0.33,5.83,credit
1689,160,2413,4,2023-02-04 15:44:00,9.0,0.54,9.54,credit
1690,14,2414,4,2023-02-04 14:55:00,11.83,0.71,12.54,debit
1691,98,2416,14,2023-02-05 11:59:00,35.0,2.1,37.1,debit
1692,126,2417,2,2023-02-05 14:58:00,27.0,1.62,28.62,debit
1693,2,2418,3,2023-02-05 10:59:00,6.75,0.4,7.15,mobile
1694,5,2419,5,2023-02-05 10:45:00,15.0,0.9,15.9,credit
1695,232,2420,12,2023-02-05 09:59:00,8.48,0.51,8.99,debit
1696,52,2421,7,2023-02-05 12:59:00,4.5,0.27,4.77,mobile
1697,5,2422,13,2023-02-05 15:36:00,3.0,0.18,3.18,mobile
1698,165,2423,12,2023-02-05 14:18:00,3.5,0.21,3.71,credit
1699,2,2424,10,2023-02-05 15:56:00,4.75,0.28,5.03,mobile
1700,160,2425,1,2023-02-05 13:58:00,6.0,0.36,6.36,mobile
1701,237,2426,13,2023-02-06 15:30:00,9.0,0.54,9.54,mobile
1702,236,2427,14,2023-02-06 16:56:00,5.5,0.33,5.83,credit
1703,237,2428,1,2023-02-06 16:52:00,4.0,0.24,4.24,credit
1704,243,2429,14,2023-02-06 13:53:00,3.5,0.21,3.71,mobile
1705,179,2430,4,2023-02-06 16:24:00,5.61,0.34,5.95,mobile
1706,10,2431,7,2023-02-06 15:45:00,6.35,0.38,6.73,mobile
1707,165,2432,4,2023-02-06 16:21:00,11.0,0.66,11.66,mobile
1708,165,2433,3,2023-02-06 14:47:00,3.0,0.18,3.18,mobile
1709,196,2436,11,2023-02-07 10:58:00,24.5,1.47,25.97,debit
1710,165,2437,5,2023-02-07 12:59:00,13.5,0.81,14.31,credit
1711,2,2438,4,2023-02-07 14:44:00,23.25,1.4,24.65,credit
1712,35,2441,13,2023-02-07 09:59:00,20.0,1.2,21.2,credit
1713,232,2442,7,2023-02-07 09:53:00,8.98,0.54,9.52,debit
1714,172,2443,6,2023-02-07 13:43:00,4.0,0.24,4.24,credit
1715,35,2444,2,2023-02-08 15:56:00,6.0,0.36,6.36,credit
1716,4,2445,5,2023-02-08 14:41:00,13.56,0.81,14.37,credit
1717,71,2446,11,2023-02-08 13:59:00,3.5,0.21,3.71,debit
1718,39,2447,6,2023-02-08 09:40:00,27.0,1.62,28.62,credit
1719,3,2448,10,2023-02-08 14:20:00,4.5,0.27,4.77,mobile
1720,121,2449,6,2023-02-08 14:41:00,6.0,0.36,6.36,debit
1721,47,2450,6,2023-02-08 09:31:00,4.5,0.27,4.77,credit
1722,243,2452,5,2023-02-08 10:59:00,9.5,0.57,10.07,credit
1723,234,2453,6,2023-02-09 12:23:00,4.8,0.29,5.09,mobile
1724,4,2455,11,2023-02-09 09:14:00,8.06,0.48,8.54,mobile
1725,73,2459,6,2023-02-09 11:40:00,21.0,1.26,22.26,debit
1726,191,2460,1,2023-02-09 13:59:00,8.94,0.54,9.48,credit
1727,1,2461,6,2023-02-09 13:36:00,13.5,0.81,14.31,mobile
1728,2,2462,7,2023-02-10 13:59:00,6.75,0.4,7.15,mobile
1729,160,2466,7,2023-02-10 12:41:00,13.0,0.78,13.78,mobile
1730,1,2467,4,2023-02-10 10:25:00,10.0,0.6,10.6,credit
1731,103,2468,12,2023-02-11 13:59:00,7.44,0.45,7.89,credit
1732,179,2470,14,2023-02-11 14:26:00,4.61,0.28,4.89,credit
1733,143,2471,12,2023-02-11 11:59:00,7.0,0.42,7.42,credit
1734,18,2472,14,2023-02-11 15:59:00,12.77,0.77,13.54,debit
1735,3,2473,6,2023-02-11 09:25:00,19.5,1.17,20.67,credit
1736,10,2474,2,2023-02-11 14:18:00,4.85,0.29,5.14,credit
1737,1,2475,2,2023-02-11 09:59:00,6.0,0.36,6.36,mobile
1738,149,2476,4,2023-02-11 15:57:00,4.52,0.27,4.79,debit
1739,103,2477,1,2023-02-11 10:19:00,5.94,0.36,6.3,mobile
1740,73,2478,3,2023-02-11 09:59:00,8.0,0.48,8.48,debit
1741,31,2479,6,2023-02-11 09:45:00,25.0,1.5,26.5,credit
1742,43,2480,2,2023-02-11 15:41:00,7.5,0.45,7.95,credit
1743,120,2481,1,2023-02-12 16:53:00,5.09,0.31,5.4,credit
1744,200,2482,13,2023-02-12 09:38:00,3.0,0.18,3.18,mobile
1745,71,2483,6,2023-02-12 15:59:00,5.0,0.3,5.3,mobile
1746,194,2484,6,2023-02-12 09:59:00,4.5,0.27,4.77,credit
1747,10,2485,12,2023-02-12 15:49:00,22.35,1.34,23.69,mobile
1748,237,2487,3,2023-02-12 15:28:00,5.5,0.33,5.83,credit
1749,9,2490,10,2023-02-12 12:59:00,6.0,0.36,6.36,credit
1750,236,2491,6,2023-02-12 12:42:00,10.0,0.6,10.6,credit
1751,165,2492,11,2023-02-12 16:40:00,30.5,1.83,32.33,mobile
1752,237,2493,10,2023-02-12 10:25:00,5.5,0.33,5.83,debit
1753,165,2494,4,2023-02-13 14:59:00,9.5,0.57,10.07,mobile
1754,213,2495,5,2023-02-13 12:26:00,3.5,0.21,3.71,credit
1755,10,2496,14,2023-02-13 10:44:00,42.35,2.54,44.89,credit
1756,47,2497,2,2023-02-13 15:44:00,5.0,0.3,5.3,credit
1757,98,2498,3,2023-02-13 16:37:00,5.5,0.33,5.83,credit
1758,161,2499,3,2023-02-13 13:59:00,6.12,0.37,6.49,debit
1759,223,2500,7,2023-02-13 15:45:00,5.5,0.33,5.83,credit
1760,232,2501,2,2023-02-13 16:25:00,7.98,0.48,8.46,debit
1761,103,2502,10,2023-02-13 13:22:00,9.44,0.57,10.01,mobile
1762,13,2503,14,2023-02-14 13:59:00,8.0,0.48,8.48,mobile
1763,160,2504,12,2023-02-14 11:45:00,11.0,0.66,11.66,mobile
1764,4,2505,11,2023-02-14 10:26:00,5.06,0.3,5.36,credit
1765,208,2506,2,2023-02-14 16:29:00,14.05,0.84,14.89,debit
1766,198,2507,14,2023-02-14 12:26:00,6.0,0.36,6.36,credit
1767,120,2508,10,2023-02-14 14:28:00,36.09,2.17,38.26,credit
1768,165,2509,7,2023-02-14 13:18:00,9.5,0.57,10.07,mobile
1769,82,2510,6,2023-02-14 13:10:00,5.5,0.33,5.83,credit
1770,179,2511,5,2023-02-14 14:16:00,6.61,0.4,7.01,credit
1771,160,2512,5,2023-02-14 14:31:00,9.0,0.54,9.54,mobile
1772,196,2513,6,2023-02-14 14:29:00,20.0,1.2,21.2,credit
1773,15,2515,3,2023-02-14 11:29:00,4.5,0.27,4.77,mobile
1774,56,2516,7,2023-02-15 12:57:00,6.71,0.4,7.11,credit
1775,98,2517,13,2023-02-15 15:23:00,5.5,0.33,5.83,credit
1776,73,2518,2,2023-02-15 15:43:00,10.0,0.6,10.6,credit
1777,63,2519,1,2023-02-15 12:59:00,6.0,0.36,6.36,mobile
1778,179,2520,12,2023-02-15 09:51:00,25.11,1.51,26.62,debit
1779,5,2521,14,2023-02-16 16:35:00,3.5,0.21,3.71,credit
1780,148,2522,1,2023-02-16 16:51:00,22.5,1.35,23.85,credit
1781,103,2524,6,2023-02-16 16:26:00,12.44,0.75,13.19,mobile
1782,198,2526,14,2023-02-16 16:32:00,13.0,0.78,13.78,credit
1783,3,2528,3,2023-02-16 14:59:00,18.0,1.08,19.08,credit
1784,1,2529,11,2023-02-16 16:59:00,6.0,0.36,6.36,credit
1785,3,2531,7,2023-02-16 16:59:00,12.0,0.72,12.72,mobile
1786,165,2532,14,2023-02-17 13:59:00,27.5,1.65,29.15,mobile
1787,103,2533,10,2023-02-17 15:27:00,11.44,0.69,12.13,credit
1788,186,2534,4,2023-02-17 14:58:00,14.0,0.84,14.84,mobile
1789,82,2535,2,2023-02-17 12:59:00,3.5,0.21,3.71,debit
1790,179,2536,12,2023-02-17 12:10:00,4.61,0.28,4.89,mobile
1791,3,2537,6,2023-02-17 10:19:00,5.5,0.33,5.83,mobile
1792,2,2538,11,2023-02-17 13:33:00,5.25,0.32,5.57,debit
1793,128,2539,11,2023-02-17 11:45:00,14.98,0.9,15.88,debit
1794,71,2542,2,2023-02-18 09:23:00,32.0,1.92,33.92,debit
1795,7,2543,10,2023-02-18 11:32:00,8.0,0.48,8.48,mobile
1796,2,2544,10,2023-02-18 15:44:00,7.25,0.43,7.68,mobile
1797,4,2545,4,2023-02-18 15:23:00,24.56,1.47,26.03,debit
1798,179,2546,12,2023-02-18 11:59:00,8.11,0.49,8.6,debit
1799,13,2547,12,2023-02-18 14:13:00,4.5,0.27,4.77,mobile
1800,52,2551,4,2023-02-18 09:22:00,28.0,1.68,29.68,credit
1801,233,2553,12,2023-02-18 09:27:00,4.0,0.24,4.24,credit
1802,14,2554,10,2023-02-18 13:45:00,9.83,0.59,10.42,mobile
1803,73,2555,1,2023-02-18 13:32:00,18.5,1.11,19.61,debit
1804,243,2557,1,2023-02-19 11:20:00,7.0,0.42,7.42,debit
1805,3,2558,4,2023-02-19 13:59:00,5.5,0.33,5.83,credit
1806,204,2560,10,2023-02-19 15:36:00,15.0,0.9,15.9,mobile
1807,120,2561,2,2023-02-19 14:28:00,8.59,0.52,9.11,mobile
1808,120,2562,1,2023-02-19 13:59:00,32.59,1.96,34.55,debit
1809,31,2563,4,2023-02-19 14:59:00,16.0,0.96,16.96,debit
1810,196,2564,13,2023-02-19 14:59:00,4.0,0.24,4.24,debit
1811,160,2565,7,2023-02-19 13:59:00,25.5,1.53,27.03,credit
1812,78,2566,5,2023-02-19 11:59:00,5.79,0.35,6.14,credit
1813,126,2567,11,2023-02-19 12:45:00,10.0,0.6,10.6,credit
1814,2,2568,1,2023-02-19 13:44:00,21.25,1.27,22.52,credit
1815,5,2569,3,2023-02-19 11:59:00,4.5,0.27,4.77,mobile
1816,160,2570,11,2023-02-19 12:57:00,10.0,0.6,10.6,debit
1817,165,2571,6,2023-02-19 11:46:00,8.0,0.48,8.48,mobile
1818,165,2572,4,2023-02-20 09:34:00,8.0,0.48,8.48,credit
1819,2,2574,6,2023-02-20 12:17:00,5.75,0.34,6.09,credit
1820,121,2575,11,2023-02-20 15:29:00,4.5,0.27,4.77,mobile
1821,223,2576,12,2023-02-20 15:39:00,7.0,0.42,7.42,mobile
1822,196,2577,5,2023-02-20 12:59:00,6.0,0.36,6.36,credit
1823,197,2578,1,2023-02-20 10:29:00,4.5,0.27,4.77,mobile
1824,148,2579,1,2023-02-20 11:17:00,17.0,1.02,18.02,mobile
1825,128,2580,14,2023-02-21 15:59:00,11.48,0.69,12.17,credit
1826,4,2581,14,2023-02-21 13:32:00,15.56,0.93,16.49,mobile
1827,234,2582,14,2023-02-21 12:55:00,6.8,0.41,7.21,debit
1828,248,2584,14,2023-02-21 10:53:00,5.5,0.33,5.83,mobile
1829,231,2585,6,2023-02-21 12:11:00,10.0,0.6,10.6,credit
1830,97,2587,12,2023-02-22 12:59:00,16.0,0.96,16.96,credit
1831,143,2588,13,2023-02-22 15:57:00,4.0,0.24,4.24,debit
1832,160,2589,13,2023-02-22 10:46:00,3.5,0.21,3.71,debit
1833,73,2590,1,2023-02-22 10:59:00,10.0,0.6,10.6,mobile
1834,232,2592,5,2023-02-22 15:54:00,4.98,0.3,5.28,mobile
1835,186,2595,14,2023-02-23 10:48:00,19.5,1.17,20.67,credit
1836,240,2596,4,2023-02-23 16:59:00,21.5,1.29,22.79,mobile
1837,71,2597,10,2023-02-23 15:59:00,21.0,1.26,22.26,debit
1838,2,2598,13,2023-02-23 12:55:00,10.25,0.61,10.86,debit
1839,15,2599,5,2023-02-23 10:25:00,11.0,0.66,11.66,credit
1840,63,2600,10,2023-02-23 12:48:00,38.5,2.31,40.81,credit
1841,231,2601,10,2023-02-23 16:15:00,4.0,0.24,4.24,credit
1842,1,2602,1,2023-02-23 14:42:00,10.5,0.63,11.13,credit
1843,200,2604,12,2023-02-24 12:49:00,5.0,0.3,5.3,mobile
1844,98,2605,11,2023-02-24 15:59:00,12.0,0.72,12.72,mobile
1845,204,2608,13,2023-02-24 13:51:00,18.0,1.08,19.08,credit
1846,10,2610,6,2023-02-24 09:56:00,8.85,0.53,9.38,credit
1847,143,2612,6,2023-02-24 16:37:00,6.0,0.36,6.36,credit
1848,240,2613,14,2023-02-24 12:16:00,5.5,0.33,5.83,credit
1849,165,2615,13,2023-02-25 09:44:00,5.5,0.33,5.83,credit
1850,121,2616,3,2023-02-25 13:11:00,4.0,0.24,4.24,credit
1851,7,2617,5,2023-02-25 14:55:00,10.0,0.6,10.6,credit
1852,5,2618,11,2023-02-25 16:17:00,7.0,0.42,7.42,credit
1853,2,2620,6,2023-02-25 13:39:00,6.75,0.4,7.15,credit
1854,74,2621,4,2023-02-25 09:59:00,4.0,0.24,4.24,debit
1855,98,2622,2,2023-02-25 11:48:00,38.0,2.28,40.28,mobile
1856,154,2624,7,2023-02-25 13:52:00,8.0,0.48,8.48,mobile
1857,1,2626,5,2023-02-25 11:11:00,6.0,0.36,6.36,credit
1858,2,2627,1,2023-02-25 11:15:00,12.75,0.77,13.52,mobile
1859,15,2628,13,2023-02-25 11:23:00,16.0,0.96,16.96,debit
1860,120,2629,11,2023-02-25 16:50:00,6.09,0.37,6.46,credit
1861,218,2630,13,2023-02-25 16:19:00,30.5,1.83,32.33,mobile
1862,73,2631,6,2023-02-25 10:42:00,6.0,0.36,6.36,mobile
1863,196,2632,12,2023-02-25 15:59:00,7.5,0.45,7.95,credit
1864,71,2633,1,2023-02-25 12:32:00,10.0,0.6,10.6,debit
1865,5,2634,2,2023-02-25 11:43:00,5.5,0.33,5.83,credit
1866,172,2635,11,2023-02-25 14:59:00,4.5,0.27,4.77,credit
1867,17,2636,11,2023-02-25 14:41:00,6.0,0.36,6.36,debit
1868,143,2639,13,2023-02-26 15:42:00,9.5,0.57,10.07,credit
1869,73,2641,14,2023-02-26 10:41:00,21.5,1.29,22.79,credit
1870,1,2642,11,2023-02-26 13:34:00,30.5,1.83,32.33,mobile
1871,74,2646,13,2023-02-26 16:55:00,10.5,0.63,11.13,mobile
1872,67,2647,10,2023-02-26 10:59:00,9.5,0.57,10.07,mobile
1873,237,2649,10,2023-02-26 15:32:00,18.0,1.08,19.08,credit
1874,125,2650,1,2023-02-26 10:51:00,6.89,0.41,7.3,credit
1875,232,2651,13,2023-02-26 12:58:00,25.98,1.56,27.54,mobile
1876,197,2652,10,2023-02-26 09:34:00,10.0,0.6,10.6,credit
1877,57,2654,3,2023-02-26 14:46:00,4.0,0.24,4.24,mobile
1878,25,2655,2,2023-02-26 15:45:00,10.0,0.6,10.6,debit
1879,74,2656,11,2023-02-27 10:49:00,3.5,0.21,3.71,credit
1880,201,2657,6,2023-02-27 15:59:00,5.0,0.3,5.3,mobile
1881,11,2658,7,2023-02-27 11:22:00,4.5,0.27,4.77,mobile
1882,2,2660,1,2023-02-27 14:56:00,9.25,0.55,9.8,credit
1883,194,2661,13,2023-02-27 12:58:00,12.5,0.75,13.25,debit
1884,17,2662,11,2023-02-27 11:12:00,5.5,0.33,5.83,credit
1885,148,2663,2,2023-02-27 12:43:00,4.0,0.24,4.24,credit
1886,39,2664,4,2023-02-27 16:58:00,4.0,0.24,4.24,debit
1887,25,2665,13,2023-02-27 12:59:00,10.0,0.6,10.6,credit
1888,196,2667,11,2023-02-28 15:25:00,6.0,0.36,6.36,credit
1889,117,2670,3,2023-02-28 09:46:00,38.0,2.28,40.28,mobile
1890,5,2671,11,2023-02-28 16:18:00,31.0,1.86,32.86,credit
1891,47,2673,2,2023-03-01 12:22:00,6.0,0.36,6.36,debit
1892,31,2674,6,2023-03-01 10:40:00,6.0,0.36,6.36,mobile
1893,10,2676,3,2023-03-01 12:22:00,12.85,0.77,13.62,mobile
1894,47,2677,6,2023-03-01 10:59:00,18.0,1.08,19.08,debit
1895,172,2680,11,2023-03-01 12:14:00,7.0,0.42,7.42,credit
1896,15,2681,6,2023-03-01 16:13:00,14.0,0.84,14.84,credit
1897,201,2682,2,2023-03-02 12:38:00,6.5,0.39,6.89,credit
1898,204,2683,10,2023-03-02 10:43:00,20.5,1.23,21.73,mobile
1899,194,2686,11,2023-03-02 11:51:00,9.5,0.57,10.07,credit
1900,1,2687,4,2023-03-02 14:29:00,4.5,0.27,4.77,mobile
1901,73,2688,10,2023-03-02 11:56:00,8.0,0.48,8.48,mobile
1902,82,2690,10,2023-03-02 10:59:00,6.0,0.36,6.36,mobile
1903,21,2691,3,2023-03-02 10:59:00,5.54,0.33,5.87,credit
1904,75,2692,3,2023-03-02 12:59:00,8.57,0.51,9.08,debit
1905,45,2697,13,2023-03-03 15:57:00,8.0,0.48,8.48,credit
1906,98,2698,7,2023-03-03 09:42:00,20.0,1.2,21.2,mobile
1907,8,2699,11,2023-03-03 16:44:00,5.97,0.36,6.33,credit
1908,179,2701,2,2023-03-03 13:45:00,9.11,0.55,9.66,debit
1909,71,2702,13,2023-03-03 16:48:00,4.5,0.27,4.77,mobile
1910,39,2703,7,2023-03-03 11:29:00,4.0,0.24,4.24,mobile
1911,88,2704,1,2023-03-03 10:59:00,13.5,0.81,14.31,credit
1912,25,2705,1,2023-03-04 13:44:00,25.5,1.53,27.03,credit
1913,160,2706,12,2023-03-04 12:21:00,4.0,0.24,4.24,mobile
1914,25,2709,5,2023-03-04 16:59:00,5.5,0.33,5.83,debit
1915,125,2711,3,2023-03-04 15:30:00,24.89,1.49,26.38,credit
1916,15,2712,7,2023-03-04 12:28:00,25.0,1.5,26.5,mobile
1917,56,2715,1,2023-03-04 14:26:00,4.71,0.28,4.99,mobile
1918,200,2716,6,2023-03-04 12:14:00,6.0,0.36,6.36,mobile
1919,101,2718,14,2023-03-04 16:45:00,9.0,0.54,9.54,debit
1920,4,2719,4,2023-03-04 09:59:00,33.06,1.98,35.04,debit
1921,200,2721,4,2023-03-05 15:59:00,24.5,1.47,25.97,credit
1922,35,2723,5,2023-03-05 14:43:00,6.0,0.36,6.36,debit
1923,179,2724,3,2023-03-05 10:17:00,7.61,0.46,8.07,mobile
1924,161,2725,11,2023-03-05 15:42:00,16.62,1.0,17.62,mobile
1925,240,2726,12,2023-03-05 10:42:00,8.0,0.48,8.48,mobile
1926,103,2727,3,2023-03-05 14:36:00,4.94,0.3,5.24,credit
1927,237,2729,3,2023-03-05 13:57:00,11.0,0.66,11.66,credit
1928,165,2730,1,2023-03-05 10:36:00,10.0,0.6,10.6,mobile
1929,128,2732,12,2023-03-05 09:25:00,11.48,0.69,12.17,credit
1930,43,2733,7,2023-03-05 13:35:00,13.5,0.81,14.31,credit
1931,98,2734,13,2023-03-05 11:25:00,5.0,0.3,5.3,credit
1932,74,2735,1,2023-03-06 10:22:00,36.5,2.19,38.69,credit
1933,237,2736,6,2023-03-06 14:54:00,4.5,0.27,4.77,mobile
1934,10,2737,5,2023-03-06 16:40:00,12.85,0.77,13.62,mobile
1935,9,2739,5,2023-03-06 13:20:00,32.0,1.92,33.92,debit
1936,25,2740,2,2023-03-06 10:40:00,8.0,0.48,8.48,credit
1937,1,2742,2,2023-03-06 10:20:00,19.5,1.17,20.67,credit
1938,74,2743,7,2023-03-06 16:59:00,7.0,0.42,7.42,debit
1939,1,2744,10,2023-03-06 10:23:00,4.5,0.27,4.77,mobile
1940,2,2745,1,2023-03-07 10:25:00,6.75,0.4,7.15,mobile
1941,10,2746,11,2023-03-07 13:30:00,18.35,1.1,19.45,mobile
1942,75,2747,6,2023-03-07 12:59:00,6.07,0.36,6.43,credit
1943,10,2749,5,2023-03-07 09:43:00,10.85,0.65,11.5,mobile
1944,8,2750,12,2023-03-07 10:51:00,8.97,0.54,9.51,mobile
1945,160,2751,5,2023-03-07 09:59:00,8.5,0.51,9.01,debit
1946,152,2752,11,2023-03-07 16:13:00,26.5,1.59,28.09,credit
1947,67,2754,2,2023-03-07 13:44:00,18.0,1.08,19.08,debit
1948,172,2755,5,2023-03-07 09:56:00,4.0,0.24,4.24,debit
1949,231,2756,13,2023-03-08 13:29:00,37.0,2.22,39.22,credit
1950,18,2758,7,2023-03-08 14:47:00,8.27,0.5,8.77,credit
1951,1,2759,10,2023-03-08 13:59:00,5.5,0.33,5.83,debit
1952,172,2761,5,2023-03-08 12:58:00,5.5,0.33,5.83,credit
1953,223,2762,13,2023-03-08 14:36:00,25.5,1.53,27.03,mobile
1954,63,2763,7,2023-03-08 15:40:00,14.0,0.84,14.84,mobile
1955,98,2764,7,2023-03-08 16:30:00,6.0,0.36,6.36,credit
1956,111,2765,1,2023-03-08 09:59:00,8.0,0.48,8.48,credit
1957,198,2767,1,2023-03-08 15:29:00,4.0,0.24,4.24,credit
1958,67,2768,14,2023-03-08 14:46:00,14.0,0.84,14.84,credit
1959,4,2769,7,2023-03-08 14:46:00,6.56,0.39,6.95,credit
1960,1,2771,5,2023-03-08 16:42:00,13.0,0.78,13.78,credit
1961,5,2774,7,2023-03-09 15:29:00,5.0,0.3,5.3,mobile
1962,98,2777,1,2023-03-09 12:59:00,10.0,0.6,10.6,debit
1963,7,2779,14,2023-03-09 09:55:00,6.0,0.36,6.36,credit
1964,2,2780,2,2023-03-09 13:33:00,10.75,0.65,11.4,credit
1965,197,2781,5,2023-03-09 11:40:00,3.5,0.21,3.71,credit
1966,73,2784,11,2023-03-10 11:44:00,3.0,0.18,3.18,mobile
1967,98,2786,13,2023-03-10 10:41:00,10.0,0.6,10.6,mobile
1968,243,2787,5,2023-03-10 14:53:00,6.0,0.36,6.36,credit
1969,88,2788,6,2023-03-10 15:59:00,16.0,0.96,16.96,credit
1970,2,2789,7,2023-03-10 09:55:00,33.75,2.02,35.77,mobile
1971,47,2791,14,2023-03-10 13:59:00,11.0,0.66,11.66,credit
1972,232,2792,11,2023-03-10 12:41:00,8.98,0.54,9.52,debit
1973,236,2793,13,2023-03-10 15:23:00,3.5,0.21,3.71,credit
1974,148,2794,6,2023-03-10 16:58:00,14.5,0.87,15.37,credit
1975,218,2795,3,2023-03-10 14:53:00,9.0,0.54,9.54,credit
1976,111,2796,6,2023-03-10 11:59:00,4.0,0.24,4.24,mobile
1977,74,2799,11,2023-03-11 12:54:00,23.0,1.38,24.38,credit
1978,67,2800,3,2023-03-11 10:43:00,13.0,0.78,13.78,debit
1979,75,2801,11,2023-03-11 09:41:00,5.07,0.3,5.37,credit
1980,73,2802,4,2023-03-11 11:59:00,5.5,0.33,5.83,credit
1981,4,2805,12,2023-03-11 13:53:00,5.56,0.33,5.89,credit
1982,4,2806,10,2023-03-11 11:23:00,4.56,0.27,4.83,mobile
1983,56,2807,4,2023-03-11 15:11:00,4.71,0.28,4.99,mobile
1984,143,2808,6,2023-03-11 10:25:00,6.0,0.36,6.36,debit
1985,73,2809,4,2023-03-11 12:49:00,3.0,0.18,3.18,credit
1986,154,2810,11,2023-03-11 16:59:00,3.5,0.21,3.71,debit
1987,198,2811,13,2023-03-11 15:53:00,4.0,0.24,4.24,mobile
1988,35,2812,13,2023-03-11 12:59:00,44.0,2.64,46.64,credit
1989,237,2814,12,2023-03-12 15:25:00,16.0,0.96,16.96,mobile
1990,98,2815,1,2023-03-12 16:43:00,10.0,0.6,10.6,mobile
1991,7,2817,3,2023-03-12 14:22:00,5.5,0.33,5.83,credit
1992,3,2818,13,2023-03-12 12:39:00,4.0,0.24,4.24,mobile
1993,9,2819,14,2023-03-12 12:40:00,13.0,0.78,13.78,credit
1994,52,2821,3,2023-03-12 14:23:00,4.0,0.24,4.24,mobile
1995,236,2823,1,2023-03-12 09:30:00,27.0,1.62,28.62,credit
1996,31,2825,1,2023-03-12 09:53:00,48.5,2.91,51.41,credit
1997,74,2826,14,2023-03-12 14:50:00,5.0,0.3,5.3,mobile
1998,143,2827,13,2023-03-12 10:59:00,12.0,0.72,12.72,credit
1999,143,2828,13,2023-03-12 12:17:00,5.0,0.3,5.3,credit
2000,71,2829,5,2023-03-12 13:59:00,4.5,0.27,4.77,credit
2001,223,2830,11,2023-03-12 15:43:00,19.0,1.14,20.14,credit
2002,237,2831,7,2023-03-12 09:30:00,5.5,0.33,5.83,credit
2003,47,2832,1,2023-03-12 09:37:00,5.5,0.33,5.83,mobile
2004,39,2833,13,2023-03-12 10:59:00,4.0,0.24,4.24,mobile
2005,196,2837,13,2023-03-13 11:59:00,25.5,1.53,27.03,credit
2006,1,2838,2,2023-03-13 09:35:00,17.5,1.05,18.55,mobile
2007,1,2840,7,2023-03-14 10:39:00,5.5,0.33,5.83,credit
2008,2,2841,4,2023-03-14 13:59:00,6.75,0.4,7.15,credit
2009,57,2843,11,2023-03-14 12:59:00,27.0,1.62,28.62,credit
2010,1,2844,4,2023-03-14 14:25:00,9.5,0.57,10.07,credit
2011,5,2845,14,2023-03-14 15:25:00,10.0,0.6,10.6,mobile
2012,69,2847,5,2023-03-14 10:59:00,4.0,0.24,4.24,mobile
2013,126,2848,14,2023-03-14 15:45:00,12.0,0.72,12.72,mobile
2014,39,2850,13,2023-03-15 13:10:00,27.0,1.62,28.62,mobile
2015,237,2852,4,2023-03-15 12:59:00,4.5,0.27,4.77,mobile
2016,233,2853,5,2023-03-15 11:56:00,8.0,0.48,8.48,credit
2017,71,2854,14,2023-03-15 11:47:00,6.5,0.39,6.89,mobile
2018,63,2857,13,2023-03-15 11:56:00,4.5,0.27,4.77,mobile
2019,8,2859,12,2023-03-15 12:59:00,4.47,0.27,4.74,credit
2020,47,2860,11,2023-03-16 15:28:00,7.0,0.42,7.42,credit
2021,5,2861,2,2023-03-16 12:57:00,3.0,0.18,3.18,credit
2022,121,2862,14,2023-03-16 16:27:00,36.0,2.16,38.16,credit
2023,189,2865,12,2023-03-16 13:57:00,3.5,0.21,3.71,mobile
2024,74,2868,11,2023-03-17 16:41:00,5.5,0.33,5.83,mobile
2025,186,2869,7,2023-03-17 14:15:00,6.0,0.36,6.36,mobile
2026,165,2870,14,2023-03-17 15:59:00,8.0,0.48,8.48,credit
2027,38,2871,7,2023-03-17 15:40:00,11.87,0.71,12.58,credit
2028,4,2876,11,2023-03-17 14:26:00,9.06,0.54,9.6,mobile
2029,63,2877,13,2023-03-17 15:24:00,13.5,0.81,14.31,debit
2030,143,2878,2,2023-03-17 09:33:00,25.0,1.5,26.5,credit
2031,52,2879,2,2023-03-18 14:59:00,5.0,0.3,5.3,credit
2032,175,2880,6,2023-03-18 10:27:00,6.91,0.41,7.32,mobile
2033,1,2881,5,2023-03-18 11:59:00,9.0,0.54,9.54,credit
2034,38,2883,5,2023-03-18 16:16:00,5.87,0.35,6.22,credit
2035,69,2884,3,2023-03-18 13:55:00,37.5,2.25,39.75,debit
2036,118,2885,7,2023-03-18 09:43:00,6.04,0.36,6.4,credit
2037,64,2886,5,2023-03-18 10:59:00,9.65,0.58,10.23,credit
2038,194,2887,13,2023-03-18 10:23:00,5.5,0.33,5.83,credit
2039,143,2890,1,2023-03-18 11:23:00,3.0,0.18,3.18,debit
2040,234,2892,2,2023-03-18 16:45:00,7.3,0.44,7.74,credit
2041,248,2893,14,2023-03-18 15:22:00,19.5,1.17,20.67,mobile
2042,143,2894,1,2023-03-18 13:59:00,4.5,0.27,4.77,credit
2043,10,2895,4,2023-03-18 13:32:00,6.85,0.41,7.26,credit
2044,31,2897,11,2023-03-18 15:57:00,6.0,0.36,6.36,credit
2045,172,2899,13,2023-03-19 12:46:00,4.0,0.24,4.24,mobile
2046,237,2900,1,2023-03-19 16:12:00,4.0,0.24,4.24,mobile
2047,128,2901,7,2023-03-19 09:17:00,17.98,1.08,19.06,mobile
2048,2,2904,10,2023-03-19 16:47:00,27.75,1.67,29.42,credit
2049,240,2906,14,2023-03-19 15:59:00,14.0,0.84,14.84,mobile
2050,69,2908,2,2023-03-19 13:30:00,14.5,0.87,15.37,credit
2051,52,2909,13,2023-03-20 10:39:00,5.5,0.33,5.83,mobile
2052,160,2910,13,2023-03-20 09:57:00,4.0,0.24,4.24,mobile
2053,235,2913,12,2023-03-20 14:30:00,21.0,1.26,22.26,debit
2054,179,2914,6,2023-03-20 10:43:00,16.61,1.0,17.61,mobile
2055,103,2915,1,2023-03-20 10:59:00,5.44,0.33,5.77,credit
2056,73,2916,4,2023-03-20 10:13:00,6.0,0.36,6.36,debit
2057,237,2918,5,2023-03-20 10:30:00,5.5,0.33,5.83,debit
2058,74,2919,14,2023-03-21 16:49:00,13.0,0.78,13.78,credit
2059,39,2920,2,2023-03-21 16:59:00,19.5,1.17,20.67,mobile
2060,78,2921,12,2023-03-21 16:34:00,22.79,1.37,24.16,credit
2061,2,2923,4,2023-03-21 09:26:00,18.25,1.09,19.34,credit
2062,92,2924,14,2023-03-21 09:59:00,15.0,0.9,15.9,credit
2063,149,2925,3,2023-03-21 16:58:00,9.02,0.54,9.56,debit
2064,3,2926,2,2023-03-21 16:13:00,24.5,1.47,25.97,debit
2065,75,2928,1,2023-03-21 14:31:00,9.57,0.57,10.14,debit
2066,189,2929,13,2023-03-21 13:16:00,8.0,0.48,8.48,mobile
2067,97,2930,6,2023-03-21 11:59:00,4.0,0.24,4.24,mobile
2068,165,2931,2,2023-03-22 10:45:00,34.5,2.07,36.57,mobile
2069,111,2932,13,2023-03-22 16:59:00,3.5,0.21,3.71,credit
2070,179,2933,12,2023-03-22 15:18:00,10.11,0.61,10.72,credit
2071,237,2936,5,2023-03-22 11:32:00,16.0,0.96,16.96,debit
2072,25,2937,14,2023-03-22 13:31:00,6.0,0.36,6.36,mobile
2073,2,2938,13,2023-03-22 11:59:00,6.75,0.4,7.15,debit
2074,74,2939,7,2023-03-22 09:24:00,43.5,2.61,46.11,mobile
2075,8,2940,12,2023-03-22 13:58:00,7.97,0.48,8.45,mobile
2076,74,2941,5,2023-03-22 09:44:00,10.0,0.6,10.6,mobile
2077,179,2942,11,2023-03-23 16:59:00,13.11,0.79,13.9,debit
2078,234,2943,13,2023-03-23 16:54:00,10.8,0.65,11.45,credit
2079,235,2945,1,2023-03-23 15:30:00,11.0,0.66,11.66,mobile
2080,92,2946,3,2023-03-23 13:27:00,7.0,0.42,7.42,debit
2081,2,2947,3,2023-03-23 09:40:00,14.75,0.89,15.64,credit
2082,236,2948,7,2023-03-23 16:54:00,9.0,0.54,9.54,credit
2083,196,2949,1,2023-03-23 16:15:00,5.0,0.3,5.3,mobile
2084,201,2950,12,2023-03-23 14:59:00,16.5,0.99,17.49,mobile
2085,98,2951,7,2023-03-23 16:44:00,3.0,0.18,3.18,credit
2086,179,2954,14,2023-03-23 09:59:00,41.11,2.47,43.58,debit
2087,101,2955,10,2023-03-23 14:52:00,4.0,0.24,4.24,mobile
2088,1,2956,10,2023-03-24 09:59:00,4.0,0.24,4.24,credit
2089,5,2957,11,2023-03-24 09:16:00,3.5,0.21,3.71,debit
2090,186,2958,6,2023-03-24 13:59:00,10.0,0.6,10.6,debit
2091,2,2960,5,2023-03-24 13:44:00,10.75,0.65,11.4,debit
2092,234,2961,14,2023-03-24 13:40:00,20.3,1.22,21.52,mobile
2093,73,2962,2,2023-03-24 13:52:00,3.5,0.21,3.71,credit
2094,39,2963,11,2023-03-24 13:40:00,6.0,0.36,6.36,credit
2095,165,2964,4,2023-03-24 12:26:00,4.0,0.24,4.24,credit
2096,125,2965,2,2023-03-24 10:59:00,9.39,0.56,9.95,credit
2097,103,2966,1,2023-03-24 10:21:00,10.94,0.66,11.6,credit
2098,57,2967,5,2023-03-24 13:59:00,14.0,0.84,14.84,mobile
2099,7,2968,5,2023-03-24 12:23:00,10.0,0.6,10.6,mobile
2100,160,2969,13,2023-03-24 15:17:00,16.0,0.96,16.96,mobile
2101,198,2970,7,2023-03-25 10:59:00,5.5,0.33,5.83,mobile
2102,75,2971,12,2023-03-25 16:48:00,5.07,0.3,5.37,credit
2103,161,2972,1,2023-03-25 13:24:00,6.62,0.4,7.02,mobile
2104,218,2973,14,2023-03-25 13:53:00,6.0,0.36,6.36,debit
2105,2,2975,3,2023-03-25 15:13:00,9.25,0.55,9.8,credit
2106,73,2976,11,2023-03-25 15:49:00,40.0,2.4,42.4,credit
2107,20,2979,2,2023-03-25 09:59:00,10.0,0.6,10.6,credit
2108,143,2980,11,2023-03-25 10:59:00,3.5,0.21,3.71,mobile
2109,232,2981,7,2023-03-25 12:50:00,13.48,0.81,14.29,credit
2110,237,2983,12,2023-03-25 09:59:00,5.5,0.33,5.83,mobile
2111,128,2986,7,2023-03-25 15:41:00,30.48,1.83,32.31,debit
2112,73,2987,7,2023-03-25 16:34:00,21.0,1.26,22.26,credit
2113,10,2988,13,2023-03-25 10:42:00,5.35,0.32,5.67,mobile
2114,1,2989,14,2023-03-25 14:59:00,8.0,0.48,8.48,credit
2115,143,2990,13,2023-03-25 15:22:00,35.0,2.1,37.1,credit
2116,1,2991,5,2023-03-26 15:59:00,9.5,0.57,10.07,debit
2117,17,2992,13,2023-03-26 11:18:00,4.5,0.27,4.77,credit
2118,69,2993,14,2023-03-26 14:43:00,6.0,0.36,6.36,credit
2119,172,2995,10,2023-03-26 10:30:00,18.0,1.08,19.08,credit
2120,1,2996,3,2023-03-26 10:58:00,5.5,0.33,5.83,credit
2121,143,2997,13,2023-03-26 13:59:00,9.5,0.57,10.07,debit
2122,69,3000,10,2023-03-26 11:30:00,6.5,0.39,6.89,debit
2123,69,3001,11,2023-03-26 13:55:00,5.5,0.33,5.83,credit
2124,154,3002,6,2023-03-26 16:33:00,34.0,2.04,36.04,mobile
2125,3,3003,12,2023-03-26 12:58:00,23.5,1.41,24.91,credit
2126,194,3005,1,2023-03-26 14:59:00,9.5,0.57,10.07,debit
2127,191,3006,12,2023-03-26 10:20:00,5.94,0.36,6.3,debit
2128,9,3007,11,2023-03-27 11:40:00,3.0,0.18,3.18,mobile
2129,194,3009,3,2023-03-27 10:56:00,5.5,0.33,5.83,credit
2130,161,3010,4,2023-03-27 11:56:00,28.12,1.69,29.81,mobile
2131,172,3011,7,2023-03-27 16:35:00,37.0,2.22,39.22,debit
2132,4,3014,10,2023-03-27 16:20:00,9.06,0.54,9.6,mobile
2133,1,3015,12,2023-03-27 10:59:00,4.0,0.24,4.24,credit
2134,52,3016,1,2023-03-27 09:48:00,31.0,1.86,32.86,credit
2135,21,3017,5,2023-03-27 16:59:00,6.04,0.36,6.4,mobile
2136,69,3019,4,2023-03-28 10:59:00,3.5,0.21,3.71,credit
2137,179,3020,2,2023-03-28 10:28:00,4.61,0.28,4.89,debit
2138,103,3021,7,2023-03-28 14:59:00,41.94,2.52,44.46,credit
2139,1,3023,4,2023-03-28 10:51:00,3.0,0.18,3.18,credit
2140,166,3024,11,2023-03-28 14:25:00,24.76,1.49,26.25,mobile
2141,152,3025,3,2023-03-28 14:59:00,28.0,1.68,29.68,credit
2142,45,3026,12,2023-03-28 13:59:00,10.5,0.63,11.13,debit
2143,171,3028,1,2023-03-29 16:12:00,6.5,0.39,6.89,debit
2144,125,3029,10,2023-03-29 12:47:00,24.89,1.49,26.38,debit
2145,103,3033,2,2023-03-29 11:59:00,27.44,1.65,29.09,debit
2146,179,3034,12,2023-03-29 14:54:00,7.61,0.46,8.07,credit
2147,56,3035,14,2023-03-29 12:33:00,11.21,0.67,11.88,credit
2148,198,3037,4,2023-03-29 16:18:00,3.0,0.18,3.18,debit
2149,39,3038,1,2023-03-30 10:54:00,4.0,0.24,4.24,mobile
2150,74,3039,7,2023-03-30 12:59:00,11.0,0.66,11.66,credit
2151,75,3041,5,2023-03-30 14:41:00,7.07,0.42,7.49,mobile
2152,17,3043,10,2023-03-30 11:54:00,7.0,0.42,7.42,debit
2153,75,3044,5,2023-03-30 16:12:00,17.07,1.02,18.09,mobile
2154,19,3045,13,2023-03-30 13:20:00,27.5,1.65,29.15,credit
2155,196,3046,14,2023-03-30 16:26:00,4.0,0.24,4.24,mobile
2156,179,3047,10,2023-03-31 12:53:00,15.11,0.91,16.02,credit
2157,161,3048,5,2023-03-31 11:59:00,8.12,0.49,8.61,credit
2158,217,3049,11,2023-03-31 15:44:00,7.53,0.45,7.98,debit
2159,217,3050,14,2023-03-31 10:13:00,7.53,0.45,7.98,mobile
2160,194,3051,1,2023-03-31 16:21:00,4.5,0.27,4.77,credit
2161,161,3052,5,2023-03-31 16:14:00,8.62,0.52,9.14,credit
2162,165,3054,6,2023-03-31 10:55:00,9.0,0.54,9.54,credit
2163,15,3055,6,2023-03-31 14:30:00,6.5,0.39,6.89,mobile
2164,64,3056,7,2023-04-01 09:41:00,8.15,0.49,8.64,debit
2165,67,3057,7,2023-04-01 14:23:00,11.0,0.66,11.66,credit
2166,161,3058,12,2023-04-01 13:39:00,9.12,0.55,9.67,debit
2167,74,3059,11,2023-04-01 12:38:00,56.5,3.39,59.89,credit
2168,73,3061,12,2023-04-01 11:32:00,11.0,0.66,11.66,mobile
2169,172,3062,3,2023-04-01 16:49:00,8.0,0.48,8.48,debit
2170,179,3063,6,2023-04-01 11:44:00,23.61,1.42,25.03,mobile
2171,165,3064,1,2023-04-01 15:26:00,5.0,0.3,5.3,credit
2172,73,3065,1,2023-04-01 14:59:00,6.5,0.39,6.89,credit
2173,189,3066,10,2023-04-01 09:39:00,5.0,0.3,5.3,credit
2174,97,3067,12,2023-04-01 13:18:00,13.0,0.78,13.78,credit
2175,1,3068,6,2023-04-01 14:39:00,4.0,0.24,4.24,credit
2176,194,3070,1,2023-04-01 14:58:00,5.5,0.33,5.83,mobile
2177,103,3071,4,2023-04-01 09:59:00,8.44,0.51,8.95,mobile
2178,2,3073,10,2023-04-01 14:59:00,5.25,0.32,5.57,mobile
2179,25,3074,13,2023-04-01 10:55:00,25.0,1.5,26.5,debit
2180,160,3076,10,2023-04-01 09:30:00,31.0,1.86,32.86,mobile
2181,165,3077,12,2023-04-01 14:12:00,8.0,0.48,8.48,mobile
2182,5,3078,11,2023-04-01 15:39:00,22.5,1.35,23.85,credit
2183,240,3080,14,2023-04-02 12:29:00,4.0,0.24,4.24,credit
2184,2,3081,6,2023-04-02 12:30:00,5.75,0.34,6.09,mobile
2185,179,3082,6,2023-04-02 15:54:00,7.11,0.43,7.54,credit
2186,11,3083,5,2023-04-02 11:59:00,11.0,0.66,11.66,credit
2187,4,3084,3,2023-04-02 14:47:00,6.56,0.39,6.95,credit
2188,237,3086,1,2023-04-02 15:51:00,11.0,0.66,11.66,mobile
2189,240,3090,12,2023-04-02 13:44:00,7.0,0.42,7.42,credit
2190,189,3091,12,2023-04-02 13:26:00,10.0,0.6,10.6,mobile
2191,204,3092,6,2023-04-02 15:45:00,4.0,0.24,4.24,credit
2192,56,3095,3,2023-04-02 12:38:00,5.21,0.31,5.52,mobile
2193,128,3096,3,2023-04-02 12:16:00,26.48,1.59,28.07,credit
2194,21,3097,1,2023-04-03 12:51:00,6.54,0.39,6.93,credit
2195,2,3098,10,2023-04-03 14:43:00,15.75,0.94,16.69,credit
2196,160,3099,2,2023-04-03 14:21:00,3.5,0.21,3.71,mobile
2197,98,3100,4,2023-04-03 10:47:00,4.5,0.27,4.77,debit
2198,2,3101,7,2023-04-03 13:16:00,21.75,1.3,23.05,credit
2199,103,3105,6,2023-04-03 12:31:00,29.44,1.77,31.21,credit
2200,197,3106,5,2023-04-03 14:54:00,10.0,0.6,10.6,credit
2201,126,3107,14,2023-04-03 12:41:00,22.0,1.32,23.32,mobile
2202,3,3108,1,2023-04-03 15:13:00,5.5,0.33,5.83,credit
2203,179,3109,10,2023-04-03 09:44:00,13.11,0.79,13.9,mobile
2204,82,3110,12,2023-04-04 16:57:00,4.0,0.24,4.24,credit
2205,2,3111,2,2023-04-04 10:45:00,6.75,0.4,7.15,mobile
2206,197,3112,14,2023-04-04 10:54:00,15.0,0.9,15.9,credit
2207,75,3114,1,2023-04-04 12:29:00,5.57,0.33,5.9,mobile
2208,8,3116,1,2023-04-04 13:13:00,4.97,0.3,5.27,credit
2209,165,3117,5,2023-04-04 11:18:00,9.5,0.57,10.07,mobile
2210,73,3118,5,2023-04-04 14:11:00,4.5,0.27,4.77,mobile
2211,121,3119,2,2023-04-04 09:59:00,3.0,0.18,3.18,credit
2212,25,3120,14,2023-04-04 09:59:00,17.0,1.02,18.02,mobile
2213,67,3121,1,2023-04-04 15:30:00,27.0,1.62,28.62,debit
2214,183,3122,11,2023-04-04 14:59:00,6.5,0.39,6.89,mobile
2215,2,3123,6,2023-04-05 13:13:00,7.25,0.43,7.68,credit
2216,88,3126,13,2023-04-05 13:55:00,17.0,1.02,18.02,debit
2217,74,3127,12,2023-04-05 14:59:00,21.0,1.26,22.26,debit
2218,38,3128,5,2023-04-05 12:29:00,21.87,1.31,23.18,mobile
2219,67,3129,2,2023-04-05 15:59:00,12.0,0.72,12.72,mobile
2220,233,3130,4,2023-04-05 16:50:00,3.5,0.21,3.71,mobile
2221,213,3132,1,2023-04-05 11:55:00,10.0,0.6,10.6,mobile
2222,103,3133,13,2023-04-05 14:59:00,7.94,0.48,8.42,debit
2223,73,3134,13,2023-04-05 16:59:00,3.5,0.21,3.71,credit
2224,172,3135,11,2023-04-05 15:29:00,20.0,1.2,21.2,debit
2225,64,3139,10,2023-04-06 15:48:00,12.15,0.73,12.88,credit
2226,35,3141,1,2023-04-06 10:59:00,6.5,0.39,6.89,mobile
2227,2,3143,11,2023-04-06 14:59:00,7.25,0.43,7.68,debit
2228,125,3144,14,2023-04-06 15:34:00,11.39,0.68,12.07,mobile
2229,38,3145,12,2023-04-06 14:56:00,6.87,0.41,7.28,credit
2230,233,3146,6,2023-04-06 13:10:00,23.5,1.41,24.91,credit
2231,118,3147,10,2023-04-07 13:59:00,6.54,0.39,6.93,credit
2232,111,3148,10,2023-04-07 16:14:00,8.0,0.48,8.48,credit
2233,186,3149,10,2023-04-07 16:16:00,18.0,1.08,19.08,credit
2234,69,3150,14,2023-04-07 11:59:00,4.5,0.27,4.77,mobile
2235,2,3151,6,2023-04-07 16:28:00,5.75,0.34,6.09,mobile
2236,165,3152,2,2023-04-07 10:59:00,8.0,0.48,8.48,credit
2237,6,3153,14,2023-04-07 16:49:00,6.0,0.36,6.36,credit
2238,172,3154,5,2023-04-07 11:59:00,49.0,2.94,51.94,credit
2239,4,3155,5,2023-04-07 11:11:00,15.06,0.9,15.96,mobile
2240,67,3156,2,2023-04-07 15:47:00,5.5,0.33,5.83,credit
2241,2,3157,14,2023-04-07 10:30:00,9.25,0.55,9.8,credit
2242,4,3158,10,2023-04-07 13:31:00,9.06,0.54,9.6,debit
2243,232,3160,14,2023-04-07 09:11:00,26.98,1.62,28.6,credit
2244,232,3165,11,2023-04-07 11:37:00,6.48,0.39,6.87,credit
2245,9,3166,14,2023-04-07 13:37:00,43.0,2.58,45.58,credit
2246,56,3167,2,2023-04-07 15:55:00,10.21,0.61,10.82,debit
2247,1,3168,2,2023-04-07 11:12:00,5.5,0.33,5.83,credit
2248,178,3169,14,2023-04-08 12:22:00,4.0,0.24,4.24,credit
2249,74,3170,5,2023-04-08 16:31:00,5.5,0.33,5.83,credit
2250,189,3171,6,2023-04-08 10:19:00,29.5,1.77,31.27,credit
2251,43,3172,4,2023-04-08 13:59:00,11.5,0.69,12.19,credit
2252,236,3174,1,2023-04-08 14:18:00,6.5,0.39,6.89,mobile
2253,53,3175,6,2023-04-08 10:38:00,13.59,0.82,14.41,credit
2254,236,3176,5,2023-04-08 09:59:00,17.5,1.05,18.55,credit
2255,240,3179,12,2023-04-08 13:38:00,3.5,0.21,3.71,mobile
2256,21,3180,4,2023-04-08 15:56:00,11.54,0.69,12.23,debit
2257,82,3181,3,2023-04-08 13:25:00,6.5,0.39,6.89,mobile
2258,117,3183,5,2023-04-08 10:33:00,3.5,0.21,3.71,mobile
2259,74,3184,10,2023-04-08 15:59:00,7.0,0.42,7.42,debit
2260,240,3185,10,2023-04-08 15:57:00,4.0,0.24,4.24,credit
2261,11,3186,3,2023-04-08 11:59:00,4.5,0.27,4.77,credit
2262,232,3187,3,2023-04-08 15:51:00,42.48,2.55,45.03,mobile
2263,237,3188,12,2023-04-08 16:25:00,7.0,0.42,7.42,mobile
2264,20,3190,10,2023-04-08 14:50:00,7.0,0.42,7.42,mobile
2265,160,3191,4,2023-04-08 10:13:00,8.0,0.48,8.48,credit
2266,11,3199,10,2023-04-09 15:59:00,9.5,0.57,10.07,credit
2267,232,3200,13,2023-04-09 12:46:00,9.98,0.6,10.58,mobile
2268,2,3201,2,2023-04-09 10:59:00,21.25,1.27,22.52,credit
2269,69,3202,7,2023-04-09 13:48:00,6.5,0.39,6.89,mobile
2270,143,3203,14,2023-04-09 16:53:00,8.5,0.51,9.01,credit
2271,53,3205,14,2023-04-09 12:59:00,21.59,1.3,22.89,debit
2272,189,3206,7,2023-04-09 13:23:00,11.0,0.66,11.66,credit
2273,71,3207,10,2023-04-09 16:52:00,25.5,1.53,27.03,mobile
2274,6,3210,11,2023-04-09 13:28:00,6.0,0.36,6.36,mobile
2275,206,3211,7,2023-04-09 11:59:00,12.65,0.76,13.41,credit
2276,111,3212,13,2023-04-09 09:44:00,4.5,0.27,4.77,credit
2277,125,3213,11,2023-04-09 09:59:00,6.39,0.38,6.77,mobile
2278,233,3214,11,2023-04-09 12:44:00,18.0,1.08,19.08,credit
2279,221,3217,2,2023-04-09 11:24:00,6.0,0.36,6.36,credit
2280,189,3218,12,2023-04-09 12:44:00,8.0,0.48,8.48,debit
2281,233,3220,2,2023-04-09 09:49:00,6.0,0.36,6.36,debit
2282,98,3222,5,2023-04-09 11:59:00,8.0,0.48,8.48,credit
2283,68,3223,10,2023-04-10 16:28:00,9.5,0.57,10.07,credit
2284,200,3225,4,2023-04-10 09:40:00,10.0,0.6,10.6,credit
2285,233,3227,12,2023-04-10 10:49:00,41.0,2.46,43.46,credit
2286,189,3229,14,2023-04-10 12:30:00,5.5,0.33,5.83,mobile
2287,236,3231,7,2023-04-10 16:27:00,30.0,1.8,31.8,credit
2288,82,3232,14,2023-04-10 15:49:00,8.0,0.48,8.48,mobile
2289,38,3233,12,2023-04-10 13:35:00,14.37,0.86,15.23,debit
2290,7,3237,13,2023-04-11 11:31:00,4.5,0.27,4.77,mobile
2291,197,3239,12,2023-04-11 13:55:00,10.0,0.6,10.6,mobile
2292,82,3241,3,2023-04-11 15:42:00,17.5,1.05,18.55,debit
2293,69,3242,2,2023-04-11 11:59:00,4.0,0.24,4.24,credit
2294,1,3243,2,2023-04-11 10:14:00,9.0,0.54,9.54,mobile
2295,233,3244,7,2023-04-11 13:59:00,9.5,0.57,10.07,credit
2296,39,3245,12,2023-04-11 12:49:00,6.0,0.36,6.36,mobile
2297,74,3246,10,2023-04-11 09:23:00,6.0,0.36,6.36,debit
2298,4,3248,11,2023-04-12 11:11:00,5.56,0.33,5.89,mobile
2299,17,3249,13,2023-04-12 16:59:00,10.5,0.63,11.13,debit
2300,189,3250,10,2023-04-12 15:25:00,8.0,0.48,8.48,mobile
2301,116,3251,4,2023-04-12 09:59:00,10.5,0.63,11.13,mobile
2302,160,3252,14,2023-04-12 15:34:00,32.0,1.92,33.92,mobile
2303,189,3253,4,2023-04-12 16:30:00,20.0,1.2,21.2,credit
2304,8,3254,13,2023-04-12 16:10:00,8.97,0.54,9.51,credit
2305,165,3256,13,2023-04-12 10:12:00,3.5,0.21,3.71,credit
2306,3,3258,6,2023-04-12 16:58:00,6.5,0.39,6.89,credit
2307,7,3260,13,2023-04-12 15:49:00,27.0,1.62,28.62,credit
2308,1,3261,5,2023-04-12 11:56:00,34.0,2.04,36.04,credit
2309,10,3262,3,2023-04-12 10:51:00,35.85,2.15,38.0,credit
2310,57,3263,12,2023-04-12 11:36:00,20.0,1.2,21.2,mobile
2311,69,3264,3,2023-04-12 13:55:00,11.0,0.66,11.66,credit
2312,240,3268,1,2023-04-13 09:21:00,9.0,0.54,9.54,credit
2313,31,3269,4,2023-04-13 13:59:00,15.0,0.9,15.9,debit
2314,111,3270,7,2023-04-13 09:17:00,8.0,0.48,8.48,credit
2315,200,3273,14,2023-04-13 11:40:00,3.5,0.21,3.71,credit
2316,3,3274,4,2023-04-13 14:55:00,7.0,0.42,7.42,debit
2317,118,3275,13,2023-04-13 12:57:00,8.54,0.51,9.05,credit
2318,67,3276,1,2023-04-13 12:23:00,6.0,0.36,6.36,credit
2319,110,3278,2,2023-04-13 13:59:00,5.5,0.33,5.83,credit
2320,197,3279,1,2023-04-13 10:30:00,11.0,0.66,11.66,debit
2321,3,3280,3,2023-04-13 16:27:00,8.0,0.48,8.48,credit
2322,111,3282,3,2023-04-14 16:42:00,9.5,0.57,10.07,credit
2323,73,3283,10,2023-04-14 12:22:00,6.5,0.39,6.89,debit
2324,217,3284,3,2023-04-14 16:49:00,7.03,0.42,7.45,credit
2325,148,3286,5,2023-04-14 10:43:00,4.5,0.27,4.77,mobile
2326,110,3287,1,2023-04-14 09:59:00,8.0,0.48,8.48,mobile
2327,101,3288,10,2023-04-14 16:45:00,8.5,0.51,9.01,mobile
2328,238,3290,14,2023-04-14 16:48:00,11.84,0.71,12.55,credit
2329,75,3291,11,2023-04-14 14:14:00,14.07,0.84,14.91,mobile
2330,120,3293,4,2023-04-14 11:50:00,7.09,0.43,7.52,mobile
2331,156,3296,11,2023-04-15 12:42:00,7.0,0.42,7.42,mobile
2332,1,3297,12,2023-04-15 16:56:00,3.5,0.21,3.71,credit
2333,63,3298,6,2023-04-15 10:36:00,25.5,1.53,27.03,debit
2334,4,3299,2,2023-04-15 14:41:00,27.06,1.62,28.68,credit
2335,125,3300,12,2023-04-15 11:59:00,31.89,1.91,33.8,mobile
2336,88,3303,6,2023-04-15 10:57:00,10.0,0.6,10.6,credit
2337,8,3306,6,2023-04-15 16:12:00,6.47,0.39,6.86,credit
2338,233,3307,5,2023-04-15 14:44:00,10.0,0.6,10.6,mobile
2339,171,3308,11,2023-04-15 09:59:00,4.5,0.27,4.77,credit
2340,77,3309,5,2023-04-15 11:29:00,10.0,0.6,10.6,mobile
2341,165,3310,3,2023-04-15 10:45:00,9.5,0.57,10.07,mobile
2342,143,3313,6,2023-04-16 15:59:00,19.5,1.17,20.67,mobile
2343,78,3315,11,2023-04-16 13:41:00,5.79,0.35,6.14,debit
2344,213,3316,5,2023-04-16 14:41:00,17.0,1.02,18.02,credit
2345,232,3317,7,2023-04-16 14:42:00,20.98,1.26,22.24,credit
2346,194,3318,4,2023-04-16 14:59:00,4.0,0.24,4.24,debit
2347,103,3320,3,2023-04-16 15:29:00,8.44,0.51,8.95,credit
2348,38,3321,4,2023-04-16 09:19:00,9.87,0.59,10.46,credit
2349,143,3322,13,2023-04-16 13:59:00,4.5,0.27,4.77,credit
2350,2,3324,4,2023-04-16 11:29:00,5.25,0.32,5.57,mobile
2351,231,3325,13,2023-04-16 14:18:00,9.5,0.57,10.07,mobile
2352,69,3326,12,2023-04-16 13:59:00,7.0,0.42,7.42,credit
2353,56,3327,3,2023-04-16 16:54:00,10.71,0.64,11.35,credit
2354,189,3328,11,2023-04-16 15:49:00,10.0,0.6,10.6,credit
2355,217,3329,3,2023-04-16 16:37:00,26.03,1.56,27.59,credit
2356,77,3330,6,2023-04-16 13:59:00,44.5,2.67,47.17,mobile
2357,143,3331,12,2023-04-16 14:43:00,11.0,0.66,11.66,mobile
2358,179,3332,6,2023-04-17 11:17:00,13.61,0.82,14.43,credit
2359,237,3334,2,2023-04-17 09:32:00,9.5,0.57,10.07,mobile
2360,56,3335,7,2023-04-17 13:46:00,10.71,0.64,11.35,debit
2361,4,3336,5,2023-04-17 12:43:00,21.06,1.26,22.32,credit
2362,1,3338,13,2023-04-17 14:59:00,8.0,0.48,8.48,mobile
2363,56,3339,7,2023-04-17 16:56:00,20.71,1.24,21.95,mobile
2364,8,3340,6,2023-04-17 14:59:00,4.47,0.27,4.74,mobile
2365,42,3342,7,2023-04-17 16:56:00,6.15,0.37,6.52,debit
2366,77,3343,4,2023-04-17 10:44:00,48.0,2.88,50.88,mobile
2367,204,3344,1,2023-04-17 16:39:00,4.0,0.24,4.24,credit
2368,217,3346,7,2023-04-17 15:55:00,6.53,0.39,6.92,mobile
2369,35,3347,13,2023-04-17 13:40:00,8.0,0.48,8.48,mobile
2370,2,3348,11,2023-04-17 15:42:00,9.25,0.55,9.8,credit
2371,206,3349,13,2023-04-17 15:59:00,6.65,0.4,7.05,credit
2372,11,3350,3,2023-04-18 10:18:00,54.5,3.27,57.77,credit
2373,235,3351,3,2023-04-18 14:22:00,16.0,0.96,16.96,mobile
2374,237,3352,2,2023-04-18 12:59:00,9.5,0.57,10.07,credit
2375,80,3353,11,2023-04-18 11:12:00,12.0,0.72,12.72,credit
2376,105,3354,5,2023-04-18 16:55:00,14.0,0.84,14.84,mobile
2377,206,3357,5,2023-04-18 13:32:00,26.15,1.57,27.72,mobile
2378,5,3358,2,2023-04-18 09:10:00,6.5,0.39,6.89,credit
2379,92,3361,2,2023-04-18 16:52:00,6.5,0.39,6.89,credit
2380,6,3362,7,2023-04-18 11:46:00,23.0,1.38,24.38,credit
2381,60,3363,14,2023-04-19 13:46:00,29.5,1.77,31.27,credit
2382,11,3364,2,2023-04-19 11:14:00,6.0,0.36,6.36,mobile
2383,2,3365,13,2023-04-19 15:59:00,5.75,0.34,6.09,debit
2384,27,3366,1,2023-04-19 14:56:00,31.71,1.9,33.61,credit
2385,2,3369,6,2023-04-19 11:14:00,9.75,0.58,10.33,mobile
2386,166,3371,3,2023-04-19 12:54:00,14.76,0.89,15.65,debit
2387,73,3372,2,2023-04-19 10:11:00,5.5,0.33,5.83,debit
2388,56,3373,6,2023-04-20 11:21:00,15.71,0.94,16.65,credit
2389,233,3374,10,2023-04-20 16:59:00,5.5,0.33,5.83,credit
2390,165,3375,10,2023-04-20 16:43:00,5.5,0.33,5.83,mobile
2391,39,3377,6,2023-04-20 15:37:00,12.0,0.72,12.72,credit
2392,121,3379,6,2023-04-20 15:11:00,5.5,0.33,5.83,mobile
2393,223,3380,12,2023-04-20 10:53:00,15.0,0.9,15.9,credit
2394,38,3381,7,2023-04-20 16:40:00,22.87,1.37,24.24,credit
2395,165,3384,3,2023-04-20 11:52:00,40.0,2.4,42.4,mobile
2396,14,3385,1,2023-04-20 15:12:00,16.33,0.98,17.31,credit
2397,3,3386,12,2023-04-20 10:28:00,4.5,0.27,4.77,credit
2398,186,3387,14,2023-04-20 13:41:00,4.0,0.24,4.24,debit
2399,98,3388,3,2023-04-20 15:27:00,4.0,0.24,4.24,debit
2400,240,3389,10,2023-04-21 12:11:00,4.5,0.27,4.77,credit
2401,52,3391,12,2023-04-21 12:41:00,28.5,1.71,30.21,mobile
2402,5,3392,6,2023-04-21 16:14:00,3.5,0.21,3.71,credit
2403,73,3393,12,2023-04-21 16:26:00,3.0,0.18,3.18,mobile
2404,73,3395,1,2023-04-21 14:55:00,4.5,0.27,4.77,mobile
2405,63,3397,14,2023-04-21 09:31:00,9.0,0.54,9.54,credit
2406,189,3398,2,2023-04-21 14:58:00,6.0,0.36,6.36,debit
2407,233,3401,13,2023-04-21 16:55:00,4.0,0.24,4.24,mobile
2408,56,3402,10,2023-04-21 09:31:00,7.21,0.43,7.64,credit
2409,98,3403,1,2023-04-22 13:33:00,4.5,0.27,4.77,mobile
2410,27,3405,2,2023-04-22 09:39:00,7.71,0.46,8.17,debit
2411,194,3406,13,2023-04-22 16:32:00,4.0,0.24,4.24,mobile
2412,3,3407,13,2023-04-22 15:25:00,3.5,0.21,3.71,mobile
2413,121,3408,13,2023-04-22 10:53:00,10.5,0.63,11.13,credit
2414,110,3409,3,2023-04-22 13:31:00,4.0,0.24,4.24,mobile
2415,208,3410,12,2023-04-22 11:59:00,11.05,0.66,11.71,credit
2416,110,3411,2,2023-04-22 11:59:00,8.0,0.48,8.48,mobile
2417,56,3413,11,2023-04-22 09:59:00,14.71,0.88,15.59,debit
2418,2,3415,1,2023-04-22 09:28:00,17.75,1.06,18.81,credit
2419,234,3416,13,2023-04-22 15:15:00,31.8,1.91,33.71,mobile
2420,38,3417,3,2023-04-22 12:31:00,5.37,0.32,5.69,credit
2421,21,3418,4,2023-04-22 11:59:00,31.04,1.86,32.9,mobile
2422,75,3419,7,2023-04-23 11:19:00,7.57,0.45,8.02,credit
2423,8,3422,13,2023-04-23 16:23:00,20.47,1.23,21.7,credit
2424,236,3423,11,2023-04-23 11:59:00,11.0,0.66,11.66,mobile
2425,2,3424,7,2023-04-23 10:59:00,10.75,0.65,11.4,mobile
2426,20,3426,14,2023-04-23 09:32:00,5.0,0.3,5.3,mobile
2427,68,3427,5,2023-04-23 12:51:00,8.0,0.48,8.48,credit
2428,3,3430,5,2023-04-23 11:52:00,4.5,0.27,4.77,credit
2429,240,3432,1,2023-04-23 16:53:00,8.0,0.48,8.48,debit
2430,126,3436,14,2023-04-24 10:27:00,35.5,2.13,37.63,credit
2431,82,3437,2,2023-04-24 10:59:00,3.0,0.18,3.18,credit
2432,143,3438,3,2023-04-24 12:28:00,4.0,0.24,4.24,mobile
2433,98,3442,14,2023-04-24 11:34:00,24.5,1.47,25.97,debit
2434,8,3444,1,2023-04-24 14:59:00,6.97,0.42,7.39,credit
2435,105,3446,4,2023-04-25 16:23:00,6.5,0.39,6.89,credit
2436,235,3448,6,2023-04-25 15:53:00,25.0,1.5,26.5,mobile
2437,235,3449,7,2023-04-25 13:42:00,17.0,1.02,18.02,mobile
2438,35,3450,4,2023-04-25 13:17:00,5.5,0.33,5.83,mobile
2439,238,3451,2,2023-04-25 13:13:00,18.34,1.1,19.44,debit
2440,2,3452,3,2023-04-26 16:48:00,5.25,0.32,5.57,credit
2441,92,3453,14,2023-04-26 16:57:00,6.5,0.39,6.89,debit
2442,231,3455,2,2023-04-26 15:42:00,6.0,0.36,6.36,credit
2443,179,3456,10,2023-04-26 09:26:00,9.11,0.55,9.66,debit
2444,234,3457,6,2023-04-26 11:58:00,6.8,0.41,7.21,mobile
2445,39,3458,14,2023-04-26 09:59:00,3.0,0.18,3.18,mobile
2446,82,3460,3,2023-04-26 11:33:00,5.5,0.33,5.83,credit
2447,189,3461,5,2023-04-26 16:18:00,14.0,0.84,14.84,mobile
2448,197,3462,12,2023-04-27 11:42:00,18.0,1.08,19.08,credit
2449,74,3463,13,2023-04-27 10:21:00,4.0,0.24,4.24,credit
2450,2,3464,13,2023-04-27 12:54:00,7.75,0.46,8.21,credit
2451,189,3465,1,2023-04-27 09:59:00,23.0,1.38,24.38,mobile
2452,3,3468,12,2023-04-27 15:59:00,16.0,0.96,16.96,credit
2453,110,3469,4,2023-04-27 14:59:00,9.0,0.54,9.54,mobile
2454,3,3470,11,2023-04-27 09:43:00,9.5,0.57,10.07,credit
2455,240,3471,10,2023-04-27 16:29:00,3.5,0.21,3.71,credit
2456,179,3472,4,2023-04-27 10:23:00,9.11,0.55,9.66,debit
2457,233,3473,5,2023-04-27 10:25:00,14.0,0.84,14.84,credit
2458,71,3474,12,2023-04-27 14:46:00,4.5,0.27,4.77,debit
2459,74,3475,6,2023-04-27 12:35:00,12.0,0.72,12.72,mobile
2460,196,3476,7,2023-04-27 16:53:00,9.5,0.57,10.07,credit
2461,56,3478,10,2023-04-28 16:46:00,5.71,0.34,6.05,credit
2462,2,3479,5,2023-04-28 14:58:00,9.25,0.55,9.8,mobile
2463,52,3480,7,2023-04-28 11:45:00,19.5,1.17,20.67,debit
2464,238,3481,12,2023-04-28 14:44:00,6.84,0.41,7.25,credit
2465,25,3482,14,2023-04-28 15:56:00,5.5,0.33,5.83,credit
2466,180,3483,14,2023-04-29 13:40:00,21.0,1.26,22.26,mobile
2467,5,3484,11,2023-04-29 13:56:00,5.0,0.3,5.3,debit
2468,213,3485,14,2023-04-29 11:39:00,5.5,0.33,5.83,credit
2469,43,3487,6,2023-04-29 09:55:00,14.5,0.87,15.37,credit
2470,148,3489,2,2023-04-29 12:59:00,10.0,0.6,10.6,credit
2471,3,3490,12,2023-04-29 13:29:00,6.0,0.36,6.36,mobile
2472,208,3491,1,2023-04-29 13:59:00,8.55,0.51,9.06,debit
2473,143,3492,11,2023-04-29 13:12:00,4.5,0.27,4.77,mobile
2474,73,3493,12,2023-04-29 12:26:00,41.5,2.49,43.99,credit
2475,71,3494,7,2023-04-29 10:35:00,9.5,0.57,10.07,credit
2476,237,3495,2,2023-04-29 12:34:00,10.0,0.6,10.6,credit
2477,39,3496,1,2023-04-29 16:43:00,6.5,0.39,6.89,credit
2478,78,3497,6,2023-04-29 09:56:00,18.79,1.13,19.92,mobile
2479,77,3498,3,2023-04-29 15:58:00,9.5,0.57,10.07,debit
2480,240,3499,7,2023-04-29 15:45:00,54.5,3.27,57.77,debit
2481,59,3500,14,2023-04-29 14:59:00,7.1,0.43,7.53,credit
2482,56,3501,11,2023-04-29 14:45:00,4.71,0.28,4.99,credit
2483,217,3503,11,2023-04-29 13:56:00,21.03,1.26,22.29,credit
2484,6,3505,4,2023-04-30 13:56:00,10.0,0.6,10.6,debit
2485,196,3506,4,2023-04-30 09:15:00,6.0,0.36,6.36,mobile
2486,9,3507,7,2023-04-30 16:13:00,4.5,0.27,4.77,debit
2487,71,3508,13,2023-04-30 10:26:00,10.0,0.6,10.6,mobile
2488,7,3509,5,2023-04-30 16:42:00,6.5,0.39,6.89,debit
2489,21,3510,6,2023-04-30 15:59:00,34.54,2.07,36.61,mobile
2490,111,3511,3,2023-04-30 10:59:00,6.0,0.36,6.36,credit
2491,8,3512,1,2023-04-30 14:55:00,4.97,0.3,5.27,credit
2492,143,3514,10,2023-04-30 11:25:00,10.0,0.6,10.6,debit
2493,196,3515,12,2023-04-30 09:29:00,15.0,0.9,15.9,mobile
2494,38,3516,1,2023-04-30 15:13:00,7.37,0.44,7.81,credit
2495,186,3517,10,2023-04-30 13:45:00,8.0,0.48,8.48,debit
2496,58,3518,10,2023-04-30 14:59:00,7.0,0.42,7.42,credit
2497,57,3519,7,2023-05-01 13:47:00,30.0,1.8,31.8,mobile
2498,238,3520,12,2023-05-01 13:46:00,5.84,0.35,6.19,credit
2499,165,3522,3,2023-05-01 16:11:00,20.5,1.23,21.73,credit
2500,204,3523,13,2023-05-01 16:58:00,11.5,0.69,12.19,credit
2501,189,3524,11,2023-05-01 14:45:00,4.5,0.27,4.77,credit
2502,3,3525,13,2023-05-01 15:59:00,34.0,2.04,36.04,credit
2503,152,3526,2,2023-05-01 14:20:00,17.5,1.05,18.55,debit
2504,206,3528,7,2023-05-01 09:59:00,7.15,0.43,7.58,credit
2505,27,3529,6,2023-05-01 11:25:00,38.21,2.29,40.5,debit
2506,189,3530,7,2023-05-01 12:59:00,16.0,0.96,16.96,mobile
2507,11,3532,13,2023-05-01 12:12:00,10.0,0.6,10.6,mobile
2508,231,3533,12,2023-05-01 09:45:00,21.5,1.29,22.79,mobile
2509,103,3534,1,2023-05-02 12:56:00,23.44,1.41,24.85,debit
2510,71,3535,13,2023-05-02 13:51:00,52.0,3.12,55.12,credit
2511,154,3536,14,2023-05-02 12:59:00,5.5,0.33,5.83,credit
2512,179,3537,3,2023-05-02 13:11:00,4.61,0.28,4.89,mobile
2513,25,3539,11,2023-05-02 13:10:00,29.0,1.74,30.74,credit
2514,110,3540,1,2023-05-02 16:59:00,27.0,1.62,28.62,mobile
2515,42,3541,7,2023-05-02 13:43:00,5.15,0.31,5.46,debit
2516,56,3545,10,2023-05-02 15:29:00,5.21,0.31,5.52,credit
2517,232,3546,11,2023-05-02 09:51:00,43.48,2.61,46.09,mobile
2518,121,3548,4,2023-05-02 15:19:00,10.0,0.6,10.6,credit
2519,165,3550,14,2023-05-03 13:21:00,16.0,0.96,16.96,credit
2520,2,3551,12,2023-05-03 13:59:00,11.25,0.67,11.92,credit
2521,160,3552,11,2023-05-03 11:59:00,10.0,0.6,10.6,credit
2522,77,3553,2,2023-05-03 14:14:00,9.5,0.57,10.07,mobile
2523,186,3554,13,2023-05-03 13:21:00,8.0,0.48,8.48,debit
2524,59,3555,11,2023-05-03 12:28:00,14.6,0.88,15.48,credit
2525,60,3556,7,2023-05-03 16:41:00,15.0,0.9,15.9,mobile
2526,75,3557,11,2023-05-03 12:42:00,22.07,1.32,23.39,mobile
2527,110,3560,1,2023-05-03 16:58:00,4.5,0.27,4.77,credit
2528,183,3561,5,2023-05-03 10:59:00,9.5,0.57,10.07,debit
2529,217,3562,7,2023-05-03 16:38:00,7.03,0.42,7.45,mobile
2530,234,3563,11,2023-05-03 10:59:00,31.3,1.88,33.18,credit
2531,2,3565,14,2023-05-03 13:12:00,4.25,0.26,4.51,mobile
2532,172,3566,3,2023-05-03 11:57:00,9.0,0.54,9.54,mobile
2533,204,3568,4,2023-05-03 14:44:00,8.0,0.48,8.48,mobile
2534,172,3571,6,2023-05-04 09:59:00,5.0,0.3,5.3,debit
2535,240,3572,1,2023-05-04 15:30:00,3.0,0.18,3.18,credit
2536,71,3573,7,2023-05-04 11:59:00,4.5,0.27,4.77,mobile
2537,217,3574,4,2023-05-04 14:58:00,16.53,0.99,17.52,credit
2538,27,3577,5,2023-05-04 12:59:00,8.21,0.49,8.7,credit
2539,197,3578,2,2023-05-04 12:57:00,3.5,0.21,3.71,credit
2540,5,3580,12,2023-05-04 14:32:00,4.5,0.27,4.77,credit
2541,232,3582,10,2023-05-04 13:10:00,13.98,0.84,14.82,debit
2542,207,3584,1,2023-05-04 10:34:00,7.0,0.42,7.42,debit
2543,236,3585,1,2023-05-04 14:14:00,40.5,2.43,42.93,debit
2544,67,3586,3,2023-05-04 11:35:00,4.5,0.27,4.77,mobile
2545,3,3587,5,2023-05-04 11:59:00,4.0,0.24,4.24,mobile
2546,69,3588,3,2023-05-04 13:45:00,39.0,2.34,41.34,credit
2547,172,3590,10,2023-05-04 12:58:00,6.5,0.39,6.89,debit
2548,218,3591,13,2023-05-04 12:27:00,4.0,0.24,4.24,debit
2549,2,3592,7,2023-05-04 16:35:00,21.25,1.27,22.52,mobile
2550,165,3594,13,2023-05-05 16:40:00,13.5,0.81,14.31,debit
2551,5,3595,10,2023-05-05 10:59:00,31.0,1.86,32.86,mobile
2552,27,3596,6,2023-05-05 16:59:00,36.71,2.2,38.91,mobile
2553,154,3597,3,2023-05-05 13:30:00,4.0,0.24,4.24,credit
2554,73,3598,13,2023-05-05 13:59:00,4.0,0.24,4.24,credit
2555,16,3599,2,2023-05-05 10:23:00,5.5,0.33,5.83,debit
2556,207,3600,3,2023-05-05 11:28:00,6.0,0.36,6.36,debit
2557,191,3601,11,2023-05-05 12:15:00,11.94,0.72,12.66,mobile
2558,166,3602,10,2023-05-05 15:52:00,9.76,0.59,10.35,mobile
2559,73,3603,12,2023-05-05 16:59:00,7.0,0.42,7.42,credit
2560,25,3606,3,2023-05-05 11:32:00,4.0,0.24,4.24,debit
2561,27,3609,13,2023-05-06 11:54:00,16.71,1.0,17.71,credit
2562,59,3610,14,2023-05-06 11:26:00,28.6,1.72,30.32,debit
2563,103,3612,2,2023-05-06 15:59:00,14.44,0.87,15.31,credit
2564,194,3613,2,2023-05-06 13:42:00,3.5,0.21,3.71,mobile
2565,165,3614,7,2023-05-06 11:59:00,21.5,1.29,22.79,mobile
2566,238,3616,4,2023-05-06 11:59:00,5.84,0.35,6.19,credit
2567,198,3617,14,2023-05-06 15:59:00,16.0,0.96,16.96,mobile
2568,3,3618,1,2023-05-06 15:28:00,8.0,0.48,8.48,credit
2569,143,3619,13,2023-05-06 11:30:00,15.5,0.93,16.43,mobile
2570,238,3620,14,2023-05-06 11:45:00,18.34,1.1,19.44,mobile
2571,103,3622,12,2023-05-06 12:25:00,12.44,0.75,13.19,credit
2572,4,3623,3,2023-05-06 13:24:00,27.56,1.65,29.21,credit
2573,121,3624,11,2023-05-06 15:54:00,8.0,0.48,8.48,credit
2574,128,3628,13,2023-05-06 11:59:00,7.98,0.48,8.46,debit
2575,6,3629,4,2023-05-07 16:59:00,8.0,0.48,8.48,credit
2576,14,3630,14,2023-05-07 09:20:00,33.33,2.0,35.33,mobile
2577,77,3631,10,2023-05-07 15:30:00,19.0,1.14,20.14,mobile
2578,101,3633,14,2023-05-07 10:59:00,53.0,3.18,56.18,mobile
2579,218,3634,1,2023-05-07 10:59:00,4.5,0.27,4.77,credit
2580,184,3636,2,2023-05-07 15:46:00,11.28,0.68,11.96,credit
2581,9,3638,12,2023-05-07 09:56:00,6.0,0.36,6.36,mobile
2582,4,3639,10,2023-05-07 10:59:00,6.06,0.36,6.42,mobile
2583,71,3641,12,2023-05-07 12:58:00,4.0,0.24,4.24,mobile
2584,189,3642,4,2023-05-07 09:48:00,8.0,0.48,8.48,debit
2585,26,3644,13,2023-05-08 15:30:00,16.77,1.01,17.78,mobile
2586,208,3645,6,2023-05-08 16:45:00,30.55,1.83,32.38,mobile
2587,47,3646,10,2023-05-08 09:59:00,4.0,0.24,4.24,debit
2588,69,3649,7,2023-05-08 13:44:00,46.0,2.76,48.76,debit
2589,98,3650,4,2023-05-08 12:59:00,5.5,0.33,5.83,mobile
2590,27,3652,14,2023-05-08 11:59:00,21.21,1.27,22.48,credit
2591,7,3655,3,2023-05-08 15:43:00,13.5,0.81,14.31,credit
2592,88,3658,1,2023-05-08 10:37:00,7.0,0.42,7.42,debit
2593,88,3659,3,2023-05-08 11:22:00,33.0,1.98,34.98,mobile
2594,110,3660,5,2023-05-08 09:52:00,26.0,1.56,27.56,mobile
2595,143,3661,13,2023-05-08 15:13:00,18.5,1.11,19.61,mobile
2596,5,3662,5,2023-05-08 12:38:00,9.5,0.57,10.07,mobile
2597,196,3663,14,2023-05-08 09:32:00,10.0,0.6,10.6,credit
2598,175,3664,2,2023-05-08 14:59:00,9.41,0.56,9.97,mobile
2599,206,3665,14,2023-05-09 15:59:00,13.65,0.82,14.47,credit
2600,198,3666,2,2023-05-09 14:55:00,6.5,0.39,6.89,credit
2601,172,3668,6,2023-05-09 15:59:00,8.0,0.48,8.48,credit
2602,110,3671,6,2023-05-09 11:55:00,27.5,1.65,29.15,credit
2603,128,3673,14,2023-05-09 14:10:00,9.48,0.57,10.05,mobile
2604,76,3677,5,2023-05-10 15:58:00,6.0,0.36,6.36,mobile
2605,234,3678,12,2023-05-10 15:15:00,6.8,0.41,7.21,debit
2606,11,3679,14,2023-05-10 10:44:00,8.0,0.48,8.48,credit
2607,56,3680,10,2023-05-10 11:19:00,9.21,0.55,9.76,debit
2608,27,3681,2,2023-05-10 12:59:00,17.21,1.03,18.24,credit
2609,189,3682,2,2023-05-10 14:19:00,14.5,0.87,15.37,credit
2610,2,3683,10,2023-05-10 09:28:00,4.25,0.26,4.51,credit
2611,8,3684,7,2023-05-10 14:27:00,4.47,0.27,4.74,mobile
2612,25,3685,2,2023-05-10 09:33:00,7.0,0.42,7.42,credit
2613,2,3687,13,2023-05-10 15:59:00,5.25,0.32,5.57,mobile
2614,3,3688,13,2023-05-10 11:44:00,10.0,0.6,10.6,credit
2615,238,3690,6,2023-05-10 15:12:00,5.84,0.35,6.19,credit
2616,3,3691,11,2023-05-10 09:58:00,41.0,2.46,43.46,debit
2617,69,3693,5,2023-05-10 14:59:00,22.5,1.35,23.85,credit
2618,232,3694,5,2023-05-10 09:59:00,8.98,0.54,9.52,credit
2619,5,3695,1,2023-05-11 11:11:00,18.5,1.11,19.61,credit
2620,148,3696,13,2023-05-11 13:25:00,19.5,1.17,20.67,debit
2621,9,3697,7,2023-05-11 12:59:00,18.0,1.08,19.08,credit
2622,237,3698,6,2023-05-11 14:59:00,10.0,0.6,10.6,debit
2623,232,3700,13,2023-05-11 11:22:00,10.98,0.66,11.64,mobile
2624,232,3702,14,2023-05-11 16:21:00,28.48,1.71,30.19,credit
2625,69,3703,12,2023-05-11 11:11:00,10.0,0.6,10.6,mobile
2626,71,3704,11,2023-05-11 16:36:00,13.0,0.78,13.78,credit
2627,1,3705,6,2023-05-11 10:43:00,3.0,0.18,3.18,credit
2628,3,3706,6,2023-05-11 10:53:00,31.0,1.86,32.86,credit
2629,53,3707,7,2023-05-11 12:40:00,17.59,1.06,18.65,credit
2630,116,3708,3,2023-05-11 15:59:00,5.5,0.33,5.83,credit
2631,45,3711,11,2023-05-12 14:28:00,32.5,1.95,34.45,credit
2632,126,3713,5,2023-05-12 12:40:00,5.5,0.33,5.83,mobile
2633,84,3716,11,2023-05-12 14:22:00,5.5,0.33,5.83,mobile
2634,5,3718,4,2023-05-12 10:59:00,14.0,0.84,14.84,credit
2635,82,3720,12,2023-05-12 16:26:00,16.0,0.96,16.96,debit
2636,74,3721,4,2023-05-12 09:55:00,27.0,1.62,28.62,mobile
2637,56,3722,2,2023-05-12 15:16:00,21.21,1.27,22.48,credit
2638,88,3723,3,2023-05-13 11:26:00,5.5,0.33,5.83,credit
2639,149,3724,4,2023-05-13 10:28:00,7.02,0.42,7.44,credit
2640,166,3726,14,2023-05-13 16:26:00,8.76,0.53,9.29,mobile
2641,75,3727,11,2023-05-13 12:14:00,7.07,0.42,7.49,credit
2642,207,3728,6,2023-05-13 09:25:00,6.0,0.36,6.36,mobile
2643,5,3730,3,2023-05-13 10:18:00,7.0,0.42,7.42,mobile
2644,103,3731,7,2023-05-13 15:30:00,27.94,1.68,29.62,credit
2645,243,3733,5,2023-05-13 15:27:00,27.0,1.62,28.62,credit
2646,218,3734,10,2023-05-13 13:59:00,5.5,0.33,5.83,credit
2647,64,3735,3,2023-05-13 16:41:00,17.15,1.03,18.18,credit
2648,2,3736,6,2023-05-13 12:39:00,6.25,0.38,6.63,credit
2649,8,3737,2,2023-05-13 11:29:00,8.97,0.54,9.51,mobile
2650,207,3738,13,2023-05-13 13:45:00,5.0,0.3,5.3,mobile
2651,39,3740,13,2023-05-13 15:19:00,24.0,1.44,25.44,mobile
2652,217,3741,1,2023-05-13 12:59:00,9.03,0.54,9.57,debit
2653,73,3742,5,2023-05-13 14:59:00,6.0,0.36,6.36,debit
2654,165,3743,5,2023-05-13 12:15:00,12.5,0.75,13.25,credit
2655,75,3744,5,2023-05-13 12:35:00,12.57,0.75,13.32,credit
2656,47,3745,10,2023-05-13 16:52:00,33.0,1.98,34.98,debit
2657,238,3746,7,2023-05-13 10:51:00,15.34,0.92,16.26,mobile
2658,3,3747,13,2023-05-13 09:59:00,9.5,0.57,10.07,credit
2659,121,3748,7,2023-05-13 16:39:00,8.0,0.48,8.48,debit
2660,207,3749,10,2023-05-13 16:57:00,4.5,0.27,4.77,debit
2661,103,3750,1,2023-05-14 14:59:00,5.44,0.33,5.77,mobile
2662,35,3754,11,2023-05-14 10:59:00,30.0,1.8,31.8,credit
2663,125,3755,5,2023-05-14 14:29:00,17.39,1.04,18.43,mobile
2664,43,3757,7,2023-05-14 09:26:00,9.0,0.54,9.54,credit
2665,2,3759,6,2023-05-14 16:50:00,37.75,2.27,40.02,credit
2666,4,3760,10,2023-05-14 12:18:00,7.56,0.45,8.01,credit
2667,143,3761,5,2023-05-14 12:59:00,14.5,0.87,15.37,debit
2668,154,3764,4,2023-05-14 10:59:00,24.5,1.47,25.97,mobile
2669,2,3765,13,2023-05-14 13:27:00,5.75,0.34,6.09,debit
2670,148,3767,3,2023-05-14 09:38:00,9.5,0.57,10.07,mobile
2671,111,3768,11,2023-05-14 11:24:00,3.0,0.18,3.18,credit
2672,126,3769,14,2023-05-14 10:59:00,3.5,0.21,3.71,credit
2673,11,3770,6,2023-05-14 12:22:00,5.5,0.33,5.83,credit
2674,175,3773,10,2023-05-14 09:39:00,39.41,2.36,41.77,mobile
2675,77,3774,7,2023-05-14 13:59:00,7.0,0.42,7.42,debit
2676,160,3776,7,2023-05-14 13:59:00,8.0,0.48,8.48,credit
2677,236,3778,14,2023-05-15 15:59:00,16.0,0.96,16.96,mobile
2678,56,3779,14,2023-05-15 13:55:00,10.21,0.61,10.82,credit
2679,4,3784,4,2023-05-15 13:59:00,11.06,0.66,11.72,credit
2680,25,3785,11,2023-05-15 12:26:00,13.5,0.81,14.31,mobile
2681,59,3786,7,2023-05-15 12:59:00,19.6,1.18,20.78,mobile
2682,207,3787,11,2023-05-15 15:17:00,18.5,1.11,19.61,mobile
2683,73,3788,3,2023-05-15 14:59:00,10.0,0.6,10.6,debit
2684,126,3789,5,2023-05-16 09:57:00,3.5,0.21,3.71,credit
2685,179,3790,2,2023-05-16 15:58:00,19.61,1.18,20.79,credit
2686,2,3791,5,2023-05-16 15:43:00,7.75,0.46,8.21,debit
2687,71,3792,12,2023-05-16 13:23:00,4.0,0.24,4.24,credit
2688,183,3794,11,2023-05-16 14:23:00,3.0,0.18,3.18,credit
2689,189,3795,3,2023-05-16 09:51:00,18.5,1.11,19.61,debit
2690,2,3798,11,2023-05-16 11:59:00,14.25,0.85,15.1,debit
2691,165,3799,6,2023-05-16 16:59:00,19.0,1.14,20.14,credit
2692,234,3800,3,2023-05-16 11:25:00,7.3,0.44,7.74,credit
2693,204,3801,13,2023-05-16 13:44:00,4.0,0.24,4.24,mobile
2694,194,3802,3,2023-05-16 11:15:00,8.0,0.48,8.48,debit
2695,39,3804,1,2023-05-16 09:43:00,4.5,0.27,4.77,mobile
2696,82,3805,13,2023-05-16 14:30:00,10.0,0.6,10.6,credit
2697,204,3806,4,2023-05-16 12:26:00,5.5,0.33,5.83,credit
2698,207,3807,13,2023-05-16 10:59:00,8.0,0.48,8.48,credit
2699,206,3809,6,2023-05-16 15:42:00,10.65,0.64,11.29,mobile
2700,240,3810,14,2023-05-17 16:59:00,5.0,0.3,5.3,credit
2701,172,3811,1,2023-05-17 15:59:00,9.0,0.54,9.54,mobile
2702,53,3813,7,2023-05-17 14:40:00,5.59,0.34,5.93,mobile
2703,197,3814,3,2023-05-17 15:59:00,3.5,0.21,3.71,credit
2704,179,3815,1,2023-05-17 16:58:00,7.61,0.46,8.07,mobile
2705,198,3817,12,2023-05-17 11:59:00,6.0,0.36,6.36,mobile
2706,149,3818,3,2023-05-17 12:59:00,17.02,1.02,18.04,credit
2707,186,3819,10,2023-05-17 10:15:00,10.5,0.63,11.13,mobile
2708,166,3820,1,2023-05-17 14:53:00,11.76,0.71,12.47,mobile
2709,4,3821,7,2023-05-18 16:38:00,7.56,0.45,8.01,mobile
2710,1,3822,3,2023-05-18 15:59:00,6.5,0.39,6.89,debit
2711,27,3824,12,2023-05-18 11:39:00,8.21,0.49,8.7,credit
2712,15,3825,11,2023-05-18 13:43:00,4.5,0.27,4.77,mobile
2713,73,3827,2,2023-05-18 09:59:00,3.5,0.21,3.71,debit
2714,69,3829,1,2023-05-18 15:27:00,5.5,0.33,5.83,mobile
2715,232,3831,11,2023-05-18 14:59:00,16.48,0.99,17.47,credit
2716,238,3832,10,2023-05-18 12:30:00,8.34,0.5,8.84,debit
2717,179,3833,13,2023-05-18 10:58:00,38.61,2.32,40.93,debit
2718,118,3834,4,2023-05-18 15:29:00,32.04,1.92,33.96,credit
2719,56,3837,14,2023-05-18 10:26:00,25.21,1.51,26.72,credit
2720,92,3839,10,2023-05-19 14:55:00,4.0,0.24,4.24,credit
2721,217,3840,5,2023-05-19 14:19:00,10.53,0.63,11.16,debit
2722,184,3842,1,2023-05-19 16:48:00,11.28,0.68,11.96,credit
2723,52,3843,2,2023-05-19 11:59:00,38.0,2.28,40.28,mobile
2724,8,3845,12,2023-05-19 10:54:00,4.97,0.3,5.27,credit
2725,73,3846,5,2023-05-19 15:59:00,3.5,0.21,3.71,credit
2726,126,3847,4,2023-05-19 11:27:00,6.0,0.36,6.36,credit
2727,5,3848,10,2023-05-19 09:42:00,10.5,0.63,11.13,mobile
2728,236,3849,12,2023-05-19 14:59:00,21.5,1.29,22.79,credit
2729,111,3850,5,2023-05-20 14:59:00,10.0,0.6,10.6,mobile
2730,207,3851,6,2023-05-20 12:10:00,10.0,0.6,10.6,debit
2731,217,3852,1,2023-05-20 12:59:00,6.53,0.39,6.92,credit
2732,64,3854,6,2023-05-20 16:31:00,8.15,0.49,8.64,credit
2733,5,3856,13,2023-05-20 14:11:00,8.0,0.48,8.48,credit
2734,2,3858,10,2023-05-20 13:59:00,24.25,1.45,25.7,credit
2735,67,3860,12,2023-05-20 16:57:00,8.0,0.48,8.48,credit
2736,126,3861,7,2023-05-20 12:12:00,30.5,1.83,32.33,mobile
2737,4,3862,11,2023-05-20 13:19:00,19.06,1.14,20.2,credit
2738,204,3863,12,2023-05-20 16:51:00,4.0,0.24,4.24,debit
2739,1,3864,1,2023-05-20 14:52:00,23.0,1.38,24.38,credit
2740,189,3865,5,2023-05-20 10:20:00,4.5,0.27,4.77,credit
2741,200,3866,2,2023-05-20 16:40:00,4.0,0.24,4.24,credit
2742,52,3868,13,2023-05-21 10:59:00,6.0,0.36,6.36,mobile
2743,231,3869,12,2023-05-21 16:45:00,4.0,0.24,4.24,mobile
2744,107,3870,10,2023-05-21 12:41:00,9.46,0.57,10.03,debit
2745,194,3871,14,2023-05-21 13:59:00,4.0,0.24,4.24,mobile
2746,92,3872,11,2023-05-21 16:40:00,17.5,1.05,18.55,mobile
2747,179,3873,10,2023-05-21 14:50:00,12.61,0.76,13.37,credit
2748,2,3874,2,2023-05-21 16:57:00,15.25,0.91,16.16,mobile
2749,56,3875,12,2023-05-21 12:59:00,20.71,1.24,21.95,credit
2750,47,3876,6,2023-05-21 12:11:00,24.0,1.44,25.44,credit
2751,110,3878,7,2023-05-21 13:36:00,14.0,0.84,14.84,credit
2752,165,3880,13,2023-05-21 16:59:00,11.0,0.66,11.66,credit
2753,128,3881,13,2023-05-21 13:39:00,5.48,0.33,5.81,credit
2754,63,3882,3,2023-05-21 14:59:00,10.0,0.6,10.6,credit
2755,207,3883,13,2023-05-21 13:58:00,25.0,1.5,26.5,debit
2756,243,3884,13,2023-05-22 10:57:00,7.0,0.42,7.42,mobile
2757,97,3885,3,2023-05-22 16:45:00,8.0,0.48,8.48,credit
2758,27,3886,5,2023-05-22 13:29:00,8.21,0.49,8.7,credit
2759,165,3887,4,2023-05-22 10:46:00,3.5,0.21,3.71,debit
2760,27,3888,6,2023-05-22 10:55:00,8.21,0.49,8.7,credit
2761,57,3889,3,2023-05-22 15:19:00,6.5,0.39,6.89,mobile
2762,38,3890,4,2023-05-22 11:59:00,22.87,1.37,24.24,mobile
2763,42,3891,13,2023-05-22 14:59:00,15.65,0.94,16.59,debit
2764,2,3893,2,2023-05-22 11:57:00,10.75,0.65,11.4,mobile
2765,217,3894,14,2023-05-22 11:59:00,13.53,0.81,14.34,credit
2766,2,3895,10,2023-05-22 09:47:00,14.75,0.89,15.64,mobile
2767,110,3897,11,2023-05-22 12:59:00,11.5,0.69,12.19,credit
2768,111,3899,1,2023-05-23 09:37:00,36.0,2.16,38.16,credit
2769,68,3900,12,2023-05-23 11:27:00,4.5,0.27,4.77,credit
2770,1,3901,14,2023-05-23 15:55:00,12.0,0.72,12.72,debit
2771,25,3902,13,2023-05-23 13:59:00,12.5,0.75,13.25,mobile
2772,36,3903,13,2023-05-23 16:41:00,9.79,0.59,10.38,debit
2773,118,3905,14,2023-05-23 15:46:00,9.54,0.57,10.11,mobile
2774,208,3906,7,2023-05-23 09:37:00,7.05,0.42,7.47,credit
2775,43,3907,5,2023-05-23 13:59:00,12.0,0.72,12.72,credit
2776,71,3908,2,2023-05-23 12:53:00,9.0,0.54,9.54,mobile
2777,71,3910,2,2023-05-24 11:59:00,5.0,0.3,5.3,mobile
2778,118,3911,3,2023-05-24 13:33:00,33.04,1.98,35.02,credit
2779,120,3912,1,2023-05-24 12:53:00,5.09,0.31,5.4,debit
2780,2,3913,2,2023-05-24 12:19:00,15.75,0.94,16.69,credit
2781,217,3914,10,2023-05-24 16:58:00,10.03,0.6,10.63,debit
2782,179,3916,5,2023-05-24 13:18:00,31.11,1.87,32.98,credit
2783,82,3917,4,2023-05-24 11:42:00,8.0,0.48,8.48,debit
2784,240,3918,5,2023-05-24 16:47:00,4.0,0.24,4.24,credit
2785,2,3921,4,2023-05-24 10:59:00,5.75,0.34,6.09,debit
2786,9,3922,10,2023-05-24 14:43:00,8.0,0.48,8.48,debit
2787,21,3923,14,2023-05-25 15:42:00,10.04,0.6,10.64,credit
2788,165,3924,7,2023-05-25 12:24:00,3.5,0.21,3.71,mobile
2789,52,3925,13,2023-05-25 12:53:00,11.0,0.66,11.66,mobile
2790,218,3927,10,2023-05-25 11:55:00,8.0,0.48,8.48,mobile
2791,179,3929,6,2023-05-25 13:22:00,5.61,0.34,5.95,credit
2792,98,3930,7,2023-05-25 15:21:00,12.0,0.72,12.72,mobile
2793,110,3931,1,2023-05-25 16:31:00,26.0,1.56,27.56,mobile
2794,1,3933,5,2023-05-26 10:56:00,8.0,0.48,8.48,credit
2795,172,3935,4,2023-05-26 14:32:00,29.5,1.77,31.27,credit
2796,52,3936,3,2023-05-26 11:21:00,6.0,0.36,6.36,mobile
2797,189,3937,14,2023-05-26 12:21:00,5.0,0.3,5.3,debit
2798,42,3938,13,2023-05-26 12:59:00,11.65,0.7,12.35,credit
2799,204,3939,4,2023-05-26 09:54:00,4.0,0.24,4.24,debit
2800,237,3940,6,2023-05-26 13:18:00,4.5,0.27,4.77,debit
2801,238,3942,14,2023-05-26 16:59:00,10.34,0.62,10.96,mobile
2802,179,3943,4,2023-05-26 12:44:00,26.11,1.57,27.68,credit
2803,110,3944,10,2023-05-26 11:59:00,10.0,0.6,10.6,credit
2804,186,3945,4,2023-05-27 15:59:00,16.0,0.96,16.96,credit
2805,186,3946,14,2023-05-27 11:31:00,15.0,0.9,15.9,mobile
2806,67,3948,11,2023-05-27 14:59:00,12.5,0.75,13.25,credit
2807,121,3949,11,2023-05-27 11:32:00,8.0,0.48,8.48,mobile
2808,189,3950,6,2023-05-27 11:17:00,5.5,0.33,5.83,debit
2809,47,3952,11,2023-05-27 16:21:00,38.0,2.28,40.28,debit
2810,237,3953,5,2023-05-27 12:55:00,10.0,0.6,10.6,credit
2811,120,3954,13,2023-05-27 12:59:00,16.59,1.0,17.59,mobile
2812,8,3955,2,2023-05-27 14:17:00,8.97,0.54,9.51,mobile
2813,179,3956,5,2023-05-27 11:12:00,53.61,3.22,56.83,credit
2814,180,3957,12,2023-05-27 11:55:00,4.0,0.24,4.24,credit
2815,5,3958,10,2023-05-27 10:28:00,6.0,0.36,6.36,debit
2816,5,3959,2,2023-05-27 10:39:00,8.0,0.48,8.48,credit
2817,179,3960,10,2023-05-27 11:29:00,22.61,1.36,23.97,credit
2818,15,3961,12,2023-05-27 14:45:00,12.0,0.72,12.72,credit
2819,232,3962,7,2023-05-27 13:59:00,6.98,0.42,7.4,credit
2820,178,3963,2,2023-05-27 09:13:00,16.0,0.96,16.96,credit
2821,73,3964,4,2023-05-27 13:32:00,17.0,1.02,18.02,credit
2822,118,3966,13,2023-05-27 16:57:00,9.54,0.57,10.11,mobile
2823,189,3967,2,2023-05-27 12:50:00,13.5,0.81,14.31,mobile
2824,13,3968,5,2023-05-27 14:57:00,4.5,0.27,4.77,credit
2825,43,3969,7,2023-05-27 16:30:00,12.5,0.75,13.25,mobile
2826,15,3970,6,2023-05-27 16:42:00,12.0,0.72,12.72,credit
2827,7,3972,12,2023-05-27 11:43:00,18.0,1.08,19.08,mobile
2828,111,3973,12,2023-05-27 09:25:00,5.5,0.33,5.83,credit
2829,8,3974,14,2023-05-28 10:52:00,8.97,0.54,9.51,mobile
2830,107,3976,5,2023-05-28 16:59:00,13.46,0.81,14.27,credit
2831,52,3977,7,2023-05-28 11:36:00,8.0,0.48,8.48,credit
2832,243,3979,2,2023-05-28 09:43:00,8.0,0.48,8.48,mobile
2833,208,3980,14,2023-05-28 16:59:00,11.05,0.66,11.71,credit
2834,2,3981,13,2023-05-28 10:11:00,8.25,0.49,8.74,credit
2835,1,3982,6,2023-05-28 14:31:00,8.0,0.48,8.48,credit
2836,31,3983,3,2023-05-28 14:12:00,33.5,2.01,35.51,credit
2837,223,3984,2,2023-05-28 15:55:00,17.0,1.02,18.02,credit
2838,240,3985,13,2023-05-28 15:59:00,7.0,0.42,7.42,credit
2839,92,3986,14,2023-05-28 10:20:00,16.0,0.96,16.96,debit
2840,103,3987,14,2023-05-28 14:31:00,6.44,0.39,6.83,debit
2841,240,3988,12,2023-05-28 14:56:00,8.0,0.48,8.48,mobile
2842,35,3989,10,2023-05-28 16:59:00,23.0,1.38,24.38,mobile
2843,92,3990,4,2023-05-28 12:42:00,33.5,2.01,35.51,mobile
2844,105,3993,2,2023-05-28 14:24:00,4.5,0.27,4.77,credit
2845,88,3995,12,2023-05-28 14:45:00,7.0,0.42,7.42,mobile
2846,38,3996,11,2023-05-28 13:59:00,9.87,0.59,10.46,debit
2847,186,3998,3,2023-05-28 15:33:00,13.0,0.78,13.78,credit
2848,57,3999,5,2023-05-29 10:59:00,7.0,0.42,7.42,debit
2849,180,4000,10,2023-05-29 11:33:00,5.5,0.33,5.83,credit
2850,114,4002,13,2023-05-29 16:14:00,6.0,0.36,6.36,credit
2851,197,4004,4,2023-05-29 15:40:00,9.0,0.54,9.54,credit
2852,101,4005,5,2023-05-29 16:42:00,23.0,1.38,24.38,mobile
2853,92,4006,11,2023-05-29 11:41:00,8.0,0.48,8.48,credit
2854,25,4008,14,2023-05-29 16:16:00,26.0,1.56,27.56,credit
2855,56,4009,6,2023-05-29 10:49:00,9.21,0.55,9.76,credit
2856,103,4010,2,2023-05-29 16:44:00,4.94,0.3,5.24,mobile
2857,74,4011,6,2023-05-29 13:40:00,8.0,0.48,8.48,credit
2858,98,4012,7,2023-05-29 15:29:00,12.0,0.72,12.72,mobile
2859,248,4013,6,2023-05-29 09:41:00,8.0,0.48,8.48,mobile
2860,59,4015,6,2023-05-29 10:59:00,21.6,1.3,22.9,credit
2861,2,4017,12,2023-05-30 10:22:00,10.75,0.65,11.4,credit
2862,56,4018,12,2023-05-30 10:39:00,7.21,0.43,7.64,credit
2863,6,4019,7,2023-05-30 13:14:00,4.5,0.27,4.77,credit
2864,115,4020,10,2023-05-30 16:15:00,9.0,0.54,9.54,credit
2865,183,4021,13,2023-05-30 14:59:00,5.0,0.3,5.3,mobile
2866,217,4023,10,2023-05-30 13:42:00,5.03,0.3,5.33,mobile
2867,114,4024,7,2023-05-30 14:27:00,6.0,0.36,6.36,mobile
2868,160,4025,2,2023-05-30 15:46:00,7.0,0.42,7.42,credit
2869,189,4026,4,2023-05-30 13:52:00,5.0,0.3,5.3,credit
2870,69,4027,4,2023-05-30 11:20:00,9.0,0.54,9.54,credit
2871,6,4028,14,2023-05-30 11:34:00,9.0,0.54,9.54,credit
2872,52,4029,10,2023-05-30 13:48:00,7.5,0.45,7.95,credit
2873,217,4030,12,2023-05-30 09:59:00,5.53,0.33,5.86,mobile
2874,118,4032,3,2023-05-30 16:50:00,32.54,1.95,34.49,mobile
2875,240,4035,11,2023-05-31 16:53:00,6.0,0.36,6.36,debit
2876,236,4036,6,2023-05-31 09:59:00,20.0,1.2,21.2,credit
2877,217,4038,5,2023-05-31 12:51:00,11.03,0.66,11.69,debit
2878,235,4039,3,2023-05-31 13:39:00,17.5,1.05,18.55,debit
2879,1,4040,12,2023-05-31 16:37:00,13.0,0.78,13.78,debit
2880,27,4041,1,2023-05-31 09:43:00,6.21,0.37,6.58,credit
2881,1,4042,2,2023-05-31 15:58:00,20.0,1.2,21.2,credit
2882,184,4043,6,2023-05-31 15:59:00,6.28,0.38,6.66,mobile
2883,180,4044,1,2023-05-31 12:59:00,9.0,0.54,9.54,mobile
2884,121,4045,7,2023-05-31 14:32:00,26.0,1.56,27.56,debit
2885,232,4047,13,2023-06-01 12:28:00,34.98,2.1,37.08,credit
2886,107,4048,3,2023-06-01 13:59:00,10.46,0.63,11.09,debit
2887,76,4050,7,2023-06-01 15:59:00,13.5,0.81,14.31,credit
2888,231,4051,14,2023-06-01 11:23:00,4.0,0.24,4.24,mobile
2889,6,4052,1,2023-06-01 12:28:00,35.5,2.13,37.63,debit
2890,4,4053,14,2023-06-01 12:50:00,38.06,2.28,40.34,mobile
2891,233,4055,7,2023-06-01 12:34:00,4.5,0.27,4.77,mobile
2892,237,4057,12,2023-06-01 12:26:00,18.5,1.11,19.61,credit
2893,74,4058,7,2023-06-01 14:26:00,16.0,0.96,16.96,mobile
2894,105,4059,11,2023-06-01 12:58:00,23.0,1.38,24.38,credit
2895,110,4060,1,2023-06-01 15:59:00,18.0,1.08,19.08,debit
2896,103,4062,4,2023-06-02 12:59:00,16.44,0.99,17.43,mobile
2897,118,4064,5,2023-06-02 09:14:00,5.54,0.33,5.87,credit
2898,13,4066,13,2023-06-02 12:59:00,4.5,0.27,4.77,credit
2899,110,4068,10,2023-06-02 16:54:00,8.0,0.48,8.48,credit
2900,189,4069,2,2023-06-02 14:57:00,4.0,0.24,4.24,credit
2901,204,4070,2,2023-06-02 14:59:00,7.0,0.42,7.42,credit
2902,2,4071,13,2023-06-02 11:29:00,6.75,0.4,7.15,mobile
2903,40,4072,6,2023-06-02 16:55:00,4.34,0.26,4.6,credit
2904,115,4073,10,2023-06-02 14:24:00,11.0,0.66,11.66,mobile
2905,63,4074,2,2023-06-03 12:59:00,8.0,0.48,8.48,debit
2906,189,4075,3,2023-06-03 11:59:00,6.5,0.39,6.89,mobile
2907,71,4078,11,2023-06-03 09:19:00,3.0,0.18,3.18,mobile
2908,200,4079,10,2023-06-03 13:50:00,5.5,0.33,5.83,credit
2909,3,4080,12,2023-06-03 16:35:00,5.5,0.33,5.83,credit
2910,217,4084,14,2023-06-03 13:48:00,20.03,1.2,21.23,debit
2911,3,4085,2,2023-06-03 13:43:00,24.0,1.44,25.44,credit
2912,189,4086,11,2023-06-03 11:54:00,5.5,0.33,5.83,mobile
2913,15,4087,14,2023-06-03 12:36:00,3.0,0.18,3.18,mobile
2914,13,4089,6,2023-06-03 09:36:00,4.5,0.27,4.77,credit
2915,3,4090,1,2023-06-03 14:18:00,6.0,0.36,6.36,credit
2916,103,4091,14,2023-06-03 16:35:00,26.44,1.59,28.03,mobile
2917,238,4092,4,2023-06-03 10:59:00,8.84,0.53,9.37,credit
2918,25,4094,13,2023-06-03 16:59:00,31.0,1.86,32.86,mobile
2919,25,4097,1,2023-06-04 14:59:00,3.0,0.18,3.18,mobile
2920,73,4098,3,2023-06-04 16:42:00,8.0,0.48,8.48,credit
2921,207,4099,1,2023-06-04 10:14:00,22.0,1.32,23.32,credit
2922,213,4100,3,2023-06-04 12:28:00,8.0,0.48,8.48,credit
2923,63,4101,13,2023-06-04 13:52:00,8.0,0.48,8.48,credit
2924,68,4103,7,2023-06-04 10:59:00,7.0,0.42,7.42,credit
2925,98,4104,13,2023-06-04 11:59:00,8.0,0.48,8.48,credit
2926,98,4105,11,2023-06-04 12:46:00,5.5,0.33,5.83,credit
2927,189,4107,11,2023-06-04 13:59:00,4.0,0.24,4.24,credit
2928,8,4108,2,2023-06-04 11:59:00,23.47,1.41,24.88,mobile
2929,27,4109,7,2023-06-04 10:57:00,12.71,0.76,13.47,credit
2930,15,4112,3,2023-06-04 16:18:00,4.5,0.27,4.77,mobile
2931,196,4113,10,2023-06-04 15:59:00,16.0,0.96,16.96,debit
2932,107,4114,14,2023-06-05 13:59:00,13.46,0.81,14.27,credit
2933,186,4115,7,2023-06-05 12:42:00,19.5,1.17,20.67,credit
2934,64,4116,14,2023-06-05 13:11:00,14.15,0.85,15.0,mobile
2935,233,4117,11,2023-06-05 16:26:00,8.0,0.48,8.48,credit
2936,73,4118,4,2023-06-05 11:15:00,16.0,0.96,16.96,mobile
2937,125,4119,2,2023-06-05 16:55:00,17.89,1.07,18.96,credit
2938,165,4120,12,2023-06-05 11:22:00,7.0,0.42,7.42,mobile
2939,186,4122,2,2023-06-05 10:59:00,18.0,1.08,19.08,mobile
2940,208,4123,6,2023-06-05 13:40:00,49.55,2.97,52.52,mobile
2941,137,4124,1,2023-06-05 12:45:00,19.5,1.17,20.67,credit
2942,2,4125,6,2023-06-05 15:45:00,10.75,0.65,11.4,credit
2943,14,4126,11,2023-06-05 10:59:00,9.83,0.59,10.42,credit
2944,233,4127,10,2023-06-06 10:27:00,9.5,0.57,10.07,credit
2945,69,4129,5,2023-06-06 14:31:00,9.5,0.57,10.07,mobile
2946,27,4132,13,2023-06-06 15:35:00,7.21,0.43,7.64,credit
2947,2,4135,1,2023-06-06 10:41:00,14.25,0.85,15.1,credit
2948,143,4137,11,2023-06-06 12:18:00,9.5,0.57,10.07,mobile
2949,218,4140,1,2023-06-06 12:57:00,25.0,1.5,26.5,credit
2950,39,4141,12,2023-06-06 14:16:00,8.5,0.51,9.01,credit
2951,36,4142,6,2023-06-07 15:30:00,5.79,0.35,6.14,mobile
2952,92,4143,11,2023-06-07 14:26:00,10.5,0.63,11.13,credit
2953,4,4145,11,2023-06-07 12:28:00,8.06,0.48,8.54,debit
2954,92,4146,14,2023-06-07 13:58:00,9.0,0.54,9.54,credit
2955,27,4147,6,2023-06-07 15:56:00,7.21,0.43,7.64,mobile
2956,2,4148,13,2023-06-07 10:30:00,6.75,0.4,7.15,credit
2957,9,4149,7,2023-06-07 12:43:00,24.5,1.47,25.97,credit
2958,165,4150,1,2023-06-07 16:29:00,6.0,0.36,6.36,debit
2959,73,4153,3,2023-06-07 13:23:00,27.5,1.65,29.15,credit
2960,186,4154,4,2023-06-07 12:17:00,8.0,0.48,8.48,credit
2961,128,4157,10,2023-06-08 16:28:00,24.98,1.5,26.48,credit
2962,58,4160,4,2023-06-08 15:41:00,6.0,0.36,6.36,debit
2963,64,4161,10,2023-06-08 11:25:00,6.65,0.4,7.05,credit
2964,128,4162,2,2023-06-08 10:15:00,7.48,0.45,7.93,mobile
2965,2,4163,3,2023-06-08 16:57:00,4.75,0.28,5.03,credit
2966,107,4165,3,2023-06-08 16:52:00,24.96,1.5,26.46,mobile
2967,98,4166,5,2023-06-08 11:13:00,6.5,0.39,6.89,mobile
2968,73,4167,12,2023-06-08 10:40:00,4.0,0.24,4.24,mobile
2969,1,4168,13,2023-06-08 09:10:00,33.5,2.01,35.51,mobile
2970,13,4169,6,2023-06-08 10:59:00,5.5,0.33,5.83,mobile
2971,11,4171,13,2023-06-08 10:58:00,10.0,0.6,10.6,mobile
2972,183,4172,3,2023-06-08 11:37:00,6.0,0.36,6.36,credit
2973,238,4173,6,2023-06-08 16:59:00,10.34,0.62,10.96,mobile
2974,218,4174,7,2023-06-08 12:25:00,4.0,0.24,4.24,credit
2975,56,4175,4,2023-06-08 10:44:00,9.21,0.55,9.76,credit
2976,148,4176,12,2023-06-08 14:59:00,5.5,0.33,5.83,credit
2977,107,4177,14,2023-06-08 12:23:00,10.46,0.63,11.09,credit
2978,7,4178,10,2023-06-08 14:38:00,11.0,0.66,11.66,credit
2979,56,4179,4,2023-06-09 09:43:00,11.21,0.67,11.88,credit
2980,92,4181,11,2023-06-09 14:59:00,14.5,0.87,15.37,mobile
2981,194,4183,12,2023-06-09 13:39:00,9.0,0.54,9.54,credit
2982,217,4184,5,2023-06-09 12:49:00,7.03,0.42,7.45,credit
2983,69,4188,1,2023-06-09 12:45:00,24.5,1.47,25.97,mobile
2984,218,4189,13,2023-06-09 13:54:00,3.0,0.18,3.18,credit
2985,101,4190,13,2023-06-09 11:59:00,5.5,0.33,5.83,mobile
2986,75,4191,2,2023-06-09 15:56:00,9.57,0.57,10.14,mobile
2987,69,4192,10,2023-06-09 15:41:00,24.5,1.47,25.97,mobile
2988,120,4193,2,2023-06-10 16:19:00,5.59,0.34,5.93,mobile
2989,233,4195,14,2023-06-10 11:34:00,4.0,0.24,4.24,debit
2990,198,4196,1,2023-06-10 15:23:00,10.0,0.6,10.6,credit
2991,218,4197,11,2023-06-10 12:59:00,8.0,0.48,8.48,credit
2992,240,4198,7,2023-06-10 14:59:00,23.5,1.41,24.91,mobile
2993,56,4199,13,2023-06-10 09:52:00,15.21,0.91,16.12,mobile
2994,165,4200,5,2023-06-10 15:58:00,3.5,0.21,3.71,credit
2995,69,4201,13,2023-06-10 11:55:00,8.0,0.48,8.48,credit
2996,238,4204,10,2023-06-10 13:37:00,7.84,0.47,8.31,mobile
2997,68,4205,11,2023-06-10 12:18:00,5.5,0.33,5.83,debit
2998,92,4206,6,2023-06-10 14:15:00,4.5,0.27,4.77,credit
2999,110,4208,12,2023-06-10 12:59:00,3.5,0.21,3.71,credit
3000,82,4209,5,2023-06-10 12:27:00,8.0,0.48,8.48,credit
3001,69,4211,1,2023-06-10 11:28:00,5.5,0.33,5.83,mobile
3002,76,4212,2,2023-06-10 14:55:00,11.0,0.66,11.66,credit
3003,183,4217,4,2023-06-10 10:33:00,10.0,0.6,10.6,credit
3004,118,4218,12,2023-06-10 16:17:00,9.54,0.57,10.11,credit
3005,165,4219,4,2023-06-10 10:41:00,8.0,0.48,8.48,mobile
3006,8,4221,1,2023-06-10 12:50:00,7.97,0.48,8.45,credit
3007,4,4222,11,2023-06-11 15:10:00,30.56,1.83,32.39,mobile
3008,68,4223,13,2023-06-11 09:59:00,27.0,1.62,28.62,mobile
3009,3,4224,11,2023-06-11 16:51:00,4.5,0.27,4.77,debit
3010,56,4227,13,2023-06-11 14:58:00,8.21,0.49,8.7,credit
3011,165,4228,13,2023-06-11 12:42:00,16.0,0.96,16.96,debit
3012,235,4230,5,2023-06-11 14:12:00,11.0,0.66,11.66,credit
3013,57,4231,2,2023-06-11 10:43:00,11.0,0.66,11.66,debit
3014,3,4235,4,2023-06-11 09:59:00,20.5,1.23,21.73,credit
3015,143,4236,13,2023-06-11 15:59:00,32.5,1.95,34.45,credit
3016,1,4238,12,2023-06-11 16:59:00,9.5,0.57,10.07,debit
3017,5,4239,11,2023-06-11 14:30:00,41.0,2.46,43.46,credit
3018,11,4241,13,2023-06-12 10:45:00,6.5,0.39,6.89,debit
3019,118,4243,14,2023-06-12 15:42:00,9.54,0.57,10.11,debit
3020,8,4245,11,2023-06-12 12:45:00,8.97,0.54,9.51,mobile
3021,8,4247,3,2023-06-12 14:25:00,7.47,0.45,7.92,credit
3022,107,4253,7,2023-06-12 11:52:00,6.96,0.42,7.38,debit
3023,137,4254,14,2023-06-13 16:10:00,5.5,0.33,5.83,credit
3024,3,4255,2,2023-06-13 16:25:00,11.0,0.66,11.66,mobile
3025,69,4257,6,2023-06-13 14:56:00,4.5,0.27,4.77,mobile
3026,217,4259,1,2023-06-13 10:30:00,11.03,0.66,11.69,debit
3027,8,4260,1,2023-06-13 15:59:00,35.47,2.13,37.6,mobile
3028,154,4261,13,2023-06-13 11:37:00,5.5,0.33,5.83,mobile
3029,77,4262,5,2023-06-13 11:59:00,15.5,0.93,16.43,credit
3030,179,4266,1,2023-06-14 12:53:00,7.61,0.46,8.07,credit
3031,92,4268,3,2023-06-14 14:32:00,4.0,0.24,4.24,mobile
3032,128,4269,12,2023-06-14 09:47:00,4.48,0.27,4.75,credit
3033,207,4271,3,2023-06-14 16:26:00,13.5,0.81,14.31,debit
3034,179,4272,5,2023-06-14 10:55:00,15.11,0.91,16.02,debit
3035,47,4274,13,2023-06-14 10:59:00,30.5,1.83,32.33,credit
3036,63,4276,3,2023-06-14 14:57:00,6.0,0.36,6.36,credit
3037,27,4277,12,2023-06-14 11:25:00,11.21,0.67,11.88,credit
3038,110,4278,4,2023-06-14 11:59:00,8.0,0.48,8.48,mobile
3039,165,4279,7,2023-06-14 13:46:00,9.5,0.57,10.07,credit
3040,217,4282,1,2023-06-15 16:53:00,9.03,0.54,9.57,credit
3041,52,4283,11,2023-06-15 11:27:00,4.5,0.27,4.77,credit
3042,5,4284,5,2023-06-15 15:58:00,6.5,0.39,6.89,mobile
3043,240,4287,11,2023-06-15 14:59:00,9.0,0.54,9.54,credit
3044,207,4288,10,2023-06-15 14:28:00,5.0,0.3,5.3,credit
3045,233,4291,7,2023-06-15 14:57:00,12.5,0.75,13.25,credit
3046,165,4292,4,2023-06-15 10:38:00,3.5,0.21,3.71,credit
3047,107,4294,5,2023-06-16 10:59:00,18.96,1.14,20.1,debit
3048,160,4295,2,2023-06-16 09:59:00,5.5,0.33,5.83,credit
3049,3,4296,2,2023-06-16 15:16:00,8.0,0.48,8.48,credit
3050,47,4297,11,2023-06-16 12:59:00,8.0,0.48,8.48,debit
3051,74,4298,2,2023-06-16 10:43:00,8.0,0.48,8.48,debit
3052,97,4301,1,2023-06-16 15:57:00,7.0,0.42,7.42,mobile
3053,2,4302,12,2023-06-16 15:47:00,9.25,0.55,9.8,mobile
3054,217,4303,4,2023-06-16 12:30:00,21.53,1.29,22.82,credit
3055,26,4307,12,2023-06-17 11:11:00,48.77,2.93,51.7,credit
3056,92,4308,3,2023-06-17 09:46:00,23.5,1.41,24.91,credit
3057,165,4310,11,2023-06-17 15:28:00,6.5,0.39,6.89,mobile
3058,186,4311,2,2023-06-17 10:27:00,10.0,0.6,10.6,credit
3059,64,4312,14,2023-06-17 10:55:00,5.65,0.34,5.99,debit
3060,160,4313,2,2023-06-17 12:16:00,7.5,0.45,7.95,mobile
3061,103,4320,14,2023-06-17 14:59:00,4.44,0.27,4.71,credit
3062,172,4322,10,2023-06-17 16:20:00,6.5,0.39,6.89,credit
3063,36,4323,4,2023-06-17 13:26:00,18.29,1.1,19.39,credit
3064,13,4324,2,2023-06-17 11:14:00,37.0,2.22,39.22,mobile
3065,27,4325,12,2023-06-17 09:49:00,10.71,0.64,11.35,debit
3066,107,4326,1,2023-06-17 14:50:00,20.46,1.23,21.69,credit
3067,232,4328,3,2023-06-18 10:44:00,5.48,0.33,5.81,mobile
3068,156,4329,6,2023-06-18 15:44:00,5.0,0.3,5.3,mobile
3069,52,4330,13,2023-06-18 10:33:00,6.0,0.36,6.36,credit
3070,240,4332,1,2023-06-18 09:50:00,5.5,0.33,5.83,mobile
3071,2,4333,14,2023-06-18 14:26:00,20.25,1.21,21.46,credit
3072,160,4335,7,2023-06-18 10:10:00,15.0,0.9,15.9,credit
3073,27,4336,6,2023-06-18 15:59:00,8.21,0.49,8.7,mobile
3074,77,4337,4,2023-06-18 11:25:00,21.0,1.26,22.26,credit
3075,172,4338,2,2023-06-18 12:58:00,15.0,0.9,15.9,mobile
3076,2,4339,6,2023-06-18 16:31:00,12.25,0.73,12.98,credit
3077,68,4340,1,2023-06-18 15:12:00,27.0,1.62,28.62,credit
3078,18,4342,11,2023-06-18 15:39:00,13.77,0.83,14.6,credit
3079,20,4343,11,2023-06-18 10:56:00,8.0,0.48,8.48,mobile
3080,69,4344,14,2023-06-18 16:25:00,9.5,0.57,10.07,credit
3081,179,4345,6,2023-06-18 10:10:00,27.61,1.66,29.27,debit
3082,223,4346,1,2023-06-19 09:50:00,31.0,1.86,32.86,mobile
3083,196,4348,10,2023-06-19 12:59:00,3.5,0.21,3.71,mobile
3084,4,4350,7,2023-06-19 13:59:00,5.56,0.33,5.89,mobile
3085,160,4351,3,2023-06-19 09:50:00,5.5,0.33,5.83,mobile
3086,43,4352,3,2023-06-19 15:56:00,17.5,1.05,18.55,debit
3087,2,4354,5,2023-06-19 09:44:00,6.75,0.4,7.15,mobile
3088,2,4360,3,2023-06-20 11:16:00,7.75,0.46,8.21,credit
3089,233,4364,2,2023-06-20 11:59:00,4.5,0.27,4.77,mobile
3090,84,4366,12,2023-06-20 13:17:00,5.5,0.33,5.83,credit
3091,12,4367,6,2023-06-20 16:41:00,4.0,0.24,4.24,mobile
3092,240,4371,10,2023-06-20 09:58:00,14.5,0.87,15.37,mobile
3093,237,4372,11,2023-06-20 10:59:00,10.0,0.6,10.6,debit
3094,222,4373,3,2023-06-21 15:40:00,8.0,0.48,8.48,mobile
3095,74,4374,5,2023-06-21 11:15:00,22.5,1.35,23.85,debit
3096,143,4375,14,2023-06-21 14:28:00,23.5,1.41,24.91,debit
3097,111,4376,12,2023-06-21 11:23:00,6.0,0.36,6.36,mobile
3098,5,4377,1,2023-06-21 13:27:00,9.5,0.57,10.07,credit
3099,2,4378,5,2023-06-21 09:59:00,11.25,0.67,11.92,mobile
3100,196,4379,12,2023-06-21 10:59:00,12.5,0.75,13.25,mobile
3101,4,4380,3,2023-06-21 10:59:00,9.06,0.54,9.6,mobile
3102,154,4381,13,2023-06-21 14:40:00,4.0,0.24,4.24,mobile
3103,120,4383,3,2023-06-21 13:42:00,8.09,0.49,8.58,mobile
3104,13,4384,1,2023-06-21 16:57:00,17.0,1.02,18.02,credit
3105,18,4385,13,2023-06-21 11:57:00,5.77,0.35,6.12,mobile
3106,47,4386,7,2023-06-21 11:19:00,3.5,0.21,3.71,mobile
3107,235,4387,12,2023-06-21 13:51:00,6.0,0.36,6.36,debit
3108,218,4389,13,2023-06-21 14:59:00,16.5,0.99,17.49,debit
3109,98,4390,13,2023-06-21 09:28:00,13.0,0.78,13.78,credit
3110,6,4391,13,2023-06-21 09:53:00,7.0,0.42,7.42,credit
3111,5,4392,6,2023-06-21 13:38:00,8.0,0.48,8.48,mobile
3112,64,4393,4,2023-06-21 14:59:00,5.65,0.34,5.99,debit
3113,82,4397,11,2023-06-22 15:59:00,16.0,0.96,16.96,credit
3114,101,4398,6,2023-06-22 11:38:00,12.0,0.72,12.72,credit
3115,180,4399,14,2023-06-22 10:37:00,7.0,0.42,7.42,credit
3116,189,4400,12,2023-06-22 12:42:00,10.0,0.6,10.6,mobile
3117,38,4401,7,2023-06-23 15:36:00,12.87,0.77,13.64,debit
3118,183,4402,11,2023-06-23 11:30:00,6.0,0.36,6.36,credit
3119,47,4403,6,2023-06-23 16:59:00,6.0,0.36,6.36,mobile
3120,27,4404,13,2023-06-23 11:55:00,6.71,0.4,7.11,credit
3121,5,4405,13,2023-06-23 12:14:00,20.0,1.2,21.2,credit
3122,118,4406,11,2023-06-23 14:39:00,15.54,0.93,16.47,credit
3123,26,4407,4,2023-06-23 12:20:00,5.27,0.32,5.59,credit
3124,72,4408,11,2023-06-23 14:16:00,21.53,1.29,22.82,debit
3125,74,4409,13,2023-06-23 12:56:00,10.0,0.6,10.6,credit
3126,82,4410,6,2023-06-23 13:47:00,20.5,1.23,21.73,credit
3127,92,4411,10,2023-06-23 10:17:00,3.0,0.18,3.18,credit
3128,5,4412,14,2023-06-23 13:49:00,4.0,0.24,4.24,mobile
3129,179,4413,13,2023-06-24 15:28:00,9.11,0.55,9.66,credit
3130,223,4415,4,2023-06-24 11:59:00,6.0,0.36,6.36,mobile
3131,43,4417,4,2023-06-24 09:43:00,23.0,1.38,24.38,mobile
3132,165,4418,7,2023-06-24 09:28:00,4.0,0.24,4.24,mobile
3133,58,4421,7,2023-06-24 14:32:00,8.0,0.48,8.48,credit
3134,74,4422,2,2023-06-24 10:17:00,5.5,0.33,5.83,credit
3135,75,4423,12,2023-06-24 16:41:00,9.57,0.57,10.14,credit
3136,184,4424,14,2023-06-24 12:59:00,12.78,0.77,13.55,mobile
3137,25,4425,14,2023-06-24 15:56:00,6.5,0.39,6.89,debit
3138,232,4426,12,2023-06-24 09:59:00,7.98,0.48,8.46,credit
3139,179,4428,10,2023-06-24 14:55:00,7.61,0.46,8.07,credit
3140,111,4429,5,2023-06-24 14:12:00,3.5,0.21,3.71,mobile
3141,237,4430,14,2023-06-25 14:57:00,4.0,0.24,4.24,mobile
3142,74,4431,5,2023-06-25 14:41:00,18.0,1.08,19.08,mobile
3143,237,4432,4,2023-06-25 16:13:00,24.0,1.44,25.44,mobile
3144,107,4433,10,2023-06-25 10:59:00,18.96,1.14,20.1,credit
3145,189,4435,1,2023-06-25 10:59:00,27.5,1.65,29.15,credit
3146,189,4436,4,2023-06-25 16:14:00,5.5,0.33,5.83,mobile
3147,1,4438,5,2023-06-25 14:44:00,5.5,0.33,5.83,debit
3148,237,4439,13,2023-06-25 11:31:00,45.5,2.73,48.23,mobile
3149,64,4440,1,2023-06-25 12:18:00,17.65,1.06,18.71,debit
3150,1,4441,14,2023-06-25 15:25:00,8.0,0.48,8.48,mobile
3151,52,4442,3,2023-06-25 10:43:00,5.5,0.33,5.83,credit
3152,5,4443,7,2023-06-25 15:45:00,6.5,0.39,6.89,debit
3153,232,4444,2,2023-06-25 13:58:00,10.48,0.63,11.11,credit
3154,236,4445,1,2023-06-25 12:59:00,6.0,0.36,6.36,mobile
3155,218,4446,12,2023-06-25 15:28:00,17.0,1.02,18.02,mobile
3156,1,4447,10,2023-06-25 16:54:00,8.0,0.48,8.48,credit
3157,197,4448,2,2023-06-25 14:14:00,6.0,0.36,6.36,credit
3158,111,4449,1,2023-06-25 15:41:00,9.5,0.57,10.07,debit
3159,121,4450,6,2023-06-25 15:59:00,4.0,0.24,4.24,credit
3160,77,4451,14,2023-06-25 10:59:00,4.0,0.24,4.24,mobile
3161,238,4452,13,2023-06-25 15:49:00,9.34,0.56,9.9,mobile
3162,126,4455,12,2023-06-25 14:42:00,10.0,0.6,10.6,credit
3163,3,4456,4,2023-06-25 14:16:00,13.5,0.81,14.31,mobile
3164,74,4457,5,2023-06-26 10:59:00,52.5,3.15,55.65,credit
3165,74,4460,14,2023-06-26 13:25:00,4.0,0.24,4.24,debit
3166,2,4461,12,2023-06-26 09:59:00,5.25,0.32,5.57,credit
3167,27,4463,7,2023-06-26 10:11:00,10.21,0.61,10.82,debit
3168,8,4464,3,2023-06-26 12:24:00,27.97,1.68,29.65,credit
3169,9,4465,14,2023-06-26 13:48:00,4.5,0.27,4.77,debit
3170,71,4466,2,2023-06-26 14:55:00,22.0,1.32,23.32,credit
3171,2,4467,6,2023-06-26 13:45:00,12.75,0.77,13.52,mobile
3172,233,4468,14,2023-06-26 10:29:00,19.0,1.14,20.14,credit
3173,73,4469,5,2023-06-26 12:46:00,5.5,0.33,5.83,credit
3174,240,4470,5,2023-06-26 10:29:00,8.0,0.48,8.48,debit
3175,189,4471,10,2023-06-26 15:42:00,17.5,1.05,18.55,credit
3176,56,4472,12,2023-06-27 11:30:00,37.71,2.26,39.97,credit
3177,103,4473,6,2023-06-27 15:22:00,4.94,0.3,5.24,debit
3178,161,4474,6,2023-06-27 13:59:00,15.62,0.94,16.56,credit
3179,143,4475,4,2023-06-27 14:48:00,3.5,0.21,3.71,mobile
3180,31,4476,10,2023-06-27 09:59:00,4.0,0.24,4.24,credit
3181,160,4478,2,2023-06-27 16:59:00,22.5,1.35,23.85,mobile
3182,240,4479,7,2023-06-27 14:40:00,5.5,0.33,5.83,credit
3183,8,4480,12,2023-06-27 09:39:00,13.47,0.81,14.28,mobile
3184,39,4481,13,2023-06-27 16:59:00,11.5,0.69,12.19,debit
3185,248,4482,5,2023-06-27 12:59:00,4.5,0.27,4.77,credit
3186,6,4485,7,2023-06-28 16:25:00,10.0,0.6,10.6,credit
3187,120,4486,5,2023-06-28 15:25:00,9.59,0.58,10.17,mobile
3188,201,4487,11,2023-06-28 09:26:00,5.5,0.33,5.83,debit
3189,35,4488,11,2023-06-28 10:17:00,18.5,1.11,19.61,credit
3190,235,4489,4,2023-06-28 09:40:00,20.5,1.23,21.73,debit
3191,217,4490,6,2023-06-28 10:29:00,4.53,0.27,4.8,mobile
3192,21,4491,10,2023-06-28 10:22:00,9.04,0.54,9.58,credit
3193,186,4494,6,2023-06-28 10:28:00,9.0,0.54,9.54,credit
3194,165,4496,14,2023-06-28 10:51:00,32.0,1.92,33.92,credit
3195,38,4498,5,2023-06-28 15:25:00,26.37,1.58,27.95,credit
3196,52,4499,2,2023-06-29 16:30:00,6.0,0.36,6.36,mobile
3197,240,4500,1,2023-06-29 10:40:00,14.0,0.84,14.84,credit
3198,73,4501,7,2023-06-29 15:26:00,5.5,0.33,5.83,credit
3199,240,4502,2,2023-06-29 11:45:00,5.5,0.33,5.83,credit
3200,25,4503,13,2023-06-29 13:13:00,13.0,0.78,13.78,mobile
3201,82,4504,4,2023-06-29 09:34:00,15.0,0.9,15.9,mobile
3202,92,4506,14,2023-06-29 14:43:00,4.0,0.24,4.24,credit
3203,231,4507,7,2023-06-29 11:14:00,26.5,1.59,28.09,mobile
3204,53,4509,6,2023-06-30 14:59:00,15.59,0.94,16.53,mobile
3205,4,4510,2,2023-06-30 12:30:00,9.06,0.54,9.6,credit
3206,67,4511,1,2023-06-30 12:36:00,4.5,0.27,4.77,mobile
3207,110,4513,3,2023-06-30 13:53:00,43.5,2.61,46.11,credit
3208,39,4514,14,2023-06-30 12:54:00,35.0,2.1,37.1,mobile
3209,15,4515,12,2023-06-30 11:24:00,12.0,0.72,12.72,mobile
3210,1,4516,10,2023-06-30 15:59:00,4.5,0.27,4.77,debit
3211,46,4519,10,2023-06-30 16:11:00,5.0,0.3,5.3,credit
3212,189,4522,7,2023-06-30 10:55:00,5.5,0.33,5.83,mobile
3213,4,4524,2,2023-07-01 12:31:00,16.06,0.96,17.02,mobile
3214,69,4525,7,2023-07-01 12:43:00,5.78,0.35,6.13,credit
3215,2,4526,1,2023-07-01 12:29:00,7.03,0.42,7.45,credit
3216,237,4527,3,2023-07-01 10:59:00,8.0,0.48,8.48,mobile
3217,142,4530,11,2023-07-01 14:59:00,9.42,0.57,9.99,credit
3218,160,4531,5,2023-07-01 14:59:00,9.28,0.56,9.84,mobile
3219,9,4534,3,2023-07-01 09:14:00,5.25,0.32,5.57,mobile
3220,172,4535,13,2023-07-01 16:49:00,19.0,1.14,20.14,mobile
3221,103,4536,10,2023-07-01 16:32:00,7.22,0.43,7.65,mobile
3222,2,4537,14,2023-07-01 10:55:00,7.03,0.42,7.45,credit
3223,192,4539,13,2023-07-01 12:41:00,6.5,0.39,6.89,credit
3224,236,4540,11,2023-07-01 13:16:00,5.78,0.35,6.13,mobile
3225,217,4541,14,2023-07-01 16:22:00,24.79,1.49,26.28,mobile
3226,137,4543,12,2023-07-01 10:59:00,22.78,1.37,24.15,mobile
3227,10,4544,10,2023-07-01 16:42:00,8.85,0.53,9.38,credit
3228,179,4545,3,2023-07-01 16:17:00,11.11,0.67,11.78,debit
3229,74,4546,7,2023-07-01 13:59:00,4.0,0.24,4.24,credit
3230,31,4547,13,2023-07-02 14:25:00,5.78,0.35,6.13,credit
3231,107,4548,6,2023-07-02 15:36:00,21.46,1.29,22.75,credit
3232,63,4549,3,2023-07-02 09:34:00,9.5,0.57,10.07,credit
3233,229,4551,1,2023-07-02 15:51:00,7.27,0.44,7.71,credit
3234,75,4552,1,2023-07-02 15:50:00,34.15,2.05,36.2,credit
3235,2,4553,11,2023-07-02 14:40:00,7.75,0.46,8.21,credit
3236,25,4555,11,2023-07-02 09:59:00,5.78,0.35,6.13,debit
3237,236,4556,5,2023-07-02 13:59:00,21.56,1.29,22.85,credit
3238,223,4557,14,2023-07-02 16:59:00,18.0,1.08,19.08,credit
3239,107,4558,6,2023-07-02 10:40:00,12.26,0.74,13.0,credit
3240,38,4561,2,2023-07-02 13:59:00,35.88,2.15,38.03,credit
3241,4,4562,12,2023-07-02 09:25:00,5.06,0.3,5.36,mobile
3242,186,4565,10,2023-07-03 12:44:00,16.0,0.96,16.96,credit
3243,218,4567,5,2023-07-03 16:58:00,5.78,0.35,6.13,debit
3244,67,4568,12,2023-07-03 11:24:00,5.78,0.35,6.13,credit
3245,243,4570,7,2023-07-04 12:30:00,15.0,0.9,15.9,credit
3246,4,4571,6,2023-07-04 14:56:00,9.06,0.54,9.6,credit
3247,5,4572,11,2023-07-04 09:28:00,4.5,0.27,4.77,mobile
3248,3,4573,2,2023-07-04 15:39:00,43.06,2.58,45.64,credit
3249,27,4574,2,2023-07-04 09:45:00,6.99,0.42,7.41,credit
3250,238,4575,2,2023-07-04 13:55:00,17.4,1.04,18.44,credit
3251,75,4576,13,2023-07-04 10:59:00,7.35,0.44,7.79,credit
3252,31,4577,10,2023-07-04 10:21:00,10.5,0.63,11.13,debit
3253,68,4578,4,2023-07-04 10:59:00,8.0,0.48,8.48,credit
3254,103,4579,4,2023-07-04 11:26:00,28.4,1.7,30.1,credit
3255,73,4580,1,2023-07-04 16:59:00,8.0,0.48,8.48,debit
3256,36,4582,10,2023-07-04 13:52:00,43.32,2.6,45.92,credit
3257,232,4584,2,2023-07-05 10:43:00,7.48,0.45,7.93,credit
3258,8,4586,12,2023-07-05 16:47:00,8.97,0.54,9.51,mobile
3259,248,4587,6,2023-07-05 11:12:00,8.0,0.48,8.48,credit
3260,103,4593,3,2023-07-05 11:30:00,34.78,2.09,36.87,credit
3261,21,4594,2,2023-07-05 13:59:00,7.82,0.47,8.29,debit
3262,198,4596,1,2023-07-05 13:29:00,5.78,0.35,6.13,debit
3263,110,4597,10,2023-07-05 13:12:00,3.5,0.21,3.71,mobile
3264,27,4598,1,2023-07-05 09:10:00,5.21,0.31,5.52,debit
3265,74,4599,5,2023-07-06 12:16:00,18.0,1.08,19.08,debit
3266,47,4600,5,2023-07-06 16:42:00,5.78,0.35,6.13,mobile
3267,101,4601,6,2023-07-06 10:44:00,11.56,0.69,12.25,mobile
3268,125,4605,4,2023-07-06 12:43:00,15.69,0.94,16.63,credit
3269,236,4607,3,2023-07-06 12:17:00,36.78,2.21,38.99,debit
3270,123,4609,4,2023-07-06 10:16:00,13.0,0.78,13.78,credit
3271,179,4610,2,2023-07-06 12:59:00,40.89,2.45,43.34,credit
3272,214,4611,4,2023-07-06 10:25:00,5.78,0.35,6.13,credit
3273,42,4613,12,2023-07-06 16:28:00,15.43,0.93,16.36,debit
3274,56,4614,12,2023-07-06 16:28:00,9.21,0.55,9.76,credit
3275,182,4615,4,2023-07-06 14:56:00,42.66,2.56,45.22,mobile
3276,179,4616,1,2023-07-06 13:30:00,7.61,0.46,8.07,credit
3277,165,4617,10,2023-07-06 10:15:00,7.0,0.42,7.42,mobile
3278,11,4618,13,2023-07-06 12:55:00,9.5,0.57,10.07,credit
3279,207,4619,7,2023-07-07 13:59:00,4.0,0.24,4.24,mobile
3280,204,4620,3,2023-07-07 12:25:00,52.28,3.14,55.42,credit
3281,92,4621,11,2023-07-07 13:28:00,5.78,0.35,6.13,debit
3282,78,4622,3,2023-07-07 10:42:00,17.79,1.07,18.86,debit
3283,196,4623,1,2023-07-07 16:22:00,14.5,0.87,15.37,credit
3284,2,4624,6,2023-07-07 13:10:00,9.25,0.55,9.8,credit
3285,74,4625,1,2023-07-07 12:18:00,25.6,1.54,27.14,mobile
3286,98,4626,11,2023-07-07 13:59:00,17.0,1.02,18.02,credit
3287,201,4628,2,2023-07-08 14:59:00,3.0,0.18,3.18,mobile
3288,126,4629,5,2023-07-08 15:59:00,14.0,0.84,14.84,mobile
3289,243,4631,2,2023-07-08 15:59:00,21.0,1.26,22.26,debit
3290,47,4632,12,2023-07-08 09:59:00,7.0,0.42,7.42,mobile
3291,14,4634,6,2023-07-08 13:59:00,47.83,2.87,50.7,credit
3292,8,4637,3,2023-07-08 09:44:00,19.35,1.16,20.51,mobile
3293,143,4639,10,2023-07-08 15:49:00,6.5,0.39,6.89,credit
3294,103,4640,11,2023-07-08 09:41:00,16.72,1.0,17.72,credit
3295,197,4641,7,2023-07-08 12:59:00,31.5,1.89,33.39,debit
3296,98,4642,4,2023-07-08 09:59:00,14.0,0.84,14.84,credit
3297,7,4644,2,2023-07-08 15:24:00,29.0,1.74,30.74,credit
3298,15,4645,10,2023-07-09 09:53:00,7.0,0.42,7.42,mobile
3299,8,4646,14,2023-07-09 15:59:00,5.47,0.33,5.8,mobile
3300,175,4648,3,2023-07-09 11:53:00,4.91,0.29,5.2,credit
3301,17,4649,12,2023-07-09 15:26:00,18.5,1.11,19.61,credit
3302,15,4650,1,2023-07-09 15:30:00,9.5,0.57,10.07,mobile
3303,118,4651,1,2023-07-09 10:59:00,6.79,0.41,7.2,mobile
3304,175,4652,12,2023-07-09 11:37:00,10.69,0.64,11.33,debit
3305,11,4654,7,2023-07-09 09:42:00,11.56,0.69,12.25,credit
3306,148,4655,13,2023-07-09 14:29:00,14.0,0.84,14.84,mobile
3307,235,4657,12,2023-07-09 10:40:00,22.0,1.32,23.32,mobile
3308,42,4658,13,2023-07-09 15:26:00,7.43,0.45,7.88,credit
3309,186,4660,5,2023-07-09 14:23:00,8.0,0.48,8.48,credit
3310,197,4662,5,2023-07-09 15:43:00,4.0,0.24,4.24,debit
3311,7,4663,11,2023-07-09 12:59:00,3.5,0.21,3.71,debit
3312,4,4664,12,2023-07-09 10:59:00,48.81,2.93,51.74,mobile
3313,75,4666,13,2023-07-10 13:59:00,10.3,0.62,10.92,mobile
3314,56,4667,13,2023-07-10 16:59:00,13.81,0.83,14.64,credit
3315,8,4669,2,2023-07-10 14:56:00,5.47,0.33,5.8,credit
3316,238,4673,4,2023-07-10 09:19:00,11.59,0.7,12.29,credit
3317,56,4675,11,2023-07-10 15:59:00,9.21,0.55,9.76,mobile
3318,77,4676,2,2023-07-11 11:55:00,4.5,0.27,4.77,mobile
3319,236,4679,1,2023-07-11 10:41:00,31.64,1.9,33.54,credit
3320,35,4681,5,2023-07-11 13:59:00,4.0,0.24,4.24,mobile
3321,237,4686,3,2023-07-11 16:59:00,19.5,1.17,20.67,mobile
3322,218,4687,4,2023-07-11 15:30:00,31.68,1.9,33.58,mobile
3323,207,4688,11,2023-07-11 15:18:00,12.0,0.72,12.72,credit
3324,35,4690,5,2023-07-12 09:27:00,39.33,2.36,41.69,credit
3325,189,4691,12,2023-07-12 09:59:00,8.0,0.48,8.48,credit
3326,27,4692,2,2023-07-12 15:59:00,7.51,0.45,7.96,mobile
3327,25,4693,12,2023-07-12 16:59:00,32.5,1.95,34.45,mobile
3328,98,4694,7,2023-07-12 16:59:00,5.78,0.35,6.13,mobile
3329,76,4695,1,2023-07-12 13:15:00,36.08,2.16,38.24,mobile
3330,67,4696,3,2023-07-13 10:41:00,16.0,0.96,16.96,credit
3331,64,4697,6,2023-07-13 16:59:00,19.95,1.2,21.15,mobile
3332,237,4700,12,2023-07-13 14:42:00,7.0,0.42,7.42,credit
3333,27,4703,2,2023-07-13 09:24:00,9.99,0.6,10.59,credit
3334,232,4704,11,2023-07-13 13:40:00,25.14,1.51,26.65,mobile
3335,165,4706,1,2023-07-13 16:43:00,5.25,0.32,5.57,credit
3336,149,4707,1,2023-07-13 13:55:00,6.27,0.38,6.65,debit
3337,5,4708,13,2023-07-13 15:25:00,4.73,0.28,5.01,credit
3338,180,4710,1,2023-07-13 12:28:00,41.9,2.51,44.41,credit
3339,69,4711,11,2023-07-13 09:56:00,25.79,1.55,27.34,credit
3340,68,4713,12,2023-07-14 11:56:00,4.0,0.24,4.24,debit
3341,5,4714,11,2023-07-14 16:45:00,16.0,0.96,16.96,mobile
3342,3,4715,10,2023-07-14 09:43:00,8.0,0.48,8.48,mobile
3343,221,4716,1,2023-07-14 09:33:00,15.8,0.95,16.75,debit
3344,78,4719,10,2023-07-14 11:59:00,20.29,1.22,21.51,credit
3345,97,4720,2,2023-07-14 16:29:00,21.8,1.31,23.11,debit
3346,172,4721,10,2023-07-14 11:59:00,6.3,0.38,6.68,mobile
3347,21,4722,11,2023-07-14 13:16:00,21.34,1.28,22.62,credit
3348,137,4723,6,2023-07-14 13:17:00,16.0,0.96,16.96,mobile
3349,103,4724,1,2023-07-14 09:35:00,11.44,0.69,12.13,credit
3350,237,4725,10,2023-07-14 13:35:00,8.0,0.48,8.48,credit
3351,43,4727,14,2023-07-14 14:53:00,9.28,0.56,9.84,credit
3352,115,4732,3,2023-07-15 14:59:00,6.3,0.38,6.68,debit
3353,172,4733,5,2023-07-15 09:59:00,13.0,0.78,13.78,credit
3354,5,4734,11,2023-07-15 10:42:00,8.0,0.48,8.48,credit
3355,35,4735,3,2023-07-15 13:29:00,32.0,1.92,33.92,credit
3356,1,4737,10,2023-07-15 09:59:00,5.25,0.32,5.57,mobile
3357,42,4738,14,2023-07-15 09:25:00,29.21,1.75,30.96,mobile
3358,71,4740,11,2023-07-15 12:36:00,11.56,0.69,12.25,credit
3359,114,4741,11,2023-07-15 11:45:00,10.0,0.6,10.6,debit
3360,110,4744,14,2023-07-15 16:57:00,4.73,0.28,5.01,debit
3361,57,4745,11,2023-07-15 12:46:00,6.0,0.36,6.36,credit
3362,175,4748,2,2023-07-15 11:41:00,12.97,0.78,13.75,mobile
3363,236,4749,4,2023-07-15 15:26:00,3.0,0.18,3.18,mobile
3364,6,4752,6,2023-07-16 11:36:00,11.0,0.66,11.66,mobile
3365,103,4753,13,2023-07-16 10:59:00,4.94,0.3,5.24,credit
3366,107,4754,1,2023-07-16 11:38:00,58.02,3.48,61.5,credit
3367,69,4757,10,2023-07-16 12:40:00,12.08,0.72,12.8,mobile
3368,179,4758,14,2023-07-16 09:59:00,11.39,0.68,12.07,mobile
3369,80,4759,2,2023-07-16 12:42:00,4.0,0.24,4.24,debit
3370,13,4761,7,2023-07-16 13:37:00,3.0,0.18,3.18,credit
3371,179,4762,11,2023-07-16 13:59:00,16.11,0.97,17.08,debit
3372,208,4763,5,2023-07-16 15:28:00,21.05,1.26,22.31,credit
3373,69,4765,2,2023-07-16 13:59:00,8.0,0.48,8.48,debit
3374,118,4766,11,2023-07-16 15:42:00,13.27,0.8,14.07,debit
3375,2,4767,3,2023-07-16 13:28:00,9.25,0.55,9.8,credit
3376,60,4768,3,2023-07-17 15:59:00,21.78,1.31,23.09,credit
3377,236,4769,3,2023-07-17 14:32:00,12.78,0.77,13.55,credit
3378,27,4770,12,2023-07-17 09:45:00,9.21,0.55,9.76,debit
3379,123,4771,10,2023-07-17 10:59:00,9.28,0.56,9.84,credit
3380,120,4772,13,2023-07-17 11:59:00,17.59,1.06,18.65,credit
3381,2,4773,7,2023-07-17 13:35:00,15.75,0.94,16.69,mobile
3382,5,4775,14,2023-07-17 12:56:00,9.5,0.57,10.07,debit
3383,179,4777,11,2023-07-17 09:59:00,6.89,0.41,7.3,credit
3384,47,4778,5,2023-07-17 15:34:00,5.78,0.35,6.13,credit
3385,9,4779,13,2023-07-18 09:58:00,7.0,0.42,7.42,debit
3386,114,4780,2,2023-07-18 09:55:00,4.0,0.24,4.24,mobile
3387,182,4781,6,2023-07-18 15:51:00,24.16,1.45,25.61,credit
3388,189,4782,2,2023-07-18 10:59:00,15.0,0.9,15.9,credit
3389,26,4785,3,2023-07-18 15:37:00,28.55,1.71,30.26,credit
3390,3,4786,5,2023-07-18 12:37:00,5.78,0.35,6.13,credit
3391,27,4788,3,2023-07-18 15:53:00,8.21,0.49,8.7,mobile
3392,5,4790,7,2023-07-18 16:55:00,14.0,0.84,14.84,credit
3393,186,4791,10,2023-07-18 16:56:00,29.0,1.74,30.74,mobile
3394,137,4793,11,2023-07-19 10:51:00,5.25,0.32,5.57,credit
3395,11,4794,1,2023-07-19 11:59:00,3.5,0.21,3.71,debit
3396,69,4795,7,2023-07-19 09:11:00,4.0,0.24,4.24,credit
3397,38,4796,12,2023-07-19 09:49:00,9.87,0.59,10.46,credit
3398,111,4797,10,2023-07-19 15:36:00,3.0,0.18,3.18,credit
3399,105,4799,14,2023-07-19 10:38:00,8.0,0.48,8.48,mobile
3400,2,4800,14,2023-07-19 15:27:00,4.25,0.26,4.51,credit
3401,238,4801,7,2023-07-19 09:20:00,8.12,0.49,8.61,credit
3402,123,4802,14,2023-07-19 15:16:00,22.28,1.34,23.62,mobile
3403,26,4803,1,2023-07-19 11:28:00,6.55,0.39,6.94,credit
3404,21,4805,4,2023-07-19 15:25:00,7.82,0.47,8.29,mobile
3405,56,4807,1,2023-07-20 11:26:00,12.77,0.77,13.54,mobile
3406,5,4808,7,2023-07-20 15:49:00,10.5,0.63,11.13,debit
3407,153,4810,10,2023-07-20 10:45:00,5.78,0.35,6.13,credit
3408,207,4812,2,2023-07-20 15:18:00,11.5,0.69,12.19,credit
3409,56,4813,6,2023-07-20 12:49:00,9.21,0.55,9.76,debit
3410,195,4814,10,2023-07-20 12:25:00,9.45,0.57,10.02,debit
3411,69,4815,12,2023-07-20 10:59:00,4.5,0.27,4.77,mobile
3412,8,4816,10,2023-07-20 13:13:00,23.75,1.43,25.18,credit
3413,165,4817,3,2023-07-20 13:47:00,7.0,0.42,7.42,credit
3414,189,4818,11,2023-07-20 14:20:00,8.0,0.48,8.48,debit
3415,26,4820,7,2023-07-20 09:36:00,24.77,1.49,26.26,debit
3416,2,4822,12,2023-07-20 12:21:00,9.25,0.55,9.8,credit
3417,123,4823,4,2023-07-20 13:59:00,4.5,0.27,4.77,credit
3418,9,4824,1,2023-07-21 14:14:00,8.0,0.48,8.48,credit
3419,15,4825,7,2023-07-21 14:42:00,10.0,0.6,10.6,mobile
3420,9,4827,1,2023-07-21 10:25:00,5.78,0.35,6.13,debit
3421,4,4828,14,2023-07-21 10:36:00,42.84,2.57,45.41,credit
3422,111,4831,13,2023-07-21 13:26:00,34.38,2.06,36.44,mobile
3423,198,4833,12,2023-07-21 15:53:00,3.0,0.18,3.18,mobile
3424,126,4834,7,2023-07-21 15:42:00,6.5,0.39,6.89,credit
3425,165,4835,7,2023-07-21 11:59:00,11.56,0.69,12.25,mobile
3426,2,4836,10,2023-07-22 09:49:00,17.25,1.03,18.28,credit
3427,201,4837,12,2023-07-22 11:59:00,12.08,0.72,12.8,credit
3428,112,4838,5,2023-07-22 13:15:00,6.94,0.42,7.36,credit
3429,110,4840,10,2023-07-22 10:42:00,4.5,0.27,4.77,credit
3430,21,4841,2,2023-07-22 11:17:00,12.04,0.72,12.76,credit
3431,44,4842,11,2023-07-22 12:59:00,18.0,1.08,19.08,credit
3432,217,4844,1,2023-07-22 15:58:00,9.03,0.54,9.57,debit
3433,37,4849,11,2023-07-22 15:53:00,7.0,0.42,7.42,credit
3434,110,4851,1,2023-07-23 15:43:00,4.73,0.28,5.01,mobile
3435,71,4852,1,2023-07-23 16:55:00,3.5,0.21,3.71,mobile
3436,15,4853,11,2023-07-23 14:55:00,5.78,0.35,6.13,credit
3437,186,4854,13,2023-07-23 15:25:00,4.73,0.28,5.01,mobile
3438,160,4856,7,2023-07-23 09:36:00,3.5,0.21,3.71,credit
3439,110,4857,14,2023-07-23 15:18:00,9.5,0.57,10.07,mobile
3440,238,4858,10,2023-07-23 14:42:00,8.12,0.49,8.61,mobile
3441,20,4859,14,2023-07-23 10:36:00,4.0,0.24,4.24,credit
3442,128,4860,14,2023-07-23 16:50:00,7.78,0.47,8.25,mobile
3443,195,4861,3,2023-07-23 12:32:00,21.73,1.3,23.03,credit
3444,192,4865,2,2023-07-23 11:55:00,9.5,0.57,10.07,mobile
3445,73,4866,10,2023-07-23 12:59:00,5.78,0.35,6.13,credit
3446,189,4867,6,2023-07-23 12:12:00,40.5,2.43,42.93,debit
3447,149,4868,1,2023-07-23 12:25:00,31.52,1.89,33.41,debit
3448,8,4869,2,2023-07-23 13:13:00,15.27,0.92,16.19,credit
3449,186,4870,12,2023-07-23 13:42:00,27.56,1.65,29.21,mobile
3450,39,4871,14,2023-07-23 09:48:00,23.78,1.43,25.21,credit
3451,179,4873,1,2023-07-24 13:27:00,5.11,0.31,5.42,credit
3452,172,4874,3,2023-07-24 10:59:00,7.0,0.42,7.42,mobile
3453,64,4875,5,2023-07-24 16:14:00,10.65,0.64,11.29,credit
3454,73,4876,11,2023-07-24 11:52:00,6.5,0.39,6.89,credit
3455,56,4877,7,2023-07-24 09:44:00,21.01,1.26,22.27,credit
3456,172,4878,11,2023-07-24 13:59:00,33.25,1.99,35.24,credit
3457,117,4880,13,2023-07-24 10:38:00,8.0,0.48,8.48,credit
3458,43,4881,10,2023-07-24 14:52:00,7.5,0.45,7.95,mobile
3459,41,4882,12,2023-07-24 09:43:00,5.78,0.35,6.13,credit
3460,191,4883,3,2023-07-24 13:59:00,6.72,0.4,7.12,mobile
3461,9,4884,13,2023-07-24 11:36:00,4.0,0.24,4.24,mobile
3462,82,4885,13,2023-07-24 12:32:00,4.5,0.27,4.77,mobile
3463,111,4886,4,2023-07-24 11:30:00,5.78,0.35,6.13,credit
3464,72,4887,1,2023-07-24 15:53:00,29.03,1.74,30.77,mobile
3465,59,4888,12,2023-07-24 11:59:00,8.1,0.49,8.59,mobile
3466,43,4889,10,2023-07-25 13:31:00,10.5,0.63,11.13,credit
3467,92,4890,14,2023-07-25 15:59:00,3.5,0.21,3.71,debit
3468,217,4891,11,2023-07-25 12:59:00,10.53,0.63,11.16,mobile
3469,238,4892,14,2023-07-25 09:55:00,30.34,1.82,32.16,mobile
3470,21,4893,10,2023-07-25 16:25:00,7.82,0.47,8.29,debit
3471,22,4894,1,2023-07-25 12:26:00,14.73,0.88,15.61,credit
3472,27,4895,7,2023-07-25 14:25:00,27.29,1.64,28.93,credit
3473,68,4896,2,2023-07-25 15:23:00,56.78,3.41,60.19,credit
3474,8,4897,5,2023-07-25 10:42:00,8.97,0.54,9.51,mobile
3475,160,4898,6,2023-07-25 16:26:00,8.0,0.48,8.48,credit
3476,233,4899,3,2023-07-25 09:42:00,8.0,0.48,8.48,mobile
3477,105,4900,3,2023-07-25 10:13:00,33.3,2.0,35.3,credit
3478,73,4902,5,2023-07-26 15:25:00,15.0,0.9,15.9,mobile
3479,3,4903,4,2023-07-26 10:28:00,8.0,0.48,8.48,mobile
3480,78,4904,14,2023-07-26 16:56:00,8.79,0.53,9.32,debit
3481,56,4906,12,2023-07-26 13:27:00,10.21,0.61,10.82,credit
3482,243,4908,7,2023-07-26 13:59:00,31.28,1.88,33.16,mobile
3483,238,4909,1,2023-07-26 12:59:00,58.05,3.48,61.53,debit
3484,2,4910,14,2023-07-27 13:28:00,12.81,0.77,13.58,credit
3485,31,4912,2,2023-07-27 13:59:00,11.5,0.69,12.19,credit
3486,101,4913,4,2023-07-27 12:26:00,5.78,0.35,6.13,credit
3487,74,4914,4,2023-07-27 09:27:00,4.0,0.24,4.24,debit
3488,187,4916,4,2023-07-27 14:33:00,16.0,0.96,16.96,credit
3489,125,4917,7,2023-07-27 15:23:00,6.64,0.4,7.04,mobile
3490,207,4918,6,2023-07-27 09:51:00,5.78,0.35,6.13,credit
3491,56,4919,3,2023-07-27 10:59:00,4.21,0.25,4.46,mobile
3492,128,4920,13,2023-07-27 13:26:00,5.98,0.36,6.34,credit
3493,10,4921,5,2023-07-27 12:59:00,44.63,2.68,47.31,mobile
3494,56,4922,5,2023-07-27 10:59:00,6.99,0.42,7.41,mobile
3495,237,4923,10,2023-07-27 13:40:00,8.0,0.48,8.48,mobile
3496,240,4924,4,2023-07-28 10:59:00,5.78,0.35,6.13,credit
3497,111,4925,5,2023-07-28 12:33:00,3.5,0.21,3.71,mobile
3498,38,4926,3,2023-07-28 14:59:00,13.87,0.83,14.7,mobile
3499,3,4927,3,2023-07-28 15:59:00,9.5,0.57,10.07,credit
3500,207,4928,6,2023-07-28 16:52:00,10.0,0.6,10.6,credit
3501,164,4929,10,2023-07-28 16:43:00,3.0,0.18,3.18,credit
3502,98,4930,12,2023-07-28 16:59:00,5.78,0.35,6.13,credit
3503,172,4932,11,2023-07-28 10:15:00,3.0,0.18,3.18,mobile
3504,9,4934,6,2023-07-28 16:26:00,6.5,0.39,6.89,credit
3505,179,4936,5,2023-07-28 10:38:00,9.11,0.55,9.66,credit
3506,160,4937,3,2023-07-28 15:45:00,4.5,0.27,4.77,credit
3507,107,4938,5,2023-07-29 09:13:00,10.46,0.63,11.09,mobile
3508,112,4939,12,2023-07-29 11:59:00,11.16,0.67,11.83,mobile
3509,3,4940,1,2023-07-29 12:59:00,25.0,1.5,26.5,credit
3510,5,4941,13,2023-07-29 14:57:00,16.0,0.96,16.96,mobile
3511,186,4942,6,2023-07-29 11:59:00,4.5,0.27,4.77,credit
3512,7,4945,7,2023-07-29 14:28:00,28.5,1.71,30.21,credit
3513,2,4946,6,2023-07-29 09:52:00,5.25,0.32,5.57,mobile
3514,38,4948,4,2023-07-29 11:17:00,5.87,0.35,6.22,mobile
3515,75,4949,1,2023-07-29 15:55:00,5.07,0.3,5.37,mobile
3516,233,4950,3,2023-07-29 10:59:00,17.5,1.05,18.55,mobile
3517,186,4951,4,2023-07-29 09:51:00,10.0,0.6,10.6,mobile
3518,179,4953,1,2023-07-29 09:26:00,9.11,0.55,9.66,debit
3519,75,4954,3,2023-07-29 09:57:00,15.35,0.92,16.27,credit
3520,189,4955,7,2023-07-29 14:40:00,8.0,0.48,8.48,credit
3521,41,4956,14,2023-07-29 12:58:00,10.0,0.6,10.6,credit
3522,17,4957,13,2023-07-29 10:59:00,13.78,0.83,14.61,credit
3523,64,4962,10,2023-07-29 09:59:00,9.15,0.55,9.7,credit
3524,56,4964,5,2023-07-30 14:10:00,6.99,0.42,7.41,credit
3525,154,4965,4,2023-07-30 14:48:00,10.3,0.62,10.92,debit
3526,164,4966,3,2023-07-30 13:49:00,20.08,1.2,21.28,credit
3527,189,4968,7,2023-07-30 11:41:00,8.0,0.48,8.48,mobile
3528,53,4969,5,2023-07-30 12:59:00,11.59,0.7,12.29,debit
3529,110,4973,6,2023-07-30 14:45:00,9.5,0.57,10.07,mobile
3530,5,4975,7,2023-07-30 12:25:00,4.0,0.24,4.24,mobile
3531,239,4976,11,2023-07-30 13:29:00,5.78,0.35,6.13,credit
3532,43,4977,14,2023-07-30 11:55:00,7.5,0.45,7.95,mobile
3533,154,4978,14,2023-07-30 12:41:00,20.0,1.2,21.2,credit
3534,114,4982,5,2023-07-30 15:18:00,4.73,0.28,5.01,mobile
3535,74,4983,10,2023-07-31 09:52:00,7.0,0.42,7.42,debit
3536,232,4984,11,2023-07-31 13:13:00,16.98,1.02,18.0,credit
3537,56,4986,10,2023-07-31 14:28:00,6.99,0.42,7.41,debit
3538,27,4987,13,2023-07-31 11:15:00,7.51,0.45,7.96,debit
3539,116,4988,14,2023-07-31 14:15:00,8.0,0.48,8.48,credit
3540,165,4989,13,2023-07-31 10:16:00,4.5,0.27,4.77,mobile
3541,72,4990,5,2023-07-31 12:55:00,6.81,0.41,7.22,debit
3542,4,4991,12,2023-07-31 09:40:00,35.12,2.11,37.23,mobile
3543,31,4992,12,2023-07-31 10:42:00,3.5,0.21,3.71,debit
3544,156,4995,2,2023-07-31 13:21:00,52.34,3.14,55.48,credit
3545,43,4998,14,2023-08-01 09:34:00,11.5,0.69,12.19,credit
3546,26,5002,14,2023-08-01 09:59:00,4.77,0.29,5.06,mobile
3547,53,5003,6,2023-08-01 10:40:00,5.09,0.31,5.4,credit
3548,180,5004,13,2023-08-01 11:27:00,18.0,1.08,19.08,mobile
3549,223,5005,3,2023-08-01 14:25:00,5.78,0.35,6.13,credit
3550,160,5012,4,2023-08-02 09:25:00,6.5,0.39,6.89,mobile
3551,3,5014,10,2023-08-02 13:59:00,4.0,0.24,4.24,debit
3552,121,5015,13,2023-08-02 16:59:00,14.56,0.87,15.43,credit
3553,116,5017,10,2023-08-02 15:49:00,6.5,0.39,6.89,debit
3554,235,5019,4,2023-08-03 11:43:00,6.3,0.38,6.68,mobile
3555,103,5021,6,2023-08-03 16:28:00,37.44,2.25,39.69,mobile
3556,187,5022,2,2023-08-03 12:55:00,7.0,0.42,7.42,credit
3557,207,5023,5,2023-08-03 13:53:00,7.0,0.42,7.42,credit
3558,110,5025,2,2023-08-03 13:30:00,5.78,0.35,6.13,debit
3559,143,5026,10,2023-08-03 16:59:00,5.78,0.35,6.13,debit
3560,21,5027,14,2023-08-03 09:26:00,44.54,2.67,47.21,debit
3561,7,5028,10,2023-08-03 16:56:00,16.0,0.96,16.96,mobile
3562,118,5032,1,2023-08-04 16:44:00,7.32,0.44,7.76,mobile
3563,97,5033,13,2023-08-04 14:59:00,9.5,0.57,10.07,mobile
3564,3,5034,5,2023-08-04 12:30:00,13.5,0.81,14.31,mobile
3565,52,5035,10,2023-08-04 11:51:00,5.78,0.35,6.13,credit
3566,160,5037,11,2023-08-04 11:30:00,31.08,1.86,32.94,credit
3567,107,5038,14,2023-08-04 09:45:00,22.74,1.36,24.1,credit
3568,156,5039,4,2023-08-04 14:18:00,5.78,0.35,6.13,debit
3569,27,5040,12,2023-08-04 11:59:00,29.21,1.75,30.96,mobile
3570,3,5041,1,2023-08-04 09:59:00,8.0,0.48,8.48,mobile
3571,9,5042,2,2023-08-04 09:13:00,32.0,1.92,33.92,mobile
3572,31,5043,11,2023-08-04 16:29:00,11.56,0.69,12.25,credit
3573,172,5044,3,2023-08-04 13:42:00,5.78,0.35,6.13,credit
3574,57,5045,14,2023-08-04 14:14:00,8.0,0.48,8.48,debit
3575,231,5046,4,2023-08-04 09:59:00,3.5,0.21,3.71,mobile
3576,199,5047,7,2023-08-04 10:59:00,7.23,0.43,7.66,debit
3577,207,5048,12,2023-08-04 12:36:00,6.5,0.39,6.89,credit
3578,171,5049,14,2023-08-05 14:29:00,6.5,0.39,6.89,mobile
3579,6,5050,13,2023-08-05 15:25:00,25.0,1.5,26.5,credit
3580,11,5052,3,2023-08-05 13:32:00,3.5,0.21,3.71,debit
3581,123,5053,12,2023-08-05 11:34:00,8.0,0.48,8.48,mobile
3582,143,5055,7,2023-08-05 11:59:00,9.28,0.56,9.84,mobile
3583,23,5056,10,2023-08-05 13:40:00,7.0,0.42,7.42,debit
3584,107,5058,4,2023-08-05 12:54:00,6.46,0.39,6.85,credit
3585,11,5059,14,2023-08-05 11:44:00,8.0,0.48,8.48,mobile
3586,114,5060,6,2023-08-05 13:28:00,8.0,0.48,8.48,debit
3587,74,5062,7,2023-08-05 10:59:00,18.0,1.08,19.08,credit
3588,235,5063,7,2023-08-05 15:25:00,11.56,0.69,12.25,credit
3589,73,5064,14,2023-08-05 15:40:00,4.73,0.28,5.01,credit
3590,143,5065,6,2023-08-05 14:59:00,23.1,1.39,24.49,mobile
3591,240,5066,2,2023-08-05 09:29:00,5.78,0.35,6.13,credit
3592,57,5067,13,2023-08-05 10:26:00,5.78,0.35,6.13,credit
3593,238,5068,14,2023-08-05 10:16:00,10.34,0.62,10.96,debit
3594,27,5069,6,2023-08-05 14:59:00,6.99,0.42,7.41,debit
3595,3,5071,14,2023-08-05 14:59:00,41.5,2.49,43.99,mobile
3596,195,5072,12,2023-08-06 11:57:00,15.45,0.93,16.38,debit
3597,73,5073,6,2023-08-06 16:22:00,5.78,0.35,6.13,debit
3598,8,5074,5,2023-08-06 09:59:00,5.47,0.33,5.8,mobile
3599,1,5075,10,2023-08-06 11:51:00,4.0,0.24,4.24,credit
3600,2,5076,11,2023-08-06 09:19:00,36.4,2.18,38.58,credit
3601,137,5077,6,2023-08-06 15:59:00,21.8,1.31,23.11,credit
3602,165,5078,12,2023-08-06 11:26:00,13.0,0.78,13.78,mobile
3603,82,5080,4,2023-08-06 12:58:00,6.0,0.36,6.36,credit
3604,186,5081,10,2023-08-06 16:29:00,5.78,0.35,6.13,mobile
3605,27,5082,12,2023-08-06 13:52:00,8.21,0.49,8.7,mobile
3606,118,5083,5,2023-08-06 13:59:00,56.2,3.37,59.57,credit
3607,236,5084,1,2023-08-06 11:32:00,37.38,2.24,39.62,mobile
3608,240,5087,10,2023-08-06 10:59:00,4.0,0.24,4.24,credit
3609,53,5088,13,2023-08-06 12:41:00,7.89,0.47,8.36,mobile
3610,8,5089,6,2023-08-06 09:26:00,20.97,1.26,22.23,credit
3611,3,5090,11,2023-08-06 14:59:00,3.0,0.18,3.18,credit
3612,2,5091,13,2023-08-06 11:59:00,7.25,0.43,7.68,debit
3613,126,5093,4,2023-08-06 12:17:00,5.78,0.35,6.13,credit
3614,52,5094,14,2023-08-06 12:40:00,6.5,0.39,6.89,credit
3615,74,5095,7,2023-08-06 15:55:00,8.0,0.48,8.48,mobile
3616,6,5096,1,2023-08-06 13:42:00,9.5,0.57,10.07,mobile
3617,103,5097,12,2023-08-06 11:59:00,22.67,1.36,24.03,credit
3618,4,5098,4,2023-08-06 13:57:00,7.36,0.44,7.8,mobile
3619,75,5100,13,2023-08-06 13:48:00,5.57,0.33,5.9,credit
3620,114,5101,4,2023-08-07 14:51:00,3.5,0.21,3.71,credit
3621,179,5102,7,2023-08-07 13:42:00,11.11,0.67,11.78,mobile
3622,233,5103,11,2023-08-07 09:28:00,11.56,0.69,12.25,debit
3623,110,5104,12,2023-08-07 11:42:00,5.78,0.35,6.13,credit
3624,45,5105,13,2023-08-07 12:43:00,11.56,0.69,12.25,credit
3625,161,5106,12,2023-08-07 13:23:00,8.9,0.53,9.43,credit
3626,107,5107,14,2023-08-07 14:58:00,5.46,0.33,5.79,credit
3627,60,5108,14,2023-08-07 16:44:00,3.0,0.18,3.18,credit
3628,103,5109,10,2023-08-07 16:47:00,8.44,0.51,8.95,mobile
3629,69,5110,3,2023-08-07 09:10:00,19.0,1.14,20.14,mobile
3630,143,5111,5,2023-08-07 12:59:00,5.78,0.35,6.13,credit
3631,189,5112,2,2023-08-07 09:48:00,9.5,0.57,10.07,credit
3632,76,5113,12,2023-08-07 15:59:00,8.0,0.48,8.48,credit
3633,39,5115,14,2023-08-07 12:41:00,9.46,0.57,10.03,debit
3634,223,5116,2,2023-08-07 11:28:00,11.5,0.69,12.19,debit
3635,67,5118,11,2023-08-07 10:57:00,5.78,0.35,6.13,credit
3636,63,5119,2,2023-08-07 09:37:00,30.29,1.82,32.11,credit
3637,175,5120,4,2023-08-08 12:44:00,15.41,0.92,16.33,mobile
3638,207,5121,13,2023-08-08 15:59:00,19.0,1.14,20.14,credit
3639,69,5122,4,2023-08-08 15:59:00,16.0,0.96,16.96,credit
3640,240,5125,1,2023-08-09 10:59:00,26.0,1.56,27.56,credit
3641,118,5126,1,2023-08-09 13:55:00,9.54,0.57,10.11,debit
3642,1,5128,12,2023-08-09 11:59:00,6.3,0.38,6.68,credit
3643,233,5129,5,2023-08-09 09:24:00,8.0,0.48,8.48,mobile
3644,149,5135,4,2023-08-09 10:59:00,21.02,1.26,22.28,mobile
3645,56,5136,5,2023-08-09 14:59:00,6.99,0.42,7.41,mobile
3646,248,5138,10,2023-08-09 12:58:00,4.5,0.27,4.77,mobile
3647,195,5139,11,2023-08-09 15:45:00,9.95,0.6,10.55,debit
3648,27,5140,3,2023-08-10 11:25:00,5.21,0.31,5.52,mobile
3649,64,5141,11,2023-08-10 11:29:00,9.15,0.55,9.7,credit
3650,195,5142,6,2023-08-10 16:29:00,7.45,0.45,7.9,debit
3651,217,5143,5,2023-08-10 16:56:00,19.03,1.14,20.17,credit
3652,110,5145,5,2023-08-10 15:59:00,4.73,0.28,5.01,mobile
3653,11,5146,6,2023-08-10 09:31:00,13.0,0.78,13.78,credit
3654,64,5147,6,2023-08-10 12:14:00,22.71,1.36,24.07,mobile
3655,22,5148,10,2023-08-10 12:55:00,5.78,0.35,6.13,debit
3656,243,5149,12,2023-08-11 10:58:00,3.0,0.18,3.18,credit
3657,223,5150,1,2023-08-11 13:25:00,5.78,0.35,6.13,mobile
3658,201,5151,11,2023-08-11 12:59:00,8.0,0.48,8.48,credit
3659,98,5155,13,2023-08-11 14:42:00,3.5,0.21,3.71,credit
3660,64,5157,7,2023-08-11 15:43:00,10.93,0.66,11.59,credit
3661,98,5159,13,2023-08-11 10:12:00,10.0,0.6,10.6,debit
3662,240,5160,1,2023-08-11 13:59:00,14.0,0.84,14.84,debit
3663,56,5161,6,2023-08-12 15:26:00,5.21,0.31,5.52,credit
3664,98,5162,1,2023-08-12 11:42:00,9.5,0.57,10.07,mobile
3665,5,5163,2,2023-08-12 16:32:00,5.25,0.32,5.57,credit
3666,4,5164,13,2023-08-12 16:26:00,11.06,0.66,11.72,credit
3667,44,5165,14,2023-08-12 09:43:00,6.5,0.39,6.89,credit
3668,179,5166,11,2023-08-12 12:45:00,6.89,0.41,7.3,credit
3669,78,5167,3,2023-08-12 11:59:00,5.29,0.32,5.61,debit
3670,165,5169,10,2023-08-12 13:55:00,32.0,1.92,33.92,mobile
3671,104,5170,6,2023-08-12 09:59:00,21.33,1.28,22.61,mobile
3672,137,5171,4,2023-08-12 09:57:00,4.0,0.24,4.24,credit
3673,39,5172,13,2023-08-12 11:32:00,4.5,0.27,4.77,debit
3674,4,5174,2,2023-08-12 11:20:00,9.06,0.54,9.6,debit
3675,154,5175,10,2023-08-12 11:12:00,4.0,0.24,4.24,credit
3676,69,5177,1,2023-08-12 14:19:00,8.0,0.48,8.48,mobile
3677,143,5178,6,2023-08-12 14:45:00,5.25,0.32,5.57,mobile
3678,217,5181,13,2023-08-12 13:49:00,11.03,0.66,11.69,mobile
3679,98,5182,10,2023-08-12 12:29:00,5.78,0.35,6.13,mobile
3680,47,5183,11,2023-08-12 16:29:00,3.0,0.18,3.18,credit
3681,26,5184,4,2023-08-12 16:18:00,30.27,1.82,32.09,mobile
3682,11,5185,11,2023-08-12 16:56:00,5.78,0.35,6.13,debit
3683,3,5186,14,2023-08-12 11:59:00,9.5,0.57,10.07,debit
3684,82,5187,1,2023-08-12 11:43:00,14.0,0.84,14.84,mobile
3685,164,5188,14,2023-08-12 09:12:00,16.28,0.98,17.26,credit
3686,27,5190,13,2023-08-13 10:23:00,11.21,0.67,11.88,mobile
3687,57,5192,10,2023-08-13 14:33:00,3.5,0.21,3.71,mobile
3688,195,5194,4,2023-08-13 09:39:00,12.95,0.78,13.73,mobile
3689,47,5196,2,2023-08-13 14:59:00,4.5,0.27,4.77,mobile
3690,206,5197,11,2023-08-13 14:25:00,14.65,0.88,15.53,credit
3691,82,5198,6,2023-08-14 16:21:00,16.0,0.96,16.96,debit
3692,5,5199,10,2023-08-14 11:40:00,5.25,0.32,5.57,mobile
3693,172,5201,10,2023-08-14 13:37:00,18.0,1.08,19.08,debit
3694,236,5202,1,2023-08-14 10:23:00,8.0,0.48,8.48,credit
3695,182,5203,3,2023-08-14 12:27:00,15.22,0.91,16.13,credit
3696,186,5204,12,2023-08-14 09:40:00,20.25,1.21,21.46,debit
3697,165,5207,10,2023-08-14 09:41:00,3.5,0.21,3.71,credit
3698,75,5208,13,2023-08-14 11:45:00,5.57,0.33,5.9,mobile
3699,3,5210,3,2023-08-14 11:13:00,7.0,0.42,7.42,mobile
3700,47,5211,12,2023-08-14 12:45:00,9.5,0.57,10.07,credit
3701,165,5212,2,2023-08-14 11:58:00,6.3,0.38,6.68,credit
3702,142,5218,10,2023-08-15 13:28:00,7.92,0.48,8.4,credit
3703,3,5219,10,2023-08-15 13:59:00,19.73,1.18,20.91,mobile
3704,128,5220,12,2023-08-15 16:41:00,5.98,0.36,6.34,credit
3705,172,5221,3,2023-08-15 12:39:00,20.5,1.23,21.73,credit
3706,160,5222,7,2023-08-15 12:59:00,8.0,0.48,8.48,credit
3707,98,5223,11,2023-08-15 09:59:00,8.23,0.49,8.72,credit
3708,104,5224,14,2023-08-15 16:25:00,11.08,0.66,11.74,mobile
3709,29,5225,11,2023-08-15 14:27:00,3.5,0.21,3.71,credit
3710,4,5226,6,2023-08-15 10:56:00,16.34,0.98,17.32,credit
3711,7,5227,5,2023-08-15 09:34:00,8.0,0.48,8.48,mobile
3712,184,5228,6,2023-08-15 09:19:00,14.84,0.89,15.73,mobile
3713,126,5229,4,2023-08-15 10:15:00,7.0,0.42,7.42,credit
3714,187,5230,6,2023-08-15 16:34:00,4.73,0.28,5.01,credit
3715,186,5232,11,2023-08-15 16:27:00,8.0,0.48,8.48,debit
3716,189,5233,1,2023-08-15 14:59:00,16.0,0.96,16.96,credit
3717,179,5234,3,2023-08-15 14:57:00,5.61,0.34,5.95,mobile
3718,207,5238,1,2023-08-16 09:38:00,21.5,1.29,22.79,mobile
3719,223,5239,1,2023-08-16 15:23:00,11.0,0.66,11.66,mobile
3720,196,5241,13,2023-08-16 16:29:00,4.0,0.24,4.24,debit
3721,5,5242,7,2023-08-16 10:17:00,15.28,0.92,16.2,credit
3722,160,5243,6,2023-08-16 14:59:00,9.0,0.54,9.54,mobile
3723,237,5245,4,2023-08-16 13:51:00,3.5,0.21,3.71,credit
3724,73,5249,5,2023-08-17 14:59:00,7.0,0.42,7.42,credit
3725,104,5250,10,2023-08-17 12:44:00,35.94,2.16,38.1,credit
3726,23,5251,3,2023-08-17 13:59:00,10.0,0.6,10.6,credit
3727,38,5253,4,2023-08-17 16:59:00,7.87,0.47,8.34,mobile
3728,73,5254,14,2023-08-17 15:29:00,8.0,0.48,8.48,credit
3729,248,5256,11,2023-08-17 15:40:00,20.0,1.2,21.2,mobile
3730,114,5257,3,2023-08-17 14:26:00,8.0,0.48,8.48,credit
3731,73,5259,4,2023-08-18 13:36:00,6.5,0.39,6.89,credit
3732,8,5261,7,2023-08-18 15:51:00,13.77,0.83,14.6,mobile
3733,196,5262,7,2023-08-18 15:59:00,15.28,0.92,16.2,credit
3734,71,5263,14,2023-08-18 12:12:00,17.0,1.02,18.02,debit
3735,1,5266,5,2023-08-18 12:59:00,6.5,0.39,6.89,mobile
3736,148,5267,6,2023-08-18 13:43:00,4.5,0.27,4.77,mobile
3737,1,5270,14,2023-08-18 11:59:00,4.5,0.27,4.77,mobile
3738,182,5272,7,2023-08-19 11:23:00,11.66,0.7,12.36,mobile
3739,123,5273,7,2023-08-19 15:56:00,5.78,0.35,6.13,credit
3740,71,5274,11,2023-08-19 13:27:00,32.8,1.97,34.77,credit
3741,233,5275,4,2023-08-19 11:27:00,5.78,0.35,6.13,mobile
3742,195,5277,5,2023-08-19 16:59:00,21.45,1.29,22.74,credit
3743,107,5278,13,2023-08-19 10:29:00,18.46,1.11,19.57,credit
3744,76,5279,10,2023-08-19 13:46:00,4.0,0.24,4.24,credit
3745,56,5280,3,2023-08-19 10:18:00,17.21,1.03,18.24,credit
3746,53,5282,10,2023-08-19 13:44:00,13.15,0.79,13.94,debit
3747,240,5283,12,2023-08-19 11:56:00,20.28,1.22,21.5,credit
3748,47,5284,3,2023-08-19 15:47:00,17.0,1.02,18.02,credit
3749,233,5285,11,2023-08-19 10:20:00,9.5,0.57,10.07,credit
3750,179,5286,7,2023-08-19 10:42:00,16.61,1.0,17.61,mobile
3751,143,5288,2,2023-08-19 09:59:00,7.0,0.42,7.42,debit
3752,23,5289,3,2023-08-19 15:59:00,5.78,0.35,6.13,mobile
3753,197,5290,11,2023-08-19 15:42:00,4.0,0.24,4.24,credit
3754,82,5291,1,2023-08-19 09:59:00,3.5,0.21,3.71,mobile
3755,207,5292,12,2023-08-19 14:26:00,6.5,0.39,6.89,credit
3756,107,5293,2,2023-08-19 12:33:00,8.24,0.49,8.73,mobile
3757,232,5294,13,2023-08-19 14:34:00,7.98,0.48,8.46,credit
3758,107,5297,7,2023-08-19 16:59:00,7.71,0.46,8.17,credit
3759,27,5298,7,2023-08-20 12:30:00,5.71,0.34,6.05,mobile
3760,118,5299,2,2023-08-20 12:13:00,9.54,0.57,10.11,debit
3761,118,5302,7,2023-08-20 12:42:00,30.96,1.86,32.82,credit
3762,121,5303,2,2023-08-20 12:44:00,4.0,0.24,4.24,credit
3763,182,5304,12,2023-08-20 16:30:00,17.96,1.08,19.04,debit
3764,10,5305,4,2023-08-20 16:41:00,14.85,0.89,15.74,mobile
3765,208,5306,1,2023-08-20 11:58:00,10.05,0.6,10.65,debit
3766,165,5309,5,2023-08-20 09:17:00,3.5,0.21,3.71,mobile
3767,53,5310,5,2023-08-20 14:10:00,5.59,0.34,5.93,mobile
3768,107,5311,2,2023-08-20 09:27:00,22.02,1.32,23.34,credit
3769,29,5312,2,2023-08-20 10:40:00,4.0,0.24,4.24,mobile
3770,197,5313,13,2023-08-20 10:59:00,3.0,0.18,3.18,debit
3771,237,5314,4,2023-08-20 12:59:00,24.75,1.48,26.23,credit
3772,143,5316,1,2023-08-20 10:41:00,20.0,1.2,21.2,mobile
3773,126,5319,14,2023-08-21 14:37:00,5.78,0.35,6.13,credit
3774,179,5320,13,2023-08-21 14:20:00,4.11,0.25,4.36,mobile
3775,47,5321,11,2023-08-21 16:59:00,16.0,0.96,16.96,mobile
3776,240,5322,5,2023-08-21 13:37:00,6.3,0.38,6.68,credit
3777,125,5323,3,2023-08-21 16:57:00,8.39,0.5,8.89,debit
3778,237,5324,14,2023-08-21 16:23:00,27.56,1.65,29.21,mobile
3779,78,5325,13,2023-08-21 15:23:00,6.29,0.38,6.67,debit
3780,8,5326,13,2023-08-21 10:19:00,7.47,0.45,7.92,mobile
3781,27,5327,13,2023-08-21 13:59:00,6.99,0.42,7.41,mobile
3782,174,5328,5,2023-08-21 10:44:00,7.74,0.46,8.2,credit
3783,240,5329,11,2023-08-21 13:41:00,24.0,1.44,25.44,mobile
3784,76,5330,7,2023-08-21 10:38:00,5.78,0.35,6.13,credit
3785,236,5331,14,2023-08-21 09:34:00,18.06,1.08,19.14,mobile
3786,44,5332,6,2023-08-21 14:17:00,18.0,1.08,19.08,mobile
3787,2,5333,7,2023-08-21 16:19:00,4.75,0.28,5.03,credit
3788,1,5334,5,2023-08-22 14:29:00,31.3,1.88,33.18,mobile
3789,5,5336,13,2023-08-22 16:17:00,5.78,0.35,6.13,mobile
3790,184,5338,5,2023-08-22 16:51:00,8.01,0.48,8.49,mobile
3791,115,5341,6,2023-08-22 11:59:00,8.0,0.48,8.48,mobile
3792,121,5342,6,2023-08-22 11:58:00,5.78,0.35,6.13,credit
3793,42,5343,5,2023-08-22 13:56:00,7.43,0.45,7.88,debit
3794,74,5344,10,2023-08-22 14:51:00,10.8,0.65,11.45,credit
3795,240,5348,5,2023-08-22 09:43:00,8.0,0.48,8.48,debit
3796,56,5350,12,2023-08-23 14:38:00,9.21,0.55,9.76,mobile
3797,23,5351,5,2023-08-23 09:59:00,24.8,1.49,26.29,credit
3798,56,5352,13,2023-08-23 15:55:00,11.21,0.67,11.88,credit
3799,232,5354,4,2023-08-23 10:59:00,14.76,0.89,15.65,credit
3800,4,5355,2,2023-08-23 09:12:00,17.06,1.02,18.08,credit
3801,237,5356,1,2023-08-23 12:52:00,10.0,0.6,10.6,mobile
3802,240,5357,5,2023-08-23 14:58:00,12.6,0.76,13.36,credit
3803,128,5358,12,2023-08-23 11:35:00,5.98,0.36,6.34,credit
3804,56,5359,2,2023-08-23 13:21:00,5.94,0.36,6.3,credit
3805,23,5360,3,2023-08-23 11:35:00,38.5,2.31,40.81,credit
3806,237,5361,13,2023-08-23 10:10:00,4.73,0.28,5.01,credit
3807,231,5362,2,2023-08-23 10:58:00,6.5,0.39,6.89,debit
3808,44,5363,12,2023-08-23 16:41:00,11.56,0.69,12.25,credit
3809,165,5364,12,2023-08-23 12:59:00,4.0,0.24,4.24,debit
3810,82,5366,13,2023-08-23 16:48:00,8.0,0.48,8.48,debit
3811,240,5367,10,2023-08-23 12:50:00,11.56,0.69,12.25,debit
3812,179,5368,5,2023-08-24 09:59:00,15.61,0.94,16.55,credit
3813,10,5369,10,2023-08-24 13:59:00,22.85,1.37,24.22,credit
3814,69,5371,10,2023-08-24 11:59:00,6.5,0.39,6.89,credit
3815,194,5372,10,2023-08-24 15:49:00,12.28,0.74,13.02,mobile
3816,217,5374,13,2023-08-24 09:59:00,4.03,0.24,4.27,credit
3817,41,5375,2,2023-08-24 15:30:00,22.08,1.32,23.4,mobile
3818,2,5376,14,2023-08-24 16:55:00,4.25,0.26,4.51,debit
3819,120,5378,11,2023-08-24 11:15:00,7.37,0.44,7.81,credit
3820,15,5379,14,2023-08-24 15:32:00,41.78,2.51,44.29,mobile
3821,73,5380,12,2023-08-24 14:28:00,28.26,1.7,29.96,credit
3822,165,5382,14,2023-08-24 10:43:00,5.78,0.35,6.13,debit
3823,123,5383,12,2023-08-24 16:15:00,8.0,0.48,8.48,credit
3824,2,5384,3,2023-08-24 11:33:00,7.03,0.42,7.45,credit
3825,5,5386,14,2023-08-24 12:22:00,4.0,0.24,4.24,mobile
3826,223,5387,4,2023-08-25 11:17:00,4.73,0.28,5.01,mobile
3827,107,5389,4,2023-08-25 13:35:00,5.46,0.33,5.79,mobile
3828,196,5392,10,2023-08-25 11:25:00,32.5,1.95,34.45,credit
3829,26,5393,7,2023-08-25 10:25:00,7.77,0.47,8.24,credit
3830,68,5394,13,2023-08-25 10:37:00,5.25,0.32,5.57,credit
3831,4,5397,5,2023-08-25 16:21:00,10.56,0.63,11.19,debit
3832,98,5400,4,2023-08-26 10:38:00,4.0,0.24,4.24,credit
3833,165,5402,7,2023-08-26 09:22:00,16.0,0.96,16.96,mobile
3834,64,5403,1,2023-08-26 10:39:00,6.4,0.38,6.78,credit
3835,59,5404,14,2023-08-26 14:59:00,8.6,0.52,9.12,debit
3836,217,5406,13,2023-08-26 09:49:00,30.09,1.81,31.9,debit
3837,69,5407,1,2023-08-26 15:26:00,6.5,0.39,6.89,credit
3838,41,5408,11,2023-08-26 13:59:00,8.0,0.48,8.48,credit
3839,39,5409,5,2023-08-26 14:58:00,5.78,0.35,6.13,credit
3840,235,5410,7,2023-08-26 10:58:00,6.3,0.38,6.68,mobile
3841,10,5411,14,2023-08-26 09:43:00,6.63,0.4,7.03,credit
3842,98,5413,4,2023-08-26 12:59:00,16.0,0.96,16.96,mobile
3843,73,5414,7,2023-08-26 16:59:00,4.5,0.27,4.77,credit
3844,218,5416,11,2023-08-26 13:44:00,3.0,0.18,3.18,mobile
3845,19,5419,14,2023-08-26 12:26:00,6.5,0.39,6.89,credit
3846,3,5420,10,2023-08-26 14:56:00,22.73,1.36,24.09,credit
3847,165,5423,4,2023-08-26 16:26:00,22.56,1.35,23.91,credit
3848,69,5424,11,2023-08-26 13:41:00,20.08,1.2,21.28,mobile
3849,75,5425,6,2023-08-27 11:28:00,13.57,0.81,14.38,credit
3850,240,5426,6,2023-08-27 12:59:00,37.28,2.24,39.52,mobile
3851,174,5427,1,2023-08-27 14:30:00,11.24,0.67,11.91,mobile
3852,76,5428,11,2023-08-27 14:35:00,32.25,1.93,34.18,mobile
3853,2,5430,12,2023-08-27 15:43:00,38.83,2.33,41.16,credit
3854,207,5431,11,2023-08-27 13:59:00,6.3,0.38,6.68,debit
3855,69,5433,12,2023-08-27 16:45:00,4.73,0.28,5.01,mobile
3856,97,5436,1,2023-08-27 11:42:00,8.0,0.48,8.48,mobile
3857,197,5437,7,2023-08-27 16:59:00,3.5,0.21,3.71,mobile
3858,207,5438,14,2023-08-27 15:21:00,11.55,0.69,12.24,credit
3859,8,5439,14,2023-08-27 13:40:00,7.97,0.48,8.45,credit
3860,197,5440,4,2023-08-27 09:39:00,13.5,0.81,14.31,credit
3861,27,5444,13,2023-08-28 15:28:00,7.71,0.46,8.17,mobile
3862,71,5445,11,2023-08-28 11:28:00,4.0,0.24,4.24,credit
3863,189,5447,1,2023-08-28 09:30:00,3.5,0.21,3.71,credit
3864,121,5448,12,2023-08-28 13:56:00,8.0,0.48,8.48,credit
3865,172,5449,3,2023-08-28 16:54:00,5.25,0.32,5.57,mobile
3866,3,5451,7,2023-08-28 09:43:00,5.25,0.32,5.57,mobile
3867,101,5452,6,2023-08-28 10:59:00,4.5,0.27,4.77,credit
3868,198,5453,2,2023-08-28 10:59:00,29.78,1.79,31.57,credit
3869,235,5455,11,2023-08-28 13:25:00,16.0,0.96,16.96,mobile
3870,54,5456,5,2023-08-28 13:42:00,15.4,0.92,16.32,credit
3871,67,5457,4,2023-08-28 10:40:00,5.78,0.35,6.13,credit
3872,149,5458,5,2023-08-28 16:59:00,13.3,0.8,14.1,credit
3873,1,5459,14,2023-08-28 16:29:00,8.0,0.48,8.48,mobile
3874,238,5460,14,2023-08-28 09:44:00,10.34,0.62,10.96,mobile
3875,71,5461,1,2023-08-28 13:42:00,9.78,0.59,10.37,credit
3876,47,5462,7,2023-08-29 13:33:00,5.78,0.35,6.13,mobile
3877,38,5463,12,2023-08-29 11:41:00,11.87,0.71,12.58,debit
3878,128,5464,1,2023-08-29 10:41:00,11.98,0.72,12.7,credit
3879,75,5465,12,2023-08-29 16:25:00,4.57,0.27,4.84,credit
3880,39,5466,11,2023-08-29 11:25:00,6.3,0.38,6.68,credit
3881,82,5467,12,2023-08-29 13:59:00,4.5,0.27,4.77,mobile
3882,5,5468,1,2023-08-29 10:35:00,16.0,0.96,16.96,debit
3883,240,5469,6,2023-08-29 10:56:00,9.0,0.54,9.54,credit
3884,35,5471,4,2023-08-29 12:29:00,32.5,1.95,34.45,credit
3885,232,5473,10,2023-08-29 13:55:00,38.85,2.33,41.18,credit
3886,27,5474,6,2023-08-29 11:56:00,7.71,0.46,8.17,mobile
3887,112,5475,13,2023-08-29 14:59:00,6.94,0.42,7.36,debit
3888,98,5476,10,2023-08-30 09:59:00,12.5,0.75,13.25,credit
3889,6,5478,2,2023-08-30 16:45:00,12.5,0.75,13.25,mobile
3890,5,5479,7,2023-08-30 12:29:00,37.53,2.25,39.78,credit
3891,236,5480,12,2023-08-30 10:59:00,6.3,0.38,6.68,credit
3892,72,5482,6,2023-08-30 12:59:00,10.78,0.65,11.43,credit
3893,74,5483,4,2023-08-30 12:57:00,5.78,0.35,6.13,debit
3894,74,5484,5,2023-08-30 09:36:00,25.0,1.5,26.5,mobile
3895,74,5485,4,2023-08-30 11:30:00,10.5,0.63,11.13,credit
3896,160,5486,11,2023-08-30 11:59:00,16.0,0.96,16.96,credit
3897,148,5489,14,2023-08-30 13:56:00,4.0,0.24,4.24,credit
3898,5,5490,13,2023-08-30 14:59:00,5.78,0.35,6.13,credit
3899,195,5491,11,2023-08-30 12:59:00,6.45,0.39,6.84,credit
3900,126,5492,2,2023-08-30 12:58:00,10.0,0.6,10.6,credit
3901,43,5493,3,2023-08-30 14:41:00,38.5,2.31,40.81,mobile
3902,182,5495,4,2023-08-31 09:37:00,7.66,0.46,8.12,credit
3903,4,5496,7,2023-08-31 14:46:00,14.31,0.86,15.17,debit
3904,54,5497,12,2023-08-31 12:23:00,30.4,1.82,32.22,mobile
3905,2,5498,4,2023-08-31 15:59:00,21.25,1.27,22.52,mobile
3906,8,5499,11,2023-08-31 09:25:00,8.97,0.54,9.51,credit
3907,235,5500,14,2023-08-31 09:59:00,18.0,1.08,19.08,mobile
3908,8,5501,13,2023-08-31 10:11:00,8.97,0.54,9.51,mobile
3909,86,5502,14,2023-08-31 15:25:00,4.73,0.28,5.01,credit
3910,232,5503,6,2023-08-31 11:56:00,6.98,0.42,7.4,mobile
3911,5,5504,11,2023-08-31 14:24:00,3.5,0.21,3.71,mobile
3912,42,5506,2,2023-08-31 14:19:00,7.43,0.45,7.88,mobile
3913,115,5508,11,2023-09-01 12:28:00,12.0,0.72,12.72,debit
3914,1,5509,6,2023-09-01 14:57:00,6.3,0.38,6.68,mobile
3915,78,5511,13,2023-09-01 16:59:00,19.59,1.18,20.77,mobile
3916,233,5514,6,2023-09-01 13:58:00,4.0,0.24,4.24,credit
3917,182,5516,7,2023-09-01 10:59:00,11.66,0.7,12.36,mobile
3918,238,5517,4,2023-09-01 16:30:00,10.34,0.62,10.96,debit
3919,8,5518,10,2023-09-01 11:50:00,4.97,0.3,5.27,mobile
3920,236,5519,11,2023-09-01 09:27:00,6.3,0.38,6.68,debit
3921,238,5520,11,2023-09-01 13:38:00,29.84,1.79,31.63,credit
3922,52,5521,10,2023-09-01 15:22:00,12.6,0.76,13.36,credit
3923,165,5522,5,2023-09-02 09:59:00,34.73,2.08,36.81,debit
3924,59,5524,12,2023-09-02 10:43:00,21.6,1.3,22.9,credit
3925,107,5525,10,2023-09-02 10:40:00,10.46,0.63,11.09,mobile
3926,7,5526,4,2023-09-02 09:25:00,6.5,0.39,6.89,credit
3927,42,5527,11,2023-09-02 15:25:00,19.65,1.18,20.83,credit
3928,126,5528,14,2023-09-02 14:29:00,4.73,0.28,5.01,debit
3929,125,5530,14,2023-09-02 13:26:00,37.02,2.22,39.24,credit
3930,56,5531,10,2023-09-02 13:26:00,4.71,0.28,4.99,credit
3931,2,5532,5,2023-09-02 09:18:00,31.25,1.88,33.13,debit
3932,31,5534,2,2023-09-02 16:59:00,24.75,1.48,26.23,credit
3933,3,5536,13,2023-09-02 13:13:00,5.78,0.35,6.13,credit
3934,38,5537,10,2023-09-02 13:16:00,9.87,0.59,10.46,credit
3935,218,5538,14,2023-09-02 11:59:00,16.25,0.97,17.22,credit
3936,5,5541,7,2023-09-03 09:53:00,8.23,0.49,8.72,mobile
3937,233,5542,7,2023-09-03 14:47:00,6.3,0.38,6.68,mobile
3938,180,5543,5,2023-09-03 09:47:00,29.06,1.74,30.8,mobile
3939,198,5545,7,2023-09-03 13:25:00,33.56,2.01,35.57,credit
3940,45,5546,14,2023-09-03 10:29:00,16.0,0.96,16.96,debit
3941,164,5547,11,2023-09-03 14:23:00,8.0,0.48,8.48,credit
3942,4,5548,10,2023-09-03 16:59:00,5.56,0.33,5.89,mobile
3943,72,5549,13,2023-09-03 12:59:00,6.28,0.38,6.66,debit
3944,163,5550,10,2023-09-03 12:42:00,3.5,0.21,3.71,credit
3945,233,5551,14,2023-09-03 09:38:00,3.5,0.21,3.71,mobile
3946,110,5552,11,2023-09-03 13:26:00,5.25,0.32,5.57,credit
3947,22,5555,4,2023-09-03 12:41:00,9.0,0.54,9.54,credit
3948,5,5556,10,2023-09-03 16:59:00,23.3,1.4,24.7,debit
3949,64,5557,14,2023-09-03 09:23:00,9.15,0.55,9.7,debit
3950,25,5559,14,2023-09-03 10:11:00,4.0,0.24,4.24,mobile
3951,2,5560,4,2023-09-03 16:24:00,7.25,0.43,7.68,mobile
3952,123,5561,10,2023-09-04 15:59:00,56.6,3.4,60.0,debit
3953,10,5562,2,2023-09-04 14:56:00,4.35,0.26,4.61,credit
3954,69,5563,6,2023-09-04 13:45:00,6.5,0.39,6.89,credit
3955,27,5564,11,2023-09-04 16:53:00,10.71,0.64,11.35,credit
3956,2,5565,5,2023-09-04 11:25:00,9.25,0.55,9.8,credit
3957,44,5567,11,2023-09-04 10:43:00,14.3,0.86,15.16,mobile
3958,154,5568,3,2023-09-04 09:36:00,7.0,0.42,7.42,mobile
3959,75,5570,2,2023-09-04 09:43:00,19.07,1.14,20.21,credit
3960,233,5573,1,2023-09-04 10:11:00,16.6,1.0,17.6,credit
3961,192,5574,13,2023-09-04 15:59:00,21.03,1.26,22.29,credit
3962,68,5576,3,2023-09-04 09:16:00,29.54,1.77,31.31,mobile
3963,204,5577,4,2023-09-04 11:15:00,13.0,0.78,13.78,credit
3964,98,5578,2,2023-09-04 14:53:00,6.3,0.38,6.68,mobile
3965,237,5579,13,2023-09-04 16:25:00,20.0,1.2,21.2,debit
3966,98,5580,10,2023-09-04 16:28:00,6.5,0.39,6.89,credit
3967,1,5581,10,2023-09-04 10:44:00,11.56,0.69,12.25,mobile
3968,29,5582,1,2023-09-05 15:14:00,8.0,0.48,8.48,debit
3969,238,5583,3,2023-09-05 11:21:00,6.34,0.38,6.72,mobile
3970,107,5584,7,2023-09-05 16:51:00,23.06,1.38,24.44,mobile
3971,73,5586,10,2023-09-05 13:59:00,15.0,0.9,15.9,mobile
3972,148,5587,4,2023-09-05 12:54:00,7.0,0.42,7.42,debit
3973,68,5588,3,2023-09-05 13:44:00,14.56,0.87,15.43,mobile
3974,74,5590,3,2023-09-05 15:43:00,4.0,0.24,4.24,credit
3975,10,5592,4,2023-09-05 13:34:00,26.85,1.61,28.46,credit
3976,162,5594,5,2023-09-05 16:59:00,35.94,2.16,38.1,credit
3977,68,5595,7,2023-09-05 14:59:00,9.46,0.57,10.03,mobile
3978,53,5596,6,2023-09-05 11:12:00,11.09,0.67,11.76,credit
3979,104,5597,2,2023-09-05 11:31:00,11.36,0.68,12.04,mobile
3980,152,5598,13,2023-09-05 10:43:00,4.0,0.24,4.24,mobile
3981,198,5600,13,2023-09-06 11:12:00,4.73,0.28,5.01,mobile
3982,178,5601,3,2023-09-06 16:59:00,10.0,0.6,10.6,mobile
3983,1,5602,7,2023-09-06 09:57:00,9.5,0.57,10.07,mobile
3984,160,5603,12,2023-09-06 10:27:00,5.78,0.35,6.13,credit
3985,197,5604,6,2023-09-06 11:30:00,18.5,1.11,19.61,credit
3986,27,5605,12,2023-09-06 11:59:00,26.01,1.56,27.57,credit
3987,161,5606,3,2023-09-06 16:59:00,9.62,0.58,10.2,mobile
3988,237,5607,5,2023-09-06 13:59:00,24.0,1.44,25.44,mobile
3989,189,5608,10,2023-09-06 09:33:00,23.0,1.38,24.38,mobile
3990,73,5609,13,2023-09-06 16:59:00,4.0,0.24,4.24,debit
3991,217,5610,6,2023-09-06 14:59:00,19.03,1.14,20.17,mobile
3992,110,5612,4,2023-09-06 10:57:00,7.0,0.42,7.42,mobile
3993,27,5613,7,2023-09-06 15:33:00,10.71,0.64,11.35,credit
3994,27,5614,11,2023-09-06 11:52:00,6.99,0.42,7.41,credit
3995,128,5615,12,2023-09-06 12:59:00,7.26,0.44,7.7,mobile
3996,217,5617,10,2023-09-06 09:43:00,10.53,0.63,11.16,debit
3997,4,5618,2,2023-09-06 10:16:00,10.56,0.63,11.19,credit
3998,164,5621,4,2023-09-06 14:59:00,5.78,0.35,6.13,debit
3999,23,5622,7,2023-09-07 15:27:00,25.0,1.5,26.5,credit
4000,98,5623,5,2023-09-07 13:44:00,4.0,0.24,4.24,credit
4001,1,5625,6,2023-09-07 16:42:00,6.3,0.38,6.68,debit
4002,121,5627,2,2023-09-07 10:56:00,23.5,1.41,24.91,credit
4003,38,5628,11,2023-09-07 16:59:00,8.17,0.49,8.66,mobile
4004,162,5629,3,2023-09-07 10:59:00,8.99,0.54,9.53,credit
4005,207,5630,11,2023-09-07 11:59:00,6.5,0.39,6.89,credit
4006,98,5631,1,2023-09-07 10:44:00,30.26,1.82,32.08,credit
4007,111,5632,2,2023-09-07 13:32:00,25.0,1.5,26.5,credit
4008,174,5633,1,2023-09-07 14:59:00,7.24,0.43,7.67,mobile
4009,74,5636,3,2023-09-07 13:39:00,4.73,0.28,5.01,credit
4010,38,5637,12,2023-09-07 12:50:00,14.87,0.89,15.76,credit
4011,8,5638,2,2023-09-07 16:19:00,8.97,0.54,9.51,credit
4012,103,5639,10,2023-09-07 15:59:00,12.44,0.75,13.19,credit
4013,214,5640,2,2023-09-07 12:56:00,16.0,0.96,16.96,credit
4014,217,5642,5,2023-09-07 12:40:00,5.53,0.33,5.86,credit
4015,56,5643,14,2023-09-07 11:48:00,5.21,0.31,5.52,mobile
4016,217,5644,11,2023-09-08 09:55:00,5.03,0.3,5.33,credit
4017,69,5647,3,2023-09-08 10:11:00,24.0,1.44,25.44,mobile
4018,42,5648,1,2023-09-08 16:57:00,9.65,0.58,10.23,mobile
4019,73,5649,5,2023-09-08 16:24:00,12.6,0.76,13.36,credit
4020,73,5650,12,2023-09-08 09:59:00,6.5,0.39,6.89,mobile
4021,5,5652,12,2023-09-08 16:52:00,6.3,0.38,6.68,credit
4022,110,5656,12,2023-09-08 14:29:00,5.78,0.35,6.13,credit
4023,126,5658,4,2023-09-08 09:59:00,8.0,0.48,8.48,debit
4024,98,5659,10,2023-09-08 09:30:00,9.75,0.58,10.33,debit
4025,174,5660,6,2023-09-08 10:32:00,6.74,0.4,7.14,mobile
4026,107,5661,13,2023-09-08 16:15:00,5.46,0.33,5.79,credit
4027,2,5662,14,2023-09-09 09:59:00,14.25,0.85,15.1,credit
4028,1,5663,11,2023-09-09 10:30:00,16.0,0.96,16.96,credit
4029,77,5664,2,2023-09-09 14:37:00,7.0,0.42,7.42,credit
4030,184,5665,10,2023-09-09 11:54:00,9.06,0.54,9.6,mobile
4031,5,5667,7,2023-09-09 13:27:00,6.5,0.39,6.89,credit
4032,233,5668,11,2023-09-09 16:50:00,9.46,0.57,10.03,credit
4033,112,5669,10,2023-09-09 12:16:00,17.16,1.03,18.19,mobile
4034,2,5670,12,2023-09-09 16:54:00,34.25,2.05,36.3,mobile
4035,77,5673,4,2023-09-09 12:38:00,8.0,0.48,8.48,debit
4036,165,5675,12,2023-09-09 11:55:00,19.23,1.15,20.38,mobile
4037,8,5676,4,2023-09-09 16:55:00,7.27,0.44,7.71,credit
4038,121,5677,1,2023-09-09 09:59:00,4.5,0.27,4.77,mobile
4039,120,5678,12,2023-09-09 13:25:00,10.32,0.62,10.94,credit
4040,207,5681,3,2023-09-09 09:55:00,30.3,1.82,32.12,mobile
4041,107,5682,10,2023-09-09 09:59:00,11.96,0.72,12.68,mobile
4042,77,5683,10,2023-09-09 11:27:00,10.0,0.6,10.6,mobile
4043,162,5684,14,2023-09-09 16:38:00,8.99,0.54,9.53,debit
4044,53,5685,10,2023-09-09 16:17:00,7.37,0.44,7.81,credit
4045,67,5688,7,2023-09-09 12:21:00,5.25,0.32,5.57,credit
4046,2,5689,7,2023-09-09 16:59:00,13.03,0.78,13.81,credit
4047,111,5690,10,2023-09-09 10:59:00,9.0,0.54,9.54,credit
4048,149,5691,4,2023-09-10 15:58:00,34.42,2.07,36.49,credit
4049,174,5692,7,2023-09-10 14:29:00,9.02,0.54,9.56,credit
4050,237,5694,3,2023-09-10 14:32:00,12.78,0.77,13.55,credit
4051,74,5695,4,2023-09-10 11:30:00,13.5,0.81,14.31,debit
4052,172,5696,10,2023-09-10 14:59:00,5.78,0.35,6.13,mobile
4053,201,5697,13,2023-09-10 15:44:00,4.0,0.24,4.24,credit
4054,164,5698,10,2023-09-10 16:55:00,9.8,0.59,10.39,credit
4055,160,5700,12,2023-09-10 11:50:00,4.0,0.24,4.24,credit
4056,126,5701,12,2023-09-10 14:51:00,9.5,0.57,10.07,credit
4057,207,5702,13,2023-09-10 14:56:00,4.5,0.27,4.77,debit
4058,194,5703,12,2023-09-10 12:57:00,13.78,0.83,14.61,credit
4059,213,5704,1,2023-09-10 14:53:00,5.78,0.35,6.13,credit
4060,69,5705,7,2023-09-10 13:27:00,5.78,0.35,6.13,debit
4061,2,5707,14,2023-09-10 16:59:00,9.25,0.55,9.8,credit
4062,7,5708,13,2023-09-10 15:55:00,25.86,1.55,27.41,credit
4063,125,5709,5,2023-09-10 14:42:00,7.17,0.43,7.6,debit
4064,165,5710,3,2023-09-10 11:41:00,11.23,0.67,11.9,debit
4065,104,5711,11,2023-09-10 14:37:00,13.58,0.81,14.39,credit
4066,126,5713,7,2023-09-10 15:28:00,16.06,0.96,17.02,debit
4067,44,5714,5,2023-09-11 09:31:00,10.0,0.6,10.6,debit
4068,1,5715,3,2023-09-11 09:34:00,5.78,0.35,6.13,mobile
4069,199,5717,5,2023-09-11 09:55:00,5.96,0.36,6.32,debit
4070,44,5719,14,2023-09-11 11:35:00,8.0,0.48,8.48,credit
4071,189,5722,4,2023-09-11 12:11:00,4.5,0.27,4.77,debit
4072,27,5723,14,2023-09-12 14:50:00,6.99,0.42,7.41,mobile
4073,189,5725,3,2023-09-12 11:15:00,8.0,0.48,8.48,credit
4074,160,5726,12,2023-09-12 09:59:00,4.5,0.27,4.77,credit
4075,2,5727,5,2023-09-12 12:27:00,35.35,2.12,37.47,credit
4076,143,5728,5,2023-09-12 09:59:00,36.9,2.21,39.11,credit
4077,3,5730,5,2023-09-12 10:52:00,11.5,0.69,12.19,credit
4078,228,5731,11,2023-09-12 10:59:00,6.9,0.41,7.31,mobile
4079,191,5735,3,2023-09-12 12:27:00,22.94,1.38,24.32,credit
4080,179,5737,10,2023-09-12 16:59:00,9.11,0.55,9.66,credit
4081,174,5739,4,2023-09-12 14:11:00,8.49,0.51,9.0,mobile
4082,74,5741,7,2023-09-12 16:45:00,4.0,0.24,4.24,credit
4083,182,5742,3,2023-09-12 14:45:00,23.16,1.39,24.55,credit
4084,197,5744,1,2023-09-13 12:41:00,10.0,0.6,10.6,mobile
4085,44,5746,4,2023-09-13 15:27:00,25.0,1.5,26.5,debit
4086,104,5747,3,2023-09-13 14:13:00,6.86,0.41,7.27,credit
4087,228,5748,7,2023-09-13 10:22:00,8.7,0.52,9.22,mobile
4088,110,5753,4,2023-09-13 14:59:00,16.8,1.01,17.81,credit
4089,172,5755,5,2023-09-13 16:13:00,6.3,0.38,6.68,credit
4090,17,5757,5,2023-09-13 15:40:00,11.0,0.66,11.66,credit
4091,44,5758,3,2023-09-14 12:48:00,4.0,0.24,4.24,debit
4092,237,5759,3,2023-09-14 12:21:00,4.0,0.24,4.24,credit
4093,47,5760,5,2023-09-14 09:59:00,31.53,1.89,33.42,mobile
4094,237,5761,10,2023-09-14 10:31:00,12.5,0.75,13.25,mobile
4095,36,5762,12,2023-09-14 13:25:00,35.39,2.12,37.51,credit
4096,92,5763,6,2023-09-14 10:29:00,3.5,0.21,3.71,credit
4097,97,5764,3,2023-09-14 10:22:00,8.0,0.48,8.48,credit
4098,186,5766,11,2023-09-14 09:43:00,5.78,0.35,6.13,credit
4099,97,5768,4,2023-09-14 10:59:00,28.0,1.68,29.68,credit
4100,160,5770,14,2023-09-14 10:59:00,21.03,1.26,22.29,debit
4101,114,5772,13,2023-09-14 14:32:00,12.08,0.72,12.8,mobile
4102,98,5773,3,2023-09-15 12:15:00,4.0,0.24,4.24,credit
4103,27,5776,3,2023-09-15 15:11:00,8.21,0.49,8.7,mobile
4104,128,5777,3,2023-09-15 16:32:00,9.48,0.57,10.05,credit
4105,5,5778,14,2023-09-15 16:59:00,29.01,1.74,30.75,mobile
4106,5,5780,12,2023-09-15 11:38:00,10.0,0.6,10.6,debit
4107,38,5781,4,2023-09-15 10:59:00,13.43,0.81,14.24,credit
4108,232,5782,1,2023-09-15 13:48:00,27.58,1.65,29.23,credit
4109,207,5785,11,2023-09-15 09:43:00,10.5,0.63,11.13,mobile
4110,73,5786,2,2023-09-15 12:58:00,7.0,0.42,7.42,mobile
4111,75,5788,2,2023-09-15 10:39:00,9.57,0.57,10.14,credit
4112,59,5789,14,2023-09-15 10:40:00,9.6,0.58,10.18,mobile
4113,143,5790,7,2023-09-15 11:36:00,4.73,0.28,5.01,debit
4114,25,5792,2,2023-09-15 11:15:00,35.5,2.13,37.63,credit
4115,23,5793,10,2023-09-16 12:40:00,9.5,0.57,10.07,credit
4116,41,5794,6,2023-09-16 12:20:00,8.0,0.48,8.48,mobile
4117,186,5795,6,2023-09-16 15:59:00,11.56,0.69,12.25,mobile
4118,162,5796,12,2023-09-16 10:42:00,7.19,0.43,7.62,mobile
4119,213,5797,5,2023-09-16 10:10:00,16.6,1.0,17.6,debit
4120,240,5798,3,2023-09-16 16:59:00,6.3,0.38,6.68,debit
4121,231,5800,1,2023-09-16 10:59:00,4.0,0.24,4.24,credit
4122,165,5803,11,2023-09-16 11:59:00,7.0,0.42,7.42,credit
4123,228,5804,3,2023-09-16 10:13:00,13.96,0.84,14.8,credit
4124,43,5807,13,2023-09-16 12:27:00,10.0,0.6,10.6,debit
4125,160,5808,13,2023-09-16 12:12:00,4.0,0.24,4.24,credit
4126,165,5809,4,2023-09-16 09:40:00,37.36,2.24,39.6,credit
4127,184,5812,14,2023-09-16 16:11:00,11.28,0.68,11.96,credit
4128,2,5813,4,2023-09-16 12:11:00,12.05,0.72,12.77,mobile
4129,189,5814,11,2023-09-16 16:43:00,9.5,0.57,10.07,credit
4130,107,5815,14,2023-09-16 09:59:00,10.46,0.63,11.09,credit
4131,2,5816,11,2023-09-16 14:22:00,21.25,1.27,22.52,credit
4132,75,5817,7,2023-09-16 15:29:00,11.07,0.66,11.73,mobile
4133,64,5818,7,2023-09-16 16:52:00,5.65,0.34,5.99,mobile
4134,172,5822,5,2023-09-17 09:57:00,15.25,0.91,16.16,debit
4135,164,5824,5,2023-09-17 15:27:00,21.78,1.31,23.09,credit
4136,149,5827,5,2023-09-17 11:40:00,11.02,0.66,11.68,debit
4137,27,5830,6,2023-09-17 14:59:00,13.81,0.83,14.64,mobile
4138,67,5832,4,2023-09-17 11:41:00,8.0,0.48,8.48,mobile
4139,1,5833,2,2023-09-17 15:34:00,7.0,0.42,7.42,mobile
4140,34,5834,4,2023-09-17 12:23:00,10.77,0.65,11.42,mobile
4141,91,5835,2,2023-09-17 09:32:00,4.5,0.27,4.77,credit
4142,192,5836,2,2023-09-17 09:50:00,6.5,0.39,6.89,mobile
4143,238,5837,7,2023-09-17 10:10:00,7.07,0.42,7.49,credit
4144,64,5838,1,2023-09-17 15:10:00,26.15,1.57,27.72,mobile
4145,118,5839,6,2023-09-17 11:59:00,9.54,0.57,10.11,debit
4146,189,5841,4,2023-09-17 10:33:00,20.78,1.25,22.03,credit
4147,184,5843,7,2023-09-17 15:43:00,17.78,1.07,18.85,credit
4148,107,5844,7,2023-09-17 10:59:00,11.46,0.69,12.15,debit
4149,56,5845,10,2023-09-17 16:22:00,28.49,1.71,30.2,credit
4150,162,5846,14,2023-09-17 12:59:00,24.95,1.5,26.45,credit
4151,218,5848,10,2023-09-18 09:47:00,65.0,3.9,68.9,debit
4152,189,5852,4,2023-09-18 13:43:00,4.5,0.27,4.77,mobile
4153,176,5853,6,2023-09-18 10:55:00,16.0,0.96,16.96,credit
4154,10,5854,5,2023-09-18 11:41:00,8.85,0.53,9.38,credit
4155,104,5855,2,2023-09-18 09:54:00,7.38,0.44,7.82,mobile
4156,237,5857,10,2023-09-18 09:59:00,46.25,2.77,49.02,mobile
4157,47,5858,12,2023-09-18 11:59:00,3.5,0.21,3.71,credit
4158,201,5860,1,2023-09-19 15:59:00,20.46,1.23,21.69,credit
4159,2,5862,13,2023-09-19 10:27:00,15.05,0.9,15.95,mobile
4160,182,5863,2,2023-09-19 12:34:00,19.66,1.18,20.84,credit
4161,71,5864,1,2023-09-19 16:28:00,12.28,0.74,13.02,mobile
4162,249,5865,5,2023-09-19 09:36:00,3.0,0.18,3.18,debit
4163,3,5867,6,2023-09-19 14:51:00,9.5,0.57,10.07,mobile
4164,148,5868,5,2023-09-19 11:59:00,17.0,1.02,18.02,mobile
4165,36,5870,5,2023-09-19 11:59:00,15.79,0.95,16.74,credit
4166,235,5872,4,2023-09-19 14:58:00,12.0,0.72,12.72,debit
4167,3,5873,6,2023-09-19 10:52:00,20.0,1.2,21.2,mobile
4168,3,5874,13,2023-09-19 13:50:00,21.0,1.26,22.26,credit
4169,47,5875,13,2023-09-19 13:55:00,26.48,1.59,28.07,debit
4170,82,5876,13,2023-09-19 09:36:00,47.23,2.83,50.06,credit
4171,92,5878,10,2023-09-19 16:42:00,20.0,1.2,21.2,credit
4172,114,5879,4,2023-09-19 09:21:00,18.78,1.13,19.91,debit
4173,23,5880,12,2023-09-20 10:30:00,31.5,1.89,33.39,credit
4174,3,5883,10,2023-09-20 10:59:00,8.0,0.48,8.48,credit
4175,191,5884,5,2023-09-20 12:43:00,5.67,0.34,6.01,credit
4176,245,5886,12,2023-09-20 15:37:00,10.97,0.66,11.63,credit
4177,25,5887,11,2023-09-20 09:59:00,4.0,0.24,4.24,mobile
4178,27,5889,12,2023-09-20 12:55:00,4.71,0.28,4.99,credit
4179,222,5891,7,2023-09-20 12:40:00,14.78,0.89,15.67,mobile
4180,165,5892,7,2023-09-20 15:45:00,6.5,0.39,6.89,mobile
4181,120,5895,13,2023-09-21 11:52:00,27.09,1.63,28.72,mobile
4182,229,5896,4,2023-09-21 11:56:00,10.02,0.6,10.62,debit
4183,56,5897,13,2023-09-21 09:59:00,14.21,0.85,15.06,credit
4184,233,5898,13,2023-09-21 12:59:00,6.5,0.39,6.89,credit
4185,9,5899,3,2023-09-21 12:44:00,33.3,2.0,35.3,credit
4186,8,5900,5,2023-09-21 15:30:00,32.93,1.98,34.91,credit
4187,21,5901,11,2023-09-21 14:26:00,8.54,0.51,9.05,credit
4188,2,5903,4,2023-09-21 15:29:00,5.25,0.32,5.57,credit
4189,104,5904,13,2023-09-21 15:52:00,18.08,1.08,19.16,mobile
4190,212,5905,6,2023-09-21 10:41:00,10.76,0.65,11.41,mobile
4191,92,5906,5,2023-09-21 14:59:00,22.5,1.35,23.85,credit
4192,179,5907,12,2023-09-21 10:17:00,8.11,0.49,8.6,mobile
4193,44,5908,6,2023-09-21 13:34:00,8.78,0.53,9.31,mobile
4194,25,5909,7,2023-09-21 13:10:00,6.3,0.38,6.68,mobile
4195,218,5910,14,2023-09-21 12:22:00,4.0,0.24,4.24,credit
4196,228,5911,5,2023-09-21 11:58:00,5.9,0.35,6.25,credit
4197,143,5912,4,2023-09-21 11:59:00,4.5,0.27,4.77,mobile
4198,110,5913,13,2023-09-21 13:22:00,10.0,0.6,10.6,mobile
4199,34,5914,5,2023-09-22 15:31:00,5.31,0.32,5.63,mobile
4200,107,5915,4,2023-09-22 11:43:00,11.96,0.72,12.68,mobile
4201,189,5916,14,2023-09-22 11:56:00,13.25,0.79,14.04,credit
4202,2,5919,13,2023-09-22 15:59:00,9.25,0.55,9.8,credit
4203,73,5920,10,2023-09-22 15:24:00,8.0,0.48,8.48,credit
4204,98,5921,2,2023-09-22 13:59:00,9.5,0.57,10.07,credit
4205,186,5922,7,2023-09-22 16:43:00,8.0,0.48,8.48,mobile
4206,74,5923,10,2023-09-22 09:44:00,8.0,0.48,8.48,mobile
4207,118,5925,1,2023-09-22 10:59:00,6.27,0.38,6.65,credit
4208,59,5926,2,2023-09-22 15:12:00,9.83,0.59,10.42,mobile
4209,162,5927,11,2023-09-22 13:59:00,7.42,0.45,7.87,credit
4210,232,5928,2,2023-09-22 10:27:00,19.26,1.16,20.42,credit
4211,73,5929,11,2023-09-22 11:20:00,6.5,0.39,6.89,debit
4212,27,5931,1,2023-09-23 14:59:00,5.94,0.36,6.3,credit
4213,75,5932,10,2023-09-23 14:11:00,9.57,0.57,10.14,credit
4214,233,5933,3,2023-09-23 13:57:00,5.78,0.35,6.13,debit
4215,174,5934,2,2023-09-23 09:55:00,23.24,1.39,24.63,mobile
4216,3,5935,3,2023-09-23 12:59:00,4.0,0.24,4.24,credit
4217,56,5937,3,2023-09-23 16:40:00,9.21,0.55,9.76,credit
4218,189,5938,12,2023-09-23 10:28:00,4.73,0.28,5.01,mobile
4219,77,5941,2,2023-09-23 09:59:00,28.08,1.68,29.76,credit
4220,103,5943,5,2023-09-23 16:20:00,5.44,0.33,5.77,mobile
4221,233,5945,7,2023-09-23 09:45:00,8.0,0.48,8.48,credit
4222,1,5947,3,2023-09-23 13:59:00,9.5,0.57,10.07,mobile
4223,64,5948,4,2023-09-23 13:57:00,39.45,2.37,41.82,mobile
4224,172,5949,4,2023-09-23 10:53:00,11.56,0.69,12.25,mobile
4225,9,5950,14,2023-09-24 10:41:00,5.78,0.35,6.13,credit
4226,189,5952,5,2023-09-24 10:59:00,8.0,0.48,8.48,credit
4227,5,5953,10,2023-09-24 11:49:00,6.3,0.38,6.68,mobile
4228,15,5957,1,2023-09-24 15:45:00,8.0,0.48,8.48,credit
4229,36,5959,1,2023-09-24 10:42:00,6.52,0.39,6.91,credit
4230,112,5960,14,2023-09-24 14:59:00,34.94,2.1,37.04,credit
4231,114,5962,6,2023-09-24 12:21:00,37.06,2.22,39.28,mobile
4232,163,5966,14,2023-09-24 12:25:00,12.6,0.76,13.36,credit
4233,182,5967,6,2023-09-24 09:28:00,8.91,0.53,9.44,debit
4234,33,5968,1,2023-09-24 16:33:00,4.73,0.28,5.01,credit
4235,56,5969,6,2023-09-24 15:14:00,5.71,0.34,6.05,credit
4236,148,5971,12,2023-09-24 13:15:00,22.5,1.35,23.85,credit
4237,162,5972,12,2023-09-24 14:59:00,15.29,0.92,16.21,debit
4238,2,5973,10,2023-09-24 16:34:00,31.28,1.88,33.16,credit
4239,2,5975,6,2023-09-25 09:59:00,19.25,1.16,20.41,credit
4240,27,5978,13,2023-09-25 16:59:00,9.21,0.55,9.76,debit
4241,64,5981,3,2023-09-25 12:59:00,31.95,1.92,33.87,credit
4242,200,5982,4,2023-09-25 13:51:00,13.0,0.78,13.78,credit
4243,103,5983,5,2023-09-25 11:51:00,28.4,1.7,30.1,credit
4244,160,5984,3,2023-09-25 12:51:00,13.3,0.8,14.1,credit
4245,1,5985,4,2023-09-25 14:30:00,3.0,0.18,3.18,credit
4246,91,5986,4,2023-09-25 10:34:00,12.6,0.76,13.36,credit
4247,98,5987,1,2023-09-26 14:59:00,9.0,0.54,9.54,credit
4248,107,5989,6,2023-09-26 09:51:00,8.96,0.54,9.5,mobile
4249,148,5990,10,2023-09-26 12:38:00,36.28,2.18,38.46,mobile
4250,228,5991,5,2023-09-26 09:38:00,8.9,0.53,9.43,mobile
4251,69,5994,4,2023-09-26 13:59:00,44.8,2.69,47.49,debit
4252,102,5995,6,2023-09-26 10:59:00,8.0,0.48,8.48,credit
4253,142,5996,13,2023-09-26 16:52:00,7.92,0.48,8.4,mobile
4254,74,5997,4,2023-09-26 11:26:00,8.0,0.48,8.48,mobile
4255,10,5998,2,2023-09-26 12:57:00,8.85,0.53,9.38,debit
4256,165,5999,13,2023-09-26 12:55:00,25.78,1.55,27.33,mobile
4257,31,6000,3,2023-09-26 11:49:00,3.5,0.21,3.71,credit
4258,143,6002,4,2023-09-26 16:36:00,19.0,1.14,20.14,mobile
4259,43,6003,6,2023-09-27 13:34:00,19.3,1.16,20.46,mobile
4260,5,6005,2,2023-09-27 13:37:00,19.5,1.17,20.67,mobile
4261,2,6006,7,2023-09-27 09:59:00,14.55,0.87,15.42,mobile
4262,79,6007,6,2023-09-27 16:36:00,3.5,0.21,3.71,debit
4263,131,6010,11,2023-09-27 12:59:00,3.5,0.21,3.71,mobile
4264,20,6013,3,2023-09-27 14:30:00,34.78,2.09,36.87,debit
4265,39,6014,3,2023-09-27 12:16:00,4.5,0.27,4.77,debit
4266,57,6015,14,2023-09-27 12:59:00,40.5,2.43,42.93,credit
4267,1,6016,10,2023-09-27 14:34:00,8.0,0.48,8.48,credit
4268,1,6017,3,2023-09-27 14:18:00,8.0,0.48,8.48,debit
4269,11,6018,2,2023-09-27 10:12:00,16.0,0.96,16.96,mobile
4270,178,6020,14,2023-09-27 10:56:00,6.5,0.39,6.89,debit
4271,206,6021,13,2023-09-28 09:30:00,8.43,0.51,8.94,mobile
4272,165,6025,11,2023-09-28 16:40:00,4.0,0.24,4.24,credit
4273,174,6026,12,2023-09-28 09:51:00,10.24,0.61,10.85,credit
4274,42,6028,12,2023-09-28 15:38:00,8.65,0.52,9.17,credit
4275,103,6029,12,2023-09-28 13:34:00,19.44,1.17,20.61,mobile
4276,74,6030,2,2023-09-28 14:57:00,8.0,0.48,8.48,mobile
4277,27,6031,12,2023-09-28 13:15:00,9.21,0.55,9.76,credit
4278,73,6032,1,2023-09-28 12:40:00,3.0,0.18,3.18,credit
4279,112,6033,13,2023-09-28 15:43:00,4.66,0.28,4.94,credit
4280,4,6034,10,2023-09-28 12:54:00,4.56,0.27,4.83,debit
4281,2,6035,6,2023-09-28 16:13:00,7.03,0.42,7.45,credit
4282,111,6036,2,2023-09-28 11:21:00,8.0,0.48,8.48,mobile
4283,149,6037,10,2023-09-28 15:14:00,6.27,0.38,6.65,mobile
4284,111,6038,12,2023-09-28 13:59:00,8.0,0.48,8.48,credit
4285,125,6039,14,2023-09-28 15:35:00,23.92,1.44,25.36,credit
4286,10,6040,6,2023-09-28 12:59:00,22.65,1.36,24.01,mobile
4287,165,6041,14,2023-09-29 09:56:00,4.5,0.27,4.77,credit
4288,172,6042,5,2023-09-29 10:27:00,14.3,0.86,15.16,credit
4289,180,6043,6,2023-09-29 15:45:00,4.73,0.28,5.01,debit
4290,101,6044,6,2023-09-29 12:59:00,22.8,1.37,24.17,debit
4291,1,6045,13,2023-09-29 12:17:00,16.0,0.96,16.96,credit
4292,126,6048,5,2023-09-29 11:41:00,22.5,1.35,23.85,credit
4293,67,6049,2,2023-09-29 12:20:00,3.0,0.18,3.18,credit
4294,194,6050,4,2023-09-29 14:12:00,3.0,0.18,3.18,mobile
4295,233,6051,1,2023-09-29 13:45:00,3.5,0.21,3.71,debit
4296,5,6053,6,2023-09-29 12:47:00,8.0,0.48,8.48,credit
4297,233,6054,11,2023-09-29 14:19:00,23.5,1.41,24.91,credit
4298,92,6055,5,2023-09-29 09:40:00,16.0,0.96,16.96,mobile
4299,9,6057,10,2023-09-30 16:41:00,5.25,0.32,5.57,credit
4300,106,6058,2,2023-09-30 11:42:00,29.5,1.77,31.27,debit
4301,231,6061,1,2023-09-30 09:51:00,5.25,0.32,5.57,credit
4302,172,6063,7,2023-09-30 15:42:00,6.0,0.36,6.36,credit
4303,118,6064,13,2023-09-30 14:59:00,13.1,0.79,13.89,credit
4304,36,6065,5,2023-09-30 11:21:00,7.57,0.45,8.02,mobile
4305,192,6066,7,2023-09-30 13:19:00,6.5,0.39,6.89,mobile
4306,217,6070,1,2023-09-30 12:58:00,21.56,1.29,22.85,credit
4307,232,6074,6,2023-09-30 15:51:00,6.76,0.41,7.17,mobile
4308,162,6075,2,2023-09-30 13:48:00,6.19,0.37,6.56,mobile
4309,218,6076,6,2023-09-30 09:44:00,12.0,0.72,12.72,mobile
4310,172,6077,7,2023-09-30 12:45:00,6.5,0.39,6.89,credit
4311,3,6078,13,2023-09-30 11:59:00,33.63,2.02,35.65,credit
4312,237,6079,7,2023-09-30 15:59:00,3.5,0.21,3.71,mobile
4313,240,6080,10,2023-09-30 10:44:00,4.5,0.27,4.77,debit
4314,237,6081,4,2023-09-30 09:22:00,17.98,1.08,19.06,credit
4315,143,6083,14,2023-09-30 09:56:00,13.78,0.83,14.61,credit
4316,47,6086,2,2023-10-01 10:59:00,12.6,0.76,13.36,mobile
4317,198,6087,7,2023-10-01 11:21:00,10.5,0.63,11.13,mobile
4318,33,6088,7,2023-10-01 16:56:00,3.0,0.18,3.18,credit
4319,74,6089,10,2023-10-01 11:27:00,4.0,0.24,4.24,credit
4320,8,6090,6,2023-10-01 14:18:00,18.97,1.14,20.11,mobile
4321,103,6091,13,2023-10-01 16:52:00,7.74,0.46,8.2,debit
4322,27,6092,11,2023-10-01 14:40:00,48.96,2.94,51.9,mobile
4323,69,6093,13,2023-10-01 10:28:00,4.5,0.27,4.77,credit
4324,202,6094,3,2023-10-01 10:59:00,4.0,0.24,4.24,mobile
4325,64,6095,1,2023-10-01 16:59:00,7.45,0.45,7.9,mobile
4326,107,6097,3,2023-10-01 12:59:00,16.99,1.02,18.01,debit
4327,8,6098,2,2023-10-01 11:33:00,20.52,1.23,21.75,credit
4328,29,6099,7,2023-10-01 09:59:00,9.5,0.57,10.07,credit
4329,97,6100,10,2023-10-01 15:43:00,9.25,0.55,9.8,mobile
4330,237,6101,10,2023-10-01 09:29:00,3.0,0.18,3.18,credit
4331,189,6104,11,2023-10-01 11:59:00,4.0,0.24,4.24,credit
4332,232,6105,13,2023-10-01 13:32:00,22.26,1.34,23.6,credit
4333,198,6106,12,2023-10-01 09:31:00,17.75,1.06,18.81,mobile
4334,184,6107,12,2023-10-01 11:57:00,9.06,0.54,9.6,credit
4335,75,6109,2,2023-10-01 13:33:00,41.17,2.47,43.64,credit
4336,14,6110,12,2023-10-01 13:44:00,5.33,0.32,5.65,mobile
4337,1,6111,1,2023-10-01 16:51:00,4.0,0.24,4.24,debit
4338,3,6112,11,2023-10-02 16:20:00,5.78,0.35,6.13,debit
4339,236,6113,14,2023-10-02 15:14:00,6.3,0.38,6.68,credit
4340,56,6115,1,2023-10-02 12:41:00,24.71,1.48,26.19,mobile
4341,160,6118,4,2023-10-02 14:28:00,14.5,0.87,15.37,debit
4342,237,6119,6,2023-10-02 14:59:00,13.0,0.78,13.78,mobile
4343,98,6120,11,2023-10-02 15:47:00,6.5,0.39,6.89,mobile
4344,92,6121,4,2023-10-02 09:29:00,5.78,0.35,6.13,mobile
4345,176,6122,2,2023-10-02 09:44:00,28.78,1.73,30.51,credit
4346,143,6123,7,2023-10-02 11:57:00,3.0,0.18,3.18,credit
4347,67,6128,7,2023-10-02 16:20:00,13.0,0.78,13.78,credit
4348,36,6129,4,2023-10-02 11:57:00,11.29,0.68,11.97,debit
4349,107,6131,4,2023-10-02 11:23:00,7.71,0.46,8.17,credit
4350,5,6132,12,2023-10-02 10:25:00,35.64,2.14,37.78,mobile
4351,162,6134,10,2023-10-02 13:26:00,9.69,0.58,10.27,mobile
4352,148,6136,4,2023-10-02 12:28:00,4.73,0.28,5.01,mobile
4353,56,6137,5,2023-10-02 12:14:00,35.67,2.14,37.81,debit
4354,240,6139,2,2023-10-02 13:27:00,4.73,0.28,5.01,credit
4355,218,6140,5,2023-10-03 14:26:00,13.5,0.81,14.31,mobile
4356,120,6141,3,2023-10-03 11:59:00,36.44,2.19,38.63,credit
4357,207,6142,12,2023-10-03 16:44:00,39.0,2.34,41.34,mobile
4358,235,6143,13,2023-10-03 12:56:00,4.5,0.27,4.77,mobile
4359,92,6144,6,2023-10-03 14:59:00,12.6,0.76,13.36,credit
4360,27,6146,3,2023-10-03 13:59:00,7.71,0.46,8.17,mobile
4361,110,6147,11,2023-10-03 14:57:00,9.5,0.57,10.07,mobile
4362,31,6148,2,2023-10-03 13:59:00,5.78,0.35,6.13,credit
4363,103,6149,5,2023-10-03 12:34:00,12.99,0.78,13.77,mobile
4364,42,6151,7,2023-10-03 13:58:00,17.45,1.05,18.5,credit
4365,67,6152,10,2023-10-03 14:58:00,4.0,0.24,4.24,credit
4366,107,6153,3,2023-10-03 13:59:00,5.96,0.36,6.32,credit
4367,74,6154,13,2023-10-03 11:43:00,4.73,0.28,5.01,debit
4368,72,6155,14,2023-10-03 14:56:00,8.03,0.48,8.51,credit
4369,118,6156,10,2023-10-03 13:45:00,6.27,0.38,6.65,credit
4370,2,6157,2,2023-10-03 11:40:00,25.5,1.53,27.03,mobile
4371,105,6159,7,2023-10-03 09:59:00,38.56,2.31,40.87,credit
4372,204,6160,14,2023-10-04 16:33:00,15.28,0.92,16.2,mobile
4373,5,6161,1,2023-10-04 12:56:00,10.0,0.6,10.6,mobile
4374,7,6162,12,2023-10-04 13:42:00,9.5,0.57,10.07,credit
4375,230,6164,14,2023-10-04 14:41:00,6.3,0.38,6.68,mobile
4376,13,6165,2,2023-10-04 13:59:00,25.0,1.5,26.5,credit
4377,4,6166,7,2023-10-04 16:53:00,9.06,0.54,9.6,credit
4378,238,6167,10,2023-10-04 15:57:00,13.9,0.83,14.73,credit
4379,236,6168,6,2023-10-04 16:59:00,4.5,0.27,4.77,debit
4380,43,6169,14,2023-10-04 11:35:00,28.5,1.71,30.21,mobile
4381,112,6170,1,2023-10-04 10:12:00,48.96,2.94,51.9,credit
4382,131,6171,11,2023-10-04 13:59:00,6.3,0.38,6.68,credit
4383,72,6172,14,2023-10-04 12:59:00,23.41,1.4,24.81,debit
4384,38,6173,11,2023-10-04 16:32:00,30.12,1.81,31.93,credit
4385,69,6174,10,2023-10-04 13:12:00,8.0,0.48,8.48,mobile
4386,110,6175,12,2023-10-04 11:44:00,3.0,0.18,3.18,credit
4387,240,6176,3,2023-10-04 16:10:00,5.25,0.32,5.57,debit
4388,107,6177,7,2023-10-04 09:10:00,52.96,3.18,56.14,debit
4389,196,6178,5,2023-10-05 10:59:00,11.5,0.69,12.19,credit
4390,110,6179,7,2023-10-05 13:56:00,12.6,0.76,13.36,mobile
4391,44,6180,5,2023-10-05 11:59:00,4.5,0.27,4.77,credit
4392,228,6181,10,2023-10-05 09:42:00,10.4,0.62,11.02,mobile
4393,52,6183,12,2023-10-05 10:45:00,20.0,1.2,21.2,credit
4394,1,6184,3,2023-10-05 14:30:00,9.5,0.57,10.07,mobile
4395,75,6185,12,2023-10-05 12:40:00,11.57,0.69,12.26,credit
4396,46,6186,13,2023-10-05 09:40:00,12.6,0.76,13.36,credit
4397,2,6187,7,2023-10-05 13:45:00,42.01,2.52,44.53,debit
4398,1,6188,2,2023-10-05 10:59:00,25.98,1.56,27.54,credit
4399,63,6190,5,2023-10-05 12:43:00,14.3,0.86,15.16,mobile
4400,98,6191,11,2023-10-05 11:59:00,26.76,1.61,28.37,credit
4401,207,6192,13,2023-10-05 16:53:00,26.28,1.58,27.86,mobile
4402,114,6193,11,2023-10-06 09:59:00,19.23,1.15,20.38,mobile
4403,152,6194,11,2023-10-06 14:53:00,13.0,0.78,13.78,mobile
4404,105,6195,11,2023-10-06 09:31:00,11.56,0.69,12.25,credit
4405,1,6198,14,2023-10-06 16:52:00,28.6,1.72,30.32,mobile
4406,207,6199,2,2023-10-06 10:57:00,38.25,2.29,40.54,mobile
4407,75,6200,13,2023-10-06 10:57:00,8.07,0.48,8.55,credit
4408,66,6201,3,2023-10-06 14:48:00,25.0,1.5,26.5,credit
4409,60,6202,1,2023-10-06 11:59:00,6.3,0.38,6.68,debit
4410,238,6203,11,2023-10-06 09:49:00,18.64,1.12,19.76,debit
4411,98,6208,7,2023-10-06 10:55:00,3.5,0.21,3.71,mobile
4412,25,6209,7,2023-10-06 09:12:00,10.28,0.62,10.9,debit
4413,74,6210,10,2023-10-07 14:59:00,7.0,0.42,7.42,mobile
4414,111,6211,14,2023-10-07 13:43:00,6.3,0.38,6.68,debit
4415,78,6214,4,2023-10-07 14:25:00,6.29,0.38,6.67,credit
4416,3,6215,6,2023-10-07 11:29:00,9.0,0.54,9.54,credit
4417,69,6216,10,2023-10-07 10:30:00,8.0,0.48,8.48,mobile
4418,223,6217,5,2023-10-07 10:48:00,24.5,1.47,25.97,debit
4419,232,6219,6,2023-10-07 12:59:00,30.48,1.83,32.31,mobile
4420,137,6220,5,2023-10-07 13:55:00,10.0,0.6,10.6,credit
4421,197,6221,10,2023-10-07 12:19:00,9.5,0.57,10.07,credit
4422,180,6222,6,2023-10-07 10:53:00,5.25,0.32,5.57,credit
4423,142,6224,3,2023-10-07 13:58:00,4.42,0.27,4.69,mobile
4424,197,6226,1,2023-10-07 12:58:00,8.73,0.52,9.25,mobile
4425,9,6227,12,2023-10-07 10:54:00,3.5,0.21,3.71,debit
4426,69,6228,5,2023-10-07 11:46:00,8.78,0.53,9.31,credit
4427,195,6229,5,2023-10-07 15:43:00,20.95,1.26,22.21,credit
4428,162,6230,3,2023-10-07 12:33:00,7.19,0.43,7.62,credit
4429,160,6231,14,2023-10-07 14:59:00,3.0,0.18,3.18,credit
4430,236,6232,2,2023-10-07 13:48:00,5.78,0.35,6.13,credit
4431,25,6233,6,2023-10-07 11:58:00,11.56,0.69,12.25,credit
4432,110,6234,14,2023-10-07 12:58:00,7.0,0.42,7.42,mobile
4433,27,6235,6,2023-10-07 15:34:00,5.21,0.31,5.52,credit
4434,3,6236,2,2023-10-07 12:29:00,7.0,0.42,7.42,credit
4435,91,6237,13,2023-10-08 16:56:00,4.5,0.27,4.77,mobile
4436,186,6239,7,2023-10-08 14:57:00,19.0,1.14,20.14,mobile
4437,175,6242,4,2023-10-08 14:40:00,11.41,0.68,12.09,credit
4438,73,6243,5,2023-10-08 09:43:00,4.0,0.24,4.24,credit
4439,114,6244,5,2023-10-08 14:27:00,6.5,0.39,6.89,mobile
4440,111,6245,13,2023-10-08 11:59:00,3.5,0.21,3.71,credit
4441,240,6246,2,2023-10-08 10:28:00,10.0,0.6,10.6,credit
4442,5,6247,12,2023-10-08 14:53:00,13.5,0.81,14.31,mobile
4443,57,6249,3,2023-10-08 10:36:00,25.0,1.5,26.5,credit
4444,36,6250,4,2023-10-08 12:26:00,6.52,0.39,6.91,credit
4445,34,6252,13,2023-10-08 12:59:00,7.61,0.46,8.07,debit
4446,39,6254,2,2023-10-08 09:23:00,6.3,0.38,6.68,debit
4447,236,6255,6,2023-10-08 16:31:00,9.0,0.54,9.54,debit
4448,52,6256,13,2023-10-08 16:59:00,12.28,0.74,13.02,credit
4449,2,6257,6,2023-10-08 13:38:00,27.48,1.65,29.13,credit
4450,25,6258,3,2023-10-08 09:14:00,9.5,0.57,10.07,mobile
4451,231,6259,2,2023-10-08 14:59:00,11.56,0.69,12.25,mobile
4452,179,6262,4,2023-10-08 10:44:00,23.11,1.39,24.5,credit
4453,13,6263,11,2023-10-08 15:43:00,6.3,0.38,6.68,mobile
4454,71,6264,14,2023-10-08 16:36:00,25.04,1.5,26.54,mobile
4455,237,6265,12,2023-10-08 09:59:00,16.1,0.97,17.07,mobile
4456,233,6267,3,2023-10-08 13:11:00,29.78,1.79,31.57,mobile
4457,35,6268,2,2023-10-08 15:59:00,7.0,0.42,7.42,credit
4458,69,6269,10,2023-10-08 09:31:00,9.5,0.57,10.07,credit
4459,238,6270,4,2023-10-08 14:56:00,8.12,0.49,8.61,credit
4460,199,6271,10,2023-10-08 13:45:00,9.23,0.55,9.78,debit
4461,56,6272,10,2023-10-08 15:43:00,16.44,0.99,17.43,credit
4462,235,6273,6,2023-10-08 10:26:00,10.0,0.6,10.6,mobile
4463,218,6274,14,2023-10-08 14:46:00,4.0,0.24,4.24,credit
4464,134,6275,5,2023-10-09 15:59:00,3.5,0.21,3.71,mobile
4465,197,6276,2,2023-10-09 09:21:00,22.53,1.35,23.88,credit
4466,33,6279,6,2023-10-09 15:54:00,4.0,0.24,4.24,debit
4467,116,6280,14,2023-10-09 13:31:00,7.0,0.42,7.42,mobile
4468,172,6281,3,2023-10-09 09:35:00,26.06,1.56,27.62,credit
4469,206,6282,2,2023-10-09 10:50:00,7.38,0.44,7.82,credit
4470,186,6283,10,2023-10-09 09:41:00,12.28,0.74,13.02,credit
4471,73,6285,6,2023-10-09 12:59:00,16.0,0.96,16.96,credit
4472,114,6287,4,2023-10-09 12:13:00,4.0,0.24,4.24,credit
4473,230,6288,7,2023-10-09 09:57:00,16.5,0.99,17.49,credit
4474,232,6289,11,2023-10-09 13:58:00,4.48,0.27,4.75,debit
4475,242,6291,11,2023-10-09 11:55:00,4.5,0.27,4.77,credit
4476,56,6293,1,2023-10-10 12:18:00,28.99,1.74,30.73,mobile
4477,23,6294,6,2023-10-10 16:41:00,4.5,0.27,4.77,debit
4478,2,6296,4,2023-10-10 13:51:00,7.55,0.45,8.0,credit
4479,207,6297,13,2023-10-10 09:10:00,26.55,1.59,28.14,mobile
4480,182,6298,11,2023-10-10 13:49:00,9.96,0.6,10.56,credit
4481,3,6299,12,2023-10-10 15:15:00,4.5,0.27,4.77,debit
4482,10,6301,1,2023-10-10 15:50:00,13.45,0.81,14.26,credit
4483,4,6302,11,2023-10-10 13:59:00,45.62,2.74,48.36,credit
4484,2,6303,3,2023-10-10 16:19:00,10.75,0.65,11.4,debit
4485,61,6304,11,2023-10-10 11:56:00,6.5,0.39,6.89,mobile
4486,174,6305,5,2023-10-10 13:59:00,6.74,0.4,7.14,debit
4487,118,6306,13,2023-10-11 11:27:00,5.54,0.33,5.87,credit
4488,103,6308,2,2023-10-11 15:56:00,5.94,0.36,6.3,credit
4489,174,6310,5,2023-10-11 14:59:00,11.24,0.67,11.91,debit
4490,8,6311,14,2023-10-11 09:43:00,21.48,1.29,22.77,credit
4491,8,6312,1,2023-10-11 15:59:00,4.97,0.3,5.27,credit
4492,8,6315,4,2023-10-11 16:27:00,9.97,0.6,10.57,mobile
4493,56,6316,6,2023-10-11 11:59:00,11.21,0.67,11.88,credit
4494,8,6317,6,2023-10-11 13:59:00,32.47,1.95,34.42,debit
4495,194,6319,6,2023-10-11 16:36:00,48.12,2.89,51.01,debit
4496,228,6320,7,2023-10-12 14:26:00,30.75,1.84,32.59,mobile
4497,128,6322,6,2023-10-12 09:43:00,6.21,0.37,6.58,mobile
4498,98,6323,3,2023-10-12 13:59:00,3.5,0.21,3.71,credit
4499,56,6326,1,2023-10-12 09:30:00,14.21,0.85,15.06,credit
4500,7,6328,4,2023-10-12 13:42:00,26.81,1.61,28.42,credit
4501,199,6330,3,2023-10-12 15:32:00,9.23,0.55,9.78,credit
4502,160,6331,13,2023-10-12 16:19:00,19.78,1.19,20.97,credit
4503,237,6332,4,2023-10-12 14:59:00,14.23,0.85,15.08,mobile
4504,197,6333,10,2023-10-12 16:59:00,6.5,0.39,6.89,mobile
4505,192,6334,3,2023-10-13 15:59:00,18.0,1.08,19.08,credit
4506,238,6336,5,2023-10-13 12:59:00,20.34,1.22,21.56,mobile
4507,179,6337,3,2023-10-13 15:39:00,14.41,0.86,15.27,credit
4508,207,6338,14,2023-10-13 10:34:00,3.5,0.21,3.71,credit
4509,152,6343,5,2023-10-13 09:38:00,3.5,0.21,3.71,mobile
4510,164,6344,14,2023-10-13 15:40:00,30.78,1.85,32.63,credit
4511,2,6345,1,2023-10-13 14:45:00,36.75,2.21,38.96,credit
4512,15,6346,5,2023-10-13 13:38:00,38.5,2.31,40.81,debit
4513,4,6347,3,2023-10-14 16:30:00,13.56,0.81,14.37,mobile
4514,1,6348,11,2023-10-14 16:59:00,6.3,0.38,6.68,credit
4515,74,6350,4,2023-10-14 12:55:00,6.3,0.38,6.68,mobile
4516,4,6351,7,2023-10-14 13:40:00,5.56,0.33,5.89,debit
4517,233,6352,13,2023-10-14 11:44:00,24.53,1.47,26.0,credit
4518,230,6353,2,2023-10-14 09:59:00,19.0,1.14,20.14,credit
4519,73,6354,14,2023-10-14 09:28:00,9.46,0.57,10.03,credit
4520,103,6356,10,2023-10-14 13:26:00,7.22,0.43,7.65,mobile
4521,25,6359,1,2023-10-14 09:59:00,16.6,1.0,17.6,credit
4522,98,6360,11,2023-10-14 16:55:00,10.0,0.6,10.6,mobile
4523,218,6361,13,2023-10-14 16:59:00,4.0,0.24,4.24,debit
4524,207,6362,4,2023-10-14 13:57:00,15.5,0.93,16.43,credit
4525,75,6363,12,2023-10-14 14:47:00,29.57,1.77,31.34,credit
4526,71,6364,14,2023-10-14 12:26:00,8.0,0.48,8.48,debit
4527,67,6365,5,2023-10-15 09:22:00,6.5,0.39,6.89,credit
4528,4,6366,14,2023-10-15 15:35:00,18.52,1.11,19.63,debit
4529,162,6367,10,2023-10-15 14:55:00,9.19,0.55,9.74,mobile
4530,107,6368,6,2023-10-15 16:59:00,11.96,0.72,12.68,mobile
4531,160,6371,14,2023-10-15 16:26:00,8.0,0.48,8.48,credit
4532,110,6372,4,2023-10-15 15:30:00,5.25,0.32,5.57,mobile
4533,3,6374,10,2023-10-15 09:11:00,11.56,0.69,12.25,credit
4534,44,6375,10,2023-10-15 15:34:00,5.78,0.35,6.13,credit
4535,74,6376,10,2023-10-15 11:23:00,11.56,0.69,12.25,mobile
4536,186,6379,3,2023-10-15 15:23:00,11.56,0.69,12.25,credit
4537,160,6380,3,2023-10-15 15:59:00,21.28,1.28,22.56,mobile
4538,4,6382,2,2023-10-15 10:29:00,5.56,0.33,5.89,credit
4539,110,6384,7,2023-10-15 11:28:00,23.5,1.41,24.91,credit
4540,164,6385,4,2023-10-16 16:16:00,4.5,0.27,4.77,credit
4541,233,6387,6,2023-10-16 12:30:00,17.25,1.03,18.28,credit
4542,236,6388,6,2023-10-16 11:40:00,7.0,0.42,7.42,debit
4543,26,6390,11,2023-10-16 10:23:00,10.75,0.65,11.4,credit
4544,186,6391,1,2023-10-16 13:59:00,5.25,0.32,5.57,debit
4545,236,6393,6,2023-10-16 13:33:00,8.0,0.48,8.48,mobile
4546,105,6394,14,2023-10-16 15:10:00,6.5,0.39,6.89,mobile
4547,217,6395,2,2023-10-16 13:35:00,5.03,0.3,5.33,credit
4548,6,6396,4,2023-10-16 12:30:00,8.0,0.48,8.48,mobile
4549,92,6397,10,2023-10-16 09:37:00,29.88,1.79,31.67,credit
4550,27,6398,3,2023-10-16 10:30:00,11.71,0.7,12.41,mobile
4551,47,6399,2,2023-10-17 15:40:00,15.8,0.95,16.75,debit
4552,5,6401,12,2023-10-17 11:18:00,6.0,0.36,6.36,mobile
4553,228,6402,13,2023-10-17 16:14:00,20.9,1.25,22.15,mobile
4554,82,6403,5,2023-10-17 12:55:00,24.31,1.46,25.77,credit
4555,172,6404,12,2023-10-17 15:45:00,10.0,0.6,10.6,credit
4556,207,6407,12,2023-10-17 11:50:00,9.5,0.57,10.07,debit
4557,1,6408,3,2023-10-17 10:13:00,9.0,0.54,9.54,debit
4558,103,6410,12,2023-10-17 14:48:00,5.44,0.33,5.77,credit
4559,165,6411,14,2023-10-17 16:42:00,9.0,0.54,9.54,debit
4560,207,6414,7,2023-10-17 15:45:00,8.0,0.48,8.48,credit
4561,110,6415,2,2023-10-18 11:26:00,28.84,1.73,30.57,credit
4562,84,6416,1,2023-10-18 09:29:00,8.0,0.48,8.48,credit
4563,161,6417,10,2023-10-18 09:41:00,10.12,0.61,10.73,credit
4564,27,6418,2,2023-10-18 09:59:00,15.51,0.93,16.44,credit
4565,171,6420,5,2023-10-18 12:51:00,19.78,1.19,20.97,credit
4566,163,6422,7,2023-10-18 11:14:00,6.5,0.39,6.89,credit
4567,85,6423,3,2023-10-18 14:26:00,7.12,0.43,7.55,credit
4568,35,6424,3,2023-10-18 14:52:00,6.3,0.38,6.68,mobile
4569,113,6426,5,2023-10-18 14:53:00,4.5,0.27,4.77,credit
4570,8,6428,7,2023-10-18 14:50:00,5.47,0.33,5.8,credit
4571,8,6429,11,2023-10-18 09:29:00,4.97,0.3,5.27,credit
4572,39,6430,10,2023-10-18 16:38:00,5.78,0.35,6.13,mobile
4573,23,6431,1,2023-10-19 15:30:00,20.0,1.2,21.2,mobile
4574,182,6434,2,2023-10-19 10:44:00,9.44,0.57,10.01,credit
4575,233,6435,12,2023-10-19 12:50:00,20.0,1.2,21.2,credit
4576,197,6436,1,2023-10-19 10:27:00,4.73,0.28,5.01,credit
4577,238,6437,2,2023-10-19 09:30:00,6.84,0.41,7.25,debit
4578,160,6438,13,2023-10-19 10:59:00,22.08,1.32,23.4,credit
4579,105,6440,14,2023-10-19 14:24:00,12.6,0.76,13.36,debit
4580,191,6441,4,2023-10-19 10:59:00,23.32,1.4,24.72,credit
4581,189,6442,11,2023-10-19 15:48:00,13.5,0.81,14.31,mobile
4582,61,6443,1,2023-10-19 11:40:00,11.56,0.69,12.25,mobile
4583,63,6444,6,2023-10-19 15:27:00,4.5,0.27,4.77,mobile
4584,197,6445,11,2023-10-19 15:51:00,4.5,0.27,4.77,debit
4585,195,6446,14,2023-10-19 12:35:00,13.45,0.81,14.26,credit
4586,82,6447,7,2023-10-19 11:59:00,6.5,0.39,6.89,credit
4587,224,6448,12,2023-10-19 11:34:00,25.0,1.5,26.5,mobile
4588,98,6449,7,2023-10-19 15:59:00,4.0,0.24,4.24,credit
4589,1,6451,7,2023-10-19 15:32:00,7.0,0.42,7.42,mobile
4590,69,6453,2,2023-10-19 12:58:00,31.8,1.91,33.71,credit
4591,172,6455,10,2023-10-20 15:58:00,7.0,0.42,7.42,mobile
4592,5,6456,12,2023-10-20 14:48:00,9.5,0.57,10.07,credit
4593,64,6457,4,2023-10-20 15:47:00,4.65,0.28,4.93,debit
4594,232,6458,10,2023-10-20 12:59:00,22.76,1.37,24.13,credit
4595,47,6459,2,2023-10-20 11:45:00,14.78,0.89,15.67,mobile
4596,189,6460,11,2023-10-20 12:18:00,4.0,0.24,4.24,mobile
4597,165,6461,5,2023-10-20 10:28:00,7.0,0.42,7.42,mobile
4598,5,6462,4,2023-10-20 09:59:00,8.0,0.48,8.48,debit
4599,99,6463,10,2023-10-20 09:53:00,13.18,0.79,13.97,credit
4600,218,6464,6,2023-10-20 14:59:00,16.28,0.98,17.26,credit
4601,1,6466,12,2023-10-20 14:49:00,4.0,0.24,4.24,mobile
4602,107,6468,13,2023-10-20 10:59:00,6.46,0.39,6.85,debit
4603,198,6470,13,2023-10-20 12:59:00,28.78,1.73,30.51,credit
4604,217,6471,4,2023-10-20 12:29:00,9.03,0.54,9.57,credit
4605,6,6472,2,2023-10-20 13:47:00,7.5,0.45,7.95,credit
4606,175,6473,13,2023-10-20 12:59:00,5.41,0.32,5.73,mobile
4607,42,6476,5,2023-10-20 16:59:00,15.88,0.95,16.83,credit
4608,110,6478,4,2023-10-21 16:59:00,23.3,1.4,24.7,debit
4609,1,6482,2,2023-10-21 09:26:00,4.73,0.28,5.01,mobile
4610,27,6483,12,2023-10-21 09:27:00,7.51,0.45,7.96,credit
4611,111,6484,5,2023-10-21 10:43:00,6.3,0.38,6.68,debit
4612,164,6485,11,2023-10-21 10:17:00,24.03,1.44,25.47,credit
4613,217,6486,2,2023-10-21 16:57:00,4.03,0.24,4.27,mobile
4614,5,6489,12,2023-10-21 14:59:00,25.5,1.53,27.03,credit
4615,5,6491,12,2023-10-21 16:52:00,4.0,0.24,4.24,credit
4616,69,6493,4,2023-10-21 15:33:00,4.5,0.27,4.77,credit
4617,111,6494,5,2023-10-21 16:35:00,5.78,0.35,6.13,credit
4618,173,6495,13,2023-10-21 10:22:00,24.68,1.48,26.16,credit
4619,34,6498,11,2023-10-21 13:41:00,7.31,0.44,7.75,credit
4620,3,6499,5,2023-10-21 12:47:00,4.0,0.24,4.24,debit
4621,195,6500,12,2023-10-21 09:58:00,5.95,0.36,6.31,credit
4622,149,6502,11,2023-10-22 11:59:00,10.52,0.63,11.15,mobile
4623,120,6503,5,2023-10-22 14:35:00,31.47,1.89,33.36,mobile
4624,13,6505,11,2023-10-22 14:38:00,10.0,0.6,10.6,mobile
4625,23,6507,4,2023-10-22 13:26:00,3.5,0.21,3.71,mobile
4626,10,6508,2,2023-10-22 16:58:00,7.15,0.43,7.58,mobile
4627,134,6509,11,2023-10-22 11:28:00,6.3,0.38,6.68,mobile
4628,97,6510,4,2023-10-22 12:37:00,5.78,0.35,6.13,mobile
4629,27,6511,2,2023-10-22 12:22:00,10.46,0.63,11.09,credit
4630,43,6513,12,2023-10-22 10:59:00,9.8,0.59,10.39,credit
4631,213,6514,11,2023-10-22 09:59:00,24.73,1.48,26.21,credit
4632,11,6515,5,2023-10-22 09:27:00,3.5,0.21,3.71,credit
4633,69,6518,10,2023-10-22 12:29:00,15.5,0.93,16.43,mobile
4634,228,6519,10,2023-10-22 15:49:00,22.45,1.35,23.8,mobile
4635,1,6521,7,2023-10-23 10:30:00,9.5,0.57,10.07,mobile
4636,61,6526,5,2023-10-23 10:23:00,6.5,0.39,6.89,mobile
4637,5,6527,2,2023-10-23 14:52:00,12.6,0.76,13.36,mobile
4638,182,6528,12,2023-10-23 09:57:00,10.66,0.64,11.3,debit
4639,7,6529,3,2023-10-23 10:31:00,52.6,3.16,55.76,credit
4640,75,6531,7,2023-10-23 12:59:00,19.57,1.17,20.74,mobile
4641,41,6532,10,2023-10-23 15:17:00,7.73,0.46,8.19,mobile
4642,56,6533,7,2023-10-23 11:26:00,17.46,1.05,18.51,credit
4643,67,6535,12,2023-10-23 11:59:00,24.81,1.49,26.3,debit
4644,131,6539,3,2023-10-24 15:25:00,6.5,0.39,6.89,credit
4645,8,6540,14,2023-10-24 14:54:00,8.97,0.54,9.51,credit
4646,224,6541,13,2023-10-24 15:30:00,4.0,0.24,4.24,mobile
4647,78,6543,3,2023-10-24 11:59:00,5.79,0.35,6.14,mobile
4648,197,6544,5,2023-10-24 15:59:00,7.0,0.42,7.42,debit
4649,61,6548,7,2023-10-24 15:52:00,5.78,0.35,6.13,mobile
4650,128,6549,10,2023-10-24 16:59:00,11.48,0.69,12.17,mobile
4651,59,6550,3,2023-10-24 11:28:00,4.6,0.28,4.88,mobile
4652,143,6551,10,2023-10-24 16:39:00,3.5,0.21,3.71,credit
4653,217,6552,12,2023-10-24 12:56:00,13.63,0.82,14.45,credit
4654,164,6553,10,2023-10-24 12:18:00,23.99,1.44,25.43,credit
4655,174,6558,7,2023-10-25 15:57:00,7.74,0.46,8.2,mobile
4656,75,6562,5,2023-10-25 09:30:00,6.82,0.41,7.23,credit
4657,120,6564,14,2023-10-25 09:23:00,8.09,0.49,8.58,credit
4658,26,6565,2,2023-10-25 11:57:00,4.27,0.26,4.53,mobile
4659,53,6567,13,2023-10-25 16:48:00,6.84,0.41,7.25,credit
4660,48,6568,14,2023-10-25 11:48:00,10.0,0.6,10.6,mobile
4661,85,6569,12,2023-10-25 09:17:00,26.6,1.6,28.2,credit
4662,74,6570,10,2023-10-25 10:49:00,10.0,0.6,10.6,mobile
4663,18,6572,2,2023-10-25 13:30:00,10.27,0.62,10.89,credit
4664,56,6573,13,2023-10-25 14:25:00,5.71,0.34,6.05,mobile
4665,224,6574,3,2023-10-25 10:42:00,28.0,1.68,29.68,mobile
4666,113,6575,4,2023-10-25 14:49:00,9.5,0.57,10.07,mobile
4667,4,6576,2,2023-10-26 14:59:00,11.06,0.66,11.72,credit
4668,31,6578,2,2023-10-26 16:25:00,12.08,0.72,12.8,mobile
4669,232,6579,4,2023-10-26 10:59:00,9.21,0.55,9.76,mobile
4670,37,6580,2,2023-10-26 09:55:00,3.5,0.21,3.71,mobile
4671,126,6584,2,2023-10-26 13:20:00,10.0,0.6,10.6,credit
4672,224,6585,6,2023-10-26 10:17:00,4.5,0.27,4.77,credit
4673,47,6586,14,2023-10-26 14:30:00,10.5,0.63,11.13,credit
4674,189,6587,6,2023-10-26 11:57:00,9.5,0.57,10.07,credit
4675,128,6589,2,2023-10-26 12:15:00,36.36,2.18,38.54,credit
4676,213,6590,3,2023-10-26 15:43:00,10.0,0.6,10.6,mobile
4677,8,6592,3,2023-10-26 14:28:00,26.27,1.58,27.85,credit
4678,166,6593,11,2023-10-26 13:21:00,7.76,0.47,8.23,credit
4679,61,6595,2,2023-10-26 10:44:00,6.5,0.39,6.89,credit
4680,27,6596,7,2023-10-26 14:59:00,6.99,0.42,7.41,credit
4681,56,6598,3,2023-10-27 16:59:00,9.21,0.55,9.76,credit
4682,47,6599,7,2023-10-27 13:51:00,5.78,0.35,6.13,mobile
4683,2,6600,2,2023-10-27 14:45:00,9.25,0.55,9.8,mobile
4684,75,6601,1,2023-10-27 12:11:00,14.57,0.87,15.44,mobile
4685,71,6602,5,2023-10-27 10:59:00,30.3,1.82,32.12,credit
4686,39,6604,7,2023-10-27 15:31:00,5.78,0.35,6.13,mobile
4687,182,6605,4,2023-10-27 13:21:00,25.89,1.55,27.44,credit
4688,114,6606,13,2023-10-27 11:59:00,11.56,0.69,12.25,mobile
4689,195,6607,4,2023-10-27 16:44:00,13.95,0.84,14.79,mobile
4690,237,6608,14,2023-10-27 13:50:00,4.73,0.28,5.01,mobile
4691,103,6609,1,2023-10-27 13:26:00,5.44,0.33,5.77,credit
4692,44,6616,5,2023-10-27 09:59:00,34.5,2.07,36.57,credit
4693,63,6617,11,2023-10-27 15:36:00,10.0,0.6,10.6,credit
4694,223,6618,3,2023-10-28 16:53:00,6.5,0.39,6.89,mobile
4695,59,6619,1,2023-10-28 10:41:00,8.6,0.52,9.12,credit
4696,165,6620,14,2023-10-28 10:59:00,3.0,0.18,3.18,mobile
4697,179,6622,6,2023-10-28 15:24:00,5.11,0.31,5.42,mobile
4698,170,6623,12,2023-10-28 09:28:00,8.84,0.53,9.37,mobile
4699,101,6624,12,2023-10-28 12:38:00,3.5,0.21,3.71,mobile
4700,179,6626,2,2023-10-28 09:57:00,10.61,0.64,11.25,credit
4701,237,6627,12,2023-10-28 10:20:00,6.5,0.39,6.89,credit
4702,201,6629,5,2023-10-28 09:25:00,15.78,0.95,16.73,debit
4703,179,6630,3,2023-10-28 13:34:00,20.61,1.24,21.85,debit
4704,53,6631,6,2023-10-28 14:28:00,5.09,0.31,5.4,credit
4705,2,6632,13,2023-10-28 09:33:00,7.75,0.46,8.21,credit
4706,238,6633,13,2023-10-28 12:42:00,10.07,0.6,10.67,mobile
4707,107,6635,11,2023-10-28 16:14:00,6.46,0.39,6.85,mobile
4708,105,6636,1,2023-10-28 11:30:00,12.6,0.76,13.36,credit
4709,118,6639,12,2023-10-28 10:45:00,7.32,0.44,7.76,mobile
4710,29,6640,12,2023-10-28 13:59:00,4.0,0.24,4.24,credit
4711,201,6641,10,2023-10-29 14:28:00,33.05,1.98,35.03,credit
4712,98,6642,2,2023-10-29 15:59:00,7.0,0.42,7.42,debit
4713,143,6643,2,2023-10-29 13:49:00,5.78,0.35,6.13,mobile
4714,61,6645,6,2023-10-29 13:29:00,7.0,0.42,7.42,debit
4715,198,6646,6,2023-10-29 10:50:00,5.78,0.35,6.13,credit
4716,162,6647,7,2023-10-29 10:26:00,20.03,1.2,21.23,credit
4717,114,6648,13,2023-10-29 14:41:00,5.25,0.32,5.57,mobile
4718,1,6650,11,2023-10-29 09:29:00,23.28,1.4,24.68,credit
4719,187,6653,14,2023-10-29 16:59:00,4.73,0.28,5.01,mobile
4720,23,6654,4,2023-10-29 14:43:00,5.78,0.35,6.13,credit
4721,200,6655,14,2023-10-29 13:59:00,28.33,1.7,30.03,mobile
4722,98,6656,7,2023-10-30 14:45:00,22.5,1.35,23.85,debit
4723,48,6658,5,2023-10-30 15:59:00,18.9,1.13,20.03,mobile
4724,206,6659,5,2023-10-30 11:44:00,7.9,0.47,8.37,mobile
4725,103,6660,2,2023-10-30 15:56:00,5.44,0.33,5.77,credit
4726,4,6661,2,2023-10-30 10:43:00,7.56,0.45,8.01,mobile
4727,44,6663,11,2023-10-30 15:33:00,4.73,0.28,5.01,mobile
4728,189,6664,7,2023-10-30 16:39:00,18.0,1.08,19.08,credit
4729,25,6665,5,2023-10-30 13:59:00,33.76,2.03,35.79,credit
4730,1,6667,2,2023-10-30 11:11:00,8.0,0.48,8.48,credit
4731,217,6668,5,2023-10-30 16:36:00,5.53,0.33,5.86,mobile
4732,69,6669,6,2023-10-30 09:56:00,4.0,0.24,4.24,credit
4733,160,6670,1,2023-10-30 09:59:00,5.78,0.35,6.13,credit
4734,103,6671,14,2023-10-30 11:36:00,21.44,1.29,22.73,credit
4735,38,6672,3,2023-10-30 10:24:00,5.37,0.32,5.69,credit
4736,2,6674,13,2023-10-31 10:57:00,5.98,0.36,6.34,mobile
4737,237,6675,3,2023-10-31 12:35:00,6.3,0.38,6.68,credit
4738,236,6678,10,2023-10-31 09:50:00,8.0,0.48,8.48,debit
4739,107,6680,12,2023-10-31 15:37:00,8.24,0.49,8.73,credit
4740,195,6681,7,2023-10-31 09:39:00,15.95,0.96,16.91,credit
4741,2,6682,14,2023-10-31 15:12:00,5.25,0.32,5.57,credit
4742,165,6683,2,2023-10-31 09:22:00,6.5,0.39,6.89,mobile
4743,123,6684,5,2023-10-31 13:59:00,3.5,0.21,3.71,mobile
4744,128,6685,3,2023-10-31 11:44:00,7.98,0.48,8.46,mobile
4745,13,6687,5,2023-10-31 15:45:00,4.73,0.28,5.01,credit
4746,72,6691,13,2023-10-31 11:25:00,13.63,0.82,14.45,mobile
4747,196,6692,11,2023-10-31 12:59:00,9.5,0.57,10.07,debit
4748,34,6693,2,2023-10-31 11:46:00,11.31,0.68,11.99,debit
4749,217,6694,5,2023-10-31 09:50:00,25.03,1.5,26.53,credit
4750,67,6695,2,2023-10-31 11:40:00,9.46,0.57,10.03,mobile
4751,166,6696,4,2023-11-01 12:29:00,5.26,0.32,5.58,credit
4752,8,6697,14,2023-11-01 15:59:00,12.53,0.75,13.28,credit
4753,195,6699,13,2023-11-01 15:59:00,12.95,0.78,13.73,debit
4754,3,6700,13,2023-11-01 12:17:00,20.06,1.2,21.26,debit
4755,38,6702,12,2023-11-01 13:34:00,5.87,0.35,6.22,mobile
4756,6,6704,5,2023-11-01 16:58:00,5.78,0.35,6.13,debit
4757,240,6705,13,2023-11-01 10:36:00,3.5,0.21,3.71,credit
4758,43,6706,3,2023-11-01 09:24:00,9.8,0.59,10.39,mobile
4759,106,6709,1,2023-11-01 09:13:00,4.73,0.28,5.01,credit
4760,74,6710,3,2023-11-01 12:57:00,10.3,0.62,10.92,credit
4761,64,6712,2,2023-11-01 15:33:00,7.45,0.45,7.9,credit
4762,48,6713,12,2023-11-01 13:27:00,22.81,1.37,24.18,mobile
4763,218,6714,3,2023-11-01 10:19:00,10.0,0.6,10.6,mobile
4764,98,6716,12,2023-11-01 14:25:00,10.8,0.65,11.45,mobile
4765,172,6717,6,2023-11-01 09:55:00,9.5,0.57,10.07,credit
4766,110,6718,13,2023-11-01 16:55:00,38.23,2.29,40.52,debit
4767,112,6719,13,2023-11-02 14:44:00,4.16,0.25,4.41,credit
4768,5,6721,1,2023-11-02 11:13:00,10.0,0.6,10.6,mobile
4769,166,6722,6,2023-11-02 10:33:00,12.32,0.74,13.06,mobile
4770,142,6723,14,2023-11-02 12:35:00,7.72,0.46,8.18,credit
4771,47,6724,12,2023-11-02 09:59:00,12.28,0.74,13.02,credit
4772,48,6725,13,2023-11-02 10:27:00,23.5,1.41,24.91,mobile
4773,245,6728,1,2023-11-02 13:31:00,33.28,2.0,35.28,debit
4774,34,6729,3,2023-11-02 10:35:00,18.81,1.13,19.94,credit
4775,186,6732,13,2023-11-02 10:46:00,4.73,0.28,5.01,mobile
4776,128,6733,5,2023-11-02 12:59:00,4.98,0.3,5.28,debit
4777,69,6736,10,2023-11-02 12:34:00,6.5,0.39,6.89,debit
4778,174,6737,12,2023-11-02 15:41:00,9.54,0.57,10.11,mobile
4779,154,6738,13,2023-11-02 10:43:00,8.5,0.51,9.01,mobile
4780,2,6740,13,2023-11-02 16:16:00,5.75,0.34,6.09,credit
4781,7,6741,10,2023-11-02 09:38:00,6.3,0.38,6.68,credit
4782,48,6742,4,2023-11-02 15:36:00,4.0,0.24,4.24,mobile
4783,43,6743,12,2023-11-02 10:20:00,22.75,1.36,24.11,credit
4784,182,6744,14,2023-11-03 10:54:00,19.39,1.16,20.55,mobile
4785,160,6745,10,2023-11-03 14:14:00,6.3,0.38,6.68,mobile
4786,237,6746,6,2023-11-03 13:59:00,26.26,1.58,27.84,mobile
4787,165,6747,6,2023-11-03 16:55:00,4.0,0.24,4.24,mobile
4788,38,6748,14,2023-11-03 11:51:00,5.37,0.32,5.69,mobile
4789,101,6752,12,2023-11-03 14:59:00,10.5,0.63,11.13,mobile
4790,218,6754,12,2023-11-03 15:41:00,5.25,0.32,5.57,mobile
4791,61,6755,6,2023-11-03 11:59:00,16.06,0.96,17.02,mobile
4792,79,6756,14,2023-11-03 12:30:00,5.25,0.32,5.57,mobile
4793,76,6758,5,2023-11-03 12:16:00,4.5,0.27,4.77,mobile
4794,245,6761,4,2023-11-03 15:29:00,18.75,1.12,19.87,mobile
4795,35,6762,7,2023-11-03 15:57:00,26.0,1.56,27.56,credit
4796,222,6764,14,2023-11-04 13:40:00,4.0,0.24,4.24,debit
4797,77,6765,2,2023-11-04 14:53:00,4.0,0.24,4.24,mobile
4798,61,6766,1,2023-11-04 13:11:00,9.78,0.59,10.37,credit
4799,208,6767,12,2023-11-04 14:40:00,14.61,0.88,15.49,mobile
4800,10,6768,1,2023-11-04 10:48:00,6.1,0.37,6.47,mobile
4801,13,6770,6,2023-11-04 09:15:00,13.78,0.83,14.61,credit
4802,195,6771,5,2023-11-04 12:21:00,19.45,1.17,20.62,mobile
4803,27,6772,12,2023-11-04 13:12:00,10.67,0.64,11.31,credit
4804,4,6773,14,2023-11-04 13:57:00,5.06,0.3,5.36,credit
4805,161,6774,3,2023-11-04 16:55:00,7.12,0.43,7.55,mobile
4806,158,6776,1,2023-11-04 10:59:00,4.53,0.27,4.8,mobile
4807,165,6777,11,2023-11-04 16:59:00,20.31,1.22,21.53,mobile
4808,128,6778,14,2023-11-04 16:30:00,10.98,0.66,11.64,credit
4809,207,6779,10,2023-11-04 11:46:00,15.78,0.95,16.73,mobile
4810,44,6780,6,2023-11-04 10:47:00,26.0,1.56,27.56,credit
4811,4,6781,4,2023-11-04 12:30:00,9.06,0.54,9.6,mobile
4812,75,6782,2,2023-11-04 09:59:00,7.35,0.44,7.79,mobile
4813,101,6783,2,2023-11-04 13:59:00,12.6,0.76,13.36,mobile
4814,242,6784,14,2023-11-04 11:56:00,8.0,0.48,8.48,credit
4815,12,6785,3,2023-11-04 15:59:00,12.6,0.76,13.36,debit
4816,8,6786,4,2023-11-04 15:44:00,3.97,0.24,4.21,credit
4817,206,6787,6,2023-11-04 15:59:00,7.38,0.44,7.82,credit
4818,73,6788,13,2023-11-04 13:59:00,6.5,0.39,6.89,mobile
4819,153,6790,2,2023-11-05 15:39:00,6.3,0.38,6.68,credit
4820,120,6791,7,2023-11-05 12:28:00,11.09,0.67,11.76,credit
4821,56,6792,7,2023-11-05 13:37:00,7.51,0.45,7.96,credit
4822,5,6793,2,2023-11-05 16:17:00,6.3,0.38,6.68,debit
4823,182,6794,12,2023-11-05 12:59:00,13.96,0.84,14.8,credit
4824,195,6795,14,2023-11-05 11:21:00,26.79,1.61,28.4,debit
4825,25,6796,3,2023-11-05 11:13:00,13.25,0.79,14.04,credit
4826,2,6797,11,2023-11-05 09:31:00,20.28,1.22,21.5,mobile
4827,98,6798,6,2023-11-05 11:15:00,18.0,1.08,19.08,mobile
4828,207,6799,14,2023-11-05 11:43:00,5.78,0.35,6.13,credit
4829,137,6800,12,2023-11-05 12:28:00,12.8,0.77,13.57,credit
4830,69,6801,4,2023-11-05 10:25:00,20.3,1.22,21.52,debit
4831,195,6802,10,2023-11-05 15:34:00,9.45,0.57,10.02,mobile
4832,105,6805,14,2023-11-05 13:35:00,4.0,0.24,4.24,credit
4833,48,6808,1,2023-11-05 11:59:00,3.5,0.21,3.71,credit
4834,202,6809,3,2023-11-05 14:46:00,5.78,0.35,6.13,debit
4835,196,6811,7,2023-11-05 11:28:00,5.25,0.32,5.57,credit
4836,154,6812,4,2023-11-05 12:59:00,23.53,1.41,24.94,mobile
4837,5,6814,14,2023-11-05 11:59:00,6.3,0.38,6.68,debit
4838,178,6816,11,2023-11-05 13:59:00,3.5,0.21,3.71,mobile
4839,28,6817,3,2023-11-05 15:58:00,7.15,0.43,7.58,credit
4840,179,6820,1,2023-11-05 11:27:00,15.11,0.91,16.02,mobile
4841,179,6822,2,2023-11-06 14:20:00,5.11,0.31,5.42,credit
4842,78,6826,12,2023-11-06 16:48:00,8.09,0.49,8.58,credit
4843,33,6827,13,2023-11-06 12:15:00,5.25,0.32,5.57,credit
4844,1,6828,7,2023-11-06 12:57:00,3.0,0.18,3.18,mobile
4845,236,6829,14,2023-11-06 13:59:00,7.5,0.45,7.95,mobile
4846,72,6830,4,2023-11-06 13:51:00,4.03,0.24,4.27,mobile
4847,99,6831,6,2023-11-06 10:42:00,13.9,0.83,14.73,credit
4848,51,6833,10,2023-11-06 16:38:00,10.0,0.6,10.6,credit
4849,5,6836,13,2023-11-06 15:26:00,23.78,1.43,25.21,mobile
4850,240,6837,6,2023-11-06 16:59:00,18.78,1.13,19.91,debit
4851,143,6838,7,2023-11-06 16:22:00,10.0,0.6,10.6,credit
4852,4,6839,7,2023-11-06 12:28:00,9.06,0.54,9.6,debit
4853,161,6840,7,2023-11-07 13:22:00,6.62,0.4,7.02,mobile
4854,11,6841,10,2023-11-07 14:59:00,12.6,0.76,13.36,mobile
4855,131,6842,10,2023-11-07 13:58:00,12.73,0.76,13.49,mobile
4856,238,6844,6,2023-11-07 10:42:00,10.34,0.62,10.96,debit
4857,162,6845,13,2023-11-07 10:59:00,28.52,1.71,30.23,mobile
4858,39,6846,11,2023-11-07 10:37:00,4.73,0.28,5.01,debit
4859,100,6847,2,2023-11-07 11:40:00,7.6,0.46,8.06,credit
4860,165,6849,13,2023-11-07 15:59:00,16.0,0.96,16.96,credit
4861,242,6850,12,2023-11-07 15:24:00,5.25,0.32,5.57,credit
4862,74,6851,13,2023-11-07 13:30:00,23.6,1.42,25.02,credit
4863,186,6852,13,2023-11-07 11:56:00,9.5,0.57,10.07,credit
4864,201,6853,2,2023-11-07 09:44:00,6.3,0.38,6.68,credit
4865,217,6854,2,2023-11-07 12:50:00,4.53,0.27,4.8,mobile
4866,69,6855,13,2023-11-07 15:13:00,4.5,0.27,4.77,credit
4867,48,6856,12,2023-11-08 16:57:00,19.8,1.19,20.99,credit
4868,2,6858,10,2023-11-08 12:20:00,29.75,1.78,31.53,mobile
4869,118,6859,2,2023-11-08 11:59:00,5.54,0.33,5.87,debit
4870,103,6860,1,2023-11-08 14:58:00,16.44,0.99,17.43,credit
4871,2,6861,4,2023-11-08 15:18:00,8.25,0.49,8.74,debit
4872,165,6863,11,2023-11-08 16:55:00,7.0,0.42,7.42,credit
4873,99,6865,2,2023-11-08 11:55:00,23.5,1.41,24.91,debit
4874,27,6866,7,2023-11-08 15:21:00,6.99,0.42,7.41,credit
4875,120,6868,6,2023-11-08 12:47:00,6.32,0.38,6.7,mobile
4876,195,6869,5,2023-11-08 09:13:00,15.95,0.96,16.91,mobile
4877,162,6870,10,2023-11-09 13:28:00,16.19,0.97,17.16,mobile
4878,48,6871,5,2023-11-09 13:56:00,5.25,0.32,5.57,debit
4879,189,6873,3,2023-11-09 12:57:00,4.5,0.27,4.77,mobile
4880,48,6874,2,2023-11-09 10:59:00,7.5,0.45,7.95,credit
4881,165,6876,1,2023-11-09 15:28:00,4.0,0.24,4.24,credit
4882,112,6877,5,2023-11-09 14:39:00,4.66,0.28,4.94,credit
4883,217,6878,11,2023-11-09 09:28:00,18.28,1.1,19.38,mobile
4884,217,6879,3,2023-11-09 14:40:00,16.59,1.0,17.59,debit
4885,203,6880,4,2023-11-09 10:26:00,10.5,0.63,11.13,credit
4886,182,6881,12,2023-11-09 12:29:00,19.66,1.18,20.84,credit
4887,91,6882,13,2023-11-09 11:22:00,21.53,1.29,22.82,mobile
4888,238,6883,6,2023-11-09 16:59:00,19.14,1.15,20.29,debit
4889,152,6884,3,2023-11-09 15:59:00,3.5,0.21,3.71,credit
4890,2,6887,13,2023-11-09 10:55:00,7.55,0.45,8.0,debit
4891,56,6889,1,2023-11-10 14:57:00,4.71,0.28,4.99,credit
4892,248,6890,4,2023-11-10 14:18:00,3.5,0.21,3.71,credit
4893,1,6893,5,2023-11-10 09:55:00,3.5,0.21,3.71,mobile
4894,174,6895,3,2023-11-10 10:37:00,13.24,0.79,14.03,credit
4895,8,6896,7,2023-11-10 15:12:00,8.97,0.54,9.51,mobile
4896,218,6897,5,2023-11-10 14:49:00,6.3,0.38,6.68,debit
4897,69,6898,7,2023-11-10 13:25:00,6.5,0.39,6.89,credit
4898,48,6899,4,2023-11-10 12:29:00,32.34,1.94,34.28,debit
4899,72,6900,13,2023-11-10 10:26:00,7.53,0.45,7.98,credit
4900,56,6903,7,2023-11-10 14:32:00,4.71,0.28,4.99,credit
4901,172,6904,12,2023-11-10 16:36:00,16.28,0.98,17.26,mobile
4902,183,6905,1,2023-11-10 12:59:00,11.56,0.69,12.25,credit
4903,164,6906,7,2023-11-11 13:24:00,8.0,0.48,8.48,debit
4904,98,6907,2,2023-11-11 11:59:00,4.0,0.24,4.24,mobile
4905,224,6910,12,2023-11-11 10:59:00,11.56,0.69,12.25,credit
4906,203,6911,14,2023-11-11 15:12:00,5.78,0.35,6.13,credit
4907,196,6913,6,2023-11-11 10:46:00,11.56,0.69,12.25,credit
4908,74,6915,13,2023-11-11 13:50:00,32.5,1.95,34.45,debit
4909,114,6918,6,2023-11-11 13:22:00,9.5,0.57,10.07,credit
4910,43,6919,14,2023-11-11 11:40:00,9.8,0.59,10.39,credit
4911,217,6920,1,2023-11-11 13:57:00,21.03,1.26,22.29,credit
4912,6,6922,13,2023-11-11 11:39:00,4.0,0.24,4.24,credit
4913,197,6923,3,2023-11-12 09:20:00,30.85,1.85,32.7,debit
4914,143,6924,3,2023-11-12 13:26:00,9.5,0.57,10.07,credit
4915,54,6926,1,2023-11-12 16:59:00,6.62,0.4,7.02,credit
4916,2,6928,6,2023-11-12 09:56:00,16.25,0.97,17.22,mobile
4917,198,6929,7,2023-11-12 13:59:00,13.3,0.8,14.1,mobile
4918,186,6930,14,2023-11-12 14:59:00,30.6,1.84,32.44,credit
4919,228,6931,11,2023-11-12 15:40:00,7.13,0.43,7.56,mobile
4920,69,6933,13,2023-11-12 16:59:00,4.0,0.24,4.24,mobile
4921,23,6934,3,2023-11-12 15:30:00,3.5,0.21,3.71,mobile
4922,240,6935,2,2023-11-12 10:37:00,23.1,1.39,24.49,credit
4923,61,6936,11,2023-11-12 16:59:00,4.0,0.24,4.24,credit
4924,51,6937,10,2023-11-12 12:26:00,14.0,0.84,14.84,debit
4925,52,6938,14,2023-11-12 09:16:00,8.0,0.48,8.48,credit
4926,179,6939,11,2023-11-12 12:41:00,4.61,0.28,4.89,debit
4927,172,6941,1,2023-11-13 14:59:00,15.78,0.95,16.73,credit
4928,47,6942,7,2023-11-13 16:59:00,9.5,0.57,10.07,debit
4929,233,6943,1,2023-11-13 09:53:00,4.73,0.28,5.01,credit
4930,203,6944,2,2023-11-13 14:52:00,6.5,0.39,6.89,credit
4931,197,6945,1,2023-11-13 10:20:00,29.57,1.77,31.34,debit
4932,4,6946,2,2023-11-13 10:59:00,17.06,1.02,18.08,mobile
4933,25,6948,7,2023-11-13 16:59:00,5.78,0.35,6.13,mobile
4934,217,6949,5,2023-11-13 15:52:00,5.03,0.3,5.33,debit
4935,98,6950,11,2023-11-13 11:38:00,5.78,0.35,6.13,credit
4936,195,6952,6,2023-11-13 16:30:00,5.95,0.36,6.31,mobile
4937,37,6953,1,2023-11-13 12:32:00,11.56,0.69,12.25,debit
4938,2,6954,10,2023-11-13 14:21:00,7.03,0.42,7.45,credit
4939,161,6956,4,2023-11-14 12:30:00,26.17,1.57,27.74,debit
4940,202,6957,14,2023-11-14 09:18:00,4.0,0.24,4.24,mobile
4941,104,6958,2,2023-11-14 09:16:00,4.58,0.27,4.85,debit
4942,8,6959,7,2023-11-14 14:59:00,20.97,1.26,22.23,debit
4943,110,6960,14,2023-11-14 10:59:00,3.0,0.18,3.18,mobile
4944,6,6961,5,2023-11-14 09:58:00,6.3,0.38,6.68,mobile
4945,243,6963,13,2023-11-14 09:21:00,6.5,0.39,6.89,credit
4946,31,6964,2,2023-11-14 15:35:00,18.0,1.08,19.08,credit
4947,138,6972,7,2023-11-15 13:59:00,3.0,0.18,3.18,credit
4948,1,6973,12,2023-11-15 11:59:00,9.0,0.54,9.54,credit
4949,191,6974,11,2023-11-15 16:59:00,7.94,0.48,8.42,credit
4950,165,6975,13,2023-11-15 09:16:00,34.3,2.06,36.36,credit
4951,1,6976,6,2023-11-15 12:35:00,5.78,0.35,6.13,credit
4952,46,6977,11,2023-11-15 15:40:00,3.0,0.18,3.18,credit
4953,159,6980,11,2023-11-15 10:40:00,27.05,1.62,28.67,mobile
4954,154,6981,12,2023-11-15 12:54:00,18.0,1.08,19.08,credit
4955,77,6982,6,2023-11-15 15:39:00,12.5,0.75,13.25,credit
4956,196,6983,13,2023-11-15 12:15:00,4.0,0.24,4.24,credit
4957,7,6984,11,2023-11-15 10:29:00,13.0,0.78,13.78,debit
4958,174,6985,5,2023-11-15 15:25:00,13.74,0.82,14.56,credit
4959,3,6987,12,2023-11-15 14:29:00,13.5,0.81,14.31,mobile
4960,195,6988,11,2023-11-16 09:24:00,8.73,0.52,9.25,debit
4961,237,6989,11,2023-11-16 13:14:00,10.3,0.62,10.92,credit
4962,103,6992,1,2023-11-16 14:33:00,27.97,1.68,29.65,mobile
4963,48,6993,6,2023-11-16 09:59:00,28.01,1.68,29.69,debit
4964,238,6994,12,2023-11-16 09:11:00,17.62,1.06,18.68,credit
4965,99,6995,10,2023-11-16 16:59:00,15.46,0.93,16.39,debit
4966,73,6996,5,2023-11-16 16:40:00,9.25,0.55,9.8,mobile
4967,98,6999,7,2023-11-16 16:25:00,9.0,0.54,9.54,credit
4968,240,7001,10,2023-11-16 13:22:00,7.0,0.42,7.42,credit
4969,107,7002,2,2023-11-16 14:19:00,18.06,1.08,19.14,mobile
4970,218,7004,10,2023-11-17 09:59:00,7.0,0.42,7.42,credit
4971,126,7006,10,2023-11-17 13:46:00,8.0,0.48,8.48,credit
4972,2,7007,10,2023-11-17 15:28:00,8.25,0.49,8.74,mobile
4973,232,7008,1,2023-11-17 13:59:00,25.98,1.56,27.54,credit
4974,173,7010,4,2023-11-17 10:59:00,32.51,1.95,34.46,mobile
4975,73,7011,1,2023-11-17 14:58:00,7.0,0.42,7.42,credit
4976,82,7013,13,2023-11-17 13:33:00,16.06,0.96,17.02,credit
4977,106,7015,6,2023-11-17 13:59:00,4.73,0.28,5.01,mobile
4978,74,7016,12,2023-11-17 09:27:00,21.8,1.31,23.11,credit
4979,172,7019,2,2023-11-17 11:36:00,10.0,0.6,10.6,credit
4980,219,7020,13,2023-11-17 14:14:00,4.0,0.24,4.24,credit
4981,9,7023,1,2023-11-18 13:16:00,6.3,0.38,6.68,mobile
4982,15,7024,13,2023-11-18 11:11:00,15.03,0.9,15.93,credit
4983,189,7025,4,2023-11-18 13:59:00,4.0,0.24,4.24,mobile
4984,160,7026,3,2023-11-18 11:59:00,22.58,1.35,23.93,mobile
4985,189,7028,3,2023-11-18 13:59:00,13.0,0.78,13.78,credit
4986,119,7030,10,2023-11-18 16:28:00,4.73,0.28,5.01,debit
4987,114,7031,14,2023-11-18 13:27:00,28.0,1.68,29.68,mobile
4988,3,7032,10,2023-11-18 15:39:00,13.28,0.8,14.08,debit
4989,11,7033,4,2023-11-18 12:43:00,6.5,0.39,6.89,credit
4990,217,7034,5,2023-11-18 11:27:00,17.03,1.02,18.05,credit
4991,209,7035,1,2023-11-18 12:16:00,18.52,1.11,19.63,credit
4992,92,7036,10,2023-11-18 10:38:00,7.0,0.42,7.42,mobile
4993,23,7037,2,2023-11-18 14:59:00,17.34,1.04,18.38,debit
4994,98,7038,2,2023-11-18 10:58:00,9.28,0.56,9.84,debit
4995,31,7040,10,2023-11-18 16:59:00,6.3,0.38,6.68,mobile
4996,148,7042,5,2023-11-18 16:55:00,24.03,1.44,25.47,credit
4997,171,7043,14,2023-11-18 13:42:00,6.3,0.38,6.68,credit
4998,91,7044,5,2023-11-18 09:55:00,7.0,0.42,7.42,mobile
4999,207,7046,4,2023-11-18 14:59:00,10.3,0.62,10.92,mobile
5000,26,7050,4,2023-11-19 12:51:00,6.02,0.36,6.38,credit
5001,82,7051,1,2023-11-19 14:59:00,4.0,0.24,4.24,credit
5002,5,7052,14,2023-11-19 10:59:00,3.5,0.21,3.71,mobile
5003,5,7054,7,2023-11-19 12:52:00,6.3,0.38,6.68,mobile
5004,2,7056,13,2023-11-19 11:45:00,5.25,0.32,5.57,credit
5005,135,7057,6,2023-11-19 14:17:00,4.0,0.24,4.24,mobile
5006,48,7058,3,2023-11-19 11:59:00,6.5,0.39,6.89,credit
5007,82,7059,6,2023-11-19 13:59:00,23.5,1.41,24.91,mobile
5008,166,7060,12,2023-11-19 10:16:00,18.76,1.13,19.89,credit
5009,228,7061,5,2023-11-19 09:29:00,29.48,1.77,31.25,mobile
5010,69,7062,11,2023-11-19 11:42:00,16.1,0.97,17.07,credit
5011,174,7063,13,2023-11-19 14:55:00,26.27,1.58,27.85,mobile
5012,118,7065,12,2023-11-19 12:54:00,31.54,1.89,33.43,credit
5013,9,7066,13,2023-11-19 11:27:00,12.6,0.76,13.36,mobile
5014,240,7068,11,2023-11-19 14:56:00,4.0,0.24,4.24,debit
5015,99,7069,14,2023-11-19 15:35:00,14.4,0.86,15.26,credit
5016,27,7070,14,2023-11-20 11:19:00,11.21,0.67,11.88,credit
5017,44,7071,10,2023-11-20 13:11:00,28.3,1.7,30.0,credit
5018,1,7072,1,2023-11-20 09:59:00,3.0,0.18,3.18,debit
5019,217,7073,11,2023-11-20 09:50:00,7.33,0.44,7.77,mobile
5020,23,7075,12,2023-11-20 13:32:00,6.3,0.38,6.68,credit
5021,74,7076,11,2023-11-20 14:25:00,6.3,0.38,6.68,credit
5022,194,7078,13,2023-11-20 16:15:00,14.51,0.87,15.38,mobile
5023,2,7080,3,2023-11-20 16:51:00,7.55,0.45,8.0,credit
5024,67,7082,13,2023-11-20 13:42:00,3.5,0.21,3.71,credit
5025,217,7087,7,2023-11-21 15:41:00,5.03,0.3,5.33,credit
5026,83,7088,4,2023-11-21 16:53:00,16.18,0.97,17.15,credit
5027,182,7089,6,2023-11-21 12:39:00,7.66,0.46,8.12,debit
5028,242,7090,12,2023-11-21 13:53:00,5.25,0.32,5.57,debit
5029,121,7093,7,2023-11-21 15:38:00,24.5,1.47,25.97,credit
5030,3,7094,5,2023-11-21 15:26:00,10.0,0.6,10.6,mobile
5031,5,7095,6,2023-11-21 12:17:00,4.0,0.24,4.24,credit
5032,193,7096,12,2023-11-21 10:20:00,4.0,0.24,4.24,debit
5033,197,7098,4,2023-11-22 09:57:00,18.0,1.08,19.08,mobile
5034,131,7099,13,2023-11-22 13:59:00,6.3,0.38,6.68,credit
5035,69,7100,7,2023-11-22 12:33:00,9.46,0.57,10.03,debit
5036,159,7103,2,2023-11-22 15:27:00,7.29,0.44,7.73,credit
5037,232,7104,2,2023-11-22 13:33:00,8.98,0.54,9.52,mobile
5038,240,7105,2,2023-11-22 11:35:00,31.56,1.89,33.45,mobile
5039,189,7106,14,2023-11-22 09:22:00,4.73,0.28,5.01,mobile
5040,207,7108,6,2023-11-22 15:25:00,8.0,0.48,8.48,mobile
5041,189,7109,13,2023-11-22 09:59:00,30.28,1.82,32.1,mobile
5042,238,7110,11,2023-11-23 09:58:00,10.34,0.62,10.96,credit
5043,237,7112,1,2023-11-23 12:10:00,3.0,0.18,3.18,debit
5044,47,7113,7,2023-11-23 16:41:00,13.3,0.8,14.1,credit
5045,88,7114,4,2023-11-23 15:46:00,5.25,0.32,5.57,credit
5046,224,7115,12,2023-11-23 10:59:00,4.0,0.24,4.24,mobile
5047,237,7116,10,2023-11-23 16:39:00,34.59,2.08,36.67,mobile
5048,11,7117,7,2023-11-23 13:59:00,40.86,2.45,43.31,mobile
5049,207,7118,11,2023-11-23 13:55:00,6.3,0.38,6.68,debit
5050,191,7119,13,2023-11-23 14:28:00,39.28,2.36,41.64,credit
5051,69,7120,12,2023-11-23 10:44:00,3.5,0.21,3.71,mobile
5052,177,7121,3,2023-11-23 11:45:00,5.78,0.35,6.13,mobile
5053,3,7122,12,2023-11-23 11:59:00,5.78,0.35,6.13,mobile
5054,182,7124,10,2023-11-23 11:20:00,9.96,0.6,10.56,credit
5055,68,7125,4,2023-11-23 11:30:00,17.0,1.02,18.02,mobile
5056,52,7126,13,2023-11-23 10:36:00,4.0,0.24,4.24,mobile
5057,25,7127,12,2023-11-23 15:40:00,8.0,0.48,8.48,credit
5058,190,7128,7,2023-11-23 13:26:00,4.0,0.24,4.24,credit
5059,219,7129,3,2023-11-23 11:20:00,5.78,0.35,6.13,credit
5060,63,7130,10,2023-11-23 15:18:00,4.0,0.24,4.24,mobile
5061,74,7131,5,2023-11-24 09:59:00,13.0,0.78,13.78,credit
5062,119,7136,6,2023-11-24 14:16:00,4.0,0.24,4.24,credit
5063,112,7137,7,2023-11-24 14:59:00,5.16,0.31,5.47,credit
5064,2,7138,10,2023-11-24 09:59:00,4.75,0.28,5.03,credit
5065,110,7139,7,2023-11-24 15:27:00,4.0,0.24,4.24,credit
5066,162,7141,10,2023-11-24 12:56:00,15.69,0.94,16.63,credit
5067,238,7142,7,2023-11-24 13:45:00,6.34,0.38,6.72,debit
5068,120,7143,5,2023-11-24 10:59:00,11.09,0.67,11.76,mobile
5069,48,7144,14,2023-11-24 13:58:00,5.78,0.35,6.13,mobile
5070,219,7145,5,2023-11-24 12:59:00,18.25,1.09,19.34,credit
5071,103,7148,11,2023-11-24 12:32:00,7.74,0.46,8.2,credit
5072,224,7149,14,2023-11-25 13:59:00,3.5,0.21,3.71,credit
5073,237,7150,1,2023-11-25 11:23:00,26.78,1.61,28.39,credit
5074,135,7152,2,2023-11-25 12:17:00,8.0,0.48,8.48,debit
5075,66,7153,3,2023-11-25 12:48:00,34.0,2.04,36.04,debit
5076,53,7154,4,2023-11-25 10:59:00,17.88,1.07,18.95,mobile
5077,8,7155,14,2023-11-25 11:40:00,6.22,0.37,6.59,credit
5078,228,7156,3,2023-11-25 14:29:00,8.7,0.52,9.22,mobile
5079,27,7157,7,2023-11-25 10:59:00,28.99,1.74,30.73,mobile
5080,51,7158,11,2023-11-25 15:44:00,15.73,0.94,16.67,credit
5081,193,7159,7,2023-11-25 13:59:00,18.25,1.09,19.34,mobile
5082,162,7161,2,2023-11-25 15:59:00,10.69,0.64,11.33,credit
5083,143,7162,3,2023-11-25 15:39:00,24.08,1.44,25.52,credit
5084,232,7163,6,2023-11-25 09:58:00,19.21,1.15,20.36,debit
5085,235,7165,6,2023-11-25 14:17:00,5.25,0.32,5.57,credit
5086,2,7167,3,2023-11-25 13:59:00,9.75,0.58,10.33,credit
5087,24,7169,12,2023-11-25 11:45:00,11.56,0.69,12.25,credit
5088,221,7170,2,2023-11-25 14:39:00,5.25,0.32,5.57,credit
5089,48,7171,13,2023-11-25 12:59:00,19.0,1.14,20.14,credit
5090,73,7172,10,2023-11-25 09:43:00,29.5,1.77,31.27,debit
5091,5,7173,2,2023-11-25 15:27:00,5.78,0.35,6.13,debit
5092,8,7174,11,2023-11-25 14:50:00,6.75,0.4,7.15,credit
5093,73,7175,7,2023-11-25 15:24:00,21.0,1.26,22.26,debit
5094,113,7176,3,2023-11-25 16:59:00,5.78,0.35,6.13,debit
5095,186,7177,7,2023-11-25 10:58:00,5.78,0.35,6.13,credit
5096,219,7178,4,2023-11-25 09:51:00,23.3,1.4,24.7,credit
5097,74,7179,14,2023-11-25 14:22:00,17.3,1.04,18.34,debit
5098,1,7180,14,2023-11-25 12:41:00,5.78,0.35,6.13,credit
5099,134,7183,5,2023-11-25 15:59:00,27.03,1.62,28.65,credit
5100,44,7184,1,2023-11-26 12:57:00,4.5,0.27,4.77,credit
5101,244,7186,5,2023-11-26 09:59:00,5.78,0.35,6.13,mobile
5102,219,7189,14,2023-11-26 09:59:00,3.0,0.18,3.18,debit
5103,75,7190,7,2023-11-26 11:59:00,13.13,0.79,13.92,mobile
5104,125,7191,4,2023-11-26 15:40:00,7.69,0.46,8.15,credit
5105,4,7192,11,2023-11-26 16:59:00,9.06,0.54,9.6,credit
5106,38,7193,13,2023-11-26 12:59:00,13.43,0.81,14.24,mobile
5107,75,7194,13,2023-11-26 16:54:00,5.07,0.3,5.37,credit
5108,207,7195,11,2023-11-26 09:19:00,42.24,2.53,44.77,credit
5109,107,7197,3,2023-11-26 09:24:00,8.76,0.53,9.29,mobile
5110,35,7198,14,2023-11-26 14:29:00,25.25,1.51,26.76,credit
5111,27,7199,4,2023-11-26 15:55:00,5.21,0.31,5.52,credit
5112,31,7200,10,2023-11-26 16:29:00,5.78,0.35,6.13,mobile
5113,101,7204,1,2023-11-26 13:23:00,8.0,0.48,8.48,credit
5114,7,7205,2,2023-11-26 13:59:00,16.3,0.98,17.28,credit
5115,61,7206,10,2023-11-26 16:47:00,6.3,0.38,6.68,credit
5116,185,7207,4,2023-11-27 16:42:00,5.78,0.35,6.13,credit
5117,53,7208,2,2023-11-27 10:41:00,6.84,0.41,7.25,debit
5118,201,7209,11,2023-11-27 14:46:00,7.0,0.42,7.42,credit
5119,228,7210,10,2023-11-27 16:59:00,6.9,0.41,7.31,credit
5120,203,7211,4,2023-11-27 09:59:00,8.0,0.48,8.48,debit
5121,240,7214,5,2023-11-27 15:20:00,4.0,0.24,4.24,mobile
5122,107,7215,10,2023-11-27 10:10:00,8.76,0.53,9.29,mobile
5123,59,7216,10,2023-11-27 14:59:00,6.1,0.37,6.47,mobile
5124,38,7217,6,2023-11-27 10:27:00,7.12,0.43,7.55,debit
5125,179,7219,14,2023-11-27 09:42:00,7.61,0.46,8.07,credit
5126,59,7221,11,2023-11-27 10:44:00,6.33,0.38,6.71,mobile
5127,28,7222,14,2023-11-27 12:17:00,19.42,1.17,20.59,credit
5128,185,7223,14,2023-11-27 16:15:00,9.5,0.57,10.07,mobile
5129,114,7226,11,2023-11-28 11:43:00,4.0,0.24,4.24,mobile
5130,93,7228,12,2023-11-28 13:59:00,16.0,0.96,16.96,mobile
5131,52,7230,11,2023-11-28 13:31:00,10.0,0.6,10.6,credit
5132,202,7233,13,2023-11-28 10:58:00,4.0,0.24,4.24,mobile
5133,25,7234,14,2023-11-28 10:59:00,6.0,0.36,6.36,credit
5134,170,7235,2,2023-11-28 16:30:00,4.84,0.29,5.13,credit
5135,27,7236,7,2023-11-28 16:26:00,23.94,1.44,25.38,credit
5136,69,7238,2,2023-11-28 13:45:00,30.51,1.83,32.34,credit
5137,48,7239,3,2023-11-28 13:53:00,20.23,1.21,21.44,debit
5138,106,7240,14,2023-11-28 15:52:00,3.0,0.18,3.18,credit
5139,126,7241,3,2023-11-28 15:15:00,9.46,0.57,10.03,mobile
5140,186,7244,13,2023-11-29 09:59:00,34.98,2.1,37.08,credit
5141,5,7246,5,2023-11-29 14:57:00,3.5,0.21,3.71,mobile
5142,2,7247,2,2023-11-29 16:59:00,7.03,0.42,7.45,credit
5143,179,7248,6,2023-11-29 14:55:00,7.61,0.46,8.07,credit
5144,165,7250,1,2023-11-29 14:56:00,22.08,1.32,23.4,mobile
5145,194,7252,4,2023-11-29 12:13:00,8.0,0.48,8.48,credit
5146,170,7253,10,2023-11-29 14:51:00,7.34,0.44,7.78,mobile
5147,242,7254,7,2023-11-29 15:13:00,3.5,0.21,3.71,debit
5148,69,7256,1,2023-11-29 14:29:00,4.73,0.28,5.01,credit
5149,74,7257,13,2023-11-29 09:19:00,4.73,0.28,5.01,credit
5150,77,7258,7,2023-11-29 14:32:00,20.08,1.2,21.28,mobile
5151,189,7259,2,2023-11-29 14:11:00,20.0,1.2,21.2,mobile
5152,236,7262,12,2023-11-29 09:18:00,3.5,0.21,3.71,credit
5153,228,7263,12,2023-11-29 09:59:00,8.7,0.52,9.22,credit
5154,237,7264,5,2023-11-30 10:51:00,6.5,0.39,6.89,credit
5155,82,7266,7,2023-11-30 12:59:00,5.78,0.35,6.13,mobile
5156,2,7267,3,2023-11-30 14:59:00,36.75,2.21,38.96,debit
5157,160,7268,11,2023-11-30 14:59:00,9.78,0.59,10.37,debit
5158,104,7269,12,2023-11-30 09:57:00,11.08,0.66,11.74,debit
5159,38,7271,1,2023-11-30 09:32:00,29.87,1.79,31.66,debit
5160,218,7272,5,2023-11-30 14:31:00,13.0,0.78,13.78,credit
5161,134,7273,1,2023-11-30 09:17:00,3.5,0.21,3.71,mobile
5162,1,7274,12,2023-11-30 10:11:00,21.78,1.31,23.09,mobile
5163,233,7275,12,2023-11-30 11:45:00,33.51,2.01,35.52,mobile
5164,76,7276,11,2023-11-30 12:51:00,30.51,1.83,32.34,mobile
5165,179,7277,12,2023-11-30 10:59:00,11.11,0.67,11.78,credit
5166,5,7278,1,2023-11-30 13:24:00,57.55,3.45,61.0,credit
5167,91,7280,10,2023-12-01 14:37:00,6.5,0.39,6.89,credit
5168,103,7281,1,2023-12-01 09:28:00,7.22,0.43,7.65,credit
5169,207,7283,3,2023-12-01 15:44:00,6.5,0.39,6.89,credit
5170,240,7284,3,2023-12-01 15:52:00,6.5,0.39,6.89,debit
5171,186,7286,11,2023-12-01 09:47:00,6.3,0.38,6.68,credit
5172,1,7287,1,2023-12-01 12:18:00,4.73,0.28,5.01,credit
5173,26,7288,14,2023-12-01 10:47:00,4.27,0.26,4.53,debit
5174,56,7289,3,2023-12-01 15:59:00,5.71,0.34,6.05,mobile
5175,143,7290,1,2023-12-01 14:20:00,27.58,1.65,29.23,mobile
5176,114,7291,11,2023-12-01 11:25:00,13.73,0.82,14.55,mobile
5177,189,7292,13,2023-12-01 14:44:00,4.0,0.24,4.24,credit
5178,119,7293,5,2023-12-01 12:59:00,9.25,0.55,9.8,credit
5179,172,7294,1,2023-12-01 15:59:00,3.0,0.18,3.18,mobile
5180,189,7295,3,2023-12-01 13:14:00,7.0,0.42,7.42,credit
5181,5,7296,10,2023-12-01 15:18:00,4.0,0.24,4.24,debit
5182,240,7299,13,2023-12-01 12:42:00,25.0,1.5,26.5,mobile
5183,71,7300,4,2023-12-01 10:20:00,14.75,0.89,15.64,mobile
5184,201,7302,1,2023-12-02 16:59:00,4.73,0.28,5.01,mobile
5185,164,7304,14,2023-12-02 13:42:00,5.78,0.35,6.13,mobile
5186,154,7305,13,2023-12-02 15:45:00,6.0,0.36,6.36,credit
5187,236,7306,7,2023-12-02 13:18:00,26.5,1.59,28.09,credit
5188,44,7309,11,2023-12-02 11:43:00,38.8,2.33,41.13,debit
5189,120,7311,4,2023-12-02 09:24:00,7.37,0.44,7.81,credit
5190,240,7312,2,2023-12-02 13:59:00,5.25,0.32,5.57,mobile
5191,2,7314,7,2023-12-02 13:56:00,4.75,0.28,5.03,credit
5192,244,7315,4,2023-12-02 15:11:00,14.0,0.84,14.84,debit
5193,189,7317,1,2023-12-02 15:59:00,5.78,0.35,6.13,mobile
5194,5,7319,6,2023-12-02 10:23:00,44.56,2.67,47.23,credit
5195,74,7320,10,2023-12-02 16:59:00,41.23,2.47,43.7,mobile
5196,108,7322,7,2023-12-02 09:53:00,5.25,0.32,5.57,credit
5197,25,7324,12,2023-12-02 14:23:00,19.0,1.14,20.14,credit
5198,179,7326,12,2023-12-02 14:43:00,7.41,0.44,7.85,mobile
5199,104,7327,11,2023-12-02 09:17:00,5.08,0.3,5.38,credit
5200,56,7328,14,2023-12-02 13:35:00,5.21,0.31,5.52,debit
5201,126,7330,12,2023-12-02 15:53:00,9.46,0.57,10.03,credit
5202,1,7331,11,2023-12-03 16:32:00,4.0,0.24,4.24,credit
5203,232,7332,2,2023-12-03 15:30:00,4.98,0.3,5.28,mobile
5204,26,7333,2,2023-12-03 10:50:00,7.07,0.42,7.49,credit
5205,47,7334,7,2023-12-03 09:16:00,8.0,0.48,8.48,credit
5206,135,7335,13,2023-12-03 15:57:00,4.73,0.28,5.01,mobile
5207,221,7336,7,2023-12-03 10:59:00,5.78,0.35,6.13,credit
5208,224,7338,3,2023-12-03 09:33:00,4.73,0.28,5.01,debit
5209,165,7340,7,2023-12-03 09:59:00,13.5,0.81,14.31,mobile
5210,83,7341,11,2023-12-03 09:49:00,4.63,0.28,4.91,credit
5211,53,7342,13,2023-12-03 09:36:00,7.37,0.44,7.81,credit
5212,29,7343,12,2023-12-03 09:59:00,9.5,0.57,10.07,mobile
5213,47,7346,10,2023-12-03 11:44:00,9.5,0.57,10.07,debit
5214,189,7348,14,2023-12-03 10:16:00,6.3,0.38,6.68,credit
5215,238,7349,13,2023-12-03 11:42:00,10.34,0.62,10.96,debit
5216,11,7350,2,2023-12-03 15:48:00,8.0,0.48,8.48,credit
5217,93,7351,5,2023-12-04 14:56:00,4.73,0.28,5.01,credit
5218,153,7353,2,2023-12-04 11:37:00,4.0,0.24,4.24,credit
5219,248,7354,14,2023-12-04 14:40:00,6.3,0.38,6.68,debit
5220,101,7355,13,2023-12-04 16:59:00,7.0,0.42,7.42,mobile
5221,35,7356,14,2023-12-04 13:49:00,14.0,0.84,14.84,mobile
5222,237,7358,3,2023-12-04 16:59:00,7.0,0.42,7.42,credit
5223,2,7360,1,2023-12-04 09:59:00,14.25,0.85,15.1,mobile
5224,46,7361,4,2023-12-04 10:59:00,16.81,1.01,17.82,credit
5225,200,7362,14,2023-12-04 14:36:00,9.75,0.58,10.33,debit
5226,101,7363,14,2023-12-04 11:40:00,5.78,0.35,6.13,mobile
5227,236,7364,12,2023-12-04 16:57:00,13.5,0.81,14.31,credit
5228,28,7365,14,2023-12-04 14:24:00,5.42,0.33,5.75,debit
5229,68,7366,11,2023-12-05 14:13:00,6.5,0.39,6.89,credit
5230,73,7367,6,2023-12-05 11:59:00,4.0,0.24,4.24,debit
5231,137,7368,3,2023-12-05 14:29:00,31.1,1.87,32.97,debit
5232,38,7371,13,2023-12-05 15:59:00,8.87,0.53,9.4,credit
5233,98,7372,14,2023-12-05 15:40:00,9.46,0.57,10.03,credit
5234,36,7373,13,2023-12-05 14:21:00,28.07,1.68,29.75,mobile
5235,56,7375,12,2023-12-05 13:23:00,9.21,0.55,9.76,debit
5236,165,7377,6,2023-12-05 09:33:00,5.25,0.32,5.57,credit
5237,168,7378,2,2023-12-05 09:59:00,8.16,0.49,8.65,credit
5238,30,7379,1,2023-12-06 16:59:00,6.57,0.39,6.96,mobile
5239,245,7382,6,2023-12-06 10:37:00,22.22,1.33,23.55,credit
5240,39,7383,4,2023-12-06 13:46:00,11.56,0.69,12.25,credit
5241,36,7385,3,2023-12-06 15:19:00,11.04,0.66,11.7,credit
5242,3,7386,13,2023-12-06 12:33:00,4.73,0.28,5.01,debit
5243,193,7387,5,2023-12-06 13:41:00,8.0,0.48,8.48,credit
5244,15,7389,11,2023-12-06 14:41:00,9.46,0.57,10.03,mobile
5245,73,7390,6,2023-12-06 11:59:00,14.53,0.87,15.4,credit
5246,238,7391,11,2023-12-06 09:16:00,8.64,0.52,9.16,credit
5247,99,7393,4,2023-12-06 09:56:00,41.18,2.47,43.65,credit
5248,100,7394,7,2023-12-06 10:26:00,6.55,0.39,6.94,mobile
5249,38,7396,2,2023-12-06 10:44:00,8.17,0.49,8.66,credit
5250,154,7397,10,2023-12-06 13:56:00,6.3,0.38,6.68,credit
5251,27,7398,6,2023-12-06 11:59:00,4.71,0.28,4.99,mobile
5252,92,7400,10,2023-12-06 15:59:00,5.25,0.32,5.57,debit
5253,4,7401,14,2023-12-06 15:17:00,6.31,0.38,6.69,debit
5254,51,7402,1,2023-12-06 09:28:00,4.0,0.24,4.24,debit
5255,3,7403,12,2023-12-07 14:56:00,13.0,0.78,13.78,mobile
5256,107,7404,14,2023-12-07 16:28:00,20.26,1.22,21.48,credit
5257,219,7406,10,2023-12-07 11:57:00,20.0,1.2,21.2,credit
5258,248,7408,7,2023-12-07 10:17:00,8.0,0.48,8.48,mobile
5259,217,7409,11,2023-12-07 15:59:00,5.03,0.3,5.33,mobile
5260,135,7410,4,2023-12-07 12:39:00,4.0,0.24,4.24,credit
5261,232,7411,11,2023-12-07 15:59:00,23.28,1.4,24.68,mobile
5262,93,7412,2,2023-12-07 11:58:00,5.78,0.35,6.13,credit
5263,158,7413,12,2023-12-07 12:53:00,10.49,0.63,11.12,credit
5264,112,7414,4,2023-12-07 13:24:00,10.16,0.61,10.77,credit
5265,218,7415,13,2023-12-07 09:59:00,4.0,0.24,4.24,mobile
5266,177,7416,13,2023-12-07 13:28:00,8.0,0.48,8.48,credit
5267,228,7418,2,2023-12-07 13:50:00,8.18,0.49,8.67,credit
5268,103,7419,14,2023-12-07 15:33:00,21.44,1.29,22.73,debit
5269,78,7420,11,2023-12-07 12:43:00,7.04,0.42,7.46,mobile
5270,68,7421,7,2023-12-07 15:53:00,6.3,0.38,6.68,mobile
5271,47,7422,1,2023-12-07 10:59:00,3.0,0.18,3.18,credit
5272,110,7423,11,2023-12-07 11:40:00,5.78,0.35,6.13,credit
5273,60,7424,4,2023-12-07 09:35:00,9.46,0.57,10.03,credit
5274,56,7425,4,2023-12-07 16:59:00,5.94,0.36,6.3,credit
5275,121,7426,5,2023-12-07 11:59:00,6.3,0.38,6.68,credit
5276,97,7427,2,2023-12-07 12:25:00,3.0,0.18,3.18,debit
5277,165,7428,1,2023-12-07 10:59:00,13.5,0.81,14.31,mobile
5278,242,7429,10,2023-12-07 14:36:00,4.0,0.24,4.24,mobile
5279,193,7430,7,2023-12-07 12:29:00,6.3,0.38,6.68,mobile
5280,126,7431,10,2023-12-07 16:25:00,29.0,1.74,30.74,debit
5281,223,7432,6,2023-12-08 16:45:00,20.0,1.2,21.2,credit
5282,223,7433,11,2023-12-08 11:59:00,4.0,0.24,4.24,debit
5283,56,7434,5,2023-12-08 16:12:00,5.71,0.34,6.05,credit
5284,7,7435,10,2023-12-08 09:59:00,3.0,0.18,3.18,credit
5285,27,7436,2,2023-12-08 10:35:00,7.71,0.46,8.17,debit
5286,172,7440,7,2023-12-08 16:59:00,8.0,0.48,8.48,credit
5287,103,7443,12,2023-12-08 14:27:00,33.8,2.03,35.83,mobile
5288,244,7444,7,2023-12-08 16:59:00,13.5,0.81,14.31,credit
5289,197,7446,12,2023-12-08 12:14:00,11.56,0.69,12.25,credit
5290,1,7448,1,2023-12-08 10:17:00,4.73,0.28,5.01,debit
5291,44,7450,6,2023-12-08 12:46:00,18.78,1.13,19.91,mobile
5292,103,7451,10,2023-12-08 15:53:00,7.22,0.43,7.65,credit
5293,204,7452,3,2023-12-08 15:29:00,5.78,0.35,6.13,mobile
5294,38,7453,7,2023-12-08 12:18:00,7.12,0.43,7.55,mobile
5295,189,7454,13,2023-12-08 11:49:00,4.0,0.24,4.24,credit
5296,25,7455,5,2023-12-08 12:26:00,4.5,0.27,4.77,mobile
5297,131,7456,10,2023-12-09 13:20:00,5.25,0.32,5.57,mobile
5298,23,7459,5,2023-12-09 16:15:00,3.5,0.21,3.71,credit
5299,195,7461,11,2023-12-09 11:29:00,19.45,1.17,20.62,mobile
5300,237,7463,1,2023-12-09 11:24:00,5.78,0.35,6.13,debit
5301,198,7465,14,2023-12-09 10:59:00,5.25,0.32,5.57,credit
5302,152,7467,14,2023-12-09 14:16:00,4.0,0.24,4.24,mobile
5303,71,7468,4,2023-12-09 11:45:00,10.5,0.63,11.13,credit
5304,143,7470,4,2023-12-09 14:10:00,7.0,0.42,7.42,mobile
5305,5,7471,14,2023-12-09 10:55:00,3.5,0.21,3.71,mobile
5306,1,7472,13,2023-12-09 15:55:00,12.08,0.72,12.8,debit
5307,48,7473,4,2023-12-09 14:30:00,8.0,0.48,8.48,credit
5308,44,7474,5,2023-12-09 14:59:00,24.0,1.44,25.44,credit
5309,196,7477,5,2023-12-09 14:17:00,5.25,0.32,5.57,credit
5310,64,7478,4,2023-12-09 12:41:00,6.4,0.38,6.78,credit
5311,67,7479,7,2023-12-09 15:26:00,4.0,0.24,4.24,credit
5312,47,7480,11,2023-12-09 15:57:00,7.5,0.45,7.95,mobile
5313,224,7481,5,2023-12-09 09:42:00,6.3,0.38,6.68,mobile
5314,164,7483,10,2023-12-09 15:35:00,23.11,1.39,24.5,credit
5315,166,7484,5,2023-12-09 11:30:00,37.19,2.23,39.42,credit
5316,186,7486,10,2023-12-09 15:38:00,4.0,0.24,4.24,debit
5317,177,7487,7,2023-12-09 16:35:00,5.78,0.35,6.13,debit
5318,236,7488,7,2023-12-09 16:42:00,6.5,0.39,6.89,credit
5319,224,7490,12,2023-12-09 14:41:00,5.78,0.35,6.13,mobile
5320,48,7491,12,2023-12-09 15:24:00,8.0,0.48,8.48,credit
5321,228,7492,6,2023-12-09 15:18:00,15.0,0.9,15.9,credit
5322,110,7493,10,2023-12-09 16:24:00,11.56,0.69,12.25,credit
5323,35,7494,13,2023-12-09 10:28:00,27.78,1.67,29.45,debit
5324,71,7495,13,2023-12-09 16:39:00,33.06,1.98,35.04,credit
5325,110,7497,12,2023-12-09 09:47:00,4.5,0.27,4.77,credit
5326,135,7499,6,2023-12-09 13:27:00,4.73,0.28,5.01,credit
5327,48,7500,13,2023-12-10 15:59:00,40.22,2.41,42.63,credit
5328,3,7501,14,2023-12-10 09:50:00,5.78,0.35,6.13,credit
5329,74,7502,14,2023-12-10 10:23:00,4.0,0.24,4.24,mobile
5330,213,7503,12,2023-12-10 11:59:00,8.5,0.51,9.01,mobile
5331,112,7504,7,2023-12-10 14:17:00,5.16,0.31,5.47,credit
5332,160,7505,13,2023-12-10 11:12:00,4.0,0.24,4.24,credit
5333,103,7506,5,2023-12-10 14:32:00,20.44,1.23,21.67,mobile
5334,73,7508,10,2023-12-10 15:27:00,6.5,0.39,6.89,mobile
5335,63,7511,6,2023-12-10 14:11:00,20.0,1.2,21.2,mobile
5336,25,7512,5,2023-12-10 09:43:00,7.0,0.42,7.42,credit
5337,100,7513,4,2023-12-10 10:28:00,5.3,0.32,5.62,mobile
5338,3,7514,5,2023-12-10 14:57:00,5.25,0.32,5.57,mobile
5339,3,7515,11,2023-12-10 16:34:00,3.5,0.21,3.71,credit
5340,36,7516,1,2023-12-10 11:59:00,5.79,0.35,6.14,mobile
5341,199,7517,13,2023-12-10 11:54:00,34.73,2.08,36.81,credit
5342,236,7518,11,2023-12-10 10:59:00,4.0,0.24,4.24,credit
5343,119,7519,3,2023-12-10 09:38:00,4.73,0.28,5.01,credit
5344,8,7520,7,2023-12-10 15:38:00,7.27,0.44,7.71,credit
5345,12,7521,14,2023-12-10 10:28:00,23.0,1.38,24.38,mobile
5346,152,7522,13,2023-12-10 10:59:00,5.25,0.32,5.57,mobile
5347,172,7523,5,2023-12-10 09:59:00,8.0,0.48,8.48,debit
5348,160,7526,3,2023-12-11 15:44:00,5.25,0.32,5.57,credit
5349,158,7527,6,2023-12-11 14:53:00,7.33,0.44,7.77,debit
5350,228,7528,7,2023-12-11 14:27:00,8.18,0.49,8.67,credit
5351,121,7529,1,2023-12-11 09:55:00,6.3,0.38,6.68,mobile
5352,193,7530,10,2023-12-11 09:19:00,8.5,0.51,9.01,credit
5353,117,7531,4,2023-12-11 16:35:00,6.5,0.39,6.89,credit
5354,56,7534,6,2023-12-11 16:58:00,13.29,0.8,14.09,mobile
5355,23,7535,10,2023-12-11 15:59:00,9.5,0.57,10.07,mobile
5356,48,7536,10,2023-12-11 15:59:00,3.5,0.21,3.71,debit
5357,61,7537,11,2023-12-11 11:27:00,12.6,0.76,13.36,credit
5358,72,7538,14,2023-12-11 13:26:00,4.03,0.24,4.27,credit
5359,61,7539,1,2023-12-11 09:50:00,8.0,0.48,8.48,credit
5360,162,7541,13,2023-12-11 14:57:00,10.69,0.64,11.33,credit
5361,152,7542,6,2023-12-12 13:45:00,3.5,0.21,3.71,credit
5362,33,7543,10,2023-12-12 09:59:00,8.0,0.48,8.48,debit
5363,27,7545,5,2023-12-12 13:37:00,5.71,0.34,6.05,debit
5364,189,7547,10,2023-12-12 10:33:00,4.73,0.28,5.01,debit
5365,207,7549,5,2023-12-12 09:27:00,4.0,0.24,4.24,mobile
5366,1,7550,6,2023-12-12 12:40:00,6.3,0.38,6.68,credit
5367,135,7553,6,2023-12-12 10:35:00,12.6,0.76,13.36,mobile
5368,232,7554,7,2023-12-12 14:59:00,3.98,0.24,4.22,mobile
5369,131,7555,6,2023-12-12 11:13:00,3.0,0.18,3.18,credit
5370,143,7556,1,2023-12-12 09:52:00,6.5,0.39,6.89,credit
5371,236,7558,7,2023-12-12 12:44:00,44.46,2.67,47.13,credit
5372,237,7559,10,2023-12-12 11:45:00,4.0,0.24,4.24,credit
5373,217,7560,1,2023-12-12 11:26:00,6.81,0.41,7.22,credit
5374,69,7561,2,2023-12-13 11:40:00,6.3,0.38,6.68,mobile
5375,223,7562,10,2023-12-13 13:50:00,39.03,2.34,41.37,credit
5376,193,7563,3,2023-12-13 10:59:00,4.0,0.24,4.24,credit
5377,67,7564,5,2023-12-13 09:59:00,3.5,0.21,3.71,credit
5378,9,7565,5,2023-12-13 11:59:00,21.5,1.29,22.79,credit
5379,4,7567,4,2023-12-13 15:59:00,6.31,0.38,6.69,mobile
5380,4,7568,1,2023-12-13 09:22:00,9.06,0.54,9.6,mobile
5381,174,7569,11,2023-12-13 09:59:00,7.24,0.43,7.67,credit
5382,56,7570,5,2023-12-13 10:59:00,6.46,0.39,6.85,credit
5383,2,7571,5,2023-12-13 15:59:00,5.25,0.32,5.57,mobile
5384,105,7572,14,2023-12-13 09:59:00,26.3,1.58,27.88,mobile
5385,189,7573,14,2023-12-13 09:43:00,13.0,0.78,13.78,credit
5386,197,7574,14,2023-12-13 09:48:00,24.08,1.44,25.52,mobile
5387,100,7575,11,2023-12-13 10:59:00,10.55,0.63,11.18,credit
5388,3,7576,4,2023-12-13 15:59:00,3.5,0.21,3.71,mobile
5389,158,7578,4,2023-12-14 15:45:00,5.03,0.3,5.33,credit
5390,64,7579,12,2023-12-14 09:17:00,9.15,0.55,9.7,mobile
5391,34,7581,1,2023-12-14 16:54:00,15.31,0.92,16.23,credit
5392,198,7582,13,2023-12-14 12:59:00,13.0,0.78,13.78,mobile
5393,189,7583,2,2023-12-14 10:20:00,6.3,0.38,6.68,mobile
5394,75,7584,14,2023-12-14 15:23:00,10.57,0.63,11.2,mobile
5395,232,7585,2,2023-12-14 11:59:00,7.28,0.44,7.72,mobile
5396,100,7586,13,2023-12-14 13:59:00,9.8,0.59,10.39,mobile
5397,233,7587,6,2023-12-14 13:44:00,8.0,0.48,8.48,debit
5398,21,7588,4,2023-12-14 11:30:00,20.42,1.23,21.65,credit
5399,3,7589,11,2023-12-14 11:56:00,4.0,0.24,4.24,credit
5400,192,7590,6,2023-12-14 14:52:00,6.3,0.38,6.68,credit
5401,240,7591,3,2023-12-14 14:19:00,5.25,0.32,5.57,mobile
5402,232,7592,4,2023-12-14 12:59:00,10.98,0.66,11.64,credit
5403,35,7593,4,2023-12-15 10:59:00,6.3,0.38,6.68,mobile
5404,135,7595,14,2023-12-15 10:11:00,12.08,0.72,12.8,credit
5405,43,7596,7,2023-12-15 14:43:00,9.8,0.59,10.39,credit
5406,48,7598,6,2023-12-15 13:25:00,14.03,0.84,14.87,debit
5407,187,7599,6,2023-12-15 10:43:00,22.5,1.35,23.85,credit
5408,88,7600,6,2023-12-15 13:59:00,3.5,0.21,3.71,mobile
5409,2,7601,2,2023-12-15 11:42:00,12.81,0.77,13.58,mobile
5410,159,7603,11,2023-12-15 15:55:00,20.77,1.25,22.02,mobile
5411,11,7604,2,2023-12-15 16:59:00,16.78,1.01,17.79,debit
5412,93,7607,5,2023-12-15 15:34:00,6.0,0.36,6.36,credit
5413,74,7609,13,2023-12-15 11:59:00,5.78,0.35,6.13,mobile
5414,240,7610,10,2023-12-15 12:42:00,21.5,1.29,22.79,credit
5415,160,7612,3,2023-12-15 12:39:00,5.78,0.35,6.13,mobile
5416,23,7613,5,2023-12-15 14:14:00,4.0,0.24,4.24,mobile
5417,219,7614,6,2023-12-16 10:39:00,11.56,0.69,12.25,credit
5418,73,7616,4,2023-12-16 16:44:00,4.5,0.27,4.77,credit
5419,94,7617,6,2023-12-16 13:42:00,4.0,0.24,4.24,credit
5420,5,7618,3,2023-12-16 14:59:00,22.25,1.33,23.58,credit
5421,119,7619,4,2023-12-16 12:27:00,24.98,1.5,26.48,credit
5422,161,7620,4,2023-12-16 10:54:00,9.42,0.57,9.99,credit
5423,203,7621,13,2023-12-16 11:30:00,7.0,0.42,7.42,debit
5424,66,7622,4,2023-12-16 12:22:00,8.73,0.52,9.25,mobile
5425,186,7624,3,2023-12-16 14:59:00,8.0,0.48,8.48,mobile
5426,35,7625,10,2023-12-16 11:59:00,19.5,1.17,20.67,mobile
5427,242,7626,11,2023-12-16 13:55:00,4.73,0.28,5.01,mobile
5428,106,7627,13,2023-12-16 13:34:00,6.5,0.39,6.89,mobile
5429,1,7630,5,2023-12-16 16:39:00,4.0,0.24,4.24,credit
5430,7,7632,14,2023-12-16 10:46:00,3.5,0.21,3.71,credit
5431,166,7633,1,2023-12-16 16:24:00,34.56,2.07,36.63,credit
5432,2,7634,3,2023-12-16 13:20:00,7.55,0.45,8.0,mobile
5433,46,7636,11,2023-12-16 14:59:00,3.5,0.21,3.71,credit
5434,168,7637,6,2023-12-16 15:56:00,8.16,0.49,8.65,mobile
5435,233,7639,7,2023-12-16 10:59:00,26.53,1.59,28.12,credit
5436,64,7641,5,2023-12-16 12:28:00,6.93,0.42,7.35,mobile
5437,105,7642,7,2023-12-16 12:57:00,15.96,0.96,16.92,credit
5438,119,7643,4,2023-12-16 12:55:00,8.0,0.48,8.48,credit
5439,98,7644,1,2023-12-16 12:41:00,16.0,0.96,16.96,mobile
5440,233,7645,12,2023-12-16 12:14:00,26.0,1.56,27.56,mobile
5441,69,7646,14,2023-12-16 12:54:00,10.0,0.6,10.6,mobile
5442,71,7649,3,2023-12-16 16:59:00,11.55,0.69,12.24,mobile
5443,47,7651,1,2023-12-16 09:47:00,10.0,0.6,10.6,mobile
5444,6,7652,14,2023-12-16 16:54:00,4.0,0.24,4.24,debit
5445,1,7653,14,2023-12-17 09:55:00,26.5,1.59,28.09,credit
5446,11,7654,1,2023-12-17 15:19:00,8.0,0.48,8.48,mobile
5447,27,7655,2,2023-12-17 12:15:00,18.71,1.12,19.83,credit
5448,91,7656,5,2023-12-17 16:59:00,5.25,0.32,5.57,credit
5449,1,7657,6,2023-12-17 16:55:00,5.25,0.32,5.57,credit
5450,237,7660,12,2023-12-17 11:46:00,22.51,1.35,23.86,credit
5451,24,7661,5,2023-12-17 11:44:00,8.0,0.48,8.48,credit
5452,7,7662,4,2023-12-17 10:29:00,8.0,0.48,8.48,credit
5453,120,7664,10,2023-12-17 14:24:00,11.09,0.67,11.76,credit
5454,160,7665,6,2023-12-17 13:21:00,3.5,0.21,3.71,debit
5455,185,7666,11,2023-12-17 12:26:00,22.03,1.32,23.35,credit
5456,171,7667,13,2023-12-17 09:40:00,5.25,0.32,5.57,credit
5457,98,7668,7,2023-12-17 16:22:00,9.78,0.59,10.37,mobile
5458,36,7671,12,2023-12-17 10:53:00,31.57,1.89,33.46,credit
5459,38,7672,11,2023-12-17 09:30:00,5.87,0.35,6.22,debit
5460,223,7673,2,2023-12-17 15:57:00,31.53,1.89,33.42,credit
5461,165,7677,2,2023-12-17 14:17:00,16.78,1.01,17.79,debit
5462,159,7678,1,2023-12-17 15:28:00,11.51,0.69,12.2,mobile
5463,125,7681,12,2023-12-18 09:19:00,7.17,0.43,7.6,mobile
5464,14,7682,14,2023-12-18 15:12:00,16.83,1.01,17.84,credit
5465,98,7683,6,2023-12-18 09:59:00,11.56,0.69,12.25,debit
5466,115,7684,5,2023-12-18 13:59:00,40.88,2.45,43.33,debit
5467,47,7685,12,2023-12-18 10:59:00,5.78,0.35,6.13,credit
5468,105,7687,1,2023-12-18 13:58:00,10.5,0.63,11.13,mobile
5469,47,7688,4,2023-12-18 12:59:00,9.5,0.57,10.07,credit
5470,69,7689,1,2023-12-18 09:59:00,5.25,0.32,5.57,debit
5471,148,7690,2,2023-12-18 09:21:00,4.0,0.24,4.24,debit
5472,27,7691,6,2023-12-18 12:29:00,16.44,0.99,17.43,credit
5473,1,7692,13,2023-12-18 16:51:00,17.5,1.05,18.55,credit
5474,135,7693,12,2023-12-18 10:59:00,7.0,0.42,7.42,debit
5475,56,7695,14,2023-12-18 11:59:00,6.46,0.39,6.85,debit
5476,3,7696,13,2023-12-18 12:59:00,17.3,1.04,18.34,credit
5477,1,7697,5,2023-12-18 09:40:00,6.3,0.38,6.68,credit
5478,207,7698,2,2023-12-18 10:59:00,17.28,1.04,18.32,credit
5479,100,7701,4,2023-12-19 16:29:00,7.08,0.42,7.5,credit
5480,224,7702,6,2023-12-19 11:59:00,5.78,0.35,6.13,credit
5481,179,7703,7,2023-12-19 15:24:00,33.87,2.03,35.9,credit
5482,5,7704,12,2023-12-19 12:40:00,4.5,0.27,4.77,mobile
5483,37,7707,5,2023-12-19 11:38:00,26.83,1.61,28.44,credit
5484,248,7708,1,2023-12-19 15:42:00,6.3,0.38,6.68,debit
5485,163,7709,5,2023-12-19 10:11:00,18.0,1.08,19.08,credit
5486,91,7713,4,2023-12-19 13:38:00,6.5,0.39,6.89,credit
5487,106,7714,12,2023-12-19 10:23:00,3.5,0.21,3.71,mobile
5488,240,7715,4,2023-12-19 14:39:00,4.0,0.24,4.24,debit
5489,3,7716,10,2023-12-19 11:40:00,6.3,0.38,6.68,credit
5490,112,7717,11,2023-12-19 16:59:00,20.16,1.21,21.37,credit
5491,162,7719,14,2023-12-19 13:32:00,14.25,0.85,15.1,credit
5492,191,7720,3,2023-12-19 09:33:00,6.72,0.4,7.12,credit
5493,174,7721,14,2023-12-19 09:52:00,7.24,0.43,7.67,credit
5494,218,7722,5,2023-12-19 16:35:00,6.5,0.39,6.89,credit
5495,27,7724,12,2023-12-20 12:59:00,5.94,0.36,6.3,credit
5496,209,7726,4,2023-12-20 09:20:00,15.19,0.91,16.1,mobile
5497,2,7727,10,2023-12-20 13:59:00,14.25,0.85,15.1,mobile
5498,73,7728,5,2023-12-20 14:14:00,6.3,0.38,6.68,credit
5499,46,7729,5,2023-12-20 13:25:00,24.55,1.47,26.02,debit
5500,196,7731,3,2023-12-20 09:14:00,3.5,0.21,3.71,credit
5501,48,7732,6,2023-12-20 09:55:00,4.0,0.24,4.24,mobile
5502,3,7734,4,2023-12-20 10:59:00,6.5,0.39,6.89,credit
5503,92,7735,14,2023-12-20 11:28:00,7.0,0.42,7.42,debit
5504,162,7736,7,2023-12-20 13:30:00,22.19,1.33,23.52,mobile
5505,103,7737,14,2023-12-20 13:11:00,5.44,0.33,5.77,credit
5506,236,7738,10,2023-12-20 15:30:00,9.5,0.57,10.07,mobile
5507,120,7739,14,2023-12-20 13:23:00,7.37,0.44,7.81,mobile
5508,240,7740,7,2023-12-20 12:43:00,6.3,0.38,6.68,mobile
5509,110,7742,13,2023-12-20 10:55:00,4.5,0.27,4.77,mobile
5510,107,7744,10,2023-12-20 14:59:00,8.76,0.53,9.29,credit
5511,52,7745,11,2023-12-21 13:59:00,5.78,0.35,6.13,mobile
5512,3,7747,6,2023-12-21 14:36:00,4.73,0.28,5.01,credit
5513,67,7749,1,2023-12-21 15:59:00,4.5,0.27,4.77,mobile
5514,237,7750,5,2023-12-21 15:36:00,4.0,0.24,4.24,credit
5515,63,7751,12,2023-12-21 12:58:00,12.78,0.77,13.55,credit
5516,165,7752,10,2023-12-21 13:58:00,6.5,0.39,6.89,credit
5517,3,7754,1,2023-12-21 11:45:00,12.8,0.77,13.57,credit
5518,91,7755,13,2023-12-21 10:12:00,15.76,0.95,16.71,credit
5519,110,7756,14,2023-12-21 11:37:00,11.03,0.66,11.69,credit
5520,149,7757,10,2023-12-21 12:17:00,4.52,0.27,4.79,debit
5521,33,7758,10,2023-12-21 11:41:00,5.25,0.32,5.57,credit
5522,135,7759,13,2023-12-21 14:58:00,6.3,0.38,6.68,debit
5523,194,7760,13,2023-12-21 11:55:00,32.26,1.94,34.2,credit
5524,189,7762,14,2023-12-21 10:18:00,20.3,1.22,21.52,mobile
5525,71,7763,10,2023-12-21 16:44:00,4.0,0.24,4.24,credit
5526,182,7765,1,2023-12-21 15:45:00,9.44,0.57,10.01,credit
5527,74,7766,12,2023-12-21 14:54:00,11.56,0.69,12.25,mobile
5528,138,7767,11,2023-12-22 13:29:00,9.8,0.59,10.39,mobile
5529,207,7768,5,2023-12-22 14:43:00,9.5,0.57,10.07,credit
5530,160,7769,7,2023-12-22 15:59:00,4.0,0.24,4.24,mobile
5531,162,7770,10,2023-12-22 16:38:00,7.42,0.45,7.87,credit
5532,160,7772,12,2023-12-22 13:12:00,4.5,0.27,4.77,credit
5533,236,7773,4,2023-12-22 12:40:00,6.3,0.38,6.68,credit
5534,47,7774,1,2023-12-22 15:59:00,5.25,0.32,5.57,credit
5535,21,7775,6,2023-12-22 15:15:00,22.82,1.37,24.19,credit
5536,235,7777,1,2023-12-22 10:18:00,11.56,0.69,12.25,credit
5537,244,7779,5,2023-12-22 12:59:00,20.0,1.2,21.2,debit
5538,135,7780,14,2023-12-22 11:48:00,9.46,0.57,10.03,debit
5539,165,7781,4,2023-12-22 14:11:00,25.38,1.52,26.9,credit
5540,236,7782,1,2023-12-22 16:40:00,4.0,0.24,4.24,credit
5541,135,7783,10,2023-12-22 15:56:00,5.25,0.32,5.57,mobile
5542,93,7784,1,2023-12-22 09:54:00,3.5,0.21,3.71,credit
5543,177,7785,11,2023-12-22 11:50:00,10.0,0.6,10.6,debit
5544,63,7789,1,2023-12-22 12:19:00,19.0,1.14,20.14,mobile
5545,164,7790,1,2023-12-22 10:39:00,6.3,0.38,6.68,credit
5546,203,7791,7,2023-12-22 10:48:00,5.25,0.32,5.57,credit
5547,73,7792,11,2023-12-23 09:27:00,3.0,0.18,3.18,debit
5548,98,7794,14,2023-12-23 12:14:00,3.5,0.21,3.71,debit
5549,182,7795,4,2023-12-23 09:30:00,11.66,0.7,12.36,mobile
5550,5,7796,12,2023-12-23 11:59:00,5.78,0.35,6.13,debit
5551,8,7800,12,2023-12-23 10:16:00,6.75,0.4,7.15,mobile
5552,2,7801,7,2023-12-23 15:37:00,6.5,0.39,6.89,debit
5553,69,7802,10,2023-12-23 14:29:00,9.5,0.57,10.07,mobile
5554,51,7804,7,2023-12-23 14:57:00,5.78,0.35,6.13,credit
5555,34,7805,3,2023-12-23 10:42:00,10.81,0.65,11.46,credit
5556,177,7806,5,2023-12-23 13:27:00,4.73,0.28,5.01,debit
5557,71,7807,5,2023-12-23 13:43:00,3.5,0.21,3.71,mobile
5558,27,7809,13,2023-12-23 11:50:00,8.21,0.49,8.7,credit
5559,237,7810,5,2023-12-23 13:58:00,18.38,1.1,19.48,mobile
5560,209,7811,3,2023-12-23 14:54:00,6.97,0.42,7.39,debit
5561,8,7812,12,2023-12-23 09:51:00,11.47,0.69,12.16,credit
5562,161,7813,1,2023-12-23 14:59:00,8.9,0.53,9.43,credit
5563,195,7814,2,2023-12-23 09:38:00,16.45,0.99,17.44,credit
5564,67,7815,2,2023-12-23 14:17:00,14.28,0.86,15.14,credit
5565,214,7816,4,2023-12-24 13:27:00,8.0,0.48,8.48,debit
5566,7,7817,2,2023-12-24 15:25:00,4.0,0.24,4.24,credit
5567,190,7818,2,2023-12-24 10:47:00,22.0,1.32,23.32,credit
5568,23,7820,12,2023-12-24 09:35:00,12.5,0.75,13.25,mobile
5569,61,7821,10,2023-12-24 16:18:00,18.03,1.08,19.11,credit
5570,33,7822,13,2023-12-24 16:59:00,6.3,0.38,6.68,mobile
5571,9,7824,4,2023-12-24 11:51:00,20.0,1.2,21.2,mobile
5572,76,7826,11,2023-12-24 16:59:00,35.05,2.1,37.15,mobile
5573,9,7831,7,2023-12-24 13:59:00,6.3,0.38,6.68,credit
5574,11,7832,12,2023-12-24 12:32:00,7.0,0.42,7.42,mobile
5575,236,7834,2,2023-12-24 16:47:00,4.73,0.28,5.01,credit
5576,97,7836,10,2023-12-24 16:50:00,8.0,0.48,8.48,credit
5577,2,7838,2,2023-12-24 10:11:00,9.25,0.55,9.8,credit
5578,27,7839,6,2023-12-24 16:12:00,5.94,0.36,6.3,mobile
5579,160,7840,13,2023-12-24 09:13:00,7.0,0.42,7.42,credit
5580,224,7841,6,2023-12-24 13:10:00,14.56,0.87,15.43,debit
5581,107,7842,5,2023-12-24 14:59:00,11.92,0.72,12.64,credit
5582,154,7844,6,2023-12-24 10:12:00,11.23,0.67,11.9,credit
5583,134,7846,10,2023-12-24 09:29:00,6.3,0.38,6.68,mobile
5584,237,7847,5,2023-12-24 11:28:00,24.6,1.48,26.08,debit
5585,44,7849,12,2023-12-24 12:15:00,12.6,0.76,13.36,mobile
5586,76,7850,14,2023-12-24 09:22:00,13.78,0.83,14.61,credit
5587,25,7851,12,2023-12-26 16:56:00,3.5,0.21,3.71,debit
5588,155,7852,5,2023-12-26 12:38:00,17.68,1.06,18.74,credit
5589,71,7853,10,2023-12-26 11:25:00,5.25,0.32,5.57,credit
5590,76,7854,5,2023-12-26 10:20:00,15.0,0.9,15.9,debit
5591,243,7855,7,2023-12-26 16:21:00,3.0,0.18,3.18,credit
5592,193,7856,1,2023-12-26 09:59:00,13.5,0.81,14.31,credit
5593,73,7857,7,2023-12-26 15:59:00,4.5,0.27,4.77,debit
5594,36,7859,7,2023-12-26 11:36:00,8.09,0.49,8.58,credit
5595,3,7860,4,2023-12-26 12:59:00,23.3,1.4,24.7,credit
5596,143,7861,13,2023-12-26 09:27:00,5.78,0.35,6.13,credit
5597,134,7862,13,2023-12-26 09:22:00,8.0,0.48,8.48,mobile
5598,64,7863,1,2023-12-26 16:22:00,10.65,0.64,11.29,debit
5599,46,7864,14,2023-12-26 09:25:00,4.0,0.24,4.24,credit
5600,64,7865,12,2023-12-26 16:58:00,16.9,1.01,17.91,mobile
5601,74,7867,11,2023-12-26 09:59:00,24.8,1.49,26.29,debit
5602,4,7868,6,2023-12-26 13:29:00,5.06,0.3,5.36,credit
5603,100,7870,12,2023-12-27 12:26:00,7.6,0.46,8.06,credit
5604,233,7872,12,2023-12-27 16:21:00,10.0,0.6,10.6,mobile
5605,244,7874,6,2023-12-27 09:17:00,20.0,1.2,21.2,credit
5606,203,7876,12,2023-12-27 13:35:00,15.03,0.9,15.93,credit
5607,202,7878,6,2023-12-27 10:40:00,11.03,0.66,11.69,mobile
5608,143,7879,5,2023-12-27 15:14:00,18.0,1.08,19.08,mobile
5609,92,7880,14,2023-12-27 16:31:00,4.0,0.24,4.24,credit
5610,11,7881,14,2023-12-27 10:59:00,34.0,2.04,36.04,mobile
5611,52,7882,12,2023-12-27 12:36:00,18.03,1.08,19.11,credit
5612,177,7883,6,2023-12-28 11:59:00,29.81,1.79,31.6,credit
5613,91,7885,2,2023-12-28 15:59:00,4.0,0.24,4.24,credit
5614,200,7887,2,2023-12-28 10:27:00,16.29,0.98,17.27,credit
5615,111,7889,10,2023-12-28 10:34:00,9.46,0.57,10.03,debit
5616,158,7891,4,2023-12-28 13:23:00,7.33,0.44,7.77,mobile
5617,159,7892,11,2023-12-29 11:59:00,21.51,1.29,22.8,credit
5618,186,7893,12,2023-12-29 13:25:00,16.78,1.01,17.79,credit
5619,200,7897,2,2023-12-29 10:45:00,7.0,0.42,7.42,credit
5620,73,7898,7,2023-12-29 11:59:00,17.0,1.02,18.02,credit
5621,6,7899,4,2023-12-29 10:29:00,16.08,0.96,17.04,credit
5622,6,7900,12,2023-12-29 09:59:00,3.0,0.18,3.18,credit
5623,126,7901,2,2023-12-29 09:59:00,4.0,0.24,4.24,mobile
5624,189,7902,2,2023-12-29 16:56:00,5.25,0.32,5.57,credit
5625,172,7904,10,2023-12-29 13:53:00,9.5,0.57,10.07,mobile
5626,165,7905,3,2023-12-29 16:59:00,5.78,0.35,6.13,debit
5627,111,7906,2,2023-12-29 16:28:00,3.5,0.21,3.71,credit
5628,181,7908,7,2023-12-29 15:58:00,32.3,1.94,34.24,credit
5629,170,7910,14,2023-12-29 16:47:00,5.34,0.32,5.66,credit
5630,159,7912,3,2023-12-29 16:51:00,9.51,0.57,10.08,mobile
5631,55,7913,1,2023-12-29 15:19:00,6.54,0.39,6.93,credit
5632,51,7916,5,2023-12-30 15:44:00,7.5,0.45,7.95,credit
5633,39,7917,3,2023-12-30 09:43:00,14.0,0.84,14.84,credit
5634,231,7918,2,2023-12-30 09:59:00,12.6,0.76,13.36,debit
5635,91,7920,3,2023-12-30 12:26:00,12.6,0.76,13.36,credit
5636,195,7921,4,2023-12-30 09:18:00,9.25,0.55,9.8,mobile
5637,181,7924,1,2023-12-30 10:17:00,4.0,0.24,4.24,mobile
5638,69,7928,2,2023-12-30 09:46:00,4.0,0.24,4.24,mobile
5639,174,7930,6,2023-12-30 14:51:00,9.54,0.57,10.11,credit
5640,217,7933,2,2023-12-30 11:33:00,44.59,2.68,47.27,credit
5641,207,7934,7,2023-12-30 09:27:00,6.3,0.38,6.68,credit
5642,2,7935,7,2023-12-30 15:19:00,18.26,1.1,19.36,credit
5643,185,7936,12,2023-12-30 12:22:00,35.38,2.12,37.5,credit
5644,233,7939,10,2023-12-30 14:48:00,6.3,0.38,6.68,mobile
5645,5,7941,4,2023-12-30 12:56:00,29.5,1.77,31.27,credit
5646,235,7942,6,2023-12-30 11:59:00,20.08,1.2,21.28,debit
5647,2,7943,1,2023-12-30 11:35:00,26.25,1.57,27.82,credit
5648,98,7944,5,2023-12-30 14:11:00,3.5,0.21,3.71,credit
5649,82,7945,4,2023-12-30 11:44:00,11.56,0.69,12.25,debit
5650,71,7946,6,2023-12-30 16:49:00,13.0,0.78,13.78,credit
5651,25,7947,12,2023-12-30 15:30:00,5.78,0.35,6.13,credit
5652,165,7948,10,2023-12-30 09:46:00,6.3,0.38,6.68,debit
5653,177,7949,4,2023-12-30 13:29:00,17.33,1.04,18.37,mobile
5654,179,7950,14,2023-12-30 11:38:00,6.36,0.38,6.74,credit
5655,120,7951,2,2023-12-30 09:44:00,11.09,0.67,11.76,mobile
5656,122,7952,6,2023-12-30 11:48:00,3.0,0.18,3.18,mobile
5657,106,7953,11,2023-12-30 12:45:00,37.33,2.24,39.57,credit
5658,168,7954,4,2023-12-30 15:59:00,20.39,1.22,21.61,mobile
5659,2,7956,13,2023-12-31 10:59:00,24.56,1.47,26.03,mobile
5660,230,7957,6,2023-12-31 12:52:00,13.98,0.84,14.82,credit
5661,69,7958,5,2023-12-31 10:59:00,4.0,0.24,4.24,credit
5662,235,7959,14,2023-12-31 11:49:00,9.46,0.57,10.03,credit
5663,26,7961,5,2023-12-31 11:59:00,43.77,2.63,46.4,credit
5664,105,7962,6,2023-12-31 14:41:00,8.0,0.48,8.48,credit
5665,238,7963,5,2023-12-31 12:28:00,6.34,0.38,6.72,mobile
5666,35,7964,14,2023-12-31 11:59:00,5.78,0.35,6.13,credit
5667,162,7966,7,2023-12-31 11:24:00,13.49,0.81,14.3,debit
5668,69,7968,5,2023-12-31 09:26:00,5.25,0.32,5.57,credit
5669,14,7970,2,2023-12-31 14:59:00,8.33,0.5,8.83,debit
5670,172,7972,5,2023-12-31 16:13:00,4.73,0.28,5.01,credit
5671,106,7973,10,2023-12-31 14:27:00,5.25,0.32,5.57,credit
5672,83,7975,7,2023-12-31 09:17:00,49.71,2.98,52.69,mobile
5673,71,7976,2,2023-12-31 13:53:00,4.0,0.24,4.24,credit
5674,56,7977,13,2023-12-31 16:42:00,25.49,1.53,27.02,credit
5675,219,7979,4,2024-01-02 11:49:00,3.0,0.18,3.18,credit
5676,155,7980,11,2024-01-02 10:59:00,7.75,0.46,8.21,credit
5677,237,7981,6,2024-01-02 10:56:00,4.0,0.24,4.24,mobile
5678,242,7982,11,2024-01-02 09:34:00,11.0,0.66,11.66,credit
5679,172,7984,4,2024-01-02 09:47:00,7.0,0.42,7.42,mobile
5680,48,7985,10,2024-01-02 16:59:00,3.5,0.21,3.71,mobile
5681,171,7986,13,2024-01-02 09:14:00,11.0,0.66,11.66,mobile
5682,238,7987,14,2024-01-02 16:53:00,7.07,0.42,7.49,mobile
5683,223,7988,4,2024-01-02 13:35:00,8.0,0.48,8.48,credit
5684,1,7989,3,2024-01-02 12:20:00,23.29,1.4,24.69,credit
5685,170,7990,10,2024-01-02 15:22:00,7.34,0.44,7.78,mobile
5686,182,7991,2,2024-01-02 12:32:00,32.49,1.95,34.44,credit
5687,228,7992,2,2024-01-02 11:40:00,11.9,0.71,12.61,credit
5688,228,7995,14,2024-01-02 09:50:00,5.4,0.32,5.72,credit
5689,108,7997,14,2024-01-03 11:10:00,10.0,0.6,10.6,credit
5690,177,7998,12,2024-01-03 15:24:00,4.0,0.24,4.24,credit
5691,5,7999,1,2024-01-03 15:31:00,5.25,0.32,5.57,credit
5692,99,8001,14,2024-01-03 11:12:00,25.73,1.54,27.27,credit
5693,165,8002,1,2024-01-03 11:28:00,19.23,1.15,20.38,credit
5694,78,8004,13,2024-01-03 15:38:00,8.79,0.53,9.32,credit
5695,56,8005,13,2024-01-03 13:58:00,5.71,0.34,6.05,mobile
5696,55,8006,3,2024-01-03 11:29:00,22.14,1.33,23.47,mobile
5697,106,8007,1,2024-01-03 09:44:00,7.0,0.42,7.42,credit
5698,249,8008,5,2024-01-03 15:58:00,5.78,0.35,6.13,credit
5699,242,8009,2,2024-01-03 09:49:00,13.3,0.8,14.1,mobile
5700,48,8010,3,2024-01-03 14:59:00,15.58,0.93,16.51,mobile
5701,134,8011,13,2024-01-04 11:28:00,10.5,0.63,11.13,credit
5702,187,8012,1,2024-01-04 16:59:00,6.3,0.38,6.68,mobile
5703,1,8013,5,2024-01-04 11:56:00,9.5,0.57,10.07,credit
5704,228,8014,5,2024-01-04 09:13:00,38.18,2.29,40.47,credit
5705,94,8015,5,2024-01-04 15:25:00,29.09,1.75,30.84,mobile
5706,67,8017,5,2024-01-04 14:59:00,5.78,0.35,6.13,credit
5707,189,8020,4,2024-01-04 16:37:00,5.78,0.35,6.13,mobile
5708,237,8021,11,2024-01-04 12:59:00,11.23,0.67,11.9,credit
5709,162,8023,2,2024-01-04 10:35:00,19.49,1.17,20.66,mobile
5710,96,8025,6,2024-01-04 11:59:00,27.91,1.67,29.58,credit
5711,223,8026,14,2024-01-04 16:28:00,29.8,1.79,31.59,credit
5712,240,8027,3,2024-01-05 16:51:00,10.3,0.62,10.92,debit
5713,238,8029,5,2024-01-05 12:33:00,30.84,1.85,32.69,mobile
5714,186,8030,12,2024-01-05 10:25:00,5.78,0.35,6.13,mobile
5715,193,8034,3,2024-01-05 12:59:00,5.78,0.35,6.13,credit
5716,128,8035,14,2024-01-05 11:17:00,4.98,0.3,5.28,mobile
5717,121,8037,14,2024-01-05 16:54:00,4.0,0.24,4.24,credit
5718,8,8038,4,2024-01-05 13:25:00,15.53,0.93,16.46,credit
5719,228,8039,4,2024-01-05 09:56:00,22.4,1.34,23.74,credit
5720,196,8040,12,2024-01-06 16:44:00,10.0,0.6,10.6,credit
5721,44,8041,13,2024-01-06 10:59:00,24.5,1.47,25.97,mobile
5722,98,8042,6,2024-01-06 14:49:00,21.0,1.26,22.26,credit
5723,237,8044,4,2024-01-06 12:58:00,19.78,1.19,20.97,mobile
5724,5,8045,1,2024-01-06 15:44:00,6.3,0.38,6.68,credit
5725,48,8046,12,2024-01-06 12:44:00,7.5,0.45,7.95,debit
5726,165,8050,7,2024-01-06 12:42:00,25.0,1.5,26.5,debit
5727,155,8051,2,2024-01-06 16:55:00,9.45,0.57,10.02,mobile
5728,8,8052,1,2024-01-06 10:59:00,7.27,0.44,7.71,mobile
5729,24,8053,1,2024-01-06 15:34:00,6.3,0.38,6.68,mobile
5730,220,8055,14,2024-01-06 14:22:00,4.0,0.24,4.24,credit
5731,172,8056,7,2024-01-06 15:57:00,19.78,1.19,20.97,mobile
5732,69,8057,3,2024-01-06 09:16:00,9.5,0.57,10.07,mobile
5733,44,8058,2,2024-01-06 14:42:00,8.0,0.48,8.48,mobile
5734,91,8062,6,2024-01-07 14:48:00,25.5,1.53,27.03,credit
5735,11,8064,10,2024-01-07 09:31:00,45.69,2.74,48.43,credit
5736,223,8067,14,2024-01-07 14:13:00,3.5,0.21,3.71,mobile
5737,193,8068,13,2024-01-07 15:45:00,22.9,1.37,24.27,credit
5738,98,8070,5,2024-01-07 13:25:00,27.28,1.64,28.92,mobile
5739,217,8074,3,2024-01-08 09:10:00,5.03,0.3,5.33,mobile
5740,75,8075,3,2024-01-08 15:31:00,16.57,0.99,17.56,debit
5741,97,8076,1,2024-01-08 15:46:00,3.5,0.21,3.71,credit
5742,10,8077,2,2024-01-08 14:59:00,7.85,0.47,8.32,credit
5743,207,8078,2,2024-01-08 16:22:00,8.0,0.48,8.48,credit
5744,55,8079,4,2024-01-08 12:59:00,13.54,0.81,14.35,credit
5745,174,8080,12,2024-01-08 11:37:00,9.54,0.57,10.11,mobile
5746,234,8081,12,2024-01-08 11:27:00,6.55,0.39,6.94,credit
5747,207,8082,2,2024-01-08 13:17:00,6.3,0.38,6.68,credit
5748,189,8084,12,2024-01-08 09:59:00,3.5,0.21,3.71,debit
5749,113,8085,11,2024-01-08 14:42:00,19.48,1.17,20.65,credit
5750,63,8087,1,2024-01-08 12:40:00,5.25,0.32,5.57,credit
5751,217,8088,10,2024-01-09 14:59:00,43.81,2.63,46.44,credit
5752,92,8089,11,2024-01-09 16:25:00,26.3,1.58,27.88,credit
5753,96,8092,6,2024-01-09 13:59:00,7.45,0.45,7.9,mobile
5754,82,8094,2,2024-01-09 13:45:00,4.0,0.24,4.24,mobile
5755,219,8095,1,2024-01-09 11:10:00,29.0,1.74,30.74,credit
5756,2,8096,13,2024-01-09 15:18:00,6.5,0.39,6.89,mobile
5757,134,8098,11,2024-01-09 11:59:00,20.5,1.23,21.73,credit
5758,160,8099,12,2024-01-09 10:16:00,9.46,0.57,10.03,credit
5759,75,8100,3,2024-01-09 14:44:00,33.14,1.99,35.13,mobile
5760,68,8101,12,2024-01-09 11:24:00,4.73,0.28,5.01,credit
5761,15,8102,1,2024-01-09 12:30:00,30.66,1.84,32.5,mobile
5762,218,8103,2,2024-01-09 13:45:00,8.0,0.48,8.48,mobile
5763,61,8104,1,2024-01-09 09:59:00,7.0,0.42,7.42,credit
5764,172,8105,3,2024-01-09 09:18:00,13.78,0.83,14.61,debit
5765,195,8106,12,2024-01-09 13:56:00,9.25,0.55,9.8,mobile
5766,108,8107,2,2024-01-10 10:48:00,7.0,0.42,7.42,credit
5767,42,8109,3,2024-01-10 16:59:00,27.89,1.67,29.56,credit
5768,74,8110,1,2024-01-10 09:41:00,5.78,0.35,6.13,mobile
5769,78,8111,7,2024-01-10 14:31:00,5.79,0.35,6.14,mobile
5770,237,8115,7,2024-01-10 14:57:00,18.06,1.08,19.14,mobile
5771,237,8117,11,2024-01-10 16:45:00,10.0,0.6,10.6,credit
5772,91,8118,6,2024-01-10 09:44:00,3.5,0.21,3.71,debit
5773,35,8119,12,2024-01-11 16:57:00,13.0,0.78,13.78,credit
5774,223,8120,6,2024-01-11 10:50:00,4.0,0.24,4.24,credit
5775,4,8121,5,2024-01-11 14:24:00,6.84,0.41,7.25,debit
5776,2,8122,3,2024-01-11 15:29:00,16.48,0.99,17.47,mobile
5777,25,8123,4,2024-01-11 13:55:00,5.78,0.35,6.13,credit
5778,234,8124,5,2024-01-11 09:43:00,4.3,0.26,4.56,mobile
5779,8,8125,10,2024-01-11 10:33:00,6.75,0.4,7.15,mobile
5780,45,8127,14,2024-01-11 11:37:00,4.0,0.24,4.24,credit
5781,186,8128,1,2024-01-11 15:49:00,4.0,0.24,4.24,debit
5782,93,8129,14,2024-01-11 09:37:00,5.78,0.35,6.13,credit
5783,74,8131,4,2024-01-11 09:59:00,6.3,0.38,6.68,credit
5784,204,8132,1,2024-01-11 12:59:00,27.01,1.62,28.63,credit
5785,160,8133,5,2024-01-11 12:45:00,14.5,0.87,15.37,credit
5786,55,8134,12,2024-01-12 15:40:00,16.76,1.01,17.77,credit
5787,110,8135,3,2024-01-12 10:55:00,14.0,0.84,14.84,mobile
5788,173,8136,7,2024-01-12 16:50:00,30.46,1.83,32.29,mobile
5789,28,8137,1,2024-01-12 09:46:00,8.92,0.54,9.46,credit
5790,38,8138,6,2024-01-12 11:41:00,9.87,0.59,10.46,credit
5791,186,8141,10,2024-01-12 16:28:00,8.0,0.48,8.48,credit
5792,148,8142,1,2024-01-12 11:30:00,10.5,0.63,11.13,mobile
5793,234,8144,7,2024-01-13 15:35:00,7.8,0.47,8.27,mobile
5794,207,8146,11,2024-01-13 14:22:00,16.28,0.98,17.26,credit
5795,165,8147,14,2024-01-13 09:49:00,10.5,0.63,11.13,debit
5796,134,8149,10,2024-01-13 12:49:00,7.5,0.45,7.95,credit
5797,219,8152,4,2024-01-13 12:54:00,13.0,0.78,13.78,debit
5798,107,8153,5,2024-01-13 14:17:00,7.71,0.46,8.17,mobile
5799,119,8154,1,2024-01-13 14:55:00,33.81,2.03,35.84,credit
5800,185,8155,7,2024-01-13 15:59:00,5.78,0.35,6.13,debit
5801,173,8157,12,2024-01-13 10:24:00,6.18,0.37,6.55,credit
5802,52,8158,3,2024-01-13 13:35:00,6.5,0.39,6.89,credit
5803,3,8159,1,2024-01-13 14:56:00,18.56,1.11,19.67,debit
5804,138,8160,5,2024-01-13 13:59:00,9.0,0.54,9.54,credit
5805,106,8161,1,2024-01-13 14:59:00,3.5,0.21,3.71,credit
5806,125,8164,13,2024-01-13 11:45:00,13.39,0.8,14.19,mobile
5807,5,8165,11,2024-01-13 14:31:00,8.0,0.48,8.48,mobile
5808,184,8167,13,2024-01-13 14:59:00,31.11,1.87,32.98,mobile
5809,47,8168,13,2024-01-13 14:29:00,3.5,0.21,3.71,mobile
5810,74,8170,3,2024-01-13 09:50:00,9.5,0.57,10.07,credit
5811,48,8171,12,2024-01-13 11:45:00,5.78,0.35,6.13,mobile
5812,48,8175,1,2024-01-13 09:33:00,43.76,2.63,46.39,debit
5813,155,8176,10,2024-01-13 16:59:00,5.45,0.33,5.78,mobile
5814,115,8177,1,2024-01-14 15:18:00,12.0,0.72,12.72,credit
5815,112,8179,5,2024-01-14 10:59:00,5.16,0.31,5.47,credit
5816,190,8181,11,2024-01-14 14:44:00,17.0,1.02,18.02,credit
5817,5,8182,5,2024-01-14 13:45:00,29.4,1.76,31.16,mobile
5818,71,8183,1,2024-01-14 16:30:00,4.0,0.24,4.24,mobile
5819,134,8185,10,2024-01-14 11:42:00,27.0,1.62,28.62,credit
5820,61,8186,5,2024-01-14 10:16:00,19.8,1.19,20.99,credit
5821,73,8187,13,2024-01-14 16:40:00,21.56,1.29,22.85,credit
5822,92,8188,14,2024-01-14 10:33:00,25.25,1.51,26.76,credit
5823,114,8190,1,2024-01-14 14:17:00,11.56,0.69,12.25,mobile
5824,8,8191,4,2024-01-14 15:11:00,4.97,0.3,5.27,mobile
5825,126,8192,2,2024-01-14 16:39:00,6.5,0.39,6.89,credit
5826,82,8194,12,2024-01-14 14:47:00,28.3,1.7,30.0,credit
5827,158,8195,13,2024-01-14 09:59:00,6.81,0.41,7.22,mobile
5828,189,8196,6,2024-01-14 15:53:00,14.5,0.87,15.37,credit
5829,195,8197,11,2024-01-14 09:26:00,7.68,0.46,8.14,credit
5830,44,8198,13,2024-01-14 12:52:00,3.0,0.18,3.18,credit
5831,61,8200,7,2024-01-14 14:26:00,8.0,0.48,8.48,credit
5832,194,8201,2,2024-01-14 13:59:00,23.06,1.38,24.44,credit
5833,218,8203,11,2024-01-15 10:29:00,6.0,0.36,6.36,credit
5834,100,8205,14,2024-01-15 14:59:00,7.08,0.42,7.5,credit
5835,240,8207,5,2024-01-15 11:29:00,9.75,0.58,10.33,mobile
5836,5,8208,7,2024-01-15 16:41:00,4.0,0.24,4.24,mobile
5837,237,8210,12,2024-01-16 09:59:00,5.25,0.32,5.57,credit
5838,41,8211,2,2024-01-16 10:20:00,7.0,0.42,7.42,mobile
5839,208,8212,3,2024-01-16 11:37:00,22.83,1.37,24.2,debit
5840,103,8213,5,2024-01-16 11:36:00,9.44,0.57,10.01,mobile
5841,162,8214,2,2024-01-16 09:20:00,8.47,0.51,8.98,debit
5842,172,8215,1,2024-01-16 15:59:00,6.3,0.38,6.68,credit
5843,38,8216,10,2024-01-16 10:19:00,7.12,0.43,7.55,mobile
5844,3,8217,12,2024-01-16 15:38:00,14.75,0.89,15.64,mobile
5845,203,8218,2,2024-01-16 16:59:00,6.3,0.38,6.68,debit
5846,173,8220,4,2024-01-16 16:26:00,11.18,0.67,11.85,mobile
5847,56,8221,7,2024-01-16 09:40:00,8.21,0.49,8.7,mobile
5848,57,8222,10,2024-01-17 15:23:00,9.5,0.57,10.07,credit
5849,25,8223,13,2024-01-17 12:27:00,4.5,0.27,4.77,credit
5850,181,8225,10,2024-01-17 12:59:00,4.5,0.27,4.77,mobile
5851,25,8226,12,2024-01-17 15:35:00,10.0,0.6,10.6,mobile
5852,88,8227,12,2024-01-17 10:46:00,6.3,0.38,6.68,mobile
5853,44,8228,11,2024-01-17 16:34:00,7.0,0.42,7.42,debit
5854,2,8229,6,2024-01-17 12:59:00,22.78,1.37,24.15,mobile
5855,44,8230,1,2024-01-17 11:18:00,11.03,0.66,11.69,credit
5856,91,8232,13,2024-01-17 12:26:00,9.46,0.57,10.03,mobile
5857,31,8233,13,2024-01-17 16:59:00,5.78,0.35,6.13,mobile
5858,73,8234,13,2024-01-17 12:24:00,6.3,0.38,6.68,credit
5859,111,8235,10,2024-01-18 13:23:00,8.0,0.48,8.48,credit
5860,143,8236,10,2024-01-18 14:28:00,6.3,0.38,6.68,mobile
5861,149,8237,2,2024-01-18 12:48:00,5.02,0.3,5.32,credit
5862,228,8238,5,2024-01-18 16:15:00,6.4,0.38,6.78,credit
5863,143,8239,6,2024-01-18 15:37:00,8.0,0.48,8.48,mobile
5864,3,8240,14,2024-01-18 10:58:00,3.0,0.18,3.18,debit
5865,126,8242,7,2024-01-19 13:49:00,6.5,0.39,6.89,credit
5866,15,8244,4,2024-01-19 13:59:00,6.5,0.39,6.89,credit
5867,19,8246,6,2024-01-19 11:54:00,31.56,1.89,33.45,debit
5868,48,8249,5,2024-01-19 15:41:00,4.0,0.24,4.24,mobile
5869,182,8250,6,2024-01-19 16:39:00,22.04,1.32,23.36,credit
5870,73,8251,11,2024-01-19 09:59:00,36.98,2.22,39.2,credit
5871,83,8252,1,2024-01-19 12:59:00,4.63,0.28,4.91,credit
5872,6,8253,11,2024-01-19 16:55:00,4.0,0.24,4.24,credit
5873,9,8254,1,2024-01-19 14:26:00,5.78,0.35,6.13,credit
5874,1,8255,4,2024-01-19 15:55:00,7.5,0.45,7.95,mobile
5875,166,8257,13,2024-01-20 12:11:00,4.76,0.29,5.05,mobile
5876,6,8258,3,2024-01-20 14:32:00,6.5,0.39,6.89,credit
5877,48,8259,12,2024-01-20 16:59:00,8.0,0.48,8.48,credit
5878,29,8264,12,2024-01-20 13:59:00,6.3,0.38,6.68,debit
5879,162,8265,4,2024-01-20 13:28:00,12.69,0.76,13.45,mobile
5880,135,8266,3,2024-01-20 13:25:00,4.0,0.24,4.24,credit
5881,232,8269,2,2024-01-20 09:29:00,6.76,0.41,7.17,mobile
5882,207,8270,13,2024-01-20 16:15:00,25.2,1.51,26.71,credit
5883,63,8271,6,2024-01-20 09:45:00,8.0,0.48,8.48,credit
5884,11,8272,12,2024-01-20 12:47:00,6.3,0.38,6.68,credit
5885,39,8273,5,2024-01-20 09:38:00,6.3,0.38,6.68,credit
5886,189,8274,4,2024-01-20 11:45:00,5.25,0.32,5.57,mobile
5887,202,8275,10,2024-01-21 14:43:00,3.5,0.21,3.71,mobile
5888,83,8276,4,2024-01-21 14:48:00,9.13,0.55,9.68,mobile
5889,185,8277,10,2024-01-21 11:45:00,30.51,1.83,32.34,mobile
5890,139,8278,2,2024-01-21 14:59:00,5.78,0.35,6.13,mobile
5891,56,8280,14,2024-01-21 14:44:00,7.71,0.46,8.17,mobile
5892,159,8281,13,2024-01-21 16:22:00,7.81,0.47,8.28,credit
5893,223,8282,14,2024-01-21 13:11:00,20.08,1.2,21.28,mobile
5894,176,8283,12,2024-01-21 09:45:00,19.03,1.14,20.17,credit
5895,13,8284,1,2024-01-21 13:43:00,4.0,0.24,4.24,debit
5896,175,8285,5,2024-01-21 10:51:00,7.19,0.43,7.62,mobile
5897,237,8286,7,2024-01-21 15:45:00,8.0,0.48,8.48,mobile
5898,194,8287,6,2024-01-21 11:59:00,5.78,0.35,6.13,credit
5899,38,8289,5,2024-01-21 12:36:00,25.87,1.55,27.42,mobile
5900,43,8290,1,2024-01-22 14:55:00,14.53,0.87,15.4,mobile
5901,197,8291,4,2024-01-22 15:59:00,4.5,0.27,4.77,mobile
5902,107,8292,13,2024-01-22 10:59:00,8.24,0.49,8.73,credit
5903,223,8294,13,2024-01-22 16:28:00,4.0,0.24,4.24,credit
5904,179,8296,11,2024-01-22 16:38:00,7.41,0.44,7.85,mobile
5905,162,8297,3,2024-01-22 16:59:00,5.69,0.34,6.03,credit
5906,5,8299,12,2024-01-23 10:26:00,5.78,0.35,6.13,credit
5907,203,8300,3,2024-01-23 09:59:00,5.78,0.35,6.13,debit
5908,27,8302,4,2024-01-23 10:19:00,16.77,1.01,17.78,credit
5909,6,8303,11,2024-01-23 11:56:00,19.28,1.16,20.44,debit
5910,179,8306,7,2024-01-23 09:59:00,9.11,0.55,9.66,debit
5911,232,8309,5,2024-01-23 13:12:00,6.76,0.41,7.17,debit
5912,111,8310,10,2024-01-23 10:40:00,7.0,0.42,7.42,credit
5913,100,8312,4,2024-01-23 16:49:00,22.65,1.36,24.01,mobile
5914,197,8316,5,2024-01-24 16:59:00,5.78,0.35,6.13,debit
5915,2,8317,1,2024-01-24 11:55:00,5.25,0.32,5.57,mobile
5916,53,8319,11,2024-01-24 10:51:00,27.64,1.66,29.3,credit
5917,189,8321,5,2024-01-24 12:43:00,8.0,0.48,8.48,mobile
5918,73,8322,13,2024-01-24 13:59:00,6.3,0.38,6.68,credit
5919,98,8323,3,2024-01-24 11:18:00,6.3,0.38,6.68,mobile
5920,128,8327,7,2024-01-24 12:41:00,27.04,1.62,28.66,mobile
5921,76,8328,6,2024-01-24 13:16:00,25.73,1.54,27.27,credit
5922,2,8329,5,2024-01-24 12:30:00,38.75,2.32,41.07,debit
5923,69,8331,13,2024-01-25 14:25:00,29.1,1.75,30.85,credit
5924,248,8332,2,2024-01-25 16:28:00,4.0,0.24,4.24,credit
5925,154,8333,7,2024-01-25 13:59:00,8.0,0.48,8.48,mobile
5926,136,8334,4,2024-01-25 14:37:00,4.5,0.27,4.77,credit
5927,96,8335,1,2024-01-25 13:24:00,7.45,0.45,7.9,credit
5928,77,8336,10,2024-01-25 16:11:00,4.0,0.24,4.24,debit
5929,1,8337,1,2024-01-25 16:22:00,23.56,1.41,24.97,credit
5930,56,8338,14,2024-01-25 16:59:00,11.21,0.67,11.88,mobile
5931,52,8339,12,2024-01-25 16:35:00,9.0,0.54,9.54,debit
5932,238,8340,11,2024-01-25 14:40:00,11.34,0.68,12.02,mobile
5933,166,8341,11,2024-01-25 12:22:00,4.76,0.29,5.05,mobile
5934,172,8342,13,2024-01-25 13:54:00,6.3,0.38,6.68,credit
5935,116,8343,4,2024-01-25 11:40:00,12.78,0.77,13.55,mobile
5936,14,8344,12,2024-01-26 14:35:00,9.83,0.59,10.42,mobile
5937,176,8345,12,2024-01-26 14:28:00,6.3,0.38,6.68,credit
5938,203,8346,3,2024-01-26 15:28:00,37.73,2.26,39.99,mobile
5939,135,8348,1,2024-01-26 12:59:00,11.56,0.69,12.25,debit
5940,237,8350,3,2024-01-26 14:35:00,20.0,1.2,21.2,mobile
5941,2,8351,6,2024-01-26 09:27:00,11.75,0.7,12.45,credit
5942,177,8352,5,2024-01-26 14:17:00,36.5,2.19,38.69,credit
5943,155,8353,7,2024-01-26 14:38:00,7.23,0.43,7.66,mobile
5944,224,8354,12,2024-01-26 09:22:00,4.73,0.28,5.01,debit
5945,53,8355,7,2024-01-26 13:22:00,29.85,1.79,31.64,mobile
5946,207,8357,12,2024-01-27 10:59:00,9.5,0.57,10.07,credit
5947,48,8360,14,2024-01-27 14:20:00,6.0,0.36,6.36,debit
5948,131,8361,11,2024-01-27 12:21:00,3.5,0.21,3.71,credit
5949,27,8362,11,2024-01-27 09:50:00,6.99,0.42,7.41,mobile
5950,139,8364,3,2024-01-27 15:59:00,5.78,0.35,6.13,credit
5951,113,8365,2,2024-01-27 16:54:00,10.51,0.63,11.14,credit
5952,165,8366,2,2024-01-27 10:24:00,4.73,0.28,5.01,credit
5953,193,8367,12,2024-01-27 09:47:00,5.78,0.35,6.13,debit
5954,2,8368,13,2024-01-27 14:43:00,9.25,0.55,9.8,credit
5955,27,8370,14,2024-01-27 15:19:00,4.71,0.28,4.99,credit
5956,47,8371,1,2024-01-27 12:53:00,9.5,0.57,10.07,debit
5957,56,8373,12,2024-01-27 10:40:00,7.51,0.45,7.96,debit
5958,33,8375,6,2024-01-27 11:59:00,22.78,1.37,24.15,credit
5959,186,8376,2,2024-01-27 14:19:00,10.0,0.6,10.6,debit
5960,1,8377,5,2024-01-27 16:58:00,11.56,0.69,12.25,credit
5961,148,8378,6,2024-01-27 09:59:00,21.78,1.31,23.09,mobile
5962,242,8379,2,2024-01-28 12:41:00,28.0,1.68,29.68,credit
5963,10,8381,12,2024-01-28 16:59:00,4.85,0.29,5.14,mobile
5964,189,8383,11,2024-01-28 12:29:00,21.55,1.29,22.84,mobile
5965,57,8384,5,2024-01-28 15:55:00,6.5,0.39,6.89,debit
5966,23,8385,13,2024-01-28 14:59:00,8.0,0.48,8.48,credit
5967,224,8386,14,2024-01-28 09:56:00,7.0,0.42,7.42,credit
5968,242,8387,7,2024-01-28 14:33:00,3.0,0.18,3.18,credit
5969,232,8389,12,2024-01-28 14:59:00,15.99,0.96,16.95,mobile
5970,223,8390,2,2024-01-28 15:53:00,14.73,0.88,15.61,debit
5971,134,8391,1,2024-01-28 12:59:00,7.0,0.42,7.42,mobile
5972,165,8392,12,2024-01-28 14:59:00,8.0,0.48,8.48,mobile
5973,27,8393,7,2024-01-28 12:33:00,12.77,0.77,13.54,mobile
5974,39,8395,6,2024-01-28 14:25:00,10.0,0.6,10.6,credit
5975,9,8396,7,2024-01-28 13:53:00,6.5,0.39,6.89,credit
5976,78,8397,3,2024-01-28 10:59:00,34.12,2.05,36.17,mobile
5977,122,8399,5,2024-01-29 13:59:00,11.73,0.7,12.43,debit
5978,61,8400,1,2024-01-29 14:59:00,33.08,1.98,35.06,credit
5979,195,8402,1,2024-01-29 09:20:00,17.48,1.05,18.53,credit
5980,101,8403,1,2024-01-29 16:57:00,3.0,0.18,3.18,credit
5981,2,8404,2,2024-01-29 11:56:00,18.06,1.08,19.14,credit
5982,237,8408,6,2024-01-29 09:44:00,3.5,0.21,3.71,credit
5983,237,8410,5,2024-01-29 11:25:00,8.73,0.52,9.25,debit
5984,196,8414,7,2024-01-30 13:44:00,6.3,0.38,6.68,credit
5985,231,8415,1,2024-01-30 11:59:00,3.5,0.21,3.71,credit
5986,135,8417,1,2024-01-30 13:42:00,25.0,1.5,26.5,credit
5987,143,8418,6,2024-01-30 15:57:00,29.03,1.74,30.77,mobile
5988,235,8420,6,2024-01-30 16:40:00,8.0,0.48,8.48,credit
5989,23,8421,14,2024-01-30 12:17:00,12.78,0.77,13.55,credit
5990,5,8422,13,2024-01-30 13:33:00,4.5,0.27,4.77,mobile
5991,150,8423,3,2024-01-30 09:41:00,6.3,0.38,6.68,mobile
5992,22,8424,1,2024-01-31 12:59:00,9.5,0.57,10.07,mobile
5993,48,8425,4,2024-01-31 16:58:00,9.5,0.57,10.07,credit
5994,86,8426,7,2024-01-31 15:59:00,5.25,0.32,5.57,credit
5995,48,8427,12,2024-01-31 16:59:00,50.3,3.02,53.32,credit
5996,31,8432,7,2024-01-31 14:40:00,13.0,0.78,13.78,credit
5997,83,8433,1,2024-01-31 14:44:00,6.91,0.41,7.32,credit
5998,137,8435,6,2024-01-31 15:43:00,6.3,0.38,6.68,mobile
5999,114,8436,6,2024-02-01 15:55:00,4.5,0.27,4.77,credit
6000,237,8439,4,2024-02-01 13:32:00,5.78,0.35,6.13,credit
6001,4,8442,11,2024-02-01 10:43:00,26.06,1.56,27.62,credit
6002,2,8444,6,2024-02-01 16:40:00,5.25,0.32,5.57,mobile
6003,189,8445,1,2024-02-01 10:57:00,6.5,0.39,6.89,debit
6004,223,8446,11,2024-02-01 13:59:00,20.0,1.2,21.2,credit
6005,68,8447,7,2024-02-01 12:37:00,4.73,0.28,5.01,credit
6006,39,8449,7,2024-02-01 15:59:00,9.25,0.55,9.8,credit
6007,155,8450,10,2024-02-01 16:31:00,36.01,2.16,38.17,mobile
6008,163,8451,7,2024-02-01 12:15:00,19.96,1.2,21.16,mobile
6009,103,8452,6,2024-02-01 11:44:00,6.69,0.4,7.09,mobile
6010,197,8453,12,2024-02-01 15:41:00,4.0,0.24,4.24,credit
6011,120,8454,1,2024-02-01 09:59:00,5.59,0.34,5.93,mobile
6012,186,8455,6,2024-02-01 11:21:00,9.78,0.59,10.37,credit
6013,107,8456,7,2024-02-01 15:59:00,30.69,1.84,32.53,mobile
6014,71,8457,11,2024-02-02 09:43:00,26.58,1.59,28.17,credit
6015,108,8458,2,2024-02-02 14:27:00,24.0,1.44,25.44,credit
6016,165,8459,10,2024-02-02 09:47:00,4.73,0.28,5.01,credit
6017,7,8460,10,2024-02-02 15:42:00,3.5,0.21,3.71,credit
6018,48,8462,10,2024-02-02 10:59:00,28.78,1.73,30.51,mobile
6019,75,8463,3,2024-02-02 13:59:00,7.87,0.47,8.34,mobile
6020,165,8466,12,2024-02-02 16:59:00,6.3,0.38,6.68,credit
6021,189,8467,4,2024-02-02 16:59:00,11.5,0.69,12.19,mobile
6022,143,8468,3,2024-02-02 15:58:00,10.28,0.62,10.9,mobile
6023,35,8471,7,2024-02-02 10:15:00,4.73,0.28,5.01,mobile
6024,204,8472,5,2024-02-02 09:47:00,12.78,0.77,13.55,credit
6025,8,8473,3,2024-02-03 15:59:00,6.22,0.37,6.59,mobile
6026,5,8474,4,2024-02-03 13:18:00,17.5,1.05,18.55,credit
6027,155,8475,1,2024-02-03 14:51:00,10.23,0.61,10.84,credit
6028,2,8476,13,2024-02-03 15:30:00,25.55,1.53,27.08,credit
6029,100,8477,5,2024-02-03 15:22:00,7.6,0.46,8.06,credit
6030,36,8478,2,2024-02-03 12:53:00,9.79,0.59,10.38,credit
6031,238,8482,14,2024-02-03 11:30:00,6.84,0.41,7.25,credit
6032,51,8483,11,2024-02-03 11:59:00,9.3,0.56,9.86,debit
6033,43,8484,11,2024-02-03 09:40:00,7.5,0.45,7.95,credit
6034,230,8485,7,2024-02-03 12:41:00,31.21,1.87,33.08,mobile
6035,126,8486,10,2024-02-03 13:59:00,3.5,0.21,3.71,credit
6036,78,8487,1,2024-02-03 09:57:00,6.52,0.39,6.91,mobile
6037,231,8488,6,2024-02-03 12:46:00,6.5,0.39,6.89,credit
6038,189,8490,7,2024-02-03 09:27:00,20.0,1.2,21.2,mobile
6039,233,8491,14,2024-02-03 10:42:00,3.0,0.18,3.18,credit
6040,1,8492,3,2024-02-03 12:59:00,8.0,0.48,8.48,credit
6041,8,8493,7,2024-02-04 14:24:00,7.97,0.48,8.45,credit
6042,149,8494,13,2024-02-04 10:16:00,38.02,2.28,40.3,debit
6043,9,8495,11,2024-02-04 16:59:00,4.0,0.24,4.24,mobile
6044,165,8496,12,2024-02-04 16:59:00,27.03,1.62,28.65,debit
6045,180,8499,12,2024-02-04 13:59:00,5.78,0.35,6.13,debit
6046,93,8500,4,2024-02-04 10:25:00,25.86,1.55,27.41,credit
6047,136,8502,2,2024-02-04 16:31:00,5.25,0.32,5.57,debit
6048,128,8503,14,2024-02-04 15:57:00,12.51,0.75,13.26,mobile
6049,182,8504,2,2024-02-04 14:29:00,9.44,0.57,10.01,mobile
6050,149,8505,10,2024-02-04 14:49:00,32.83,1.97,34.8,mobile
6051,162,8507,4,2024-02-04 13:37:00,15.44,0.93,16.37,credit
6052,240,8508,2,2024-02-04 09:59:00,14.0,0.84,14.84,credit
6053,119,8511,12,2024-02-04 16:25:00,4.0,0.24,4.24,debit
6054,123,8512,6,2024-02-04 11:38:00,23.0,1.38,24.38,debit
6055,155,8513,14,2024-02-04 15:38:00,10.23,0.61,10.84,mobile
6056,63,8514,1,2024-02-05 12:59:00,5.78,0.35,6.13,credit
6057,207,8515,5,2024-02-05 13:42:00,18.0,1.08,19.08,credit
6058,240,8516,5,2024-02-05 16:10:00,43.05,2.58,45.63,mobile
6059,2,8517,12,2024-02-05 09:48:00,5.98,0.36,6.34,credit
6060,2,8518,3,2024-02-05 11:44:00,10.71,0.64,11.35,credit
6061,238,8519,11,2024-02-05 10:10:00,8.64,0.52,9.16,credit
6062,149,8520,10,2024-02-05 16:26:00,9.02,0.54,9.56,credit
6063,128,8521,10,2024-02-05 16:20:00,21.48,1.29,22.77,credit
6064,108,8522,3,2024-02-05 12:59:00,39.68,2.38,42.06,mobile
6065,44,8524,3,2024-02-05 11:23:00,4.5,0.27,4.77,credit
6066,2,8525,2,2024-02-05 11:58:00,29.75,1.78,31.53,credit
6067,11,8526,12,2024-02-05 13:30:00,10.0,0.6,10.6,mobile
6068,196,8527,4,2024-02-05 10:56:00,6.3,0.38,6.68,debit
6069,21,8528,13,2024-02-05 16:39:00,12.04,0.72,12.76,debit
6070,174,8529,2,2024-02-05 10:52:00,11.24,0.67,11.91,mobile
6071,195,8530,7,2024-02-05 09:28:00,5.95,0.36,6.31,mobile
6072,120,8531,10,2024-02-05 11:27:00,16.83,1.01,17.84,credit
6073,110,8532,3,2024-02-05 11:34:00,11.75,0.7,12.45,mobile
6074,100,8533,5,2024-02-05 10:20:00,12.8,0.77,13.57,mobile
6075,121,8534,2,2024-02-05 12:59:00,8.0,0.48,8.48,mobile
6076,196,8535,2,2024-02-06 14:29:00,15.78,0.95,16.73,debit
6077,96,8536,13,2024-02-06 10:58:00,5.15,0.31,5.46,mobile
6078,103,8537,4,2024-02-06 11:47:00,7.74,0.46,8.2,credit
6079,42,8538,6,2024-02-06 14:46:00,5.65,0.34,5.99,credit
6080,180,8539,14,2024-02-06 10:59:00,4.0,0.24,4.24,credit
6081,74,8540,4,2024-02-06 15:40:00,3.5,0.21,3.71,credit
6082,173,8541,12,2024-02-06 10:19:00,7.46,0.45,7.91,mobile
6083,55,8543,12,2024-02-06 10:59:00,40.04,2.4,42.44,credit
6084,135,8544,10,2024-02-06 11:59:00,11.5,0.69,12.19,credit
6085,44,8545,4,2024-02-06 09:39:00,7.0,0.42,7.42,mobile
6086,180,8546,2,2024-02-06 16:59:00,4.5,0.27,4.77,credit
6087,42,8547,5,2024-02-06 15:24:00,39.25,2.35,41.6,credit
6088,189,8548,4,2024-02-06 11:59:00,3.0,0.18,3.18,credit
6089,227,8549,7,2024-02-06 13:28:00,6.5,0.39,6.89,credit
6090,71,8550,14,2024-02-06 10:51:00,14.73,0.88,15.61,credit
6091,33,8551,1,2024-02-06 15:39:00,3.5,0.21,3.71,debit
6092,91,8552,5,2024-02-07 14:59:00,3.5,0.21,3.71,credit
6093,83,8553,13,2024-02-07 13:28:00,5.13,0.31,5.44,credit
6094,8,8554,10,2024-02-07 16:20:00,6.75,0.4,7.15,mobile
6095,72,8555,13,2024-02-07 11:59:00,12.06,0.72,12.78,credit
6096,98,8556,6,2024-02-07 13:55:00,3.0,0.18,3.18,credit
6097,173,8557,10,2024-02-07 12:36:00,5.18,0.31,5.49,credit
6098,202,8558,7,2024-02-07 15:58:00,3.5,0.21,3.71,credit
6099,3,8561,13,2024-02-07 13:38:00,12.6,0.76,13.36,credit
6100,154,8562,11,2024-02-07 13:52:00,13.0,0.78,13.78,credit
6101,61,8564,1,2024-02-08 16:59:00,40.49,2.43,42.92,credit
6102,106,8565,14,2024-02-08 13:45:00,6.5,0.39,6.89,mobile
6103,27,8566,2,2024-02-08 14:46:00,28.49,1.71,30.2,debit
6104,177,8567,6,2024-02-08 10:41:00,31.5,1.89,33.39,debit
6105,160,8570,14,2024-02-08 10:25:00,7.0,0.42,7.42,credit
6106,201,8572,10,2024-02-08 15:35:00,24.56,1.47,26.03,mobile
6107,110,8575,2,2024-02-08 16:57:00,7.0,0.42,7.42,mobile
6108,160,8576,10,2024-02-08 13:28:00,4.0,0.24,4.24,debit
6109,155,8577,1,2024-02-08 09:36:00,43.93,2.64,46.57,mobile
6110,215,8579,13,2024-02-09 12:59:00,5.25,0.32,5.57,credit
6111,179,8581,5,2024-02-09 16:19:00,7.61,0.46,8.07,mobile
6112,218,8583,7,2024-02-09 14:11:00,4.0,0.24,4.24,credit
6113,172,8584,10,2024-02-09 13:59:00,44.35,2.66,47.01,mobile
6114,218,8585,3,2024-02-09 15:32:00,5.25,0.32,5.57,credit
6115,14,8587,1,2024-02-09 16:30:00,6.33,0.38,6.71,credit
6116,232,8589,12,2024-02-10 12:39:00,8.98,0.54,9.52,mobile
6117,232,8590,10,2024-02-10 12:57:00,8.98,0.54,9.52,debit
6118,155,8591,13,2024-02-10 14:25:00,31.75,1.91,33.66,credit
6119,24,8592,2,2024-02-10 09:45:00,9.78,0.59,10.37,credit
6120,172,8593,10,2024-02-10 15:10:00,3.0,0.18,3.18,mobile
6121,23,8594,3,2024-02-10 10:26:00,6.3,0.38,6.68,credit
6122,46,8595,5,2024-02-10 15:19:00,6.5,0.39,6.89,debit
6123,215,8598,14,2024-02-10 11:36:00,5.78,0.35,6.13,credit
6124,64,8599,5,2024-02-10 12:25:00,11.95,0.72,12.67,mobile
6125,189,8600,11,2024-02-10 13:59:00,9.78,0.59,10.37,mobile
6126,228,8601,2,2024-02-10 16:17:00,8.7,0.52,9.22,credit
6127,143,8604,7,2024-02-10 11:15:00,3.5,0.21,3.71,credit
6128,156,8605,12,2024-02-10 12:43:00,6.3,0.38,6.68,credit
6129,35,8606,11,2024-02-10 12:10:00,16.78,1.01,17.79,credit
6130,215,8607,1,2024-02-10 14:48:00,30.03,1.8,31.83,credit
6131,182,8608,13,2024-02-10 13:35:00,10.66,0.64,11.3,credit
6132,158,8610,3,2024-02-11 10:59:00,6.81,0.41,7.22,credit
6133,2,8614,7,2024-02-11 13:55:00,20.35,1.22,21.57,credit
6134,220,8617,7,2024-02-11 15:15:00,7.0,0.42,7.42,debit
6135,155,8621,5,2024-02-11 15:52:00,7.95,0.48,8.43,credit
6136,159,8622,12,2024-02-11 14:45:00,7.29,0.44,7.73,credit
6137,155,8624,11,2024-02-11 09:42:00,14.25,0.85,15.1,credit
6138,134,8625,13,2024-02-11 15:56:00,8.0,0.48,8.48,credit
6139,2,8626,1,2024-02-11 13:45:00,8.25,0.49,8.74,mobile
6140,14,8627,1,2024-02-11 11:54:00,16.11,0.97,17.08,debit
6141,231,8628,3,2024-02-11 10:57:00,24.78,1.49,26.27,credit
6142,60,8629,6,2024-02-12 09:38:00,4.0,0.24,4.24,mobile
6143,107,8630,6,2024-02-12 09:21:00,8.96,0.54,9.5,mobile
6144,209,8632,4,2024-02-12 13:26:00,7.49,0.45,7.94,credit
6145,189,8633,11,2024-02-12 16:54:00,4.0,0.24,4.24,credit
6146,107,8634,3,2024-02-12 12:36:00,5.96,0.36,6.32,credit
6147,175,8637,1,2024-02-12 10:18:00,6.14,0.37,6.51,debit
6148,213,8639,5,2024-02-12 10:49:00,46.23,2.77,49.0,mobile
6149,11,8640,3,2024-02-12 14:59:00,4.0,0.24,4.24,debit
6150,170,8641,13,2024-02-12 09:48:00,17.84,1.07,18.91,debit
6151,59,8642,5,2024-02-12 09:34:00,7.9,0.47,8.37,mobile
6152,77,8644,10,2024-02-12 10:43:00,44.1,2.65,46.75,credit
6153,6,8645,3,2024-02-12 09:43:00,4.0,0.24,4.24,credit
6154,194,8648,12,2024-02-12 16:19:00,4.5,0.27,4.77,credit
6155,8,8649,10,2024-02-12 12:59:00,4.97,0.3,5.27,mobile
6156,73,8650,7,2024-02-13 16:30:00,8.0,0.48,8.48,credit
6157,83,8651,7,2024-02-13 10:59:00,11.13,0.67,11.8,credit
6158,172,8652,12,2024-02-13 13:16:00,4.0,0.24,4.24,credit
6159,27,8653,10,2024-02-13 14:59:00,4.71,0.28,4.99,credit
6160,195,8656,2,2024-02-13 11:59:00,10.95,0.66,11.61,credit
6161,240,8657,5,2024-02-13 15:34:00,18.38,1.1,19.48,mobile
6162,238,8658,12,2024-02-13 16:46:00,25.85,1.55,27.4,mobile
6163,38,8659,2,2024-02-13 14:36:00,8.87,0.53,9.4,mobile
6164,38,8660,12,2024-02-13 11:32:00,17.65,1.06,18.71,mobile
6165,77,8661,1,2024-02-13 12:55:00,4.0,0.24,4.24,mobile
6166,148,8662,12,2024-02-13 11:19:00,13.0,0.78,13.78,credit
6167,79,8664,5,2024-02-13 16:12:00,7.0,0.42,7.42,debit
6168,179,8665,4,2024-02-13 09:59:00,12.67,0.76,13.43,mobile
6169,48,8668,12,2024-02-14 16:18:00,4.0,0.24,4.24,debit
6170,155,8669,7,2024-02-14 10:59:00,5.45,0.33,5.78,credit
6171,240,8671,12,2024-02-14 16:59:00,12.78,0.77,13.55,debit
6172,1,8673,1,2024-02-14 11:20:00,3.0,0.18,3.18,credit
6173,203,8676,3,2024-02-14 12:59:00,3.0,0.18,3.18,credit
6174,135,8680,6,2024-02-14 16:56:00,5.78,0.35,6.13,mobile
6175,215,8681,14,2024-02-14 10:59:00,29.94,1.8,31.74,mobile
6176,1,8682,11,2024-02-14 10:41:00,6.3,0.38,6.68,debit
6177,98,8683,14,2024-02-14 16:35:00,13.5,0.81,14.31,mobile
6178,105,8685,13,2024-02-15 12:19:00,6.0,0.36,6.36,debit
6179,24,8686,11,2024-02-15 11:29:00,4.73,0.28,5.01,credit
6180,2,8687,3,2024-02-15 11:36:00,7.03,0.42,7.45,credit
6181,96,8689,2,2024-02-15 16:58:00,19.21,1.15,20.36,debit
6182,165,8690,7,2024-02-15 16:59:00,5.78,0.35,6.13,mobile
6183,182,8692,2,2024-02-15 15:59:00,13.66,0.82,14.48,credit
6184,63,8693,3,2024-02-15 14:59:00,22.0,1.32,23.32,mobile
6185,27,8694,13,2024-02-16 12:29:00,7.51,0.45,7.96,credit
6186,48,8696,3,2024-02-16 13:42:00,39.1,2.35,41.45,mobile
6187,234,8699,3,2024-02-16 09:30:00,7.6,0.46,8.06,credit
6188,105,8700,6,2024-02-16 10:28:00,5.78,0.35,6.13,credit
6189,114,8701,5,2024-02-16 12:15:00,9.8,0.59,10.39,debit
6190,233,8702,6,2024-02-16 14:59:00,6.3,0.38,6.68,mobile
6191,217,8703,14,2024-02-16 13:18:00,5.53,0.33,5.86,credit
6192,73,8705,13,2024-02-16 10:13:00,7.0,0.42,7.42,credit
6193,74,8709,5,2024-02-16 11:33:00,4.5,0.27,4.77,credit
6194,160,8710,12,2024-02-16 09:25:00,25.56,1.53,27.09,mobile
6195,237,8711,1,2024-02-17 15:28:00,6.3,0.38,6.68,credit
6196,96,8712,4,2024-02-17 11:57:00,7.45,0.45,7.9,credit
6197,48,8713,11,2024-02-17 09:59:00,4.0,0.24,4.24,mobile
6198,15,8714,5,2024-02-17 16:23:00,19.56,1.17,20.73,mobile
6199,44,8715,11,2024-02-17 15:59:00,5.78,0.35,6.13,mobile
6200,206,8716,5,2024-02-17 09:59:00,8.95,0.54,9.49,credit
6201,8,8717,7,2024-02-17 09:14:00,13.57,0.81,14.38,credit
6202,64,8719,4,2024-02-17 11:28:00,13.75,0.82,14.57,mobile
6203,231,8721,1,2024-02-17 09:56:00,15.05,0.9,15.95,credit
6204,2,8722,5,2024-02-17 13:57:00,40.55,2.43,42.98,mobile
6205,111,8723,4,2024-02-17 15:55:00,6.3,0.38,6.68,mobile
6206,70,8724,4,2024-02-17 16:43:00,6.16,0.37,6.53,mobile
6207,76,8726,1,2024-02-17 11:33:00,14.3,0.86,15.16,mobile
6208,219,8727,14,2024-02-17 16:58:00,4.0,0.24,4.24,debit
6209,91,8728,1,2024-02-18 12:14:00,9.0,0.54,9.54,credit
6210,155,8729,5,2024-02-18 12:59:00,4.45,0.27,4.72,credit
6211,46,8731,10,2024-02-18 14:59:00,6.3,0.38,6.68,debit
6212,115,8732,4,2024-02-18 14:34:00,3.5,0.21,3.71,credit
6213,44,8733,11,2024-02-18 12:25:00,4.73,0.28,5.01,mobile
6214,179,8734,10,2024-02-18 13:59:00,24.61,1.48,26.09,credit
6215,73,8735,3,2024-02-18 09:21:00,32.9,1.97,34.87,mobile
6216,83,8736,3,2024-02-18 10:48:00,4.63,0.28,4.91,credit
6217,193,8738,3,2024-02-18 16:40:00,14.5,0.87,15.37,debit
6218,233,8740,7,2024-02-18 09:54:00,5.25,0.32,5.57,debit
6219,23,8741,10,2024-02-19 11:31:00,33.56,2.01,35.57,mobile
6220,86,8744,10,2024-02-19 11:29:00,28.36,1.7,30.06,mobile
6221,223,8746,1,2024-02-19 16:59:00,44.3,2.66,46.96,debit
6222,227,8747,14,2024-02-19 10:45:00,5.25,0.32,5.57,credit
6223,160,8748,10,2024-02-19 12:43:00,13.73,0.82,14.55,credit
6224,1,8750,6,2024-02-19 16:58:00,19.0,1.14,20.14,mobile
6225,77,8751,6,2024-02-20 10:13:00,6.5,0.39,6.89,debit
6226,173,8752,11,2024-02-20 11:36:00,27.98,1.68,29.66,credit
6227,27,8753,6,2024-02-20 10:52:00,6.46,0.39,6.85,credit
6228,75,8754,5,2024-02-20 13:21:00,13.13,0.79,13.92,credit
6229,231,8755,13,2024-02-20 11:59:00,4.0,0.24,4.24,mobile
6230,64,8756,4,2024-02-20 12:43:00,38.75,2.32,41.07,credit
6231,39,8759,1,2024-02-20 10:44:00,4.0,0.24,4.24,mobile
6232,6,8761,2,2024-02-20 12:59:00,6.3,0.38,6.68,mobile
6233,91,8762,1,2024-02-20 15:45:00,11.56,0.69,12.25,credit
6234,215,8763,14,2024-02-20 14:26:00,9.8,0.59,10.39,mobile
6235,26,8768,1,2024-02-20 16:29:00,7.77,0.47,8.24,credit
6236,181,8771,6,2024-02-20 11:13:00,4.0,0.24,4.24,mobile
6237,8,8772,11,2024-02-20 16:59:00,16.93,1.02,17.95,debit
6238,160,8773,5,2024-02-21 10:39:00,4.73,0.28,5.01,debit
6239,25,8774,14,2024-02-21 10:42:00,19.0,1.14,20.14,debit
6240,236,8775,4,2024-02-21 11:40:00,4.73,0.28,5.01,mobile
6241,155,8779,12,2024-02-21 13:49:00,18.95,1.14,20.09,debit
6242,184,8780,11,2024-02-21 10:16:00,7.78,0.47,8.25,mobile
6243,110,8782,5,2024-02-21 11:30:00,4.73,0.28,5.01,credit
6244,56,8783,14,2024-02-21 15:59:00,7.71,0.46,8.17,credit
6245,242,8785,5,2024-02-22 09:32:00,34.36,2.06,36.42,credit
6246,3,8786,5,2024-02-22 15:38:00,36.78,2.21,38.99,credit
6247,91,8787,4,2024-02-22 09:59:00,3.5,0.21,3.71,credit
6248,6,8789,14,2024-02-22 16:58:00,15.0,0.9,15.9,credit
6249,111,8791,12,2024-02-22 13:59:00,10.3,0.62,10.92,credit
6250,148,8792,5,2024-02-22 13:18:00,11.5,0.69,12.19,mobile
6251,155,8793,11,2024-02-22 15:59:00,18.05,1.08,19.13,debit
6252,181,8794,7,2024-02-22 13:29:00,3.5,0.21,3.71,mobile
6253,103,8795,5,2024-02-22 10:33:00,10.9,0.65,11.55,debit
6254,34,8796,13,2024-02-22 14:13:00,7.61,0.46,8.07,debit
6255,135,8797,13,2024-02-22 15:10:00,4.73,0.28,5.01,credit
6256,107,8798,13,2024-02-22 16:57:00,8.24,0.49,8.73,credit
6257,155,8801,10,2024-02-22 12:14:00,7.95,0.48,8.43,debit
6258,238,8802,2,2024-02-22 10:19:00,5.84,0.35,6.19,credit
6259,219,8803,13,2024-02-23 09:59:00,6.5,0.39,6.89,credit
6260,26,8804,13,2024-02-23 16:18:00,23.35,1.4,24.75,mobile
6261,110,8805,11,2024-02-23 13:51:00,30.8,1.85,32.65,credit
6262,27,8807,10,2024-02-23 11:56:00,6.46,0.39,6.85,mobile
6263,51,8808,4,2024-02-23 15:59:00,5.78,0.35,6.13,credit
6264,51,8810,1,2024-02-23 14:52:00,18.5,1.11,19.61,credit
6265,23,8811,10,2024-02-23 09:59:00,12.78,0.77,13.55,credit
6266,182,8813,7,2024-02-23 15:29:00,43.26,2.6,45.86,credit
6267,44,8814,1,2024-02-23 12:40:00,3.0,0.18,3.18,mobile
6268,56,8815,1,2024-02-23 15:45:00,4.71,0.28,4.99,credit
6269,160,8817,1,2024-02-23 15:47:00,8.73,0.52,9.25,debit
6270,172,8819,12,2024-02-23 11:55:00,11.5,0.69,12.19,mobile
6271,238,8820,2,2024-02-23 15:43:00,10.34,0.62,10.96,credit
6272,42,8822,1,2024-02-23 15:57:00,17.43,1.05,18.48,debit
6273,198,8824,7,2024-02-23 11:20:00,20.06,1.2,21.26,credit
6274,77,8826,12,2024-02-24 10:57:00,3.5,0.21,3.71,debit
6275,155,8828,4,2024-02-24 12:59:00,15.48,0.93,16.41,credit
6276,48,8832,6,2024-02-24 11:39:00,4.0,0.24,4.24,mobile
6277,5,8833,10,2024-02-24 10:59:00,5.78,0.35,6.13,mobile
6278,108,8834,1,2024-02-24 13:56:00,5.78,0.35,6.13,mobile
6279,3,8836,11,2024-02-24 12:10:00,12.6,0.76,13.36,mobile
6280,154,8838,7,2024-02-24 10:59:00,7.0,0.42,7.42,mobile
6281,83,8840,3,2024-02-24 12:29:00,19.13,1.15,20.28,debit
6282,5,8842,14,2024-02-24 15:58:00,10.0,0.6,10.6,mobile
6283,138,8843,4,2024-02-24 16:36:00,6.3,0.38,6.68,mobile
6284,2,8844,14,2024-02-24 16:17:00,5.75,0.34,6.09,credit
6285,2,8846,4,2024-02-24 13:59:00,17.25,1.03,18.28,mobile
6286,103,8847,4,2024-02-25 16:29:00,7.74,0.46,8.2,mobile
6287,217,8848,3,2024-02-25 09:55:00,10.49,0.63,11.12,credit
6288,110,8849,10,2024-02-25 14:59:00,4.73,0.28,5.01,debit
6289,143,8850,6,2024-02-25 11:29:00,4.0,0.24,4.24,credit
6290,52,8851,10,2024-02-25 09:59:00,4.73,0.28,5.01,credit
6291,126,8853,14,2024-02-25 16:55:00,10.5,0.63,11.13,mobile
6292,52,8854,4,2024-02-25 10:39:00,6.5,0.39,6.89,credit
6293,98,8855,1,2024-02-25 11:44:00,3.5,0.21,3.71,mobile
6294,237,8859,6,2024-02-25 13:44:00,9.5,0.57,10.07,mobile
6295,215,8860,5,2024-02-25 16:55:00,7.0,0.42,7.42,mobile
6296,67,8861,10,2024-02-25 13:59:00,13.8,0.83,14.63,mobile
6297,52,8862,6,2024-02-25 11:53:00,4.0,0.24,4.24,mobile
6298,192,8865,2,2024-02-25 13:43:00,13.78,0.83,14.61,mobile
6299,92,8866,5,2024-02-25 13:56:00,3.5,0.21,3.71,credit
6300,71,8867,7,2024-02-25 14:14:00,18.03,1.08,19.11,mobile
6301,74,8868,4,2024-02-26 16:42:00,4.0,0.24,4.24,debit
6302,91,8869,3,2024-02-26 14:13:00,4.73,0.28,5.01,credit
6303,86,8870,11,2024-02-26 15:45:00,6.3,0.38,6.68,mobile
6304,134,8871,7,2024-02-26 13:59:00,10.0,0.6,10.6,credit
6305,15,8874,11,2024-02-26 15:20:00,6.3,0.38,6.68,credit
6306,111,8875,6,2024-02-26 13:22:00,17.53,1.05,18.58,mobile
6307,231,8877,6,2024-02-26 10:59:00,28.88,1.73,30.61,credit
6308,189,8880,1,2024-02-26 11:27:00,12.6,0.76,13.36,mobile
6309,59,8882,12,2024-02-26 13:14:00,6.1,0.37,6.47,debit
6310,161,8884,10,2024-02-27 11:59:00,26.37,1.58,27.95,debit
6311,105,8885,7,2024-02-27 09:28:00,25.78,1.55,27.33,mobile
6312,10,8886,14,2024-02-27 12:59:00,30.15,1.81,31.96,credit
6313,233,8887,12,2024-02-27 10:18:00,12.5,0.75,13.25,mobile
6314,168,8888,1,2024-02-27 13:45:00,5.66,0.34,6.0,debit
6315,108,8889,12,2024-02-27 12:40:00,7.0,0.42,7.42,mobile
6316,122,8890,4,2024-02-27 12:55:00,6.3,0.38,6.68,credit
6317,195,8891,5,2024-02-27 14:59:00,7.45,0.45,7.9,credit
6318,235,8892,7,2024-02-27 10:56:00,7.0,0.42,7.42,mobile
6319,233,8894,4,2024-02-27 14:44:00,9.98,0.6,10.58,credit
6320,23,8895,1,2024-02-27 10:59:00,4.0,0.24,4.24,mobile
6321,162,8896,6,2024-02-27 15:56:00,22.49,1.35,23.84,credit
6322,219,8897,6,2024-02-27 16:52:00,6.5,0.39,6.89,mobile
6323,195,8898,4,2024-02-27 14:27:00,13.45,0.81,14.26,credit
6324,186,8899,3,2024-02-28 16:45:00,18.3,1.1,19.4,mobile
6325,171,8900,3,2024-02-28 12:59:00,38.07,2.28,40.35,credit
6326,7,8901,2,2024-02-28 15:19:00,21.25,1.27,22.52,credit
6327,100,8902,13,2024-02-28 11:18:00,5.3,0.32,5.62,debit
6328,11,8903,5,2024-02-28 09:44:00,6.5,0.39,6.89,credit
6329,138,8904,12,2024-02-28 09:47:00,10.0,0.6,10.6,mobile
6330,5,8906,4,2024-02-28 09:38:00,4.0,0.24,4.24,debit
6331,143,8907,13,2024-02-28 16:46:00,5.25,0.32,5.57,debit
6332,64,8908,5,2024-02-28 12:53:00,7.45,0.45,7.9,debit
6333,27,8909,7,2024-02-28 11:25:00,18.55,1.11,19.66,credit
6334,224,8910,3,2024-02-28 13:56:00,5.25,0.32,5.57,credit
6335,69,8911,10,2024-02-28 10:16:00,16.0,0.96,16.96,mobile
6336,91,8913,2,2024-02-28 13:59:00,28.05,1.68,29.73,mobile
6337,64,8914,1,2024-02-28 11:59:00,5.15,0.31,5.46,mobile
6338,194,8915,14,2024-02-28 16:18:00,5.25,0.32,5.57,credit
6339,106,8917,3,2024-02-28 10:59:00,11.55,0.69,12.24,debit
6340,207,8918,10,2024-02-28 10:59:00,4.0,0.24,4.24,debit
6341,123,8919,3,2024-02-28 10:59:00,4.73,0.28,5.01,mobile
6342,160,8920,12,2024-02-28 16:37:00,6.5,0.39,6.89,credit
6343,201,8921,6,2024-02-28 11:30:00,5.78,0.35,6.13,credit
6344,43,8923,1,2024-02-29 12:45:00,10.0,0.6,10.6,credit
6345,149,8924,6,2024-02-29 11:52:00,5.02,0.3,5.32,credit
6346,135,8925,2,2024-02-29 11:59:00,4.5,0.27,4.77,credit
6347,165,8927,14,2024-02-29 09:41:00,3.0,0.18,3.18,mobile
6348,165,8928,14,2024-02-29 10:42:00,6.3,0.38,6.68,mobile
6349,44,8929,12,2024-02-29 10:52:00,13.78,0.83,14.61,mobile
6350,143,8931,12,2024-02-29 10:34:00,3.5,0.21,3.71,mobile
6351,35,8932,6,2024-02-29 14:40:00,8.0,0.48,8.48,credit
6352,30,8937,3,2024-02-29 10:26:00,8.87,0.53,9.4,mobile
6353,27,8938,1,2024-02-29 13:30:00,15.44,0.93,16.37,debit
6354,219,8939,1,2024-02-29 09:25:00,8.0,0.48,8.48,debit
6355,47,8940,7,2024-02-29 15:42:00,4.0,0.24,4.24,mobile
6356,186,8941,10,2024-02-29 13:44:00,4.5,0.27,4.77,mobile
6357,179,8942,13,2024-02-29 09:59:00,6.89,0.41,7.3,debit
6358,91,8943,6,2024-03-01 10:59:00,20.3,1.22,21.52,credit
6359,60,8946,14,2024-03-01 12:51:00,3.5,0.21,3.71,debit
6360,154,8947,1,2024-03-01 10:55:00,5.25,0.32,5.57,mobile
6361,42,8948,4,2024-03-01 15:37:00,5.65,0.34,5.99,mobile
6362,1,8949,6,2024-03-01 10:40:00,17.5,1.05,18.55,mobile
6363,100,8950,3,2024-03-01 15:45:00,10.8,0.65,11.45,credit
6364,60,8951,10,2024-03-01 16:42:00,20.53,1.23,21.76,mobile
6365,128,8952,12,2024-03-01 10:33:00,21.26,1.28,22.54,mobile
6366,8,8954,6,2024-03-01 11:58:00,16.75,1.0,17.75,credit
6367,107,8956,5,2024-03-01 14:45:00,8.76,0.53,9.29,mobile
6368,20,8957,13,2024-03-02 11:58:00,5.78,0.35,6.13,debit
6369,196,8958,6,2024-03-02 12:17:00,19.0,1.14,20.14,debit
6370,143,8960,11,2024-03-02 15:22:00,6.5,0.39,6.89,debit
6371,135,8961,6,2024-03-02 13:55:00,6.3,0.38,6.68,credit
6372,2,8962,4,2024-03-02 10:36:00,7.55,0.45,8.0,mobile
6373,224,8963,5,2024-03-02 14:59:00,10.0,0.6,10.6,credit
6374,7,8964,6,2024-03-02 15:27:00,6.5,0.39,6.89,debit
6375,48,8965,10,2024-03-02 11:56:00,37.78,2.27,40.05,credit
6376,93,8967,4,2024-03-02 10:42:00,3.5,0.21,3.71,debit
6377,27,8968,7,2024-03-02 10:11:00,7.71,0.46,8.17,mobile
6378,29,8969,11,2024-03-02 11:41:00,3.0,0.18,3.18,credit
6379,3,8970,12,2024-03-02 16:38:00,8.0,0.48,8.48,mobile
6380,7,8972,1,2024-03-02 11:59:00,12.0,0.72,12.72,debit
6381,46,8973,10,2024-03-02 15:21:00,7.0,0.42,7.42,credit
6382,143,8974,4,2024-03-02 10:12:00,19.56,1.17,20.73,mobile
6383,20,8975,7,2024-03-03 10:15:00,22.05,1.32,23.37,credit
6384,2,8976,4,2024-03-03 12:54:00,7.55,0.45,8.0,mobile
6385,165,8978,2,2024-03-03 11:59:00,10.3,0.62,10.92,credit
6386,120,8979,5,2024-03-03 10:44:00,6.09,0.37,6.46,mobile
6387,3,8980,3,2024-03-03 14:57:00,4.0,0.24,4.24,mobile
6388,143,8981,6,2024-03-03 12:26:00,22.28,1.34,23.62,mobile
6389,44,8982,14,2024-03-03 13:56:00,25.5,1.53,27.03,credit
6390,91,8983,14,2024-03-03 13:59:00,7.0,0.42,7.42,mobile
6391,97,8984,2,2024-03-03 16:38:00,34.5,2.07,36.57,debit
6392,71,8986,14,2024-03-03 16:33:00,10.0,0.6,10.6,mobile
6393,2,8991,7,2024-03-03 16:59:00,45.81,2.75,48.56,credit
6394,105,8994,11,2024-03-03 14:59:00,6.5,0.39,6.89,credit
6395,159,8995,13,2024-03-03 14:15:00,10.51,0.63,11.14,mobile
6396,182,8996,7,2024-03-03 10:44:00,7.16,0.43,7.59,mobile
6397,191,8998,12,2024-03-03 13:22:00,24.75,1.48,26.23,mobile
6398,126,8999,13,2024-03-03 12:59:00,11.56,0.69,12.25,credit
6399,157,9000,7,2024-03-03 09:26:00,5.25,0.32,5.57,credit
6400,186,9001,1,2024-03-03 09:45:00,32.0,1.92,33.92,mobile
6401,29,9002,1,2024-03-03 15:59:00,4.0,0.24,4.24,debit
6402,189,9004,5,2024-03-04 15:14:00,5.78,0.35,6.13,credit
6403,91,9005,1,2024-03-04 12:11:00,8.0,0.48,8.48,credit
6404,232,9006,1,2024-03-04 09:10:00,29.79,1.79,31.58,debit
6405,53,9008,11,2024-03-04 15:45:00,9.59,0.58,10.17,credit
6406,13,9010,7,2024-03-04 15:59:00,15.0,0.9,15.9,mobile
6407,219,9011,1,2024-03-04 11:48:00,6.5,0.39,6.89,debit
6408,69,9012,11,2024-03-04 09:20:00,5.78,0.35,6.13,mobile
6409,108,9013,1,2024-03-04 13:29:00,5.78,0.35,6.13,credit
6410,2,9016,1,2024-03-04 13:51:00,16.25,0.97,17.22,debit
6411,111,9017,3,2024-03-05 15:25:00,11.55,0.69,12.24,credit
6412,225,9020,14,2024-03-05 11:59:00,13.5,0.81,14.31,credit
6413,143,9021,14,2024-03-05 10:55:00,6.5,0.39,6.89,debit
6414,4,9024,6,2024-03-05 15:43:00,12.09,0.73,12.82,mobile
6415,242,9025,11,2024-03-05 12:41:00,20.5,1.23,21.73,mobile
6416,206,9026,6,2024-03-05 16:53:00,6.65,0.4,7.05,credit
6417,107,9027,3,2024-03-05 10:40:00,11.96,0.72,12.68,credit
6418,238,9030,7,2024-03-05 14:59:00,20.12,1.21,21.33,credit
6419,59,9031,5,2024-03-05 14:29:00,18.2,1.09,19.29,debit
6420,159,9033,3,2024-03-05 10:22:00,12.01,0.72,12.73,credit
6421,1,9034,10,2024-03-05 11:16:00,5.25,0.32,5.57,credit
6422,207,9037,6,2024-03-05 11:59:00,8.0,0.48,8.48,credit
6423,71,9039,4,2024-03-05 16:32:00,10.0,0.6,10.6,credit
6424,215,9040,13,2024-03-05 11:35:00,8.5,0.51,9.01,mobile
6425,248,9041,12,2024-03-06 10:10:00,4.0,0.24,4.24,mobile
6426,195,9043,10,2024-03-06 12:30:00,9.45,0.57,10.02,credit
6427,52,9046,1,2024-03-06 10:42:00,8.0,0.48,8.48,mobile
6428,207,9047,6,2024-03-06 12:59:00,9.46,0.57,10.03,credit
6429,237,9048,13,2024-03-06 11:37:00,19.78,1.19,20.97,debit
6430,8,9053,12,2024-03-06 09:13:00,3.97,0.24,4.21,debit
6431,89,9054,4,2024-03-06 11:52:00,10.0,0.6,10.6,credit
6432,2,9055,2,2024-03-06 15:57:00,4.75,0.28,5.03,mobile
6433,93,9057,4,2024-03-06 16:28:00,48.56,2.91,51.47,mobile
6434,174,9058,13,2024-03-06 14:50:00,6.74,0.4,7.14,mobile
6435,194,9061,5,2024-03-07 16:27:00,30.56,1.83,32.39,credit
6436,1,9062,4,2024-03-07 11:42:00,13.78,0.83,14.61,credit
6437,1,9064,7,2024-03-07 09:55:00,25.58,1.53,27.11,credit
6438,75,9068,5,2024-03-07 16:50:00,33.82,2.03,35.85,credit
6439,99,9069,2,2024-03-07 09:34:00,21.9,1.31,23.21,debit
6440,155,9070,5,2024-03-07 13:15:00,6.7,0.4,7.1,credit
6441,126,9071,2,2024-03-07 10:55:00,4.5,0.27,4.77,mobile
6442,4,9073,11,2024-03-07 09:10:00,6.31,0.38,6.69,mobile
6443,73,9074,4,2024-03-07 09:29:00,16.5,0.99,17.49,mobile
6444,39,9075,13,2024-03-07 11:25:00,14.3,0.86,15.16,credit
6445,41,9076,2,2024-03-07 12:57:00,26.75,1.6,28.35,mobile
6446,11,9077,4,2024-03-07 13:43:00,7.0,0.42,7.42,credit
6447,98,9079,6,2024-03-07 10:29:00,5.25,0.32,5.57,credit
6448,106,9082,12,2024-03-07 13:28:00,26.75,1.6,28.35,debit
6449,136,9083,3,2024-03-07 10:16:00,9.5,0.57,10.07,credit
6450,2,9084,13,2024-03-07 13:59:00,9.25,0.55,9.8,credit
6451,2,9085,6,2024-03-08 11:59:00,7.75,0.46,8.21,credit
6452,41,9086,2,2024-03-08 16:58:00,8.0,0.48,8.48,credit
6453,101,9088,10,2024-03-08 10:56:00,32.5,1.95,34.45,credit
6454,92,9089,6,2024-03-08 13:54:00,15.0,0.9,15.9,mobile
6455,103,9090,2,2024-03-08 13:52:00,5.44,0.33,5.77,credit
6456,61,9091,4,2024-03-08 11:19:00,3.5,0.21,3.71,credit
6457,206,9094,7,2024-03-08 14:56:00,9.65,0.58,10.23,credit
6458,6,9095,1,2024-03-08 12:59:00,5.25,0.32,5.57,credit
6459,148,9096,13,2024-03-08 13:47:00,4.5,0.27,4.77,mobile
6460,162,9098,4,2024-03-08 16:55:00,7.42,0.45,7.87,mobile
6461,196,9101,3,2024-03-08 10:59:00,6.3,0.38,6.68,credit
6462,186,9102,11,2024-03-08 15:59:00,36.75,2.21,38.96,debit
6463,172,9103,7,2024-03-08 13:20:00,31.56,1.89,33.45,mobile
6464,111,9105,4,2024-03-08 14:22:00,10.0,0.6,10.6,debit
6465,23,9106,12,2024-03-08 10:59:00,6.5,0.39,6.89,credit
6466,155,9109,3,2024-03-08 14:43:00,5.45,0.33,5.78,mobile
6467,11,9110,11,2024-03-08 13:21:00,35.86,2.15,38.01,mobile
6468,1,9111,14,2024-03-08 09:54:00,3.5,0.21,3.71,mobile
6469,139,9112,14,2024-03-08 10:56:00,5.78,0.35,6.13,mobile
6470,215,9115,3,2024-03-09 10:58:00,3.0,0.18,3.18,credit
6471,193,9116,7,2024-03-09 12:13:00,4.5,0.27,4.77,credit
6472,231,9117,11,2024-03-09 16:36:00,19.78,1.19,20.97,debit
6473,14,9119,2,2024-03-09 11:58:00,11.33,0.68,12.01,credit
6474,233,9121,5,2024-03-09 15:30:00,23.8,1.43,25.23,credit
6475,236,9122,10,2024-03-09 09:58:00,26.6,1.6,28.2,mobile
6476,2,9123,3,2024-03-09 10:59:00,9.25,0.55,9.8,credit
6477,199,9125,11,2024-03-09 12:27:00,8.23,0.49,8.72,debit
6478,59,9127,6,2024-03-09 13:59:00,7.38,0.44,7.82,credit
6479,126,9128,6,2024-03-09 12:48:00,16.3,0.98,17.28,credit
6480,229,9129,2,2024-03-09 09:42:00,17.02,1.02,18.04,mobile
6481,34,9132,12,2024-03-09 09:30:00,11.09,0.67,11.76,credit
6482,98,9133,5,2024-03-09 16:50:00,4.5,0.27,4.77,debit
6483,179,9136,11,2024-03-09 11:14:00,5.61,0.34,5.95,mobile
6484,233,9137,11,2024-03-09 13:59:00,4.0,0.24,4.24,mobile
6485,24,9138,3,2024-03-09 11:40:00,6.3,0.38,6.68,mobile
6486,231,9139,4,2024-03-09 15:19:00,3.5,0.21,3.71,credit
6487,148,9140,4,2024-03-09 10:59:00,4.73,0.28,5.01,credit
6488,5,9143,11,2024-03-09 14:46:00,7.0,0.42,7.42,debit
6489,122,9145,7,2024-03-09 14:54:00,4.0,0.24,4.24,mobile
6490,165,9147,14,2024-03-09 13:59:00,4.0,0.24,4.24,mobile
6491,4,9148,14,2024-03-09 13:51:00,7.36,0.44,7.8,mobile
6492,113,9149,10,2024-03-09 10:59:00,5.78,0.35,6.13,credit
6493,69,9150,10,2024-03-09 10:56:00,19.6,1.18,20.78,credit
6494,236,9151,2,2024-03-09 09:55:00,4.5,0.27,4.77,mobile
6495,91,9152,2,2024-03-09 12:59:00,19.0,1.14,20.14,credit
6496,131,9155,3,2024-03-10 15:59:00,3.0,0.18,3.18,mobile
6497,1,9156,13,2024-03-10 10:18:00,5.78,0.35,6.13,credit
6498,107,9157,12,2024-03-10 10:59:00,22.96,1.38,24.34,credit
6499,8,9158,7,2024-03-10 14:45:00,7.27,0.44,7.71,mobile
6500,162,9159,6,2024-03-10 11:44:00,27.2,1.63,28.83,credit
6501,48,9160,3,2024-03-10 13:15:00,15.0,0.9,15.9,credit
6502,134,9161,12,2024-03-10 10:59:00,27.5,1.65,29.15,mobile
6503,135,9162,4,2024-03-10 11:59:00,10.0,0.6,10.6,debit
6504,217,9163,10,2024-03-10 14:47:00,35.6,2.14,37.74,debit
6505,56,9165,13,2024-03-10 16:48:00,10.71,0.64,11.35,credit
6506,134,9166,1,2024-03-10 13:37:00,32.8,1.97,34.77,credit
6507,93,9168,13,2024-03-10 13:40:00,10.0,0.6,10.6,credit
6508,242,9169,12,2024-03-10 13:50:00,19.5,1.17,20.67,mobile
6509,3,9170,13,2024-03-10 15:59:00,3.5,0.21,3.71,credit
6510,155,9172,1,2024-03-10 10:47:00,5.45,0.33,5.78,credit
6511,10,9174,5,2024-03-10 11:40:00,4.35,0.26,4.61,mobile
6512,38,9175,11,2024-03-11 12:56:00,7.65,0.46,8.11,credit
6513,155,9176,13,2024-03-11 15:37:00,17.51,1.05,18.56,debit
6514,119,9177,11,2024-03-11 09:59:00,19.78,1.19,20.97,mobile
6515,86,9178,3,2024-03-11 09:59:00,4.0,0.24,4.24,credit
6516,23,9179,5,2024-03-11 13:59:00,5.25,0.32,5.57,credit
6517,3,9180,12,2024-03-11 14:11:00,33.8,2.03,35.83,mobile
6518,227,9181,11,2024-03-11 14:16:00,24.28,1.46,25.74,debit
6519,48,9182,14,2024-03-11 10:59:00,5.25,0.32,5.57,credit
6520,185,9183,10,2024-03-11 15:33:00,4.0,0.24,4.24,credit
6521,112,9184,13,2024-03-11 16:55:00,17.66,1.06,18.72,credit
6522,236,9185,10,2024-03-11 10:28:00,6.3,0.38,6.68,mobile
6523,47,9186,2,2024-03-11 11:52:00,5.78,0.35,6.13,credit
6524,155,9189,5,2024-03-11 12:10:00,13.95,0.84,14.79,credit
6525,232,9190,2,2024-03-11 12:36:00,4.98,0.3,5.28,mobile
6526,133,9191,6,2024-03-11 13:24:00,50.91,3.05,53.96,mobile
6527,184,9193,5,2024-03-12 12:12:00,7.28,0.44,7.72,credit
6528,110,9194,13,2024-03-12 10:45:00,8.0,0.48,8.48,credit
6529,43,9195,5,2024-03-12 12:28:00,29.01,1.74,30.75,mobile
6530,160,9196,1,2024-03-12 15:47:00,6.3,0.38,6.68,credit
6531,4,9197,13,2024-03-12 09:58:00,33.84,2.03,35.87,credit
6532,238,9198,13,2024-03-12 15:56:00,10.34,0.62,10.96,mobile
6533,71,9199,13,2024-03-12 14:44:00,4.5,0.27,4.77,mobile
6534,67,9202,12,2024-03-12 10:21:00,13.5,0.81,14.31,mobile
6535,179,9203,11,2024-03-12 16:40:00,7.41,0.44,7.85,credit
6536,48,9204,5,2024-03-12 14:45:00,6.5,0.39,6.89,debit
6537,218,9205,14,2024-03-12 16:46:00,30.96,1.86,32.82,credit
6538,11,9208,14,2024-03-12 09:59:00,5.25,0.32,5.57,credit
6539,89,9210,6,2024-03-12 11:16:00,22.5,1.35,23.85,credit
6540,107,9211,6,2024-03-13 15:55:00,10.96,0.66,11.62,debit
6541,199,9214,13,2024-03-13 10:55:00,11.23,0.67,11.9,mobile
6542,160,9215,3,2024-03-13 11:42:00,20.5,1.23,21.73,credit
6543,219,9217,4,2024-03-13 14:59:00,8.0,0.48,8.48,credit
6544,111,9218,4,2024-03-13 14:59:00,4.5,0.27,4.77,credit
6545,103,9219,14,2024-03-13 13:13:00,7.22,0.43,7.65,mobile
6546,174,9221,6,2024-03-13 13:30:00,32.52,1.95,34.47,mobile
6547,64,9222,13,2024-03-13 14:27:00,33.63,2.02,35.65,mobile
6548,63,9223,1,2024-03-13 11:28:00,19.0,1.14,20.14,mobile
6549,55,9227,14,2024-03-13 16:59:00,24.22,1.45,25.67,mobile
6550,168,9228,6,2024-03-13 16:47:00,11.16,0.67,11.83,credit
6551,215,9229,14,2024-03-13 11:59:00,5.78,0.35,6.13,debit
6552,208,9231,10,2024-03-13 14:55:00,6.55,0.39,6.94,credit
6553,160,9232,1,2024-03-13 11:35:00,3.0,0.18,3.18,debit
6554,27,9233,2,2024-03-13 10:33:00,9.21,0.55,9.76,debit
6555,55,9234,14,2024-03-13 09:55:00,14.76,0.89,15.65,credit
6556,107,9235,7,2024-03-13 11:40:00,35.46,2.13,37.59,debit
6557,220,9236,1,2024-03-13 13:59:00,9.78,0.59,10.37,credit
6558,101,9237,2,2024-03-13 15:59:00,3.0,0.18,3.18,debit
6559,17,9238,6,2024-03-13 11:46:00,4.5,0.27,4.77,mobile
6560,194,9239,12,2024-03-14 14:32:00,15.0,0.9,15.9,credit
6561,3,9240,11,2024-03-14 14:54:00,10.0,0.6,10.6,debit
6562,218,9241,14,2024-03-14 14:45:00,4.5,0.27,4.77,credit
6563,67,9243,4,2024-03-14 10:28:00,4.0,0.24,4.24,mobile
6564,174,9244,3,2024-03-14 11:23:00,7.74,0.46,8.2,mobile
6565,67,9245,2,2024-03-14 13:12:00,13.78,0.83,14.61,debit
6566,203,9246,14,2024-03-14 11:44:00,17.25,1.03,18.28,credit
6567,218,9247,10,2024-03-14 11:13:00,22.0,1.32,23.32,credit
6568,2,9248,6,2024-03-14 15:29:00,4.25,0.26,4.51,credit
6569,41,9249,1,2024-03-14 11:14:00,13.0,0.78,13.78,credit
6570,194,9250,2,2024-03-14 12:27:00,9.5,0.57,10.07,mobile
6571,165,9251,11,2024-03-14 10:28:00,6.3,0.38,6.68,debit
6572,182,9252,10,2024-03-14 12:35:00,10.16,0.61,10.77,mobile
6573,122,9253,1,2024-03-14 14:31:00,4.5,0.27,4.77,credit
6574,218,9254,13,2024-03-14 10:59:00,10.0,0.6,10.6,credit
6575,3,9255,3,2024-03-15 12:59:00,6.5,0.39,6.89,credit
6576,67,9256,7,2024-03-15 11:26:00,4.5,0.27,4.77,credit
6577,238,9258,10,2024-03-15 13:57:00,8.12,0.49,8.61,credit
6578,190,9263,10,2024-03-15 16:40:00,25.5,1.53,27.03,mobile
6579,224,9264,1,2024-03-15 09:59:00,16.5,0.99,17.49,credit
6580,114,9266,5,2024-03-15 16:11:00,24.5,1.47,25.97,mobile
6581,126,9267,10,2024-03-15 13:54:00,4.0,0.24,4.24,debit
6582,2,9268,13,2024-03-15 16:59:00,39.0,2.34,41.34,debit
6583,242,9270,12,2024-03-15 16:36:00,3.0,0.18,3.18,credit
6584,195,9271,11,2024-03-15 12:45:00,6.95,0.42,7.37,credit
6585,46,9272,4,2024-03-15 11:59:00,37.08,2.22,39.3,credit
6586,238,9274,11,2024-03-15 16:39:00,48.13,2.89,51.02,credit
6587,233,9275,13,2024-03-15 14:27:00,9.25,0.55,9.8,credit
6588,35,9277,7,2024-03-16 14:44:00,4.5,0.27,4.77,mobile
6589,119,9278,4,2024-03-16 11:59:00,23.8,1.43,25.23,mobile
6590,54,9279,11,2024-03-16 13:44:00,5.62,0.34,5.96,debit
6591,105,9283,11,2024-03-16 09:52:00,7.0,0.42,7.42,mobile
6592,74,9284,4,2024-03-16 09:22:00,5.25,0.32,5.57,credit
6593,2,9285,3,2024-03-16 11:27:00,4.75,0.28,5.03,credit
6594,38,9286,12,2024-03-16 13:42:00,29.37,1.76,31.13,debit
6595,5,9288,14,2024-03-16 11:15:00,16.8,1.01,17.81,credit
6596,69,9289,11,2024-03-16 13:28:00,36.81,2.21,39.02,credit
6597,106,9290,2,2024-03-16 13:59:00,3.5,0.21,3.71,credit
6598,238,9292,4,2024-03-16 11:44:00,6.34,0.38,6.72,credit
6599,233,9293,10,2024-03-16 16:49:00,28.5,1.71,30.21,debit
6600,110,9294,7,2024-03-16 11:29:00,6.3,0.38,6.68,credit
6601,240,9295,4,2024-03-16 12:50:00,28.0,1.68,29.68,credit
6602,27,9299,11,2024-03-16 15:29:00,12.77,0.77,13.54,debit
6603,34,9300,5,2024-03-16 15:35:00,5.81,0.35,6.16,credit
6604,135,9301,14,2024-03-16 15:39:00,4.73,0.28,5.01,credit
6605,135,9302,1,2024-03-16 14:35:00,5.78,0.35,6.13,mobile
6606,234,9305,6,2024-03-17 16:59:00,5.3,0.32,5.62,mobile
6607,23,9306,13,2024-03-17 15:59:00,3.0,0.18,3.18,mobile
6608,4,9307,3,2024-03-17 13:50:00,34.66,2.08,36.74,mobile
6609,119,9308,6,2024-03-17 16:15:00,4.73,0.28,5.01,credit
6610,189,9309,6,2024-03-17 13:41:00,12.28,0.74,13.02,mobile
6611,143,9310,7,2024-03-17 12:35:00,13.0,0.78,13.78,credit
6612,86,9311,4,2024-03-17 14:22:00,4.0,0.24,4.24,credit
6613,25,9312,14,2024-03-17 15:15:00,6.5,0.39,6.89,debit
6614,179,9313,13,2024-03-17 10:59:00,6.89,0.41,7.3,credit
6615,179,9314,3,2024-03-17 15:58:00,6.89,0.41,7.3,mobile
6616,240,9315,3,2024-03-17 09:59:00,34.5,2.07,36.57,credit
6617,96,9316,12,2024-03-17 11:45:00,20.15,1.21,21.36,credit
6618,69,9317,6,2024-03-17 14:52:00,13.5,0.81,14.31,credit
6619,48,9318,2,2024-03-17 10:40:00,8.0,0.48,8.48,credit
6620,132,9319,14,2024-03-17 16:59:00,8.0,0.48,8.48,credit
6621,218,9320,12,2024-03-17 12:26:00,11.23,0.67,11.9,credit
6622,155,9321,3,2024-03-17 10:22:00,5.45,0.33,5.78,credit
6623,103,9322,13,2024-03-18 12:35:00,5.44,0.33,5.77,mobile
6624,71,9323,12,2024-03-18 14:59:00,11.5,0.69,12.19,mobile
6625,194,9325,12,2024-03-18 11:58:00,8.0,0.48,8.48,credit
6626,96,9326,1,2024-03-18 09:59:00,4.65,0.28,4.93,mobile
6627,73,9327,13,2024-03-18 10:59:00,6.3,0.38,6.68,credit
6628,48,9328,13,2024-03-18 16:30:00,5.25,0.32,5.57,credit
6629,195,9329,1,2024-03-18 15:59:00,14.51,0.87,15.38,debit
6630,68,9330,11,2024-03-18 16:57:00,7.0,0.42,7.42,credit
6631,182,9332,10,2024-03-18 11:59:00,15.22,0.91,16.13,credit
6632,159,9335,12,2024-03-18 09:47:00,21.51,1.29,22.8,debit
6633,159,9336,6,2024-03-18 09:37:00,7.81,0.47,8.28,credit
6634,64,9337,11,2024-03-18 13:59:00,13.23,0.79,14.02,credit
6635,117,9338,7,2024-03-18 10:39:00,6.3,0.38,6.68,mobile
6636,94,9339,11,2024-03-18 09:55:00,4.0,0.24,4.24,debit
6637,236,9342,5,2024-03-18 11:40:00,4.5,0.27,4.77,credit
6638,197,9343,12,2024-03-18 12:59:00,19.0,1.14,20.14,credit
6639,1,9345,7,2024-03-19 11:59:00,16.0,0.96,16.96,debit
6640,189,9347,13,2024-03-19 13:59:00,19.3,1.16,20.46,credit
6641,5,9348,4,2024-03-19 10:47:00,4.0,0.24,4.24,credit
6642,103,9350,12,2024-03-19 15:56:00,7.22,0.43,7.65,credit
6643,43,9351,1,2024-03-19 11:59:00,20.78,1.25,22.03,credit
6644,76,9352,6,2024-03-19 16:29:00,13.78,0.83,14.61,credit
6645,28,9353,7,2024-03-19 16:18:00,13.42,0.81,14.23,credit
6646,61,9354,1,2024-03-19 16:27:00,4.73,0.28,5.01,credit
6647,52,9355,6,2024-03-19 09:59:00,42.3,2.54,44.84,credit
6648,92,9357,4,2024-03-19 09:51:00,10.0,0.6,10.6,credit
6649,38,9358,11,2024-03-19 10:39:00,5.37,0.32,5.69,credit
6650,89,9359,14,2024-03-19 11:59:00,5.78,0.35,6.13,mobile
6651,52,9361,2,2024-03-20 12:19:00,40.6,2.44,43.04,mobile
6652,47,9362,4,2024-03-20 15:42:00,22.5,1.35,23.85,debit
6653,104,9363,13,2024-03-20 16:57:00,7.58,0.45,8.03,credit
6654,119,9364,2,2024-03-20 11:59:00,4.0,0.24,4.24,credit
6655,135,9365,14,2024-03-20 15:42:00,3.0,0.18,3.18,credit
6656,126,9366,5,2024-03-20 10:36:00,10.0,0.6,10.6,mobile
6657,83,9368,10,2024-03-20 10:59:00,5.13,0.31,5.44,mobile
6658,97,9369,10,2024-03-20 12:29:00,4.5,0.27,4.77,mobile
6659,96,9370,13,2024-03-20 16:38:00,7.45,0.45,7.9,credit
6660,122,9372,10,2024-03-20 10:45:00,11.55,0.69,12.24,credit
6661,222,9373,7,2024-03-20 15:59:00,4.73,0.28,5.01,credit
6662,15,9374,2,2024-03-21 13:50:00,15.0,0.9,15.9,debit
6663,56,9375,3,2024-03-21 16:41:00,10.49,0.63,11.12,mobile
6664,155,9376,14,2024-03-21 12:57:00,7.75,0.46,8.21,mobile
6665,155,9377,7,2024-03-21 10:50:00,5.45,0.33,5.78,credit
6666,27,9378,4,2024-03-21 13:45:00,9.21,0.55,9.76,credit
6667,56,9379,6,2024-03-21 12:25:00,19.59,1.18,20.77,mobile
6668,2,9381,13,2024-03-21 09:56:00,25.53,1.53,27.06,credit
6669,99,9382,1,2024-03-21 09:43:00,11.9,0.71,12.61,mobile
6670,218,9383,7,2024-03-21 15:49:00,8.0,0.48,8.48,mobile
6671,118,9384,7,2024-03-21 14:27:00,8.54,0.51,9.05,credit
6672,122,9385,5,2024-03-21 14:31:00,10.0,0.6,10.6,credit
6673,135,9386,10,2024-03-22 09:29:00,5.78,0.35,6.13,mobile
6674,39,9388,10,2024-03-22 12:36:00,3.5,0.21,3.71,mobile
6675,171,9390,7,2024-03-22 10:56:00,7.0,0.42,7.42,mobile
6676,160,9391,2,2024-03-22 10:42:00,7.0,0.42,7.42,mobile
6677,242,9392,1,2024-03-22 09:59:00,4.0,0.24,4.24,credit
6678,5,9393,14,2024-03-22 13:41:00,8.0,0.48,8.48,debit
6679,3,9394,10,2024-03-22 15:26:00,6.5,0.39,6.89,credit
6680,228,9395,14,2024-03-22 13:59:00,8.9,0.53,9.43,credit
6681,36,9396,2,2024-03-22 09:35:00,7.57,0.45,8.02,credit
6682,160,9398,1,2024-03-23 14:59:00,5.78,0.35,6.13,mobile
6683,70,9400,14,2024-03-23 11:42:00,4.41,0.26,4.67,credit
6684,198,9401,10,2024-03-23 13:31:00,5.25,0.32,5.57,mobile
6685,219,9403,6,2024-03-23 15:25:00,4.0,0.24,4.24,credit
6686,98,9405,1,2024-03-23 15:59:00,4.0,0.24,4.24,mobile
6687,179,9406,14,2024-03-23 10:53:00,4.61,0.28,4.89,credit
6688,2,9408,3,2024-03-23 10:59:00,5.25,0.32,5.57,credit
6689,219,9410,11,2024-03-23 13:59:00,7.0,0.42,7.42,credit
6690,78,9412,10,2024-03-23 13:25:00,8.09,0.49,8.58,mobile
6691,215,9413,7,2024-03-23 12:56:00,23.5,1.41,24.91,credit
6692,91,9414,3,2024-03-23 16:28:00,4.73,0.28,5.01,debit
6693,61,9415,3,2024-03-23 10:59:00,10.0,0.6,10.6,credit
6694,53,9417,6,2024-03-23 12:30:00,5.59,0.34,5.93,mobile
6695,1,9418,14,2024-03-24 13:45:00,15.0,0.9,15.9,credit
6696,100,9419,11,2024-03-24 12:59:00,4.8,0.29,5.09,mobile
6697,4,9420,7,2024-03-24 15:50:00,8.06,0.48,8.54,debit
6698,42,9421,3,2024-03-24 15:45:00,6.15,0.37,6.52,credit
6699,5,9422,5,2024-03-24 16:59:00,45.86,2.75,48.61,debit
6700,236,9423,2,2024-03-24 16:38:00,7.0,0.42,7.42,debit
6701,55,9424,5,2024-03-24 13:24:00,18.76,1.13,19.89,credit
6702,103,9425,3,2024-03-24 10:26:00,22.72,1.36,24.08,credit
6703,179,9427,12,2024-03-24 11:34:00,7.61,0.46,8.07,credit
6704,154,9428,12,2024-03-24 09:57:00,12.6,0.76,13.36,credit
6705,233,9429,1,2024-03-24 09:59:00,10.0,0.6,10.6,credit
6706,24,9430,5,2024-03-24 11:31:00,4.5,0.27,4.77,credit
6707,76,9431,10,2024-03-24 13:23:00,17.5,1.05,18.55,credit
6708,6,9432,14,2024-03-24 13:59:00,5.78,0.35,6.13,mobile
6709,64,9433,1,2024-03-24 14:59:00,5.15,0.31,5.46,mobile
6710,179,9434,2,2024-03-24 09:51:00,11.11,0.67,11.78,credit
6711,36,9435,7,2024-03-24 13:59:00,5.79,0.35,6.14,credit
6712,148,9436,14,2024-03-24 14:56:00,19.23,1.15,20.38,mobile
6713,106,9437,1,2024-03-24 16:18:00,33.0,1.98,34.98,mobile
6714,39,9439,6,2024-03-24 10:47:00,13.3,0.8,14.1,credit
6715,224,9441,4,2024-03-25 11:15:00,5.78,0.35,6.13,credit
6716,35,9442,12,2024-03-25 14:13:00,4.0,0.24,4.24,credit
6717,91,9444,12,2024-03-25 13:19:00,3.0,0.18,3.18,credit
6718,99,9445,14,2024-03-25 16:47:00,29.3,1.76,31.06,credit
6719,155,9446,5,2024-03-25 13:42:00,7.95,0.48,8.43,mobile
6720,27,9447,11,2024-03-25 12:48:00,12.77,0.77,13.54,credit
6721,219,9448,6,2024-03-25 13:23:00,12.6,0.76,13.36,credit
6722,46,9450,7,2024-03-25 11:57:00,6.5,0.39,6.89,mobile
6723,223,9452,3,2024-03-25 15:41:00,19.0,1.14,20.14,credit
6724,179,9453,7,2024-03-25 13:29:00,7.41,0.44,7.85,credit
6725,237,9454,10,2024-03-25 10:59:00,18.0,1.08,19.08,credit
6726,155,9455,3,2024-03-25 10:57:00,32.43,1.95,34.38,credit
6727,1,9456,12,2024-03-25 11:20:00,4.0,0.24,4.24,mobile
6728,78,9458,5,2024-03-26 09:59:00,7.57,0.45,8.02,debit
6729,8,9459,10,2024-03-26 10:59:00,12.53,0.75,13.28,debit
6730,242,9461,13,2024-03-26 13:34:00,25.78,1.55,27.33,credit
6731,101,9464,1,2024-03-26 13:22:00,4.5,0.27,4.77,mobile
6732,46,9465,1,2024-03-26 12:19:00,7.0,0.42,7.42,mobile
6733,204,9466,10,2024-03-26 16:58:00,9.5,0.57,10.07,credit
6734,182,9467,2,2024-03-26 10:59:00,7.16,0.43,7.59,mobile
6735,114,9468,1,2024-03-26 09:59:00,6.5,0.39,6.89,debit
6736,11,9469,13,2024-03-26 15:56:00,6.5,0.39,6.89,credit
6737,94,9470,1,2024-03-26 11:47:00,15.8,0.95,16.75,credit
6738,2,9471,11,2024-03-26 13:24:00,4.25,0.26,4.51,credit
6739,165,9472,13,2024-03-26 10:59:00,8.0,0.48,8.48,credit
6740,99,9473,14,2024-03-26 16:45:00,18.91,1.13,20.04,credit
6741,27,9474,6,2024-03-26 16:59:00,7.51,0.45,7.96,mobile
6742,160,9475,3,2024-03-26 11:43:00,8.73,0.52,9.25,mobile
6743,41,9476,6,2024-03-26 16:48:00,4.73,0.28,5.01,credit
6744,27,9478,1,2024-03-27 13:53:00,12.77,0.77,13.54,credit
6745,155,9479,5,2024-03-27 15:51:00,5.45,0.33,5.78,credit
6746,35,9480,13,2024-03-27 11:59:00,3.0,0.18,3.18,mobile
6747,10,9481,5,2024-03-27 12:59:00,10.13,0.61,10.74,credit
6748,174,9484,4,2024-03-27 14:40:00,25.24,1.51,26.75,credit
6749,53,9485,1,2024-03-27 09:14:00,7.89,0.47,8.36,mobile
6750,168,9486,14,2024-03-27 15:40:00,15.66,0.94,16.6,credit
6751,110,9488,6,2024-03-27 10:35:00,14.5,0.87,15.37,credit
6752,27,9490,13,2024-03-27 15:38:00,7.51,0.45,7.96,debit
6753,176,9491,7,2024-03-27 11:17:00,4.0,0.24,4.24,debit
6754,47,9492,11,2024-03-27 12:44:00,5.78,0.35,6.13,mobile
6755,2,9493,10,2024-03-28 13:35:00,21.53,1.29,22.82,credit
6756,125,9494,3,2024-03-28 11:41:00,7.17,0.43,7.6,debit
6757,194,9495,5,2024-03-28 16:32:00,15.8,0.95,16.75,credit
6758,162,9498,10,2024-03-28 11:59:00,7.42,0.45,7.87,credit
6759,189,9499,1,2024-03-28 12:59:00,7.0,0.42,7.42,debit
6760,74,9500,2,2024-03-28 14:27:00,3.5,0.21,3.71,debit
6761,2,9501,13,2024-03-28 14:59:00,12.81,0.77,13.58,mobile
6762,77,9502,12,2024-03-28 13:29:00,5.78,0.35,6.13,debit
6763,163,9503,13,2024-03-28 15:11:00,11.5,0.69,12.19,credit
6764,13,9504,14,2024-03-28 12:46:00,4.73,0.28,5.01,mobile
6765,61,9505,12,2024-03-29 16:44:00,4.0,0.24,4.24,mobile
6766,228,9506,12,2024-03-29 14:11:00,6.4,0.38,6.78,debit
6767,92,9510,1,2024-03-29 13:25:00,10.0,0.6,10.6,mobile
6768,75,9511,11,2024-03-29 16:58:00,5.57,0.33,5.9,mobile
6769,228,9512,7,2024-03-29 11:39:00,6.4,0.38,6.78,credit
6770,179,9513,7,2024-03-30 15:29:00,5.84,0.35,6.19,credit
6771,240,9514,5,2024-03-30 12:38:00,40.08,2.4,42.48,mobile
6772,7,9515,14,2024-03-30 14:59:00,18.0,1.08,19.08,credit
6773,69,9516,2,2024-03-30 10:26:00,4.0,0.24,4.24,credit
6774,99,9518,12,2024-03-30 14:27:00,7.4,0.44,7.84,mobile
6775,143,9519,1,2024-03-30 13:43:00,13.5,0.81,14.31,credit
6776,44,9520,12,2024-03-30 10:59:00,3.5,0.21,3.71,debit
6777,43,9521,12,2024-03-30 12:56:00,21.05,1.26,22.31,mobile
6778,187,9522,12,2024-03-30 14:59:00,40.25,2.42,42.67,credit
6779,5,9523,12,2024-03-30 09:31:00,17.0,1.02,18.02,debit
6780,36,9524,11,2024-03-30 11:35:00,8.79,0.53,9.32,debit
6781,228,9525,13,2024-03-30 11:59:00,38.4,2.3,40.7,credit
6782,96,9527,7,2024-03-30 11:37:00,26.15,1.57,27.72,debit
6783,160,9528,11,2024-03-30 11:55:00,23.46,1.41,24.87,credit
6784,111,9529,6,2024-03-30 16:59:00,37.5,2.25,39.75,credit
6785,107,9530,3,2024-03-30 13:43:00,6.96,0.42,7.38,mobile
6786,61,9531,2,2024-03-30 16:27:00,5.25,0.32,5.57,credit
6787,174,9532,3,2024-03-30 10:44:00,45.62,2.74,48.36,mobile
6788,179,9533,11,2024-03-30 13:59:00,5.11,0.31,5.42,mobile
6789,171,9534,2,2024-03-30 10:59:00,3.5,0.21,3.71,debit
6790,27,9537,2,2024-03-30 13:42:00,5.21,0.31,5.52,mobile
6791,107,9539,13,2024-03-30 15:36:00,9.46,0.57,10.03,debit
6792,99,9541,5,2024-03-30 13:38:00,28.65,1.72,30.37,mobile
6793,48,9543,14,2024-03-30 14:59:00,11.56,0.69,12.25,credit
6794,96,9545,13,2024-03-30 10:47:00,44.21,2.65,46.86,credit
6795,114,9546,6,2024-03-30 10:59:00,3.0,0.18,3.18,mobile
6796,54,9547,5,2024-03-30 10:40:00,27.12,1.63,28.75,mobile
6797,158,9548,12,2024-03-30 12:28:00,12.78,0.77,13.55,mobile
6798,105,9549,4,2024-03-30 09:53:00,11.56,0.69,12.25,mobile
6799,108,9550,4,2024-03-30 09:22:00,4.0,0.24,4.24,credit
6800,143,9551,10,2024-03-31 10:59:00,7.0,0.42,7.42,debit
6801,179,9552,1,2024-03-31 09:25:00,11.61,0.7,12.31,credit
6802,207,9553,7,2024-03-31 11:41:00,6.3,0.38,6.68,credit
6803,215,9555,10,2024-03-31 13:57:00,7.0,0.42,7.42,mobile
6804,96,9556,1,2024-03-31 14:57:00,8.15,0.49,8.64,credit
6805,209,9557,1,2024-03-31 13:42:00,7.49,0.45,7.94,mobile
6806,230,9558,12,2024-03-31 12:23:00,11.5,0.69,12.19,credit
6807,236,9559,3,2024-03-31 14:32:00,9.46,0.57,10.03,credit
6808,74,9560,1,2024-03-31 16:59:00,5.78,0.35,6.13,debit
6809,248,9564,12,2024-03-31 16:41:00,11.56,0.69,12.25,credit
6810,110,9565,13,2024-03-31 11:18:00,4.0,0.24,4.24,debit
6811,232,9566,12,2024-03-31 11:59:00,16.98,1.02,18.0,mobile
6812,121,9568,3,2024-03-31 15:54:00,4.0,0.24,4.24,credit
6813,42,9571,3,2024-03-31 15:55:00,25.25,1.51,26.76,mobile
6814,96,9573,1,2024-03-31 09:27:00,23.65,1.42,25.07,debit
6815,92,9574,13,2024-03-31 11:59:00,15.8,0.95,16.75,debit
6816,228,9575,13,2024-03-31 15:59:00,40.74,2.44,43.18,credit
6817,228,9576,3,2024-03-31 11:43:00,5.9,0.35,6.25,credit
6818,91,9577,4,2024-03-31 09:59:00,8.75,0.53,9.28,credit
6819,207,9580,2,2024-04-01 11:40:00,5.78,0.35,6.13,credit
6820,110,9581,11,2024-04-01 13:32:00,17.8,1.07,18.87,mobile
6821,170,9582,13,2024-04-01 14:59:00,10.34,0.62,10.96,debit
6822,46,9583,7,2024-04-01 13:48:00,6.5,0.39,6.89,credit
6823,207,9584,3,2024-04-01 11:54:00,7.0,0.42,7.42,mobile
6824,36,9586,2,2024-04-01 10:59:00,7.57,0.45,8.02,credit
6825,5,9589,2,2024-04-01 11:57:00,6.3,0.38,6.68,credit
6826,237,9590,11,2024-04-01 13:59:00,4.73,0.28,5.01,mobile
6827,75,9592,1,2024-04-01 10:57:00,41.57,2.49,44.06,debit
6828,136,9593,2,2024-04-01 09:45:00,17.0,1.02,18.02,mobile
6829,242,9595,3,2024-04-01 15:40:00,5.25,0.32,5.57,mobile
6830,219,9596,14,2024-04-01 14:44:00,42.8,2.57,45.37,mobile
6831,96,9597,10,2024-04-01 10:53:00,17.65,1.06,18.71,debit
6832,1,9598,1,2024-04-01 11:21:00,5.78,0.35,6.13,debit
6833,110,9599,14,2024-04-01 14:45:00,18.0,1.08,19.08,mobile
6834,98,9601,13,2024-04-02 15:30:00,4.0,0.24,4.24,mobile
6835,53,9602,11,2024-04-02 16:59:00,35.62,2.14,37.76,credit
6836,135,9603,6,2024-04-02 15:36:00,4.73,0.28,5.01,mobile
6837,103,9604,13,2024-04-02 09:59:00,4.44,0.27,4.71,mobile
6838,233,9605,5,2024-04-02 09:20:00,3.0,0.18,3.18,credit
6839,5,9606,12,2024-04-02 14:17:00,6.5,0.39,6.89,credit
6840,96,9607,2,2024-04-02 14:59:00,9.15,0.55,9.7,mobile
6841,170,9609,14,2024-04-02 15:44:00,15.9,0.95,16.85,mobile
6842,61,9610,1,2024-04-02 09:38:00,10.0,0.6,10.6,credit
6843,21,9611,12,2024-04-02 09:37:00,9.04,0.54,9.58,mobile
6844,11,9612,5,2024-04-02 13:27:00,13.5,0.81,14.31,credit
6845,98,9613,12,2024-04-02 11:51:00,15.23,0.91,16.14,credit
6846,110,9615,1,2024-04-02 16:42:00,4.5,0.27,4.77,debit
6847,25,9617,14,2024-04-02 16:59:00,38.0,2.28,40.28,mobile
6848,170,9618,1,2024-04-02 13:48:00,7.14,0.43,7.57,credit
6849,107,9619,13,2024-04-02 16:15:00,7.71,0.46,8.17,mobile
6850,74,9621,10,2024-04-02 11:26:00,4.0,0.24,4.24,mobile
6851,143,9623,14,2024-04-02 15:59:00,10.0,0.6,10.6,credit
6852,1,9624,13,2024-04-02 10:51:00,8.0,0.48,8.48,mobile
6853,199,9625,6,2024-04-02 10:45:00,5.96,0.36,6.32,mobile
6854,69,9626,10,2024-04-02 15:59:00,12.78,0.77,13.55,credit
6855,186,9627,2,2024-04-02 15:44:00,4.5,0.27,4.77,credit
6856,240,9628,3,2024-04-02 10:48:00,4.73,0.28,5.01,mobile
6857,103,9629,12,2024-04-03 10:57:00,7.22,0.43,7.65,credit
6858,215,9630,7,2024-04-03 10:35:00,19.0,1.14,20.14,credit
6859,181,9631,6,2024-04-03 12:47:00,8.0,0.48,8.48,mobile
6860,228,9632,14,2024-04-03 11:54:00,10.4,0.62,11.02,credit
6861,35,9633,7,2024-04-03 10:28:00,21.5,1.29,22.79,credit
6862,51,9635,12,2024-04-03 16:15:00,3.0,0.18,3.18,credit
6863,106,9637,11,2024-04-03 16:22:00,14.0,0.84,14.84,mobile
6864,73,9641,12,2024-04-03 14:31:00,4.0,0.24,4.24,credit
6865,101,9642,13,2024-04-03 14:56:00,11.5,0.69,12.19,mobile
6866,108,9643,14,2024-04-03 16:23:00,4.0,0.24,4.24,credit
6867,119,9645,10,2024-04-03 14:10:00,5.78,0.35,6.13,debit
6868,160,9646,11,2024-04-03 15:28:00,8.0,0.48,8.48,mobile
6869,106,9647,3,2024-04-04 11:59:00,21.0,1.26,22.26,credit
6870,215,9648,5,2024-04-04 13:43:00,9.5,0.57,10.07,credit
6871,114,9650,1,2024-04-04 12:10:00,6.5,0.39,6.89,mobile
6872,99,9651,2,2024-04-04 16:40:00,7.4,0.44,7.84,credit
6873,135,9652,10,2024-04-04 11:25:00,38.78,2.33,41.11,credit
6874,192,9654,3,2024-04-04 15:59:00,4.0,0.24,4.24,mobile
6875,96,9656,2,2024-04-04 11:59:00,11.15,0.67,11.82,mobile
6876,36,9657,11,2024-04-04 14:59:00,15.29,0.92,16.21,mobile
6877,75,9659,6,2024-04-04 12:59:00,7.35,0.44,7.79,credit
6878,214,9661,12,2024-04-04 10:38:00,10.0,0.6,10.6,credit
6879,181,9662,14,2024-04-04 15:27:00,3.5,0.21,3.71,credit
6880,43,9663,12,2024-04-04 15:57:00,18.78,1.13,19.91,credit
6881,56,9664,2,2024-04-04 12:11:00,7.51,0.45,7.96,credit
6882,143,9665,14,2024-04-04 09:59:00,41.0,2.46,43.46,mobile
6883,179,9666,6,2024-04-04 13:26:00,14.11,0.85,14.96,mobile
6884,174,9667,11,2024-04-04 12:52:00,17.74,1.06,18.8,mobile
6885,179,9668,1,2024-04-04 09:40:00,5.61,0.34,5.95,mobile
6886,27,9669,12,2024-04-04 15:30:00,21.21,1.27,22.48,credit
6887,27,9672,10,2024-04-04 16:35:00,10.96,0.66,11.62,mobile
6888,219,9673,11,2024-04-04 14:24:00,40.55,2.43,42.98,credit
6889,189,9674,5,2024-04-04 12:59:00,28.5,1.71,30.21,mobile
6890,100,9675,2,2024-04-04 09:58:00,15.08,0.9,15.98,credit
6891,248,9676,10,2024-04-04 09:42:00,10.5,0.63,11.13,credit
6892,150,9679,6,2024-04-05 13:29:00,8.0,0.48,8.48,mobile
6893,7,9680,14,2024-04-05 16:27:00,7.0,0.42,7.42,credit
6894,148,9681,13,2024-04-05 10:36:00,3.5,0.21,3.71,credit
6895,2,9682,10,2024-04-05 15:45:00,36.05,2.16,38.21,credit
6896,189,9684,5,2024-04-05 14:59:00,3.5,0.21,3.71,credit
6897,207,9685,3,2024-04-05 16:59:00,4.0,0.24,4.24,mobile
6898,6,9686,10,2024-04-05 14:56:00,41.8,2.51,44.31,credit
6899,7,9687,3,2024-04-05 10:26:00,3.0,0.18,3.18,mobile
6900,165,9688,6,2024-04-05 16:56:00,6.5,0.39,6.89,credit
6901,26,9691,6,2024-04-05 11:29:00,10.77,0.65,11.42,credit
6902,179,9692,3,2024-04-05 09:20:00,6.89,0.41,7.3,mobile
6903,97,9693,14,2024-04-05 16:35:00,4.0,0.24,4.24,mobile
6904,237,9694,5,2024-04-05 14:43:00,7.0,0.42,7.42,debit
6905,166,9695,1,2024-04-05 13:59:00,5.26,0.32,5.58,mobile
6906,105,9696,13,2024-04-05 11:40:00,12.6,0.76,13.36,credit
6907,5,9698,3,2024-04-05 15:59:00,3.5,0.21,3.71,mobile
6908,191,9699,5,2024-04-06 14:23:00,19.94,1.2,21.14,debit
6909,103,9700,14,2024-04-06 11:53:00,4.94,0.3,5.24,credit
6910,72,9701,7,2024-04-06 11:40:00,9.03,0.54,9.57,credit
6911,186,9703,6,2024-04-06 10:59:00,8.0,0.48,8.48,debit
6912,185,9704,13,2024-04-06 13:55:00,13.5,0.81,14.31,credit
6913,92,9706,14,2024-04-06 10:33:00,5.78,0.35,6.13,mobile
6914,228,9707,7,2024-04-06 15:59:00,33.7,2.02,35.72,mobile
6915,217,9709,13,2024-04-06 16:43:00,4.53,0.27,4.8,credit
6916,123,9710,11,2024-04-06 11:59:00,26.08,1.56,27.64,credit
6917,73,9711,2,2024-04-06 15:43:00,3.5,0.21,3.71,credit
6918,27,9712,3,2024-04-06 16:19:00,7.71,0.46,8.17,credit
6919,238,9713,13,2024-04-06 16:43:00,10.34,0.62,10.96,debit
6920,69,9714,7,2024-04-06 12:55:00,18.0,1.08,19.08,debit
6921,197,9716,3,2024-04-06 13:59:00,9.78,0.59,10.37,mobile
6922,158,9717,5,2024-04-06 15:23:00,37.53,2.25,39.78,debit
6923,107,9719,14,2024-04-06 14:12:00,6.46,0.39,6.85,credit
6924,103,9720,3,2024-04-06 13:59:00,7.22,0.43,7.65,credit
6925,184,9721,10,2024-04-06 16:59:00,9.78,0.59,10.37,credit
6926,208,9722,10,2024-04-06 12:43:00,18.05,1.08,19.13,debit
6927,63,9724,4,2024-04-06 14:19:00,3.5,0.21,3.71,mobile
6928,71,9725,4,2024-04-06 12:12:00,8.78,0.53,9.31,credit
6929,59,9726,13,2024-04-06 16:16:00,31.94,1.92,33.86,credit
6930,101,9727,12,2024-04-06 09:28:00,4.5,0.27,4.77,credit
6931,107,9728,10,2024-04-06 10:55:00,18.46,1.11,19.57,debit
6932,61,9729,7,2024-04-06 10:23:00,13.0,0.78,13.78,credit
6933,174,9730,7,2024-04-06 11:28:00,31.74,1.9,33.64,mobile
6934,37,9732,11,2024-04-06 16:49:00,5.78,0.35,6.13,mobile
6935,155,9733,3,2024-04-06 13:54:00,31.75,1.91,33.66,credit
6936,172,9734,7,2024-04-06 15:51:00,3.0,0.18,3.18,mobile
6937,57,9735,5,2024-04-06 11:33:00,4.0,0.24,4.24,mobile
6938,63,9736,12,2024-04-06 11:16:00,30.03,1.8,31.83,debit
6939,195,9737,14,2024-04-07 14:44:00,33.73,2.02,35.75,credit
6940,162,9738,12,2024-04-07 16:54:00,9.19,0.55,9.74,mobile
6941,138,9739,1,2024-04-07 09:40:00,3.0,0.18,3.18,mobile
6942,186,9741,1,2024-04-07 12:59:00,7.0,0.42,7.42,debit
6943,197,9744,2,2024-04-07 10:55:00,33.03,1.98,35.01,credit
6944,215,9745,11,2024-04-07 16:39:00,23.31,1.4,24.71,credit
6945,55,9747,13,2024-04-07 10:11:00,7.06,0.42,7.48,credit
6946,61,9748,7,2024-04-07 16:54:00,5.78,0.35,6.13,mobile
6947,35,9749,13,2024-04-07 14:32:00,4.0,0.24,4.24,mobile
6948,101,9750,4,2024-04-07 15:58:00,24.85,1.49,26.34,debit
6949,45,9751,5,2024-04-07 12:30:00,5.78,0.35,6.13,mobile
6950,245,9754,14,2024-04-07 16:59:00,22.93,1.38,24.31,mobile
6951,238,9755,3,2024-04-07 16:55:00,8.12,0.49,8.61,mobile
6952,160,9756,2,2024-04-07 14:49:00,4.0,0.24,4.24,credit
6953,27,9757,10,2024-04-07 13:16:00,4.21,0.25,4.46,mobile
6954,27,9758,10,2024-04-07 12:48:00,8.21,0.49,8.7,mobile
6955,135,9759,14,2024-04-07 11:55:00,63.0,3.78,66.78,mobile
6956,26,9761,11,2024-04-07 09:31:00,6.77,0.41,7.18,credit
6957,69,9763,2,2024-04-07 12:17:00,13.73,0.82,14.55,mobile
6958,219,9765,4,2024-04-07 16:59:00,9.0,0.54,9.54,debit
6959,161,9766,13,2024-04-07 16:21:00,6.62,0.4,7.02,credit
6960,186,9767,2,2024-04-07 09:25:00,6.5,0.39,6.89,credit
6961,163,9768,2,2024-04-07 14:59:00,4.0,0.24,4.24,credit
6962,208,9769,13,2024-04-07 16:40:00,15.55,0.93,16.48,credit
6963,51,9770,14,2024-04-07 13:24:00,33.8,2.03,35.83,credit
6964,143,9771,10,2024-04-07 09:59:00,18.9,1.13,20.03,debit
6965,155,9772,7,2024-04-07 15:57:00,9.45,0.57,10.02,credit
6966,11,9773,14,2024-04-07 11:55:00,5.78,0.35,6.13,debit
6967,119,9774,11,2024-04-07 09:40:00,19.08,1.14,20.22,mobile
6968,61,9776,7,2024-04-07 12:20:00,16.0,0.96,16.96,credit
6969,107,9779,13,2024-04-07 11:56:00,11.92,0.72,12.64,mobile
6970,233,9780,11,2024-04-07 09:59:00,19.0,1.14,20.14,debit
6971,240,9781,2,2024-04-07 14:57:00,4.73,0.28,5.01,debit
6972,75,9782,5,2024-04-08 15:59:00,5.57,0.33,5.9,mobile
6973,120,9784,6,2024-04-08 12:38:00,22.09,1.33,23.42,mobile
6974,91,9785,3,2024-04-08 11:38:00,6.5,0.39,6.89,credit
6975,159,9787,5,2024-04-08 13:55:00,17.8,1.07,18.87,credit
6976,67,9788,10,2024-04-08 11:37:00,5.78,0.35,6.13,credit
6977,143,9789,10,2024-04-08 12:59:00,10.0,0.6,10.6,credit
6978,7,9790,5,2024-04-08 16:59:00,4.0,0.24,4.24,debit
6979,59,9791,7,2024-04-08 09:55:00,12.6,0.76,13.36,debit
6980,174,9792,11,2024-04-08 15:59:00,7.24,0.43,7.67,debit
6981,208,9793,11,2024-04-08 13:42:00,40.13,2.41,42.54,credit
6982,6,9794,3,2024-04-08 09:38:00,6.3,0.38,6.68,mobile
6983,77,9795,10,2024-04-08 12:43:00,39.54,2.37,41.91,credit
6984,64,9796,10,2024-04-08 09:58:00,5.15,0.31,5.46,credit
6985,47,9799,12,2024-04-08 14:22:00,31.23,1.87,33.1,debit
6986,189,9800,12,2024-04-08 09:40:00,13.0,0.78,13.78,mobile
6987,155,9801,2,2024-04-08 09:59:00,27.45,1.65,29.1,credit
6988,206,9802,12,2024-04-08 16:10:00,52.71,3.16,55.87,debit
6989,4,9803,14,2024-04-08 15:46:00,8.06,0.48,8.54,credit
6990,78,9805,1,2024-04-08 09:53:00,11.79,0.71,12.5,mobile
6991,166,9806,4,2024-04-09 11:50:00,10.26,0.62,10.88,mobile
6992,168,9807,5,2024-04-09 16:40:00,11.66,0.7,12.36,credit
6993,162,9808,14,2024-04-09 12:48:00,7.19,0.43,7.62,debit
6994,28,9809,13,2024-04-09 13:55:00,8.72,0.52,9.24,mobile
6995,42,9811,2,2024-04-09 10:52:00,9.65,0.58,10.23,debit
6996,155,9813,2,2024-04-09 16:41:00,7.95,0.48,8.43,mobile
6997,1,9815,11,2024-04-09 16:42:00,3.5,0.21,3.71,credit
6998,118,9816,2,2024-04-09 15:58:00,20.54,1.23,21.77,credit
6999,159,9820,5,2024-04-09 15:29:00,7.81,0.47,8.28,credit
7000,189,9821,2,2024-04-09 10:24:00,18.19,1.09,19.28,credit
7001,237,9822,2,2024-04-09 16:44:00,4.5,0.27,4.77,debit
7002,183,9823,13,2024-04-09 15:59:00,21.56,1.29,22.85,mobile
7003,185,9824,4,2024-04-09 10:55:00,3.5,0.21,3.71,mobile
7004,27,9825,1,2024-04-09 13:59:00,31.71,1.9,33.61,mobile
7005,101,9826,13,2024-04-09 13:51:00,13.0,0.78,13.78,mobile
7006,8,9827,14,2024-04-09 13:20:00,7.27,0.44,7.71,debit
7007,158,9828,2,2024-04-09 14:59:00,5.03,0.3,5.33,debit
7008,237,9829,14,2024-04-09 11:40:00,4.0,0.24,4.24,credit
7009,155,9834,4,2024-04-10 09:59:00,8.45,0.51,8.96,debit
7010,8,9835,13,2024-04-10 09:56:00,37.27,2.24,39.51,credit
7011,3,9837,10,2024-04-10 13:49:00,4.0,0.24,4.24,credit
7012,83,9838,12,2024-04-10 15:59:00,5.13,0.31,5.44,mobile
7013,207,9839,11,2024-04-10 09:40:00,3.5,0.21,3.71,credit
7014,232,9845,12,2024-04-10 09:49:00,18.32,1.1,19.42,mobile
7015,233,9847,13,2024-04-10 15:57:00,19.0,1.14,20.14,mobile
7016,120,9853,11,2024-04-11 09:31:00,9.59,0.58,10.17,credit
7017,216,9854,10,2024-04-11 10:41:00,4.0,0.24,4.24,credit
7018,181,9857,2,2024-04-11 15:41:00,5.78,0.35,6.13,credit
7019,61,9858,4,2024-04-11 15:39:00,10.0,0.6,10.6,mobile
7020,177,9860,2,2024-04-11 14:48:00,4.0,0.24,4.24,mobile
7021,218,9861,11,2024-04-11 13:26:00,6.5,0.39,6.89,credit
7022,111,9863,3,2024-04-11 09:44:00,4.0,0.24,4.24,credit
7023,151,9864,6,2024-04-11 15:59:00,6.5,0.39,6.89,mobile
7024,155,9865,14,2024-04-11 16:59:00,8.45,0.51,8.96,mobile
7025,83,9866,3,2024-04-11 12:11:00,5.86,0.35,6.21,credit
7026,48,9867,5,2024-04-11 12:52:00,4.0,0.24,4.24,credit
7027,35,9868,10,2024-04-11 16:27:00,7.0,0.42,7.42,credit
7028,61,9869,1,2024-04-11 14:32:00,3.5,0.21,3.71,mobile
7029,43,9871,2,2024-04-11 09:29:00,13.0,0.78,13.78,credit
7030,104,9874,1,2024-04-11 10:59:00,13.68,0.82,14.5,mobile
7031,85,9875,12,2024-04-11 13:59:00,28.62,1.72,30.34,credit
7032,2,9876,4,2024-04-12 12:37:00,8.25,0.49,8.74,credit
7033,99,9878,10,2024-04-12 13:57:00,7.4,0.44,7.84,credit
7034,8,9879,1,2024-04-12 09:41:00,6.75,0.4,7.15,mobile
7035,27,9881,6,2024-04-12 11:36:00,26.31,1.58,27.89,credit
7036,103,9882,11,2024-04-12 15:21:00,5.44,0.33,5.77,credit
7037,64,9883,12,2024-04-12 14:59:00,10.15,0.61,10.76,credit
7038,71,9885,4,2024-04-12 09:35:00,4.0,0.24,4.24,mobile
7039,131,9887,6,2024-04-12 10:24:00,5.25,0.32,5.57,credit
7040,168,9890,4,2024-04-12 12:30:00,12.69,0.76,13.45,mobile
7041,162,9891,4,2024-04-12 11:36:00,13.72,0.82,14.54,mobile
7042,213,9893,14,2024-04-12 16:14:00,16.78,1.01,17.79,debit
7043,237,9894,3,2024-04-12 15:22:00,11.56,0.69,12.25,credit
7044,2,9897,6,2024-04-12 10:13:00,7.03,0.42,7.45,debit
7045,165,9898,5,2024-04-13 12:29:00,8.0,0.48,8.48,debit
7046,2,9899,7,2024-04-13 14:55:00,7.55,0.45,8.0,debit
7047,27,9900,10,2024-04-13 16:32:00,38.44,2.31,40.75,credit
7048,46,9902,4,2024-04-13 14:54:00,5.78,0.35,6.13,credit
7049,152,9903,5,2024-04-13 16:28:00,9.78,0.59,10.37,debit
7050,2,9904,2,2024-04-13 09:36:00,7.75,0.46,8.21,credit
7051,228,9905,5,2024-04-13 12:28:00,6.4,0.38,6.78,credit
7052,134,9906,5,2024-04-13 12:30:00,16.0,0.96,16.96,mobile
7053,8,9908,1,2024-04-13 15:43:00,14.47,0.87,15.34,credit
7054,237,9909,2,2024-04-13 15:29:00,5.78,0.35,6.13,mobile
7055,148,9910,7,2024-04-13 12:49:00,8.0,0.48,8.48,mobile
7056,21,9911,13,2024-04-13 11:10:00,14.84,0.89,15.73,credit
7057,48,9913,2,2024-04-13 12:12:00,8.0,0.48,8.48,mobile
7058,155,9916,10,2024-04-13 15:59:00,7.75,0.46,8.21,credit
7059,120,9920,6,2024-04-13 12:48:00,6.09,0.37,6.46,mobile
7060,180,9921,4,2024-04-13 14:43:00,13.0,0.78,13.78,mobile
7061,36,9922,11,2024-04-13 16:30:00,18.79,1.13,19.92,credit
7062,231,9924,4,2024-04-13 14:27:00,18.5,1.11,19.61,mobile
7063,184,9926,11,2024-04-13 11:31:00,7.28,0.44,7.72,mobile
7064,197,9929,6,2024-04-13 10:59:00,19.5,1.17,20.67,mobile
7065,181,9930,6,2024-04-13 16:39:00,6.3,0.38,6.68,credit
7066,9,9932,2,2024-04-13 11:55:00,4.0,0.24,4.24,mobile
7067,155,9933,7,2024-04-14 14:42:00,41.45,2.49,43.94,mobile
7068,119,9934,3,2024-04-14 15:59:00,4.5,0.27,4.77,credit
7069,195,9935,5,2024-04-14 11:36:00,12.95,0.78,13.73,mobile
7070,101,9936,4,2024-04-14 13:56:00,19.6,1.18,20.78,mobile
7071,98,9938,12,2024-04-14 09:27:00,13.78,0.83,14.61,mobile
7072,240,9940,1,2024-04-14 13:28:00,30.36,1.82,32.18,credit
7073,43,9941,4,2024-04-14 11:41:00,12.23,0.73,12.96,mobile
7074,4,9944,5,2024-04-14 12:10:00,4.06,0.24,4.3,credit
7075,168,9947,1,2024-04-14 09:16:00,8.66,0.52,9.18,mobile
7076,159,9948,5,2024-04-14 10:29:00,4.51,0.27,4.78,credit
7077,103,9949,5,2024-04-14 10:29:00,21.72,1.3,23.02,credit
7078,2,9950,4,2024-04-14 12:11:00,5.25,0.32,5.57,mobile
7079,1,9951,2,2024-04-14 11:51:00,23.28,1.4,24.68,mobile
7080,1,9952,2,2024-04-14 15:45:00,4.5,0.27,4.77,credit
7081,56,9953,5,2024-04-14 14:59:00,6.99,0.42,7.41,credit
7082,98,9954,3,2024-04-14 12:59:00,8.0,0.48,8.48,credit
7083,180,9955,14,2024-04-14 14:59:00,8.0,0.48,8.48,credit
7084,181,9956,11,2024-04-14 12:31:00,6.5,0.39,6.89,mobile
7085,240,9957,14,2024-04-14 11:52:00,5.78,0.35,6.13,debit
7086,38,9960,2,2024-04-14 16:55:00,19.4,1.16,20.56,mobile
7087,162,9963,10,2024-04-14 11:30:00,11.69,0.7,12.39,debit
7088,112,9964,7,2024-04-14 12:53:00,8.16,0.49,8.65,credit
7089,91,9965,13,2024-04-14 13:59:00,10.8,0.65,11.45,mobile
7090,98,9966,6,2024-04-14 14:36:00,20.0,1.2,21.2,credit
7091,56,9967,7,2024-04-14 14:41:00,22.21,1.33,23.54,credit
7092,110,9968,13,2024-04-14 12:40:00,9.5,0.57,10.07,mobile
7093,111,9969,4,2024-04-14 09:10:00,4.73,0.28,5.01,debit
7094,27,9971,1,2024-04-14 14:16:00,9.21,0.55,9.76,credit
7095,143,9972,5,2024-04-14 13:59:00,3.5,0.21,3.71,mobile
7096,189,9974,10,2024-04-14 10:37:00,6.5,0.39,6.89,credit
7097,28,9975,12,2024-04-14 12:29:00,58.7,3.52,62.22,mobile
7098,111,9978,14,2024-04-14 12:15:00,5.78,0.35,6.13,credit
7099,5,9979,6,2024-04-14 15:18:00,31.4,1.88,33.28,credit
7100,201,9980,1,2024-04-15 16:27:00,17.53,1.05,18.58,mobile
7101,48,9981,1,2024-04-15 09:44:00,3.5,0.21,3.71,mobile
7102,217,9982,4,2024-04-15 10:15:00,7.53,0.45,7.98,credit
7103,206,9983,11,2024-04-15 11:29:00,25.93,1.56,27.49,debit
7104,194,9984,11,2024-04-15 16:44:00,10.0,0.6,10.6,credit
7105,194,9985,12,2024-04-15 13:42:00,6.5,0.39,6.89,credit
7106,77,9986,6,2024-04-15 15:59:00,10.5,0.63,11.13,credit
7107,193,9987,11,2024-04-15 11:13:00,4.0,0.24,4.24,mobile
7108,78,9988,1,2024-04-15 12:45:00,9.79,0.59,10.38,mobile
7109,66,9989,10,2024-04-15 15:48:00,23.78,1.43,25.21,credit
7110,82,9990,10,2024-04-15 10:59:00,14.5,0.87,15.37,credit
7111,115,9991,14,2024-04-15 11:44:00,14.0,0.84,14.84,debit
7112,2,9992,7,2024-04-15 09:26:00,4.75,0.28,5.03,credit
7113,2,9993,6,2024-04-15 10:49:00,13.53,0.81,14.34,mobile
7114,91,9995,6,2024-04-15 09:59:00,28.05,1.68,29.73,credit
7115,118,9996,10,2024-04-15 10:29:00,29.51,1.77,31.28,credit
7116,27,9997,4,2024-04-15 09:59:00,5.94,0.36,6.3,mobile
7117,67,9998,12,2024-04-15 13:59:00,6.3,0.38,6.68,credit
7118,219,9999,6,2024-04-15 14:59:00,3.0,0.18,3.18,credit
7119,165,10001,13,2024-04-15 12:59:00,13.5,0.81,14.31,mobile
7120,96,10002,1,2024-04-15 12:50:00,20.25,1.21,21.46,mobile
7121,195,10003,14,2024-04-15 10:21:00,39.23,2.35,41.58,credit
7122,8,10006,4,2024-04-16 09:16:00,4.97,0.3,5.27,credit
7123,27,10008,12,2024-04-16 10:40:00,5.94,0.36,6.3,mobile
7124,168,10010,5,2024-04-16 15:59:00,13.22,0.79,14.01,credit
7125,195,10012,11,2024-04-16 13:41:00,8.73,0.52,9.25,mobile
7126,195,10013,7,2024-04-16 12:40:00,7.68,0.46,8.14,credit
7127,91,10014,2,2024-04-16 14:59:00,15.5,0.93,16.43,credit
7128,101,10015,4,2024-04-16 13:28:00,4.5,0.27,4.77,credit
7129,33,10018,12,2024-04-16 09:29:00,20.0,1.2,21.2,credit
7130,27,10019,3,2024-04-16 14:59:00,14.21,0.85,15.06,mobile
7131,159,10021,3,2024-04-16 15:21:00,8.51,0.51,9.02,credit
7132,233,10022,14,2024-04-16 12:24:00,36.06,2.16,38.22,debit
7133,23,10023,7,2024-04-16 13:31:00,11.5,0.69,12.19,mobile
7134,190,10024,6,2024-04-16 16:59:00,20.0,1.2,21.2,mobile
7135,175,10025,4,2024-04-16 15:41:00,6.14,0.37,6.51,mobile
7136,240,10027,11,2024-04-16 16:27:00,6.3,0.38,6.68,mobile
7137,131,10028,1,2024-04-16 10:49:00,3.0,0.18,3.18,credit
7138,228,10031,7,2024-04-16 09:43:00,9.4,0.56,9.96,credit
7139,44,10032,1,2024-04-16 14:25:00,12.78,0.77,13.55,mobile
7140,48,10034,11,2024-04-16 16:59:00,5.78,0.35,6.13,mobile
7141,219,10035,11,2024-04-17 12:43:00,3.5,0.21,3.71,credit
7142,96,10036,2,2024-04-17 13:22:00,7.65,0.46,8.11,debit
7143,23,10037,6,2024-04-17 12:59:00,4.73,0.28,5.01,mobile
7144,170,10039,10,2024-04-17 13:27:00,16.84,1.01,17.85,mobile
7145,100,10040,1,2024-04-17 13:42:00,14.03,0.84,14.87,mobile
7146,196,10041,5,2024-04-17 10:23:00,7.0,0.42,7.42,credit
7147,60,10043,10,2024-04-17 12:38:00,3.5,0.21,3.71,debit
7148,69,10044,5,2024-04-17 14:59:00,6.5,0.39,6.89,credit
7149,96,10045,11,2024-04-17 14:37:00,13.43,0.81,14.24,mobile
7150,126,10046,1,2024-04-17 11:59:00,6.5,0.39,6.89,debit
7151,58,10047,2,2024-04-17 11:57:00,8.0,0.48,8.48,credit
7152,199,10048,2,2024-04-17 16:43:00,9.23,0.55,9.78,credit
7153,27,10049,1,2024-04-17 14:18:00,33.21,1.99,35.2,credit
7154,104,10050,5,2024-04-17 15:20:00,21.08,1.26,22.34,credit
7155,165,10051,7,2024-04-17 13:59:00,33.5,2.01,35.51,credit
7156,112,10053,1,2024-04-17 13:40:00,5.16,0.31,5.47,debit
7157,24,10055,10,2024-04-17 15:56:00,6.3,0.38,6.68,credit
7158,35,10056,10,2024-04-17 13:59:00,6.3,0.38,6.68,credit
7159,56,10057,3,2024-04-18 15:34:00,24.71,1.48,26.19,mobile
7160,11,10059,11,2024-04-18 10:48:00,5.78,0.35,6.13,credit
7161,165,10060,1,2024-04-18 13:59:00,7.5,0.45,7.95,mobile
7162,56,10061,2,2024-04-18 15:50:00,5.21,0.31,5.52,mobile
7163,2,10063,7,2024-04-18 13:49:00,7.75,0.46,8.21,credit
7164,86,10064,7,2024-04-18 12:58:00,8.75,0.53,9.28,debit
7165,201,10065,5,2024-04-18 12:29:00,5.25,0.32,5.57,credit
7166,1,10066,12,2024-04-18 16:34:00,13.0,0.78,13.78,credit
7167,162,10067,3,2024-04-18 13:58:00,16.69,1.0,17.69,mobile
7168,181,10068,10,2024-04-18 16:48:00,10.5,0.63,11.13,debit
7169,23,10070,11,2024-04-18 13:10:00,23.0,1.38,24.38,mobile
7170,143,10072,6,2024-04-18 11:24:00,4.0,0.24,4.24,credit
7171,69,10074,12,2024-04-18 09:42:00,6.5,0.39,6.89,credit
7172,68,10076,5,2024-04-18 15:59:00,5.78,0.35,6.13,mobile
7173,195,10077,6,2024-04-18 16:55:00,9.95,0.6,10.55,debit
7174,52,10078,14,2024-04-18 10:54:00,6.3,0.38,6.68,debit
7175,2,10081,1,2024-04-18 09:13:00,12.05,0.72,12.77,mobile
7176,118,10083,6,2024-04-19 14:43:00,13.04,0.78,13.82,mobile
7177,108,10085,6,2024-04-19 15:59:00,6.3,0.38,6.68,credit
7178,232,10086,7,2024-04-19 16:23:00,8.98,0.54,9.52,debit
7179,2,10088,11,2024-04-19 11:55:00,26.75,1.6,28.35,mobile
7180,219,10089,11,2024-04-19 11:50:00,16.3,0.98,17.28,mobile
7181,237,10090,3,2024-04-19 13:55:00,5.25,0.32,5.57,debit
7182,2,10094,14,2024-04-19 15:17:00,6.5,0.39,6.89,debit
7183,61,10096,3,2024-04-19 09:19:00,23.0,1.38,24.38,credit
7184,3,10097,1,2024-04-19 13:24:00,10.51,0.63,11.14,mobile
7185,143,10099,14,2024-04-19 11:38:00,8.0,0.48,8.48,credit
7186,242,10100,12,2024-04-19 14:59:00,24.01,1.44,25.45,debit
7187,208,10102,6,2024-04-19 09:59:00,12.55,0.75,13.3,mobile
7188,110,10103,7,2024-04-19 10:59:00,23.4,1.4,24.8,mobile
7189,216,10104,6,2024-04-19 09:27:00,5.78,0.35,6.13,mobile
7190,172,10107,14,2024-04-19 14:57:00,4.0,0.24,4.24,mobile
7191,43,10108,7,2024-04-20 16:27:00,6.5,0.39,6.89,mobile
7192,223,10109,10,2024-04-20 09:43:00,5.78,0.35,6.13,credit
7193,219,10110,12,2024-04-20 14:10:00,18.5,1.11,19.61,credit
7194,69,10111,12,2024-04-20 12:18:00,31.5,1.89,33.39,mobile
7195,242,10112,13,2024-04-20 13:55:00,4.5,0.27,4.77,debit
7196,37,10113,11,2024-04-20 12:46:00,28.3,1.7,30.0,credit
7197,2,10114,7,2024-04-20 15:59:00,5.25,0.32,5.57,credit
7198,172,10115,3,2024-04-20 10:22:00,4.0,0.24,4.24,mobile
7199,196,10118,6,2024-04-20 15:31:00,6.3,0.38,6.68,credit
7200,233,10119,4,2024-04-20 15:48:00,4.5,0.27,4.77,credit
7201,83,10120,13,2024-04-20 16:44:00,9.13,0.55,9.68,credit
7202,164,10121,6,2024-04-20 13:59:00,6.5,0.39,6.89,credit
7203,209,10123,5,2024-04-20 11:18:00,4.19,0.25,4.44,credit
7204,110,10124,3,2024-04-20 11:55:00,18.0,1.08,19.08,credit
7205,148,10126,4,2024-04-20 15:39:00,32.0,1.92,33.92,credit
7206,7,10128,11,2024-04-20 09:41:00,8.0,0.48,8.48,credit
7207,3,10130,7,2024-04-20 14:46:00,4.0,0.24,4.24,mobile
7208,240,10131,1,2024-04-20 15:18:00,7.0,0.42,7.42,debit
7209,137,10132,5,2024-04-20 09:59:00,4.5,0.27,4.77,credit
7210,194,10133,13,2024-04-20 10:13:00,3.0,0.18,3.18,credit
7211,165,10134,5,2024-04-20 12:24:00,48.53,2.91,51.44,mobile
7212,38,10135,11,2024-04-20 10:41:00,40.18,2.41,42.59,mobile
7213,38,10137,2,2024-04-20 16:56:00,7.65,0.46,8.11,credit
7214,189,10138,11,2024-04-20 09:34:00,6.3,0.38,6.68,credit
7215,77,10139,1,2024-04-20 09:42:00,8.0,0.48,8.48,mobile
7216,54,10141,6,2024-04-21 11:59:00,9.12,0.55,9.67,debit
7217,74,10142,13,2024-04-21 10:43:00,5.78,0.35,6.13,credit
7218,99,10143,2,2024-04-21 10:24:00,12.9,0.77,13.67,credit
7219,134,10146,5,2024-04-21 15:20:00,9.78,0.59,10.37,mobile
7220,59,10147,13,2024-04-21 11:32:00,9.6,0.58,10.18,credit
7221,126,10148,5,2024-04-21 16:44:00,22.5,1.35,23.85,credit
7222,164,10150,13,2024-04-21 15:59:00,7.0,0.42,7.42,debit
7223,47,10151,3,2024-04-21 15:55:00,36.5,2.19,38.69,credit
7224,100,10152,11,2024-04-21 10:12:00,7.08,0.42,7.5,mobile
7225,71,10154,2,2024-04-21 16:29:00,5.78,0.35,6.13,credit
7226,75,10156,1,2024-04-21 09:59:00,14.17,0.85,15.02,debit
7227,207,10157,5,2024-04-21 11:59:00,9.5,0.57,10.07,credit
7228,190,10158,4,2024-04-21 15:44:00,9.25,0.55,9.8,debit
7229,186,10159,12,2024-04-21 12:59:00,27.28,1.64,28.92,mobile
7230,27,10163,13,2024-04-21 12:52:00,18.71,1.12,19.83,credit
7231,72,10165,7,2024-04-21 15:59:00,10.53,0.63,11.16,debit
7232,182,10166,11,2024-04-21 10:59:00,35.16,2.11,37.27,credit
7233,209,10167,14,2024-04-21 14:33:00,33.07,1.98,35.05,credit
7234,23,10169,1,2024-04-21 15:16:00,9.28,0.56,9.84,credit
7235,107,10170,5,2024-04-21 15:14:00,11.46,0.69,12.15,mobile
7236,155,10171,4,2024-04-21 16:50:00,7.75,0.46,8.21,debit
7237,158,10172,2,2024-04-21 14:48:00,10.53,0.63,11.16,debit
7238,126,10173,1,2024-04-21 15:28:00,9.46,0.57,10.03,credit
7239,219,10174,1,2024-04-21 14:59:00,15.56,0.93,16.49,credit
7240,53,10175,1,2024-04-21 12:26:00,20.15,1.21,21.36,debit
7241,219,10176,2,2024-04-21 13:41:00,16.5,0.99,17.49,credit
7242,55,10177,2,2024-04-21 15:45:00,13.04,0.78,13.82,credit
7243,194,10178,7,2024-04-21 11:55:00,8.0,0.48,8.48,credit
7244,56,10179,12,2024-04-21 15:44:00,34.45,2.07,36.52,debit
7245,162,10180,12,2024-04-21 14:10:00,9.69,0.58,10.27,mobile
7246,119,10181,2,2024-04-21 13:47:00,10.3,0.62,10.92,credit
7247,1,10184,4,2024-04-22 15:13:00,16.0,0.96,16.96,credit
7248,27,10186,12,2024-04-22 10:59:00,14.99,0.9,15.89,mobile
7249,26,10187,5,2024-04-22 09:59:00,7.77,0.47,8.24,credit
7250,101,10189,5,2024-04-22 10:59:00,6.3,0.38,6.68,mobile
7251,176,10192,10,2024-04-22 13:19:00,6.3,0.38,6.68,mobile
7252,240,10193,14,2024-04-22 16:20:00,5.78,0.35,6.13,credit
7253,182,10195,10,2024-04-22 10:37:00,7.16,0.43,7.59,credit
7254,108,10198,7,2024-04-22 14:40:00,15.73,0.94,16.67,mobile
7255,223,10199,4,2024-04-22 14:59:00,8.0,0.48,8.48,mobile
7256,223,10200,7,2024-04-22 16:42:00,5.78,0.35,6.13,credit
7257,8,10203,13,2024-04-22 16:59:00,6.22,0.37,6.59,credit
7258,61,10204,1,2024-04-22 14:44:00,6.5,0.39,6.89,mobile
7259,27,10206,6,2024-04-22 09:59:00,6.99,0.42,7.41,mobile
7260,44,10208,11,2024-04-23 15:59:00,9.5,0.57,10.07,mobile
7261,168,10209,1,2024-04-23 14:46:00,17.66,1.06,18.72,credit
7262,3,10210,12,2024-04-23 09:57:00,12.5,0.75,13.25,mobile
7263,150,10211,1,2024-04-23 12:55:00,7.5,0.45,7.95,credit
7264,224,10214,5,2024-04-23 09:59:00,6.3,0.38,6.68,credit
7265,8,10215,3,2024-04-23 16:27:00,27.47,1.65,29.12,mobile
7266,57,10216,5,2024-04-23 09:37:00,10.0,0.6,10.6,mobile
7267,112,10217,1,2024-04-23 12:57:00,6.94,0.42,7.36,credit
7268,155,10218,3,2024-04-23 12:53:00,6.7,0.4,7.1,credit
7269,2,10219,1,2024-04-23 12:55:00,5.25,0.32,5.57,credit
7270,162,10221,4,2024-04-23 16:59:00,8.99,0.54,9.53,credit
7271,56,10224,4,2024-04-23 10:29:00,8.94,0.54,9.48,credit
7272,8,10225,7,2024-04-23 11:40:00,28.26,1.7,29.96,credit
7273,155,10226,5,2024-04-23 10:59:00,7.23,0.43,7.66,debit
7274,174,10227,5,2024-04-24 13:41:00,24.74,1.48,26.22,mobile
7275,149,10228,13,2024-04-24 12:44:00,7.52,0.45,7.97,credit
7276,177,10229,3,2024-04-24 12:30:00,3.5,0.21,3.71,debit
7277,186,10231,6,2024-04-24 12:40:00,15.28,0.92,16.2,mobile
7278,73,10232,5,2024-04-24 14:13:00,5.25,0.32,5.57,credit
7279,28,10233,14,2024-04-24 15:55:00,6.92,0.42,7.34,debit
7280,148,10234,4,2024-04-24 12:28:00,4.0,0.24,4.24,debit
7281,2,10236,6,2024-04-24 14:27:00,36.11,2.17,38.28,credit
7282,182,10238,7,2024-04-24 13:24:00,9.96,0.6,10.56,debit
7283,42,10239,12,2024-04-24 14:59:00,16.65,1.0,17.65,credit
7284,5,10240,6,2024-04-24 14:25:00,6.3,0.38,6.68,debit
7285,3,10241,12,2024-04-24 13:59:00,11.56,0.69,12.25,credit
7286,168,10243,1,2024-04-24 16:33:00,7.44,0.45,7.89,mobile
7287,121,10244,3,2024-04-24 11:10:00,35.75,2.15,37.9,credit
7288,64,10245,5,2024-04-24 09:19:00,29.75,1.78,31.53,mobile
7289,181,10246,1,2024-04-24 16:55:00,10.0,0.6,10.6,mobile
7290,34,10247,3,2024-04-24 15:32:00,11.31,0.68,11.99,mobile
7291,208,10249,14,2024-04-24 09:50:00,7.05,0.42,7.47,mobile
7292,232,10250,11,2024-04-25 12:42:00,5.71,0.34,6.05,debit
7293,75,10251,13,2024-04-25 10:53:00,13.85,0.83,14.68,credit
7294,120,10253,14,2024-04-25 16:47:00,4.59,0.28,4.87,credit
7295,48,10254,10,2024-04-25 15:26:00,5.78,0.35,6.13,mobile
7296,2,10255,6,2024-04-25 11:58:00,4.75,0.28,5.03,credit
7297,1,10256,5,2024-04-25 13:50:00,25.5,1.53,27.03,mobile
7298,89,10257,3,2024-04-25 10:57:00,24.34,1.46,25.8,mobile
7299,207,10258,13,2024-04-25 16:59:00,12.28,0.74,13.02,debit
7300,69,10259,10,2024-04-25 15:59:00,8.0,0.48,8.48,mobile
7301,43,10260,11,2024-04-25 16:26:00,7.0,0.42,7.42,credit
7302,231,10261,5,2024-04-25 10:25:00,17.3,1.04,18.34,credit
7303,228,10263,11,2024-04-25 14:59:00,15.13,0.91,16.04,credit
7304,160,10264,12,2024-04-25 09:58:00,5.25,0.32,5.57,credit
7305,61,10265,6,2024-04-25 12:29:00,6.0,0.36,6.36,debit
7306,111,10266,10,2024-04-25 16:22:00,32.3,1.94,34.24,credit
7307,5,10268,14,2024-04-25 16:59:00,12.0,0.72,12.72,mobile
7308,215,10269,5,2024-04-25 16:56:00,30.11,1.81,31.92,mobile
7309,240,10272,10,2024-04-26 16:25:00,28.0,1.68,29.68,credit
7310,118,10274,7,2024-04-26 10:40:00,9.54,0.57,10.11,credit
7311,207,10275,4,2024-04-26 15:21:00,18.0,1.08,19.08,credit
7312,126,10278,3,2024-04-26 15:30:00,10.0,0.6,10.6,debit
7313,110,10279,5,2024-04-26 10:33:00,5.25,0.32,5.57,debit
7314,218,10281,11,2024-04-26 09:32:00,16.0,0.96,16.96,credit
7315,8,10282,14,2024-04-26 13:44:00,13.97,0.84,14.81,credit
7316,206,10283,12,2024-04-26 16:59:00,9.65,0.58,10.23,mobile
7317,173,10284,11,2024-04-26 09:39:00,8.18,0.49,8.67,credit
7318,186,10285,14,2024-04-26 09:11:00,17.34,1.04,18.38,credit
7319,155,10286,12,2024-04-26 09:59:00,37.2,2.23,39.43,mobile
7320,4,10288,14,2024-04-26 14:37:00,32.34,1.94,34.28,credit
7321,96,10289,2,2024-04-26 16:59:00,9.15,0.55,9.7,credit
7322,47,10290,4,2024-04-26 10:43:00,4.0,0.24,4.24,debit
7323,189,10291,2,2024-04-26 12:36:00,20.5,1.23,21.73,credit
7324,98,10292,13,2024-04-26 11:59:00,29.98,1.8,31.78,mobile
7325,181,10293,5,2024-04-26 10:14:00,18.0,1.08,19.08,credit
7326,223,10294,12,2024-04-26 09:22:00,12.5,0.75,13.25,mobile
7327,116,10295,5,2024-04-26 10:55:00,27.56,1.65,29.21,credit
7328,77,10298,1,2024-04-27 15:30:00,5.25,0.32,5.57,mobile
7329,74,10299,1,2024-04-27 11:44:00,20.0,1.2,21.2,debit
7330,217,10300,7,2024-04-27 12:18:00,4.53,0.27,4.8,credit
7331,39,10301,10,2024-04-27 14:59:00,6.5,0.39,6.89,credit
7332,177,10302,4,2024-04-27 10:57:00,36.48,2.19,38.67,debit
7333,4,10304,6,2024-04-27 14:27:00,11.06,0.66,11.72,mobile
7334,170,10305,4,2024-04-27 16:36:00,18.7,1.12,19.82,credit
7335,202,10306,2,2024-04-27 16:27:00,9.98,0.6,10.58,mobile
7336,25,10308,10,2024-04-27 13:59:00,6.3,0.38,6.68,mobile
7337,231,10309,10,2024-04-27 16:28:00,6.3,0.38,6.68,credit
7338,3,10310,3,2024-04-27 13:59:00,6.3,0.38,6.68,credit
7339,227,10313,11,2024-04-27 10:59:00,6.3,0.38,6.68,credit
7340,14,10314,14,2024-04-27 12:40:00,20.88,1.25,22.13,credit
7341,75,10316,6,2024-04-27 10:56:00,18.07,1.08,19.15,credit
7342,52,10317,7,2024-04-27 15:58:00,4.73,0.28,5.01,credit
7343,44,10318,3,2024-04-27 13:51:00,9.0,0.54,9.54,credit
7344,228,10319,1,2024-04-27 12:59:00,8.18,0.49,8.67,mobile
7345,238,10320,5,2024-04-27 13:59:00,9.34,0.56,9.9,credit
7346,60,10321,4,2024-04-27 12:59:00,3.5,0.21,3.71,mobile
7347,174,10324,10,2024-04-27 11:16:00,7.24,0.43,7.67,mobile
7348,179,10325,7,2024-04-27 14:59:00,25.11,1.51,26.62,credit
7349,56,10326,10,2024-04-27 10:38:00,7.51,0.45,7.96,mobile
7350,27,10327,13,2024-04-27 15:56:00,10.71,0.64,11.35,mobile
7351,224,10328,1,2024-04-27 09:34:00,11.03,0.66,11.69,credit
7352,62,10329,14,2024-04-27 12:14:00,20.46,1.23,21.69,debit
7353,36,10330,5,2024-04-27 15:25:00,12.07,0.72,12.79,credit
7354,34,10331,14,2024-04-27 16:53:00,7.61,0.46,8.07,credit
7355,189,10332,2,2024-04-27 13:53:00,4.73,0.28,5.01,credit
7356,106,10333,10,2024-04-27 09:57:00,6.5,0.39,6.89,credit
7357,118,10335,1,2024-04-27 16:29:00,4.54,0.27,4.81,credit
7358,135,10336,1,2024-04-27 11:23:00,16.0,0.96,16.96,mobile
7359,82,10337,2,2024-04-28 09:59:00,10.5,0.63,11.13,credit
7360,96,10339,6,2024-04-28 14:22:00,7.45,0.45,7.9,debit
7361,193,10340,12,2024-04-28 11:59:00,4.0,0.24,4.24,mobile
7362,215,10343,11,2024-04-28 09:31:00,6.5,0.39,6.89,credit
7363,2,10346,11,2024-04-28 16:18:00,11.03,0.66,11.69,credit
7364,228,10348,3,2024-04-28 13:45:00,6.4,0.38,6.78,mobile
7365,115,10349,13,2024-04-28 09:55:00,10.0,0.6,10.6,mobile
7366,3,10351,7,2024-04-28 10:26:00,14.0,0.84,14.84,mobile
7367,215,10353,10,2024-04-28 11:49:00,12.6,0.76,13.36,debit
7368,72,10354,1,2024-04-28 16:46:00,18.49,1.11,19.6,debit
7369,237,10357,12,2024-04-28 09:45:00,8.0,0.48,8.48,credit
7370,240,10358,14,2024-04-28 16:33:00,14.5,0.87,15.37,mobile
7371,52,10359,3,2024-04-28 11:47:00,5.78,0.35,6.13,mobile
7372,89,10360,2,2024-04-28 09:12:00,8.5,0.51,9.01,credit
7373,112,10361,2,2024-04-28 15:35:00,31.66,1.9,33.56,credit
7374,203,10362,4,2024-04-28 13:12:00,4.0,0.24,4.24,debit
7375,233,10366,2,2024-04-28 09:59:00,6.5,0.39,6.89,credit
7376,189,10367,5,2024-04-28 15:48:00,8.0,0.48,8.48,credit
7377,96,10369,3,2024-04-28 11:10:00,11.65,0.7,12.35,credit
7378,199,10371,6,2024-04-28 13:55:00,15.23,0.91,16.14,mobile
7379,57,10372,2,2024-04-28 12:27:00,9.5,0.57,10.07,mobile
7380,82,10373,11,2024-04-28 13:53:00,30.78,1.85,32.63,mobile
7381,232,10374,5,2024-04-29 14:26:00,16.98,1.02,18.0,credit
7382,166,10375,2,2024-04-29 14:59:00,6.54,0.39,6.93,mobile
7383,152,10376,11,2024-04-29 15:59:00,4.0,0.24,4.24,credit
7384,236,10378,2,2024-04-29 09:15:00,8.0,0.48,8.48,credit
7385,114,10379,2,2024-04-29 16:53:00,6.5,0.39,6.89,mobile
7386,51,10380,2,2024-04-29 09:59:00,4.0,0.24,4.24,mobile
7387,9,10382,12,2024-04-29 12:59:00,4.5,0.27,4.77,credit
7388,116,10385,11,2024-04-29 13:28:00,13.0,0.78,13.78,credit
7389,71,10386,6,2024-04-29 15:59:00,12.78,0.77,13.55,debit
7390,23,10387,11,2024-04-29 14:44:00,10.0,0.6,10.6,credit
7391,46,10389,6,2024-04-29 10:25:00,11.56,0.69,12.25,credit
7392,119,10390,13,2024-04-30 15:42:00,8.5,0.51,9.01,credit
7393,236,10391,2,2024-04-30 09:19:00,9.5,0.57,10.07,credit
7394,128,10393,7,2024-04-30 15:58:00,4.98,0.3,5.28,credit
7395,150,10395,3,2024-04-30 12:26:00,8.0,0.48,8.48,credit
7396,154,10396,3,2024-04-30 10:37:00,10.0,0.6,10.6,credit
7397,168,10397,12,2024-04-30 09:59:00,24.41,1.46,25.87,mobile
7398,2,10398,1,2024-04-30 16:40:00,9.25,0.55,9.8,credit
7399,6,10401,11,2024-04-30 15:34:00,4.0,0.24,4.24,credit
7400,155,10402,13,2024-04-30 14:41:00,11.45,0.69,12.14,debit
7401,8,10403,14,2024-04-30 11:21:00,6.97,0.42,7.39,credit
7402,91,10404,13,2024-04-30 09:32:00,17.0,1.02,18.02,mobile
7403,162,10406,10,2024-04-30 16:53:00,12.19,0.73,12.92,debit
7404,162,10407,1,2024-04-30 12:27:00,9.69,0.58,10.27,credit
7405,74,10409,6,2024-04-30 12:46:00,7.0,0.42,7.42,credit
7406,179,10410,7,2024-04-30 11:10:00,37.89,2.27,40.16,credit
7407,233,10411,10,2024-04-30 11:59:00,3.0,0.18,3.18,mobile
7408,48,10412,13,2024-04-30 15:20:00,20.0,1.2,21.2,debit
7409,2,10413,5,2024-05-01 11:28:00,18.35,1.1,19.45,credit
7410,75,10415,1,2024-05-01 12:28:00,8.07,0.48,8.55,credit
7411,112,10416,10,2024-05-01 10:14:00,4.16,0.25,4.41,credit
7412,207,10417,1,2024-05-01 13:59:00,17.5,1.05,18.55,mobile
7413,41,10418,1,2024-05-01 12:12:00,4.0,0.24,4.24,debit
7414,67,10420,14,2024-05-01 13:38:00,10.0,0.6,10.6,debit
7415,73,10421,3,2024-05-01 11:31:00,17.01,1.02,18.03,mobile
7416,238,10424,13,2024-05-01 13:12:00,8.84,0.53,9.37,mobile
7417,74,10425,2,2024-05-01 14:56:00,4.5,0.27,4.77,debit
7418,121,10427,4,2024-05-01 10:56:00,3.5,0.21,3.71,credit
7419,4,10430,1,2024-05-02 15:17:00,29.79,1.79,31.58,mobile
7420,165,10431,5,2024-05-02 12:39:00,8.0,0.48,8.48,credit
7421,7,10432,14,2024-05-02 12:56:00,3.0,0.18,3.18,mobile
7422,207,10433,1,2024-05-02 12:18:00,6.3,0.38,6.68,debit
7423,159,10434,10,2024-05-02 14:57:00,9.51,0.57,10.08,debit
7424,75,10435,6,2024-05-02 10:24:00,28.35,1.7,30.05,credit
7425,128,10437,5,2024-05-02 13:59:00,9.48,0.57,10.05,debit
7426,100,10438,13,2024-05-02 13:25:00,13.3,0.8,14.1,credit
7427,92,10439,13,2024-05-02 15:40:00,3.5,0.21,3.71,mobile
7428,5,10440,4,2024-05-02 16:12:00,4.0,0.24,4.24,credit
7429,60,10442,11,2024-05-02 13:59:00,11.56,0.69,12.25,credit
7430,83,10443,1,2024-05-02 09:42:00,27.64,1.66,29.3,mobile
7431,141,10445,6,2024-05-02 12:35:00,20.28,1.22,21.5,debit
7432,168,10446,2,2024-05-02 13:59:00,7.44,0.45,7.89,credit
7433,77,10447,14,2024-05-02 11:42:00,4.0,0.24,4.24,debit
7434,56,10448,10,2024-05-02 10:59:00,6.46,0.39,6.85,mobile
7435,236,10449,14,2024-05-02 13:46:00,6.5,0.39,6.89,credit
7436,123,10451,1,2024-05-02 13:47:00,12.08,0.72,12.8,credit
7437,69,10454,4,2024-05-02 15:59:00,11.56,0.69,12.25,credit
7438,165,10455,11,2024-05-02 09:50:00,3.0,0.18,3.18,mobile
7439,158,10456,4,2024-05-02 16:59:00,31.26,1.88,33.14,debit
7440,2,10457,14,2024-05-02 12:55:00,29.76,1.79,31.55,debit
7441,182,10458,7,2024-05-03 13:59:00,9.44,0.57,10.01,credit
7442,111,10460,12,2024-05-03 14:32:00,7.0,0.42,7.42,credit
7443,48,10461,5,2024-05-03 10:50:00,20.25,1.21,21.46,debit
7444,41,10462,12,2024-05-03 09:58:00,4.73,0.28,5.01,credit
7445,7,10463,11,2024-05-03 09:32:00,4.0,0.24,4.24,debit
7446,74,10464,14,2024-05-03 10:49:00,21.3,1.28,22.58,debit
7447,135,10465,1,2024-05-03 15:40:00,4.0,0.24,4.24,mobile
7448,215,10466,5,2024-05-03 11:59:00,12.28,0.74,13.02,mobile
7449,48,10469,1,2024-05-03 12:59:00,6.0,0.36,6.36,credit
7450,97,10471,2,2024-05-03 14:59:00,16.23,0.97,17.2,mobile
7451,99,10472,3,2024-05-03 10:10:00,8.63,0.52,9.15,debit
7452,25,10473,10,2024-05-03 09:36:00,4.5,0.27,4.77,credit
7453,119,10474,13,2024-05-03 16:27:00,9.5,0.57,10.07,mobile
7454,232,10476,10,2024-05-03 16:59:00,9.98,0.6,10.58,credit
7455,2,10477,4,2024-05-03 10:14:00,7.75,0.46,8.21,credit
7456,162,10478,13,2024-05-03 13:59:00,8.47,0.51,8.98,credit
7457,2,10480,1,2024-05-03 16:59:00,11.75,0.7,12.45,debit
7458,163,10481,6,2024-05-03 15:26:00,51.0,3.06,54.06,credit
7459,82,10482,2,2024-05-03 11:53:00,5.78,0.35,6.13,credit
7460,179,10483,2,2024-05-03 15:49:00,4.61,0.28,4.89,credit
7461,141,10485,12,2024-05-03 10:59:00,7.5,0.45,7.95,credit
7462,77,10486,1,2024-05-03 15:59:00,3.5,0.21,3.71,credit
7463,2,10487,2,2024-05-04 14:37:00,5.98,0.36,6.34,credit
7464,107,10489,4,2024-05-04 13:25:00,6.96,0.42,7.38,mobile
7465,37,10490,11,2024-05-04 15:30:00,3.5,0.21,3.71,credit
7466,60,10491,13,2024-05-04 12:20:00,22.56,1.35,23.91,credit
7467,38,10492,4,2024-05-04 13:56:00,12.15,0.73,12.88,mobile
7468,56,10493,10,2024-05-04 12:16:00,26.21,1.57,27.78,credit
7469,2,10495,6,2024-05-04 09:37:00,32.85,1.97,34.82,mobile
7470,96,10496,1,2024-05-04 12:36:00,17.15,1.03,18.18,credit
7471,172,10497,1,2024-05-04 16:52:00,24.55,1.47,26.02,mobile
7472,76,10498,10,2024-05-04 13:43:00,3.0,0.18,3.18,credit
7473,5,10499,5,2024-05-04 13:28:00,22.3,1.34,23.64,credit
7474,235,10500,14,2024-05-04 12:22:00,7.0,0.42,7.42,credit
7475,14,10501,14,2024-05-04 15:20:00,6.33,0.38,6.71,mobile
7476,240,10504,6,2024-05-04 14:10:00,19.5,1.17,20.67,credit
7477,207,10505,5,2024-05-04 09:16:00,6.5,0.39,6.89,debit
7478,73,10506,6,2024-05-04 13:41:00,29.58,1.77,31.35,credit
7479,131,10508,14,2024-05-04 14:57:00,3.5,0.21,3.71,credit
7480,206,10509,3,2024-05-04 16:59:00,42.9,2.57,45.47,debit
7481,56,10511,1,2024-05-04 09:59:00,9.21,0.55,9.76,mobile
7482,5,10514,3,2024-05-05 09:59:00,39.0,2.34,41.34,mobile
7483,197,10515,12,2024-05-05 16:49:00,20.6,1.24,21.84,mobile
7484,106,10518,12,2024-05-05 16:38:00,12.6,0.76,13.36,debit
7485,69,10521,1,2024-05-05 11:44:00,8.0,0.48,8.48,mobile
7486,3,10522,14,2024-05-05 14:32:00,3.5,0.21,3.71,credit
7487,195,10523,12,2024-05-05 11:10:00,12.95,0.78,13.73,mobile
7488,148,10524,10,2024-05-05 11:59:00,4.5,0.27,4.77,credit
7489,141,10526,12,2024-05-05 10:13:00,6.3,0.38,6.68,mobile
7490,27,10530,3,2024-05-05 15:20:00,5.21,0.31,5.52,mobile
7491,233,10532,2,2024-05-05 16:10:00,33.73,2.02,35.75,credit
7492,240,10533,6,2024-05-05 11:44:00,4.5,0.27,4.77,mobile
7493,233,10534,13,2024-05-05 09:27:00,34.8,2.09,36.89,debit
7494,219,10535,1,2024-05-05 14:18:00,5.78,0.35,6.13,credit
7495,62,10536,13,2024-05-05 10:18:00,16.18,0.97,17.15,credit
7496,119,10537,14,2024-05-05 15:59:00,8.0,0.48,8.48,mobile
7497,4,10538,10,2024-05-05 09:44:00,9.06,0.54,9.6,debit
7498,2,10539,14,2024-05-05 09:59:00,10.71,0.64,11.35,credit
7499,111,10540,4,2024-05-05 16:59:00,6.3,0.38,6.68,mobile
7500,143,10541,4,2024-05-05 10:25:00,45.0,2.7,47.7,mobile
7501,53,10542,2,2024-05-05 15:59:00,5.59,0.34,5.93,credit
7502,141,10543,5,2024-05-05 13:39:00,8.0,0.48,8.48,debit
7503,118,10546,13,2024-05-05 09:23:00,22.1,1.33,23.43,credit
7504,6,10547,3,2024-05-05 11:59:00,8.0,0.48,8.48,mobile
7505,189,10548,5,2024-05-05 11:50:00,10.0,0.6,10.6,credit
7506,215,10550,10,2024-05-05 09:22:00,30.3,1.82,32.12,mobile
7507,121,10551,1,2024-05-06 15:22:00,8.0,0.48,8.48,credit
7508,3,10552,12,2024-05-06 10:59:00,3.5,0.21,3.71,mobile
7509,155,10553,3,2024-05-06 14:55:00,9.45,0.57,10.02,debit
7510,224,10554,2,2024-05-06 13:59:00,14.73,0.88,15.61,credit
7511,182,10555,14,2024-05-06 14:24:00,13.16,0.79,13.95,credit
7512,245,10557,13,2024-05-06 16:42:00,45.7,2.74,48.44,credit
7513,219,10558,5,2024-05-06 14:59:00,6.3,0.38,6.68,credit
7514,199,10559,13,2024-05-06 12:21:00,7.53,0.45,7.98,mobile
7515,234,10560,2,2024-05-06 10:59:00,10.8,0.65,11.45,credit
7516,89,10561,12,2024-05-06 12:35:00,8.0,0.48,8.48,credit
7517,2,10562,7,2024-05-06 14:56:00,24.25,1.45,25.7,credit
7518,219,10563,5,2024-05-06 11:11:00,7.0,0.42,7.42,credit
7519,195,10564,14,2024-05-06 15:17:00,8.73,0.52,9.25,mobile
7520,2,10567,3,2024-05-06 15:23:00,17.75,1.06,18.81,mobile
7521,10,10568,5,2024-05-06 12:20:00,8.85,0.53,9.38,mobile
7522,72,10569,2,2024-05-06 14:12:00,29.91,1.79,31.7,debit
7523,100,10570,14,2024-05-06 09:43:00,6.55,0.39,6.94,debit
7524,48,10572,10,2024-05-06 10:27:00,6.5,0.39,6.89,credit
7525,24,10574,4,2024-05-07 12:36:00,6.5,0.39,6.89,credit
7526,193,10575,3,2024-05-07 12:12:00,25.0,1.5,26.5,mobile
7527,215,10576,4,2024-05-07 12:53:00,8.0,0.48,8.48,debit
7528,224,10578,1,2024-05-07 14:28:00,4.73,0.28,5.01,mobile
7529,27,10580,1,2024-05-07 11:27:00,12.77,0.77,13.54,credit
7530,117,10581,7,2024-05-07 16:41:00,4.5,0.27,4.77,credit
7531,126,10583,11,2024-05-07 10:59:00,4.0,0.24,4.24,credit
7532,25,10587,10,2024-05-07 13:59:00,9.5,0.57,10.07,mobile
7533,66,10588,12,2024-05-07 13:22:00,12.0,0.72,12.72,credit
7534,238,10589,3,2024-05-07 13:43:00,12.14,0.73,12.87,debit
7535,237,10590,12,2024-05-07 15:59:00,17.75,1.06,18.81,debit
7536,10,10592,2,2024-05-07 10:31:00,4.85,0.29,5.14,credit
7537,233,10594,12,2024-05-08 14:50:00,8.0,0.48,8.48,credit
7538,238,10595,12,2024-05-08 16:59:00,14.84,0.89,15.73,credit
7539,103,10596,1,2024-05-08 14:42:00,11.44,0.69,12.13,credit
7540,117,10598,7,2024-05-08 09:55:00,19.5,1.17,20.67,debit
7541,158,10599,14,2024-05-08 16:43:00,41.91,2.51,44.42,credit
7542,155,10600,4,2024-05-08 09:31:00,15.75,0.94,16.69,mobile
7543,28,10601,2,2024-05-08 09:59:00,8.72,0.52,9.24,credit
7544,207,10602,13,2024-05-08 13:36:00,5.78,0.35,6.13,mobile
7545,63,10604,7,2024-05-08 09:18:00,17.0,1.02,18.02,debit
7546,110,10606,5,2024-05-08 12:50:00,10.0,0.6,10.6,credit
7547,7,10608,4,2024-05-08 09:52:00,8.0,0.48,8.48,mobile
7548,143,10609,6,2024-05-09 13:24:00,4.0,0.24,4.24,credit
7549,155,10610,5,2024-05-09 16:59:00,29.45,1.77,31.22,credit
7550,1,10611,5,2024-05-09 09:22:00,6.5,0.39,6.89,mobile
7551,73,10612,10,2024-05-09 15:36:00,4.0,0.24,4.24,credit
7552,77,10614,11,2024-05-09 14:27:00,16.0,0.96,16.96,mobile
7553,182,10616,7,2024-05-09 14:13:00,11.66,0.7,12.36,credit
7554,1,10617,5,2024-05-09 15:46:00,31.5,1.89,33.39,debit
7555,193,10619,7,2024-05-09 14:35:00,18.5,1.11,19.61,debit
7556,224,10621,1,2024-05-09 09:56:00,32.0,1.92,33.92,credit
7557,98,10622,2,2024-05-09 10:26:00,8.0,0.48,8.48,mobile
7558,74,10623,14,2024-05-09 12:35:00,15.5,0.93,16.43,mobile
7559,182,10624,12,2024-05-09 14:24:00,24.66,1.48,26.14,credit
7560,100,10626,4,2024-05-09 15:50:00,4.8,0.29,5.09,mobile
7561,237,10627,6,2024-05-09 13:59:00,4.0,0.24,4.24,debit
7562,148,10629,12,2024-05-09 16:45:00,7.0,0.42,7.42,mobile
7563,92,10630,7,2024-05-09 16:11:00,9.5,0.57,10.07,debit
7564,194,10631,11,2024-05-10 16:10:00,9.0,0.54,9.54,credit
7565,67,10632,11,2024-05-10 13:12:00,26.76,1.61,28.37,credit
7566,39,10633,12,2024-05-10 15:32:00,5.78,0.35,6.13,debit
7567,179,10634,3,2024-05-10 09:57:00,4.11,0.25,4.36,credit
7568,69,10635,3,2024-05-10 13:57:00,6.5,0.39,6.89,mobile
7569,233,10636,4,2024-05-10 13:59:00,8.0,0.48,8.48,debit
7570,215,10637,11,2024-05-10 10:30:00,5.78,0.35,6.13,mobile
7571,169,10640,7,2024-05-10 10:18:00,12.66,0.76,13.42,mobile
7572,128,10641,5,2024-05-10 11:19:00,7.98,0.48,8.46,mobile
7573,235,10644,12,2024-05-10 09:59:00,3.5,0.21,3.71,debit
7574,74,10645,2,2024-05-10 10:35:00,26.28,1.58,27.86,credit
7575,233,10646,5,2024-05-10 13:59:00,16.78,1.01,17.79,mobile
7576,135,10647,7,2024-05-10 10:16:00,12.08,0.72,12.8,credit
7577,228,10648,3,2024-05-10 10:42:00,15.0,0.9,15.9,mobile
7578,182,10649,7,2024-05-10 16:59:00,19.66,1.18,20.84,credit
7579,122,10650,11,2024-05-11 10:29:00,3.5,0.21,3.71,mobile
7580,91,10651,14,2024-05-11 15:39:00,25.23,1.51,26.74,mobile
7581,116,10653,5,2024-05-11 15:48:00,4.73,0.28,5.01,mobile
7582,23,10654,4,2024-05-11 10:26:00,4.0,0.24,4.24,credit
7583,236,10655,14,2024-05-11 09:59:00,10.0,0.6,10.6,credit
7584,33,10656,12,2024-05-11 13:44:00,6.3,0.38,6.68,credit
7585,45,10658,6,2024-05-11 12:44:00,11.75,0.7,12.45,debit
7586,141,10659,2,2024-05-11 16:58:00,3.5,0.21,3.71,credit
7587,73,10660,6,2024-05-11 16:44:00,20.08,1.2,21.28,mobile
7588,182,10661,6,2024-05-11 10:45:00,9.44,0.57,10.01,credit
7589,143,10663,6,2024-05-11 15:12:00,3.0,0.18,3.18,credit
7590,223,10664,2,2024-05-11 14:15:00,4.0,0.24,4.24,debit
7591,107,10665,14,2024-05-11 11:29:00,6.96,0.42,7.38,credit
7592,56,10666,12,2024-05-11 12:59:00,29.71,1.78,31.49,mobile
7593,89,10667,11,2024-05-11 14:59:00,9.78,0.59,10.37,credit
7594,64,10669,13,2024-05-11 15:52:00,9.15,0.55,9.7,mobile
7595,183,10672,13,2024-05-11 15:59:00,14.23,0.85,15.08,credit
7596,69,10673,5,2024-05-11 11:57:00,12.0,0.72,12.72,credit
7597,228,10674,2,2024-05-11 12:28:00,8.7,0.52,9.22,mobile
7598,151,10675,4,2024-05-11 12:11:00,4.0,0.24,4.24,mobile
7599,93,10676,11,2024-05-11 14:46:00,15.8,0.95,16.75,credit
7600,217,10677,13,2024-05-11 16:42:00,7.53,0.45,7.98,debit
7601,151,10678,12,2024-05-11 16:45:00,6.5,0.39,6.89,debit
7602,13,10679,11,2024-05-11 09:28:00,34.46,2.07,36.53,credit
7603,100,10680,6,2024-05-11 14:12:00,7.8,0.47,8.27,mobile
7604,155,10681,10,2024-05-11 16:59:00,46.51,2.79,49.3,debit
7605,165,10682,4,2024-05-11 10:12:00,5.78,0.35,6.13,mobile
7606,11,10683,12,2024-05-11 09:56:00,3.0,0.18,3.18,credit
7607,219,10684,4,2024-05-11 16:59:00,3.0,0.18,3.18,mobile
7608,172,10685,1,2024-05-11 11:35:00,39.1,2.35,41.45,mobile
7609,66,10686,2,2024-05-11 10:38:00,6.3,0.38,6.68,mobile
7610,143,10687,4,2024-05-11 13:10:00,4.5,0.27,4.77,credit
7611,3,10688,12,2024-05-11 14:30:00,41.8,2.51,44.31,credit
7612,1,10690,14,2024-05-11 11:59:00,8.0,0.48,8.48,mobile
7613,56,10691,11,2024-05-11 10:44:00,8.21,0.49,8.7,mobile
7614,5,10692,2,2024-05-12 14:28:00,10.0,0.6,10.6,mobile
7615,233,10693,11,2024-05-12 16:46:00,6.3,0.38,6.68,mobile
7616,160,10694,13,2024-05-12 16:45:00,4.73,0.28,5.01,credit
7617,25,10696,2,2024-05-12 15:10:00,6.3,0.38,6.68,credit
7618,21,10697,14,2024-05-12 12:59:00,29.59,1.78,31.37,debit
7619,89,10698,4,2024-05-12 09:31:00,36.5,2.19,38.69,credit
7620,208,10699,5,2024-05-12 11:14:00,7.78,0.47,8.25,credit
7621,165,10700,10,2024-05-12 14:59:00,3.5,0.21,3.71,mobile
7622,114,10701,2,2024-05-12 14:59:00,8.0,0.48,8.48,credit
7623,184,10703,11,2024-05-12 14:59:00,35.51,2.13,37.64,mobile
7624,56,10704,7,2024-05-12 16:44:00,4.71,0.28,4.99,credit
7625,34,10706,14,2024-05-12 10:36:00,4.81,0.29,5.1,credit
7626,189,10708,13,2024-05-12 10:34:00,21.03,1.26,22.29,mobile
7627,96,10711,11,2024-05-12 14:43:00,17.15,1.03,18.18,credit
7628,171,10712,12,2024-05-12 09:16:00,3.0,0.18,3.18,credit
7629,6,10713,5,2024-05-12 11:40:00,5.78,0.35,6.13,mobile
7630,92,10716,5,2024-05-12 11:59:00,6.5,0.39,6.89,credit
7631,201,10717,4,2024-05-13 11:43:00,5.25,0.32,5.57,credit
7632,172,10718,13,2024-05-13 10:59:00,5.78,0.35,6.13,credit
7633,157,10721,7,2024-05-13 10:51:00,8.0,0.48,8.48,credit
7634,2,10722,5,2024-05-13 14:59:00,8.25,0.49,8.74,credit
7635,160,10723,4,2024-05-13 10:44:00,23.01,1.38,24.39,mobile
7636,36,10726,11,2024-05-13 14:59:00,9.79,0.59,10.38,credit
7637,168,10727,7,2024-05-13 13:27:00,14.66,0.88,15.54,debit
7638,240,10729,12,2024-05-13 10:59:00,16.08,0.96,17.04,credit
7639,44,10733,11,2024-05-14 12:59:00,8.0,0.48,8.48,credit
7640,2,10734,10,2024-05-14 14:42:00,7.55,0.45,8.0,credit
7641,22,10735,7,2024-05-14 15:47:00,3.5,0.21,3.71,credit
7642,134,10737,12,2024-05-14 14:59:00,8.0,0.48,8.48,mobile
7643,153,10739,1,2024-05-14 09:55:00,26.8,1.61,28.41,credit
7644,244,10740,1,2024-05-14 12:57:00,8.0,0.48,8.48,credit
7645,20,10741,10,2024-05-14 15:33:00,11.5,0.69,12.19,debit
7646,126,10743,7,2024-05-14 11:37:00,21.3,1.28,22.58,debit
7647,5,10744,7,2024-05-14 10:58:00,6.5,0.39,6.89,credit
7648,74,10745,1,2024-05-14 10:13:00,12.6,0.76,13.36,debit
7649,196,10748,5,2024-05-14 15:34:00,40.46,2.43,42.89,credit
7650,141,10750,4,2024-05-14 12:23:00,22.0,1.32,23.32,credit
7651,27,10751,11,2024-05-14 16:21:00,10.71,0.64,11.35,credit
7652,203,10753,11,2024-05-14 10:14:00,31.81,1.91,33.72,mobile
7653,120,10757,4,2024-05-15 14:58:00,7.37,0.44,7.81,mobile
7654,74,10758,3,2024-05-15 13:48:00,4.5,0.27,4.77,credit
7655,224,10759,11,2024-05-15 15:59:00,15.5,0.93,16.43,credit
7656,148,10760,12,2024-05-15 12:26:00,4.0,0.24,4.24,credit
7657,135,10762,10,2024-05-15 14:35:00,5.78,0.35,6.13,credit
7658,185,10763,5,2024-05-15 10:44:00,27.5,1.65,29.15,mobile
7659,98,10766,12,2024-05-15 09:59:00,8.0,0.48,8.48,debit
7660,59,10767,3,2024-05-15 15:29:00,13.16,0.79,13.95,mobile
7661,103,10768,13,2024-05-15 16:30:00,26.44,1.59,28.03,mobile
7662,152,10769,13,2024-05-15 09:55:00,32.56,1.95,34.51,mobile
7663,55,10770,6,2024-05-15 12:10:00,3.76,0.23,3.99,credit
7664,238,10771,14,2024-05-15 16:42:00,6.34,0.38,6.72,mobile
7665,7,10772,1,2024-05-15 12:53:00,4.0,0.24,4.24,credit
7666,237,10774,2,2024-05-16 12:31:00,8.0,0.48,8.48,mobile
7667,239,10776,2,2024-05-16 13:28:00,6.5,0.39,6.89,credit
7668,169,10777,3,2024-05-16 11:23:00,9.1,0.55,9.65,credit
7669,107,10778,11,2024-05-16 14:19:00,6.46,0.39,6.85,credit
7670,77,10781,5,2024-05-16 12:59:00,12.0,0.72,12.72,credit
7671,3,10783,13,2024-05-16 09:59:00,11.0,0.66,11.66,credit
7672,160,10785,5,2024-05-16 11:42:00,25.0,1.5,26.5,credit
7673,62,10786,6,2024-05-16 12:44:00,7.98,0.48,8.46,mobile
7674,191,10789,14,2024-05-16 09:55:00,22.52,1.35,23.87,debit
7675,48,10792,10,2024-05-16 11:59:00,4.5,0.27,4.77,mobile
7676,237,10793,10,2024-05-16 13:27:00,3.0,0.18,3.18,credit
7677,151,10794,5,2024-05-16 10:59:00,5.25,0.32,5.57,debit
7678,60,10795,4,2024-05-16 16:59:00,53.06,3.18,56.24,credit
7679,123,10796,4,2024-05-16 11:59:00,4.0,0.24,4.24,credit
7680,195,10797,4,2024-05-16 14:28:00,36.73,2.2,38.93,mobile
7681,3,10800,11,2024-05-16 12:30:00,4.0,0.24,4.24,debit
7682,1,10802,3,2024-05-16 16:10:00,5.78,0.35,6.13,credit
7683,27,10803,14,2024-05-17 12:59:00,38.59,2.32,40.91,credit
7684,10,10806,1,2024-05-17 09:59:00,4.35,0.26,4.61,debit
7685,228,10809,11,2024-05-17 14:26:00,8.18,0.49,8.67,credit
7686,118,10810,13,2024-05-17 09:33:00,9.54,0.57,10.11,credit
7687,228,10811,11,2024-05-17 12:12:00,10.4,0.62,11.02,mobile
7688,155,10813,6,2024-05-17 16:40:00,4.45,0.27,4.72,credit
7689,1,10815,13,2024-05-17 10:44:00,8.0,0.48,8.48,debit
7690,82,10816,6,2024-05-17 09:59:00,11.56,0.69,12.25,mobile
7691,234,10818,6,2024-05-17 12:59:00,5.3,0.32,5.62,mobile
7692,73,10819,7,2024-05-17 12:52:00,8.0,0.48,8.48,mobile
7693,89,10821,2,2024-05-18 16:45:00,13.78,0.83,14.61,credit
7694,120,10822,14,2024-05-18 14:11:00,9.59,0.58,10.17,mobile
7695,185,10824,14,2024-05-18 12:50:00,10.3,0.62,10.92,debit
7696,114,10828,2,2024-05-18 15:29:00,28.84,1.73,30.57,credit
7697,193,10830,1,2024-05-18 13:59:00,24.5,1.47,25.97,credit
7698,93,10835,4,2024-05-18 14:26:00,3.5,0.21,3.71,debit
7699,242,10838,7,2024-05-18 11:42:00,6.3,0.38,6.68,credit
7700,155,10839,5,2024-05-18 12:32:00,7.23,0.43,7.66,credit
7701,143,10840,5,2024-05-18 11:28:00,24.0,1.44,25.44,credit
7702,114,10841,10,2024-05-18 10:35:00,8.0,0.48,8.48,credit
7703,71,10842,2,2024-05-18 09:59:00,10.0,0.6,10.6,debit
7704,5,10843,12,2024-05-18 11:25:00,20.0,1.2,21.2,mobile
7705,111,10844,12,2024-05-18 16:59:00,21.8,1.31,23.11,credit
7706,172,10845,2,2024-05-18 13:19:00,3.5,0.21,3.71,debit
7707,155,10846,5,2024-05-19 10:37:00,17.45,1.05,18.5,debit
7708,183,10847,2,2024-05-19 10:59:00,5.78,0.35,6.13,credit
7709,231,10848,3,2024-05-19 09:52:00,6.3,0.38,6.68,credit
7710,194,10850,7,2024-05-19 13:25:00,8.0,0.48,8.48,credit
7711,69,10852,12,2024-05-19 14:22:00,16.0,0.96,16.96,credit
7712,28,10853,7,2024-05-19 15:44:00,11.92,0.72,12.64,credit
7713,170,10854,5,2024-05-19 10:14:00,6.09,0.37,6.46,mobile
7714,8,10855,2,2024-05-19 12:49:00,7.27,0.44,7.71,credit
7715,82,10856,11,2024-05-19 09:58:00,4.5,0.27,4.77,mobile
7716,195,10859,13,2024-05-19 14:36:00,15.95,0.96,16.91,credit
7717,114,10860,14,2024-05-19 09:26:00,3.5,0.21,3.71,credit
7718,249,10862,14,2024-05-19 11:46:00,12.5,0.75,13.25,mobile
7719,27,10864,5,2024-05-19 10:20:00,15.51,0.93,16.44,mobile
7720,56,10865,6,2024-05-19 10:29:00,32.31,1.94,34.25,mobile
7721,73,10868,10,2024-05-19 10:53:00,4.73,0.28,5.01,mobile
7722,7,10869,7,2024-05-19 14:23:00,8.0,0.48,8.48,credit
7723,100,10871,12,2024-05-19 09:21:00,16.3,0.98,17.28,credit
7724,72,10872,2,2024-05-19 15:58:00,5.03,0.3,5.33,mobile
7725,77,10873,4,2024-05-19 16:31:00,16.0,0.96,16.96,mobile
7726,203,10876,14,2024-05-19 14:25:00,5.25,0.32,5.57,credit
7727,74,10877,14,2024-05-20 15:59:00,8.0,0.48,8.48,credit
7728,52,10878,11,2024-05-20 11:44:00,8.0,0.48,8.48,mobile
7729,9,10879,12,2024-05-20 11:56:00,16.0,0.96,16.96,mobile
7730,182,10880,2,2024-05-20 10:28:00,20.66,1.24,21.9,credit
7731,213,10881,5,2024-05-20 16:36:00,26.0,1.56,27.56,mobile
7732,3,10882,11,2024-05-20 12:43:00,17.78,1.07,18.85,credit
7733,162,10883,6,2024-05-20 13:13:00,10.69,0.64,11.33,credit
7734,107,10888,5,2024-05-20 10:31:00,16.96,1.02,17.98,credit
7735,99,10889,2,2024-05-20 10:50:00,10.2,0.61,10.81,mobile
7736,149,10891,6,2024-05-20 10:59:00,34.06,2.04,36.1,mobile
7737,215,10892,7,2024-05-20 09:59:00,5.25,0.32,5.57,credit
7738,84,10893,14,2024-05-20 09:35:00,8.0,0.48,8.48,credit
7739,53,10894,13,2024-05-20 16:36:00,5.59,0.34,5.93,mobile
7740,79,10895,12,2024-05-20 16:31:00,16.0,0.96,16.96,mobile
7741,98,10897,13,2024-05-21 10:51:00,8.0,0.48,8.48,credit
7742,237,10898,1,2024-05-21 09:59:00,3.0,0.18,3.18,credit
7743,27,10899,6,2024-05-21 09:55:00,10.71,0.64,11.35,mobile
7744,106,10900,4,2024-05-21 09:36:00,3.5,0.21,3.71,mobile
7745,217,10901,5,2024-05-21 11:21:00,30.26,1.82,32.08,debit
7746,148,10903,1,2024-05-21 12:40:00,12.0,0.72,12.72,mobile
7747,39,10904,13,2024-05-21 10:59:00,25.0,1.5,26.5,mobile
7748,121,10905,3,2024-05-21 10:53:00,20.0,1.2,21.2,debit
7749,47,10906,5,2024-05-21 11:43:00,20.0,1.2,21.2,credit
7750,155,10907,10,2024-05-21 13:38:00,10.95,0.66,11.61,mobile
7751,200,10909,14,2024-05-21 16:45:00,24.0,1.44,25.44,credit
7752,1,10910,12,2024-05-21 09:40:00,11.56,0.69,12.25,credit
7753,28,10911,14,2024-05-21 12:17:00,6.92,0.42,7.34,credit
7754,123,10915,3,2024-05-21 12:50:00,5.25,0.32,5.57,credit
7755,180,10916,12,2024-05-21 10:59:00,19.0,1.14,20.14,mobile
7756,4,10917,13,2024-05-21 10:59:00,4.06,0.24,4.3,debit
7757,9,10918,5,2024-05-21 13:26:00,8.0,0.48,8.48,credit
7758,73,10919,3,2024-05-21 13:40:00,8.0,0.48,8.48,debit
7759,61,10922,4,2024-05-21 14:59:00,3.0,0.18,3.18,credit
7760,21,10924,11,2024-05-22 12:25:00,8.34,0.5,8.84,mobile
7761,200,10925,4,2024-05-22 12:46:00,7.5,0.45,7.95,mobile
7762,26,10926,11,2024-05-22 11:33:00,4.27,0.26,4.53,mobile
7763,236,10927,10,2024-05-22 12:25:00,9.8,0.59,10.39,debit
7764,182,10930,7,2024-05-22 16:41:00,8.16,0.49,8.65,credit
7765,181,10931,11,2024-05-22 15:39:00,5.78,0.35,6.13,mobile
7766,64,10932,4,2024-05-22 14:24:00,4.65,0.28,4.93,credit
7767,14,10933,7,2024-05-22 15:46:00,7.08,0.42,7.5,credit
7768,91,10934,4,2024-05-22 14:10:00,9.46,0.57,10.03,credit
7769,47,10935,3,2024-05-22 14:59:00,9.5,0.57,10.07,credit
7770,168,10937,11,2024-05-22 14:59:00,29.94,1.8,31.74,mobile
7771,238,10938,13,2024-05-22 15:45:00,8.12,0.49,8.61,credit
7772,170,10939,6,2024-05-22 09:59:00,6.62,0.4,7.02,credit
7773,172,10940,6,2024-05-22 09:13:00,6.5,0.39,6.89,credit
7774,77,10941,10,2024-05-22 10:59:00,8.0,0.48,8.48,debit
7775,73,10942,2,2024-05-22 11:48:00,15.08,0.9,15.98,debit
7776,215,10944,6,2024-05-22 09:59:00,6.3,0.38,6.68,debit
7777,56,10945,3,2024-05-22 10:26:00,9.21,0.55,9.76,mobile
7778,56,10947,2,2024-05-22 15:39:00,17.21,1.03,18.24,debit
7779,206,10948,6,2024-05-22 13:25:00,23.68,1.42,25.1,credit
7780,83,10950,13,2024-05-22 09:36:00,5.13,0.31,5.44,mobile
7781,179,10951,11,2024-05-22 10:15:00,6.89,0.41,7.3,credit
7782,150,10953,7,2024-05-23 09:23:00,29.03,1.74,30.77,debit
7783,142,10955,1,2024-05-23 09:33:00,12.98,0.78,13.76,mobile
7784,57,10956,11,2024-05-23 11:42:00,8.0,0.48,8.48,credit
7785,21,10957,4,2024-05-23 14:29:00,8.54,0.51,9.05,mobile
7786,170,10958,14,2024-05-23 16:23:00,15.84,0.95,16.79,credit
7787,201,10959,14,2024-05-23 12:59:00,6.5,0.39,6.89,credit
7788,168,10960,7,2024-05-23 12:59:00,9.66,0.58,10.24,mobile
7789,22,10963,6,2024-05-23 16:41:00,4.5,0.27,4.77,credit
7790,60,10964,1,2024-05-23 15:25:00,13.5,0.81,14.31,mobile
7791,165,10967,4,2024-05-23 11:49:00,6.5,0.39,6.89,mobile
7792,36,10968,2,2024-05-23 11:58:00,16.79,1.01,17.8,credit
7793,47,10969,11,2024-05-23 11:27:00,5.78,0.35,6.13,credit
7794,43,10970,12,2024-05-23 10:42:00,23.5,1.41,24.91,credit
7795,160,10971,6,2024-05-23 10:59:00,12.6,0.76,13.36,credit
7796,117,10972,13,2024-05-23 11:44:00,12.78,0.77,13.55,credit
7797,34,10973,2,2024-05-23 16:15:00,4.81,0.29,5.1,credit
7798,69,10974,12,2024-05-24 11:59:00,4.5,0.27,4.77,mobile
7799,69,10975,14,2024-05-24 14:59:00,14.0,0.84,14.84,credit
7800,172,10976,2,2024-05-24 15:34:00,13.0,0.78,13.78,mobile
7801,162,10977,13,2024-05-24 10:59:00,16.69,1.0,17.69,credit
7802,31,10978,5,2024-05-24 15:58:00,37.78,2.27,40.05,credit
7803,122,10979,3,2024-05-24 13:25:00,8.0,0.48,8.48,debit
7804,141,10980,11,2024-05-24 12:28:00,22.53,1.35,23.88,credit
7805,110,10981,5,2024-05-24 15:59:00,38.78,2.33,41.11,mobile
7806,215,10982,12,2024-05-24 15:44:00,24.3,1.46,25.76,credit
7807,91,10983,11,2024-05-24 12:12:00,44.8,2.69,47.49,credit
7808,71,10984,1,2024-05-24 12:26:00,17.34,1.04,18.38,credit
7809,231,10985,5,2024-05-24 14:59:00,4.5,0.27,4.77,credit
7810,43,10987,10,2024-05-24 12:59:00,13.0,0.78,13.78,credit
7811,118,10988,3,2024-05-24 14:40:00,6.04,0.36,6.4,credit
7812,4,10989,11,2024-05-24 15:59:00,5.56,0.33,5.89,credit
7813,179,10990,1,2024-05-24 11:59:00,5.61,0.34,5.95,debit
7814,236,10991,3,2024-05-24 13:38:00,49.3,2.96,52.26,credit
7815,2,10992,12,2024-05-24 10:13:00,7.55,0.45,8.0,mobile
7816,219,10995,5,2024-05-24 16:29:00,6.5,0.39,6.89,mobile
7817,77,10996,12,2024-05-24 14:39:00,6.5,0.39,6.89,mobile
7818,23,10997,4,2024-05-24 13:39:00,27.5,1.65,29.15,mobile
7819,96,10998,1,2024-05-24 10:12:00,38.01,2.28,40.29,credit
7820,56,10999,1,2024-05-24 09:35:00,9.21,0.55,9.76,credit
7821,155,11001,6,2024-05-25 13:25:00,8.45,0.51,8.96,mobile
7822,2,11003,12,2024-05-25 09:45:00,5.25,0.32,5.57,debit
7823,239,11004,3,2024-05-25 16:45:00,6.5,0.39,6.89,credit
7824,43,11005,2,2024-05-25 11:59:00,7.5,0.45,7.95,mobile
7825,69,11007,5,2024-05-25 11:59:00,11.56,0.69,12.25,mobile
7826,180,11008,10,2024-05-25 16:26:00,42.78,2.57,45.35,credit
7827,121,11009,12,2024-05-25 16:44:00,8.0,0.48,8.48,credit
7828,40,11011,11,2024-05-25 16:49:00,7.14,0.43,7.57,debit
7829,91,11012,6,2024-05-25 15:26:00,8.0,0.48,8.48,mobile
7830,203,11013,4,2024-05-25 10:16:00,4.5,0.27,4.77,mobile
7831,61,11014,14,2024-05-25 09:47:00,4.0,0.24,4.24,mobile
7832,13,11017,14,2024-05-25 14:59:00,8.0,0.48,8.48,credit
7833,223,11021,14,2024-05-25 10:10:00,7.0,0.42,7.42,mobile
7834,120,11023,11,2024-05-25 13:38:00,17.09,1.03,18.12,credit
7835,2,11025,3,2024-05-25 16:16:00,5.98,0.36,6.34,credit
7836,92,11026,2,2024-05-25 13:40:00,15.78,0.95,16.73,credit
7837,189,11027,6,2024-05-25 11:30:00,7.0,0.42,7.42,credit
7838,100,11028,10,2024-05-25 16:59:00,33.55,2.01,35.56,mobile
7839,80,11029,2,2024-05-25 09:29:00,4.0,0.24,4.24,credit
7840,155,11030,10,2024-05-25 10:43:00,6.7,0.4,7.1,debit
7841,155,11031,10,2024-05-25 09:25:00,9.45,0.57,10.02,credit
7842,122,11032,5,2024-05-25 16:59:00,35.8,2.15,37.95,credit
7843,153,11033,5,2024-05-25 11:54:00,8.0,0.48,8.48,debit
7844,7,11034,3,2024-05-25 15:55:00,8.0,0.48,8.48,credit
7845,245,11036,2,2024-05-25 16:22:00,7.47,0.45,7.92,credit
7846,16,11037,11,2024-05-25 12:30:00,5.78,0.35,6.13,credit
7847,158,11038,6,2024-05-25 14:14:00,7.53,0.45,7.98,credit
7848,84,11039,11,2024-05-25 12:59:00,8.0,0.48,8.48,debit
7849,2,11040,2,2024-05-25 12:59:00,26.25,1.57,27.82,mobile
7850,245,11041,5,2024-05-25 15:40:00,8.22,0.49,8.71,credit
7851,3,11042,5,2024-05-26 10:51:00,6.3,0.38,6.68,credit
7852,16,11043,10,2024-05-26 13:46:00,4.5,0.27,4.77,credit
7853,67,11044,12,2024-05-26 12:19:00,8.0,0.48,8.48,mobile
7854,236,11045,7,2024-05-26 12:28:00,8.0,0.48,8.48,mobile
7855,71,11047,11,2024-05-26 16:59:00,4.73,0.28,5.01,credit
7856,69,11048,14,2024-05-26 09:54:00,3.0,0.18,3.18,credit
7857,135,11050,14,2024-05-26 16:58:00,8.0,0.48,8.48,credit
7858,59,11051,13,2024-05-26 13:40:00,9.6,0.58,10.18,credit
7859,169,11052,5,2024-05-26 09:46:00,44.1,2.65,46.75,mobile
7860,136,11054,4,2024-05-26 16:45:00,10.3,0.62,10.92,mobile
7861,2,11056,6,2024-05-26 14:54:00,9.25,0.55,9.8,debit
7862,240,11059,11,2024-05-26 10:25:00,24.35,1.46,25.81,credit
7863,67,11060,11,2024-05-26 11:43:00,8.0,0.48,8.48,credit
7864,199,11062,10,2024-05-26 16:45:00,13.83,0.83,14.66,mobile
7865,165,11063,12,2024-05-26 10:23:00,3.5,0.21,3.71,credit
7866,207,11065,13,2024-05-26 09:59:00,20.28,1.22,21.5,mobile
7867,160,11066,10,2024-05-26 13:59:00,7.0,0.42,7.42,credit
7868,23,11067,5,2024-05-26 16:55:00,19.56,1.17,20.73,mobile
7869,98,11069,1,2024-05-26 11:10:00,25.0,1.5,26.5,mobile
7870,195,11070,2,2024-05-26 15:12:00,17.95,1.08,19.03,mobile
7871,228,11071,10,2024-05-26 16:42:00,9.4,0.56,9.96,credit
7872,98,11072,10,2024-05-26 10:16:00,8.0,0.48,8.48,credit
7873,3,11073,14,2024-05-26 13:35:00,10.0,0.6,10.6,credit
7874,61,11074,13,2024-05-26 14:44:00,6.5,0.39,6.89,debit
7875,237,11075,12,2024-05-26 15:27:00,8.0,0.48,8.48,mobile
7876,200,11077,6,2024-05-27 15:59:00,7.0,0.42,7.42,credit
7877,1,11078,5,2024-05-27 13:36:00,7.0,0.42,7.42,credit
7878,143,11079,6,2024-05-27 15:37:00,16.3,0.98,17.28,credit
7879,83,11080,14,2024-05-27 09:33:00,5.13,0.31,5.44,credit
7880,242,11081,2,2024-05-27 11:59:00,5.25,0.32,5.57,credit
7881,92,11082,3,2024-05-27 16:59:00,3.5,0.21,3.71,mobile
7882,69,11083,4,2024-05-27 14:30:00,10.5,0.63,11.13,credit
7883,190,11084,11,2024-05-27 13:28:00,4.5,0.27,4.77,credit
7884,48,11085,12,2024-05-27 10:18:00,5.78,0.35,6.13,debit
7885,224,11086,11,2024-05-27 15:47:00,16.73,1.0,17.73,mobile
7886,1,11087,6,2024-05-27 11:59:00,8.0,0.48,8.48,mobile
7887,48,11090,14,2024-05-27 14:43:00,4.0,0.24,4.24,mobile
7888,213,11091,12,2024-05-27 09:33:00,15.56,0.93,16.49,credit
7889,112,11094,6,2024-05-27 12:17:00,7.46,0.45,7.91,credit
7890,105,11095,6,2024-05-27 16:40:00,21.78,1.31,23.09,mobile
7891,189,11096,10,2024-05-27 13:59:00,3.0,0.18,3.18,credit
7892,15,11097,3,2024-05-27 14:29:00,7.0,0.42,7.42,credit
7893,2,11101,1,2024-05-27 12:57:00,19.25,1.16,20.41,credit
7894,135,11103,10,2024-05-28 09:58:00,16.0,0.96,16.96,debit
7895,92,11105,10,2024-05-28 13:59:00,6.5,0.39,6.89,mobile
7896,44,11108,1,2024-05-28 11:55:00,13.5,0.81,14.31,credit
7897,99,11109,14,2024-05-28 10:45:00,7.9,0.47,8.37,credit
7898,110,11110,2,2024-05-28 09:30:00,3.5,0.21,3.71,mobile
7899,199,11112,11,2024-05-28 12:25:00,4.73,0.28,5.01,credit
7900,55,11113,3,2024-05-28 09:14:00,20.36,1.22,21.58,mobile
7901,164,11114,7,2024-05-28 12:16:00,25.5,1.53,27.03,mobile
7902,135,11115,5,2024-05-28 12:58:00,6.5,0.39,6.89,mobile
7903,32,11116,4,2024-05-28 12:17:00,16.0,0.96,16.96,credit
7904,162,11117,7,2024-05-28 09:57:00,9.69,0.58,10.27,credit
7905,234,11118,11,2024-05-28 13:59:00,8.3,0.5,8.8,mobile
7906,56,11121,5,2024-05-28 15:31:00,4.21,0.25,4.46,mobile
7907,107,11125,2,2024-05-28 11:59:00,17.46,1.05,18.51,credit
7908,137,11126,12,2024-05-28 11:27:00,8.0,0.48,8.48,credit
7909,76,11127,12,2024-05-29 11:26:00,39.5,2.37,41.87,mobile
7910,98,11129,14,2024-05-29 10:59:00,8.0,0.48,8.48,debit
7911,215,11133,5,2024-05-29 11:10:00,4.73,0.28,5.01,credit
7912,195,11136,4,2024-05-29 14:48:00,10.95,0.66,11.61,mobile
7913,2,11137,14,2024-05-29 16:48:00,15.25,0.91,16.16,debit
7914,38,11138,2,2024-05-29 14:59:00,5.37,0.32,5.69,credit
7915,228,11139,2,2024-05-29 14:12:00,6.4,0.38,6.78,debit
7916,21,11140,10,2024-05-29 09:59:00,10.04,0.6,10.64,credit
7917,173,11142,3,2024-05-29 10:13:00,33.91,2.03,35.94,credit
7918,143,11143,5,2024-05-30 09:32:00,9.5,0.57,10.07,debit
7919,48,11144,14,2024-05-30 11:26:00,12.6,0.76,13.36,credit
7920,48,11147,11,2024-05-30 13:52:00,8.0,0.48,8.48,mobile
7921,15,11148,7,2024-05-30 10:59:00,6.3,0.38,6.68,credit
7922,98,11149,1,2024-05-30 15:10:00,15.0,0.9,15.9,mobile
7923,91,11151,14,2024-05-30 14:59:00,4.0,0.24,4.24,credit
7924,192,11155,5,2024-05-30 12:19:00,23.73,1.42,25.15,credit
7925,186,11158,3,2024-05-30 16:35:00,9.5,0.57,10.07,credit
7926,122,11159,4,2024-05-31 11:35:00,15.23,0.91,16.14,credit
7927,97,11160,13,2024-05-31 16:59:00,4.0,0.24,4.24,debit
7928,182,11161,1,2024-05-31 11:23:00,11.66,0.7,12.36,debit
7929,219,11163,10,2024-05-31 10:59:00,28.24,1.69,29.93,credit
7930,5,11164,12,2024-05-31 11:56:00,3.5,0.21,3.71,debit
7931,215,11166,1,2024-05-31 09:25:00,10.0,0.6,10.6,credit
7932,228,11167,4,2024-05-31 09:42:00,43.69,2.62,46.31,credit
7933,135,11168,2,2024-05-31 10:57:00,6.5,0.39,6.89,mobile
7934,155,11169,4,2024-05-31 12:33:00,7.95,0.48,8.43,credit
7935,93,11172,3,2024-05-31 10:53:00,18.28,1.1,19.38,credit
7936,209,11173,13,2024-05-31 16:59:00,14.97,0.9,15.87,credit
7937,165,11174,11,2024-05-31 10:10:00,7.0,0.42,7.42,mobile
7938,25,11176,1,2024-05-31 15:57:00,5.78,0.35,6.13,credit
7939,207,11177,10,2024-05-31 09:34:00,20.78,1.25,22.03,credit
7940,75,11179,4,2024-05-31 13:42:00,13.85,0.83,14.68,credit
7941,236,11180,4,2024-05-31 13:37:00,8.78,0.53,9.31,credit
7942,165,11182,10,2024-05-31 16:49:00,6.5,0.39,6.89,mobile
7943,92,11183,6,2024-05-31 10:12:00,5.25,0.32,5.57,credit
7944,233,11184,14,2024-06-01 14:16:00,22.47,1.35,23.82,debit
7945,215,11185,12,2024-06-01 10:59:00,6.5,0.39,6.89,credit
7946,111,11186,10,2024-06-01 12:41:00,4.0,0.24,4.24,mobile
7947,1,11187,4,2024-06-01 09:59:00,8.0,0.48,8.48,credit
7948,233,11188,12,2024-06-01 16:36:00,8.0,0.48,8.48,debit
7949,1,11190,2,2024-06-01 12:25:00,17.2,1.03,18.23,mobile
7950,172,11191,11,2024-06-01 10:59:00,14.0,0.84,14.84,credit
7951,238,11193,6,2024-06-01 10:59:00,9.34,0.56,9.9,credit
7952,203,11194,13,2024-06-01 13:59:00,8.4,0.5,8.9,mobile
7953,11,11195,10,2024-06-01 12:44:00,3.0,0.18,3.18,credit
7954,5,11196,11,2024-06-01 14:59:00,7.0,0.42,7.42,mobile
7955,53,11197,3,2024-06-01 16:59:00,5.59,0.34,5.93,credit
7956,61,11198,1,2024-06-01 16:59:00,8.4,0.5,8.9,mobile
7957,96,11199,2,2024-06-01 16:59:00,7.22,0.43,7.65,credit
7958,106,11201,4,2024-06-01 12:59:00,25.0,1.5,26.5,debit
7959,61,11202,6,2024-06-01 13:56:00,4.5,0.27,4.77,credit
7960,25,11203,2,2024-06-01 14:56:00,8.0,0.48,8.48,credit
7961,240,11204,14,2024-06-01 10:59:00,9.0,0.54,9.54,debit
7962,74,11205,3,2024-06-01 14:51:00,46.0,2.76,48.76,debit
7963,92,11206,7,2024-06-01 09:59:00,6.07,0.36,6.43,credit
7964,91,11208,5,2024-06-01 15:59:00,23.81,1.43,25.24,mobile
7965,134,11209,14,2024-06-02 10:59:00,15.0,0.9,15.9,mobile
7966,165,11210,2,2024-06-02 11:59:00,9.97,0.6,10.57,mobile
7967,120,11211,13,2024-06-02 15:31:00,5.59,0.34,5.93,credit
7968,165,11213,12,2024-06-02 11:59:00,3.5,0.21,3.71,mobile
7969,210,11214,1,2024-06-02 09:59:00,7.88,0.47,8.35,credit
7970,128,11215,12,2024-06-02 13:59:00,17.48,1.05,18.53,credit
7971,91,11217,12,2024-06-02 13:42:00,4.97,0.3,5.27,mobile
7972,219,11222,3,2024-06-02 15:30:00,6.5,0.39,6.89,mobile
7973,100,11225,1,2024-06-02 16:43:00,26.88,1.61,28.49,mobile
7974,125,11226,12,2024-06-02 10:59:00,21.86,1.31,23.17,credit
7975,11,11229,4,2024-06-03 09:30:00,16.0,0.96,16.96,credit
7976,2,11231,6,2024-06-03 11:11:00,29.25,1.75,31.0,credit
7977,92,11232,7,2024-06-03 10:43:00,17.47,1.05,18.52,credit
7978,69,11233,13,2024-06-03 12:16:00,23.0,1.38,24.38,debit
7979,183,11234,13,2024-06-03 09:59:00,14.0,0.84,14.84,credit
7980,2,11235,13,2024-06-03 09:59:00,9.25,0.55,9.8,debit
7981,61,11236,7,2024-06-03 11:35:00,4.0,0.24,4.24,credit
7982,77,11237,5,2024-06-03 09:53:00,9.97,0.6,10.57,credit
7983,68,11238,3,2024-06-03 10:48:00,5.51,0.33,5.84,debit
7984,68,11239,10,2024-06-03 13:32:00,18.18,1.09,19.27,credit
7985,33,11240,1,2024-06-03 10:18:00,7.0,0.42,7.42,credit
7986,125,11241,2,2024-06-03 09:51:00,4.39,0.26,4.65,credit
7987,3,11242,3,2024-06-03 09:28:00,7.0,0.42,7.42,credit
7988,195,11243,1,2024-06-03 16:53:00,34.97,2.1,37.07,mobile
7989,181,11245,10,2024-06-03 13:59:00,3.5,0.21,3.71,credit
7990,56,11248,14,2024-06-04 15:45:00,7.28,0.44,7.72,credit
7991,91,11249,4,2024-06-04 12:32:00,16.0,0.96,16.96,credit
7992,107,11250,3,2024-06-04 11:36:00,10.86,0.65,11.51,mobile
7993,102,11252,1,2024-06-04 12:58:00,14.9,0.89,15.79,credit
7994,23,11254,2,2024-06-04 12:10:00,8.0,0.48,8.48,mobile
7995,242,11255,13,2024-06-04 09:31:00,29.7,1.78,31.48,credit
7996,59,11256,4,2024-06-04 16:59:00,14.29,0.86,15.15,mobile
7997,120,11257,2,2024-06-04 15:55:00,16.06,0.96,17.02,credit
7998,103,11259,7,2024-06-04 12:13:00,30.74,1.84,32.58,credit
7999,122,11262,11,2024-06-04 09:50:00,32.36,1.94,34.3,debit
8000,93,11263,12,2024-06-04 14:22:00,10.57,0.63,11.2,mobile
8001,207,11264,6,2024-06-04 16:32:00,12.13,0.73,12.86,credit
8002,5,11265,3,2024-06-05 16:41:00,6.62,0.4,7.02,mobile
8003,220,11266,1,2024-06-05 16:52:00,8.0,0.48,8.48,credit
8004,69,11267,5,2024-06-05 12:59:00,8.0,0.48,8.48,credit
8005,195,11268,13,2024-06-05 09:34:00,10.31,0.62,10.93,mobile
8006,135,11269,3,2024-06-05 14:59:00,6.62,0.4,7.02,credit
8007,14,11271,14,2024-06-05 13:31:00,7.9,0.47,8.37,credit
8008,135,11273,11,2024-06-05 09:24:00,8.0,0.48,8.48,credit
8009,63,11274,13,2024-06-05 12:41:00,4.5,0.27,4.77,credit
8010,1,11275,13,2024-06-05 15:17:00,6.62,0.4,7.02,credit
8011,4,11276,7,2024-06-05 11:43:00,9.06,0.54,9.6,credit
8012,124,11277,11,2024-06-05 16:22:00,10.5,0.63,11.13,debit
8013,64,11278,3,2024-06-05 14:36:00,11.65,0.7,12.35,credit
8014,143,11279,14,2024-06-05 15:58:00,13.24,0.79,14.03,debit
8015,110,11280,4,2024-06-05 16:19:00,14.47,0.87,15.34,mobile
8016,198,11281,7,2024-06-05 13:17:00,3.0,0.18,3.18,mobile
8017,179,11282,2,2024-06-05 15:59:00,6.08,0.36,6.44,credit
8018,232,11283,6,2024-06-06 09:10:00,14.22,0.85,15.07,credit
8019,34,11284,11,2024-06-06 10:59:00,40.59,2.44,43.03,debit
8020,112,11285,7,2024-06-06 16:12:00,47.86,2.87,50.73,mobile
8021,69,11288,1,2024-06-06 15:51:00,3.0,0.18,3.18,credit
8022,114,11289,13,2024-06-06 10:45:00,3.5,0.21,3.71,mobile
8023,65,11290,13,2024-06-06 14:41:00,12.97,0.78,13.75,credit
8024,78,11291,10,2024-06-06 15:59:00,12.91,0.77,13.68,credit
8025,141,11292,10,2024-06-06 12:43:00,8.4,0.5,8.9,mobile
8026,149,11293,6,2024-06-06 09:35:00,10.96,0.66,11.62,mobile
8027,189,11294,11,2024-06-06 13:41:00,3.5,0.21,3.71,debit
8028,2,11295,11,2024-06-06 13:42:00,5.25,0.32,5.57,mobile
8029,111,11296,14,2024-06-06 11:51:00,10.5,0.63,11.13,mobile
8030,243,11297,13,2024-06-06 12:23:00,13.27,0.8,14.07,credit
8031,115,11298,13,2024-06-06 12:56:00,6.07,0.36,6.43,mobile
8032,184,11299,5,2024-06-06 10:58:00,25.78,1.55,27.33,mobile
8033,128,11300,13,2024-06-06 16:40:00,21.42,1.29,22.71,credit
8034,48,11301,5,2024-06-06 14:59:00,6.07,0.36,6.43,debit
8035,110,11302,3,2024-06-06 15:10:00,27.4,1.64,29.04,credit
8036,3,11303,13,2024-06-06 09:57:00,16.8,1.01,17.81,mobile
8037,6,11304,10,2024-06-06 12:52:00,33.14,1.99,35.13,credit
8038,162,11305,13,2024-06-06 11:21:00,28.11,1.69,29.8,mobile
8039,158,11306,7,2024-06-06 14:16:00,10.78,0.65,11.43,mobile
8040,48,11309,10,2024-06-06 13:50:00,16.0,0.96,16.96,credit
8041,175,11311,13,2024-06-06 13:41:00,7.91,0.47,8.38,credit
8042,189,11312,14,2024-06-07 09:26:00,12.14,0.73,12.87,mobile
8043,219,11313,12,2024-06-07 09:26:00,26.07,1.56,27.63,credit
8044,155,11315,7,2024-06-07 14:24:00,4.45,0.27,4.72,credit
8045,165,11316,11,2024-06-07 10:15:00,33.54,2.01,35.55,credit
8046,53,11318,13,2024-06-07 15:59:00,8.09,0.49,8.58,mobile
8047,36,11319,4,2024-06-07 12:29:00,4.79,0.29,5.08,mobile
8048,2,11320,3,2024-06-07 15:16:00,7.32,0.44,7.76,credit
8049,151,11321,6,2024-06-07 13:27:00,19.92,1.2,21.12,mobile
8050,73,11322,1,2024-06-07 13:48:00,7.0,0.42,7.42,mobile
8051,110,11324,13,2024-06-07 15:41:00,16.0,0.96,16.96,credit
8052,89,11325,13,2024-06-07 11:20:00,16.0,0.96,16.96,credit
8053,69,11327,7,2024-06-07 15:56:00,6.07,0.36,6.43,credit
8054,182,11328,2,2024-06-07 14:53:00,9.73,0.58,10.31,mobile
8055,84,11329,12,2024-06-07 13:49:00,14.47,0.87,15.34,mobile
8056,143,11330,11,2024-06-07 13:59:00,6.07,0.36,6.43,credit
8057,74,11331,10,2024-06-07 16:43:00,6.07,0.36,6.43,mobile
8058,5,11332,1,2024-06-07 13:12:00,9.97,0.6,10.57,mobile
8059,112,11334,13,2024-06-07 16:36:00,31.25,1.88,33.13,credit
8060,2,11335,13,2024-06-07 13:37:00,6.22,0.37,6.59,mobile
8061,63,11337,6,2024-06-07 11:33:00,14.2,0.85,15.05,credit
8062,24,11338,11,2024-06-08 13:51:00,24.59,1.48,26.07,credit
8063,207,11339,11,2024-06-08 10:56:00,36.0,2.16,38.16,credit
8064,36,11342,10,2024-06-08 12:37:00,9.15,0.55,9.7,credit
8065,46,11343,12,2024-06-08 09:11:00,8.0,0.48,8.48,credit
8066,160,11345,7,2024-06-08 11:59:00,3.68,0.22,3.9,mobile
8067,94,11346,7,2024-06-08 14:37:00,3.68,0.22,3.9,debit
8068,61,11349,7,2024-06-08 15:59:00,38.3,2.3,40.6,debit
8069,63,11350,3,2024-06-08 10:10:00,6.07,0.36,6.43,mobile
8070,232,11351,6,2024-06-08 10:43:00,7.98,0.48,8.46,credit
8071,17,11352,2,2024-06-08 16:16:00,52.07,3.12,55.19,credit
8072,165,11353,14,2024-06-08 09:39:00,5.51,0.33,5.84,credit
8073,156,11354,14,2024-06-08 12:58:00,4.2,0.25,4.45,debit
8074,233,11355,3,2024-06-08 11:57:00,6.07,0.36,6.43,credit
8075,195,11356,1,2024-06-08 10:59:00,10.95,0.66,11.61,debit
8076,58,11358,6,2024-06-08 16:13:00,34.97,2.1,37.07,mobile
8077,61,11360,14,2024-06-08 15:17:00,7.0,0.42,7.42,credit
8078,46,11361,11,2024-06-08 11:59:00,19.94,1.2,21.14,credit
8079,55,11362,4,2024-06-08 15:24:00,38.65,2.32,40.97,debit
8080,77,11363,11,2024-06-08 16:37:00,8.5,0.51,9.01,credit
8081,159,11364,1,2024-06-08 13:44:00,5.19,0.31,5.5,credit
8082,1,11366,6,2024-06-08 10:43:00,27.82,1.67,29.49,debit
8083,2,11368,12,2024-06-08 16:30:00,26.33,1.58,27.91,mobile
8084,239,11369,13,2024-06-08 09:42:00,6.07,0.36,6.43,credit
8085,85,11375,10,2024-06-09 14:47:00,31.72,1.9,33.62,credit
8086,186,11376,7,2024-06-09 11:25:00,31.0,1.86,32.86,mobile
8087,2,11377,3,2024-06-09 13:48:00,7.87,0.47,8.34,credit
8088,121,11379,5,2024-06-09 15:18:00,3.5,0.21,3.71,credit
8089,35,11380,14,2024-06-09 14:28:00,6.5,0.39,6.89,debit
8090,189,11381,1,2024-06-09 09:35:00,14.5,0.87,15.37,credit
8091,92,11383,11,2024-06-09 13:58:00,3.0,0.18,3.18,credit
8092,236,11386,6,2024-06-09 14:10:00,6.5,0.39,6.89,credit
8093,174,11387,10,2024-06-09 09:43:00,6.24,0.37,6.61,credit
8094,206,11388,1,2024-06-09 09:41:00,10.65,0.64,11.29,credit
8095,240,11390,2,2024-06-09 16:54:00,6.5,0.39,6.89,credit
8096,25,11392,7,2024-06-09 10:59:00,4.2,0.25,4.45,credit
8097,101,11394,4,2024-06-09 16:14:00,4.2,0.25,4.45,credit
8098,184,11395,4,2024-06-09 13:58:00,9.35,0.56,9.91,mobile
8099,198,11397,4,2024-06-09 09:34:00,24.0,1.44,25.44,mobile
8100,155,11398,13,2024-06-09 15:47:00,13.59,0.82,14.41,mobile
8101,111,11400,5,2024-06-09 13:26:00,8.0,0.48,8.48,credit
8102,91,11401,4,2024-06-09 16:59:00,3.68,0.22,3.9,credit
8103,8,11402,7,2024-06-09 14:46:00,15.97,0.96,16.93,credit
8104,165,11403,2,2024-06-09 15:17:00,8.4,0.5,8.9,credit
8105,118,11405,6,2024-06-10 16:40:00,7.61,0.46,8.07,debit
8106,195,11406,6,2024-06-10 16:40:00,17.42,1.05,18.47,credit
8107,135,11407,13,2024-06-10 14:10:00,15.69,0.94,16.63,credit
8108,2,11408,3,2024-06-10 13:19:00,7.87,0.47,8.34,credit
8109,4,11409,14,2024-06-10 12:30:00,6.57,0.39,6.96,debit
8110,98,11411,11,2024-06-10 13:45:00,4.2,0.25,4.45,debit
8111,240,11412,14,2024-06-10 12:57:00,9.97,0.6,10.57,mobile
8112,193,11416,12,2024-06-10 11:55:00,4.5,0.27,4.77,credit
8113,69,11418,2,2024-06-10 12:59:00,6.07,0.36,6.43,credit
8114,116,11420,13,2024-06-10 10:42:00,32.94,1.98,34.92,debit
8115,77,11423,5,2024-06-10 15:34:00,12.97,0.78,13.75,debit
8116,151,11424,7,2024-06-10 16:58:00,22.11,1.33,23.44,credit
8117,155,11425,7,2024-06-10 13:17:00,6.42,0.39,6.81,debit
8118,238,11426,13,2024-06-10 14:42:00,14.48,0.87,15.35,mobile
8119,182,11427,12,2024-06-10 13:59:00,9.73,0.58,10.31,credit
8120,4,11428,11,2024-06-10 15:23:00,25.77,1.55,27.32,mobile
8121,106,11433,14,2024-06-11 10:30:00,6.07,0.36,6.43,mobile
8122,195,11434,10,2024-06-11 14:59:00,9.45,0.57,10.02,mobile
8123,2,11435,3,2024-06-11 12:59:00,7.87,0.47,8.34,mobile
8124,4,11436,12,2024-06-11 11:27:00,14.43,0.87,15.3,mobile
8125,3,11437,14,2024-06-11 11:52:00,6.5,0.39,6.89,mobile
8126,47,11439,11,2024-06-11 15:54:00,6.62,0.4,7.02,credit
8127,207,11440,7,2024-06-11 12:31:00,10.5,0.63,11.13,mobile
8128,194,11441,10,2024-06-11 13:59:00,8.0,0.48,8.48,credit
8129,69,11442,3,2024-06-11 15:59:00,4.97,0.3,5.27,debit
8130,179,11444,12,2024-06-12 13:46:00,5.61,0.34,5.95,debit
8131,219,11446,12,2024-06-12 16:34:00,17.19,1.03,18.22,credit
8132,126,11448,1,2024-06-12 11:59:00,8.4,0.5,8.9,credit
8133,103,11449,13,2024-06-12 14:58:00,7.51,0.45,7.96,mobile
8134,39,11450,5,2024-06-12 16:20:00,4.5,0.27,4.77,credit
8135,24,11451,3,2024-06-12 09:59:00,10.62,0.64,11.26,debit
8136,1,11452,2,2024-06-12 09:37:00,3.0,0.18,3.18,mobile
8137,215,11453,13,2024-06-12 16:57:00,24.6,1.48,26.08,mobile
8138,4,11454,4,2024-06-12 13:59:00,15.13,0.91,16.04,credit
8139,60,11455,6,2024-06-12 12:46:00,28.14,1.69,29.83,credit
8140,61,11456,12,2024-06-12 13:56:00,9.97,0.6,10.57,credit
8141,65,11457,5,2024-06-12 16:42:00,4.0,0.24,4.24,credit
8142,27,11458,4,2024-06-12 11:55:00,4.89,0.29,5.18,mobile
8143,56,11459,4,2024-06-12 14:50:00,13.35,0.8,14.15,credit
8144,216,11460,4,2024-06-12 10:56:00,8.0,0.48,8.48,mobile
8145,144,11461,10,2024-06-12 14:44:00,8.09,0.49,8.58,credit
8146,17,11462,11,2024-06-12 13:59:00,4.2,0.25,4.45,mobile
8147,2,11463,1,2024-06-13 14:28:00,22.25,1.33,23.58,debit
8148,48,11464,4,2024-06-13 16:20:00,44.3,2.66,46.96,credit
8149,215,11465,5,2024-06-13 11:42:00,8.0,0.48,8.48,debit
8150,126,11466,12,2024-06-13 13:36:00,15.0,0.9,15.9,mobile
8151,91,11467,3,2024-06-13 15:12:00,7.0,0.42,7.42,credit
8152,243,11469,3,2024-06-13 09:54:00,6.07,0.36,6.43,mobile
8153,77,11470,13,2024-06-13 14:43:00,34.96,2.1,37.06,mobile
8154,244,11471,13,2024-06-13 15:59:00,41.4,2.48,43.88,mobile
8155,42,11472,12,2024-06-13 12:25:00,5.85,0.35,6.2,credit
8156,89,11473,3,2024-06-13 13:25:00,6.07,0.36,6.43,debit
8157,196,11474,7,2024-06-13 12:58:00,30.04,1.8,31.84,mobile
8158,98,11475,13,2024-06-13 14:59:00,6.07,0.36,6.43,mobile
8159,25,11476,10,2024-06-14 16:34:00,6.5,0.39,6.89,mobile
8160,23,11478,14,2024-06-14 14:55:00,4.5,0.27,4.77,mobile
8161,68,11481,6,2024-06-14 11:56:00,5.51,0.33,5.84,credit
8162,27,11482,6,2024-06-14 13:39:00,7.71,0.46,8.17,credit
8163,108,11483,12,2024-06-14 16:56:00,6.62,0.4,7.02,mobile
8164,210,11484,6,2024-06-14 13:36:00,6.07,0.36,6.43,mobile
8165,135,11485,3,2024-06-14 13:59:00,4.0,0.24,4.24,credit
8166,141,11488,14,2024-06-14 12:23:00,23.72,1.42,25.14,credit
8167,56,11493,4,2024-06-14 16:57:00,15.21,0.91,16.12,mobile
8168,155,11494,11,2024-06-15 11:49:00,17.45,1.05,18.5,credit
8169,33,11496,3,2024-06-15 16:26:00,28.04,1.68,29.72,credit
8170,229,11498,2,2024-06-15 12:55:00,13.92,0.84,14.76,mobile
8171,228,11501,14,2024-06-15 13:26:00,10.4,0.62,11.02,credit
8172,69,11503,13,2024-06-15 09:30:00,8.0,0.48,8.48,debit
8173,77,11504,2,2024-06-15 10:52:00,22.07,1.32,23.39,credit
8174,194,11505,7,2024-06-15 12:43:00,30.0,1.8,31.8,credit
8175,13,11506,1,2024-06-15 13:39:00,6.07,0.36,6.43,credit
8176,67,11507,1,2024-06-15 13:34:00,18.07,1.08,19.15,debit
8177,232,11508,2,2024-06-15 10:28:00,37.12,2.23,39.35,mobile
8178,234,11509,3,2024-06-15 13:57:00,22.7,1.36,24.06,credit
8179,135,11510,12,2024-06-15 16:59:00,21.5,1.29,22.79,debit
8180,83,11512,2,2024-06-15 14:29:00,4.63,0.28,4.91,mobile
8181,69,11513,13,2024-06-15 16:49:00,11.04,0.66,11.7,credit
8182,1,11514,14,2024-06-15 11:59:00,12.14,0.73,12.87,mobile
8183,189,11515,12,2024-06-15 15:49:00,9.0,0.54,9.54,credit
8184,6,11516,10,2024-06-15 10:30:00,39.77,2.39,42.16,debit
8185,43,11517,5,2024-06-15 15:49:00,19.5,1.17,20.67,debit
8186,1,11518,10,2024-06-15 16:54:00,4.0,0.24,4.24,mobile
8187,13,11519,5,2024-06-16 09:43:00,3.68,0.22,3.9,mobile
8188,52,11520,10,2024-06-16 15:26:00,3.68,0.22,3.9,debit
8189,57,11521,5,2024-06-16 16:59:00,8.0,0.48,8.48,mobile
8190,23,11522,4,2024-06-16 10:17:00,6.62,0.4,7.02,credit
8191,162,11523,10,2024-06-16 11:28:00,6.69,0.4,7.09,mobile
8192,47,11524,14,2024-06-16 10:59:00,6.07,0.36,6.43,credit
8193,174,11525,12,2024-06-16 09:58:00,33.36,2.0,35.36,credit
8194,120,11527,5,2024-06-16 10:59:00,50.53,3.03,53.56,credit
8195,112,11528,1,2024-06-16 14:42:00,9.16,0.55,9.71,credit
8196,74,11530,11,2024-06-16 12:58:00,26.48,1.59,28.07,mobile
8197,131,11531,3,2024-06-16 12:33:00,3.0,0.18,3.18,credit
8198,184,11533,2,2024-06-16 10:11:00,9.78,0.59,10.37,credit
8199,27,11534,4,2024-06-16 10:38:00,19.78,1.19,20.97,debit
8200,219,11535,12,2024-06-16 15:43:00,8.0,0.48,8.48,credit
8201,179,11536,7,2024-06-16 13:50:00,11.08,0.66,11.74,mobile
8202,36,11539,6,2024-06-16 13:59:00,15.79,0.95,16.74,debit
8203,53,11540,1,2024-06-16 16:59:00,14.28,0.86,15.14,mobile
8204,91,11541,11,2024-06-16 14:31:00,6.07,0.36,6.43,mobile
8205,52,11542,10,2024-06-16 10:47:00,11.5,0.69,12.19,credit
8206,11,11543,11,2024-06-16 14:23:00,29.33,1.76,31.09,credit
8207,76,11544,13,2024-06-16 15:16:00,47.53,2.85,50.38,credit
8208,27,11545,2,2024-06-16 10:18:00,8.57,0.51,9.08,credit
8209,48,11546,12,2024-06-16 10:44:00,26.0,1.56,27.56,mobile
8210,89,11547,1,2024-06-16 10:42:00,51.07,3.06,54.13,credit
8211,128,11548,4,2024-06-16 09:10:00,5.98,0.36,6.34,credit
8212,197,11549,4,2024-06-17 16:15:00,23.5,1.41,24.91,credit
8213,5,11550,1,2024-06-17 13:57:00,9.57,0.57,10.14,debit
8214,152,11551,4,2024-06-17 15:59:00,32.07,1.92,33.99,credit
8215,23,11552,6,2024-06-17 15:19:00,9.97,0.6,10.57,mobile
8216,5,11553,1,2024-06-17 15:59:00,4.0,0.24,4.24,mobile
8217,175,11554,7,2024-06-17 16:12:00,5.91,0.35,6.26,debit
8218,2,11555,5,2024-06-17 11:59:00,22.47,1.35,23.82,credit
8219,230,11556,10,2024-06-17 12:59:00,19.31,1.16,20.47,credit
8220,30,11557,11,2024-06-17 13:59:00,22.46,1.35,23.81,credit
8221,182,11558,6,2024-06-17 09:25:00,28.8,1.73,30.53,debit
8222,15,11559,14,2024-06-17 14:19:00,13.24,0.79,14.03,mobile
8223,210,11560,13,2024-06-17 11:19:00,16.4,0.98,17.38,debit
8224,189,11562,6,2024-06-17 10:32:00,12.14,0.73,12.87,credit
8225,110,11564,5,2024-06-17 12:17:00,6.5,0.39,6.89,credit
8226,8,11566,10,2024-06-17 12:23:00,20.54,1.23,21.77,mobile
8227,183,11567,11,2024-06-17 15:56:00,16.0,0.96,16.96,credit
8228,75,11568,10,2024-06-17 15:49:00,11.54,0.69,12.23,mobile
8229,61,11569,4,2024-06-17 11:59:00,6.0,0.36,6.36,mobile
8230,143,11570,4,2024-06-17 09:13:00,9.57,0.57,10.14,mobile
8231,2,11571,13,2024-06-17 12:58:00,19.66,1.18,20.84,mobile
8232,190,11572,13,2024-06-17 15:55:00,6.07,0.36,6.43,credit
8233,96,11574,4,2024-06-18 09:41:00,14.05,0.84,14.89,credit
8234,2,11575,1,2024-06-18 14:43:00,24.75,1.48,26.23,credit
8235,5,11577,10,2024-06-18 12:18:00,7.0,0.42,7.42,credit
8236,224,11578,12,2024-06-18 11:39:00,14.5,0.87,15.37,credit
8237,119,11579,11,2024-06-18 11:31:00,12.14,0.73,12.87,mobile
8238,33,11580,12,2024-06-18 15:22:00,6.07,0.36,6.43,debit
8239,170,11581,1,2024-06-18 13:19:00,33.98,2.04,36.02,debit
8240,121,11582,7,2024-06-18 13:44:00,25.0,1.5,26.5,debit
8241,98,11583,2,2024-06-18 13:59:00,18.51,1.11,19.62,mobile
8242,187,11584,13,2024-06-18 09:59:00,34.7,2.08,36.78,credit
8243,138,11585,12,2024-06-18 15:51:00,8.0,0.48,8.48,credit
8244,238,11586,14,2024-06-18 10:27:00,20.34,1.22,21.56,credit
8245,2,11587,2,2024-06-18 12:25:00,12.27,0.74,13.01,credit
8246,75,11588,6,2024-06-18 11:58:00,5.07,0.3,5.37,debit
8247,108,11590,12,2024-06-19 11:57:00,12.07,0.72,12.79,debit
8248,57,11591,1,2024-06-19 11:41:00,33.65,2.02,35.67,debit
8249,224,11592,4,2024-06-19 15:29:00,19.04,1.14,20.18,credit
8250,2,11593,7,2024-06-19 11:22:00,13.38,0.8,14.18,mobile
8251,204,11595,5,2024-06-19 09:41:00,7.0,0.42,7.42,debit
8252,215,11596,14,2024-06-19 14:26:00,35.84,2.15,37.99,credit
8253,9,11597,4,2024-06-19 14:56:00,17.0,1.02,18.02,credit
8254,231,11598,5,2024-06-19 16:29:00,8.0,0.48,8.48,credit
8255,35,11601,13,2024-06-19 16:20:00,7.0,0.42,7.42,mobile
8256,195,11602,7,2024-06-19 15:59:00,10.95,0.66,11.61,mobile
8257,37,11603,5,2024-06-19 11:59:00,6.0,0.36,6.36,mobile
8258,42,11604,2,2024-06-19 13:25:00,5.15,0.31,5.46,credit
8259,233,11605,2,2024-06-19 14:56:00,8.0,0.48,8.48,mobile
8260,59,11606,4,2024-06-19 15:59:00,13.74,0.82,14.56,mobile
8261,190,11608,11,2024-06-20 14:59:00,4.5,0.27,4.77,mobile
8262,82,11609,12,2024-06-20 15:59:00,8.4,0.5,8.9,mobile
8263,73,11611,1,2024-06-20 11:55:00,17.24,1.03,18.27,mobile
8264,63,11612,6,2024-06-20 11:10:00,3.0,0.18,3.18,mobile
8265,151,11615,6,2024-06-20 11:59:00,3.68,0.22,3.9,credit
8266,150,11616,14,2024-06-20 15:35:00,4.0,0.24,4.24,credit
8267,242,11617,10,2024-06-20 15:59:00,10.07,0.6,10.67,debit
8268,68,11618,14,2024-06-20 15:22:00,4.2,0.25,4.45,credit
8269,118,11619,10,2024-06-20 12:58:00,7.61,0.46,8.07,debit
8270,23,11620,5,2024-06-20 11:50:00,8.0,0.48,8.48,mobile
8271,126,11623,5,2024-06-20 12:40:00,5.51,0.33,5.84,debit
8272,186,11625,14,2024-06-20 16:48:00,4.5,0.27,4.77,debit
8273,200,11626,12,2024-06-20 11:59:00,4.0,0.24,4.24,credit
8274,27,11627,13,2024-06-20 12:26:00,19.21,1.15,20.36,mobile
8275,223,11628,11,2024-06-20 14:32:00,6.62,0.4,7.02,mobile
8276,196,11629,6,2024-06-20 14:26:00,8.0,0.48,8.48,credit
8277,163,11630,1,2024-06-20 13:43:00,6.5,0.39,6.89,credit
8278,69,11631,7,2024-06-21 09:25:00,8.4,0.5,8.9,debit
8279,177,11633,1,2024-06-21 16:59:00,36.14,2.17,38.31,credit
8280,236,11634,6,2024-06-21 10:40:00,6.5,0.39,6.89,mobile
8281,1,11636,3,2024-06-21 14:16:00,9.97,0.6,10.57,mobile
8282,35,11637,11,2024-06-21 16:37:00,6.07,0.36,6.43,credit
8283,25,11638,5,2024-06-21 15:26:00,16.98,1.02,18.0,debit
8284,236,11639,13,2024-06-21 10:59:00,6.07,0.36,6.43,debit
8285,25,11640,6,2024-06-21 15:59:00,17.97,1.08,19.05,credit
8286,207,11641,6,2024-06-21 14:16:00,4.2,0.25,4.45,debit
8287,189,11643,14,2024-06-21 16:25:00,4.0,0.24,4.24,debit
8288,8,11644,10,2024-06-21 11:21:00,8.97,0.54,9.51,debit
8289,110,11645,12,2024-06-21 15:58:00,8.0,0.48,8.48,credit
8290,112,11646,2,2024-06-21 16:43:00,26.16,1.57,27.73,debit
8291,240,11647,6,2024-06-21 12:43:00,6.62,0.4,7.02,credit
8292,210,11651,3,2024-06-21 13:11:00,6.07,0.36,6.43,mobile
8293,52,11653,7,2024-06-21 15:59:00,22.11,1.33,23.44,credit
8294,160,11654,10,2024-06-21 13:46:00,4.5,0.27,4.77,debit
8295,2,11656,3,2024-06-21 15:53:00,4.93,0.3,5.23,credit
8296,174,11658,10,2024-06-21 13:58:00,7.24,0.43,7.67,credit
8297,143,11659,5,2024-06-22 11:22:00,6.07,0.36,6.43,debit
8298,11,11660,14,2024-06-22 16:41:00,8.0,0.48,8.48,credit
8299,236,11661,14,2024-06-22 16:16:00,17.62,1.06,18.68,credit
8300,59,11662,2,2024-06-22 15:59:00,9.6,0.58,10.18,debit
8301,40,11663,14,2024-06-22 12:38:00,6.91,0.41,7.32,mobile
8302,9,11664,13,2024-06-22 15:54:00,36.5,2.19,38.69,credit
8303,118,11665,6,2024-06-22 10:44:00,24.51,1.47,25.98,mobile
8304,122,11666,7,2024-06-22 11:35:00,6.62,0.4,7.02,credit
8305,233,11668,1,2024-06-22 10:27:00,5.51,0.33,5.84,mobile
8306,74,11669,14,2024-06-22 15:59:00,8.0,0.48,8.48,mobile
8307,115,11670,7,2024-06-22 14:35:00,14.62,0.88,15.5,credit
8308,215,11672,14,2024-06-22 15:59:00,51.21,3.07,54.28,credit
8309,69,11673,10,2024-06-22 09:59:00,8.2,0.49,8.69,credit
8310,13,11674,12,2024-06-22 10:59:00,31.48,1.89,33.37,mobile
8311,26,11675,6,2024-06-22 13:13:00,22.27,1.34,23.61,credit
8312,224,11676,11,2024-06-22 11:59:00,4.0,0.24,4.24,credit
8313,194,11679,13,2024-06-22 12:41:00,19.19,1.15,20.34,mobile
8314,232,11680,6,2024-06-22 11:59:00,14.98,0.9,15.88,mobile
8315,172,11681,5,2024-06-22 09:50:00,25.95,1.56,27.51,credit
8316,237,11682,1,2024-06-22 16:17:00,34.52,2.07,36.59,mobile
8317,232,11683,7,2024-06-22 15:56:00,15.95,0.96,16.91,mobile
8318,179,11684,2,2024-06-22 12:30:00,14.36,0.86,15.22,mobile
8319,106,11685,2,2024-06-22 09:57:00,8.0,0.48,8.48,mobile
8320,148,11686,3,2024-06-22 13:52:00,5.51,0.33,5.84,credit
8321,172,11688,14,2024-06-22 10:36:00,37.3,2.24,39.54,credit
8322,135,11689,4,2024-06-22 11:47:00,4.0,0.24,4.24,credit
8323,74,11690,7,2024-06-22 11:59:00,24.77,1.49,26.26,credit
8324,226,11693,3,2024-06-22 10:50:00,5.51,0.33,5.84,debit
8325,202,11695,13,2024-06-22 11:31:00,12.14,0.73,12.87,mobile
8326,228,11697,3,2024-06-23 14:25:00,29.07,1.74,30.81,credit
8327,107,11698,2,2024-06-23 12:21:00,30.44,1.83,32.27,debit
8328,238,11699,7,2024-06-23 14:24:00,33.66,2.02,35.68,credit
8329,25,11700,7,2024-06-23 11:59:00,13.0,0.78,13.78,credit
8330,68,11701,10,2024-06-23 11:11:00,3.0,0.18,3.18,credit
8331,71,11702,7,2024-06-23 14:25:00,5.51,0.33,5.84,mobile
8332,194,11703,5,2024-06-23 15:45:00,47.27,2.84,50.11,debit
8333,27,11706,2,2024-06-23 16:29:00,37.66,2.26,39.92,mobile
8334,219,11708,14,2024-06-23 12:26:00,26.0,1.56,27.56,credit
8335,92,11709,4,2024-06-23 09:40:00,17.7,1.06,18.76,credit
8336,55,11710,10,2024-06-23 11:33:00,43.3,2.6,45.9,credit
8337,219,11711,5,2024-06-23 16:56:00,3.5,0.21,3.71,debit
8338,104,11712,6,2024-06-23 10:40:00,7.7,0.46,8.16,credit
8339,75,11714,1,2024-06-23 13:59:00,33.8,2.03,35.83,mobile
8340,100,11715,13,2024-06-23 15:59:00,16.3,0.98,17.28,mobile
8341,3,11718,4,2024-06-23 11:59:00,13.51,0.81,14.32,credit
8342,202,11719,1,2024-06-23 09:26:00,6.62,0.4,7.02,credit
8343,103,11720,6,2024-06-23 09:25:00,7.51,0.45,7.96,credit
8344,1,11724,3,2024-06-24 10:29:00,4.97,0.3,5.27,credit
8345,114,11725,13,2024-06-24 15:50:00,6.5,0.39,6.89,credit
8346,40,11726,5,2024-06-24 10:40:00,14.08,0.84,14.92,mobile
8347,172,11727,4,2024-06-24 11:59:00,3.68,0.22,3.9,mobile
8348,27,11728,4,2024-06-24 12:20:00,5.41,0.32,5.73,mobile
8349,98,11729,13,2024-06-24 13:39:00,12.97,0.78,13.75,debit
8350,103,11730,4,2024-06-24 13:59:00,8.06,0.48,8.54,debit
8351,201,11732,5,2024-06-24 13:41:00,6.07,0.36,6.43,mobile
8352,39,11734,11,2024-06-24 10:35:00,9.97,0.6,10.57,credit
8353,160,11735,6,2024-06-24 09:11:00,6.07,0.36,6.43,mobile
8354,78,11736,5,2024-06-24 11:14:00,8.41,0.5,8.91,debit
8355,69,11737,10,2024-06-24 14:59:00,4.97,0.3,5.27,debit
8356,170,11740,11,2024-06-24 10:26:00,10.78,0.65,11.43,credit
8357,135,11742,7,2024-06-25 13:39:00,6.5,0.39,6.89,mobile
8358,27,11743,14,2024-06-25 11:13:00,17.21,1.03,18.24,mobile
8359,189,11744,10,2024-06-25 09:17:00,15.0,0.9,15.9,debit
8360,134,11745,2,2024-06-25 16:20:00,6.07,0.36,6.43,mobile
8361,194,11746,14,2024-06-25 15:21:00,12.38,0.74,13.12,mobile
8362,31,11747,3,2024-06-25 15:59:00,6.07,0.36,6.43,mobile
8363,229,11748,12,2024-06-25 11:40:00,37.24,2.23,39.47,mobile
8364,67,11749,12,2024-06-25 13:59:00,13.0,0.78,13.78,credit
8365,238,11750,3,2024-06-25 16:29:00,6.34,0.38,6.72,credit
8366,132,11751,7,2024-06-25 10:47:00,3.0,0.18,3.18,debit
8367,134,11753,4,2024-06-25 15:18:00,7.36,0.44,7.8,credit
8368,180,11754,3,2024-06-25 15:16:00,8.0,0.48,8.48,credit
8369,92,11755,5,2024-06-25 16:42:00,35.54,2.13,37.67,mobile
8370,215,11756,11,2024-06-25 13:14:00,4.2,0.25,4.45,mobile
8371,211,11757,13,2024-06-25 16:58:00,21.27,1.28,22.55,debit
8372,217,11758,4,2024-06-25 10:31:00,16.11,0.97,17.08,credit
8373,118,11759,12,2024-06-25 16:35:00,5.74,0.34,6.08,credit
8374,172,11760,3,2024-06-25 11:59:00,45.74,2.74,48.48,mobile
8375,194,11761,13,2024-06-25 16:14:00,21.61,1.3,22.91,credit
8376,103,11763,3,2024-06-25 11:45:00,13.58,0.81,14.39,debit
8377,190,11764,6,2024-06-25 16:50:00,3.68,0.22,3.9,debit
8378,24,11765,10,2024-06-25 12:27:00,6.07,0.36,6.43,credit
8379,207,11766,14,2024-06-25 16:12:00,8.4,0.5,8.9,debit
8380,237,11767,14,2024-06-26 09:56:00,44.71,2.68,47.39,credit
8381,231,11768,1,2024-06-26 14:29:00,22.0,1.32,23.32,credit
8382,128,11769,6,2024-06-26 11:49:00,15.55,0.93,16.48,credit
8383,72,11770,13,2024-06-26 11:50:00,7.53,0.45,7.98,credit
8384,104,11771,2,2024-06-26 16:59:00,7.58,0.45,8.03,mobile
8385,8,11772,4,2024-06-26 09:19:00,18.97,1.14,20.11,credit
8386,242,11773,4,2024-06-26 15:10:00,19.57,1.17,20.74,credit
8387,236,11774,6,2024-06-26 11:53:00,9.97,0.6,10.57,mobile
8388,8,11775,14,2024-06-26 13:45:00,35.15,2.11,37.26,debit
8389,98,11776,5,2024-06-26 12:43:00,8.4,0.5,8.9,mobile
8390,74,11777,10,2024-06-26 15:20:00,18.9,1.13,20.03,credit
8391,195,11778,5,2024-06-26 14:13:00,35.35,2.12,37.47,mobile
8392,195,11779,5,2024-06-26 09:54:00,7.15,0.43,7.58,credit
8393,25,11781,10,2024-06-27 12:49:00,3.0,0.18,3.18,mobile
8394,182,11782,7,2024-06-27 09:59:00,19.66,1.18,20.84,credit
8395,165,11784,6,2024-06-27 10:58:00,16.04,0.96,17.0,mobile
8396,4,11785,13,2024-06-27 14:59:00,9.06,0.54,9.6,debit
8397,111,11786,4,2024-06-27 14:41:00,10.57,0.63,11.2,mobile
8398,240,11787,1,2024-06-27 10:59:00,8.4,0.5,8.9,credit
8399,141,11789,11,2024-06-27 11:39:00,8.0,0.48,8.48,debit
8400,143,11791,14,2024-06-27 11:29:00,8.4,0.5,8.9,debit
8401,82,11792,7,2024-06-27 15:58:00,28.58,1.71,30.29,mobile
8402,2,11793,1,2024-06-27 10:17:00,7.32,0.44,7.76,credit
8403,46,11794,13,2024-06-27 12:44:00,3.0,0.18,3.18,credit
8404,170,11795,6,2024-06-28 09:44:00,13.84,0.83,14.67,mobile
8405,16,11796,14,2024-06-28 12:58:00,21.54,1.29,22.83,debit
8406,139,11798,13,2024-06-28 10:31:00,20.36,1.22,21.58,mobile
8407,162,11801,1,2024-06-28 13:18:00,9.31,0.56,9.87,debit
8408,107,11802,13,2024-06-28 09:27:00,10.46,0.63,11.09,credit
8409,203,11805,11,2024-06-28 14:41:00,53.7,3.22,56.92,debit
8410,83,11806,7,2024-06-28 16:50:00,7.2,0.43,7.63,mobile
8411,38,11807,1,2024-06-28 13:32:00,5.37,0.32,5.69,credit
8412,114,11808,6,2024-06-28 16:54:00,4.2,0.25,4.45,credit
8413,145,11809,11,2024-06-28 15:41:00,10.34,0.62,10.96,mobile
8414,107,11810,14,2024-06-28 09:59:00,15.7,0.94,16.64,debit
8415,41,11811,6,2024-06-28 11:32:00,13.24,0.79,14.03,credit
8416,120,11812,1,2024-06-29 13:59:00,10.09,0.61,10.7,credit
8417,241,11813,13,2024-06-29 11:19:00,16.59,1.0,17.59,credit
8418,2,11814,5,2024-06-29 14:40:00,7.32,0.44,7.76,mobile
8419,11,11815,10,2024-06-29 16:57:00,11.02,0.66,11.68,mobile
8420,234,11816,3,2024-06-29 14:40:00,7.92,0.48,8.4,credit
8421,248,11817,10,2024-06-29 12:59:00,3.0,0.18,3.18,credit
8422,233,11819,3,2024-06-29 16:31:00,50.6,3.04,53.64,credit
8423,64,11820,11,2024-06-29 14:59:00,9.15,0.55,9.7,credit
8424,15,11821,13,2024-06-29 11:42:00,6.07,0.36,6.43,credit
8425,195,11822,14,2024-06-29 10:27:00,11.35,0.68,12.03,debit
8426,96,11823,7,2024-06-29 11:18:00,4.83,0.29,5.12,mobile
8427,35,11825,13,2024-06-29 14:59:00,50.91,3.05,53.96,mobile
8428,155,11826,3,2024-06-29 14:13:00,13.59,0.82,14.41,credit
8429,91,11827,7,2024-06-29 16:43:00,20.14,1.21,21.35,mobile
8430,110,11828,5,2024-06-29 10:12:00,24.4,1.46,25.86,credit
8431,207,11829,7,2024-06-29 15:15:00,11.68,0.7,12.38,credit
8432,143,11830,13,2024-06-29 15:25:00,9.97,0.6,10.57,mobile
8433,67,11831,13,2024-06-29 11:59:00,8.0,0.48,8.48,mobile
8434,47,11832,14,2024-06-29 14:59:00,4.0,0.24,4.24,credit
8435,42,11833,4,2024-06-29 15:46:00,19.86,1.19,21.05,credit
8436,161,11836,12,2024-06-29 12:33:00,10.12,0.61,10.73,mobile
8437,46,11837,6,2024-06-29 12:59:00,8.0,0.48,8.48,debit
8438,233,11838,3,2024-06-29 10:59:00,6.07,0.36,6.43,mobile
8439,48,11839,2,2024-06-29 11:25:00,20.54,1.23,21.77,mobile
8440,64,11841,4,2024-06-29 14:49:00,11.65,0.7,12.35,credit
8441,104,11843,7,2024-06-29 12:28:00,9.48,0.57,10.05,credit
8442,128,11845,11,2024-06-29 12:59:00,15.98,0.96,16.94,credit
8443,244,11846,1,2024-06-29 09:16:00,4.5,0.27,4.77,mobile
8444,64,11847,3,2024-06-29 11:59:00,9.15,0.55,9.7,credit
8445,143,11849,2,2024-06-30 11:30:00,8.0,0.48,8.48,credit
8446,175,11850,2,2024-06-30 12:16:00,9.41,0.56,9.97,credit
8447,69,11851,11,2024-06-30 11:25:00,6.5,0.39,6.89,debit
8448,26,11853,13,2024-06-30 16:49:00,8.77,0.53,9.3,credit
8449,236,11855,14,2024-06-30 15:51:00,12.0,0.72,12.72,credit
8450,94,11856,12,2024-06-30 14:25:00,17.24,1.03,18.27,mobile
8451,84,11857,11,2024-06-30 12:10:00,3.5,0.21,3.71,credit
8452,4,11858,3,2024-06-30 14:42:00,9.06,0.54,9.6,debit
8453,215,11859,10,2024-06-30 11:21:00,29.47,1.77,31.24,mobile
8454,55,11861,5,2024-06-30 15:27:00,15.14,0.91,16.05,credit
8455,155,11862,2,2024-06-30 09:59:00,4.45,0.27,4.72,mobile
8456,33,11864,12,2024-06-30 14:48:00,12.2,0.73,12.93,debit
8457,104,11865,12,2024-06-30 13:59:00,11.05,0.66,11.71,debit
8458,119,11866,3,2024-06-30 12:25:00,21.0,1.26,22.26,credit
8459,182,11867,14,2024-06-30 09:55:00,11.66,0.7,12.36,debit
8460,199,11868,10,2024-06-30 11:59:00,18.03,1.08,19.11,credit
8461,110,11872,5,2024-06-30 09:29:00,10.5,0.63,11.13,debit
8462,86,11875,3,2024-06-30 12:16:00,11.02,0.66,11.68,mobile
8463,96,11876,11,2024-07-01 12:44:00,16.55,0.99,17.54,credit
8464,23,11877,12,2024-07-01 14:53:00,12.14,0.73,12.87,credit
8465,55,11878,3,2024-07-01 15:42:00,36.83,2.21,39.04,mobile
8466,25,11879,7,2024-07-01 14:14:00,35.9,2.15,38.05,credit
8467,224,11880,12,2024-07-01 14:59:00,18.0,1.08,19.08,credit
8468,3,11881,13,2024-07-01 12:15:00,3.0,0.18,3.18,credit
8469,169,11883,12,2024-07-01 09:40:00,6.07,0.36,6.43,credit
8470,7,11885,11,2024-07-01 10:25:00,13.0,0.78,13.78,credit
8471,203,11886,10,2024-07-01 09:45:00,5.51,0.33,5.84,credit
8472,189,11887,10,2024-07-01 14:21:00,3.0,0.18,3.18,credit
8473,131,11888,10,2024-07-01 12:59:00,7.36,0.44,7.8,credit
8474,149,11889,5,2024-07-01 12:43:00,20.92,1.26,22.18,credit
8475,195,11890,1,2024-07-01 16:36:00,22.95,1.38,24.33,credit
8476,170,11891,5,2024-07-01 09:55:00,9.24,0.55,9.79,credit
8477,219,11892,14,2024-07-01 13:41:00,6.07,0.36,6.43,mobile
8478,61,11893,5,2024-07-01 10:59:00,9.97,0.6,10.57,credit
8479,23,11894,3,2024-07-01 13:59:00,7.0,0.42,7.42,debit
8480,41,11895,10,2024-07-02 10:59:00,8.0,0.48,8.48,debit
8481,138,11896,13,2024-07-02 14:53:00,15.0,0.9,15.9,mobile
8482,61,11897,4,2024-07-02 11:42:00,39.11,2.35,41.46,credit
8483,120,11898,3,2024-07-02 13:59:00,9.59,0.58,10.17,mobile
8484,207,11899,14,2024-07-02 12:27:00,7.36,0.44,7.8,mobile
8485,179,11900,13,2024-07-02 10:25:00,5.61,0.34,5.95,debit
8486,71,11902,4,2024-07-02 16:28:00,3.68,0.22,3.9,credit
8487,27,11903,11,2024-07-02 15:28:00,5.21,0.31,5.52,credit
8488,233,11904,13,2024-07-02 12:54:00,6.07,0.36,6.43,debit
8489,44,11905,5,2024-07-02 14:13:00,7.0,0.42,7.42,mobile
8490,158,11906,14,2024-07-02 13:45:00,7.65,0.46,8.11,credit
8491,100,11907,4,2024-07-02 10:23:00,56.1,3.37,59.47,mobile
8492,245,11908,2,2024-07-02 15:21:00,7.47,0.45,7.92,credit
8493,205,11909,5,2024-07-02 16:44:00,11.07,0.66,11.73,mobile
8494,8,11910,1,2024-07-02 15:57:00,5.17,0.31,5.48,credit
8495,140,11911,10,2024-07-02 09:18:00,20.0,1.2,21.2,credit
8496,48,11912,3,2024-07-02 14:59:00,21.0,1.26,22.26,mobile
8497,13,11915,5,2024-07-03 13:59:00,12.13,0.73,12.86,credit
8498,207,11917,10,2024-07-03 14:10:00,9.0,0.54,9.54,credit
8499,1,11918,2,2024-07-03 13:22:00,6.07,0.36,6.43,credit
8500,103,11919,2,2024-07-03 15:26:00,11.94,0.72,12.66,mobile
8501,27,11921,2,2024-07-03 12:56:00,7.83,0.47,8.3,credit
8502,194,11922,7,2024-07-03 14:41:00,29.62,1.78,31.4,credit
8503,12,11923,14,2024-07-03 14:58:00,8.0,0.48,8.48,credit
8504,140,11925,4,2024-07-03 16:30:00,6.5,0.39,6.89,credit
8505,8,11926,7,2024-07-03 10:42:00,7.04,0.42,7.46,debit
8506,184,11928,4,2024-07-03 15:59:00,25.35,1.52,26.87,credit
8507,189,11930,2,2024-07-03 09:40:00,7.0,0.42,7.42,credit
8508,195,11933,5,2024-07-04 12:59:00,10.95,0.66,11.61,mobile
8509,103,11934,6,2024-07-04 13:59:00,20.12,1.21,21.33,credit
8510,121,11935,13,2024-07-04 13:21:00,6.5,0.39,6.89,mobile
8511,44,11936,7,2024-07-04 16:59:00,8.0,0.48,8.48,credit
8512,98,11937,10,2024-07-04 14:51:00,4.2,0.25,4.45,credit
8513,48,11939,13,2024-07-04 09:44:00,12.14,0.73,12.87,credit
8514,96,11940,3,2024-07-04 11:29:00,7.77,0.47,8.24,mobile
8515,238,11942,6,2024-07-04 16:59:00,28.34,1.7,30.04,credit
8516,29,11943,7,2024-07-04 13:57:00,9.75,0.58,10.33,credit
8517,122,11944,4,2024-07-04 16:40:00,6.62,0.4,7.02,credit
8518,192,11945,7,2024-07-04 15:57:00,3.0,0.18,3.18,mobile
8519,240,11947,1,2024-07-04 13:59:00,13.86,0.83,14.69,mobile
8520,63,11949,10,2024-07-04 11:23:00,28.0,1.68,29.68,debit
8521,240,11950,14,2024-07-04 12:59:00,7.36,0.44,7.8,mobile
8522,211,11951,7,2024-07-04 11:59:00,11.04,0.66,11.7,credit
8523,48,11952,3,2024-07-04 14:38:00,4.5,0.27,4.77,credit
8524,23,11953,7,2024-07-04 10:54:00,8.0,0.48,8.48,credit
8525,89,11954,14,2024-07-04 16:27:00,19.07,1.14,20.21,mobile
8526,91,11955,12,2024-07-04 16:59:00,19.31,1.16,20.47,mobile
8527,56,11957,5,2024-07-04 09:36:00,34.78,2.09,36.87,mobile
8528,189,11958,14,2024-07-04 10:19:00,19.94,1.2,21.14,mobile
8529,16,11959,2,2024-07-04 09:30:00,18.27,1.1,19.37,credit
8530,134,11961,2,2024-07-04 10:10:00,37.39,2.24,39.63,mobile
8531,110,11962,11,2024-07-04 14:27:00,35.06,2.1,37.16,credit
8532,240,11963,6,2024-07-04 12:26:00,10.27,0.62,10.89,debit
8533,74,11964,2,2024-07-04 13:26:00,6.07,0.36,6.43,debit
8534,74,11966,4,2024-07-05 12:16:00,4.2,0.25,4.45,mobile
8535,159,11967,6,2024-07-05 16:12:00,41.77,2.51,44.28,debit
8536,189,11968,13,2024-07-05 09:58:00,23.44,1.41,24.85,credit
8537,219,11969,13,2024-07-05 12:52:00,20.0,1.2,21.2,mobile
8538,210,11971,3,2024-07-05 14:45:00,4.97,0.3,5.27,mobile
8539,77,11972,13,2024-07-05 14:27:00,6.5,0.39,6.89,debit
8540,237,11973,2,2024-07-05 11:43:00,45.97,2.76,48.73,credit
8541,100,11974,7,2024-07-05 10:41:00,9.3,0.56,9.86,credit
8542,128,11975,4,2024-07-05 15:44:00,8.48,0.51,8.99,credit
8543,219,11976,4,2024-07-05 13:59:00,6.07,0.36,6.43,credit
8544,23,11977,12,2024-07-05 09:25:00,34.17,2.05,36.22,credit
8545,27,11979,10,2024-07-05 13:59:00,7.28,0.44,7.72,credit
8546,165,11981,6,2024-07-05 12:53:00,10.5,0.63,11.13,credit
8547,216,11982,3,2024-07-05 10:11:00,6.62,0.4,7.02,mobile
8548,249,11983,12,2024-07-05 10:55:00,25.07,1.5,26.57,mobile
8549,179,11985,1,2024-07-05 10:59:00,45.11,2.71,47.82,mobile
8550,96,11986,6,2024-07-05 10:23:00,6.66,0.4,7.06,credit
8551,151,11987,10,2024-07-05 10:56:00,33.0,1.98,34.98,mobile
8552,236,11988,14,2024-07-05 11:59:00,8.0,0.48,8.48,credit
8553,103,11989,12,2024-07-06 11:52:00,8.44,0.51,8.95,debit
8554,143,11990,1,2024-07-06 14:59:00,6.07,0.36,6.43,credit
8555,11,11991,3,2024-07-06 09:56:00,5.51,0.33,5.84,mobile
8556,215,11993,1,2024-07-06 15:59:00,6.07,0.36,6.43,credit
8557,197,11994,13,2024-07-06 15:59:00,8.0,0.48,8.48,credit
8558,1,11995,11,2024-07-06 12:32:00,8.0,0.48,8.48,mobile
8559,114,11996,12,2024-07-06 14:42:00,21.07,1.26,22.33,mobile
8560,182,11998,4,2024-07-06 10:50:00,20.46,1.23,21.69,mobile
8561,193,12000,4,2024-07-06 16:59:00,10.5,0.63,11.13,mobile
8562,166,12001,3,2024-07-06 13:29:00,12.9,0.77,13.67,mobile
8563,75,12002,10,2024-07-06 14:33:00,6.07,0.36,6.43,debit
8564,114,12005,2,2024-07-06 16:13:00,36.98,2.22,39.2,credit
8565,210,12006,13,2024-07-06 16:56:00,8.0,0.48,8.48,credit
8566,224,12007,3,2024-07-06 12:13:00,10.5,0.63,11.13,mobile
8567,107,12008,5,2024-07-06 09:22:00,6.46,0.39,6.85,credit
8568,186,12009,2,2024-07-06 13:17:00,33.65,2.02,35.67,mobile
8569,172,12010,11,2024-07-06 09:44:00,14.0,0.84,14.84,debit
8570,135,12011,3,2024-07-06 12:13:00,9.75,0.58,10.33,mobile
8571,96,12012,7,2024-07-07 12:23:00,16.15,0.97,17.12,credit
8572,5,12016,1,2024-07-07 16:31:00,8.0,0.48,8.48,mobile
8573,61,12017,10,2024-07-07 16:50:00,6.62,0.4,7.02,credit
8574,89,12018,10,2024-07-07 14:59:00,10.82,0.65,11.47,debit
8575,28,12020,12,2024-07-07 14:17:00,6.92,0.42,7.34,mobile
8576,74,12022,1,2024-07-07 14:18:00,14.5,0.87,15.37,credit
8577,25,12024,1,2024-07-07 13:13:00,4.0,0.24,4.24,mobile
8578,140,12025,5,2024-07-07 13:28:00,6.07,0.36,6.43,credit
8579,66,12026,3,2024-07-07 14:41:00,6.07,0.36,6.43,credit
8580,112,12027,11,2024-07-07 09:49:00,25.3,1.52,26.82,credit
8581,33,12028,5,2024-07-07 10:43:00,6.07,0.36,6.43,mobile
8582,48,12029,10,2024-07-07 16:24:00,13.0,0.78,13.78,mobile
8583,76,12030,1,2024-07-07 11:23:00,9.97,0.6,10.57,mobile
8584,4,12032,13,2024-07-07 12:59:00,6.03,0.36,6.39,debit
8585,238,12034,5,2024-07-07 12:42:00,11.34,0.68,12.02,credit
8586,244,12036,5,2024-07-07 09:59:00,6.5,0.39,6.89,credit
8587,180,12037,6,2024-07-07 16:30:00,6.07,0.36,6.43,mobile
8588,215,12038,2,2024-07-07 12:59:00,9.97,0.6,10.57,credit
8589,175,12039,11,2024-07-07 10:44:00,5.91,0.35,6.26,mobile
8590,182,12040,4,2024-07-07 15:12:00,10.66,0.64,11.3,credit
8591,180,12041,1,2024-07-07 14:27:00,28.89,1.73,30.62,credit
8592,237,12042,3,2024-07-07 11:32:00,24.44,1.47,25.91,mobile
8593,140,12043,11,2024-07-07 09:59:00,35.14,2.11,37.25,mobile
8594,136,12046,3,2024-07-08 12:41:00,39.5,2.37,41.87,mobile
8595,74,12047,1,2024-07-08 14:13:00,13.0,0.78,13.78,mobile
8596,231,12048,2,2024-07-08 14:59:00,20.69,1.24,21.93,mobile
8597,103,12049,1,2024-07-08 13:40:00,4.44,0.27,4.71,credit
8598,246,12050,12,2024-07-08 15:21:00,11.76,0.71,12.47,mobile
8599,3,12051,4,2024-07-08 09:59:00,16.8,1.01,17.81,mobile
8600,99,12052,6,2024-07-08 15:36:00,41.97,2.52,44.49,debit
8601,207,12053,2,2024-07-08 14:55:00,13.25,0.79,14.04,credit
8602,75,12056,2,2024-07-08 15:26:00,20.57,1.23,21.8,credit
8603,123,12057,2,2024-07-08 11:28:00,20.57,1.23,21.8,credit
8604,119,12058,6,2024-07-08 14:34:00,25.18,1.51,26.69,credit
8605,38,12060,1,2024-07-08 10:42:00,7.94,0.48,8.42,debit
8606,91,12061,13,2024-07-08 09:38:00,8.0,0.48,8.48,mobile
8607,172,12063,14,2024-07-08 13:59:00,21.0,1.26,22.26,debit
8608,185,12064,10,2024-07-08 09:59:00,17.57,1.05,18.62,credit
8609,120,12065,13,2024-07-08 14:59:00,5.79,0.35,6.14,mobile
8610,98,12066,5,2024-07-08 16:52:00,22.07,1.32,23.39,credit
8611,3,12067,14,2024-07-09 13:42:00,18.64,1.12,19.76,mobile
8612,210,12068,2,2024-07-09 09:42:00,6.62,0.4,7.02,credit
8613,228,12069,10,2024-07-09 09:41:00,16.47,0.99,17.46,debit
8614,233,12070,7,2024-07-09 14:50:00,11.02,0.66,11.68,credit
8615,121,12071,4,2024-07-09 12:44:00,14.07,0.84,14.91,credit
8616,2,12072,13,2024-07-09 10:32:00,7.87,0.47,8.34,credit
8617,2,12073,10,2024-07-09 14:59:00,25.76,1.55,27.31,debit
8618,236,12074,3,2024-07-09 13:56:00,8.0,0.48,8.48,mobile
8619,222,12075,6,2024-07-09 11:43:00,9.97,0.6,10.57,credit
8620,114,12076,14,2024-07-09 15:59:00,6.5,0.39,6.89,credit
8621,69,12077,12,2024-07-09 14:59:00,4.97,0.3,5.27,credit
8622,48,12078,7,2024-07-09 16:59:00,6.5,0.39,6.89,debit
8623,179,12079,2,2024-07-09 11:57:00,4.11,0.25,4.36,debit
8624,77,12081,1,2024-07-09 15:14:00,9.0,0.54,9.54,credit
8625,31,12082,5,2024-07-10 12:59:00,4.2,0.25,4.45,mobile
8626,21,12083,11,2024-07-10 12:59:00,8.66,0.52,9.18,credit
8627,246,12085,4,2024-07-10 12:21:00,10.36,0.62,10.98,credit
8628,197,12086,12,2024-07-10 13:59:00,6.5,0.39,6.89,credit
8629,114,12087,7,2024-07-10 12:34:00,6.07,0.36,6.43,mobile
8630,189,12088,5,2024-07-10 15:29:00,13.07,0.78,13.85,debit
8631,189,12089,6,2024-07-10 11:59:00,7.0,0.42,7.42,credit
8632,7,12090,7,2024-07-10 09:25:00,3.68,0.22,3.9,credit
8633,221,12091,5,2024-07-10 15:50:00,30.0,1.8,31.8,debit
8634,193,12092,10,2024-07-10 11:27:00,21.0,1.26,22.26,credit
8635,72,12093,10,2024-07-10 15:31:00,17.07,1.02,18.09,mobile
8636,189,12096,4,2024-07-11 11:40:00,8.0,0.48,8.48,debit
8637,8,12097,3,2024-07-11 13:48:00,7.47,0.45,7.92,credit
8638,112,12100,7,2024-07-11 16:59:00,9.81,0.59,10.4,credit
8639,118,12101,3,2024-07-11 15:59:00,4.54,0.27,4.81,debit
8640,169,12102,2,2024-07-11 09:35:00,5.3,0.32,5.62,credit
8641,245,12103,3,2024-07-11 13:12:00,7.47,0.45,7.92,credit
8642,117,12104,2,2024-07-11 10:59:00,6.07,0.36,6.43,credit
8643,155,12105,14,2024-07-11 13:38:00,33.09,1.99,35.08,credit
8644,10,12107,5,2024-07-11 13:52:00,11.35,0.68,12.03,credit
8645,67,12110,7,2024-07-11 12:41:00,6.62,0.4,7.02,credit
8646,169,12111,3,2024-07-11 12:30:00,18.57,1.11,19.68,debit
8647,224,12112,5,2024-07-11 14:59:00,25.7,1.54,27.24,debit
8648,56,12117,6,2024-07-11 16:54:00,7.83,0.47,8.3,credit
8649,172,12118,2,2024-07-11 15:59:00,13.65,0.82,14.47,credit
8650,195,12119,12,2024-07-11 12:30:00,9.57,0.57,10.14,mobile
8651,74,12120,6,2024-07-11 10:41:00,6.0,0.36,6.36,credit
8652,245,12122,6,2024-07-12 12:21:00,50.31,3.02,53.33,mobile
8653,189,12123,14,2024-07-12 13:39:00,7.0,0.42,7.42,mobile
8654,56,12125,3,2024-07-12 10:30:00,24.25,1.45,25.7,credit
8655,3,12126,2,2024-07-12 12:56:00,29.0,1.74,30.74,credit
8656,161,12128,1,2024-07-12 14:36:00,18.14,1.09,19.23,mobile
8657,210,12129,3,2024-07-12 12:40:00,23.92,1.44,25.36,debit
8658,27,12130,1,2024-07-12 16:59:00,19.89,1.19,21.08,mobile
8659,107,12133,1,2024-07-12 10:30:00,18.46,1.11,19.57,credit
8660,210,12134,13,2024-07-12 15:52:00,9.97,0.6,10.57,credit
8661,224,12136,4,2024-07-13 14:45:00,6.07,0.36,6.43,mobile
8662,240,12137,5,2024-07-13 10:50:00,3.0,0.18,3.18,credit
8663,56,12139,11,2024-07-13 13:20:00,7.28,0.44,7.72,debit
8664,1,12141,12,2024-07-13 13:54:00,8.0,0.48,8.48,credit
8665,39,12143,5,2024-07-13 16:33:00,8.0,0.48,8.48,mobile
8666,240,12144,7,2024-07-13 13:34:00,3.68,0.22,3.9,credit
8667,179,12145,2,2024-07-13 09:59:00,8.11,0.49,8.6,mobile
8668,189,12147,7,2024-07-13 13:48:00,8.2,0.49,8.69,debit
8669,65,12148,7,2024-07-13 09:59:00,4.0,0.24,4.24,mobile
8670,224,12149,2,2024-07-13 15:14:00,8.4,0.5,8.9,credit
8671,89,12150,6,2024-07-13 12:38:00,6.5,0.39,6.89,mobile
8672,56,12151,13,2024-07-13 13:31:00,5.71,0.34,6.05,credit
8673,5,12152,11,2024-07-13 09:59:00,4.5,0.27,4.77,credit
8674,91,12155,7,2024-07-13 10:37:00,31.0,1.86,32.86,mobile
8675,213,12157,7,2024-07-13 14:39:00,9.97,0.6,10.57,credit
8676,27,12158,10,2024-07-13 11:34:00,7.28,0.44,7.72,mobile
8677,77,12159,13,2024-07-13 13:35:00,15.0,0.9,15.9,credit
8678,91,12161,10,2024-07-13 11:59:00,12.97,0.78,13.75,credit
8679,215,12162,13,2024-07-13 12:59:00,39.74,2.38,42.12,debit
8680,107,12164,2,2024-07-13 09:19:00,14.6,0.88,15.48,mobile
8681,202,12165,7,2024-07-13 10:40:00,44.21,2.65,46.86,mobile
8682,204,12166,6,2024-07-13 11:59:00,8.0,0.48,8.48,credit
8683,73,12167,6,2024-07-13 11:49:00,19.31,1.16,20.47,credit
8684,35,12168,1,2024-07-13 15:59:00,25.0,1.5,26.5,credit
8685,143,12169,1,2024-07-13 09:38:00,4.5,0.27,4.77,credit
8686,8,12173,2,2024-07-13 11:15:00,7.04,0.42,7.46,credit
8687,151,12175,5,2024-07-13 10:35:00,18.0,1.08,19.08,credit
8688,3,12176,3,2024-07-13 11:17:00,8.0,0.48,8.48,credit
8689,114,12177,13,2024-07-13 15:24:00,18.27,1.1,19.37,mobile
8690,74,12178,2,2024-07-13 10:29:00,6.5,0.39,6.89,debit
8691,13,12179,1,2024-07-13 16:29:00,5.51,0.33,5.84,credit
8692,218,12180,12,2024-07-13 09:59:00,33.5,2.01,35.51,debit
8693,141,12181,3,2024-07-14 14:33:00,11.02,0.66,11.68,mobile
8694,21,12183,13,2024-07-14 09:28:00,6.04,0.36,6.4,mobile
8695,242,12184,10,2024-07-14 09:20:00,13.51,0.81,14.32,credit
8696,140,12185,12,2024-07-14 13:31:00,4.0,0.24,4.24,mobile
8697,29,12186,12,2024-07-14 16:36:00,8.0,0.48,8.48,credit
8698,59,12187,5,2024-07-14 09:34:00,28.1,1.69,29.79,credit
8699,194,12189,12,2024-07-14 10:25:00,4.2,0.25,4.45,debit
8700,4,12190,6,2024-07-14 14:59:00,7.13,0.43,7.56,credit
8701,194,12191,14,2024-07-14 09:33:00,32.64,1.96,34.6,debit
8702,33,12193,5,2024-07-14 16:51:00,6.5,0.39,6.89,credit
8703,69,12194,4,2024-07-14 11:59:00,20.14,1.21,21.35,credit
8704,240,12196,10,2024-07-14 10:59:00,6.0,0.36,6.36,debit
8705,160,12197,14,2024-07-14 10:56:00,4.5,0.27,4.77,credit
8706,165,12198,12,2024-07-14 14:59:00,31.12,1.87,32.99,mobile
8707,48,12199,13,2024-07-14 14:59:00,6.62,0.4,7.02,debit
8708,39,12200,14,2024-07-14 10:30:00,31.07,1.86,32.93,credit
8709,179,12201,5,2024-07-14 14:26:00,9.11,0.55,9.66,mobile
8710,150,12203,4,2024-07-14 10:31:00,15.02,0.9,15.92,credit
8711,232,12204,11,2024-07-14 11:21:00,13.48,0.81,14.29,credit
8712,155,12205,14,2024-07-14 11:59:00,5.13,0.31,5.44,debit
8713,38,12209,1,2024-07-14 11:38:00,34.98,2.1,37.08,credit
8714,105,12210,7,2024-07-14 11:47:00,9.97,0.6,10.57,credit
8715,224,12211,11,2024-07-14 10:56:00,32.55,1.95,34.5,debit
8716,138,12213,5,2024-07-14 11:32:00,22.14,1.33,23.47,credit
8717,248,12214,4,2024-07-14 09:24:00,4.97,0.3,5.27,credit
8718,179,12215,2,2024-07-14 16:26:00,7.61,0.46,8.07,debit
8719,28,12217,4,2024-07-14 13:47:00,6.1,0.37,6.47,credit
8720,27,12218,13,2024-07-14 11:40:00,8.21,0.49,8.7,credit
8721,119,12219,10,2024-07-14 13:49:00,6.07,0.36,6.43,mobile
8722,1,12220,6,2024-07-14 13:10:00,20.14,1.21,21.35,debit
8723,1,12222,3,2024-07-15 13:51:00,27.4,1.64,29.04,credit
8724,217,12223,2,2024-07-15 16:56:00,7.1,0.43,7.53,debit
8725,91,12224,6,2024-07-15 16:59:00,25.0,1.5,26.5,credit
8726,196,12225,2,2024-07-15 16:56:00,13.0,0.78,13.78,credit
8727,137,12226,4,2024-07-15 14:59:00,12.14,0.73,12.87,credit
8728,173,12227,12,2024-07-15 10:54:00,14.37,0.86,15.23,mobile
8729,30,12228,13,2024-07-15 10:24:00,30.15,1.81,31.96,debit
8730,172,12229,12,2024-07-15 13:12:00,19.94,1.2,21.14,mobile
8731,23,12230,5,2024-07-15 14:22:00,8.0,0.48,8.48,credit
8732,105,12231,7,2024-07-15 09:19:00,30.51,1.83,32.34,debit
8733,3,12232,1,2024-07-15 16:27:00,18.27,1.1,19.37,mobile
8734,96,12233,1,2024-07-15 16:18:00,7.22,0.43,7.65,debit
8735,121,12234,7,2024-07-15 09:40:00,9.97,0.6,10.57,debit
8736,48,12235,4,2024-07-15 09:42:00,6.62,0.4,7.02,mobile
8737,2,12236,5,2024-07-15 10:59:00,36.22,2.17,38.39,credit
8738,61,12238,2,2024-07-16 10:12:00,16.8,1.01,17.81,credit
8739,131,12239,13,2024-07-16 09:34:00,16.8,1.01,17.81,credit
8740,215,12240,5,2024-07-16 10:27:00,6.07,0.36,6.43,mobile
8741,61,12244,13,2024-07-16 12:59:00,8.0,0.48,8.48,credit
8742,53,12245,11,2024-07-16 09:38:00,10.29,0.62,10.91,mobile
8743,198,12250,4,2024-07-16 15:45:00,21.0,1.26,22.26,credit
8744,183,12251,5,2024-07-16 14:24:00,9.94,0.6,10.54,mobile
8745,2,12252,6,2024-07-16 10:44:00,5.75,0.34,6.09,credit
8746,210,12254,6,2024-07-16 09:58:00,3.68,0.22,3.9,debit
8747,69,12256,10,2024-07-16 09:49:00,24.57,1.47,26.04,credit
8748,151,12257,4,2024-07-16 09:16:00,46.64,2.8,49.44,mobile
8749,168,12259,14,2024-07-16 11:59:00,22.66,1.36,24.02,credit
8750,237,12260,10,2024-07-17 13:29:00,10.57,0.63,11.2,mobile
8751,96,12261,6,2024-07-17 11:59:00,9.55,0.57,10.12,credit
8752,42,12263,14,2024-07-17 12:59:00,9.65,0.58,10.23,mobile
8753,2,12264,12,2024-07-17 12:32:00,5.45,0.33,5.78,mobile
8754,20,12265,10,2024-07-17 13:27:00,8.0,0.48,8.48,credit
8755,11,12266,14,2024-07-17 11:25:00,4.5,0.27,4.77,debit
8756,194,12267,6,2024-07-17 14:58:00,14.3,0.86,15.16,credit
8757,165,12268,10,2024-07-17 14:59:00,32.08,1.92,34.0,credit
8758,110,12271,13,2024-07-17 12:58:00,6.07,0.36,6.43,credit
8759,118,12272,13,2024-07-17 16:59:00,5.04,0.3,5.34,credit
8760,135,12273,13,2024-07-17 10:58:00,16.8,1.01,17.81,credit
8761,224,12274,2,2024-07-17 12:58:00,8.0,0.48,8.48,credit
8762,61,12275,12,2024-07-17 09:39:00,29.02,1.74,30.76,credit
8763,228,12277,7,2024-07-17 11:44:00,30.44,1.83,32.27,mobile
8764,215,12278,5,2024-07-17 15:30:00,48.07,2.88,50.95,mobile
8765,23,12279,3,2024-07-18 14:59:00,8.4,0.5,8.9,mobile
8766,56,12280,10,2024-07-18 10:16:00,20.23,1.21,21.44,credit
8767,98,12281,13,2024-07-18 11:45:00,8.0,0.48,8.48,credit
8768,62,12282,3,2024-07-18 11:59:00,8.68,0.52,9.2,credit
8769,110,12283,10,2024-07-18 11:27:00,13.0,0.78,13.78,debit
8770,78,12284,10,2024-07-18 11:28:00,12.29,0.74,13.03,credit
8771,215,12285,2,2024-07-18 12:59:00,6.07,0.36,6.43,credit
8772,242,12286,13,2024-07-18 10:56:00,6.5,0.39,6.89,mobile
8773,2,12287,7,2024-07-18 12:26:00,6.22,0.37,6.59,credit
8774,96,12288,1,2024-07-18 09:41:00,13.15,0.79,13.94,debit
8775,74,12290,6,2024-07-18 09:21:00,9.0,0.54,9.54,mobile
8776,134,12292,3,2024-07-18 12:30:00,6.07,0.36,6.43,mobile
8777,231,12293,10,2024-07-18 10:29:00,8.0,0.48,8.48,mobile
8778,97,12294,3,2024-07-18 13:59:00,4.5,0.27,4.77,credit
8779,204,12295,3,2024-07-18 09:30:00,34.07,2.04,36.11,mobile
8780,238,12296,10,2024-07-18 10:59:00,40.28,2.42,42.7,mobile
8781,170,12297,6,2024-07-18 09:34:00,4.84,0.29,5.13,credit
8782,1,12298,7,2024-07-19 13:38:00,6.62,0.4,7.02,credit
8783,185,12299,13,2024-07-19 15:26:00,4.2,0.25,4.45,credit
8784,126,12300,2,2024-07-19 14:11:00,22.66,1.36,24.02,debit
8785,5,12301,10,2024-07-19 11:33:00,40.75,2.44,43.19,mobile
8786,165,12302,10,2024-07-19 16:28:00,20.0,1.2,21.2,mobile
8787,9,12303,3,2024-07-19 09:25:00,7.0,0.42,7.42,mobile
8788,154,12304,7,2024-07-19 10:57:00,30.12,1.81,31.93,credit
8789,41,12305,3,2024-07-19 14:41:00,6.07,0.36,6.43,credit
8790,111,12306,6,2024-07-19 13:44:00,6.5,0.39,6.89,debit
8791,150,12307,10,2024-07-19 09:59:00,4.97,0.3,5.27,debit
8792,126,12309,10,2024-07-19 10:34:00,11.5,0.69,12.19,credit
8793,21,12310,7,2024-07-19 09:18:00,10.44,0.63,11.07,credit
8794,49,12311,7,2024-07-19 10:28:00,4.5,0.27,4.77,debit
8795,114,12313,11,2024-07-20 14:25:00,6.07,0.36,6.43,credit
8796,49,12318,5,2024-07-20 15:59:00,6.07,0.36,6.43,mobile
8797,219,12319,7,2024-07-20 14:35:00,5.51,0.33,5.84,mobile
8798,236,12320,12,2024-07-20 09:13:00,51.87,3.11,54.98,mobile
8799,195,12321,2,2024-07-20 13:55:00,6.63,0.4,7.03,mobile
8800,246,12322,14,2024-07-20 10:21:00,24.01,1.44,25.45,credit
8801,52,12323,12,2024-07-20 15:25:00,8.0,0.48,8.48,debit
8802,44,12324,5,2024-07-20 10:59:00,13.65,0.82,14.47,mobile
8803,228,12325,1,2024-07-20 13:35:00,6.6,0.4,7.0,credit
8804,128,12328,13,2024-07-20 11:54:00,18.98,1.14,20.12,credit
8805,165,12329,11,2024-07-20 14:21:00,3.5,0.21,3.71,mobile
8806,220,12330,12,2024-07-20 15:13:00,6.62,0.4,7.02,credit
8807,248,12331,14,2024-07-20 11:23:00,33.47,2.01,35.48,credit
8808,136,12333,13,2024-07-20 12:58:00,4.5,0.27,4.77,mobile
8809,64,12334,11,2024-07-20 11:50:00,41.52,2.49,44.01,credit
8810,92,12338,7,2024-07-21 14:47:00,15.0,0.9,15.9,credit
8811,107,12339,4,2024-07-21 11:33:00,8.53,0.51,9.04,credit
8812,121,12341,5,2024-07-21 09:33:00,10.5,0.63,11.13,credit
8813,107,12342,6,2024-07-21 11:59:00,8.53,0.51,9.04,credit
8814,237,12343,13,2024-07-21 11:39:00,30.7,1.84,32.54,credit
8815,160,12344,1,2024-07-21 15:26:00,46.05,2.76,48.81,mobile
8816,36,12345,10,2024-07-21 14:59:00,13.79,0.83,14.62,credit
8817,91,12346,13,2024-07-21 10:59:00,6.07,0.36,6.43,debit
8818,71,12348,3,2024-07-21 09:14:00,9.75,0.58,10.33,mobile
8819,22,12350,13,2024-07-21 11:59:00,6.07,0.36,6.43,credit
8820,238,12352,10,2024-07-21 13:45:00,16.84,1.01,17.85,credit
8821,155,12353,11,2024-07-21 09:13:00,9.85,0.59,10.44,mobile
8822,3,12354,6,2024-07-21 13:59:00,21.47,1.29,22.76,mobile
8823,2,12355,13,2024-07-21 11:54:00,4.25,0.26,4.51,credit
8824,163,12356,5,2024-07-21 11:41:00,4.97,0.3,5.27,credit
8825,181,12359,6,2024-07-21 12:57:00,4.97,0.3,5.27,mobile
8826,119,12360,4,2024-07-21 14:41:00,8.0,0.48,8.48,credit
8827,47,12361,14,2024-07-21 13:16:00,7.0,0.42,7.42,credit
8828,79,12362,7,2024-07-21 12:21:00,4.97,0.3,5.27,debit
8829,108,12363,1,2024-07-21 12:38:00,34.31,2.06,36.37,mobile
8830,1,12365,12,2024-07-21 11:51:00,8.4,0.5,8.9,credit
8831,8,12369,7,2024-07-22 14:17:00,38.01,2.28,40.29,credit
8832,160,12371,10,2024-07-22 14:59:00,19.31,1.16,20.47,credit
8833,135,12372,7,2024-07-22 12:44:00,6.07,0.36,6.43,credit
8834,21,12374,5,2024-07-22 13:49:00,6.54,0.39,6.93,debit
8835,8,12375,4,2024-07-22 11:56:00,8.33,0.5,8.83,mobile
8836,236,12377,5,2024-07-22 15:11:00,29.63,1.78,31.41,mobile
8837,110,12380,14,2024-07-22 15:14:00,6.07,0.36,6.43,credit
8838,145,12381,12,2024-07-22 15:17:00,5.94,0.36,6.3,mobile
8839,207,12383,12,2024-07-22 10:38:00,28.71,1.72,30.43,mobile
8840,2,12385,6,2024-07-22 14:52:00,18.87,1.13,20.0,credit
8841,131,12386,5,2024-07-22 14:44:00,36.0,2.16,38.16,mobile
8842,169,12388,11,2024-07-23 15:32:00,15.57,0.93,16.5,credit
8843,34,12391,7,2024-07-23 12:43:00,4.31,0.26,4.57,mobile
8844,210,12392,12,2024-07-23 11:26:00,21.0,1.26,22.26,debit
8845,178,12393,11,2024-07-23 15:11:00,12.5,0.75,13.25,credit
8846,53,12395,11,2024-07-23 12:25:00,5.27,0.32,5.59,credit
8847,25,12396,4,2024-07-23 14:45:00,21.51,1.29,22.8,debit
8848,108,12397,13,2024-07-23 15:13:00,4.5,0.27,4.77,credit
8849,119,12398,1,2024-07-23 09:51:00,34.9,2.09,36.99,credit
8850,218,12399,13,2024-07-23 09:58:00,13.0,0.78,13.78,mobile
8851,1,12400,14,2024-07-23 15:25:00,8.0,0.48,8.48,credit
8852,215,12401,5,2024-07-23 10:41:00,4.97,0.3,5.27,debit
8853,1,12402,6,2024-07-23 14:59:00,25.51,1.53,27.04,credit
8854,143,12406,10,2024-07-23 16:25:00,11.68,0.7,12.38,mobile
8855,3,12407,7,2024-07-24 16:43:00,4.0,0.24,4.24,mobile
8856,238,12409,13,2024-07-24 14:34:00,6.84,0.41,7.25,credit
8857,5,12410,14,2024-07-24 13:44:00,12.14,0.73,12.87,credit
8858,112,12412,7,2024-07-24 13:59:00,8.52,0.51,9.03,mobile
8859,56,12413,4,2024-07-24 10:50:00,9.21,0.55,9.76,mobile
8860,3,12414,4,2024-07-24 09:41:00,25.0,1.5,26.5,debit
8861,144,12415,14,2024-07-24 16:59:00,22.59,1.36,23.95,mobile
8862,43,12416,10,2024-07-24 15:59:00,11.5,0.69,12.19,credit
8863,29,12418,5,2024-07-24 09:59:00,3.0,0.18,3.18,credit
8864,149,12419,5,2024-07-24 12:58:00,5.52,0.33,5.85,debit
8865,37,12420,10,2024-07-24 16:50:00,18.0,1.08,19.08,credit
8866,73,12421,14,2024-07-24 15:59:00,14.5,0.87,15.37,mobile
8867,64,12422,13,2024-07-25 14:24:00,7.22,0.43,7.65,mobile
8868,73,12424,6,2024-07-25 15:46:00,18.64,1.12,19.76,credit
8869,21,12425,6,2024-07-25 16:42:00,12.01,0.72,12.73,credit
8870,83,12428,12,2024-07-25 10:19:00,5.13,0.31,5.44,credit
8871,223,12429,7,2024-07-25 15:59:00,6.07,0.36,6.43,debit
8872,2,12431,1,2024-07-25 16:12:00,24.24,1.45,25.69,credit
8873,201,12432,7,2024-07-25 14:15:00,6.62,0.4,7.02,credit
8874,3,12434,14,2024-07-25 12:46:00,17.65,1.06,18.71,mobile
8875,55,12435,10,2024-07-25 11:43:00,18.97,1.14,20.11,debit
8876,143,12437,3,2024-07-25 12:21:00,26.0,1.56,27.56,credit
8877,219,12439,7,2024-07-25 09:39:00,14.0,0.84,14.84,mobile
8878,122,12441,3,2024-07-26 15:37:00,6.07,0.36,6.43,credit
8879,105,12442,14,2024-07-26 15:46:00,8.0,0.48,8.48,credit
8880,61,12443,1,2024-07-26 11:10:00,45.52,2.73,48.25,credit
8881,55,12444,2,2024-07-26 15:56:00,5.73,0.34,6.07,mobile
8882,233,12445,4,2024-07-26 14:14:00,8.0,0.48,8.48,mobile
8883,144,12446,2,2024-07-26 15:59:00,10.59,0.64,11.23,mobile
8884,174,12447,10,2024-07-26 15:23:00,9.74,0.58,10.32,credit
8885,130,12448,11,2024-07-26 10:25:00,6.62,0.4,7.02,credit
8886,22,12449,4,2024-07-26 12:45:00,25.0,1.5,26.5,debit
8887,1,12450,11,2024-07-26 16:19:00,3.68,0.22,3.9,credit
8888,71,12452,12,2024-07-27 10:59:00,23.0,1.38,24.38,credit
8889,158,12453,5,2024-07-27 14:30:00,35.03,2.1,37.13,mobile
8890,226,12454,14,2024-07-27 10:59:00,4.2,0.25,4.45,mobile
8891,242,12456,6,2024-07-27 15:45:00,5.51,0.33,5.84,mobile
8892,95,12457,1,2024-07-27 11:13:00,4.8,0.29,5.09,debit
8893,172,12458,4,2024-07-27 14:14:00,3.0,0.18,3.18,credit
8894,235,12459,1,2024-07-27 11:13:00,25.0,1.5,26.5,credit
8895,231,12460,14,2024-07-27 14:59:00,7.0,0.42,7.42,credit
8896,92,12461,4,2024-07-27 11:43:00,23.14,1.39,24.53,mobile
8897,38,12462,3,2024-07-27 14:58:00,5.55,0.33,5.88,debit
8898,51,12463,14,2024-07-27 13:43:00,6.07,0.36,6.43,mobile
8899,161,12464,2,2024-07-27 10:59:00,15.26,0.92,16.18,mobile
8900,224,12465,5,2024-07-27 11:59:00,6.5,0.39,6.89,credit
8901,164,12466,10,2024-07-27 12:51:00,21.11,1.27,22.38,credit
8902,27,12467,2,2024-07-27 10:33:00,11.18,0.67,11.85,credit
8903,240,12468,7,2024-07-27 13:18:00,7.0,0.42,7.42,credit
8904,242,12470,10,2024-07-27 15:59:00,6.62,0.4,7.02,credit
8905,95,12471,14,2024-07-27 16:59:00,11.3,0.68,11.98,credit
8906,1,12473,2,2024-07-27 10:59:00,10.5,0.63,11.13,mobile
8907,2,12475,12,2024-07-27 11:55:00,5.75,0.34,6.09,credit
8908,55,12476,7,2024-07-27 09:34:00,8.76,0.53,9.29,mobile
8909,174,12477,14,2024-07-27 16:29:00,11.64,0.7,12.34,mobile
8910,69,12478,14,2024-07-27 11:59:00,6.62,0.4,7.02,credit
8911,103,12479,13,2024-07-27 10:45:00,13.58,0.81,14.39,credit
8912,172,12481,4,2024-07-27 09:20:00,4.5,0.27,4.77,credit
8913,240,12482,10,2024-07-27 14:58:00,10.5,0.63,11.13,mobile
8914,69,12483,11,2024-07-27 13:37:00,9.94,0.6,10.54,mobile
8915,223,12486,7,2024-07-28 10:48:00,7.0,0.42,7.42,credit
8916,227,12488,13,2024-07-28 09:59:00,4.2,0.25,4.45,credit
8917,172,12489,12,2024-07-28 09:13:00,8.0,0.48,8.48,mobile
8918,117,12491,1,2024-07-28 10:25:00,5.51,0.33,5.84,mobile
8919,91,12492,11,2024-07-28 16:12:00,16.57,0.99,17.56,credit
8920,91,12493,2,2024-07-28 12:41:00,8.4,0.5,8.9,mobile
8921,44,12494,1,2024-07-28 09:19:00,6.07,0.36,6.43,debit
8922,237,12495,13,2024-07-28 09:57:00,14.47,0.87,15.34,mobile
8923,2,12496,5,2024-07-28 11:59:00,18.05,1.08,19.13,mobile
8924,23,12497,3,2024-07-28 16:59:00,4.97,0.3,5.27,mobile
8925,64,12498,13,2024-07-28 09:59:00,7.22,0.43,7.65,debit
8926,113,12499,13,2024-07-28 10:39:00,10.57,0.63,11.2,credit
8927,59,12502,1,2024-07-28 09:43:00,13.28,0.8,14.08,credit
8928,3,12503,1,2024-07-28 13:37:00,8.0,0.48,8.48,debit
8929,162,12505,1,2024-07-28 13:43:00,7.19,0.43,7.62,credit
8930,217,12506,6,2024-07-28 12:59:00,9.03,0.54,9.57,credit
8931,194,12508,4,2024-07-28 16:59:00,6.5,0.39,6.89,credit
8932,52,12509,5,2024-07-28 09:23:00,12.14,0.73,12.87,credit
8933,27,12510,14,2024-07-28 16:14:00,9.21,0.55,9.76,credit
8934,232,12512,5,2024-07-29 09:37:00,18.98,1.14,20.12,mobile
8935,89,12513,4,2024-07-29 11:39:00,11.68,0.7,12.38,credit
8936,47,12514,5,2024-07-29 11:59:00,8.0,0.48,8.48,mobile
8937,174,12516,10,2024-07-29 14:33:00,13.74,0.82,14.56,credit
8938,240,12517,4,2024-07-29 16:27:00,24.0,1.44,25.44,credit
8939,48,12519,13,2024-07-29 13:59:00,7.36,0.44,7.8,credit
8940,48,12520,11,2024-07-29 12:59:00,8.0,0.48,8.48,debit
8941,69,12521,6,2024-07-29 10:58:00,9.97,0.6,10.57,credit
8942,222,12522,3,2024-07-29 16:34:00,8.0,0.48,8.48,credit
8943,215,12523,3,2024-07-29 12:53:00,14.0,0.84,14.84,credit
8944,89,12524,10,2024-07-29 13:16:00,19.5,1.17,20.67,credit
8945,1,12525,12,2024-07-29 10:42:00,8.0,0.48,8.48,mobile
8946,94,12527,5,2024-07-29 11:30:00,19.94,1.2,21.14,debit
8947,100,12528,13,2024-07-29 14:56:00,7.8,0.47,8.27,mobile
8948,143,12529,7,2024-07-29 15:46:00,29.54,1.77,31.31,debit
8949,189,12532,4,2024-07-29 13:44:00,40.19,2.41,42.6,credit
8950,47,12533,5,2024-07-29 15:14:00,23.33,1.4,24.73,debit
8951,142,12537,11,2024-07-30 11:29:00,8.04,0.48,8.52,credit
8952,179,12538,2,2024-07-30 10:45:00,5.11,0.31,5.42,debit
8953,1,12540,11,2024-07-30 10:46:00,6.5,0.39,6.89,mobile
8954,86,12541,2,2024-07-30 15:30:00,37.44,2.25,39.69,credit
8955,244,12542,3,2024-07-30 11:31:00,6.5,0.39,6.89,credit
8956,1,12543,4,2024-07-30 16:57:00,49.82,2.99,52.81,mobile
8957,33,12544,7,2024-07-30 12:59:00,9.97,0.6,10.57,mobile
8958,240,12545,4,2024-07-30 11:27:00,6.5,0.39,6.89,debit
8959,91,12546,14,2024-07-30 14:44:00,10.3,0.62,10.92,mobile
8960,10,12547,12,2024-07-30 13:30:00,7.35,0.44,7.79,credit
8961,74,12548,10,2024-07-30 15:59:00,6.07,0.36,6.43,debit
8962,71,12549,11,2024-07-30 15:14:00,20.5,1.23,21.73,credit
8963,125,12550,2,2024-07-30 09:25:00,6.36,0.38,6.74,mobile
8964,205,12551,2,2024-07-30 14:59:00,31.27,1.88,33.15,credit
8965,2,12552,14,2024-07-30 09:29:00,7.87,0.47,8.34,debit
8966,74,12553,6,2024-07-30 09:55:00,22.62,1.36,23.98,debit
8967,141,12555,5,2024-07-30 12:22:00,19.18,1.15,20.33,mobile
8968,242,12556,12,2024-07-30 14:24:00,7.0,0.42,7.42,credit
8969,165,12557,5,2024-07-30 12:13:00,10.5,0.63,11.13,credit
8970,83,12558,12,2024-07-30 15:22:00,17.13,1.03,18.16,credit
8971,4,12560,3,2024-07-30 10:47:00,23.27,1.4,24.67,credit
8972,73,12561,5,2024-07-30 12:59:00,24.0,1.44,25.44,credit
8973,25,12562,4,2024-07-30 13:35:00,16.5,0.99,17.49,credit
8974,172,12565,7,2024-07-31 09:59:00,3.68,0.22,3.9,mobile
8975,237,12566,2,2024-07-31 12:49:00,8.0,0.48,8.48,credit
8976,41,12567,4,2024-07-31 14:59:00,18.5,1.11,19.61,mobile
8977,2,12569,10,2024-07-31 11:42:00,4.93,0.3,5.23,mobile
8978,100,12570,13,2024-07-31 10:25:00,21.8,1.31,23.11,debit
8979,95,12571,11,2024-07-31 13:37:00,8.8,0.53,9.33,credit
8980,126,12572,14,2024-07-31 09:12:00,6.5,0.39,6.89,mobile
8981,162,12574,3,2024-07-31 09:59:00,10.69,0.64,11.33,credit
8982,43,12577,6,2024-07-31 11:58:00,13.77,0.83,14.6,debit
8983,2,12578,13,2024-07-31 13:59:00,7.32,0.44,7.76,mobile
8984,170,12579,12,2024-08-01 11:13:00,21.09,1.27,22.36,debit
8985,49,12580,3,2024-08-01 11:28:00,41.56,2.49,44.05,debit
8986,143,12581,1,2024-08-01 15:42:00,8.0,0.48,8.48,credit
8987,25,12582,3,2024-08-01 12:59:00,8.0,0.48,8.48,credit
8988,114,12583,3,2024-08-01 10:10:00,4.0,0.24,4.24,credit
8989,217,12584,7,2024-08-01 11:37:00,5.23,0.31,5.54,credit
8990,112,12586,10,2024-08-01 10:45:00,4.84,0.29,5.13,debit
8991,62,12587,12,2024-08-01 12:58:00,7.19,0.43,7.62,mobile
8992,106,12588,13,2024-08-01 10:19:00,18.9,1.13,20.03,mobile
8993,196,12589,14,2024-08-01 12:29:00,10.5,0.63,11.13,mobile
8994,10,12590,4,2024-08-01 13:29:00,36.29,2.18,38.47,mobile
8995,224,12591,6,2024-08-01 13:59:00,16.0,0.96,16.96,credit
8996,165,12592,1,2024-08-01 09:59:00,4.2,0.25,4.45,credit
8997,113,12594,4,2024-08-01 09:56:00,6.62,0.4,7.02,credit
8998,140,12596,5,2024-08-01 10:22:00,18.64,1.12,19.76,credit
8999,197,12597,11,2024-08-01 16:52:00,57.64,3.46,61.1,mobile
9000,7,12598,11,2024-08-01 14:29:00,4.2,0.25,4.45,debit
9001,83,12599,6,2024-08-02 11:29:00,9.13,0.55,9.68,credit
9002,4,12600,5,2024-08-02 15:59:00,17.86,1.07,18.93,credit
9003,2,12601,7,2024-08-02 14:45:00,16.72,1.0,17.72,mobile
9004,190,12602,3,2024-08-02 09:19:00,12.14,0.73,12.87,credit
9005,172,12603,14,2024-08-02 10:30:00,9.97,0.6,10.57,credit
9006,52,12605,6,2024-08-02 10:54:00,3.68,0.22,3.9,credit
9007,67,12606,1,2024-08-02 11:57:00,8.4,0.5,8.9,mobile
9008,217,12607,7,2024-08-02 10:42:00,11.0,0.66,11.66,credit
9009,215,12608,10,2024-08-02 10:58:00,4.5,0.27,4.77,credit
9010,22,12612,5,2024-08-02 15:31:00,38.41,2.3,40.71,credit
9011,205,12613,7,2024-08-02 15:44:00,22.74,1.36,24.1,mobile
9012,8,12614,12,2024-08-02 13:51:00,7.47,0.45,7.92,credit
9013,119,12620,7,2024-08-03 09:42:00,56.0,3.36,59.36,credit
9014,25,12621,11,2024-08-03 16:28:00,11.2,0.67,11.87,debit
9015,197,12622,7,2024-08-03 11:34:00,8.0,0.48,8.48,mobile
9016,197,12623,5,2024-08-03 10:43:00,6.07,0.36,6.43,mobile
9017,103,12624,12,2024-08-03 09:49:00,5.64,0.34,5.98,mobile
9018,40,12625,5,2024-08-03 14:28:00,7.46,0.45,7.91,mobile
9019,233,12628,4,2024-08-03 09:34:00,6.07,0.36,6.43,credit
9020,185,12630,1,2024-08-03 15:53:00,9.0,0.54,9.54,credit
9021,55,12631,13,2024-08-03 11:40:00,6.83,0.41,7.24,credit
9022,13,12632,7,2024-08-03 14:57:00,8.4,0.5,8.9,mobile
9023,138,12633,5,2024-08-03 12:59:00,18.76,1.13,19.89,credit
9024,235,12634,5,2024-08-03 09:38:00,8.0,0.48,8.48,credit
9025,48,12635,1,2024-08-03 13:31:00,44.44,2.67,47.11,mobile
9026,48,12637,13,2024-08-03 12:59:00,9.62,0.58,10.2,mobile
9027,110,12639,13,2024-08-03 15:44:00,29.64,1.78,31.42,mobile
9028,158,12640,10,2024-08-03 11:28:00,23.53,1.41,24.94,mobile
9029,61,12641,1,2024-08-03 11:59:00,7.0,0.42,7.42,credit
9030,155,12642,11,2024-08-03 14:38:00,6.42,0.39,6.81,credit
9031,3,12643,7,2024-08-03 15:47:00,14.62,0.88,15.5,credit
9032,3,12645,13,2024-08-04 09:21:00,9.75,0.58,10.33,credit
9033,26,12646,5,2024-08-04 15:26:00,4.97,0.3,5.27,credit
9034,105,12647,12,2024-08-04 14:12:00,21.5,1.29,22.79,credit
9035,25,12648,2,2024-08-04 09:25:00,6.07,0.36,6.43,credit
9036,2,12649,5,2024-08-04 15:59:00,7.32,0.44,7.76,credit
9037,144,12650,3,2024-08-04 09:55:00,7.66,0.46,8.12,mobile
9038,88,12651,2,2024-08-04 09:58:00,19.94,1.2,21.14,credit
9039,46,12652,14,2024-08-04 10:56:00,10.82,0.65,11.47,credit
9040,95,12655,10,2024-08-04 14:42:00,63.8,3.83,67.63,credit
9041,169,12656,11,2024-08-04 16:41:00,9.1,0.55,9.65,credit
9042,137,12657,6,2024-08-04 10:43:00,12.14,0.73,12.87,credit
9043,11,12658,7,2024-08-04 14:59:00,8.0,0.48,8.48,credit
9044,135,12659,7,2024-08-04 12:59:00,10.07,0.6,10.67,credit
9045,164,12661,12,2024-08-04 12:42:00,32.83,1.97,34.8,credit
9046,218,12662,1,2024-08-04 14:28:00,6.62,0.4,7.02,mobile
9047,176,12663,6,2024-08-05 14:41:00,31.5,1.89,33.39,debit
9048,39,12665,3,2024-08-05 14:24:00,14.2,0.85,15.05,credit
9049,114,12666,12,2024-08-05 14:59:00,6.07,0.36,6.43,debit
9050,228,12667,11,2024-08-05 15:27:00,10.4,0.62,11.02,mobile
9051,73,12668,7,2024-08-05 11:59:00,12.14,0.73,12.87,credit
9052,35,12669,2,2024-08-05 14:54:00,6.07,0.36,6.43,credit
9053,114,12670,6,2024-08-05 12:52:00,8.0,0.48,8.48,debit
9054,10,12672,12,2024-08-05 09:27:00,3.85,0.23,4.08,debit
9055,52,12675,10,2024-08-05 15:41:00,10.5,0.63,11.13,credit
9056,205,12677,12,2024-08-05 14:40:00,9.69,0.58,10.27,credit
9057,17,12678,3,2024-08-06 15:48:00,33.57,2.01,35.58,mobile
9058,215,12679,7,2024-08-06 10:17:00,6.07,0.36,6.43,credit
9059,165,12681,5,2024-08-06 12:46:00,7.36,0.44,7.8,mobile
9060,223,12684,3,2024-08-06 13:15:00,47.14,2.83,49.97,credit
9061,106,12686,11,2024-08-06 13:57:00,24.98,1.5,26.48,credit
9062,95,12688,13,2024-08-06 15:18:00,16.8,1.01,17.81,credit
9063,25,12689,11,2024-08-06 09:29:00,19.94,1.2,21.14,credit
9064,149,12690,10,2024-08-06 10:43:00,7.09,0.43,7.52,credit
9065,84,12692,5,2024-08-06 13:50:00,12.14,0.73,12.87,mobile
9066,8,12693,4,2024-08-06 10:27:00,32.97,1.98,34.95,credit
9067,185,12694,14,2024-08-06 15:32:00,10.5,0.63,11.13,credit
9068,93,12695,2,2024-08-06 11:29:00,4.2,0.25,4.45,mobile
9069,74,12696,1,2024-08-06 12:42:00,26.0,1.56,27.56,mobile
9070,219,12700,13,2024-08-06 15:59:00,8.0,0.48,8.48,mobile
9071,207,12701,11,2024-08-06 12:26:00,33.07,1.98,35.05,debit
9072,100,12702,6,2024-08-07 11:19:00,20.98,1.26,22.24,debit
9073,232,12703,10,2024-08-07 16:35:00,16.57,0.99,17.56,mobile
9074,5,12704,6,2024-08-07 09:57:00,28.0,1.68,29.68,credit
9075,243,12708,14,2024-08-07 15:59:00,26.63,1.6,28.23,mobile
9076,219,12709,1,2024-08-07 14:56:00,20.69,1.24,21.93,mobile
9077,24,12710,12,2024-08-07 10:56:00,4.2,0.25,4.45,credit
9078,119,12711,13,2024-08-07 13:25:00,8.4,0.5,8.9,mobile
9079,56,12713,7,2024-08-07 10:14:00,5.21,0.31,5.52,credit
9080,126,12714,7,2024-08-07 09:19:00,8.4,0.5,8.9,credit
9081,121,12715,4,2024-08-07 16:25:00,14.47,0.87,15.34,mobile
9082,161,12716,1,2024-08-07 10:25:00,7.62,0.46,8.08,debit
9083,67,12717,13,2024-08-08 16:21:00,8.0,0.48,8.48,credit
9084,143,12719,6,2024-08-08 09:31:00,6.07,0.36,6.43,mobile
9085,8,12720,10,2024-08-08 11:26:00,45.53,2.73,48.26,mobile
9086,119,12721,4,2024-08-08 11:56:00,18.5,1.11,19.61,credit
9087,233,12723,5,2024-08-08 16:56:00,23.07,1.38,24.45,credit
9088,103,12724,12,2024-08-08 16:11:00,11.51,0.69,12.2,mobile
9089,108,12725,6,2024-08-08 12:41:00,10.5,0.63,11.13,mobile
9090,7,12726,12,2024-08-08 14:35:00,6.62,0.4,7.02,debit
9091,75,12727,14,2024-08-08 11:51:00,11.54,0.69,12.23,debit
9092,218,12728,4,2024-08-08 15:30:00,13.24,0.79,14.03,credit
9093,160,12729,14,2024-08-08 16:59:00,12.14,0.73,12.87,mobile
9094,238,12731,11,2024-08-08 10:29:00,6.34,0.38,6.72,credit
9095,149,12732,6,2024-08-08 15:42:00,9.02,0.54,9.56,debit
9096,237,12733,4,2024-08-08 09:30:00,28.69,1.72,30.41,credit
9097,56,12735,6,2024-08-09 14:21:00,9.21,0.55,9.76,debit
9098,173,12737,14,2024-08-09 09:27:00,23.85,1.43,25.28,debit
9099,110,12738,12,2024-08-09 12:37:00,10.5,0.63,11.13,mobile
9100,217,12740,2,2024-08-09 15:59:00,11.53,0.69,12.22,credit
9101,95,12741,14,2024-08-09 11:38:00,11.98,0.72,12.7,credit
9102,179,12742,13,2024-08-09 12:44:00,7.18,0.43,7.61,mobile
9103,107,12746,4,2024-08-09 13:29:00,6.14,0.37,6.51,credit
9104,194,12747,10,2024-08-09 13:29:00,4.2,0.25,4.45,debit
9105,73,12748,14,2024-08-09 10:27:00,36.68,2.2,38.88,debit
9106,92,12749,1,2024-08-09 15:59:00,16.0,0.96,16.96,credit
9107,53,12751,13,2024-08-09 10:30:00,7.66,0.46,8.12,debit
9108,61,12752,12,2024-08-09 10:41:00,13.0,0.78,13.78,credit
9109,103,12753,2,2024-08-09 10:58:00,22.44,1.35,23.79,credit
9110,162,12755,7,2024-08-10 09:58:00,23.33,1.4,24.73,debit
9111,207,12756,1,2024-08-10 11:26:00,6.5,0.39,6.89,credit
9112,154,12757,1,2024-08-10 12:59:00,3.5,0.21,3.71,mobile
9113,2,12758,5,2024-08-10 12:59:00,12.95,0.78,13.73,credit
9114,137,12759,12,2024-08-10 10:53:00,9.97,0.6,10.57,credit
9115,74,12760,13,2024-08-10 12:56:00,16.8,1.01,17.81,credit
9116,97,12762,5,2024-08-10 14:42:00,6.07,0.36,6.43,mobile
9117,36,12765,13,2024-08-10 15:57:00,12.79,0.77,13.56,credit
9118,237,12766,3,2024-08-10 12:25:00,13.47,0.81,14.28,credit
9119,126,12768,10,2024-08-10 09:59:00,8.0,0.48,8.48,credit
9120,122,12769,3,2024-08-10 10:56:00,6.62,0.4,7.02,debit
9121,228,12771,12,2024-08-10 14:59:00,20.4,1.22,21.62,credit
9122,135,12772,4,2024-08-10 13:59:00,6.5,0.39,6.89,mobile
9123,237,12777,7,2024-08-10 13:29:00,14.0,0.84,14.84,credit
9124,177,12778,5,2024-08-10 13:59:00,8.0,0.48,8.48,mobile
9125,108,12779,1,2024-08-10 10:59:00,6.5,0.39,6.89,credit
9126,120,12781,1,2024-08-10 10:43:00,8.09,0.49,8.58,mobile
9127,181,12784,6,2024-08-10 13:30:00,10.5,0.63,11.13,mobile
9128,154,12785,3,2024-08-10 14:15:00,39.5,2.37,41.87,credit
9129,60,12786,10,2024-08-10 12:13:00,3.5,0.21,3.71,credit
9130,119,12787,13,2024-08-10 10:45:00,7.36,0.44,7.8,credit
9131,48,12789,1,2024-08-11 13:32:00,10.5,0.63,11.13,debit
9132,90,12791,14,2024-08-11 10:59:00,16.35,0.98,17.33,mobile
9133,14,12792,4,2024-08-11 13:20:00,7.9,0.47,8.37,mobile
9134,13,12793,12,2024-08-11 10:59:00,6.07,0.36,6.43,credit
9135,107,12795,14,2024-08-11 12:42:00,8.96,0.54,9.5,credit
9136,2,12798,11,2024-08-11 13:59:00,5.45,0.33,5.78,mobile
9137,18,12803,12,2024-08-11 09:43:00,20.27,1.22,21.49,mobile
9138,152,12804,4,2024-08-11 10:42:00,30.99,1.86,32.85,credit
9139,228,12805,10,2024-08-11 12:11:00,14.6,0.88,15.48,credit
9140,224,12807,12,2024-08-11 15:19:00,16.0,0.96,16.96,mobile
9141,95,12810,13,2024-08-12 13:51:00,4.3,0.26,4.56,mobile
9142,138,12811,13,2024-08-12 12:59:00,6.07,0.36,6.43,debit
9143,104,12812,6,2024-08-12 12:58:00,7.15,0.43,7.58,mobile
9144,36,12813,10,2024-08-12 10:46:00,29.09,1.75,30.84,mobile
9145,165,12814,5,2024-08-12 11:26:00,3.5,0.21,3.71,credit
9146,246,12817,6,2024-08-12 09:42:00,7.04,0.42,7.46,mobile
9147,77,12818,6,2024-08-12 09:59:00,32.98,1.98,34.96,mobile
9148,106,12819,13,2024-08-12 13:59:00,8.0,0.48,8.48,mobile
9149,25,12821,2,2024-08-12 12:56:00,49.57,2.97,52.54,debit
9150,242,12822,11,2024-08-12 15:59:00,6.07,0.36,6.43,debit
9151,215,12823,5,2024-08-12 09:59:00,7.0,0.42,7.42,mobile
9152,96,12824,14,2024-08-12 12:59:00,7.22,0.43,7.65,credit
9153,179,12825,5,2024-08-12 13:30:00,31.68,1.9,33.58,mobile
9154,242,12826,11,2024-08-12 15:58:00,7.0,0.42,7.42,mobile
9155,73,12828,1,2024-08-12 15:23:00,12.14,0.73,12.87,credit
9156,2,12830,10,2024-08-13 09:32:00,12.29,0.74,13.03,credit
9157,56,12831,13,2024-08-13 15:42:00,4.21,0.25,4.46,debit
9158,205,12832,10,2024-08-13 12:23:00,21.27,1.28,22.55,mobile
9159,18,12833,12,2024-08-13 15:59:00,18.91,1.13,20.04,credit
9160,93,12835,7,2024-08-13 12:28:00,8.4,0.5,8.9,mobile
9161,172,12836,10,2024-08-13 13:42:00,16.8,1.01,17.81,mobile
9162,111,12837,14,2024-08-13 14:59:00,8.4,0.5,8.9,credit
9163,114,12839,6,2024-08-13 12:59:00,17.5,1.05,18.55,debit
9164,6,12840,14,2024-08-13 16:51:00,4.0,0.24,4.24,debit
9165,141,12841,5,2024-08-13 11:46:00,33.44,2.01,35.45,credit
9166,247,12843,7,2024-08-14 14:59:00,9.97,0.6,10.57,credit
9167,246,12844,7,2024-08-14 16:59:00,17.54,1.05,18.59,mobile
9168,63,12845,6,2024-08-14 13:59:00,9.0,0.54,9.54,credit
9169,122,12846,1,2024-08-14 10:34:00,4.5,0.27,4.77,credit
9170,105,12847,14,2024-08-14 15:18:00,7.36,0.44,7.8,mobile
9171,126,12848,11,2024-08-14 16:14:00,8.4,0.5,8.9,debit
9172,52,12849,14,2024-08-14 11:38:00,8.0,0.48,8.48,credit
9173,184,12850,13,2024-08-14 09:26:00,11.68,0.7,12.38,credit
9174,100,12852,13,2024-08-14 12:25:00,7.92,0.48,8.4,mobile
9175,91,12853,7,2024-08-14 15:48:00,49.82,2.99,52.81,mobile
9176,196,12855,13,2024-08-14 10:59:00,5.51,0.33,5.84,debit
9177,233,12856,5,2024-08-14 11:19:00,8.0,0.48,8.48,credit
9178,155,12857,11,2024-08-14 12:15:00,11.42,0.69,12.11,credit
9179,47,12858,10,2024-08-14 16:15:00,6.07,0.36,6.43,credit
9180,65,12859,6,2024-08-14 12:59:00,28.28,1.7,29.98,mobile
9181,8,12861,6,2024-08-15 13:50:00,20.25,1.21,21.46,debit
9182,120,12862,1,2024-08-15 09:48:00,56.95,3.42,60.37,credit
9183,125,12863,7,2024-08-15 12:43:00,9.79,0.59,10.38,mobile
9184,65,12864,13,2024-08-15 15:47:00,16.0,0.96,16.96,mobile
9185,237,12865,2,2024-08-15 15:40:00,18.64,1.12,19.76,debit
9186,33,12868,6,2024-08-15 10:43:00,18.0,1.08,19.08,debit
9187,112,12869,7,2024-08-15 16:35:00,8.16,0.49,8.65,credit
9188,4,12870,11,2024-08-15 11:29:00,7.13,0.43,7.56,credit
9189,90,12871,11,2024-08-15 13:18:00,7.85,0.47,8.32,credit
9190,128,12872,12,2024-08-15 11:20:00,8.48,0.51,8.99,mobile
9191,33,12874,4,2024-08-15 13:37:00,4.0,0.24,4.24,credit
9192,2,12875,3,2024-08-15 12:59:00,40.97,2.46,43.43,credit
9193,169,12876,6,2024-08-15 15:59:00,5.3,0.32,5.62,credit
9194,23,12877,14,2024-08-15 15:33:00,28.97,1.74,30.71,credit
9195,3,12878,14,2024-08-15 15:29:00,16.24,0.97,17.21,credit
9196,155,12879,1,2024-08-15 10:46:00,9.85,0.59,10.44,credit
9197,27,12880,11,2024-08-16 09:45:00,4.89,0.29,5.18,mobile
9198,56,12881,12,2024-08-16 11:59:00,31.83,1.91,33.74,credit
9199,3,12882,12,2024-08-16 16:54:00,32.07,1.92,33.99,mobile
9200,154,12883,14,2024-08-16 13:26:00,7.0,0.42,7.42,mobile
9201,110,12885,2,2024-08-16 09:59:00,8.0,0.48,8.48,debit
9202,159,12886,2,2024-08-16 09:29:00,28.58,1.71,30.29,credit
9203,27,12887,7,2024-08-16 15:57:00,5.41,0.32,5.73,credit
9204,174,12888,12,2024-08-16 14:40:00,9.74,0.58,10.32,credit
9205,203,12891,12,2024-08-16 11:52:00,30.14,1.81,31.95,credit
9206,228,12892,4,2024-08-17 16:36:00,21.3,1.28,22.58,credit
9207,25,12893,4,2024-08-17 15:42:00,22.64,1.36,24.0,mobile
9208,2,12894,4,2024-08-17 10:59:00,5.75,0.34,6.09,mobile
9209,6,12896,4,2024-08-17 13:48:00,20.04,1.2,21.24,credit
9210,68,12897,14,2024-08-17 13:46:00,3.0,0.18,3.18,credit
9211,74,12898,7,2024-08-17 13:55:00,3.0,0.18,3.18,credit
9212,69,12899,7,2024-08-17 09:59:00,8.0,0.48,8.48,debit
9213,96,12900,2,2024-08-17 13:30:00,9.15,0.55,9.7,mobile
9214,169,12901,10,2024-08-17 12:34:00,22.34,1.34,23.68,credit
9215,1,12902,14,2024-08-17 12:59:00,4.0,0.24,4.24,mobile
9216,41,12903,3,2024-08-17 15:59:00,11.0,0.66,11.66,credit
9217,61,12904,6,2024-08-17 11:59:00,24.8,1.49,26.29,mobile
9218,189,12905,3,2024-08-17 16:48:00,18.21,1.09,19.3,credit
9219,184,12906,3,2024-08-17 15:59:00,16.52,0.99,17.51,debit
9220,219,12907,10,2024-08-17 11:59:00,10.5,0.63,11.13,credit
9221,162,12909,11,2024-08-17 12:59:00,5.69,0.34,6.03,mobile
9222,207,12910,6,2024-08-17 14:56:00,6.5,0.39,6.89,mobile
9223,1,12911,10,2024-08-17 10:59:00,11.59,0.7,12.29,debit
9224,3,12912,1,2024-08-17 09:59:00,18.5,1.11,19.61,credit
9225,219,12913,10,2024-08-17 11:25:00,4.0,0.24,4.24,mobile
9226,91,12914,12,2024-08-17 11:12:00,3.68,0.22,3.9,credit
9227,47,12916,3,2024-08-17 09:59:00,6.5,0.39,6.89,mobile
9228,179,12918,13,2024-08-17 11:59:00,14.61,0.88,15.49,mobile
9229,73,12920,10,2024-08-17 14:19:00,15.64,0.94,16.58,credit
9230,77,12921,13,2024-08-18 10:21:00,8.0,0.48,8.48,credit
9231,75,12925,4,2024-08-18 15:10:00,33.21,1.99,35.2,credit
9232,177,12926,11,2024-08-18 12:42:00,18.5,1.11,19.61,credit
9233,131,12927,5,2024-08-18 15:59:00,4.0,0.24,4.24,mobile
9234,155,12928,14,2024-08-18 09:39:00,5.95,0.36,6.31,credit
9235,67,12929,7,2024-08-18 12:59:00,6.07,0.36,6.43,credit
9236,215,12930,7,2024-08-18 12:54:00,7.0,0.42,7.42,credit
9237,72,12931,1,2024-08-18 10:53:00,17.03,1.02,18.05,mobile
9238,224,12932,12,2024-08-18 11:59:00,12.69,0.76,13.45,credit
9239,116,12933,4,2024-08-18 15:59:00,16.51,0.99,17.5,credit
9240,155,12934,11,2024-08-18 11:29:00,8.07,0.48,8.55,credit
9241,149,12935,2,2024-08-18 12:29:00,4.02,0.24,4.26,debit
9242,143,12937,11,2024-08-18 13:59:00,4.5,0.27,4.77,mobile
9243,42,12938,2,2024-08-18 16:58:00,11.72,0.7,12.42,mobile
9244,106,12940,10,2024-08-18 16:56:00,6.07,0.36,6.43,debit
9245,74,12941,1,2024-08-18 13:59:00,5.51,0.33,5.84,debit
9246,59,12942,2,2024-08-18 09:59:00,7.67,0.46,8.13,debit
9247,3,12943,11,2024-08-18 13:55:00,10.5,0.63,11.13,mobile
9248,1,12944,10,2024-08-18 13:45:00,16.2,0.97,17.17,mobile
9249,215,12946,7,2024-08-18 10:44:00,8.4,0.5,8.9,credit
9250,89,12947,1,2024-08-18 13:12:00,19.94,1.2,21.14,debit
9251,1,12948,6,2024-08-18 16:58:00,6.62,0.4,7.02,credit
9252,66,12950,13,2024-08-18 09:11:00,7.0,0.42,7.42,mobile
9253,145,12951,10,2024-08-18 14:45:00,6.14,0.37,6.51,mobile
9254,78,12952,2,2024-08-18 14:23:00,8.29,0.5,8.79,credit
9255,25,12953,5,2024-08-18 16:59:00,4.97,0.3,5.27,debit
9256,218,12955,4,2024-08-19 11:30:00,4.97,0.3,5.27,debit
9257,14,12957,14,2024-08-19 13:27:00,8.33,0.5,8.83,credit
9258,119,12958,14,2024-08-19 14:39:00,42.48,2.55,45.03,debit
9259,228,12960,10,2024-08-19 16:15:00,8.47,0.51,8.98,mobile
9260,69,12961,3,2024-08-19 15:28:00,5.51,0.33,5.84,credit
9261,93,12962,3,2024-08-19 16:56:00,7.0,0.42,7.42,credit
9262,180,12963,2,2024-08-19 10:38:00,6.5,0.39,6.89,credit
9263,202,12964,7,2024-08-19 11:32:00,12.2,0.73,12.93,mobile
9264,95,12965,13,2024-08-19 14:53:00,6.87,0.41,7.28,debit
9265,126,12966,12,2024-08-19 16:56:00,6.07,0.36,6.43,credit
9266,160,12967,3,2024-08-19 16:59:00,8.0,0.48,8.48,credit
9267,223,12968,4,2024-08-19 10:14:00,6.62,0.4,7.02,credit
9268,197,12969,12,2024-08-19 09:24:00,16.0,0.96,16.96,mobile
9269,72,12970,6,2024-08-20 13:59:00,37.96,2.28,40.24,debit
9270,95,12972,13,2024-08-20 09:37:00,3.8,0.23,4.03,credit
9271,86,12973,3,2024-08-20 15:42:00,8.0,0.48,8.48,credit
9272,180,12974,14,2024-08-20 15:19:00,7.0,0.42,7.42,mobile
9273,64,12975,4,2024-08-20 15:42:00,6.12,0.37,6.49,credit
9274,104,12977,13,2024-08-20 12:10:00,7.08,0.42,7.5,credit
9275,110,12979,1,2024-08-20 09:59:00,15.0,0.9,15.9,credit
9276,27,12981,3,2024-08-20 13:48:00,7.71,0.46,8.17,credit
9277,23,12982,6,2024-08-20 13:21:00,4.2,0.25,4.45,credit
9278,82,12983,5,2024-08-20 11:58:00,6.62,0.4,7.02,credit
9279,108,12984,11,2024-08-20 14:59:00,3.0,0.18,3.18,mobile
9280,196,12988,5,2024-08-20 11:44:00,13.43,0.81,14.24,credit
9281,165,12989,13,2024-08-20 10:53:00,12.14,0.73,12.87,credit
9282,219,12995,2,2024-08-21 15:19:00,27.02,1.62,28.64,mobile
9283,191,12997,3,2024-08-21 10:59:00,3.94,0.24,4.18,credit
9284,181,12998,13,2024-08-21 15:59:00,45.0,2.7,47.7,credit
9285,155,12999,13,2024-08-21 09:16:00,17.92,1.08,19.0,credit
9286,219,13000,7,2024-08-21 13:32:00,5.51,0.33,5.84,mobile
9287,95,13001,11,2024-08-21 13:28:00,6.87,0.41,7.28,credit
9288,162,13002,3,2024-08-21 14:34:00,10.69,0.64,11.33,mobile
9289,69,13003,5,2024-08-21 11:15:00,3.68,0.22,3.9,mobile
9290,48,13004,14,2024-08-21 14:28:00,5.51,0.33,5.84,debit
9291,173,13005,2,2024-08-22 16:28:00,25.3,1.52,26.82,mobile
9292,9,13006,14,2024-08-22 14:43:00,8.0,0.48,8.48,credit
9293,143,13007,3,2024-08-22 13:59:00,13.0,0.78,13.78,credit
9294,74,13008,5,2024-08-22 10:59:00,4.2,0.25,4.45,debit
9295,61,13010,2,2024-08-22 12:15:00,11.0,0.66,11.66,mobile
9296,128,13011,12,2024-08-22 15:20:00,45.39,2.72,48.11,credit
9297,91,13012,5,2024-08-22 14:59:00,46.12,2.77,48.89,mobile
9298,27,13013,13,2024-08-22 16:36:00,31.65,1.9,33.55,credit
9299,160,13014,12,2024-08-22 10:59:00,3.5,0.21,3.71,credit
9300,2,13015,3,2024-08-22 10:59:00,7.32,0.44,7.76,credit
9301,95,13017,10,2024-08-22 10:31:00,5.77,0.35,6.12,mobile
9302,77,13018,4,2024-08-22 15:59:00,26.61,1.6,28.21,mobile
9303,2,13019,6,2024-08-22 15:45:00,10.25,0.61,10.86,credit
9304,228,13020,13,2024-08-23 13:18:00,21.47,1.29,22.76,mobile
9305,219,13021,10,2024-08-23 15:24:00,6.0,0.36,6.36,debit
9306,38,13023,2,2024-08-23 12:59:00,15.87,0.95,16.82,debit
9307,2,13025,13,2024-08-23 16:26:00,7.87,0.47,8.34,mobile
9308,110,13026,6,2024-08-23 14:45:00,13.5,0.81,14.31,credit
9309,245,13028,12,2024-08-23 12:15:00,9.97,0.6,10.57,credit
9310,81,13029,7,2024-08-23 13:26:00,8.0,0.48,8.48,debit
9311,215,13030,2,2024-08-23 09:59:00,13.5,0.81,14.31,mobile
9312,169,13031,10,2024-08-23 12:37:00,5.3,0.32,5.62,credit
9313,199,13032,13,2024-08-23 16:54:00,21.17,1.27,22.44,debit
9314,217,13033,11,2024-08-23 15:59:00,7.53,0.45,7.98,debit
9315,62,13034,3,2024-08-23 10:59:00,8.18,0.49,8.67,mobile
9316,67,13035,7,2024-08-23 14:46:00,9.75,0.58,10.33,debit
9317,231,13037,13,2024-08-24 09:43:00,13.0,0.78,13.78,credit
9318,155,13038,3,2024-08-24 11:29:00,9.45,0.57,10.02,mobile
9319,27,13039,1,2024-08-24 14:31:00,33.01,1.98,34.99,debit
9320,121,13040,12,2024-08-24 14:53:00,9.97,0.6,10.57,credit
9321,38,13041,3,2024-08-24 09:59:00,8.37,0.5,8.87,credit
9322,56,13042,4,2024-08-24 15:59:00,4.71,0.28,4.99,credit
9323,91,13043,14,2024-08-24 12:21:00,11.02,0.66,11.68,credit
9324,205,13044,11,2024-08-24 10:21:00,7.07,0.42,7.49,mobile
9325,169,13045,4,2024-08-24 12:30:00,13.5,0.81,14.31,credit
9326,55,13048,6,2024-08-24 14:59:00,3.76,0.23,3.99,mobile
9327,64,13051,2,2024-08-24 12:56:00,13.29,0.8,14.09,mobile
9328,7,13052,10,2024-08-24 09:13:00,4.0,0.24,4.24,mobile
9329,186,13053,1,2024-08-24 14:15:00,41.14,2.47,43.61,credit
9330,141,13054,12,2024-08-24 10:16:00,8.0,0.48,8.48,credit
9331,215,13056,14,2024-08-25 12:59:00,27.89,1.67,29.56,credit
9332,56,13058,6,2024-08-25 15:44:00,7.71,0.46,8.17,credit
9333,197,13059,10,2024-08-25 12:59:00,8.0,0.48,8.48,mobile
9334,216,13060,1,2024-08-25 12:55:00,11.02,0.66,11.68,credit
9335,134,13061,10,2024-08-25 10:26:00,20.0,1.2,21.2,debit
9336,107,13062,5,2024-08-25 09:55:00,10.46,0.63,11.09,credit
9337,207,13063,14,2024-08-25 10:59:00,19.94,1.2,21.14,mobile
9338,154,13064,11,2024-08-25 15:30:00,10.07,0.6,10.67,credit
9339,3,13067,6,2024-08-25 09:34:00,30.5,1.83,32.33,credit
9340,237,13069,14,2024-08-25 14:59:00,8.0,0.48,8.48,mobile
9341,131,13070,12,2024-08-25 10:57:00,6.0,0.36,6.36,mobile
9342,113,13072,11,2024-08-25 14:59:00,14.07,0.84,14.91,credit
9343,189,13073,1,2024-08-25 09:12:00,28.69,1.72,30.41,mobile
9344,132,13074,6,2024-08-25 15:28:00,8.0,0.48,8.48,credit
9345,215,13075,6,2024-08-25 09:39:00,4.0,0.24,4.24,mobile
9346,211,13076,5,2024-08-25 11:44:00,4.0,0.24,4.24,mobile
9347,186,13077,4,2024-08-25 11:56:00,7.0,0.42,7.42,credit
9348,92,13080,7,2024-08-25 09:54:00,6.62,0.4,7.02,mobile
9349,126,13083,2,2024-08-25 13:59:00,12.69,0.76,13.45,mobile
9350,42,13084,5,2024-08-25 10:59:00,6.62,0.4,7.02,mobile
9351,52,13087,1,2024-08-25 15:51:00,12.14,0.73,12.87,credit
9352,158,13089,10,2024-08-25 15:59:00,19.0,1.14,20.14,credit
9353,198,13090,10,2024-08-26 14:14:00,24.58,1.47,26.05,mobile
9354,196,13091,4,2024-08-26 12:49:00,7.0,0.42,7.42,credit
9355,62,13092,3,2024-08-26 15:28:00,17.5,1.05,18.55,credit
9356,181,13093,2,2024-08-26 13:59:00,61.94,3.72,65.66,credit
9357,5,13094,1,2024-08-26 13:16:00,20.51,1.23,21.74,credit
9358,195,13095,10,2024-08-26 15:29:00,7.45,0.45,7.9,credit
9359,74,13096,10,2024-08-26 10:58:00,12.14,0.73,12.87,mobile
9360,95,13097,14,2024-08-26 16:29:00,7.3,0.44,7.74,credit
9361,139,13098,5,2024-08-26 11:58:00,6.07,0.36,6.43,mobile
9362,47,13099,4,2024-08-26 11:19:00,10.5,0.63,11.13,mobile
9363,55,13100,4,2024-08-26 14:25:00,8.76,0.53,9.29,mobile
9364,196,13101,13,2024-08-26 09:57:00,8.0,0.48,8.48,credit
9365,155,13103,5,2024-08-26 09:31:00,7.52,0.45,7.97,credit
9366,2,13105,3,2024-08-26 09:48:00,4.75,0.28,5.03,credit
9367,33,13107,2,2024-08-27 16:38:00,6.07,0.36,6.43,credit
9368,52,13108,11,2024-08-27 13:29:00,6.5,0.39,6.89,mobile
9369,4,13112,2,2024-08-27 14:26:00,16.06,0.96,17.02,mobile
9370,71,13113,12,2024-08-27 13:56:00,4.0,0.24,4.24,credit
9371,107,13114,3,2024-08-27 09:42:00,12.43,0.75,13.18,credit
9372,125,13115,12,2024-08-27 13:42:00,13.89,0.83,14.72,credit
9373,100,13116,2,2024-08-27 09:41:00,9.3,0.56,9.86,mobile
9374,37,13117,10,2024-08-27 12:29:00,17.5,1.05,18.55,mobile
9375,159,13118,6,2024-08-27 16:18:00,7.02,0.42,7.44,mobile
9376,7,13119,5,2024-08-27 16:55:00,5.51,0.33,5.84,credit
9377,48,13120,14,2024-08-27 16:17:00,30.64,1.84,32.48,credit
9378,197,13122,5,2024-08-27 10:42:00,29.12,1.75,30.87,mobile
9379,29,13124,6,2024-08-27 14:59:00,7.0,0.42,7.42,credit
9380,237,13125,6,2024-08-28 10:42:00,3.0,0.18,3.18,mobile
9381,126,13126,5,2024-08-28 15:59:00,24.0,1.44,25.44,credit
9382,85,13128,5,2024-08-28 09:59:00,10.79,0.65,11.44,credit
9383,126,13129,11,2024-08-28 16:59:00,3.68,0.22,3.9,credit
9384,201,13130,11,2024-08-28 16:59:00,15.0,0.9,15.9,credit
9385,155,13134,5,2024-08-28 13:33:00,5.65,0.34,5.99,mobile
9386,135,13135,13,2024-08-28 16:12:00,27.94,1.68,29.62,credit
9387,215,13136,3,2024-08-28 15:19:00,8.4,0.5,8.9,mobile
9388,219,13137,5,2024-08-28 12:25:00,10.01,0.6,10.61,credit
9389,189,13138,11,2024-08-29 13:59:00,4.2,0.25,4.45,debit
9390,155,13140,7,2024-08-29 12:54:00,22.75,1.36,24.11,credit
9391,137,13142,4,2024-08-29 15:43:00,11.5,0.69,12.19,credit
9392,205,13143,12,2024-08-29 15:59:00,9.14,0.55,9.69,mobile
9393,182,13144,5,2024-08-29 14:52:00,10.16,0.61,10.77,mobile
9394,130,13146,7,2024-08-29 09:27:00,4.2,0.25,4.45,mobile
9395,53,13147,14,2024-08-29 09:19:00,23.7,1.42,25.12,debit
9396,140,13148,4,2024-08-29 09:55:00,4.5,0.27,4.77,mobile
9397,4,13149,13,2024-08-29 11:36:00,30.46,1.83,32.29,mobile
9398,162,13150,3,2024-08-29 15:36:00,13.19,0.79,13.98,credit
9399,138,13151,3,2024-08-29 16:18:00,28.64,1.72,30.36,credit
9400,27,13153,2,2024-08-29 15:57:00,4.21,0.25,4.46,credit
9401,162,13155,3,2024-08-29 14:59:00,7.19,0.43,7.62,mobile
9402,238,13156,13,2024-08-30 12:27:00,10.34,0.62,10.96,credit
9403,95,13159,10,2024-08-30 15:59:00,15.27,0.92,16.19,credit
9404,69,13160,5,2024-08-30 15:59:00,27.07,1.62,28.69,credit
9405,143,13162,6,2024-08-30 15:48:00,4.5,0.27,4.77,debit
9406,92,13163,12,2024-08-30 15:38:00,3.0,0.18,3.18,credit
9407,206,13164,5,2024-08-30 15:56:00,10.65,0.64,11.29,mobile
9408,33,13165,13,2024-08-30 16:25:00,3.5,0.21,3.71,mobile
9409,73,13166,1,2024-08-30 12:36:00,7.0,0.42,7.42,mobile
9410,114,13167,13,2024-08-30 13:12:00,55.89,3.35,59.24,credit
9411,205,13170,2,2024-08-30 16:25:00,9.14,0.55,9.69,mobile
9412,158,13172,1,2024-08-30 16:46:00,6.54,0.39,6.93,mobile
9413,219,13173,13,2024-08-30 15:59:00,4.5,0.27,4.77,mobile
9414,222,13175,3,2024-08-31 16:41:00,8.0,0.48,8.48,credit
9415,53,13176,1,2024-08-31 12:27:00,8.21,0.49,8.7,credit
9416,205,13177,13,2024-08-31 10:42:00,17.54,1.05,18.59,debit
9417,108,13179,7,2024-08-31 15:26:00,10.07,0.6,10.67,credit
9418,8,13180,10,2024-08-31 13:40:00,8.97,0.54,9.51,credit
9419,134,13181,3,2024-08-31 16:16:00,28.5,1.71,30.21,credit
9420,48,13182,4,2024-08-31 10:17:00,6.5,0.39,6.89,mobile
9421,215,13185,13,2024-08-31 16:24:00,20.19,1.21,21.4,credit
9422,69,13186,1,2024-08-31 15:50:00,8.0,0.48,8.48,debit
9423,155,13187,5,2024-08-31 14:59:00,7.52,0.45,7.97,mobile
9424,63,13188,2,2024-08-31 15:14:00,39.88,2.39,42.27,mobile
9425,73,13189,1,2024-08-31 10:11:00,33.4,2.0,35.4,credit
9426,2,13190,5,2024-08-31 15:59:00,9.25,0.55,9.8,credit
9427,158,13192,11,2024-08-31 14:12:00,15.8,0.95,16.75,credit
9428,121,13193,13,2024-08-31 14:59:00,7.36,0.44,7.8,credit
9429,201,13194,6,2024-08-31 12:49:00,3.5,0.21,3.71,debit
9430,165,13195,1,2024-08-31 09:29:00,7.36,0.44,7.8,credit
9431,42,13196,7,2024-08-31 15:59:00,6.62,0.4,7.02,mobile
9432,107,13197,4,2024-08-31 13:30:00,9.08,0.54,9.62,mobile
9433,85,13198,6,2024-08-31 10:55:00,36.18,2.17,38.35,credit
9434,146,13199,10,2024-08-31 15:41:00,14.47,0.87,15.34,debit
9435,184,13200,1,2024-08-31 11:54:00,13.78,0.83,14.61,mobile
9436,164,13202,7,2024-08-31 16:37:00,18.21,1.09,19.3,credit
9437,98,13203,4,2024-08-31 15:29:00,6.07,0.36,6.43,mobile
9438,103,13204,13,2024-08-31 10:20:00,31.95,1.92,33.87,mobile
9439,135,13205,5,2024-08-31 15:10:00,14.62,0.88,15.5,credit
9440,109,13206,3,2024-08-31 15:26:00,53.47,3.21,56.68,credit
9441,186,13207,1,2024-08-31 09:28:00,39.51,2.37,41.88,credit
9442,182,13209,4,2024-08-31 13:59:00,9.73,0.58,10.31,credit
9443,48,13210,7,2024-09-01 11:59:00,8.0,0.48,8.48,debit
9444,30,13211,10,2024-09-01 10:43:00,6.25,0.38,6.63,debit
9445,98,13212,3,2024-09-01 16:59:00,6.62,0.4,7.02,credit
9446,1,13214,10,2024-09-01 15:30:00,5.51,0.33,5.84,credit
9447,197,13216,1,2024-09-01 14:59:00,15.0,0.9,15.9,credit
9448,200,13219,4,2024-09-01 12:59:00,13.0,0.78,13.78,credit
9449,34,13220,3,2024-09-01 10:58:00,9.71,0.58,10.29,credit
9450,131,13221,13,2024-09-01 10:52:00,20.47,1.23,21.7,debit
9451,179,13222,2,2024-09-01 11:20:00,41.05,2.46,43.51,debit
9452,100,13223,5,2024-09-01 13:28:00,8.3,0.5,8.8,mobile
9453,27,13225,4,2024-09-01 09:32:00,18.21,1.09,19.3,mobile
9454,135,13226,14,2024-09-01 15:27:00,6.5,0.39,6.89,credit
9455,155,13227,13,2024-09-01 09:34:00,21.65,1.3,22.95,debit
9456,48,13228,6,2024-09-01 16:58:00,44.81,2.69,47.5,credit
9457,237,13230,7,2024-09-02 11:33:00,11.02,0.66,11.68,credit
9458,71,13231,13,2024-09-02 14:40:00,20.47,1.23,21.7,mobile
9459,61,13232,14,2024-09-02 09:55:00,7.0,0.42,7.42,credit
9460,181,13233,5,2024-09-02 15:42:00,3.68,0.22,3.9,mobile
9461,231,13234,12,2024-09-02 16:49:00,3.5,0.21,3.71,credit
9462,149,13236,7,2024-09-02 14:59:00,5.02,0.3,5.32,credit
9463,197,13238,14,2024-09-02 12:16:00,15.0,0.9,15.9,mobile
9464,181,13239,12,2024-09-02 11:33:00,4.0,0.24,4.24,mobile
9465,245,13240,10,2024-09-02 10:14:00,5.97,0.36,6.33,credit
9466,1,13241,3,2024-09-02 15:35:00,25.74,1.54,27.28,credit
9467,61,13242,5,2024-09-02 15:46:00,4.5,0.27,4.77,mobile
9468,242,13243,2,2024-09-02 10:59:00,9.97,0.6,10.57,credit
9469,2,13244,10,2024-09-02 12:59:00,5.45,0.33,5.78,mobile
9470,108,13245,12,2024-09-02 09:59:00,6.62,0.4,7.02,debit
9471,93,13246,12,2024-09-02 16:19:00,4.0,0.24,4.24,mobile
9472,140,13247,1,2024-09-02 12:55:00,5.51,0.33,5.84,credit
9473,81,13248,4,2024-09-02 16:17:00,3.68,0.22,3.9,credit
9474,164,13249,2,2024-09-02 14:59:00,41.0,2.46,43.46,debit
9475,207,13251,3,2024-09-02 16:17:00,7.0,0.42,7.42,credit
9476,64,13252,14,2024-09-02 15:59:00,13.15,0.79,13.94,credit
9477,74,13253,7,2024-09-02 09:59:00,16.59,1.0,17.59,debit
9478,104,13255,11,2024-09-02 16:29:00,7.15,0.43,7.58,credit
9479,141,13256,5,2024-09-02 10:29:00,13.24,0.79,14.03,mobile
9480,9,13257,7,2024-09-03 13:20:00,8.0,0.48,8.48,credit
9481,144,13259,4,2024-09-03 12:38:00,16.61,1.0,17.61,credit
9482,219,13260,10,2024-09-03 14:42:00,18.02,1.08,19.1,mobile
9483,119,13261,5,2024-09-03 09:59:00,11.02,0.66,11.68,mobile
9484,155,13264,11,2024-09-03 11:59:00,22.45,1.35,23.8,debit
9485,139,13269,12,2024-09-03 11:37:00,51.11,3.07,54.18,credit
9486,74,13270,2,2024-09-03 09:50:00,3.5,0.21,3.71,credit
9487,164,13271,4,2024-09-03 13:16:00,6.5,0.39,6.89,credit
9488,223,13273,11,2024-09-03 13:59:00,20.97,1.26,22.23,mobile
9489,56,13274,4,2024-09-03 15:18:00,4.21,0.25,4.46,mobile
9490,36,13278,13,2024-09-04 10:13:00,12.99,0.78,13.77,mobile
9491,197,13280,5,2024-09-04 13:18:00,21.0,1.26,22.26,debit
9492,169,13281,14,2024-09-04 11:45:00,14.1,0.85,14.95,debit
9493,48,13284,12,2024-09-04 13:59:00,4.0,0.24,4.24,credit
9494,8,13287,10,2024-09-04 12:27:00,4.97,0.3,5.27,mobile
9495,116,13288,6,2024-09-04 13:29:00,15.0,0.9,15.9,debit
9496,14,13290,13,2024-09-04 09:43:00,14.83,0.89,15.72,mobile
9497,54,13291,7,2024-09-04 14:47:00,8.69,0.52,9.21,credit
9498,128,13292,5,2024-09-04 12:41:00,8.1,0.49,8.59,mobile
9499,174,13296,13,2024-09-04 10:59:00,15.24,0.91,16.15,mobile
9500,110,13297,3,2024-09-04 11:12:00,8.0,0.48,8.48,credit
9501,236,13300,5,2024-09-04 16:27:00,7.0,0.42,7.42,debit
9502,73,13301,4,2024-09-04 10:57:00,6.62,0.4,7.02,mobile
9503,205,13303,4,2024-09-04 13:59:00,9.14,0.55,9.69,credit
9504,89,13304,11,2024-09-05 15:59:00,23.01,1.38,24.39,mobile
9505,205,13305,1,2024-09-05 15:59:00,19.07,1.14,20.21,credit
9506,182,13306,10,2024-09-05 14:59:00,15.73,0.94,16.67,credit
9507,38,13311,6,2024-09-05 14:56:00,8.49,0.51,9.0,credit
9508,80,13313,1,2024-09-05 09:53:00,7.0,0.42,7.42,debit
9509,69,13315,2,2024-09-05 09:59:00,32.57,1.95,34.52,credit
9510,103,13316,13,2024-09-05 15:27:00,41.06,2.46,43.52,credit
9511,116,13317,11,2024-09-05 10:45:00,6.62,0.4,7.02,debit
9512,148,13318,4,2024-09-05 14:59:00,6.5,0.39,6.89,mobile
9513,205,13320,1,2024-09-05 14:15:00,17.57,1.05,18.62,credit
9514,48,13321,13,2024-09-05 09:59:00,38.94,2.34,41.28,credit
9515,89,13322,5,2024-09-05 11:59:00,16.1,0.97,17.07,mobile
9516,107,13323,14,2024-09-05 11:25:00,7.97,0.48,8.45,credit
9517,182,13324,4,2024-09-05 16:51:00,16.73,1.0,17.73,credit
9518,66,13327,13,2024-09-05 11:59:00,5.51,0.33,5.84,credit
9519,2,13328,13,2024-09-05 16:45:00,9.25,0.55,9.8,mobile
9520,44,13329,3,2024-09-05 12:59:00,14.47,0.87,15.34,credit
9521,236,13330,7,2024-09-05 16:59:00,10.5,0.63,11.13,mobile
9522,150,13331,12,2024-09-05 14:13:00,12.14,0.73,12.87,debit
9523,205,13332,14,2024-09-05 12:34:00,8.04,0.48,8.52,credit
9524,240,13333,12,2024-09-06 13:12:00,6.07,0.36,6.43,credit
9525,27,13335,6,2024-09-06 10:24:00,7.28,0.44,7.72,credit
9526,128,13337,11,2024-09-06 09:57:00,40.22,2.41,42.63,credit
9527,48,13338,14,2024-09-06 12:19:00,7.0,0.42,7.42,mobile
9528,46,13339,2,2024-09-06 12:59:00,8.4,0.5,8.9,credit
9529,219,13340,3,2024-09-06 15:23:00,20.61,1.24,21.85,credit
9530,103,13341,13,2024-09-06 10:59:00,5.94,0.36,6.3,credit
9531,216,13344,10,2024-09-06 12:22:00,6.62,0.4,7.02,mobile
9532,91,13345,13,2024-09-06 15:25:00,4.5,0.27,4.77,credit
9533,216,13346,7,2024-09-06 12:59:00,3.68,0.22,3.9,mobile
9534,96,13347,5,2024-09-06 11:12:00,9.55,0.57,10.12,credit
9535,240,13348,4,2024-09-06 09:31:00,8.0,0.48,8.48,mobile
9536,181,13350,6,2024-09-06 13:27:00,4.5,0.27,4.77,credit
9537,126,13351,5,2024-09-06 09:18:00,8.0,0.48,8.48,mobile
9538,240,13352,11,2024-09-06 16:41:00,10.62,0.64,11.26,credit
9539,1,13353,5,2024-09-06 14:15:00,3.5,0.21,3.71,credit
9540,192,13354,5,2024-09-06 11:14:00,3.0,0.18,3.18,debit
9541,48,13355,7,2024-09-06 11:57:00,7.36,0.44,7.8,credit
9542,207,13356,10,2024-09-06 09:59:00,3.68,0.22,3.9,mobile
9543,215,13357,13,2024-09-06 14:56:00,12.14,0.73,12.87,credit
9544,222,13358,2,2024-09-06 10:59:00,7.0,0.42,7.42,debit
9545,1,13361,12,2024-09-06 16:31:00,17.97,1.08,19.05,credit
9546,237,13362,4,2024-09-07 14:28:00,40.0,2.4,42.4,mobile
9547,53,13363,13,2024-09-07 15:11:00,13.6,0.82,14.42,debit
9548,5,13364,14,2024-09-07 12:44:00,27.24,1.63,28.87,mobile
9549,3,13365,12,2024-09-07 10:14:00,13.24,0.79,14.03,mobile
9550,29,13367,10,2024-09-07 16:28:00,8.0,0.48,8.48,credit
9551,2,13368,1,2024-09-07 16:46:00,6.76,0.41,7.17,credit
9552,90,13369,14,2024-09-07 09:59:00,8.35,0.5,8.85,credit
9553,161,13373,2,2024-09-07 16:28:00,10.12,0.61,10.73,mobile
9554,210,13374,12,2024-09-07 10:43:00,3.5,0.21,3.71,credit
9555,44,13375,4,2024-09-07 14:28:00,4.0,0.24,4.24,credit
9556,231,13376,2,2024-09-07 13:23:00,8.0,0.48,8.48,mobile
9557,159,13377,1,2024-09-07 14:39:00,6.01,0.36,6.37,mobile
9558,141,13378,13,2024-09-07 14:36:00,4.5,0.27,4.77,credit
9559,64,13379,11,2024-09-07 12:58:00,41.72,2.5,44.22,mobile
9560,38,13380,7,2024-09-07 13:52:00,11.84,0.71,12.55,credit
9561,153,13383,3,2024-09-07 16:45:00,4.5,0.27,4.77,mobile
9562,103,13385,13,2024-09-07 16:17:00,7.51,0.45,7.96,credit
9563,186,13386,5,2024-09-07 12:37:00,4.97,0.3,5.27,mobile
9564,89,13389,1,2024-09-07 09:45:00,3.68,0.22,3.9,debit
9565,145,13390,2,2024-09-07 11:59:00,17.41,1.04,18.45,debit
9566,112,13392,11,2024-09-07 15:21:00,7.66,0.46,8.12,mobile
9567,233,13393,6,2024-09-07 10:59:00,4.97,0.3,5.27,mobile
9568,36,13395,1,2024-09-07 09:31:00,16.79,1.01,17.8,mobile
9569,179,13397,7,2024-09-07 12:59:00,15.11,0.91,16.02,credit
9570,207,13400,2,2024-09-08 13:59:00,6.5,0.39,6.89,mobile
9571,47,13405,3,2024-09-08 10:59:00,14.62,0.88,15.5,mobile
9572,210,13406,13,2024-09-08 11:26:00,8.4,0.5,8.9,credit
9573,89,13408,4,2024-09-08 11:59:00,4.97,0.3,5.27,mobile
9574,119,13409,4,2024-09-08 12:39:00,5.51,0.33,5.84,credit
9575,108,13410,12,2024-09-08 14:59:00,4.5,0.27,4.77,credit
9576,165,13412,4,2024-09-08 14:59:00,4.5,0.27,4.77,credit
9577,48,13413,11,2024-09-08 14:58:00,33.48,2.01,35.49,credit
9578,99,13414,3,2024-09-08 16:59:00,33.54,2.01,35.55,credit
9579,182,13418,10,2024-09-08 16:59:00,10.66,0.64,11.3,mobile
9580,153,13419,5,2024-09-08 13:34:00,4.2,0.25,4.45,credit
9581,71,13420,4,2024-09-08 16:59:00,6.62,0.4,7.02,mobile
9582,217,13421,5,2024-09-08 13:42:00,5.03,0.3,5.33,credit
9583,240,13422,4,2024-09-08 09:44:00,9.97,0.6,10.57,mobile
9584,82,13423,1,2024-09-08 11:57:00,18.21,1.09,19.3,mobile
9585,223,13424,5,2024-09-08 12:59:00,6.5,0.39,6.89,debit
9586,179,13425,7,2024-09-08 15:38:00,5.11,0.31,5.42,credit
9587,46,13426,4,2024-09-08 10:10:00,8.0,0.48,8.48,mobile
9588,172,13427,12,2024-09-08 12:16:00,12.14,0.73,12.87,mobile
9589,155,13428,2,2024-09-09 15:18:00,5.45,0.33,5.78,mobile
9590,96,13429,6,2024-09-09 14:59:00,9.15,0.55,9.7,credit
9591,134,13430,11,2024-09-09 12:12:00,4.2,0.25,4.45,mobile
9592,3,13431,11,2024-09-09 12:57:00,9.94,0.6,10.54,credit
9593,233,13432,3,2024-09-09 14:12:00,4.0,0.24,4.24,mobile
9594,217,13434,6,2024-09-09 13:45:00,9.03,0.54,9.57,debit
9595,186,13435,6,2024-09-09 13:47:00,6.62,0.4,7.02,credit
9596,119,13436,2,2024-09-09 13:58:00,24.97,1.5,26.47,credit
9597,69,13438,10,2024-09-09 16:35:00,13.07,0.78,13.85,mobile
9598,44,13439,12,2024-09-09 15:28:00,18.12,1.09,19.21,credit
9599,155,13440,12,2024-09-09 12:56:00,20.95,1.26,22.21,mobile
9600,207,13444,5,2024-09-09 10:19:00,6.5,0.39,6.89,credit
9601,162,13445,11,2024-09-09 14:50:00,38.69,2.32,41.01,credit
9602,205,13447,3,2024-09-09 11:15:00,20.57,1.23,21.8,mobile
9603,97,13448,11,2024-09-09 13:54:00,5.51,0.33,5.84,credit
9604,181,13449,7,2024-09-09 11:38:00,6.5,0.39,6.89,credit
9605,9,13450,12,2024-09-09 12:39:00,6.62,0.4,7.02,credit
9606,121,13451,3,2024-09-09 12:43:00,6.07,0.36,6.43,credit
9607,93,13452,1,2024-09-09 09:43:00,7.0,0.42,7.42,mobile
9608,67,13453,12,2024-09-09 15:34:00,14.0,0.84,14.84,mobile
9609,115,13456,14,2024-09-10 15:59:00,13.0,0.78,13.78,credit
9610,137,13457,14,2024-09-10 10:59:00,6.5,0.39,6.89,credit
9611,61,13458,6,2024-09-10 13:58:00,4.5,0.27,4.77,credit
9612,106,13459,7,2024-09-10 09:32:00,3.5,0.21,3.71,credit
9613,158,13460,3,2024-09-10 14:32:00,20.97,1.26,22.23,credit
9614,153,13461,7,2024-09-10 16:59:00,6.07,0.36,6.43,credit
9615,193,13462,11,2024-09-10 10:30:00,3.0,0.18,3.18,debit
9616,31,13463,11,2024-09-10 13:23:00,17.57,1.05,18.62,credit
9617,144,13464,6,2024-09-10 12:29:00,5.59,0.34,5.93,credit
9618,93,13465,2,2024-09-10 16:53:00,8.0,0.48,8.48,credit
9619,119,13466,12,2024-09-10 10:38:00,7.88,0.47,8.35,credit
9620,140,13467,7,2024-09-10 15:52:00,8.0,0.48,8.48,credit
9621,144,13468,12,2024-09-10 10:46:00,8.59,0.52,9.11,mobile
9622,106,13470,2,2024-09-11 11:30:00,18.72,1.12,19.84,credit
9623,55,13471,7,2024-09-11 16:59:00,7.76,0.47,8.23,credit
9624,107,13472,7,2024-09-11 12:26:00,10.86,0.65,11.51,credit
9625,134,13473,13,2024-09-11 16:59:00,4.0,0.24,4.24,mobile
9626,155,13474,7,2024-09-11 15:38:00,11.07,0.66,11.73,mobile
9627,135,13475,3,2024-09-11 10:11:00,10.0,0.6,10.6,credit
9628,61,13476,5,2024-09-11 12:42:00,19.57,1.17,20.74,credit
9629,3,13479,11,2024-09-11 11:42:00,21.0,1.26,22.26,mobile
9630,74,13480,4,2024-09-11 12:29:00,4.97,0.3,5.27,credit
9631,155,13485,14,2024-09-11 14:57:00,32.42,1.95,34.37,credit
9632,170,13487,14,2024-09-11 13:10:00,14.7,0.88,15.58,credit
9633,128,13488,5,2024-09-11 15:45:00,7.55,0.45,8.0,mobile
9634,130,13489,11,2024-09-11 16:38:00,6.07,0.36,6.43,debit
9635,98,13491,5,2024-09-11 16:56:00,13.0,0.78,13.78,debit
9636,108,13492,7,2024-09-11 11:49:00,3.0,0.18,3.18,mobile
9637,69,13494,1,2024-09-11 13:12:00,13.24,0.79,14.03,credit
9638,214,13495,1,2024-09-11 12:21:00,3.5,0.21,3.71,debit
9639,248,13497,5,2024-09-11 11:28:00,9.97,0.6,10.57,mobile
9640,55,13498,14,2024-09-11 12:22:00,6.83,0.41,7.24,mobile
9641,3,13501,5,2024-09-12 15:59:00,6.62,0.4,7.02,debit
9642,48,13502,5,2024-09-12 09:30:00,6.5,0.39,6.89,debit
9643,217,13503,1,2024-09-12 11:56:00,7.1,0.43,7.53,credit
9644,194,13505,4,2024-09-12 16:26:00,8.4,0.5,8.9,debit
9645,89,13508,12,2024-09-12 09:30:00,17.07,1.02,18.09,credit
9646,7,13509,14,2024-09-12 09:16:00,16.0,0.96,16.96,mobile
9647,28,13510,1,2024-09-12 14:59:00,6.62,0.4,7.02,credit
9648,28,13511,12,2024-09-12 14:22:00,42.46,2.55,45.01,credit
9649,3,13512,14,2024-09-13 16:29:00,9.0,0.54,9.54,credit
9650,168,13513,5,2024-09-13 16:59:00,8.16,0.49,8.65,mobile
9651,57,13515,10,2024-09-13 15:59:00,13.5,0.81,14.31,mobile
9652,4,13519,7,2024-09-13 11:17:00,18.23,1.09,19.32,credit
9653,2,13522,13,2024-09-13 15:38:00,8.25,0.49,8.74,mobile
9654,64,13523,14,2024-09-13 11:20:00,6.66,0.4,7.06,debit
9655,235,13525,1,2024-09-13 11:14:00,23.0,1.38,24.38,credit
9656,240,13527,13,2024-09-13 13:59:00,6.07,0.36,6.43,credit
9657,143,13528,7,2024-09-13 14:59:00,10.5,0.63,11.13,credit
9658,10,13529,2,2024-09-13 09:59:00,33.9,2.03,35.93,debit
9659,44,13530,3,2024-09-13 10:23:00,21.24,1.27,22.51,mobile
9660,4,13531,12,2024-09-14 11:38:00,17.06,1.02,18.08,mobile
9661,73,13532,13,2024-09-14 09:49:00,4.5,0.27,4.77,credit
9662,22,13534,5,2024-09-14 11:41:00,4.0,0.24,4.24,mobile
9663,16,13535,12,2024-09-14 12:59:00,6.07,0.36,6.43,credit
9664,81,13536,6,2024-09-14 10:40:00,24.47,1.47,25.94,mobile
9665,3,13537,10,2024-09-14 15:40:00,7.0,0.42,7.42,credit
9666,200,13539,5,2024-09-14 15:59:00,3.0,0.18,3.18,mobile
9667,245,13540,7,2024-09-14 14:59:00,31.56,1.89,33.45,credit
9668,158,13541,4,2024-09-14 15:59:00,5.03,0.3,5.33,credit
9669,189,13542,1,2024-09-14 15:29:00,8.0,0.48,8.48,mobile
9670,27,13543,1,2024-09-14 15:38:00,9.41,0.56,9.97,credit
9671,95,13545,2,2024-09-14 13:28:00,44.9,2.69,47.59,mobile
9672,93,13546,5,2024-09-14 14:56:00,31.63,1.9,33.53,credit
9673,91,13547,14,2024-09-14 10:59:00,8.0,0.48,8.48,credit
9674,185,13548,2,2024-09-14 10:41:00,6.62,0.4,7.02,credit
9675,203,13549,2,2024-09-14 13:25:00,6.07,0.36,6.43,credit
9676,78,13550,3,2024-09-14 15:12:00,16.49,0.99,17.48,credit
9677,75,13551,12,2024-09-14 11:26:00,5.57,0.33,5.9,credit
9678,189,13552,4,2024-09-14 09:43:00,8.0,0.48,8.48,credit
9679,98,13554,7,2024-09-14 16:11:00,27.93,1.68,29.61,mobile
9680,195,13555,3,2024-09-14 16:59:00,9.57,0.57,10.14,credit
9681,24,13557,3,2024-09-14 16:59:00,21.0,1.26,22.26,mobile
9682,135,13559,11,2024-09-14 11:59:00,41.57,2.49,44.06,mobile
9683,96,13560,13,2024-09-14 11:23:00,7.22,0.43,7.65,credit
9684,112,13561,13,2024-09-14 16:58:00,7.23,0.43,7.66,mobile
9685,238,13562,2,2024-09-14 14:54:00,7.31,0.44,7.75,mobile
9686,114,13565,7,2024-09-14 09:27:00,17.3,1.04,18.34,credit
9687,7,13566,7,2024-09-14 16:34:00,24.04,1.44,25.48,credit
9688,246,13568,11,2024-09-15 11:59:00,37.33,2.24,39.57,mobile
9689,148,13569,6,2024-09-15 11:26:00,4.2,0.25,4.45,credit
9690,15,13570,6,2024-09-15 15:59:00,15.4,0.92,16.32,debit
9691,48,13571,14,2024-09-15 12:58:00,8.0,0.48,8.48,mobile
9692,64,13572,14,2024-09-15 13:48:00,9.15,0.55,9.7,credit
9693,5,13573,5,2024-09-15 16:37:00,8.0,0.48,8.48,debit
9694,6,13574,3,2024-09-15 16:44:00,7.0,0.42,7.42,debit
9695,155,13575,10,2024-09-15 15:54:00,11.95,0.72,12.67,credit
9696,137,13576,13,2024-09-15 12:59:00,5.51,0.33,5.84,credit
9697,1,13577,5,2024-09-15 13:59:00,12.14,0.73,12.87,mobile
9698,184,13578,10,2024-09-15 09:32:00,6.78,0.41,7.19,credit
9699,154,13581,14,2024-09-15 13:44:00,9.94,0.6,10.54,mobile
9700,91,13582,1,2024-09-15 11:26:00,8.4,0.5,8.9,mobile
9701,169,13583,11,2024-09-15 15:27:00,20.57,1.23,21.8,credit
9702,56,13584,7,2024-09-15 13:54:00,9.21,0.55,9.76,mobile
9703,96,13585,10,2024-09-15 09:41:00,10.15,0.61,10.76,debit
9704,181,13587,6,2024-09-15 13:26:00,4.0,0.24,4.24,debit
9705,237,13588,6,2024-09-15 09:59:00,13.0,0.78,13.78,debit
9706,232,13589,6,2024-09-15 13:10:00,7.48,0.45,7.93,credit
9707,55,13592,2,2024-09-15 09:21:00,8.76,0.53,9.29,mobile
9708,39,13593,12,2024-09-16 16:32:00,19.7,1.18,20.88,credit
9709,110,13595,2,2024-09-16 14:49:00,6.07,0.36,6.43,credit
9710,3,13596,12,2024-09-16 09:44:00,4.5,0.27,4.77,mobile
9711,34,13597,13,2024-09-16 16:41:00,7.38,0.44,7.82,mobile
9712,90,13599,10,2024-09-16 13:57:00,26.42,1.59,28.01,mobile
9713,56,13600,1,2024-09-16 09:55:00,4.21,0.25,4.46,mobile
9714,52,13601,3,2024-09-16 12:59:00,4.2,0.25,4.45,credit
9715,186,13602,12,2024-09-16 10:29:00,35.83,2.15,37.98,mobile
9716,236,13603,13,2024-09-16 09:59:00,9.68,0.58,10.26,mobile
9717,83,13604,5,2024-09-16 14:32:00,5.33,0.32,5.65,credit
9718,82,13607,11,2024-09-16 14:59:00,11.0,0.66,11.66,mobile
9719,143,13609,3,2024-09-16 09:38:00,6.0,0.36,6.36,credit
9720,162,13610,6,2024-09-16 15:19:00,35.81,2.15,37.96,credit
9721,240,13611,7,2024-09-16 12:59:00,6.62,0.4,7.02,mobile
9722,213,13613,12,2024-09-17 13:36:00,6.07,0.36,6.43,mobile
9723,189,13614,2,2024-09-17 10:58:00,9.0,0.54,9.54,debit
9724,240,13616,12,2024-09-17 09:27:00,7.0,0.42,7.42,credit
9725,112,13619,7,2024-09-17 15:49:00,7.78,0.47,8.25,debit
9726,197,13620,13,2024-09-17 11:59:00,11.02,0.66,11.68,credit
9727,197,13621,12,2024-09-17 11:28:00,8.0,0.48,8.48,credit
9728,59,13622,7,2024-09-17 09:59:00,6.1,0.37,6.47,credit
9729,203,13623,10,2024-09-17 11:12:00,6.07,0.36,6.43,credit
9730,165,13625,4,2024-09-17 14:59:00,4.97,0.3,5.27,credit
9731,238,13627,6,2024-09-17 15:40:00,15.99,0.96,16.95,mobile
9732,217,13630,7,2024-09-17 13:59:00,5.53,0.33,5.86,credit
9733,183,13632,1,2024-09-17 14:59:00,8.0,0.48,8.48,credit
9734,2,13633,13,2024-09-17 16:59:00,5.25,0.32,5.57,credit
9735,48,13634,10,2024-09-18 15:19:00,10.01,0.6,10.61,debit
9736,110,13635,4,2024-09-18 10:42:00,8.4,0.5,8.9,mobile
9737,1,13636,14,2024-09-18 14:59:00,46.93,2.82,49.75,credit
9738,244,13638,6,2024-09-18 16:29:00,13.24,0.79,14.03,credit
9739,4,13640,13,2024-09-18 13:23:00,17.06,1.02,18.08,mobile
9740,74,13641,13,2024-09-18 11:21:00,20.0,1.2,21.2,debit
9741,154,13642,11,2024-09-18 10:59:00,8.0,0.48,8.48,mobile
9742,219,13645,2,2024-09-18 12:18:00,23.17,1.39,24.56,mobile
9743,85,13647,13,2024-09-18 09:11:00,12.96,0.78,13.74,credit
9744,35,13648,5,2024-09-18 09:40:00,11.4,0.68,12.08,credit
9745,36,13649,10,2024-09-18 09:56:00,12.29,0.74,13.03,mobile
9746,165,13650,5,2024-09-18 10:58:00,4.97,0.3,5.27,credit
9747,185,13651,2,2024-09-18 10:56:00,21.0,1.26,22.26,mobile
9748,10,13654,12,2024-09-18 16:59:00,18.85,1.13,19.98,credit
9749,141,13655,2,2024-09-18 15:59:00,6.62,0.4,7.02,credit
9750,194,13656,5,2024-09-18 12:59:00,25.0,1.5,26.5,mobile
9751,73,13657,10,2024-09-18 16:25:00,10.5,0.63,11.13,credit
9752,238,13658,3,2024-09-19 12:57:00,8.96,0.54,9.5,credit
9753,160,13659,14,2024-09-19 15:33:00,4.5,0.27,4.77,credit
9754,190,13660,3,2024-09-19 13:21:00,20.47,1.23,21.7,credit
9755,143,13661,5,2024-09-19 14:24:00,6.0,0.36,6.36,credit
9756,107,13663,12,2024-09-19 16:37:00,23.7,1.42,25.12,credit
9757,92,13664,3,2024-09-19 09:29:00,31.34,1.88,33.22,credit
9758,92,13666,14,2024-09-19 16:58:00,4.0,0.24,4.24,mobile
9759,83,13667,4,2024-09-19 09:59:00,35.65,2.14,37.79,credit
9760,48,13669,13,2024-09-19 14:47:00,11.5,0.69,12.19,credit
9761,105,13670,14,2024-09-19 11:59:00,4.5,0.27,4.77,credit
9762,121,13672,5,2024-09-19 14:28:00,3.5,0.21,3.71,credit
9763,96,13673,5,2024-09-19 10:13:00,11.12,0.67,11.79,credit
9764,125,13674,6,2024-09-19 14:55:00,8.39,0.5,8.89,credit
9765,110,13676,6,2024-09-19 11:53:00,8.4,0.5,8.9,mobile
9766,189,13680,4,2024-09-19 09:36:00,20.0,1.2,21.2,mobile
9767,147,13681,14,2024-09-19 14:59:00,4.5,0.27,4.77,credit
9768,95,13682,1,2024-09-19 10:36:00,9.2,0.55,9.75,mobile
9769,179,13683,13,2024-09-19 16:49:00,13.11,0.79,13.9,credit
9770,201,13686,3,2024-09-19 09:51:00,29.3,1.76,31.06,mobile
9771,204,13687,6,2024-09-19 12:29:00,13.0,0.78,13.78,mobile
9772,138,13689,12,2024-09-20 16:59:00,6.07,0.36,6.43,credit
9773,192,13690,12,2024-09-20 11:59:00,14.5,0.87,15.37,debit
9774,48,13691,4,2024-09-20 16:59:00,3.68,0.22,3.9,mobile
9775,165,13692,10,2024-09-20 10:26:00,6.62,0.4,7.02,debit
9776,223,13693,3,2024-09-20 14:59:00,29.44,1.77,31.21,mobile
9777,119,13694,5,2024-09-20 09:27:00,4.5,0.27,4.77,debit
9778,11,13695,12,2024-09-20 16:37:00,3.5,0.21,3.71,mobile
9779,31,13697,12,2024-09-20 16:55:00,37.12,2.23,39.35,mobile
9780,217,13698,12,2024-09-20 16:57:00,7.65,0.46,8.11,credit
9781,160,13700,14,2024-09-20 10:32:00,29.67,1.78,31.45,debit
9782,50,13701,5,2024-09-20 10:42:00,3.68,0.22,3.9,credit
9783,195,13702,14,2024-09-20 12:50:00,10.95,0.66,11.61,mobile
9784,56,13703,3,2024-09-20 14:59:00,9.21,0.55,9.76,mobile
9785,131,13704,12,2024-09-20 12:45:00,20.64,1.24,21.88,credit
9786,227,13705,12,2024-09-20 10:12:00,11.04,0.66,11.7,mobile
9787,99,13706,1,2024-09-20 09:15:00,15.9,0.95,16.85,credit
9788,92,13707,13,2024-09-20 09:57:00,8.0,0.48,8.48,debit
9789,162,13708,13,2024-09-20 15:24:00,50.19,3.01,53.2,credit
9790,3,13709,6,2024-09-20 14:10:00,8.0,0.48,8.48,mobile
9791,73,13710,7,2024-09-20 11:40:00,8.0,0.48,8.48,credit
9792,91,13712,11,2024-09-21 13:56:00,13.24,0.79,14.03,mobile
9793,249,13714,4,2024-09-21 14:59:00,6.07,0.36,6.43,credit
9794,205,13715,3,2024-09-21 10:26:00,11.07,0.66,11.73,credit
9795,121,13716,10,2024-09-21 11:41:00,6.5,0.39,6.89,credit
9796,23,13718,3,2024-09-21 16:59:00,19.9,1.19,21.09,mobile
9797,23,13719,7,2024-09-21 16:48:00,4.97,0.3,5.27,mobile
9798,162,13721,1,2024-09-21 10:44:00,7.19,0.43,7.62,mobile
9799,135,13723,12,2024-09-21 16:19:00,6.62,0.4,7.02,credit
9800,107,13725,4,2024-09-21 13:59:00,7.43,0.45,7.88,credit
9801,142,13727,1,2024-09-21 13:25:00,5.42,0.33,5.75,credit
9802,210,13731,1,2024-09-21 10:44:00,6.62,0.4,7.02,debit
9803,195,13732,10,2024-09-21 09:23:00,9.45,0.57,10.02,mobile
9804,8,13734,10,2024-09-21 13:40:00,7.04,0.42,7.46,mobile
9805,27,13735,14,2024-09-21 14:59:00,7.71,0.46,8.17,credit
9806,133,13737,1,2024-09-21 11:30:00,6.41,0.38,6.79,credit
9807,103,13738,12,2024-09-21 16:58:00,4.44,0.27,4.71,credit
9808,177,13739,4,2024-09-21 15:56:00,10.5,0.63,11.13,credit
9809,59,13740,6,2024-09-21 15:26:00,8.6,0.52,9.12,mobile
9810,207,13741,11,2024-09-21 12:29:00,44.5,2.67,47.17,credit
9811,69,13743,3,2024-09-21 16:45:00,8.4,0.5,8.9,debit
9812,236,13744,13,2024-09-21 10:23:00,8.4,0.5,8.9,credit
9813,118,13746,1,2024-09-22 15:52:00,9.94,0.6,10.54,credit
9814,13,13747,5,2024-09-22 09:28:00,21.0,1.26,22.26,credit
9815,165,13751,10,2024-09-22 12:59:00,4.5,0.27,4.77,credit
9816,203,13752,12,2024-09-22 11:23:00,15.0,0.9,15.9,mobile
9817,155,13754,13,2024-09-22 12:55:00,5.95,0.36,6.31,mobile
9818,189,13755,3,2024-09-22 14:59:00,8.4,0.5,8.9,credit
9819,205,13756,13,2024-09-22 13:22:00,9.14,0.55,9.69,debit
9820,133,13757,12,2024-09-22 11:28:00,9.53,0.57,10.1,credit
9821,215,13762,2,2024-09-22 13:59:00,18.0,1.08,19.08,credit
9822,50,13763,3,2024-09-22 16:41:00,36.5,2.19,38.69,debit
9823,192,13764,3,2024-09-22 09:56:00,10.5,0.63,11.13,credit
9824,38,13765,12,2024-09-22 09:30:00,5.87,0.35,6.22,credit
9825,48,13767,3,2024-09-22 09:53:00,4.0,0.24,4.24,mobile
9826,228,13768,12,2024-09-22 10:59:00,16.47,0.99,17.46,credit
9827,8,13770,6,2024-09-22 14:40:00,23.62,1.42,25.04,mobile
9828,107,13771,6,2024-09-22 13:52:00,9.46,0.57,10.03,debit
9829,63,13773,13,2024-09-22 12:33:00,4.97,0.3,5.27,debit
9830,4,13775,13,2024-09-22 14:59:00,14.06,0.84,14.9,debit
9831,143,13776,7,2024-09-22 11:43:00,16.0,0.96,16.96,mobile
9832,1,13777,7,2024-09-22 09:27:00,8.4,0.5,8.9,mobile
9833,174,13779,7,2024-09-22 10:59:00,14.24,0.85,15.09,debit
9834,95,13781,6,2024-09-23 13:36:00,9.2,0.55,9.75,mobile
9835,27,13783,11,2024-09-23 12:46:00,7.71,0.46,8.17,debit
9836,78,13785,13,2024-09-23 10:30:00,8.41,0.5,8.91,mobile
9837,219,13786,1,2024-09-23 15:59:00,16.8,1.01,17.81,mobile
9838,231,13787,2,2024-09-23 09:12:00,8.4,0.5,8.9,mobile
9839,159,13788,13,2024-09-23 13:13:00,14.51,0.87,15.38,credit
9840,205,13789,7,2024-09-23 16:21:00,11.07,0.66,11.73,credit
9841,68,13790,7,2024-09-23 12:26:00,6.07,0.36,6.43,mobile
9842,155,13791,14,2024-09-23 14:21:00,32.45,1.95,34.4,credit
9843,78,13792,6,2024-09-23 15:16:00,15.03,0.9,15.93,mobile
9844,104,13793,1,2024-09-23 15:59:00,15.15,0.91,16.06,mobile
9845,96,13794,10,2024-09-23 10:56:00,16.29,0.98,17.27,debit
9846,177,13795,14,2024-09-23 16:26:00,4.0,0.24,4.24,debit
9847,173,13796,2,2024-09-23 16:45:00,8.18,0.49,8.67,credit
9848,203,13799,2,2024-09-23 16:47:00,6.62,0.4,7.02,credit
9849,165,13800,3,2024-09-23 15:15:00,25.5,1.53,27.03,debit
9850,56,13802,14,2024-09-24 15:55:00,17.45,1.05,18.5,debit
9851,120,13803,5,2024-09-24 12:44:00,5.09,0.31,5.4,debit
9852,126,13804,5,2024-09-24 10:24:00,33.54,2.01,35.55,mobile
9853,45,13805,1,2024-09-24 11:27:00,17.0,1.02,18.02,credit
9854,242,13806,2,2024-09-24 12:59:00,19.86,1.19,21.05,mobile
9855,237,13808,2,2024-09-24 13:26:00,4.97,0.3,5.27,credit
9856,224,13809,13,2024-09-24 16:59:00,7.0,0.42,7.42,credit
9857,237,13810,14,2024-09-24 13:14:00,47.97,2.88,50.85,credit
9858,181,13811,10,2024-09-24 14:39:00,26.55,1.59,28.14,credit
9859,38,13812,10,2024-09-24 12:59:00,21.01,1.26,22.27,credit
9860,218,13813,11,2024-09-24 14:59:00,8.0,0.48,8.48,mobile
9861,174,13815,10,2024-09-24 12:22:00,11.24,0.67,11.91,credit
9862,4,13816,11,2024-09-24 12:36:00,48.96,2.94,51.9,mobile
9863,179,13817,2,2024-09-24 15:26:00,9.11,0.55,9.66,mobile
9864,2,13818,2,2024-09-24 13:59:00,7.32,0.44,7.76,mobile
9865,64,13819,14,2024-09-24 09:24:00,9.55,0.57,10.12,debit
9866,110,13820,4,2024-09-24 11:42:00,7.0,0.42,7.42,debit
9867,215,13821,14,2024-09-24 16:54:00,14.36,0.86,15.22,mobile
9868,192,13822,11,2024-09-24 09:26:00,28.68,1.72,30.4,credit
9869,189,13823,5,2024-09-24 11:45:00,10.5,0.63,11.13,mobile
9870,210,13826,11,2024-09-24 14:31:00,18.12,1.09,19.21,credit
9871,36,13827,5,2024-09-24 11:55:00,10.19,0.61,10.8,credit
9872,74,13829,1,2024-09-25 13:59:00,47.3,2.84,50.14,mobile
9873,74,13830,7,2024-09-25 11:59:00,14.0,0.84,14.84,mobile
9874,128,13832,7,2024-09-25 15:46:00,22.55,1.35,23.9,mobile
9875,119,13833,3,2024-09-25 10:33:00,15.58,0.93,16.51,credit
9876,123,13834,4,2024-09-25 13:51:00,8.4,0.5,8.9,credit
9877,35,13835,5,2024-09-25 11:29:00,7.0,0.42,7.42,credit
9878,141,13836,10,2024-09-25 15:59:00,13.12,0.79,13.91,mobile
9879,98,13837,1,2024-09-25 16:59:00,12.0,0.72,12.72,mobile
9880,69,13839,2,2024-09-25 11:26:00,6.62,0.4,7.02,mobile
9881,11,13842,12,2024-09-25 10:31:00,6.07,0.36,6.43,debit
9882,1,13845,14,2024-09-25 13:56:00,6.62,0.4,7.02,mobile
9883,160,13846,13,2024-09-25 15:27:00,6.62,0.4,7.02,mobile
9884,27,13850,6,2024-09-25 11:14:00,11.71,0.7,12.41,mobile
9885,242,13851,6,2024-09-26 16:59:00,3.0,0.18,3.18,credit
9886,240,13852,2,2024-09-26 14:59:00,6.5,0.39,6.89,mobile
9887,96,13854,10,2024-09-26 09:59:00,9.15,0.55,9.7,mobile
9888,69,13858,12,2024-09-26 11:59:00,25.92,1.56,27.48,debit
9889,39,13859,14,2024-09-26 11:44:00,23.97,1.44,25.41,credit
9890,47,13860,1,2024-09-26 10:59:00,9.97,0.6,10.57,debit
9891,155,13861,12,2024-09-26 16:29:00,5.65,0.34,5.99,mobile
9892,2,13862,3,2024-09-26 16:59:00,8.25,0.49,8.74,mobile
9893,2,13863,14,2024-09-26 14:30:00,7.87,0.47,8.34,debit
9894,151,13865,13,2024-09-26 15:55:00,6.0,0.36,6.36,mobile
9895,190,13866,2,2024-09-26 10:33:00,4.97,0.3,5.27,credit
9896,5,13868,11,2024-09-26 10:43:00,29.19,1.75,30.94,mobile
9897,155,13869,6,2024-09-26 11:32:00,31.51,1.89,33.4,credit
9898,226,13872,10,2024-09-26 16:29:00,6.5,0.39,6.89,debit
9899,25,13873,12,2024-09-26 11:59:00,4.0,0.24,4.24,credit
9900,210,13874,14,2024-09-26 13:38:00,6.62,0.4,7.02,debit
9901,8,13876,7,2024-09-26 14:41:00,10.91,0.65,11.56,credit
9902,172,13878,13,2024-09-26 10:59:00,6.07,0.36,6.43,debit
9903,237,13880,4,2024-09-26 15:59:00,4.97,0.3,5.27,credit
9904,219,13881,6,2024-09-27 13:59:00,10.5,0.63,11.13,credit
9905,135,13882,7,2024-09-27 14:35:00,19.94,1.2,21.14,mobile
9906,205,13884,14,2024-09-27 12:32:00,7.57,0.45,8.02,credit
9907,8,13886,13,2024-09-27 10:32:00,7.47,0.45,7.92,credit
9908,119,13887,7,2024-09-27 16:20:00,4.0,0.24,4.24,credit
9909,235,13889,6,2024-09-27 09:36:00,8.0,0.48,8.48,credit
9910,201,13891,3,2024-09-27 15:59:00,7.36,0.44,7.8,mobile
9911,193,13893,6,2024-09-27 13:59:00,14.17,0.85,15.02,credit
9912,228,13894,1,2024-09-27 16:59:00,6.08,0.36,6.44,debit
9913,71,13895,13,2024-09-27 14:40:00,3.0,0.18,3.18,credit
9914,121,13896,11,2024-09-27 10:23:00,8.0,0.48,8.48,mobile
9915,163,13897,4,2024-09-27 16:55:00,6.07,0.36,6.43,credit
9916,197,13898,5,2024-09-27 09:24:00,53.04,3.18,56.22,credit
9917,122,13899,10,2024-09-27 14:38:00,19.94,1.2,21.14,credit
9918,73,13900,1,2024-09-28 15:16:00,6.62,0.4,7.02,credit
9919,44,13901,1,2024-09-28 16:59:00,4.5,0.27,4.77,credit
9920,85,13906,13,2024-09-28 13:45:00,4.82,0.29,5.11,debit
9921,98,13907,5,2024-09-28 13:25:00,10.62,0.64,11.26,debit
9922,125,13910,4,2024-09-28 15:59:00,7.89,0.47,8.36,credit
9923,2,13911,7,2024-09-28 11:48:00,5.25,0.32,5.57,credit
9924,151,13912,11,2024-09-28 14:19:00,9.94,0.6,10.54,mobile
9925,48,13914,1,2024-09-28 10:11:00,8.4,0.5,8.9,debit
9926,76,13915,1,2024-09-28 12:45:00,15.5,0.93,16.43,credit
9927,215,13916,11,2024-09-28 14:44:00,8.0,0.48,8.48,mobile
9928,28,13917,13,2024-09-28 09:59:00,24.06,1.44,25.5,debit
9929,174,13918,13,2024-09-28 12:23:00,11.24,0.67,11.91,mobile
9930,141,13919,11,2024-09-28 13:32:00,4.5,0.27,4.77,credit
9931,2,13921,5,2024-09-28 10:23:00,18.05,1.08,19.13,credit
9932,4,13923,5,2024-09-28 12:21:00,11.03,0.66,11.69,credit
9933,248,13924,11,2024-09-28 15:49:00,54.44,3.27,57.71,credit
9934,172,13925,2,2024-09-28 10:16:00,6.5,0.39,6.89,credit
9935,1,13926,12,2024-09-29 13:25:00,20.47,1.23,21.7,credit
9936,4,13927,13,2024-09-29 14:41:00,5.06,0.3,5.36,mobile
9937,128,13928,5,2024-09-29 16:28:00,9.48,0.57,10.05,mobile
9938,245,13929,10,2024-09-29 15:26:00,10.47,0.63,11.1,credit
9939,107,13930,2,2024-09-29 10:56:00,8.53,0.51,9.04,credit
9940,7,13931,6,2024-09-29 16:31:00,10.12,0.61,10.73,mobile
9941,222,13932,11,2024-09-29 15:59:00,4.2,0.25,4.45,mobile
9942,172,13933,13,2024-09-29 10:58:00,10.5,0.63,11.13,credit
9943,164,13934,11,2024-09-29 09:15:00,6.07,0.36,6.43,credit
9944,238,13935,4,2024-09-29 10:50:00,33.45,2.01,35.46,credit
9945,175,13936,14,2024-09-29 09:56:00,17.41,1.04,18.45,mobile
9946,217,13937,4,2024-09-29 14:25:00,32.17,1.93,34.1,credit
9947,33,13940,12,2024-09-29 09:59:00,13.24,0.79,14.03,mobile
9948,245,13941,4,2024-09-29 14:36:00,8.48,0.51,8.99,credit
9949,112,13945,13,2024-09-29 13:18:00,11.13,0.67,11.8,credit
9950,210,13947,12,2024-09-29 11:26:00,4.5,0.27,4.77,debit
9951,2,13948,11,2024-09-29 10:33:00,15.32,0.92,16.24,mobile
9952,182,13949,3,2024-09-29 12:45:00,15.8,0.95,16.75,credit
9953,95,13950,3,2024-09-29 13:59:00,45.18,2.71,47.89,mobile
9954,2,13951,10,2024-09-29 11:24:00,17.72,1.06,18.78,mobile
9955,228,13954,13,2024-09-29 16:29:00,10.4,0.62,11.02,debit
9956,27,13955,1,2024-09-29 14:11:00,28.35,1.7,30.05,mobile
9957,59,13956,10,2024-09-29 09:22:00,9.6,0.58,10.18,credit
9958,179,13957,13,2024-09-29 16:35:00,18.08,1.08,19.16,credit
9959,218,13958,4,2024-09-29 11:59:00,26.89,1.61,28.5,mobile
9960,1,13961,12,2024-09-29 09:59:00,11.4,0.68,12.08,credit
9961,44,13963,10,2024-09-29 13:42:00,24.08,1.44,25.52,mobile
9962,5,13964,1,2024-09-29 09:51:00,10.5,0.63,11.13,credit
9963,91,13965,13,2024-09-30 15:26:00,8.0,0.48,8.48,credit
9964,168,13967,2,2024-09-30 09:59:00,7.73,0.46,8.19,debit
9965,120,13968,10,2024-09-30 10:30:00,9.99,0.6,10.59,mobile
9966,67,13969,3,2024-09-30 16:59:00,3.0,0.18,3.18,credit
9967,237,13970,7,2024-09-30 09:27:00,47.5,2.85,50.35,mobile
9968,120,13971,14,2024-09-30 10:45:00,5.09,0.31,5.4,mobile
9969,13,13972,7,2024-09-30 16:59:00,15.58,0.93,16.51,credit
9970,27,13973,11,2024-09-30 09:59:00,17.68,1.06,18.74,mobile
9971,197,13977,3,2024-09-30 13:59:00,9.94,0.6,10.54,debit
9972,48,13979,11,2024-09-30 10:40:00,4.0,0.24,4.24,mobile
9973,1,13980,12,2024-09-30 11:10:00,3.68,0.22,3.9,credit
9974,205,13982,7,2024-09-30 12:59:00,9.57,0.57,10.14,mobile
9975,103,13983,2,2024-09-30 16:29:00,8.06,0.48,8.54,credit
9976,164,13984,1,2024-09-30 15:43:00,6.5,0.39,6.89,debit
9977,96,13985,6,2024-09-30 11:59:00,33.44,2.01,35.45,credit
9978,27,13986,11,2024-09-30 14:59:00,11.18,0.67,11.85,mobile
9979,89,13987,4,2024-09-30 11:41:00,6.07,0.36,6.43,credit
9980,103,13990,12,2024-10-01 14:50:00,4.44,0.27,4.71,debit
9981,154,13991,12,2024-10-01 15:31:00,14.5,0.87,15.37,credit
9982,83,13992,3,2024-10-01 11:23:00,5.63,0.34,5.97,mobile
9983,36,13993,10,2024-10-01 14:59:00,7.3,0.44,7.74,mobile
9984,224,13994,12,2024-10-01 12:47:00,8.4,0.5,8.9,mobile
9985,159,13998,1,2024-10-01 10:29:00,14.75,0.89,15.64,debit
9986,140,13999,5,2024-10-01 15:59:00,19.37,1.16,20.53,credit
9987,135,14000,10,2024-10-01 09:59:00,7.0,0.42,7.42,mobile
9988,237,14001,4,2024-10-01 13:44:00,10.57,0.63,11.2,credit
9989,47,14003,11,2024-10-01 09:14:00,4.0,0.24,4.24,debit
9990,59,14004,3,2024-10-01 13:11:00,12.62,0.76,13.38,credit
9991,73,14006,7,2024-10-01 12:59:00,6.62,0.4,7.02,credit
9992,48,14007,2,2024-10-01 15:42:00,12.51,0.75,13.26,mobile
9993,233,14008,2,2024-10-02 14:57:00,4.0,0.24,4.24,credit
9994,98,14009,3,2024-10-02 10:26:00,9.97,0.6,10.57,mobile
9995,2,14010,5,2024-10-02 15:59:00,8.25,0.49,8.74,credit
9996,8,14011,7,2024-10-02 16:45:00,14.21,0.85,15.06,credit
9997,43,14012,14,2024-10-02 10:32:00,21.12,1.27,22.39,credit
9998,7,14013,7,2024-10-02 09:39:00,16.74,1.0,17.74,credit
9999,240,14014,6,2024-10-02 13:33:00,13.97,0.84,14.81,credit
10000,103,14015,3,2024-10-02 09:41:00,9.84,0.59,10.43,credit
10001,217,14016,7,2024-10-02 14:59:00,7.65,0.46,8.11,credit
10002,203,14019,5,2024-10-02 11:17:00,8.4,0.5,8.9,debit
10003,234,14024,13,2024-10-02 14:30:00,5.8,0.35,6.15,credit
10004,27,14025,1,2024-10-02 13:13:00,18.1,1.09,19.19,credit
10005,109,14027,2,2024-10-02 09:21:00,12.57,0.75,13.32,credit
10006,15,14028,6,2024-10-02 15:59:00,29.49,1.77,31.26,mobile
10007,232,14030,14,2024-10-02 10:28:00,38.05,2.28,40.33,credit
10008,3,14031,5,2024-10-03 13:30:00,16.57,0.99,17.56,credit
10009,189,14032,4,2024-10-03 10:28:00,3.68,0.22,3.9,mobile
10010,170,14034,11,2024-10-03 16:59:00,17.94,1.08,19.02,credit
10011,75,14035,7,2024-10-03 16:59:00,6.07,0.36,6.43,debit
10012,210,14036,4,2024-10-03 16:26:00,4.2,0.25,4.45,credit
10013,189,14037,11,2024-10-03 10:57:00,4.0,0.24,4.24,mobile
10014,4,14038,7,2024-10-03 15:58:00,14.18,0.85,15.03,mobile
10015,36,14040,1,2024-10-03 10:28:00,26.28,1.58,27.86,credit
10016,1,14042,14,2024-10-03 10:59:00,7.0,0.42,7.42,debit
10017,114,14043,1,2024-10-03 14:59:00,7.36,0.44,7.8,debit
10018,89,14044,7,2024-10-03 13:20:00,4.0,0.24,4.24,mobile
10019,149,14046,7,2024-10-03 14:56:00,50.0,3.0,53.0,credit
10020,59,14049,6,2024-10-03 10:45:00,10.1,0.61,10.71,credit
10021,73,14052,5,2024-10-03 12:30:00,6.07,0.36,6.43,mobile
10022,39,14053,12,2024-10-03 14:25:00,3.0,0.18,3.18,credit
10023,63,14055,10,2024-10-03 14:41:00,8.4,0.5,8.9,mobile
10024,243,14057,14,2024-10-03 16:45:00,4.0,0.24,4.24,mobile
10025,207,14058,14,2024-10-03 15:59:00,10.57,0.63,11.2,credit
10026,72,14061,4,2024-10-04 11:59:00,12.03,0.72,12.75,debit
10027,198,14062,7,2024-10-04 15:19:00,3.68,0.22,3.9,credit
10028,55,14063,11,2024-10-04 11:43:00,4.96,0.3,5.26,debit
10029,232,14064,5,2024-10-04 10:59:00,7.98,0.48,8.46,credit
10030,30,14065,14,2024-10-04 16:59:00,18.91,1.13,20.04,credit
10031,37,14066,4,2024-10-04 15:36:00,9.94,0.6,10.54,debit
10032,106,14067,1,2024-10-04 10:56:00,53.42,3.21,56.63,credit
10033,232,14068,10,2024-10-04 10:16:00,5.95,0.36,6.31,credit
10034,233,14069,11,2024-10-04 11:17:00,6.62,0.4,7.02,credit
10035,2,14070,13,2024-10-04 15:53:00,12.45,0.75,13.2,mobile
10036,98,14071,1,2024-10-04 14:44:00,16.59,1.0,17.59,credit
10037,49,14073,3,2024-10-04 10:59:00,9.17,0.55,9.72,credit
10038,64,14074,6,2024-10-04 16:11:00,11.12,0.67,11.79,credit
10039,77,14076,13,2024-10-04 13:21:00,17.5,1.05,18.55,mobile
10040,75,14077,3,2024-10-04 15:37:00,6.07,0.36,6.43,mobile
10041,61,14078,1,2024-10-04 09:31:00,4.2,0.25,4.45,debit
10042,52,14080,6,2024-10-05 10:55:00,22.0,1.32,23.32,mobile
10043,174,14081,7,2024-10-05 13:26:00,7.24,0.43,7.67,credit
10044,155,14082,4,2024-10-05 10:51:00,31.03,1.86,32.89,credit
10045,4,14083,3,2024-10-05 12:29:00,7.68,0.46,8.14,credit
10046,215,14084,3,2024-10-05 11:56:00,13.0,0.78,13.78,credit
10047,244,14085,11,2024-10-05 13:59:00,6.07,0.36,6.43,mobile
10048,189,14087,5,2024-10-05 09:54:00,9.94,0.6,10.54,credit
10049,205,14088,5,2024-10-05 12:59:00,24.21,1.45,25.66,credit
10050,96,14090,13,2024-10-05 15:59:00,7.22,0.43,7.65,debit
10051,74,14091,12,2024-10-05 10:32:00,13.5,0.81,14.31,mobile
10052,155,14092,11,2024-10-05 09:48:00,11.95,0.72,12.67,credit
10053,99,14093,4,2024-10-05 12:45:00,10.4,0.62,11.02,credit
10054,105,14095,3,2024-10-05 10:59:00,19.94,1.2,21.14,credit
10055,85,14096,6,2024-10-05 11:59:00,14.19,0.85,15.04,credit
10056,83,14097,12,2024-10-05 15:26:00,5.13,0.31,5.44,mobile
10057,113,14098,5,2024-10-05 16:18:00,4.0,0.24,4.24,mobile
10058,192,14100,3,2024-10-05 11:59:00,23.47,1.41,24.88,credit
10059,159,14103,3,2024-10-06 11:37:00,15.42,0.93,16.35,credit
10060,184,14104,11,2024-10-06 12:11:00,6.96,0.42,7.38,credit
10061,90,14105,10,2024-10-06 10:55:00,6.82,0.41,7.23,credit
10062,123,14106,13,2024-10-06 13:32:00,4.2,0.25,4.45,mobile
10063,49,14108,4,2024-10-06 10:52:00,4.5,0.27,4.77,credit
10064,111,14110,1,2024-10-06 09:50:00,4.0,0.24,4.24,debit
10065,207,14111,11,2024-10-06 14:14:00,38.01,2.28,40.29,credit
10066,233,14113,6,2024-10-06 09:37:00,6.07,0.36,6.43,credit
10067,56,14115,1,2024-10-06 13:46:00,7.71,0.46,8.17,debit
10068,98,14117,5,2024-10-06 11:24:00,14.07,0.84,14.91,debit
10069,242,14118,12,2024-10-06 09:20:00,16.57,0.99,17.56,credit
10070,165,14120,14,2024-10-06 16:40:00,4.0,0.24,4.24,credit
10071,215,14121,13,2024-10-06 10:23:00,4.2,0.25,4.45,credit
10072,98,14123,11,2024-10-06 12:59:00,11.0,0.66,11.66,credit
10073,67,14124,4,2024-10-06 10:34:00,3.68,0.22,3.9,debit
10074,159,14125,6,2024-10-06 09:10:00,17.7,1.06,18.76,credit
10075,43,14126,13,2024-10-06 15:30:00,20.57,1.23,21.8,mobile
10076,100,14127,7,2024-10-06 13:25:00,7.92,0.48,8.4,credit
10077,3,14128,6,2024-10-06 11:59:00,4.5,0.27,4.77,mobile
10078,162,14129,1,2024-10-06 12:27:00,8.76,0.53,9.29,credit
10079,73,14130,4,2024-10-06 10:37:00,31.47,1.89,33.36,credit
10080,90,14132,11,2024-10-06 15:59:00,13.99,0.84,14.83,mobile
10081,107,14133,14,2024-10-06 10:53:00,15.46,0.93,16.39,mobile
10082,225,14134,6,2024-10-06 12:59:00,3.5,0.21,3.71,mobile
10083,184,14135,11,2024-10-06 11:27:00,12.75,0.77,13.52,mobile
10084,134,14136,12,2024-10-06 14:29:00,6.07,0.36,6.43,credit
10085,74,14137,2,2024-10-06 10:25:00,6.5,0.39,6.89,credit
10086,73,14141,2,2024-10-07 13:59:00,6.07,0.36,6.43,mobile
10087,229,14142,13,2024-10-07 09:59:00,12.52,0.75,13.27,credit
10088,120,14143,3,2024-10-07 12:35:00,6.56,0.39,6.95,credit
10089,1,14144,12,2024-10-07 12:59:00,4.5,0.27,4.77,credit
10090,81,14145,10,2024-10-07 16:39:00,3.0,0.18,3.18,credit
10091,109,14146,5,2024-10-07 13:32:00,6.62,0.4,7.02,credit
10092,63,14147,5,2024-10-07 10:29:00,22.59,1.36,23.95,mobile
10093,143,14148,11,2024-10-07 10:51:00,18.54,1.11,19.65,mobile
10094,73,14150,1,2024-10-07 16:33:00,4.5,0.27,4.77,mobile
10095,126,14151,1,2024-10-07 11:48:00,9.97,0.6,10.57,credit
10096,170,14154,2,2024-10-07 14:49:00,8.84,0.53,9.37,credit
10097,2,14155,13,2024-10-07 13:59:00,9.25,0.55,9.8,debit
10098,228,14156,14,2024-10-07 13:11:00,8.47,0.51,8.98,credit
10099,126,14157,10,2024-10-07 12:59:00,3.68,0.22,3.9,credit
10100,135,14158,6,2024-10-07 15:11:00,8.2,0.49,8.69,credit
10101,217,14159,13,2024-10-07 13:31:00,7.53,0.45,7.98,credit
10102,154,14160,7,2024-10-07 16:59:00,16.07,0.96,17.03,mobile
10103,135,14161,2,2024-10-07 14:13:00,3.68,0.22,3.9,credit
10104,61,14162,2,2024-10-07 16:34:00,16.8,1.01,17.81,debit
10105,55,14163,14,2024-10-07 15:18:00,7.76,0.47,8.23,mobile
10106,141,14164,11,2024-10-07 13:40:00,33.14,1.99,35.13,mobile
10107,237,14166,4,2024-10-08 10:26:00,6.5,0.39,6.89,mobile
10108,108,14167,6,2024-10-08 14:11:00,16.8,1.01,17.81,credit
10109,75,14169,14,2024-10-08 10:59:00,6.54,0.39,6.93,mobile
10110,155,14171,11,2024-10-08 13:42:00,4.45,0.27,4.72,credit
10111,139,14172,7,2024-10-08 16:28:00,6.5,0.39,6.89,mobile
10112,134,14173,3,2024-10-08 14:26:00,8.0,0.48,8.48,mobile
10113,109,14174,3,2024-10-08 16:41:00,44.04,2.64,46.68,debit
10114,141,14175,10,2024-10-08 12:24:00,14.12,0.85,14.97,credit
10115,100,14176,4,2024-10-08 13:51:00,27.97,1.68,29.65,mobile
10116,3,14177,6,2024-10-08 09:50:00,6.07,0.36,6.43,mobile
10117,165,14180,12,2024-10-08 15:59:00,3.5,0.21,3.71,debit
10118,219,14181,5,2024-10-08 09:59:00,19.91,1.19,21.1,credit
10119,100,14182,6,2024-10-08 13:56:00,21.87,1.31,23.18,mobile
10120,107,14183,1,2024-10-08 15:59:00,5.96,0.36,6.32,debit
10121,172,14184,1,2024-10-08 14:28:00,13.0,0.78,13.78,credit
10122,155,14185,3,2024-10-08 14:26:00,7.52,0.45,7.97,credit
10123,64,14186,13,2024-10-08 09:25:00,7.77,0.47,8.24,debit
10124,223,14188,1,2024-10-08 15:59:00,3.68,0.22,3.9,mobile
10125,235,14189,3,2024-10-08 11:12:00,3.5,0.21,3.71,credit
10126,233,14190,1,2024-10-08 09:26:00,6.62,0.4,7.02,mobile
10127,233,14191,1,2024-10-08 14:17:00,34.74,2.08,36.82,mobile
10128,207,14192,6,2024-10-08 10:41:00,9.97,0.6,10.57,mobile
10129,159,14194,5,2024-10-09 09:42:00,5.51,0.33,5.84,debit
10130,41,14195,12,2024-10-09 14:22:00,64.01,3.84,67.85,credit
10131,22,14196,12,2024-10-09 12:55:00,20.5,1.23,21.73,credit
10132,2,14197,5,2024-10-09 12:59:00,34.93,2.1,37.03,credit
10133,93,14200,12,2024-10-09 14:25:00,13.5,0.81,14.31,credit
10134,61,14201,14,2024-10-09 10:41:00,6.5,0.39,6.89,debit
10135,27,14204,13,2024-10-09 09:19:00,7.28,0.44,7.72,mobile
10136,119,14206,5,2024-10-09 10:21:00,6.5,0.39,6.89,credit
10137,52,14207,12,2024-10-09 14:31:00,6.5,0.39,6.89,mobile
10138,237,14208,10,2024-10-09 12:59:00,12.14,0.73,12.87,debit
10139,179,14209,3,2024-10-09 12:44:00,4.61,0.28,4.89,mobile
10140,75,14210,5,2024-10-09 09:50:00,21.57,1.29,22.86,mobile
10141,8,14211,5,2024-10-09 14:59:00,9.62,0.58,10.2,mobile
10142,182,14212,10,2024-10-09 13:59:00,8.63,0.52,9.15,mobile
10143,87,14216,14,2024-10-09 16:47:00,32.55,1.95,34.5,mobile
10144,2,14217,10,2024-10-09 10:43:00,14.49,0.87,15.36,debit
10145,195,14219,2,2024-10-09 13:11:00,39.65,2.38,42.03,credit
10146,8,14220,6,2024-10-09 12:34:00,10.44,0.63,11.07,credit
10147,160,14224,7,2024-10-10 16:57:00,9.62,0.58,10.2,credit
10148,165,14226,3,2024-10-10 15:13:00,33.37,2.0,35.37,mobile
10149,67,14227,13,2024-10-10 14:28:00,4.0,0.24,4.24,credit
10150,103,14229,4,2024-10-10 13:55:00,46.38,2.78,49.16,credit
10151,172,14230,11,2024-10-10 11:59:00,4.2,0.25,4.45,credit
10152,73,14232,6,2024-10-10 13:15:00,4.0,0.24,4.24,credit
10153,92,14234,4,2024-10-10 10:32:00,29.9,1.79,31.69,credit
10154,21,14235,7,2024-10-10 10:59:00,6.04,0.36,6.4,debit
10155,10,14236,13,2024-10-10 13:26:00,14.09,0.85,14.94,mobile
10156,207,14237,7,2024-10-10 13:18:00,8.4,0.5,8.9,credit
10157,106,14239,13,2024-10-10 13:25:00,15.07,0.9,15.97,mobile
10158,205,14240,14,2024-10-10 14:59:00,9.69,0.58,10.27,debit
10159,155,14241,11,2024-10-10 12:30:00,4.95,0.3,5.25,credit
10160,153,14242,14,2024-10-10 13:17:00,9.62,0.58,10.2,credit
10161,195,14243,4,2024-10-10 16:59:00,9.02,0.54,9.56,credit
10162,141,14244,6,2024-10-10 10:29:00,4.5,0.27,4.77,mobile
10163,238,14245,4,2024-10-10 11:59:00,10.34,0.62,10.96,debit
10164,23,14247,4,2024-10-10 10:49:00,18.04,1.08,19.12,mobile
10165,4,14249,1,2024-10-11 15:59:00,5.56,0.33,5.89,mobile
10166,203,14252,5,2024-10-11 12:33:00,9.47,0.57,10.04,credit
10167,219,14253,13,2024-10-11 11:49:00,8.0,0.48,8.48,credit
10168,228,14254,14,2024-10-11 16:59:00,55.9,3.35,59.25,credit
10169,234,14256,12,2024-10-11 12:43:00,21.54,1.29,22.83,debit
10170,77,14258,13,2024-10-11 12:46:00,13.68,0.82,14.5,credit
10171,10,14259,7,2024-10-11 16:15:00,7.35,0.44,7.79,mobile
10172,68,14260,7,2024-10-11 13:51:00,8.2,0.49,8.69,credit
10173,2,14261,3,2024-10-11 15:37:00,29.97,1.8,31.77,credit
10174,118,14262,12,2024-10-11 14:44:00,5.54,0.33,5.87,credit
10175,44,14265,6,2024-10-11 09:36:00,28.54,1.71,30.25,mobile
10176,193,14266,10,2024-10-11 13:17:00,6.07,0.36,6.43,debit
10177,27,14267,2,2024-10-11 12:44:00,8.21,0.49,8.7,credit
10178,56,14268,14,2024-10-12 16:11:00,37.76,2.27,40.03,mobile
10179,224,14269,3,2024-10-12 12:59:00,14.0,0.84,14.84,mobile
10180,211,14271,2,2024-10-12 16:14:00,6.07,0.36,6.43,mobile
10181,64,14272,4,2024-10-12 15:17:00,5.15,0.31,5.46,mobile
10182,82,14274,13,2024-10-12 10:35:00,23.74,1.42,25.16,mobile
10183,185,14275,11,2024-10-12 11:37:00,8.0,0.48,8.48,credit
10184,107,14276,7,2024-10-12 11:16:00,12.94,0.78,13.72,mobile
10185,233,14277,5,2024-10-12 10:59:00,6.07,0.36,6.43,credit
10186,199,14279,2,2024-10-12 15:55:00,11.73,0.7,12.43,credit
10187,25,14280,10,2024-10-12 10:51:00,12.14,0.73,12.87,mobile
10188,168,14281,11,2024-10-12 11:48:00,12.16,0.73,12.89,debit
10189,140,14282,5,2024-10-12 11:57:00,8.0,0.48,8.48,mobile
10190,96,14284,2,2024-10-12 14:40:00,17.95,1.08,19.03,credit
10191,233,14285,10,2024-10-12 11:59:00,3.0,0.18,3.18,credit
10192,23,14287,6,2024-10-12 14:42:00,13.24,0.79,14.03,mobile
10193,189,14288,12,2024-10-12 12:26:00,4.97,0.3,5.27,debit
10194,219,14289,7,2024-10-12 11:42:00,6.5,0.39,6.89,credit
10195,130,14290,3,2024-10-12 16:47:00,6.07,0.36,6.43,credit
10196,143,14291,7,2024-10-12 09:59:00,35.01,2.1,37.11,debit
10197,155,14292,10,2024-10-12 14:57:00,29.69,1.78,31.47,credit
10198,27,14293,12,2024-10-12 14:20:00,22.21,1.33,23.54,debit
10199,155,14294,1,2024-10-12 14:23:00,19.45,1.17,20.62,credit
10200,138,14295,12,2024-10-12 14:25:00,16.87,1.01,17.88,credit
10201,224,14296,13,2024-10-12 13:41:00,6.5,0.39,6.89,credit
10202,245,14298,6,2024-10-12 15:32:00,47.36,2.84,50.2,credit
10203,25,14300,6,2024-10-12 10:39:00,10.0,0.6,10.6,mobile
10204,144,14301,13,2024-10-12 09:13:00,11.56,0.69,12.25,credit
10205,24,14304,7,2024-10-12 12:19:00,5.51,0.33,5.84,credit
10206,103,14305,12,2024-10-12 16:59:00,30.95,1.86,32.81,debit
10207,137,14310,1,2024-10-12 16:29:00,6.62,0.4,7.02,credit
10208,2,14311,6,2024-10-12 14:29:00,19.75,1.19,20.94,mobile
10209,27,14312,4,2024-10-12 15:47:00,30.69,1.84,32.53,credit
10210,186,14314,2,2024-10-12 12:27:00,4.0,0.24,4.24,mobile
10211,27,14315,1,2024-10-12 13:52:00,4.89,0.29,5.18,mobile
10212,2,14317,2,2024-10-12 13:59:00,6.76,0.41,7.17,mobile
10213,155,14318,2,2024-10-13 16:59:00,11.42,0.69,12.11,credit
10214,207,14319,10,2024-10-13 09:25:00,10.5,0.63,11.13,mobile
10215,138,14320,11,2024-10-13 15:47:00,4.97,0.3,5.27,credit
10216,179,14321,5,2024-10-13 11:34:00,23.35,1.4,24.75,mobile
10217,217,14322,10,2024-10-13 12:59:00,21.7,1.3,23.0,mobile
10218,232,14324,11,2024-10-13 11:59:00,26.1,1.57,27.67,debit
10219,36,14325,13,2024-10-13 16:23:00,12.15,0.73,12.88,debit
10220,237,14326,1,2024-10-13 13:59:00,39.21,2.35,41.56,debit
10221,61,14327,10,2024-10-13 11:56:00,15.0,0.9,15.9,mobile
10222,111,14329,12,2024-10-13 16:16:00,27.15,1.63,28.78,credit
10223,2,14330,5,2024-10-13 15:58:00,7.75,0.46,8.21,mobile
10224,89,14331,7,2024-10-13 09:59:00,4.2,0.25,4.45,mobile
10225,127,14333,1,2024-10-13 11:55:00,6.62,0.4,7.02,mobile
10226,184,14334,3,2024-10-13 13:45:00,13.03,0.78,13.81,debit
10227,217,14335,12,2024-10-13 16:59:00,14.15,0.85,15.0,debit
10228,240,14336,1,2024-10-13 12:25:00,11.0,0.66,11.66,credit
10229,2,14337,10,2024-10-13 10:59:00,7.87,0.47,8.34,mobile
10230,96,14338,4,2024-10-13 11:10:00,4.15,0.25,4.4,mobile
10231,55,14341,14,2024-10-13 16:13:00,36.81,2.21,39.02,credit
10232,149,14342,3,2024-10-13 12:50:00,7.64,0.46,8.1,mobile
10233,139,14343,6,2024-10-13 10:55:00,3.5,0.21,3.71,credit
10234,225,14344,14,2024-10-13 12:59:00,3.68,0.22,3.9,credit
10235,8,14345,14,2024-10-13 16:59:00,7.47,0.45,7.92,debit
10236,27,14346,5,2024-10-13 15:39:00,5.21,0.31,5.52,credit
10237,238,14347,14,2024-10-13 12:40:00,6.34,0.38,6.72,credit
10238,68,14348,11,2024-10-13 16:59:00,37.07,2.22,39.29,mobile
10239,242,14349,3,2024-10-13 09:40:00,4.5,0.27,4.77,debit
10240,182,14350,13,2024-10-13 15:19:00,28.1,1.69,29.79,credit
10241,182,14352,14,2024-10-13 09:52:00,23.23,1.39,24.62,credit
10242,2,14353,10,2024-10-13 10:28:00,5.25,0.32,5.57,mobile
10243,134,14354,11,2024-10-13 15:15:00,9.97,0.6,10.57,credit
10244,2,14357,4,2024-10-13 12:54:00,5.45,0.33,5.78,mobile
10245,2,14358,2,2024-10-13 13:35:00,5.25,0.32,5.57,mobile
10246,72,14359,1,2024-10-13 14:27:00,7.1,0.43,7.53,credit
10247,53,14365,12,2024-10-13 15:29:00,5.59,0.34,5.93,credit
10248,240,14367,6,2024-10-13 15:41:00,15.01,0.9,15.91,credit
10249,69,14368,13,2024-10-13 11:31:00,3.5,0.21,3.71,credit
10250,48,14369,6,2024-10-13 15:42:00,29.01,1.74,30.75,credit
10251,130,14370,14,2024-10-13 14:59:00,7.0,0.42,7.42,mobile
10252,48,14372,11,2024-10-13 10:19:00,6.07,0.36,6.43,mobile
10253,27,14373,7,2024-10-14 10:41:00,7.28,0.44,7.72,credit
10254,36,14374,4,2024-10-14 15:59:00,21.99,1.32,23.31,credit
10255,155,14375,12,2024-10-14 13:23:00,13.52,0.81,14.33,debit
10256,62,14376,5,2024-10-14 12:16:00,7.19,0.43,7.62,credit
10257,195,14377,7,2024-10-14 11:59:00,27.53,1.65,29.18,credit
10258,78,14379,10,2024-10-14 09:37:00,7.86,0.47,8.33,credit
10259,203,14380,2,2024-10-14 14:12:00,3.68,0.22,3.9,credit
10260,205,14381,14,2024-10-14 14:59:00,31.81,1.91,33.72,mobile
10261,28,14383,2,2024-10-14 13:59:00,15.42,0.93,16.35,credit
10262,99,14384,2,2024-10-14 16:44:00,9.97,0.6,10.57,mobile
10263,26,14385,12,2024-10-14 14:57:00,11.27,0.68,11.95,credit
10264,237,14386,4,2024-10-14 11:35:00,6.0,0.36,6.36,credit
10265,165,14387,11,2024-10-14 11:59:00,4.0,0.24,4.24,credit
10266,14,14388,12,2024-10-14 13:25:00,46.77,2.81,49.58,credit
10267,224,14389,10,2024-10-14 10:59:00,13.62,0.82,14.44,debit
10268,6,14390,13,2024-10-14 15:45:00,13.0,0.78,13.78,credit
10269,130,14392,3,2024-10-15 09:14:00,4.97,0.3,5.27,debit
10270,112,14393,7,2024-10-15 12:36:00,7.66,0.46,8.12,credit
10271,77,14394,2,2024-10-15 16:59:00,13.24,0.79,14.03,credit
10272,1,14395,4,2024-10-15 14:13:00,8.4,0.5,8.9,mobile
10273,217,14396,3,2024-10-15 10:59:00,11.53,0.69,12.22,mobile
10274,28,14397,3,2024-10-15 16:55:00,26.97,1.62,28.59,credit
10275,65,14398,14,2024-10-15 11:54:00,4.0,0.24,4.24,credit
10276,210,14399,2,2024-10-15 09:34:00,6.07,0.36,6.43,credit
10277,93,14401,6,2024-10-15 16:25:00,38.47,2.31,40.78,credit
10278,45,14402,7,2024-10-15 14:59:00,8.0,0.48,8.48,credit
10279,109,14403,13,2024-10-15 10:40:00,13.0,0.78,13.78,credit
10280,27,14404,5,2024-10-15 12:29:00,4.71,0.28,4.99,mobile
10281,25,14405,3,2024-10-15 13:43:00,9.97,0.6,10.57,credit
10282,7,14406,11,2024-10-15 14:19:00,26.99,1.62,28.61,mobile
10283,202,14408,4,2024-10-15 11:35:00,9.0,0.54,9.54,mobile
10284,4,14409,14,2024-10-15 09:17:00,5.26,0.32,5.58,credit
10285,59,14410,10,2024-10-15 16:59:00,8.22,0.49,8.71,debit
10286,58,14411,3,2024-10-16 16:25:00,4.0,0.24,4.24,debit
10287,189,14414,4,2024-10-16 16:31:00,3.0,0.18,3.18,credit
10288,85,14416,13,2024-10-16 11:13:00,10.79,0.65,11.44,credit
10289,5,14417,10,2024-10-16 11:22:00,11.04,0.66,11.7,mobile
10290,48,14418,3,2024-10-16 14:29:00,3.0,0.18,3.18,credit
10291,177,14419,7,2024-10-16 09:32:00,12.14,0.73,12.87,debit
10292,153,14420,1,2024-10-16 09:45:00,3.0,0.18,3.18,credit
10293,165,14422,12,2024-10-16 11:41:00,10.5,0.63,11.13,credit
10294,27,14423,3,2024-10-16 09:18:00,44.72,2.68,47.4,credit
10295,5,14425,14,2024-10-16 10:13:00,23.94,1.44,25.38,credit
10296,3,14427,14,2024-10-16 09:40:00,11.58,0.69,12.27,credit
10297,182,14428,6,2024-10-17 15:45:00,21.36,1.28,22.64,credit
10298,56,14429,5,2024-10-17 12:58:00,11.71,0.7,12.41,mobile
10299,236,14430,14,2024-10-17 14:11:00,28.18,1.69,29.87,debit
10300,5,14433,10,2024-10-17 13:27:00,9.94,0.6,10.54,credit
10301,75,14437,5,2024-10-17 15:11:00,22.44,1.35,23.79,credit
10302,39,14438,14,2024-10-17 09:11:00,4.2,0.25,4.45,debit
10303,119,14439,12,2024-10-17 10:42:00,29.41,1.76,31.17,credit
10304,28,14441,4,2024-10-17 10:53:00,16.42,0.99,17.41,credit
10305,1,14442,6,2024-10-17 15:24:00,10.5,0.63,11.13,debit
10306,189,14443,7,2024-10-17 16:57:00,7.0,0.42,7.42,credit
10307,56,14445,1,2024-10-17 16:54:00,7.83,0.47,8.3,mobile
10308,3,14446,6,2024-10-17 12:10:00,4.2,0.25,4.45,mobile
10309,91,14447,12,2024-10-17 11:47:00,4.5,0.27,4.77,mobile
10310,106,14448,14,2024-10-17 13:49:00,3.68,0.22,3.9,mobile
10311,73,14450,1,2024-10-17 14:43:00,6.07,0.36,6.43,debit
10312,134,14452,14,2024-10-17 10:40:00,27.87,1.67,29.54,debit
10313,4,14454,12,2024-10-17 14:57:00,4.74,0.28,5.02,credit
10314,201,14455,7,2024-10-17 11:56:00,3.5,0.21,3.71,mobile
10315,71,14456,5,2024-10-18 16:33:00,6.62,0.4,7.02,debit
10316,3,14457,11,2024-10-18 09:59:00,16.51,0.99,17.5,debit
10317,87,14460,1,2024-10-18 14:25:00,15.0,0.9,15.9,credit
10318,95,14461,7,2024-10-18 15:21:00,5.3,0.32,5.62,mobile
10319,137,14462,7,2024-10-18 15:21:00,8.4,0.5,8.9,debit
10320,44,14464,12,2024-10-18 14:20:00,12.69,0.76,13.45,credit
10321,172,14466,2,2024-10-18 10:59:00,21.0,1.26,22.26,mobile
10322,174,14468,11,2024-10-18 10:24:00,9.31,0.56,9.87,credit
10323,215,14469,7,2024-10-18 09:30:00,10.5,0.63,11.13,credit
10324,69,14470,2,2024-10-19 13:45:00,4.0,0.24,4.24,mobile
10325,1,14471,2,2024-10-19 11:21:00,10.12,0.61,10.73,credit
10326,107,14472,7,2024-10-19 14:43:00,32.86,1.97,34.83,debit
10327,215,14475,14,2024-10-19 09:56:00,3.68,0.22,3.9,mobile
10328,7,14476,7,2024-10-19 10:19:00,5.51,0.33,5.84,credit
10329,61,14477,5,2024-10-19 09:56:00,4.97,0.3,5.27,credit
10330,155,14478,3,2024-10-19 13:17:00,11.42,0.69,12.11,mobile
10331,130,14479,5,2024-10-19 13:45:00,41.07,2.46,43.53,debit
10332,27,14480,4,2024-10-19 15:59:00,7.28,0.44,7.72,mobile
10333,3,14483,3,2024-10-19 16:59:00,7.18,0.43,7.61,mobile
10334,9,14484,13,2024-10-19 12:22:00,6.5,0.39,6.89,mobile
10335,238,14486,6,2024-10-19 11:59:00,15.58,0.93,16.51,mobile
10336,91,14488,3,2024-10-19 10:59:00,6.07,0.36,6.43,credit
10337,216,14490,14,2024-10-19 12:37:00,20.0,1.2,21.2,mobile
10338,228,14491,7,2024-10-19 11:57:00,5.4,0.32,5.72,mobile
10339,140,14492,1,2024-10-19 16:11:00,9.0,0.54,9.54,mobile
10340,46,14493,6,2024-10-19 10:20:00,8.4,0.5,8.9,credit
10341,205,14494,2,2024-10-19 13:33:00,33.69,2.02,35.71,mobile
10342,215,14495,14,2024-10-19 11:54:00,12.14,0.73,12.87,mobile
10343,73,14496,11,2024-10-19 14:59:00,8.4,0.5,8.9,mobile
10344,25,14497,5,2024-10-19 10:57:00,8.4,0.5,8.9,credit
10345,236,14498,1,2024-10-19 14:53:00,6.62,0.4,7.02,credit
10346,50,14499,12,2024-10-19 09:58:00,24.02,1.44,25.46,credit
10347,172,14501,7,2024-10-19 10:25:00,19.94,1.2,21.14,credit
10348,27,14503,13,2024-10-19 16:55:00,5.71,0.34,6.05,credit
10349,95,14505,12,2024-10-19 10:46:00,5.3,0.32,5.62,mobile
10350,100,14506,13,2024-10-19 11:59:00,4.3,0.26,4.56,credit
10351,126,14507,11,2024-10-20 13:59:00,8.4,0.5,8.9,debit
10352,154,14508,5,2024-10-20 14:37:00,6.07,0.36,6.43,mobile
10353,62,14509,7,2024-10-20 11:41:00,6.18,0.37,6.55,debit
10354,110,14510,4,2024-10-20 13:41:00,16.01,0.96,16.97,credit
10355,141,14514,14,2024-10-20 14:25:00,6.0,0.36,6.36,credit
10356,107,14515,1,2024-10-20 10:44:00,6.96,0.42,7.38,credit
10357,194,14516,6,2024-10-20 12:31:00,35.81,2.15,37.96,credit
10358,215,14517,4,2024-10-20 13:27:00,8.4,0.5,8.9,mobile
10359,108,14518,7,2024-10-20 10:31:00,26.94,1.62,28.56,credit
10360,33,14519,11,2024-10-20 13:59:00,8.4,0.5,8.9,mobile
10361,61,14520,1,2024-10-20 09:38:00,26.86,1.61,28.47,credit
10362,234,14521,1,2024-10-20 10:15:00,26.5,1.59,28.09,credit
10363,223,14522,5,2024-10-20 12:16:00,30.45,1.83,32.28,mobile
10364,98,14523,13,2024-10-20 13:59:00,13.0,0.78,13.78,mobile
10365,231,14524,6,2024-10-20 09:21:00,4.5,0.27,4.77,mobile
10366,185,14525,3,2024-10-20 15:59:00,11.97,0.72,12.69,credit
10367,112,14526,10,2024-10-20 11:43:00,7.66,0.46,8.12,mobile
10368,5,14528,3,2024-10-21 13:31:00,24.1,1.45,25.55,mobile
10369,81,14529,13,2024-10-21 13:40:00,7.0,0.42,7.42,mobile
10370,25,14530,11,2024-10-21 09:42:00,29.46,1.77,31.23,credit
10371,224,14531,11,2024-10-21 14:17:00,33.24,1.99,35.23,mobile
10372,106,14532,3,2024-10-21 09:51:00,26.74,1.6,28.34,credit
10373,23,14533,4,2024-10-21 12:11:00,3.5,0.21,3.71,mobile
10374,27,14535,6,2024-10-21 10:30:00,7.28,0.44,7.72,credit
10375,172,14536,14,2024-10-21 16:57:00,6.07,0.36,6.43,debit
10376,107,14537,1,2024-10-21 09:59:00,8.53,0.51,9.04,mobile
10377,110,14539,3,2024-10-21 09:12:00,39.22,2.35,41.57,mobile
10378,74,14540,4,2024-10-21 09:41:00,6.62,0.4,7.02,mobile
10379,171,14541,12,2024-10-21 16:56:00,6.07,0.36,6.43,credit
10380,74,14542,10,2024-10-21 15:59:00,6.5,0.39,6.89,debit
10381,186,14543,4,2024-10-21 10:43:00,18.0,1.08,19.08,credit
10382,194,14545,4,2024-10-21 11:25:00,4.2,0.25,4.45,mobile
10383,187,14546,14,2024-10-21 15:55:00,14.82,0.89,15.71,credit
10384,182,14547,3,2024-10-21 16:48:00,30.72,1.84,32.56,mobile
10385,217,14548,13,2024-10-21 16:46:00,12.03,0.72,12.75,credit
10386,99,14549,6,2024-10-21 16:59:00,18.84,1.13,19.97,credit
10387,185,14551,5,2024-10-21 13:36:00,18.64,1.12,19.76,credit
10388,75,14552,10,2024-10-21 16:45:00,20.81,1.25,22.06,credit
10389,140,14554,10,2024-10-21 16:28:00,8.4,0.5,8.9,credit
10390,162,14555,1,2024-10-21 12:43:00,6.19,0.37,6.56,mobile
10391,119,14557,12,2024-10-21 12:59:00,32.6,1.96,34.56,mobile
10392,162,14560,5,2024-10-21 10:29:00,7.19,0.43,7.62,mobile
10393,232,14562,12,2024-10-22 12:59:00,7.48,0.45,7.93,credit
10394,159,14564,4,2024-10-22 15:12:00,8.13,0.49,8.62,credit
10395,107,14566,10,2024-10-22 14:29:00,15.7,0.94,16.64,credit
10396,240,14567,5,2024-10-22 16:30:00,26.07,1.56,27.63,credit
10397,103,14569,1,2024-10-22 11:32:00,9.94,0.6,10.54,mobile
10398,48,14571,5,2024-10-22 11:37:00,27.8,1.67,29.47,credit
10399,190,14572,4,2024-10-22 12:18:00,6.07,0.36,6.43,credit
10400,107,14573,12,2024-10-22 14:59:00,21.13,1.27,22.4,credit
10401,195,14576,12,2024-10-22 15:49:00,13.97,0.84,14.81,debit
10402,209,14577,14,2024-10-22 09:28:00,4.87,0.29,5.16,debit
10403,158,14578,1,2024-10-22 15:35:00,7.65,0.46,8.11,debit
10404,208,14579,10,2024-10-22 15:26:00,19.85,1.19,21.04,credit
10405,48,14580,4,2024-10-22 09:44:00,10.3,0.62,10.92,credit
10406,226,14581,3,2024-10-22 09:36:00,15.47,0.93,16.4,mobile
10407,207,14582,2,2024-10-23 15:38:00,6.07,0.36,6.43,credit
10408,213,14583,2,2024-10-23 13:32:00,17.27,1.04,18.31,mobile
10409,98,14584,4,2024-10-23 13:25:00,13.62,0.82,14.44,credit
10410,48,14587,10,2024-10-23 12:56:00,39.97,2.4,42.37,credit
10411,237,14588,13,2024-10-23 11:32:00,13.12,0.79,13.91,mobile
10412,5,14590,14,2024-10-23 10:29:00,4.5,0.27,4.77,mobile
10413,217,14593,7,2024-10-23 13:22:00,6.0,0.36,6.36,debit
10414,219,14596,5,2024-10-23 16:59:00,20.0,1.2,21.2,credit
10415,231,14597,14,2024-10-23 11:12:00,6.62,0.4,7.02,credit
10416,121,14598,1,2024-10-23 13:20:00,6.07,0.36,6.43,credit
10417,38,14599,2,2024-10-23 11:59:00,8.37,0.5,8.87,credit
10418,217,14600,7,2024-10-23 16:32:00,5.23,0.31,5.54,credit
10419,93,14601,4,2024-10-23 10:36:00,22.56,1.35,23.91,debit
10420,207,14602,6,2024-10-23 09:41:00,22.0,1.32,23.32,credit
10421,95,14603,11,2024-10-23 10:10:00,4.48,0.27,4.75,debit
10422,203,14605,13,2024-10-23 12:59:00,6.5,0.39,6.89,credit
10423,206,14606,3,2024-10-23 09:59:00,12.16,0.73,12.89,debit
10424,73,14608,14,2024-10-23 11:59:00,4.5,0.27,4.77,mobile
10425,162,14609,1,2024-10-23 09:35:00,21.83,1.31,23.14,credit
10426,189,14611,13,2024-10-24 16:18:00,3.0,0.18,3.18,credit
10427,119,14612,7,2024-10-24 12:25:00,4.97,0.3,5.27,mobile
10428,122,14615,5,2024-10-24 16:48:00,25.0,1.5,26.5,mobile
10429,240,14616,2,2024-10-24 16:14:00,21.97,1.32,23.29,debit
10430,162,14617,12,2024-10-24 16:38:00,9.19,0.55,9.74,mobile
10431,73,14620,13,2024-10-24 09:50:00,5.51,0.33,5.84,credit
10432,8,14621,5,2024-10-24 13:59:00,14.47,0.87,15.34,debit
10433,48,14622,11,2024-10-24 11:59:00,29.0,1.74,30.74,credit
10434,108,14623,7,2024-10-24 09:16:00,12.57,0.75,13.32,mobile
10435,116,14625,5,2024-10-24 14:49:00,4.0,0.24,4.24,mobile
10436,98,14626,10,2024-10-24 12:46:00,22.26,1.34,23.6,mobile
10437,41,14627,13,2024-10-24 13:21:00,18.34,1.1,19.44,credit
10438,63,14629,1,2024-10-24 11:57:00,10.3,0.62,10.92,mobile
10439,18,14630,7,2024-10-24 16:28:00,8.34,0.5,8.84,debit
10440,204,14631,10,2024-10-24 15:26:00,26.64,1.6,28.24,credit
10441,189,14632,7,2024-10-24 14:59:00,14.0,0.84,14.84,credit
10442,81,14633,10,2024-10-25 09:59:00,27.0,1.62,28.62,credit
10443,119,14634,7,2024-10-25 15:59:00,15.69,0.94,16.63,mobile
10444,223,14635,4,2024-10-25 14:24:00,6.07,0.36,6.43,credit
10445,6,14636,1,2024-10-25 16:45:00,6.62,0.4,7.02,mobile
10446,197,14637,5,2024-10-25 11:39:00,7.0,0.42,7.42,credit
10447,165,14638,3,2024-10-25 13:36:00,6.07,0.36,6.43,mobile
10448,1,14639,5,2024-10-25 15:59:00,8.4,0.5,8.9,credit
10449,160,14640,3,2024-10-25 14:59:00,7.0,0.42,7.42,mobile
10450,110,14641,1,2024-10-25 12:59:00,34.76,2.09,36.85,mobile
10451,189,14643,4,2024-10-25 10:16:00,18.0,1.08,19.08,credit
10452,5,14644,7,2024-10-25 10:57:00,8.4,0.5,8.9,credit
10453,189,14645,2,2024-10-25 14:59:00,4.0,0.24,4.24,credit
10454,69,14649,3,2024-10-25 16:39:00,4.2,0.25,4.45,credit
10455,110,14650,12,2024-10-25 14:28:00,33.13,1.99,35.12,credit
10456,48,14653,10,2024-10-25 10:44:00,11.59,0.7,12.29,credit
10457,194,14654,7,2024-10-25 12:13:00,6.5,0.39,6.89,credit
10458,48,14655,4,2024-10-25 15:38:00,9.97,0.6,10.57,credit
10459,240,14656,10,2024-10-25 10:11:00,14.04,0.84,14.88,credit
10460,231,14657,2,2024-10-25 12:41:00,7.5,0.45,7.95,credit
10461,186,14659,6,2024-10-25 11:57:00,12.01,0.72,12.73,debit
10462,240,14660,2,2024-10-25 16:57:00,21.4,1.28,22.68,mobile
10463,122,14661,3,2024-10-25 10:17:00,30.47,1.83,32.3,debit
10464,195,14662,3,2024-10-25 09:45:00,11.35,0.68,12.03,debit
10465,98,14663,3,2024-10-25 16:54:00,6.62,0.4,7.02,debit
10466,89,14664,13,2024-10-25 16:59:00,5.51,0.33,5.84,debit
10467,73,14666,4,2024-10-25 09:15:00,10.36,0.62,10.98,credit
10468,3,14667,11,2024-10-25 15:59:00,3.5,0.21,3.71,credit
10469,61,14668,12,2024-10-25 12:29:00,4.5,0.27,4.77,debit
10470,165,14671,5,2024-10-26 15:12:00,13.12,0.79,13.91,credit
10471,107,14672,12,2024-10-26 13:30:00,8.96,0.54,9.5,debit
10472,103,14673,10,2024-10-26 09:59:00,24.19,1.45,25.64,debit
10473,73,14677,12,2024-10-26 10:59:00,6.07,0.36,6.43,credit
10474,215,14678,2,2024-10-26 10:17:00,28.73,1.72,30.45,credit
10475,155,14680,14,2024-10-26 09:22:00,7.52,0.45,7.97,mobile
10476,126,14681,3,2024-10-26 10:40:00,4.2,0.25,4.45,credit
10477,110,14682,11,2024-10-26 14:30:00,5.51,0.33,5.84,credit
10478,1,14683,11,2024-10-26 15:22:00,23.16,1.39,24.55,credit
10479,189,14686,12,2024-10-26 13:45:00,14.0,0.84,14.84,credit
10480,103,14687,12,2024-10-26 13:25:00,6.41,0.38,6.79,credit
10481,3,14688,4,2024-10-26 09:27:00,27.62,1.66,29.28,credit
10482,4,14689,13,2024-10-26 12:24:00,11.03,0.66,11.69,mobile
10483,179,14690,2,2024-10-26 10:40:00,7.73,0.46,8.19,credit
10484,27,14691,7,2024-10-26 13:37:00,6.18,0.37,6.55,credit
10485,74,14693,4,2024-10-26 10:12:00,10.0,0.6,10.6,credit
10486,143,14694,4,2024-10-26 14:13:00,6.5,0.39,6.89,mobile
10487,165,14697,13,2024-10-26 09:56:00,8.4,0.5,8.9,credit
10488,155,14698,6,2024-10-26 16:10:00,21.45,1.29,22.74,credit
10489,96,14701,11,2024-10-26 15:34:00,6.12,0.37,6.49,credit
10490,43,14703,1,2024-10-26 13:51:00,10.12,0.61,10.73,credit
10491,48,14705,3,2024-10-26 10:38:00,4.5,0.27,4.77,mobile
10492,224,14706,5,2024-10-26 10:25:00,8.4,0.5,8.9,debit
10493,205,14707,7,2024-10-26 12:59:00,6.75,0.4,7.15,debit
10494,165,14708,4,2024-10-26 14:59:00,7.0,0.42,7.42,credit
10495,92,14709,10,2024-10-26 10:57:00,21.24,1.27,22.51,credit
10496,27,14710,5,2024-10-26 11:59:00,20.83,1.25,22.08,debit
10497,4,14712,12,2024-10-26 10:47:00,11.13,0.67,11.8,credit
10498,113,14713,3,2024-10-26 10:27:00,4.2,0.25,4.45,mobile
10499,223,14714,7,2024-10-26 12:59:00,6.5,0.39,6.89,mobile
10500,189,14715,6,2024-10-26 15:10:00,18.0,1.08,19.08,credit
10501,118,14718,11,2024-10-26 15:32:00,5.04,0.3,5.34,mobile
10502,106,14719,13,2024-10-26 12:44:00,4.0,0.24,4.24,debit
10503,23,14720,12,2024-10-26 10:41:00,11.02,0.66,11.68,credit
10504,119,14721,13,2024-10-26 10:58:00,13.0,0.78,13.78,mobile
10505,44,14723,3,2024-10-26 12:45:00,3.5,0.21,3.71,mobile
10506,2,14724,4,2024-10-26 14:38:00,11.22,0.67,11.89,mobile
10507,114,14726,12,2024-10-26 13:55:00,4.5,0.27,4.77,debit
10508,198,14727,5,2024-10-26 10:30:00,17.0,1.02,18.02,debit
10509,43,14729,14,2024-10-26 16:19:00,7.0,0.42,7.42,mobile
10510,48,14730,1,2024-10-27 11:32:00,6.62,0.4,7.02,credit
10511,238,14736,1,2024-10-27 14:56:00,8.41,0.5,8.91,debit
10512,189,14737,10,2024-10-27 11:49:00,20.12,1.21,21.33,credit
10513,179,14739,4,2024-10-27 11:43:00,30.68,1.84,32.52,credit
10514,165,14740,7,2024-10-27 13:44:00,4.0,0.24,4.24,mobile
10515,195,14741,14,2024-10-27 10:39:00,11.95,0.72,12.67,mobile
10516,3,14742,1,2024-10-27 11:34:00,4.0,0.24,4.24,mobile
10517,100,14743,7,2024-10-27 09:35:00,5.3,0.32,5.62,mobile
10518,236,14744,4,2024-10-27 16:59:00,19.64,1.18,20.82,debit
10519,210,14746,4,2024-10-27 12:59:00,20.0,1.2,21.2,credit
10520,43,14747,6,2024-10-27 10:59:00,7.0,0.42,7.42,credit
10521,119,14748,10,2024-10-27 15:59:00,12.85,0.77,13.62,mobile
10522,163,14749,1,2024-10-27 15:12:00,4.0,0.24,4.24,mobile
10523,195,14751,13,2024-10-27 14:11:00,5.95,0.36,6.31,credit
10524,173,14752,2,2024-10-27 14:43:00,12.18,0.73,12.91,debit
10525,158,14753,14,2024-10-27 09:57:00,16.01,0.96,16.97,mobile
10526,107,14754,13,2024-10-27 15:53:00,12.43,0.75,13.18,credit
10527,144,14755,7,2024-10-27 09:59:00,8.09,0.49,8.58,credit
10528,242,14756,3,2024-10-27 16:59:00,16.47,0.99,17.46,mobile
10529,52,14757,2,2024-10-27 16:49:00,4.5,0.27,4.77,credit
10530,158,14758,13,2024-10-28 15:11:00,11.65,0.7,12.35,credit
10531,74,14759,2,2024-10-28 14:59:00,6.5,0.39,6.89,credit
10532,108,14760,12,2024-10-28 15:16:00,3.5,0.21,3.71,mobile
10533,93,14763,4,2024-10-28 10:42:00,20.44,1.23,21.67,credit
10534,155,14765,10,2024-10-28 11:21:00,21.45,1.29,22.74,credit
10535,74,14767,5,2024-10-28 13:59:00,4.5,0.27,4.77,credit
10536,8,14768,6,2024-10-28 11:31:00,21.97,1.32,23.29,mobile
10537,195,14772,5,2024-10-28 14:59:00,9.95,0.6,10.55,mobile
10538,72,14773,1,2024-10-28 10:55:00,5.23,0.31,5.54,debit
10539,44,14774,2,2024-10-28 09:23:00,4.5,0.27,4.77,mobile
10540,186,14775,4,2024-10-28 15:20:00,7.0,0.42,7.42,credit
10541,109,14777,11,2024-10-28 11:33:00,5.51,0.33,5.84,credit
10542,198,14779,11,2024-10-29 14:30:00,4.0,0.24,4.24,mobile
10543,98,14782,3,2024-10-29 14:59:00,4.0,0.24,4.24,credit
10544,96,14783,1,2024-10-29 13:44:00,11.12,0.67,11.79,credit
10545,24,14784,14,2024-10-29 12:59:00,42.32,2.54,44.86,mobile
10546,215,14785,1,2024-10-29 10:53:00,6.62,0.4,7.02,credit
10547,38,14786,11,2024-10-29 09:16:00,5.55,0.33,5.88,mobile
10548,72,14788,4,2024-10-29 11:20:00,4.71,0.28,4.99,credit
10549,139,14789,3,2024-10-29 15:59:00,13.37,0.8,14.17,credit
10550,56,14790,7,2024-10-29 14:22:00,21.15,1.27,22.42,mobile
10551,56,14791,13,2024-10-29 16:13:00,21.28,1.28,22.56,mobile
10552,189,14793,1,2024-10-29 10:59:00,4.5,0.27,4.77,debit
10553,2,14795,12,2024-10-29 12:27:00,7.32,0.44,7.76,credit
10554,103,14796,5,2024-10-29 14:41:00,8.44,0.51,8.95,credit
10555,27,14797,11,2024-10-30 13:34:00,23.68,1.42,25.1,credit
10556,141,14798,5,2024-10-30 09:59:00,31.9,1.91,33.81,credit
10557,77,14800,7,2024-10-30 11:43:00,16.57,0.99,17.56,credit
10558,56,14801,12,2024-10-30 14:11:00,7.28,0.44,7.72,credit
10559,242,14802,3,2024-10-30 11:59:00,6.0,0.36,6.36,credit
10560,205,14803,10,2024-10-30 11:32:00,21.44,1.29,22.73,credit
10561,187,14804,13,2024-10-30 15:12:00,6.07,0.36,6.43,credit
10562,182,14805,12,2024-10-30 13:59:00,8.16,0.49,8.65,credit
10563,11,14806,6,2024-10-30 15:46:00,7.88,0.47,8.35,credit
10564,139,14808,1,2024-10-30 15:42:00,29.5,1.77,31.27,debit
10565,194,14809,10,2024-10-30 09:23:00,4.2,0.25,4.45,credit
10566,98,14810,6,2024-10-30 15:46:00,31.0,1.86,32.86,mobile
10567,169,14812,6,2024-10-31 16:43:00,11.1,0.67,11.77,credit
10568,130,14813,11,2024-10-31 14:12:00,4.5,0.27,4.77,credit
10569,64,14814,2,2024-10-31 10:28:00,5.15,0.31,5.46,credit
10570,48,14815,10,2024-10-31 15:59:00,4.0,0.24,4.24,credit
10571,224,14816,6,2024-10-31 12:27:00,9.94,0.6,10.54,mobile
10572,65,14817,5,2024-10-31 13:59:00,42.06,2.52,44.58,mobile
10573,36,14818,13,2024-10-31 10:10:00,12.91,0.77,13.68,credit
10574,189,14819,11,2024-10-31 13:29:00,18.62,1.12,19.74,debit
10575,135,14820,4,2024-10-31 13:26:00,9.07,0.54,9.61,credit
10576,236,14821,10,2024-10-31 15:47:00,39.66,2.38,42.04,debit
10577,233,14822,3,2024-10-31 15:59:00,4.5,0.27,4.77,debit
10578,106,14823,7,2024-10-31 09:59:00,4.5,0.27,4.77,credit
10579,183,14825,4,2024-10-31 12:35:00,21.97,1.32,23.29,credit
10580,67,14826,11,2024-10-31 14:10:00,6.07,0.36,6.43,mobile
10581,232,14827,12,2024-10-31 14:59:00,41.51,2.49,44.0,mobile
10582,107,14828,1,2024-10-31 12:21:00,14.43,0.87,15.3,mobile
10583,63,14830,11,2024-10-31 12:31:00,13.91,0.83,14.74,credit
10584,74,14831,11,2024-10-31 15:59:00,7.0,0.42,7.42,mobile
10585,107,14832,10,2024-10-31 13:58:00,16.9,1.01,17.91,credit
10586,78,14834,10,2024-10-31 11:28:00,6.29,0.38,6.67,mobile
10587,195,14835,13,2024-10-31 12:20:00,7.15,0.43,7.58,credit
10588,165,14836,13,2024-11-01 15:14:00,5.51,0.33,5.84,credit
10589,201,14839,12,2024-11-01 12:59:00,5.51,0.33,5.84,mobile
10590,74,14840,10,2024-11-01 16:44:00,3.68,0.22,3.9,debit
10591,164,14842,7,2024-11-01 16:34:00,9.97,0.6,10.57,credit
10592,196,14843,14,2024-11-01 16:41:00,10.57,0.63,11.2,credit
10593,126,14844,12,2024-11-01 11:29:00,24.94,1.5,26.44,credit
10594,96,14845,13,2024-11-01 13:56:00,7.22,0.43,7.65,credit
10595,2,14846,12,2024-11-01 10:14:00,6.76,0.41,7.17,credit
10596,114,14848,6,2024-11-01 12:17:00,5.51,0.33,5.84,mobile
10597,246,14849,1,2024-11-01 12:59:00,7.36,0.44,7.8,credit
10598,25,14851,14,2024-11-01 14:57:00,58.74,3.52,62.26,credit
10599,5,14852,2,2024-11-01 16:27:00,4.0,0.24,4.24,debit
10600,237,14854,10,2024-11-01 13:36:00,6.5,0.39,6.89,debit
10601,73,14855,2,2024-11-01 12:52:00,4.97,0.3,5.27,credit
10602,55,14856,1,2024-11-01 15:26:00,7.26,0.44,7.7,credit
10603,51,14857,6,2024-11-01 11:59:00,3.0,0.18,3.18,credit
10604,141,14858,12,2024-11-01 16:58:00,3.5,0.21,3.71,credit
10605,4,14861,13,2024-11-02 10:59:00,7.68,0.46,8.14,credit
10606,231,14863,13,2024-11-02 13:59:00,12.14,0.73,12.87,mobile
10607,177,14865,2,2024-11-02 13:52:00,6.0,0.36,6.36,mobile
10608,73,14866,4,2024-11-02 11:59:00,35.47,2.13,37.6,mobile
10609,1,14867,4,2024-11-02 10:41:00,3.0,0.18,3.18,credit
10610,193,14868,5,2024-11-02 10:59:00,6.07,0.36,6.43,mobile
10611,1,14869,3,2024-11-02 11:20:00,6.07,0.36,6.43,mobile
10612,106,14870,14,2024-11-02 11:16:00,5.51,0.33,5.84,credit
10613,63,14873,5,2024-11-02 14:59:00,6.5,0.39,6.89,credit
10614,21,14874,11,2024-11-02 15:39:00,12.66,0.76,13.42,mobile
10615,2,14875,13,2024-11-02 10:33:00,11.52,0.69,12.21,debit
10616,163,14876,10,2024-11-02 14:56:00,17.44,1.05,18.49,credit
10617,174,14877,5,2024-11-02 13:55:00,7.24,0.43,7.67,credit
10618,98,14878,6,2024-11-02 14:59:00,16.8,1.01,17.81,debit
10619,106,14879,10,2024-11-02 12:55:00,6.07,0.36,6.43,credit
10620,164,14880,6,2024-11-02 13:59:00,5.51,0.33,5.84,mobile
10621,61,14881,7,2024-11-02 14:59:00,3.68,0.22,3.9,credit
10622,155,14883,3,2024-11-02 12:15:00,14.69,0.88,15.57,mobile
10623,47,14885,2,2024-11-02 13:29:00,3.5,0.21,3.71,mobile
10624,25,14888,10,2024-11-03 09:58:00,8.4,0.5,8.9,mobile
10625,73,14889,4,2024-11-03 13:59:00,9.97,0.6,10.57,mobile
10626,108,14890,6,2024-11-03 10:47:00,6.07,0.36,6.43,mobile
10627,55,14892,13,2024-11-03 11:59:00,4.26,0.26,4.52,mobile
10628,144,14893,7,2024-11-03 13:59:00,8.21,0.49,8.7,mobile
10629,150,14895,7,2024-11-03 13:42:00,8.4,0.5,8.9,credit
10630,35,14896,13,2024-11-03 12:53:00,3.5,0.21,3.71,credit
10631,75,14897,5,2024-11-03 14:37:00,5.77,0.35,6.12,debit
10632,134,14899,10,2024-11-03 15:44:00,9.97,0.6,10.57,mobile
10633,228,14900,4,2024-11-03 09:16:00,27.64,1.66,29.3,credit
10634,2,14901,3,2024-11-03 09:34:00,28.01,1.68,29.69,credit
10635,95,14902,11,2024-11-03 11:59:00,4.8,0.29,5.09,credit
10636,138,14904,5,2024-11-03 11:49:00,6.07,0.36,6.43,credit
10637,2,14905,6,2024-11-03 12:41:00,14.49,0.87,15.36,mobile
10638,126,14906,10,2024-11-03 16:59:00,3.0,0.18,3.18,credit
10639,140,14907,5,2024-11-03 10:13:00,5.51,0.33,5.84,debit
10640,95,14908,2,2024-11-03 12:43:00,6.87,0.41,7.28,debit
10641,11,14909,5,2024-11-03 09:59:00,8.2,0.49,8.69,credit
10642,110,14910,11,2024-11-03 15:27:00,8.0,0.48,8.48,credit
10643,3,14911,13,2024-11-03 15:59:00,11.58,0.69,12.27,credit
10644,91,14913,4,2024-11-03 16:59:00,6.07,0.36,6.43,credit
10645,69,14915,4,2024-11-04 12:59:00,20.14,1.21,21.35,credit
10646,155,14916,10,2024-11-04 15:12:00,8.45,0.51,8.96,mobile
10647,95,14917,3,2024-11-04 15:59:00,10.77,0.65,11.42,credit
10648,27,14918,10,2024-11-04 15:55:00,24.21,1.45,25.66,credit
10649,217,14919,4,2024-11-04 16:14:00,6.0,0.36,6.36,mobile
10650,121,14920,4,2024-11-04 16:30:00,25.0,1.5,26.5,credit
10651,159,14921,10,2024-11-04 15:27:00,8.51,0.51,9.02,credit
10652,217,14922,10,2024-11-04 11:59:00,26.11,1.57,27.68,credit
10653,242,14923,3,2024-11-04 09:53:00,28.54,1.71,30.25,credit
10654,96,14927,7,2024-11-04 15:40:00,26.15,1.57,27.72,mobile
10655,52,14928,1,2024-11-04 11:29:00,6.07,0.36,6.43,mobile
10656,163,14929,4,2024-11-04 11:13:00,10.5,0.63,11.13,credit
10657,197,14932,14,2024-11-05 15:55:00,19.94,1.2,21.14,credit
10658,20,14933,6,2024-11-05 14:34:00,12.14,0.73,12.87,credit
10659,119,14934,5,2024-11-05 09:38:00,5.51,0.33,5.84,mobile
10660,96,14935,14,2024-11-05 16:59:00,27.46,1.65,29.11,credit
10661,68,14937,14,2024-11-05 15:35:00,4.97,0.3,5.27,credit
10662,109,14938,13,2024-11-05 11:27:00,13.24,0.79,14.03,debit
10663,69,14940,6,2024-11-05 15:55:00,24.14,1.45,25.59,credit
10664,243,14941,4,2024-11-05 10:41:00,4.0,0.24,4.24,mobile
10665,183,14943,5,2024-11-05 13:30:00,4.2,0.25,4.45,credit
10666,224,14944,1,2024-11-05 09:52:00,4.0,0.24,4.24,mobile
10667,111,14945,12,2024-11-05 13:59:00,13.24,0.79,14.03,credit
10668,2,14946,6,2024-11-05 15:13:00,4.93,0.3,5.23,credit
10669,148,14947,13,2024-11-05 09:39:00,10.5,0.63,11.13,credit
10670,237,14948,1,2024-11-05 10:57:00,6.62,0.4,7.02,credit
10671,135,14949,6,2024-11-05 15:48:00,33.57,2.01,35.58,mobile
10672,78,14951,11,2024-11-05 10:59:00,15.36,0.92,16.28,mobile
10673,210,14952,10,2024-11-05 13:45:00,6.62,0.4,7.02,mobile
10674,91,14953,14,2024-11-05 15:55:00,4.0,0.24,4.24,mobile
10675,85,14954,13,2024-11-06 15:59:00,12.96,0.78,13.74,debit
10676,170,14956,13,2024-11-06 15:30:00,27.96,1.68,29.64,debit
10677,44,14957,4,2024-11-06 09:59:00,18.76,1.13,19.89,credit
10678,179,14959,5,2024-11-06 16:47:00,11.08,0.66,11.74,mobile
10679,81,14960,5,2024-11-06 09:59:00,10.01,0.6,10.61,credit
10680,61,14961,13,2024-11-06 14:22:00,58.14,3.49,61.63,debit
10681,126,14962,3,2024-11-06 14:40:00,13.24,0.79,14.03,debit
10682,2,14963,2,2024-11-06 16:10:00,5.25,0.32,5.57,credit
10683,93,14964,11,2024-11-06 09:59:00,16.08,0.96,17.04,mobile
10684,25,14965,7,2024-11-06 13:47:00,13.24,0.79,14.03,mobile
10685,2,14966,1,2024-11-06 13:41:00,23.72,1.42,25.14,credit
10686,93,14967,13,2024-11-06 13:44:00,16.34,0.98,17.32,mobile
10687,81,14968,7,2024-11-06 09:41:00,7.0,0.42,7.42,mobile
10688,205,14969,6,2024-11-06 09:41:00,13.57,0.81,14.38,credit
10689,96,14970,14,2024-11-06 10:59:00,5.15,0.31,5.46,credit
10690,242,14972,10,2024-11-06 11:14:00,6.07,0.36,6.43,credit
10691,179,14974,5,2024-11-07 09:59:00,15.11,0.91,16.02,mobile
10692,36,14975,11,2024-11-07 16:16:00,5.47,0.33,5.8,credit
10693,24,14976,14,2024-11-07 11:17:00,6.07,0.36,6.43,credit
10694,197,14977,10,2024-11-07 10:54:00,19.24,1.15,20.39,mobile
10695,89,14978,11,2024-11-07 15:21:00,4.97,0.3,5.27,credit
10696,236,14979,5,2024-11-07 11:59:00,6.62,0.4,7.02,mobile
10697,11,14980,7,2024-11-07 15:52:00,11.47,0.69,12.16,credit
10698,46,14981,1,2024-11-07 10:59:00,27.2,1.63,28.83,mobile
10699,199,14983,11,2024-11-07 10:59:00,5.23,0.31,5.54,debit
10700,13,14984,11,2024-11-07 14:59:00,3.5,0.21,3.71,credit
10701,108,14985,1,2024-11-07 09:40:00,4.0,0.24,4.24,credit
10702,31,14986,12,2024-11-07 10:37:00,12.57,0.75,13.32,credit
10703,4,14987,11,2024-11-07 15:24:00,10.03,0.6,10.63,credit
10704,176,14988,13,2024-11-07 15:28:00,28.24,1.69,29.93,mobile
10705,162,14989,7,2024-11-07 14:36:00,10.69,0.64,11.33,credit
10706,69,14990,3,2024-11-07 11:48:00,7.5,0.45,7.95,credit
10707,153,14991,2,2024-11-07 16:26:00,7.0,0.42,7.42,debit
10708,186,14992,2,2024-11-07 09:25:00,4.97,0.3,5.27,mobile
10709,238,14993,7,2024-11-07 12:25:00,6.34,0.38,6.72,mobile
10710,6,14994,7,2024-11-07 13:22:00,3.0,0.18,3.18,mobile
10711,110,14995,5,2024-11-07 11:44:00,10.07,0.6,10.67,mobile
10712,1,14996,2,2024-11-07 14:44:00,4.0,0.24,4.24,credit
10713,215,14997,4,2024-11-07 09:42:00,16.47,0.99,17.46,mobile
10714,61,15003,12,2024-11-08 14:53:00,5.51,0.33,5.84,mobile
10715,56,15005,3,2024-11-08 13:59:00,4.21,0.25,4.46,mobile
10716,245,15006,11,2024-11-08 13:37:00,6.65,0.4,7.05,mobile
10717,246,15007,10,2024-11-08 13:59:00,12.36,0.74,13.1,credit
10718,25,15008,12,2024-11-08 14:20:00,23.94,1.44,25.38,credit
10719,166,15009,6,2024-11-08 14:59:00,4.76,0.29,5.05,mobile
10720,1,15010,1,2024-11-08 10:59:00,3.5,0.21,3.71,mobile
10721,179,15011,5,2024-11-08 16:20:00,11.61,0.7,12.31,credit
10722,213,15014,2,2024-11-08 16:59:00,3.68,0.22,3.9,mobile
10723,23,15015,6,2024-11-08 13:41:00,12.4,0.74,13.14,debit
10724,38,15016,7,2024-11-08 15:40:00,21.87,1.31,23.18,mobile
10725,93,15018,5,2024-11-08 11:13:00,18.07,1.08,19.15,mobile
10726,189,15019,6,2024-11-08 11:14:00,6.07,0.36,6.43,credit
10727,6,15020,6,2024-11-08 13:59:00,6.5,0.39,6.89,credit
10728,33,15021,4,2024-11-08 10:59:00,3.68,0.22,3.9,mobile
10729,72,15022,4,2024-11-09 11:21:00,16.5,0.99,17.49,credit
10730,61,15023,2,2024-11-09 12:59:00,4.5,0.27,4.77,credit
10731,82,15024,11,2024-11-09 10:54:00,6.5,0.39,6.89,mobile
10732,33,15025,12,2024-11-09 11:43:00,5.51,0.33,5.84,credit
10733,93,15026,7,2024-11-09 09:11:00,13.24,0.79,14.03,credit
10734,25,15027,7,2024-11-09 14:47:00,4.5,0.27,4.77,credit
10735,2,15028,12,2024-11-09 12:26:00,12.27,0.74,13.01,mobile
10736,165,15030,1,2024-11-09 13:41:00,4.0,0.24,4.24,credit
10737,36,15031,6,2024-11-09 11:59:00,18.59,1.12,19.71,credit
10738,204,15033,14,2024-11-10 10:48:00,4.2,0.25,4.45,credit
10739,237,15034,12,2024-11-10 15:44:00,7.0,0.42,7.42,mobile
10740,67,15035,12,2024-11-10 15:58:00,23.44,1.41,24.85,credit
10741,73,15037,2,2024-11-10 16:59:00,4.2,0.25,4.45,credit
10742,107,15038,1,2024-11-10 10:52:00,12.73,0.76,13.49,credit
10743,67,15039,2,2024-11-10 12:59:00,23.07,1.38,24.45,credit
10744,69,15040,11,2024-11-10 14:29:00,9.0,0.54,9.54,credit
10745,75,15041,12,2024-11-10 09:28:00,8.19,0.49,8.68,credit
10746,246,15042,1,2024-11-10 11:59:00,10.36,0.62,10.98,mobile
10747,205,15044,2,2024-11-10 13:28:00,23.07,1.38,24.45,credit
10748,82,15045,2,2024-11-10 10:55:00,4.0,0.24,4.24,credit
10749,114,15046,13,2024-11-10 11:19:00,16.8,1.01,17.81,mobile
10750,135,15048,2,2024-11-10 14:43:00,25.38,1.52,26.9,credit
10751,122,15049,1,2024-11-10 16:13:00,17.19,1.03,18.22,mobile
10752,233,15051,14,2024-11-10 09:23:00,15.0,0.9,15.9,mobile
10753,98,15053,6,2024-11-10 14:35:00,15.52,0.93,16.45,credit
10754,155,15054,11,2024-11-10 10:29:00,27.55,1.65,29.2,credit
10755,218,15055,1,2024-11-10 15:27:00,4.97,0.3,5.27,credit
10756,182,15056,10,2024-11-10 11:39:00,7.34,0.44,7.78,debit
10757,73,15058,12,2024-11-10 11:32:00,6.62,0.4,7.02,mobile
10758,158,15059,6,2024-11-10 10:29:00,5.03,0.3,5.33,mobile
10759,224,15061,4,2024-11-10 10:57:00,32.14,1.93,34.07,credit
10760,232,15062,14,2024-11-10 09:14:00,32.45,1.95,34.4,credit
10761,165,15064,13,2024-11-11 15:57:00,24.69,1.48,26.17,credit
10762,22,15066,1,2024-11-11 09:41:00,6.5,0.39,6.89,debit
10763,208,15067,5,2024-11-11 16:59:00,11.05,0.66,11.71,credit
10764,99,15068,5,2024-11-11 16:38:00,12.3,0.74,13.04,credit
10765,81,15069,4,2024-11-11 15:45:00,4.97,0.3,5.27,credit
10766,155,15070,11,2024-11-11 11:25:00,11.42,0.69,12.11,debit
10767,249,15071,11,2024-11-11 09:43:00,22.0,1.32,23.32,debit
10768,25,15072,2,2024-11-11 11:59:00,4.97,0.3,5.27,mobile
10769,203,15074,13,2024-11-11 12:40:00,26.97,1.62,28.59,credit
10770,137,15079,12,2024-11-11 16:58:00,4.5,0.27,4.77,mobile
10771,1,15080,6,2024-11-11 09:55:00,23.82,1.43,25.25,credit
10772,122,15082,2,2024-11-12 16:59:00,8.4,0.5,8.9,credit
10773,20,15083,2,2024-11-12 13:22:00,7.0,0.42,7.42,mobile
10774,155,15084,3,2024-11-12 15:30:00,4.95,0.3,5.25,mobile
10775,234,15086,6,2024-11-12 14:54:00,18.96,1.14,20.1,credit
10776,107,15087,5,2024-11-12 16:59:00,6.96,0.42,7.38,mobile
10777,237,15088,3,2024-11-12 12:59:00,6.07,0.36,6.43,mobile
10778,186,15089,13,2024-11-12 10:51:00,8.4,0.5,8.9,debit
10779,69,15091,1,2024-11-12 14:12:00,4.5,0.27,4.77,mobile
10780,108,15093,4,2024-11-12 13:22:00,4.2,0.25,4.45,credit
10781,143,15094,2,2024-11-12 16:59:00,4.0,0.24,4.24,credit
10782,110,15095,13,2024-11-12 10:46:00,28.28,1.7,29.98,credit
10783,36,15097,10,2024-11-12 09:57:00,5.99,0.36,6.35,credit
10784,224,15098,11,2024-11-12 14:59:00,21.0,1.26,22.26,credit
10785,242,15100,14,2024-11-12 14:27:00,10.5,0.63,11.13,mobile
10786,90,15101,12,2024-11-13 10:32:00,11.82,0.71,12.53,mobile
10787,118,15102,11,2024-11-13 13:50:00,5.04,0.3,5.34,mobile
10788,25,15103,12,2024-11-13 11:46:00,19.77,1.19,20.96,credit
10789,242,15104,6,2024-11-13 10:44:00,9.57,0.57,10.14,debit
10790,1,15105,13,2024-11-13 16:45:00,4.5,0.27,4.77,credit
10791,73,15108,1,2024-11-13 15:44:00,7.0,0.42,7.42,mobile
10792,111,15110,13,2024-11-13 12:59:00,4.0,0.24,4.24,credit
10793,57,15111,2,2024-11-13 14:46:00,12.57,0.75,13.32,credit
10794,91,15112,5,2024-11-13 09:48:00,44.53,2.67,47.2,mobile
10795,136,15114,1,2024-11-13 09:39:00,4.0,0.24,4.24,credit
10796,148,15115,14,2024-11-13 12:29:00,4.5,0.27,4.77,mobile
10797,33,15116,11,2024-11-13 09:14:00,3.0,0.18,3.18,mobile
10798,165,15117,14,2024-11-13 13:33:00,11.58,0.69,12.27,mobile
10799,103,15122,10,2024-11-13 16:55:00,11.94,0.72,12.66,credit
10800,143,15123,12,2024-11-13 10:59:00,9.0,0.54,9.54,credit
10801,229,15125,5,2024-11-14 12:42:00,20.59,1.24,21.83,credit
10802,120,15126,7,2024-11-14 14:45:00,9.59,0.58,10.17,debit
10803,10,15127,7,2024-11-14 12:42:00,4.85,0.29,5.14,mobile
10804,169,15130,10,2024-11-14 09:35:00,20.79,1.25,22.04,mobile
10805,73,15131,13,2024-11-14 15:53:00,11.04,0.66,11.7,credit
10806,219,15132,14,2024-11-14 09:53:00,7.0,0.42,7.42,mobile
10807,182,15133,10,2024-11-14 14:43:00,13.96,0.84,14.8,mobile
10808,106,15134,13,2024-11-14 09:34:00,19.62,1.18,20.8,credit
10809,38,15135,2,2024-11-14 13:59:00,21.29,1.28,22.57,debit
10810,4,15136,14,2024-11-14 15:27:00,7.68,0.46,8.14,credit
10811,21,15137,13,2024-11-15 16:59:00,9.04,0.54,9.58,debit
10812,240,15138,6,2024-11-15 12:21:00,9.97,0.6,10.57,mobile
10813,119,15140,7,2024-11-15 15:59:00,3.68,0.22,3.9,debit
10814,120,15141,4,2024-11-15 14:41:00,5.59,0.34,5.93,credit
10815,140,15142,13,2024-11-15 10:22:00,28.02,1.68,29.7,debit
10816,36,15143,6,2024-11-15 13:59:00,27.6,1.66,29.26,mobile
10817,191,15144,4,2024-11-15 14:56:00,7.56,0.45,8.01,mobile
10818,99,15145,5,2024-11-15 15:18:00,8.1,0.49,8.59,mobile
10819,110,15146,6,2024-11-15 13:42:00,13.24,0.79,14.03,mobile
10820,4,15147,11,2024-11-15 15:55:00,27.04,1.62,28.66,mobile
10821,147,15148,14,2024-11-15 10:58:00,6.62,0.4,7.02,credit
10822,2,15150,4,2024-11-15 14:44:00,7.32,0.44,7.76,credit
10823,189,15153,6,2024-11-15 16:44:00,13.24,0.79,14.03,credit
10824,160,15154,5,2024-11-15 11:59:00,3.5,0.21,3.71,credit
10825,82,15155,2,2024-11-15 16:22:00,3.0,0.18,3.18,mobile
10826,184,15156,2,2024-11-15 09:38:00,23.16,1.39,24.55,mobile
10827,61,15158,7,2024-11-15 15:29:00,13.12,0.79,13.91,credit
10828,35,15159,2,2024-11-15 15:59:00,3.5,0.21,3.71,credit
10829,211,15160,4,2024-11-16 16:59:00,9.97,0.6,10.57,mobile
10830,61,15161,6,2024-11-16 16:59:00,10.57,0.63,11.2,credit
10831,143,15162,3,2024-11-16 12:59:00,7.0,0.42,7.42,credit
10832,73,15163,14,2024-11-16 10:44:00,4.97,0.3,5.27,credit
10833,100,15165,3,2024-11-16 12:38:00,8.3,0.5,8.8,mobile
10834,101,15166,2,2024-11-17 16:25:00,6.62,0.4,7.02,credit
10835,225,15167,7,2024-11-17 15:26:00,4.5,0.27,4.77,mobile
10836,74,15168,2,2024-11-17 16:35:00,12.14,0.73,12.87,credit
10837,94,15169,12,2024-11-17 09:25:00,6.62,0.4,7.02,mobile
10838,106,15170,7,2024-11-17 15:20:00,6.5,0.39,6.89,credit
10839,77,15171,1,2024-11-17 13:59:00,11.02,0.66,11.68,credit
10840,155,15173,13,2024-11-17 09:15:00,18.25,1.09,19.34,mobile
10841,195,15174,6,2024-11-17 13:44:00,6.63,0.4,7.03,mobile
10842,162,15176,6,2024-11-17 11:59:00,18.19,1.09,19.28,credit
10843,53,15177,11,2024-11-17 10:37:00,14.83,0.89,15.72,mobile
10844,76,15178,14,2024-11-17 10:34:00,7.0,0.42,7.42,debit
10845,91,15179,7,2024-11-17 09:50:00,8.0,0.48,8.48,credit
10846,48,15181,10,2024-11-17 11:30:00,27.12,1.63,28.75,credit
10847,168,15182,6,2024-11-17 09:58:00,5.34,0.32,5.66,credit
10848,182,15183,10,2024-11-17 15:22:00,20.9,1.25,22.15,credit
10849,210,15184,14,2024-11-17 09:17:00,4.0,0.24,4.24,credit
10850,103,15185,1,2024-11-17 12:59:00,34.92,2.1,37.02,mobile
10851,4,15188,11,2024-11-17 09:43:00,13.2,0.79,13.99,credit
10852,100,15189,10,2024-11-17 09:31:00,7.37,0.44,7.81,credit
10853,171,15190,13,2024-11-17 13:27:00,9.94,0.6,10.54,credit
10854,223,15191,6,2024-11-18 11:26:00,36.17,2.17,38.34,mobile
10855,172,15192,12,2024-11-18 11:56:00,4.0,0.24,4.24,credit
10856,2,15193,13,2024-11-18 14:59:00,11.22,0.67,11.89,mobile
10857,215,15194,6,2024-11-18 12:49:00,3.68,0.22,3.9,credit
10858,236,15195,6,2024-11-18 16:59:00,6.5,0.39,6.89,credit
10859,172,15197,10,2024-11-18 13:44:00,31.62,1.9,33.52,credit
10860,138,15198,2,2024-11-18 15:26:00,4.0,0.24,4.24,mobile
10861,207,15199,13,2024-11-18 11:58:00,4.0,0.24,4.24,credit
10862,180,15200,1,2024-11-18 13:36:00,6.5,0.39,6.89,credit
10863,186,15201,3,2024-11-18 14:37:00,6.62,0.4,7.02,credit
10864,21,15202,1,2024-11-18 11:55:00,6.04,0.36,6.4,mobile
10865,91,15204,1,2024-11-18 11:51:00,4.2,0.25,4.45,credit
10866,100,15205,10,2024-11-18 12:32:00,29.02,1.74,30.76,credit
10867,219,15206,6,2024-11-18 14:27:00,3.68,0.22,3.9,mobile
10868,100,15207,13,2024-11-18 09:45:00,32.34,1.94,34.28,credit
10869,149,15208,7,2024-11-18 15:59:00,7.09,0.43,7.52,mobile
10870,194,15210,6,2024-11-18 13:29:00,6.07,0.36,6.43,credit
10871,122,15211,11,2024-11-18 09:11:00,19.19,1.15,20.34,credit
10872,61,15212,2,2024-11-18 13:25:00,3.0,0.18,3.18,credit
10873,240,15213,6,2024-11-18 13:43:00,3.5,0.21,3.71,credit
10874,82,15214,4,2024-11-18 14:43:00,19.31,1.16,20.47,debit
10875,10,15215,1,2024-11-18 13:13:00,21.42,1.29,22.71,credit
10876,73,15216,13,2024-11-18 13:28:00,7.0,0.42,7.42,credit
10877,47,15218,13,2024-11-18 09:34:00,4.2,0.25,4.45,credit
10878,9,15219,5,2024-11-19 16:28:00,15.78,0.95,16.73,credit
10879,205,15221,11,2024-11-19 09:16:00,19.11,1.15,20.26,debit
10880,23,15222,13,2024-11-19 14:40:00,5.51,0.33,5.84,credit
10881,56,15223,1,2024-11-19 15:59:00,9.61,0.58,10.19,mobile
10882,215,15225,4,2024-11-19 14:59:00,6.07,0.36,6.43,credit
10883,95,15226,14,2024-11-19 16:48:00,23.74,1.42,25.16,credit
10884,119,15227,7,2024-11-19 16:15:00,9.71,0.58,10.29,credit
10885,33,15230,1,2024-11-19 12:40:00,4.0,0.24,4.24,credit
10886,174,15231,5,2024-11-19 12:15:00,8.21,0.49,8.7,debit
10887,34,15232,5,2024-11-19 15:41:00,21.25,1.27,22.52,credit
10888,47,15233,6,2024-11-19 15:12:00,3.5,0.21,3.71,credit
10889,8,15238,10,2024-11-19 10:59:00,4.47,0.27,4.74,credit
10890,5,15239,5,2024-11-19 11:13:00,31.41,1.88,33.29,credit
10891,119,15240,11,2024-11-19 16:59:00,7.0,0.42,7.42,mobile
10892,55,15241,14,2024-11-19 11:43:00,19.4,1.16,20.56,credit
10893,79,15243,12,2024-11-19 10:11:00,4.0,0.24,4.24,credit
10894,217,15244,1,2024-11-20 13:59:00,7.65,0.46,8.11,credit
10895,34,15245,1,2024-11-20 12:11:00,4.31,0.26,4.57,debit
10896,145,15246,11,2024-11-20 16:18:00,9.94,0.6,10.54,credit
10897,112,15247,1,2024-11-20 14:15:00,11.13,0.67,11.8,credit
10898,203,15248,3,2024-11-20 10:29:00,8.0,0.48,8.48,credit
10899,43,15249,13,2024-11-20 16:35:00,7.5,0.45,7.95,credit
10900,214,15250,3,2024-11-20 15:11:00,4.97,0.3,5.27,credit
10901,155,15251,13,2024-11-20 12:27:00,9.45,0.57,10.02,credit
10902,89,15252,13,2024-11-20 13:51:00,12.69,0.76,13.45,credit
10903,193,15254,10,2024-11-20 09:42:00,23.13,1.39,24.52,credit
10904,73,15255,11,2024-11-20 13:56:00,3.5,0.21,3.71,credit
10905,198,15256,5,2024-11-20 16:59:00,5.51,0.33,5.84,mobile
10906,74,15257,4,2024-11-20 10:40:00,6.07,0.36,6.43,mobile
10907,189,15258,11,2024-11-20 12:59:00,6.07,0.36,6.43,debit
10908,236,15259,12,2024-11-20 12:32:00,53.59,3.22,56.81,credit
10909,161,15260,10,2024-11-20 14:59:00,7.62,0.46,8.08,credit
10910,237,15261,10,2024-11-20 11:59:00,4.0,0.24,4.24,credit
10911,155,15262,5,2024-11-20 16:55:00,7.52,0.45,7.97,credit
10912,96,15263,4,2024-11-20 14:29:00,8.15,0.49,8.64,debit
10913,6,15264,11,2024-11-20 13:15:00,13.98,0.84,14.82,mobile
10914,119,15265,5,2024-11-20 12:59:00,4.0,0.24,4.24,debit
10915,27,15266,6,2024-11-21 14:22:00,48.26,2.9,51.16,debit
10916,238,15269,7,2024-11-21 11:49:00,6.34,0.38,6.72,credit
10917,228,15272,6,2024-11-21 14:11:00,13.4,0.8,14.2,credit
10918,238,15273,10,2024-11-21 09:59:00,37.57,2.25,39.82,mobile
10919,159,15275,13,2024-11-21 16:57:00,34.02,2.04,36.06,mobile
10920,62,15276,7,2024-11-21 14:59:00,7.75,0.46,8.21,credit
10921,114,15277,10,2024-11-21 10:58:00,25.64,1.54,27.18,mobile
10922,237,15280,4,2024-11-21 10:12:00,17.11,1.03,18.14,mobile
10923,49,15281,12,2024-11-21 15:59:00,9.75,0.58,10.33,credit
10924,95,15282,12,2024-11-21 16:59:00,12.27,0.74,13.01,debit
10925,13,15284,10,2024-11-22 14:26:00,3.68,0.22,3.9,mobile
10926,223,15285,7,2024-11-22 14:36:00,10.5,0.63,11.13,credit
10927,119,15286,10,2024-11-22 13:40:00,13.24,0.79,14.03,credit
10928,189,15287,5,2024-11-22 16:23:00,9.97,0.6,10.57,debit
10929,130,15288,12,2024-11-22 09:52:00,7.0,0.42,7.42,mobile
10930,69,15289,4,2024-11-22 10:20:00,6.5,0.39,6.89,credit
10931,119,15290,11,2024-11-22 13:59:00,4.97,0.3,5.27,mobile
10932,112,15291,6,2024-11-22 09:41:00,21.61,1.3,22.91,credit
10933,68,15293,1,2024-11-22 12:49:00,9.97,0.6,10.57,credit
10934,197,15294,11,2024-11-22 12:28:00,6.62,0.4,7.02,debit
10935,91,15296,5,2024-11-22 15:59:00,9.94,0.6,10.54,mobile
10936,2,15297,12,2024-11-22 15:56:00,18.25,1.09,19.34,mobile
10937,4,15298,14,2024-11-22 12:59:00,15.68,0.94,16.62,mobile
10938,205,15300,12,2024-11-22 12:59:00,15.21,0.91,16.12,mobile
10939,189,15301,6,2024-11-22 15:31:00,32.46,1.95,34.41,credit
10940,69,15304,7,2024-11-23 09:59:00,3.5,0.21,3.71,debit
10941,135,15305,12,2024-11-23 15:28:00,17.74,1.06,18.8,debit
10942,237,15307,14,2024-11-23 16:41:00,18.12,1.09,19.21,mobile
10943,92,15309,4,2024-11-23 11:29:00,10.5,0.63,11.13,mobile
10944,172,15310,7,2024-11-23 15:44:00,25.0,1.5,26.5,credit
10945,97,15313,2,2024-11-23 09:42:00,45.81,2.75,48.56,credit
10946,38,15315,4,2024-11-23 16:40:00,5.37,0.32,5.69,credit
10947,232,15316,4,2024-11-23 14:27:00,16.48,0.99,17.47,debit
10948,3,15317,2,2024-11-23 16:20:00,7.0,0.42,7.42,mobile
10949,103,15319,14,2024-11-23 14:26:00,7.51,0.45,7.96,mobile
10950,25,15320,4,2024-11-23 15:51:00,4.0,0.24,4.24,credit
10951,48,15322,3,2024-11-23 15:58:00,6.07,0.36,6.43,mobile
10952,214,15323,1,2024-11-23 16:59:00,6.07,0.36,6.43,credit
10953,13,15324,4,2024-11-23 11:22:00,16.07,0.96,17.03,credit
10954,141,15325,13,2024-11-23 13:51:00,9.57,0.57,10.14,credit
10955,23,15327,7,2024-11-23 16:59:00,6.07,0.36,6.43,mobile
10956,186,15328,7,2024-11-23 12:15:00,23.39,1.4,24.79,mobile
10957,44,15329,1,2024-11-23 14:54:00,14.27,0.86,15.13,credit
10958,101,15331,7,2024-11-24 11:59:00,5.51,0.33,5.84,mobile
10959,219,15332,1,2024-11-24 16:33:00,4.0,0.24,4.24,mobile
10960,68,15333,4,2024-11-24 15:27:00,19.9,1.19,21.09,mobile
10961,81,15334,14,2024-11-24 12:48:00,4.5,0.27,4.77,credit
10962,172,15335,3,2024-11-24 09:59:00,20.5,1.23,21.73,mobile
10963,22,15336,13,2024-11-24 13:59:00,6.62,0.4,7.02,credit
10964,2,15338,2,2024-11-24 16:16:00,5.25,0.32,5.57,mobile
10965,8,15339,2,2024-11-24 14:59:00,8.97,0.54,9.51,credit
10966,100,15343,14,2024-11-24 11:58:00,8.48,0.51,8.99,debit
10967,103,15344,14,2024-11-24 16:59:00,30.91,1.85,32.76,mobile
10968,100,15345,11,2024-11-24 13:40:00,5.3,0.32,5.62,mobile
10969,109,15347,4,2024-11-24 09:51:00,4.5,0.27,4.77,debit
10970,205,15348,2,2024-11-24 13:43:00,16.57,0.99,17.56,credit
10971,203,15349,4,2024-11-24 09:58:00,4.97,0.3,5.27,credit
10972,173,15351,3,2024-11-24 16:25:00,8.3,0.5,8.8,credit
10973,165,15354,14,2024-11-24 13:13:00,10.27,0.62,10.89,debit
10974,6,15355,4,2024-11-24 09:35:00,13.24,0.79,14.03,credit
10975,114,15356,12,2024-11-24 13:40:00,4.5,0.27,4.77,mobile
10976,56,15357,6,2024-11-24 09:18:00,5.21,0.31,5.52,credit
10977,235,15359,11,2024-11-24 10:12:00,7.0,0.42,7.42,credit
10978,96,15363,14,2024-11-24 12:38:00,15.77,0.95,16.72,credit
10979,47,15364,14,2024-11-24 11:55:00,5.51,0.33,5.84,credit
10980,8,15365,1,2024-11-24 10:25:00,7.97,0.48,8.45,debit
10981,215,15367,2,2024-11-24 15:59:00,29.03,1.74,30.77,mobile
10982,103,15368,11,2024-11-24 12:59:00,27.68,1.66,29.34,credit
10983,13,15369,2,2024-11-25 13:29:00,13.24,0.79,14.03,mobile
10984,9,15372,7,2024-11-25 10:59:00,13.95,0.84,14.79,credit
10985,159,15374,14,2024-11-25 15:59:00,8.01,0.48,8.49,debit
10986,4,15376,6,2024-11-25 13:18:00,8.06,0.48,8.54,debit
10987,125,15377,6,2024-11-25 11:59:00,7.89,0.47,8.36,credit
10988,128,15378,3,2024-11-25 13:18:00,5.48,0.33,5.81,mobile
10989,159,15379,14,2024-11-25 15:59:00,7.02,0.42,7.44,mobile
10990,38,15381,12,2024-11-25 11:59:00,6.07,0.36,6.43,debit
10991,238,15382,7,2024-11-25 09:59:00,8.41,0.5,8.91,credit
10992,240,15385,11,2024-11-25 11:49:00,10.07,0.6,10.67,credit
10993,155,15387,6,2024-11-25 09:34:00,7.52,0.45,7.97,mobile
10994,233,15389,1,2024-11-25 09:42:00,9.97,0.6,10.57,mobile
10995,240,15390,3,2024-11-26 10:30:00,15.0,0.9,15.9,mobile
10996,44,15391,12,2024-11-26 13:42:00,3.5,0.21,3.71,credit
10997,27,15392,14,2024-11-26 11:48:00,5.71,0.34,6.05,mobile
10998,47,15393,14,2024-11-26 12:49:00,6.5,0.39,6.89,credit
10999,192,15395,3,2024-11-26 14:36:00,6.62,0.4,7.02,credit
11000,215,15396,2,2024-11-26 13:55:00,3.68,0.22,3.9,credit
11001,128,15398,6,2024-11-26 16:45:00,4.48,0.27,4.75,mobile
11002,155,15399,3,2024-11-26 12:32:00,4.45,0.27,4.72,mobile
11003,6,15400,7,2024-11-26 14:58:00,4.97,0.3,5.27,credit
11004,50,15401,6,2024-11-26 13:22:00,10.5,0.63,11.13,mobile
11005,134,15402,3,2024-11-26 10:24:00,4.0,0.24,4.24,credit
11006,194,15403,6,2024-11-26 13:59:00,6.07,0.36,6.43,debit
11007,234,15406,7,2024-11-26 09:10:00,6.27,0.38,6.65,credit
11008,48,15407,1,2024-11-26 11:28:00,13.24,0.79,14.03,mobile
11009,161,15410,12,2024-11-26 15:35:00,7.62,0.46,8.08,credit
11010,194,15412,6,2024-11-27 12:28:00,4.2,0.25,4.45,credit
11011,144,15413,10,2024-11-27 11:50:00,10.56,0.63,11.19,credit
11012,155,15415,5,2024-11-27 15:29:00,9.45,0.57,10.02,credit
11013,11,15416,13,2024-11-27 14:59:00,6.5,0.39,6.89,debit
11014,181,15420,6,2024-11-27 10:59:00,7.0,0.42,7.42,credit
11015,143,15421,1,2024-11-27 13:25:00,15.0,0.9,15.9,mobile
11016,172,15422,2,2024-11-27 11:15:00,12.69,0.76,13.45,debit
11017,185,15423,12,2024-11-27 12:58:00,6.07,0.36,6.43,mobile
11018,110,15424,1,2024-11-27 11:59:00,4.97,0.3,5.27,debit
11019,219,15426,2,2024-11-27 14:38:00,9.75,0.58,10.33,credit
11020,71,15427,12,2024-11-27 14:59:00,13.3,0.8,14.1,credit
11021,48,15428,2,2024-11-27 11:52:00,4.5,0.27,4.77,debit
11022,121,15429,11,2024-11-27 11:16:00,6.5,0.39,6.89,debit
11023,1,15430,13,2024-11-27 13:58:00,7.0,0.42,7.42,mobile
11024,136,15431,11,2024-11-27 15:12:00,4.2,0.25,4.45,credit
11025,1,15434,11,2024-11-27 13:50:00,7.0,0.42,7.42,debit
11026,34,15435,2,2024-11-27 13:59:00,21.28,1.28,22.56,credit
11027,165,15436,7,2024-11-27 09:39:00,12.14,0.73,12.87,debit
11028,48,15437,2,2024-11-27 14:59:00,4.97,0.3,5.27,credit
11029,158,15438,6,2024-11-28 10:52:00,5.53,0.33,5.86,mobile
11030,134,15439,6,2024-11-28 13:43:00,11.12,0.67,11.79,credit
11031,69,15442,14,2024-11-28 15:22:00,6.0,0.36,6.36,debit
11032,56,15443,11,2024-11-28 12:27:00,4.71,0.28,4.99,mobile
11033,140,15445,5,2024-11-28 16:59:00,4.0,0.24,4.24,mobile
11034,2,15446,3,2024-11-28 10:45:00,7.32,0.44,7.76,credit
11035,122,15447,4,2024-11-28 11:45:00,3.0,0.18,3.18,credit
11036,73,15448,11,2024-11-28 10:51:00,4.97,0.3,5.27,credit
11037,91,15449,13,2024-11-28 14:26:00,8.0,0.48,8.48,credit
11038,141,15450,11,2024-11-28 16:34:00,14.5,0.87,15.37,mobile
11039,174,15451,1,2024-11-28 14:44:00,7.24,0.43,7.67,mobile
11040,2,15452,11,2024-11-28 14:40:00,6.76,0.41,7.17,mobile
11041,238,15453,10,2024-11-28 10:18:00,5.34,0.32,5.66,mobile
11042,77,15456,2,2024-11-28 12:59:00,13.24,0.79,14.03,mobile
11043,43,15457,3,2024-11-28 09:44:00,13.77,0.83,14.6,credit
11044,6,15458,12,2024-11-28 12:59:00,11.58,0.69,12.27,debit
11045,218,15459,6,2024-11-28 12:19:00,25.38,1.52,26.9,credit
11046,107,15461,3,2024-11-28 14:27:00,7.43,0.45,7.88,credit
11047,69,15462,1,2024-11-29 10:28:00,5.51,0.33,5.84,credit
11048,26,15463,2,2024-11-29 14:59:00,57.27,3.44,60.71,debit
11049,1,15464,5,2024-11-29 15:35:00,4.0,0.24,4.24,credit
11050,232,15465,2,2024-11-29 14:26:00,7.48,0.45,7.93,debit
11051,72,15467,2,2024-11-29 15:29:00,23.9,1.43,25.33,mobile
11052,231,15468,13,2024-11-29 16:59:00,29.06,1.74,30.8,credit
11053,21,15469,6,2024-11-29 16:40:00,7.55,0.45,8.0,debit
11054,219,15470,1,2024-11-29 10:59:00,6.07,0.36,6.43,credit
11055,39,15471,4,2024-11-29 13:25:00,4.5,0.27,4.77,mobile
11056,25,15472,12,2024-11-29 16:13:00,3.68,0.22,3.9,credit
11057,179,15474,4,2024-11-29 14:43:00,32.69,1.96,34.65,debit
11058,165,15475,11,2024-11-29 10:33:00,20.0,1.2,21.2,credit
11059,38,15478,4,2024-11-29 14:59:00,8.87,0.53,9.4,credit
11060,232,15479,3,2024-11-29 12:59:00,7.48,0.45,7.93,credit
11061,147,15482,11,2024-11-30 10:41:00,6.62,0.4,7.02,debit
11062,90,15483,12,2024-11-30 10:48:00,26.08,1.56,27.64,debit
11063,193,15484,4,2024-11-30 16:46:00,30.6,1.84,32.44,mobile
11064,74,15485,4,2024-11-30 10:27:00,8.4,0.5,8.9,credit
11065,64,15486,6,2024-11-30 13:28:00,7.77,0.47,8.24,debit
11066,97,15487,14,2024-11-30 13:58:00,16.14,0.97,17.11,credit
11067,73,15489,1,2024-11-30 10:57:00,6.62,0.4,7.02,credit
11068,195,15490,6,2024-11-30 09:36:00,9.57,0.57,10.14,credit
11069,96,15495,2,2024-11-30 14:30:00,19.91,1.19,21.1,mobile
11070,155,15496,1,2024-11-30 16:34:00,5.45,0.33,5.78,mobile
11071,39,15497,2,2024-11-30 09:25:00,4.2,0.25,4.45,mobile
11072,249,15499,1,2024-11-30 13:50:00,6.07,0.36,6.43,debit
11073,228,15501,13,2024-11-30 14:14:00,6.4,0.38,6.78,credit
11074,48,15502,7,2024-11-30 15:21:00,4.97,0.3,5.27,mobile
11075,181,15503,1,2024-11-30 10:19:00,16.14,0.97,17.11,mobile
11076,158,15504,3,2024-11-30 12:59:00,44.64,2.68,47.32,credit
11077,233,15505,11,2024-11-30 11:40:00,6.07,0.36,6.43,mobile
11078,8,15508,10,2024-11-30 14:25:00,7.97,0.48,8.45,mobile
11079,114,15512,4,2024-11-30 11:30:00,19.02,1.14,20.16,credit
11080,135,15513,2,2024-11-30 14:29:00,4.97,0.3,5.27,mobile
11081,215,15514,6,2024-11-30 13:59:00,3.5,0.21,3.71,credit
11082,155,15515,1,2024-11-30 12:59:00,8.45,0.51,8.96,debit
11083,179,15516,2,2024-11-30 14:39:00,5.31,0.32,5.63,mobile
11084,165,15517,6,2024-11-30 16:17:00,10.62,0.64,11.26,credit
11085,139,15518,5,2024-12-01 12:44:00,6.5,0.39,6.89,credit
11086,112,15519,3,2024-12-01 14:25:00,21.23,1.27,22.5,mobile
11087,169,15520,11,2024-12-01 11:38:00,4.1,0.25,4.35,debit
11088,155,15521,3,2024-12-01 09:46:00,24.76,1.49,26.25,credit
11089,43,15523,2,2024-12-01 13:45:00,27.44,1.65,29.09,mobile
11090,59,15524,7,2024-12-01 16:43:00,10.0,0.6,10.6,debit
11091,90,15525,6,2024-12-01 15:57:00,48.67,2.92,51.59,credit
11092,1,15526,6,2024-12-01 16:34:00,10.5,0.63,11.13,debit
11093,56,15527,10,2024-12-01 12:20:00,23.75,1.43,25.18,credit
11094,216,15529,11,2024-12-01 12:25:00,12.69,0.76,13.45,credit
11095,13,15530,1,2024-12-01 14:59:00,3.5,0.21,3.71,debit
11096,181,15531,13,2024-12-01 15:11:00,8.4,0.5,8.9,mobile
11097,92,15532,4,2024-12-01 15:45:00,10.5,0.63,11.13,mobile
11098,169,15533,3,2024-12-01 16:21:00,11.6,0.7,12.3,debit
11099,221,15535,14,2024-12-01 14:36:00,3.5,0.21,3.71,credit
11100,242,15536,12,2024-12-01 09:44:00,4.97,0.3,5.27,mobile
11101,122,15538,12,2024-12-01 10:56:00,6.62,0.4,7.02,debit
11102,230,15540,3,2024-12-01 11:57:00,6.62,0.4,7.02,credit
11103,92,15541,3,2024-12-01 16:27:00,4.0,0.24,4.24,debit
11104,98,15542,13,2024-12-01 11:59:00,16.8,1.01,17.81,mobile
11105,155,15544,2,2024-12-01 16:53:00,14.45,0.87,15.32,credit
11106,198,15545,6,2024-12-01 15:59:00,19.74,1.18,20.92,debit
11107,1,15546,2,2024-12-01 10:37:00,10.5,0.63,11.13,credit
11108,56,15547,10,2024-12-01 16:59:00,10.38,0.62,11.0,credit
11109,95,15549,10,2024-12-01 16:59:00,12.94,0.78,13.72,credit
11110,5,15550,13,2024-12-01 09:24:00,6.5,0.39,6.89,mobile
11111,97,15552,1,2024-12-02 13:47:00,24.24,1.45,25.69,debit
11112,100,15553,5,2024-12-02 16:47:00,23.81,1.43,25.24,mobile
11113,228,15554,6,2024-12-02 15:30:00,6.4,0.38,6.78,mobile
11114,96,15555,14,2024-12-02 09:20:00,8.51,0.51,9.02,mobile
11115,98,15558,7,2024-12-02 10:59:00,3.0,0.18,3.18,mobile
11116,155,15559,10,2024-12-02 10:29:00,11.42,0.69,12.11,debit
11117,224,15560,3,2024-12-02 10:59:00,4.0,0.24,4.24,credit
11118,205,15561,11,2024-12-02 11:40:00,21.58,1.29,22.87,debit
11119,96,15563,14,2024-12-02 13:47:00,4.65,0.28,4.93,debit
11120,168,15565,12,2024-12-02 13:49:00,5.66,0.34,6.0,credit
11121,11,15566,4,2024-12-02 13:36:00,4.97,0.3,5.27,credit
11122,166,15567,10,2024-12-02 13:41:00,8.76,0.53,9.29,credit
11123,126,15568,14,2024-12-02 09:51:00,6.07,0.36,6.43,mobile
11124,96,15569,5,2024-12-02 09:11:00,6.66,0.4,7.06,credit
11125,142,15570,10,2024-12-02 14:59:00,4.42,0.27,4.69,credit
11126,23,15571,2,2024-12-02 16:59:00,24.44,1.47,25.91,mobile
11127,143,15572,7,2024-12-02 11:59:00,30.11,1.81,31.92,credit
11128,242,15573,7,2024-12-02 12:20:00,6.07,0.36,6.43,debit
11129,220,15574,14,2024-12-03 10:52:00,9.97,0.6,10.57,credit
11130,155,15577,10,2024-12-03 15:59:00,5.95,0.36,6.31,debit
11131,120,15578,3,2024-12-03 15:59:00,7.66,0.46,8.12,mobile
11132,91,15579,3,2024-12-03 12:26:00,6.07,0.36,6.43,mobile
11133,100,15580,6,2024-12-03 14:11:00,6.81,0.41,7.22,mobile
11134,186,15582,6,2024-12-03 14:27:00,20.68,1.24,21.92,mobile
11135,2,15583,2,2024-12-03 10:57:00,12.84,0.77,13.61,mobile
11136,140,15584,14,2024-12-03 13:50:00,4.97,0.3,5.27,credit
11137,119,15585,11,2024-12-03 12:41:00,3.0,0.18,3.18,credit
11138,24,15587,10,2024-12-03 14:59:00,6.62,0.4,7.02,credit
11139,193,15588,10,2024-12-04 16:59:00,6.5,0.39,6.89,mobile
11140,181,15590,13,2024-12-04 13:22:00,6.07,0.36,6.43,mobile
11141,120,15593,4,2024-12-04 13:59:00,9.59,0.58,10.17,debit
11142,103,15595,2,2024-12-04 11:29:00,5.64,0.34,5.98,credit
11143,2,15596,12,2024-12-04 10:19:00,4.75,0.28,5.03,debit
11144,237,15598,14,2024-12-04 11:59:00,17.62,1.06,18.68,credit
11145,101,15599,5,2024-12-04 15:59:00,8.4,0.5,8.9,credit
11146,159,15601,1,2024-12-04 13:33:00,7.02,0.42,7.44,debit
11147,207,15602,4,2024-12-04 16:40:00,3.0,0.18,3.18,mobile
11148,234,15603,13,2024-12-04 12:58:00,6.27,0.38,6.65,credit
11149,211,15604,13,2024-12-04 10:50:00,15.02,0.9,15.92,credit
11150,48,15605,13,2024-12-04 12:29:00,14.47,0.87,15.34,credit
11151,21,15606,14,2024-12-04 14:30:00,6.04,0.36,6.4,credit
11152,242,15607,2,2024-12-05 09:28:00,7.0,0.42,7.42,credit
11153,76,15608,7,2024-12-05 13:32:00,19.07,1.14,20.21,credit
11154,242,15609,10,2024-12-05 11:59:00,28.07,1.68,29.75,mobile
11155,65,15610,12,2024-12-05 13:54:00,15.0,0.9,15.9,mobile
11156,44,15611,2,2024-12-05 11:50:00,19.0,1.14,20.14,debit
11157,238,15612,4,2024-12-05 12:50:00,12.61,0.76,13.37,credit
11158,202,15613,14,2024-12-05 10:40:00,6.62,0.4,7.02,mobile
11159,56,15614,2,2024-12-05 09:41:00,22.21,1.33,23.54,mobile
11160,73,15615,4,2024-12-05 13:45:00,32.09,1.93,34.02,credit
11161,155,15617,5,2024-12-05 12:59:00,5.95,0.36,6.31,mobile
11162,119,15618,7,2024-12-05 16:10:00,4.97,0.3,5.27,debit
11163,23,15619,6,2024-12-05 14:28:00,15.32,0.92,16.24,mobile
11164,224,15620,12,2024-12-05 12:19:00,33.88,2.03,35.91,credit
11165,207,15621,12,2024-12-05 15:32:00,6.62,0.4,7.02,debit
11166,36,15622,2,2024-12-05 12:28:00,30.45,1.83,32.28,credit
11167,203,15624,6,2024-12-05 10:59:00,13.24,0.79,14.03,credit
11168,143,15625,2,2024-12-05 10:59:00,13.24,0.79,14.03,mobile
11169,110,15627,11,2024-12-05 11:40:00,3.68,0.22,3.9,mobile
11170,240,15628,5,2024-12-05 14:39:00,9.51,0.57,10.08,mobile
11171,247,15629,1,2024-12-05 11:59:00,3.0,0.18,3.18,credit
11172,73,15630,13,2024-12-05 12:54:00,31.34,1.88,33.22,credit
11173,226,15631,12,2024-12-05 09:58:00,12.69,0.76,13.45,mobile
11174,48,15632,11,2024-12-05 09:59:00,22.11,1.33,23.44,mobile
11175,103,15635,13,2024-12-06 15:44:00,5.64,0.34,5.98,mobile
11176,195,15636,10,2024-12-06 10:16:00,10.95,0.66,11.61,credit
11177,159,15637,4,2024-12-06 14:59:00,6.01,0.36,6.37,mobile
11178,237,15638,12,2024-12-06 10:59:00,10.5,0.63,11.13,mobile
11179,215,15639,5,2024-12-06 14:52:00,8.4,0.5,8.9,mobile
11180,138,15640,2,2024-12-06 12:30:00,6.5,0.39,6.89,credit
11181,155,15641,13,2024-12-06 09:50:00,13.59,0.82,14.41,credit
11182,162,15643,14,2024-12-06 12:14:00,7.66,0.46,8.12,credit
11183,237,15644,14,2024-12-06 09:44:00,6.62,0.4,7.02,mobile
11184,71,15645,1,2024-12-06 09:28:00,27.62,1.66,29.28,credit
11185,92,15646,4,2024-12-06 09:12:00,14.0,0.84,14.84,mobile
11186,27,15647,5,2024-12-06 14:31:00,5.21,0.31,5.52,credit
11187,35,15649,4,2024-12-07 09:21:00,4.97,0.3,5.27,credit
11188,238,15650,11,2024-12-07 15:56:00,15.96,0.96,16.92,credit
11189,43,15651,7,2024-12-07 16:59:00,16.74,1.0,17.74,debit
11190,195,15652,2,2024-12-07 11:44:00,6.45,0.39,6.84,credit
11191,120,15653,1,2024-12-07 14:12:00,5.09,0.31,5.4,credit
11192,71,15654,13,2024-12-07 15:29:00,12.4,0.74,13.14,credit
11193,229,15655,7,2024-12-07 09:29:00,8.09,0.49,8.58,credit
11194,6,15656,10,2024-12-07 16:57:00,24.57,1.47,26.04,debit
11195,68,15658,2,2024-12-07 15:53:00,4.97,0.3,5.27,credit
11196,136,15659,10,2024-12-07 12:34:00,28.5,1.71,30.21,mobile
11197,233,15661,10,2024-12-07 10:34:00,17.17,1.03,18.2,credit
11198,143,15662,7,2024-12-07 15:20:00,6.62,0.4,7.02,mobile
11199,1,15665,5,2024-12-07 10:40:00,15.76,0.95,16.71,credit
11200,211,15666,7,2024-12-07 10:26:00,13.97,0.84,14.81,mobile
11201,162,15667,5,2024-12-07 11:59:00,7.66,0.46,8.12,credit
11202,134,15668,12,2024-12-07 14:29:00,4.0,0.24,4.24,credit
11203,3,15670,6,2024-12-07 09:14:00,6.07,0.36,6.43,credit
11204,46,15671,10,2024-12-07 11:40:00,18.5,1.11,19.61,credit
11205,141,15672,5,2024-12-07 15:44:00,11.0,0.66,11.66,mobile
11206,3,15673,13,2024-12-08 10:59:00,3.5,0.21,3.71,mobile
11207,77,15675,1,2024-12-08 11:56:00,3.0,0.18,3.18,credit
11208,155,15676,11,2024-12-08 11:31:00,7.52,0.45,7.97,credit
11209,65,15678,7,2024-12-08 16:27:00,6.07,0.36,6.43,mobile
11210,179,15679,12,2024-12-08 14:34:00,5.61,0.34,5.95,credit
11211,166,15681,5,2024-12-08 13:47:00,25.92,1.56,27.48,credit
11212,134,15682,2,2024-12-08 12:53:00,11.97,0.72,12.69,credit
11213,205,15683,4,2024-12-08 15:59:00,8.58,0.51,9.09,credit
11214,140,15684,3,2024-12-08 15:20:00,6.5,0.39,6.89,mobile
11215,135,15685,11,2024-12-08 11:59:00,9.71,0.58,10.29,mobile
11216,92,15686,7,2024-12-08 13:58:00,24.04,1.44,25.48,credit
11217,25,15688,7,2024-12-08 16:59:00,3.5,0.21,3.71,debit
11218,179,15689,12,2024-12-08 12:59:00,7.61,0.46,8.07,credit
11219,104,15692,4,2024-12-08 14:25:00,4.08,0.24,4.32,mobile
11220,74,15693,2,2024-12-08 16:18:00,28.55,1.71,30.26,credit
11221,1,15694,12,2024-12-08 16:39:00,6.62,0.4,7.02,credit
11222,93,15695,4,2024-12-08 13:59:00,35.11,2.11,37.22,mobile
11223,8,15698,14,2024-12-08 14:26:00,4.97,0.3,5.27,mobile
11224,153,15699,4,2024-12-08 11:59:00,6.5,0.39,6.89,credit
11225,207,15700,12,2024-12-08 10:35:00,16.5,0.99,17.49,mobile
11226,126,15701,3,2024-12-08 16:31:00,13.24,0.79,14.03,credit
11227,189,15702,7,2024-12-08 11:47:00,26.61,1.6,28.21,mobile
11228,48,15703,7,2024-12-08 10:48:00,4.2,0.25,4.45,mobile
11229,27,15707,13,2024-12-09 16:34:00,4.89,0.29,5.18,mobile
11230,228,15708,1,2024-12-09 12:36:00,8.47,0.51,8.98,mobile
11231,41,15710,5,2024-12-09 12:59:00,4.2,0.25,4.45,mobile
11232,107,15711,14,2024-12-09 16:44:00,25.1,1.51,26.61,credit
11233,178,15712,3,2024-12-09 15:44:00,6.5,0.39,6.89,mobile
11234,74,15714,7,2024-12-09 13:51:00,22.97,1.38,24.35,credit
11235,203,15715,3,2024-12-09 13:16:00,6.07,0.36,6.43,mobile
11236,152,15716,12,2024-12-09 09:54:00,8.97,0.54,9.51,debit
11237,203,15717,4,2024-12-09 16:27:00,6.62,0.4,7.02,credit
11238,2,15718,3,2024-12-09 09:43:00,7.87,0.47,8.34,debit
11239,78,15720,2,2024-12-09 13:57:00,7.86,0.47,8.33,mobile
11240,113,15721,6,2024-12-09 09:59:00,4.0,0.24,4.24,mobile
11241,73,15722,1,2024-12-09 09:57:00,9.0,0.54,9.54,credit
11242,134,15724,3,2024-12-09 12:25:00,7.36,0.44,7.8,credit
11243,107,15725,1,2024-12-10 12:55:00,39.09,2.35,41.44,mobile
11244,130,15726,12,2024-12-10 09:17:00,6.62,0.4,7.02,credit
11245,27,15727,11,2024-12-10 10:59:00,13.34,0.8,14.14,credit
11246,200,15728,4,2024-12-10 12:41:00,6.62,0.4,7.02,mobile
11247,163,15729,5,2024-12-10 16:43:00,4.5,0.27,4.77,mobile
11248,71,15730,13,2024-12-10 14:59:00,41.5,2.49,43.99,mobile
11249,21,15735,6,2024-12-10 15:42:00,22.04,1.32,23.36,credit
11250,106,15736,12,2024-12-10 11:59:00,6.62,0.4,7.02,credit
11251,237,15737,4,2024-12-10 13:31:00,4.2,0.25,4.45,debit
11252,106,15738,1,2024-12-10 10:52:00,6.62,0.4,7.02,credit
11253,75,15739,2,2024-12-10 10:33:00,14.81,0.89,15.7,mobile
11254,3,15741,3,2024-12-10 11:48:00,4.5,0.27,4.77,debit
11255,34,15742,14,2024-12-10 13:59:00,9.78,0.59,10.37,debit
11256,27,15745,13,2024-12-10 12:49:00,6.18,0.37,6.55,debit
11257,237,15746,5,2024-12-10 12:52:00,23.09,1.39,24.48,credit
11258,36,15747,4,2024-12-10 11:59:00,5.79,0.35,6.14,credit
11259,2,15748,11,2024-12-10 10:54:00,22.0,1.32,23.32,credit
11260,179,15750,1,2024-12-10 11:59:00,7.18,0.43,7.61,mobile
11261,48,15751,6,2024-12-10 11:58:00,4.0,0.24,4.24,credit
11262,161,15752,6,2024-12-11 12:33:00,15.26,0.92,16.18,credit
11263,109,15753,5,2024-12-11 11:59:00,3.68,0.22,3.9,mobile
11264,104,15754,4,2024-12-11 12:59:00,7.15,0.43,7.58,mobile
11265,111,15755,13,2024-12-11 13:59:00,4.97,0.3,5.27,mobile
11266,4,15756,3,2024-12-11 15:42:00,7.68,0.46,8.14,credit
11267,190,15757,4,2024-12-11 13:58:00,5.51,0.33,5.84,debit
11268,189,15758,12,2024-12-11 11:49:00,4.97,0.3,5.27,credit
11269,1,15760,12,2024-12-11 15:26:00,3.5,0.21,3.71,mobile
11270,160,15762,7,2024-12-11 10:26:00,8.7,0.52,9.22,mobile
11271,246,15763,5,2024-12-11 13:51:00,9.98,0.6,10.58,mobile
11272,182,15764,14,2024-12-11 12:27:00,25.55,1.53,27.08,credit
11273,61,15765,1,2024-12-11 10:16:00,4.0,0.24,4.24,debit
11274,210,15767,11,2024-12-11 14:59:00,4.5,0.27,4.77,mobile
11275,215,15769,7,2024-12-11 09:59:00,4.0,0.24,4.24,debit
11276,176,15770,7,2024-12-11 13:52:00,5.51,0.33,5.84,credit
11277,56,15771,12,2024-12-11 14:33:00,7.28,0.44,7.72,mobile
11278,11,15776,13,2024-12-12 11:29:00,19.74,1.18,20.92,credit
11279,155,15777,10,2024-12-12 12:37:00,5.45,0.33,5.78,mobile
11280,179,15778,13,2024-12-12 09:47:00,18.21,1.09,19.3,mobile
11281,199,15779,6,2024-12-12 13:30:00,36.64,2.2,38.84,credit
11282,215,15780,4,2024-12-12 16:59:00,9.97,0.6,10.57,credit
11283,103,15781,6,2024-12-12 10:27:00,21.14,1.27,22.41,debit
11284,152,15782,14,2024-12-12 12:59:00,18.47,1.11,19.58,credit
11285,27,15783,7,2024-12-12 12:38:00,14.45,0.87,15.32,mobile
11286,69,15784,12,2024-12-12 14:40:00,20.0,1.2,21.2,mobile
11287,234,15785,5,2024-12-12 14:59:00,7.37,0.44,7.81,credit
11288,90,15786,11,2024-12-12 16:30:00,8.35,0.5,8.85,debit
11289,3,15788,2,2024-12-12 13:11:00,28.36,1.7,30.06,credit
11290,163,15789,13,2024-12-13 10:50:00,6.5,0.39,6.89,credit
11291,98,15790,6,2024-12-13 12:59:00,4.0,0.24,4.24,mobile
11292,114,15793,5,2024-12-13 11:59:00,36.91,2.21,39.12,credit
11293,165,15794,7,2024-12-13 11:58:00,31.53,1.89,33.42,mobile
11294,177,15795,10,2024-12-13 13:59:00,13.24,0.79,14.03,debit
11295,177,15796,10,2024-12-13 09:44:00,8.4,0.5,8.9,credit
11296,61,15798,6,2024-12-13 10:35:00,4.5,0.27,4.77,mobile
11297,64,15799,2,2024-12-13 10:59:00,28.77,1.73,30.5,debit
11298,61,15800,5,2024-12-13 11:59:00,18.5,1.11,19.61,mobile
11299,130,15801,13,2024-12-13 16:59:00,3.0,0.18,3.18,credit
11300,61,15803,14,2024-12-13 15:59:00,8.0,0.48,8.48,credit
11301,224,15804,6,2024-12-13 10:49:00,6.07,0.36,6.43,debit
11302,75,15805,11,2024-12-13 16:36:00,12.05,0.72,12.77,debit
11303,5,15806,10,2024-12-13 13:54:00,14.14,0.85,14.99,mobile
11304,240,15807,13,2024-12-14 10:59:00,5.51,0.33,5.84,debit
11305,75,15809,7,2024-12-14 12:46:00,14.26,0.86,15.12,credit
11306,73,15811,7,2024-12-14 16:26:00,4.0,0.24,4.24,debit
11307,123,15813,5,2024-12-14 11:30:00,6.5,0.39,6.89,mobile
11308,146,15814,12,2024-12-14 12:59:00,10.5,0.63,11.13,credit
11309,4,15815,10,2024-12-14 12:59:00,7.13,0.43,7.56,credit
11310,245,15816,2,2024-12-14 13:22:00,6.97,0.42,7.39,credit
11311,4,15817,13,2024-12-14 14:22:00,13.2,0.79,13.99,credit
11312,186,15818,3,2024-12-14 16:58:00,29.09,1.75,30.84,mobile
11313,31,15819,12,2024-12-14 11:59:00,39.44,2.37,41.81,mobile
11314,160,15820,14,2024-12-14 13:59:00,25.52,1.53,27.05,mobile
11315,164,15821,5,2024-12-14 14:12:00,12.69,0.76,13.45,credit
11316,219,15823,13,2024-12-14 16:43:00,16.04,0.96,17.0,debit
11317,165,15824,14,2024-12-14 15:23:00,12.14,0.73,12.87,mobile
11318,69,15825,11,2024-12-14 09:59:00,6.5,0.39,6.89,credit
11319,23,15829,14,2024-12-14 11:24:00,5.51,0.33,5.84,credit
11320,223,15832,5,2024-12-14 09:27:00,4.0,0.24,4.24,credit
11321,2,15834,3,2024-12-14 09:31:00,16.19,0.97,17.16,credit
11322,210,15836,7,2024-12-14 12:32:00,7.0,0.42,7.42,credit
11323,138,15838,3,2024-12-14 14:54:00,3.68,0.22,3.9,credit
11324,217,15840,14,2024-12-14 14:59:00,9.43,0.57,10.0,credit
11325,219,15841,7,2024-12-14 12:47:00,10.5,0.63,11.13,credit
11326,144,15842,12,2024-12-14 12:49:00,7.1,0.43,7.53,credit
11327,26,15843,11,2024-12-14 10:11:00,12.78,0.77,13.55,credit
11328,23,15845,5,2024-12-14 12:35:00,14.27,0.86,15.13,debit
11329,11,15847,1,2024-12-14 16:48:00,27.31,1.64,28.95,credit
11330,126,15849,6,2024-12-14 13:59:00,3.5,0.21,3.71,credit
11331,25,15851,12,2024-12-14 10:18:00,9.01,0.54,9.55,credit
11332,174,15852,14,2024-12-15 15:59:00,8.21,0.49,8.7,mobile
11333,197,15853,2,2024-12-15 11:59:00,6.62,0.4,7.02,debit
11334,1,15854,11,2024-12-15 09:17:00,6.07,0.36,6.43,credit
11335,242,15855,14,2024-12-15 09:38:00,5.51,0.33,5.84,credit
11336,141,15857,14,2024-12-15 10:59:00,9.94,0.6,10.54,credit
11337,245,15858,3,2024-12-15 12:21:00,17.04,1.02,18.06,mobile
11338,182,15859,1,2024-12-15 15:56:00,6.66,0.4,7.06,credit
11339,131,15860,11,2024-12-15 16:40:00,6.62,0.4,7.02,credit
11340,1,15861,14,2024-12-15 12:59:00,50.17,3.01,53.18,credit
11341,93,15863,7,2024-12-15 13:39:00,6.07,0.36,6.43,credit
11342,130,15864,1,2024-12-15 16:25:00,19.4,1.16,20.56,credit
11343,205,15866,3,2024-12-15 11:53:00,13.14,0.79,13.93,credit
11344,56,15867,5,2024-12-15 15:52:00,5.71,0.34,6.05,mobile
11345,158,15868,4,2024-12-15 10:48:00,14.0,0.84,14.84,mobile
11346,217,15869,2,2024-12-15 13:59:00,5.03,0.3,5.33,credit
11347,73,15870,13,2024-12-15 10:48:00,13.24,0.79,14.03,credit
11348,121,15871,11,2024-12-15 16:59:00,6.62,0.4,7.02,mobile
11349,111,15875,11,2024-12-15 16:20:00,10.5,0.63,11.13,credit
11350,98,15876,4,2024-12-15 10:37:00,21.0,1.26,22.26,mobile
11351,235,15877,7,2024-12-15 16:56:00,5.51,0.33,5.84,credit
11352,205,15879,13,2024-12-15 12:41:00,8.58,0.51,9.09,debit
11353,153,15881,10,2024-12-15 12:16:00,6.07,0.36,6.43,mobile
11354,69,15882,4,2024-12-15 12:59:00,10.27,0.62,10.89,credit
11355,49,15883,14,2024-12-15 15:55:00,15.02,0.9,15.92,debit
11356,8,15885,10,2024-12-15 14:22:00,5.94,0.36,6.3,credit
11357,183,15886,5,2024-12-15 15:58:00,6.62,0.4,7.02,debit
11358,95,15888,5,2024-12-16 15:45:00,29.59,1.78,31.37,credit
11359,49,15889,3,2024-12-16 13:45:00,35.88,2.15,38.03,credit
11360,81,15890,11,2024-12-16 12:40:00,3.0,0.18,3.18,credit
11361,240,15891,5,2024-12-16 11:25:00,10.07,0.6,10.67,credit
11362,6,15892,10,2024-12-16 13:59:00,5.51,0.33,5.84,credit
11363,3,15893,11,2024-12-16 14:30:00,8.0,0.48,8.48,credit
11364,228,15894,6,2024-12-16 11:48:00,6.9,0.41,7.31,credit
11365,242,15895,1,2024-12-16 11:56:00,18.58,1.11,19.69,credit
11366,39,15896,3,2024-12-16 10:17:00,6.07,0.36,6.43,credit
11367,224,15898,5,2024-12-17 15:56:00,8.0,0.48,8.48,debit
11368,68,15899,3,2024-12-17 14:27:00,4.5,0.27,4.77,credit
11369,171,15903,6,2024-12-17 13:21:00,5.51,0.33,5.84,credit
11370,116,15904,2,2024-12-17 09:50:00,15.2,0.91,16.11,credit
11371,238,15905,10,2024-12-17 10:29:00,7.31,0.44,7.75,credit
11372,120,15907,5,2024-12-17 09:59:00,14.59,0.88,15.47,mobile
11373,158,15908,1,2024-12-17 12:59:00,7.65,0.46,8.11,debit
11374,82,15910,3,2024-12-17 10:38:00,4.5,0.27,4.77,credit
11375,207,15913,1,2024-12-17 10:55:00,20.0,1.2,21.2,mobile
11376,179,15914,10,2024-12-17 15:59:00,11.61,0.7,12.31,mobile
11377,92,15915,12,2024-12-17 11:58:00,23.55,1.41,24.96,mobile
11378,89,15916,5,2024-12-17 11:45:00,6.62,0.4,7.02,mobile
11379,186,15918,12,2024-12-18 11:59:00,7.0,0.42,7.42,mobile
11380,231,15919,5,2024-12-18 10:50:00,6.62,0.4,7.02,credit
11381,26,15920,10,2024-12-18 11:43:00,22.85,1.37,24.22,debit
11382,194,15921,6,2024-12-18 11:25:00,6.62,0.4,7.02,credit
11383,30,15922,12,2024-12-18 10:59:00,6.57,0.39,6.96,credit
11384,149,15923,7,2024-12-18 15:59:00,11.09,0.67,11.76,debit
11385,237,15924,13,2024-12-18 12:49:00,4.0,0.24,4.24,credit
11386,200,15925,4,2024-12-18 13:59:00,5.51,0.33,5.84,credit
11387,130,15927,1,2024-12-18 14:25:00,4.0,0.24,4.24,credit
11388,114,15930,14,2024-12-19 13:45:00,6.07,0.36,6.43,credit
11389,93,15931,6,2024-12-19 14:57:00,9.97,0.6,10.57,credit
11390,135,15932,7,2024-12-19 10:15:00,4.2,0.25,4.45,credit
11391,84,15933,3,2024-12-19 11:55:00,4.5,0.27,4.77,credit
11392,1,15934,2,2024-12-19 16:47:00,9.97,0.6,10.57,mobile
11393,238,15935,6,2024-12-19 12:36:00,14.48,0.87,15.35,mobile
11394,65,15937,6,2024-12-19 11:46:00,9.75,0.58,10.33,mobile
11395,8,15939,14,2024-12-19 12:44:00,10.94,0.66,11.6,mobile
11396,232,15940,13,2024-12-19 11:43:00,4.98,0.3,5.28,mobile
11397,162,15941,13,2024-12-19 15:40:00,8.76,0.53,9.29,credit
11398,240,15942,13,2024-12-19 12:44:00,7.5,0.45,7.95,debit
11399,56,15943,14,2024-12-19 13:55:00,18.21,1.09,19.3,credit
11400,215,15944,11,2024-12-19 11:29:00,6.62,0.4,7.02,credit
11401,151,15947,5,2024-12-19 09:17:00,13.5,0.81,14.31,debit
11402,56,15948,10,2024-12-19 11:21:00,7.28,0.44,7.72,credit
11403,104,15950,14,2024-12-19 15:44:00,7.15,0.43,7.58,credit
11404,127,15951,7,2024-12-19 09:55:00,5.51,0.33,5.84,mobile
11405,69,15952,12,2024-12-19 16:26:00,4.0,0.24,4.24,credit
11406,172,15953,5,2024-12-19 13:21:00,19.13,1.15,20.28,mobile
11407,137,15954,13,2024-12-19 12:53:00,5.51,0.33,5.84,credit
11408,219,15955,5,2024-12-19 15:21:00,12.01,0.72,12.73,mobile
11409,235,15956,13,2024-12-19 14:59:00,3.0,0.18,3.18,mobile
11410,112,15957,13,2024-12-19 15:10:00,10.16,0.61,10.77,mobile
11411,36,15958,5,2024-12-19 15:18:00,9.15,0.55,9.7,credit
11412,219,15959,1,2024-12-19 13:33:00,3.5,0.21,3.71,credit
11413,6,15961,2,2024-12-19 16:59:00,26.68,1.6,28.28,mobile
11414,27,15964,13,2024-12-20 16:21:00,13.9,0.83,14.73,credit
11415,3,15965,4,2024-12-20 09:11:00,36.86,2.21,39.07,debit
11416,196,15966,13,2024-12-20 14:16:00,4.97,0.3,5.27,credit
11417,162,15968,1,2024-12-20 13:30:00,13.19,0.79,13.98,mobile
11418,8,15969,10,2024-12-20 16:25:00,25.81,1.55,27.36,debit
11419,155,15970,11,2024-12-20 16:30:00,28.16,1.69,29.85,mobile
11420,134,15974,7,2024-12-20 12:59:00,4.0,0.24,4.24,debit
11421,3,15976,11,2024-12-20 16:42:00,12.14,0.73,12.87,mobile
11422,143,15977,11,2024-12-20 10:15:00,12.14,0.73,12.87,credit
11423,155,15978,5,2024-12-20 12:49:00,13.52,0.81,14.33,credit
11424,7,15979,4,2024-12-20 12:43:00,7.88,0.47,8.35,credit
11425,38,15980,5,2024-12-20 14:27:00,7.94,0.48,8.42,debit
11426,15,15981,13,2024-12-20 16:39:00,13.2,0.79,13.99,credit
11427,2,15982,6,2024-12-20 11:12:00,7.87,0.47,8.34,credit
11428,246,15984,12,2024-12-20 11:43:00,10.36,0.62,10.98,mobile
11429,246,15986,4,2024-12-20 09:59:00,7.56,0.45,8.01,mobile
11430,121,15987,10,2024-12-21 09:19:00,30.48,1.83,32.31,credit
11431,2,15990,4,2024-12-21 13:20:00,9.25,0.55,9.8,credit
11432,140,15992,1,2024-12-21 16:56:00,5.51,0.33,5.84,mobile
11433,4,15995,5,2024-12-21 12:55:00,7.13,0.43,7.56,mobile
11434,180,15997,3,2024-12-21 09:59:00,4.97,0.3,5.27,mobile
11435,31,15999,14,2024-12-21 10:59:00,6.5,0.39,6.89,credit
11436,148,16001,6,2024-12-21 13:39:00,27.61,1.66,29.27,credit
11437,5,16002,4,2024-12-21 09:31:00,12.69,0.76,13.45,mobile
11438,131,16003,13,2024-12-21 09:49:00,4.2,0.25,4.45,debit
11439,232,16004,4,2024-12-21 16:59:00,24.16,1.45,25.61,credit
11440,237,16007,10,2024-12-21 13:29:00,4.0,0.24,4.24,mobile
11441,213,16008,6,2024-12-21 10:41:00,4.0,0.24,4.24,credit
11442,240,16014,2,2024-12-21 09:28:00,6.5,0.39,6.89,credit
11443,105,16015,11,2024-12-21 11:59:00,6.07,0.36,6.43,debit
11444,100,16016,4,2024-12-21 15:45:00,5.3,0.32,5.62,debit
11445,13,16017,12,2024-12-21 12:57:00,31.13,1.87,33.0,mobile
11446,69,16019,14,2024-12-21 10:44:00,4.5,0.27,4.77,credit
11447,1,16020,11,2024-12-21 15:19:00,5.51,0.33,5.84,credit
11448,119,16021,12,2024-12-21 11:44:00,3.5,0.21,3.71,credit
11449,219,16022,13,2024-12-22 12:32:00,6.5,0.39,6.89,debit
11450,242,16023,6,2024-12-22 09:20:00,4.5,0.27,4.77,debit
11451,8,16024,2,2024-12-22 14:39:00,7.04,0.42,7.46,credit
11452,5,16025,1,2024-12-22 11:50:00,19.0,1.14,20.14,credit
11453,205,16026,11,2024-12-22 10:51:00,7.07,0.42,7.49,credit
11454,74,16027,7,2024-12-22 10:22:00,6.62,0.4,7.02,credit
11455,114,16029,11,2024-12-22 11:29:00,7.0,0.42,7.42,mobile
11456,242,16030,12,2024-12-22 15:53:00,11.58,0.69,12.27,mobile
11457,126,16031,11,2024-12-22 12:55:00,21.0,1.26,22.26,credit
11458,213,16032,6,2024-12-22 15:42:00,6.07,0.36,6.43,credit
11459,134,16035,10,2024-12-22 16:22:00,10.62,0.64,11.26,credit
11460,216,16036,7,2024-12-22 11:12:00,35.33,2.12,37.45,mobile
11461,236,16037,1,2024-12-22 12:24:00,6.62,0.4,7.02,credit
11462,228,16039,12,2024-12-22 09:21:00,10.9,0.65,11.55,debit
11463,74,16040,3,2024-12-22 10:59:00,5.51,0.33,5.84,mobile
11464,128,16041,6,2024-12-22 10:29:00,5.48,0.33,5.81,credit
11465,91,16042,1,2024-12-22 16:44:00,6.07,0.36,6.43,credit
11466,189,16044,5,2024-12-22 15:54:00,13.24,0.79,14.03,mobile
11467,43,16046,4,2024-12-22 14:34:00,31.91,1.91,33.82,mobile
11468,215,16047,4,2024-12-22 10:30:00,14.01,0.84,14.85,mobile
11469,48,16048,7,2024-12-22 14:33:00,6.5,0.39,6.89,credit
11470,217,16050,7,2024-12-22 13:59:00,24.47,1.47,25.94,mobile
11471,240,16051,4,2024-12-22 10:10:00,6.62,0.4,7.02,credit
11472,215,16052,6,2024-12-22 12:59:00,4.0,0.24,4.24,credit
11473,67,16053,11,2024-12-22 13:59:00,4.0,0.24,4.24,debit
11474,240,16055,12,2024-12-22 16:25:00,13.94,0.84,14.78,credit
11475,5,16056,6,2024-12-22 10:59:00,10.62,0.64,11.26,mobile
11476,4,16057,6,2024-12-22 09:46:00,22.17,1.33,23.5,credit
11477,87,16058,1,2024-12-22 09:25:00,4.0,0.24,4.24,credit
11478,233,16059,2,2024-12-22 16:59:00,12.57,0.75,13.32,debit
11479,189,16060,13,2024-12-22 16:36:00,10.5,0.63,11.13,mobile
11480,209,16062,5,2024-12-22 15:14:00,16.21,0.97,17.18,credit
11481,189,16064,10,2024-12-22 16:41:00,21.64,1.3,22.94,debit
11482,68,16065,12,2024-12-22 15:42:00,4.0,0.24,4.24,credit
11483,236,16066,4,2024-12-22 09:59:00,9.97,0.6,10.57,mobile
11484,4,16067,14,2024-12-23 11:28:00,7.06,0.42,7.48,mobile
11485,56,16068,1,2024-12-23 09:55:00,4.21,0.25,4.46,mobile
11486,100,16069,3,2024-12-23 15:26:00,24.54,1.47,26.01,debit
11487,114,16070,13,2024-12-23 10:59:00,25.63,1.54,27.17,debit
11488,207,16071,6,2024-12-23 14:57:00,4.0,0.24,4.24,mobile
11489,27,16074,12,2024-12-23 11:59:00,27.77,1.67,29.44,debit
11490,228,16076,14,2024-12-23 13:40:00,6.4,0.38,6.78,mobile
11491,165,16077,10,2024-12-23 15:59:00,9.94,0.6,10.54,mobile
11492,169,16078,14,2024-12-23 16:16:00,4.1,0.25,4.35,credit
11493,162,16081,3,2024-12-24 16:29:00,26.97,1.62,28.59,credit
11494,224,16082,13,2024-12-24 09:18:00,8.4,0.5,8.9,debit
11495,25,16083,11,2024-12-24 12:56:00,31.99,1.92,33.91,credit
11496,40,16085,6,2024-12-24 12:59:00,3.84,0.23,4.07,credit
11497,219,16087,14,2024-12-24 15:57:00,10.12,0.61,10.73,mobile
11498,198,16088,1,2024-12-24 13:29:00,6.62,0.4,7.02,credit
11499,160,16089,2,2024-12-24 09:58:00,4.97,0.3,5.27,mobile
11500,131,16090,3,2024-12-24 16:32:00,6.62,0.4,7.02,credit
11501,33,16091,11,2024-12-24 13:38:00,4.97,0.3,5.27,debit
11502,28,16092,4,2024-12-24 11:32:00,27.39,1.64,29.03,credit
11503,69,16093,6,2024-12-24 13:51:00,17.54,1.05,18.59,mobile
11504,219,16094,14,2024-12-24 13:59:00,9.94,0.6,10.54,credit
11505,199,16095,11,2024-12-24 09:47:00,7.85,0.47,8.32,mobile
11506,237,16097,14,2024-12-24 14:17:00,32.06,1.92,33.98,credit
11507,5,16098,7,2024-12-24 09:59:00,8.0,0.48,8.48,credit
11508,103,16099,13,2024-12-24 13:59:00,7.51,0.45,7.96,credit
11509,96,16100,3,2024-12-24 10:26:00,13.29,0.8,14.09,mobile
11510,183,16101,6,2024-12-24 13:27:00,7.0,0.42,7.42,credit
11511,238,16102,11,2024-12-24 11:42:00,7.85,0.47,8.32,credit
11512,73,16104,2,2024-12-24 16:34:00,4.0,0.24,4.24,credit
11513,148,16106,7,2024-12-24 13:30:00,55.63,3.34,58.97,debit
11514,96,16108,10,2024-12-24 16:32:00,7.22,0.43,7.65,debit
11515,155,16109,10,2024-12-24 12:41:00,8.07,0.48,8.55,debit
11516,2,16111,1,2024-12-26 14:18:00,25.69,1.54,27.23,credit
11517,151,16113,7,2024-12-26 14:30:00,8.0,0.48,8.48,credit
11518,165,16114,10,2024-12-26 11:59:00,4.0,0.24,4.24,mobile
11519,9,16118,14,2024-12-26 15:53:00,12.14,0.73,12.87,mobile
11520,207,16119,4,2024-12-26 14:59:00,7.0,0.42,7.42,mobile
11521,11,16120,5,2024-12-26 15:10:00,15.47,0.93,16.4,credit
11522,5,16121,11,2024-12-26 16:29:00,8.0,0.48,8.48,mobile
11523,165,16122,11,2024-12-26 09:34:00,3.5,0.21,3.71,mobile
11524,235,16123,10,2024-12-26 13:42:00,6.62,0.4,7.02,mobile
11525,96,16125,14,2024-12-26 10:59:00,5.35,0.32,5.67,debit
11526,120,16126,6,2024-12-26 13:28:00,22.59,1.36,23.95,credit
11527,189,16127,7,2024-12-26 16:32:00,15.51,0.93,16.44,credit
11528,25,16128,3,2024-12-26 09:28:00,26.69,1.6,28.29,credit
11529,27,16129,12,2024-12-26 15:44:00,4.21,0.25,4.46,credit
11530,111,16130,5,2024-12-26 11:40:00,27.24,1.63,28.87,mobile
11531,161,16131,13,2024-12-26 14:39:00,7.12,0.43,7.55,credit
11532,10,16132,13,2024-12-26 14:53:00,10.92,0.66,11.58,credit
11533,21,16133,4,2024-12-26 10:30:00,26.02,1.56,27.58,mobile
11534,89,16135,14,2024-12-26 12:55:00,6.07,0.36,6.43,credit
11535,217,16136,3,2024-12-26 11:28:00,17.53,1.05,18.58,mobile
11536,87,16137,4,2024-12-26 15:39:00,12.14,0.73,12.87,credit
11537,189,16139,10,2024-12-27 09:59:00,10.5,0.63,11.13,credit
11538,177,16140,12,2024-12-27 09:55:00,8.4,0.5,8.9,mobile
11539,120,16141,10,2024-12-27 11:59:00,20.87,1.25,22.12,mobile
11540,233,16143,3,2024-12-27 13:58:00,6.5,0.39,6.89,credit
11541,170,16145,11,2024-12-27 15:50:00,4.84,0.29,5.13,mobile
11542,122,16146,13,2024-12-27 12:42:00,7.18,0.43,7.61,credit
11543,189,16147,11,2024-12-27 13:30:00,6.07,0.36,6.43,mobile
11544,155,16148,3,2024-12-27 15:35:00,23.35,1.4,24.75,credit
11545,112,16149,14,2024-12-27 10:20:00,6.13,0.37,6.5,credit
11546,139,16150,1,2024-12-27 12:35:00,4.97,0.3,5.27,credit
11547,165,16151,13,2024-12-27 14:26:00,4.0,0.24,4.24,mobile
11548,128,16152,6,2024-12-27 12:51:00,4.98,0.3,5.28,debit
11549,112,16153,11,2024-12-27 14:52:00,4.16,0.25,4.41,debit
11550,55,16154,4,2024-12-27 10:19:00,12.9,0.77,13.67,mobile
11551,173,16155,10,2024-12-27 10:21:00,10.75,0.65,11.4,credit
11552,87,16156,2,2024-12-27 13:16:00,12.14,0.73,12.87,credit
11553,23,16157,3,2024-12-27 16:59:00,6.5,0.39,6.89,credit
11554,159,16158,2,2024-12-27 09:28:00,5.01,0.3,5.31,credit
11555,158,16160,2,2024-12-27 13:13:00,5.53,0.33,5.86,mobile
11556,61,16162,1,2024-12-28 16:59:00,4.0,0.24,4.24,credit
11557,48,16164,4,2024-12-28 11:25:00,16.8,1.01,17.81,credit
11558,31,16165,7,2024-12-28 10:50:00,5.51,0.33,5.84,credit
11559,93,16167,5,2024-12-28 14:11:00,19.31,1.16,20.47,credit
11560,37,16168,2,2024-12-28 16:59:00,4.0,0.24,4.24,credit
11561,41,16170,2,2024-12-28 14:35:00,11.02,0.66,11.68,credit
11562,147,16171,7,2024-12-28 16:59:00,21.0,1.26,22.26,credit
11563,43,16172,1,2024-12-28 14:59:00,23.5,1.41,24.91,mobile
11564,44,16173,14,2024-12-28 14:42:00,34.57,2.07,36.64,credit
11565,242,16174,2,2024-12-28 14:52:00,22.69,1.36,24.05,credit
11566,48,16175,12,2024-12-28 10:59:00,9.97,0.6,10.57,credit
11567,233,16176,14,2024-12-28 16:50:00,8.0,0.48,8.48,credit
11568,38,16180,2,2024-12-28 12:46:00,5.37,0.32,5.69,mobile
11569,216,16181,6,2024-12-28 15:30:00,10.0,0.6,10.6,debit
11570,145,16183,7,2024-12-28 09:26:00,11.94,0.72,12.66,mobile
11571,237,16184,5,2024-12-28 12:58:00,8.4,0.5,8.9,mobile
11572,245,16185,13,2024-12-28 12:28:00,7.17,0.43,7.6,debit
11573,205,16186,13,2024-12-28 12:26:00,9.69,0.58,10.27,mobile
11574,23,16189,7,2024-12-28 10:28:00,16.8,1.01,17.81,mobile
11575,242,16193,7,2024-12-28 12:14:00,13.24,0.79,14.03,credit
11576,169,16195,11,2024-12-28 14:59:00,6.61,0.4,7.01,credit
11577,66,16196,7,2024-12-28 10:23:00,12.69,0.76,13.45,mobile
11578,215,16200,2,2024-12-29 14:52:00,3.68,0.22,3.9,credit
11579,73,16201,7,2024-12-29 15:45:00,6.07,0.36,6.43,credit
11580,73,16202,3,2024-12-29 16:53:00,16.87,1.01,17.88,credit
11581,114,16203,10,2024-12-29 13:55:00,8.0,0.48,8.48,credit
11582,53,16204,10,2024-12-29 14:59:00,8.09,0.49,8.58,credit
11583,38,16205,7,2024-12-29 09:30:00,7.94,0.48,8.42,credit
11584,168,16206,6,2024-12-29 11:41:00,30.2,1.81,32.01,mobile
11585,3,16207,10,2024-12-29 14:25:00,7.0,0.42,7.42,credit
11586,205,16208,12,2024-12-29 10:59:00,7.07,0.42,7.49,mobile
11587,179,16209,10,2024-12-29 16:36:00,7.18,0.43,7.61,credit
11588,136,16210,1,2024-12-29 15:36:00,30.5,1.83,32.33,credit
11589,41,16211,10,2024-12-29 09:43:00,10.62,0.64,11.26,credit
11590,117,16212,10,2024-12-29 09:54:00,6.07,0.36,6.43,debit
11591,111,16214,1,2024-12-29 15:58:00,6.07,0.36,6.43,mobile
11592,26,16215,6,2024-12-29 09:46:00,25.33,1.52,26.85,debit
11593,162,16216,11,2024-12-29 13:30:00,10.69,0.64,11.33,credit
11594,28,16218,4,2024-12-29 15:17:00,12.92,0.78,13.7,credit
11595,27,16220,12,2024-12-29 16:14:00,20.18,1.21,21.39,debit
11596,223,16221,4,2024-12-29 16:59:00,11.04,0.66,11.7,debit
11597,196,16223,7,2024-12-29 15:56:00,4.0,0.24,4.24,credit
11598,8,16225,1,2024-12-29 13:22:00,17.09,1.03,18.12,credit
11599,159,16226,3,2024-12-29 09:44:00,31.79,1.91,33.7,mobile
11600,215,16227,1,2024-12-29 10:34:00,3.0,0.18,3.18,credit
11601,195,16229,4,2024-12-30 13:47:00,23.57,1.41,24.98,mobile
11602,73,16231,2,2024-12-30 11:27:00,3.0,0.18,3.18,debit
11603,237,16232,7,2024-12-30 12:45:00,8.0,0.48,8.48,mobile
11604,165,16233,13,2024-12-30 15:56:00,6.62,0.4,7.02,mobile
11605,104,16234,13,2024-12-30 12:41:00,7.7,0.46,8.16,credit
11606,118,16235,6,2024-12-30 14:33:00,21.54,1.29,22.83,mobile
11607,1,16236,10,2024-12-30 11:41:00,3.5,0.21,3.71,credit
11608,27,16237,3,2024-12-30 12:55:00,17.55,1.05,18.6,credit
11609,217,16238,2,2024-12-30 13:59:00,7.1,0.43,7.53,mobile
11610,73,16239,7,2024-12-30 12:29:00,3.5,0.21,3.71,credit
11611,135,16240,13,2024-12-30 12:58:00,4.0,0.24,4.24,debit
11612,140,16241,14,2024-12-30 15:43:00,6.07,0.36,6.43,credit
11613,33,16244,13,2024-12-30 14:33:00,4.0,0.24,4.24,debit
11614,56,16246,12,2024-12-30 09:45:00,26.21,1.57,27.78,debit
11615,219,16247,11,2024-12-30 15:55:00,4.97,0.3,5.27,credit
11616,228,16248,7,2024-12-30 10:27:00,6.4,0.38,6.78,credit
11617,240,16249,11,2024-12-30 15:27:00,16.8,1.01,17.81,credit
11618,10,16250,7,2024-12-31 14:32:00,11.35,0.68,12.03,mobile
11619,245,16251,10,2024-12-31 12:43:00,9.59,0.58,10.17,credit
11620,232,16252,12,2024-12-31 14:17:00,26.34,1.58,27.92,credit
11621,23,16253,4,2024-12-31 14:30:00,20.17,1.21,21.38,credit
11622,106,16255,10,2024-12-31 12:26:00,5.51,0.33,5.84,debit
11623,108,16256,12,2024-12-31 10:28:00,13.0,0.78,13.78,credit
11624,4,16258,12,2024-12-31 13:50:00,17.63,1.06,18.69,credit
11625,36,16259,3,2024-12-31 11:30:00,8.29,0.5,8.79,debit
11626,38,16260,3,2024-12-31 15:13:00,4.87,0.29,5.16,credit
11627,176,16261,13,2024-12-31 16:16:00,5.51,0.33,5.84,mobile
11628,1,16262,14,2024-12-31 09:16:00,5.51,0.33,5.84,mobile
11629,27,16263,1,2024-12-31 14:59:00,13.68,0.82,14.5,mobile
11630,48,16266,4,2024-12-31 11:19:00,29.87,1.79,31.66,mobile
11631,87,16267,11,2024-12-31 10:40:00,11.02,0.66,11.68,credit
11632,205,16269,7,2024-12-31 11:25:00,9.14,0.55,9.69,debit
11633,56,16270,14,2024-12-31 10:43:00,7.83,0.47,8.3,credit
11634,93,16271,5,2024-12-31 15:37:00,10.5,0.63,11.13,credit
11635,174,16272,4,2025-01-02 12:59:00,8.21,0.49,8.7,credit
11636,89,16273,4,2025-01-02 11:59:00,6.07,0.36,6.43,debit
11637,95,16274,12,2025-01-02 11:44:00,12.94,0.78,13.72,debit
11638,148,16275,7,2025-01-02 15:41:00,25.01,1.5,26.51,debit
11639,210,16277,13,2025-01-02 09:41:00,6.5,0.39,6.89,credit
11640,163,16278,14,2025-01-02 16:48:00,4.2,0.25,4.45,credit
11641,53,16279,3,2025-01-02 11:27:00,7.66,0.46,8.12,mobile
11642,195,16281,12,2025-01-02 10:41:00,7.45,0.45,7.9,mobile
11643,68,16283,10,2025-01-02 15:59:00,10.5,0.63,11.13,credit
11644,219,16284,3,2025-01-02 12:59:00,6.62,0.4,7.02,mobile
11645,33,16285,13,2025-01-02 09:42:00,3.5,0.21,3.71,mobile
11646,215,16286,4,2025-01-02 13:45:00,11.97,0.72,12.69,credit
11647,210,16287,7,2025-01-02 15:59:00,8.4,0.5,8.9,credit
11648,103,16289,10,2025-01-02 11:51:00,9.44,0.57,10.01,mobile
11649,2,16290,14,2025-01-02 10:36:00,30.89,1.85,32.74,credit
11650,151,16291,14,2025-01-03 13:51:00,7.5,0.45,7.95,mobile
11651,5,16292,2,2025-01-03 09:25:00,10.07,0.6,10.67,credit
11652,25,16293,3,2025-01-03 09:41:00,4.5,0.27,4.77,credit
11653,203,16294,7,2025-01-03 13:28:00,3.0,0.18,3.18,credit
11654,179,16295,1,2025-01-03 14:28:00,5.11,0.31,5.42,credit
11655,194,16296,2,2025-01-03 14:57:00,6.07,0.36,6.43,debit
11656,105,16297,13,2025-01-03 10:59:00,12.14,0.73,12.87,credit
11657,231,16298,4,2025-01-03 13:28:00,3.0,0.18,3.18,debit
11658,215,16301,11,2025-01-03 12:33:00,11.5,0.69,12.19,debit
11659,110,16302,10,2025-01-04 15:28:00,32.51,1.95,34.46,credit
11660,224,16304,10,2025-01-04 14:17:00,9.97,0.6,10.57,debit
11661,185,16306,5,2025-01-04 11:15:00,9.97,0.6,10.57,credit
11662,138,16307,2,2025-01-04 13:59:00,4.97,0.3,5.27,credit
11663,196,16308,2,2025-01-04 09:46:00,4.0,0.24,4.24,mobile
11664,208,16309,12,2025-01-04 15:15:00,7.05,0.42,7.47,mobile
11665,64,16312,11,2025-01-04 13:25:00,4.65,0.28,4.93,debit
11666,90,16313,1,2025-01-04 12:12:00,10.25,0.61,10.86,mobile
11667,110,16315,10,2025-01-04 12:36:00,4.0,0.24,4.24,debit
11668,71,16316,6,2025-01-04 10:47:00,3.5,0.21,3.71,credit
11669,73,16317,3,2025-01-04 13:59:00,3.0,0.18,3.18,mobile
11670,1,16318,12,2025-01-04 16:33:00,23.97,1.44,25.41,credit
11671,111,16320,14,2025-01-04 14:19:00,16.57,0.99,17.56,credit
11672,89,16322,3,2025-01-04 11:12:00,4.97,0.3,5.27,credit
11673,205,16323,3,2025-01-05 16:52:00,7.57,0.45,8.02,mobile
11674,100,16325,6,2025-01-05 12:59:00,7.92,0.48,8.4,credit
11675,208,16326,5,2025-01-05 16:59:00,37.36,2.24,39.6,credit
11676,109,16327,4,2025-01-05 09:56:00,6.62,0.4,7.02,mobile
11677,48,16329,7,2025-01-05 11:59:00,13.12,0.79,13.91,credit
11678,168,16330,12,2025-01-05 10:57:00,5.66,0.34,6.0,credit
11679,23,16331,3,2025-01-05 15:59:00,4.97,0.3,5.27,debit
11680,202,16332,3,2025-01-05 12:59:00,6.07,0.36,6.43,debit
11681,35,16333,5,2025-01-05 14:21:00,3.5,0.21,3.71,credit
11682,112,16334,5,2025-01-05 11:56:00,7.66,0.46,8.12,mobile
11683,203,16335,4,2025-01-05 11:20:00,43.65,2.62,46.27,credit
11684,165,16336,1,2025-01-05 16:22:00,4.97,0.3,5.27,credit
11685,1,16337,5,2025-01-05 13:40:00,10.5,0.63,11.13,credit
11686,189,16338,7,2025-01-05 14:59:00,6.5,0.39,6.89,mobile
11687,4,16339,6,2025-01-05 10:59:00,19.27,1.16,20.43,credit
11688,194,16340,6,2025-01-05 15:59:00,6.07,0.36,6.43,credit
11689,95,16341,11,2025-01-05 11:55:00,3.8,0.23,4.03,credit
11690,43,16342,11,2025-01-05 12:59:00,9.57,0.57,10.14,mobile
11691,77,16344,14,2025-01-05 12:50:00,24.24,1.45,25.69,debit
11692,151,16345,1,2025-01-06 12:31:00,6.62,0.4,7.02,mobile
11693,172,16346,5,2025-01-06 11:59:00,16.01,0.96,16.97,debit
11694,61,16347,5,2025-01-06 15:59:00,10.01,0.6,10.61,credit
11695,62,16348,1,2025-01-06 16:39:00,24.84,1.49,26.33,credit
11696,135,16349,13,2025-01-06 10:45:00,11.58,0.69,12.27,credit
11697,242,16350,2,2025-01-06 10:47:00,5.51,0.33,5.84,credit
11698,189,16353,5,2025-01-06 09:59:00,4.0,0.24,4.24,credit
11699,246,16354,3,2025-01-06 12:11:00,19.83,1.19,21.02,mobile
11700,240,16355,4,2025-01-06 11:44:00,27.91,1.67,29.58,credit
11701,217,16357,2,2025-01-06 16:59:00,15.01,0.9,15.91,credit
11702,151,16358,2,2025-01-06 12:40:00,10.5,0.63,11.13,credit
11703,46,16359,12,2025-01-07 15:59:00,10.5,0.63,11.13,debit
11704,141,16360,12,2025-01-07 11:41:00,12.14,0.73,12.87,credit
11705,1,16362,12,2025-01-07 14:45:00,4.0,0.24,4.24,mobile
11706,174,16363,6,2025-01-07 09:44:00,9.31,0.56,9.87,mobile
11707,205,16366,10,2025-01-07 10:53:00,7.57,0.45,8.02,credit
11708,12,16368,5,2025-01-07 15:28:00,17.74,1.06,18.8,mobile
11709,48,16369,13,2025-01-07 10:25:00,6.62,0.4,7.02,credit
11710,104,16370,12,2025-01-07 09:28:00,4.08,0.24,4.32,mobile
11711,182,16371,6,2025-01-07 11:10:00,7.66,0.46,8.12,credit
11712,2,16372,2,2025-01-07 15:25:00,18.79,1.13,19.92,credit
11713,133,16373,6,2025-01-08 14:23:00,8.98,0.54,9.52,mobile
11714,64,16374,13,2025-01-08 14:56:00,34.9,2.09,36.99,credit
11715,237,16375,11,2025-01-08 09:29:00,25.0,1.5,26.5,credit
11716,38,16376,6,2025-01-08 15:36:00,7.94,0.48,8.42,mobile
11717,140,16377,6,2025-01-08 14:50:00,10.5,0.63,11.13,credit
11718,217,16378,11,2025-01-08 14:30:00,7.65,0.46,8.11,credit
11719,74,16379,2,2025-01-08 12:36:00,6.5,0.39,6.89,mobile
11720,44,16380,3,2025-01-08 12:16:00,6.62,0.4,7.02,credit
11721,209,16382,4,2025-01-08 16:59:00,22.19,1.33,23.52,credit
11722,98,16383,11,2025-01-08 16:53:00,3.5,0.21,3.71,mobile
11723,228,16384,2,2025-01-08 14:30:00,15.64,0.94,16.58,credit
11724,26,16385,14,2025-01-08 09:27:00,6.84,0.41,7.25,mobile
11725,144,16387,2,2025-01-08 09:59:00,12.59,0.76,13.35,credit
11726,52,16388,10,2025-01-09 14:32:00,14.0,0.84,14.84,credit
11727,20,16389,10,2025-01-09 09:59:00,13.62,0.82,14.44,debit
11728,173,16391,4,2025-01-09 13:45:00,11.65,0.7,12.35,mobile
11729,237,16392,5,2025-01-09 14:29:00,6.07,0.36,6.43,mobile
11730,137,16393,4,2025-01-09 10:45:00,3.5,0.21,3.71,debit
11731,21,16394,13,2025-01-09 11:56:00,7.01,0.42,7.43,mobile
11732,130,16395,12,2025-01-09 15:16:00,6.07,0.36,6.43,mobile
11733,237,16396,14,2025-01-09 10:36:00,6.07,0.36,6.43,credit
11734,155,16397,11,2025-01-09 15:59:00,6.96,0.42,7.38,credit
11735,69,16399,14,2025-01-09 10:31:00,6.07,0.36,6.43,credit
11736,100,16402,1,2025-01-10 11:51:00,8.3,0.5,8.8,mobile
11737,2,16403,14,2025-01-10 15:49:00,7.87,0.47,8.34,credit
11738,93,16404,1,2025-01-10 09:37:00,14.07,0.84,14.91,mobile
11739,68,16405,2,2025-01-10 16:54:00,16.07,0.96,17.03,mobile
11740,61,16406,12,2025-01-10 09:40:00,6.5,0.39,6.89,credit
11741,165,16407,6,2025-01-10 15:29:00,33.91,2.03,35.94,debit
11742,26,16409,10,2025-01-10 13:59:00,4.77,0.29,5.06,credit
11743,224,16410,5,2025-01-10 11:44:00,5.51,0.33,5.84,mobile
11744,67,16411,3,2025-01-10 12:59:00,4.2,0.25,4.45,mobile
11745,39,16412,1,2025-01-10 13:59:00,3.68,0.22,3.9,debit
11746,43,16413,13,2025-01-10 14:30:00,13.01,0.78,13.79,credit
11747,37,16414,10,2025-01-10 15:31:00,3.5,0.21,3.71,mobile
11748,98,16416,10,2025-01-10 15:22:00,6.07,0.36,6.43,credit
11749,28,16417,13,2025-01-10 14:37:00,6.1,0.37,6.47,debit
11750,46,16418,2,2025-01-10 15:59:00,9.51,0.57,10.08,debit
11751,240,16420,4,2025-01-11 14:34:00,6.07,0.36,6.43,debit
11752,100,16421,1,2025-01-11 12:23:00,9.7,0.58,10.28,debit
11753,27,16424,3,2025-01-11 12:45:00,4.71,0.28,4.99,mobile
11754,75,16425,2,2025-01-11 10:55:00,7.64,0.46,8.1,credit
11755,238,16426,13,2025-01-11 09:30:00,19.86,1.19,21.05,mobile
11756,121,16428,1,2025-01-11 14:58:00,55.8,3.35,59.15,mobile
11757,149,16429,13,2025-01-11 15:42:00,11.09,0.67,11.76,credit
11758,237,16430,10,2025-01-11 11:39:00,14.52,0.87,15.39,credit
11759,120,16432,5,2025-01-11 11:40:00,5.27,0.32,5.59,credit
11760,237,16435,4,2025-01-11 13:17:00,9.94,0.6,10.54,credit
11761,135,16437,12,2025-01-11 10:33:00,4.97,0.3,5.27,credit
11762,8,16439,11,2025-01-11 14:10:00,44.17,2.65,46.82,credit
11763,153,16440,12,2025-01-11 14:54:00,3.68,0.22,3.9,debit
11764,89,16444,4,2025-01-11 15:32:00,3.68,0.22,3.9,credit
11765,2,16446,1,2025-01-11 10:29:00,4.75,0.28,5.03,credit
11766,11,16447,2,2025-01-11 11:59:00,4.0,0.24,4.24,credit
11767,126,16448,2,2025-01-12 11:50:00,7.0,0.42,7.42,mobile
11768,74,16449,14,2025-01-12 12:27:00,25.0,1.5,26.5,credit
11769,97,16451,13,2025-01-12 15:59:00,8.4,0.5,8.9,credit
11770,95,16454,14,2025-01-12 11:50:00,6.31,0.38,6.69,credit
11771,207,16455,12,2025-01-12 10:59:00,15.45,0.93,16.38,credit
11772,13,16457,12,2025-01-12 09:43:00,6.62,0.4,7.02,credit
11773,185,16458,12,2025-01-12 09:20:00,4.0,0.24,4.24,debit
11774,98,16460,7,2025-01-12 11:15:00,4.5,0.27,4.77,credit
11775,143,16461,7,2025-01-12 14:31:00,7.0,0.42,7.42,credit
11776,145,16464,7,2025-01-12 09:59:00,18.74,1.12,19.86,credit
11777,69,16465,14,2025-01-12 09:20:00,4.97,0.3,5.27,credit
11778,149,16466,13,2025-01-12 13:59:00,7.64,0.46,8.1,mobile
11779,49,16467,3,2025-01-12 12:40:00,18.97,1.14,20.11,debit
11780,141,16468,4,2025-01-12 11:57:00,15.27,0.92,16.19,credit
11781,148,16469,12,2025-01-12 14:33:00,27.0,1.62,28.62,mobile
11782,27,16470,6,2025-01-12 16:18:00,7.28,0.44,7.72,credit
11783,110,16472,10,2025-01-12 11:30:00,7.0,0.42,7.42,mobile
11784,31,16474,12,2025-01-12 11:59:00,12.14,0.73,12.87,credit
11785,223,16475,5,2025-01-12 14:16:00,15.0,0.9,15.9,credit
11786,116,16476,3,2025-01-12 14:33:00,4.0,0.24,4.24,credit
11787,77,16477,2,2025-01-12 11:45:00,6.62,0.4,7.02,credit
11788,140,16480,7,2025-01-13 15:30:00,14.5,0.87,15.37,mobile
11789,155,16481,13,2025-01-13 09:23:00,13.58,0.81,14.39,credit
11790,75,16482,1,2025-01-13 16:58:00,7.64,0.46,8.1,credit
11791,220,16485,11,2025-01-13 09:49:00,3.5,0.21,3.71,debit
11792,23,16486,2,2025-01-13 14:30:00,5.51,0.33,5.84,mobile
11793,91,16488,11,2025-01-13 16:10:00,3.0,0.18,3.18,credit
11794,126,16489,14,2025-01-13 12:16:00,27.71,1.66,29.37,mobile
11795,8,16490,13,2025-01-13 13:44:00,3.97,0.24,4.21,credit
11796,189,16491,3,2025-01-13 16:56:00,10.5,0.63,11.13,mobile
11797,34,16493,12,2025-01-14 12:59:00,9.71,0.58,10.29,credit
11798,141,16494,13,2025-01-14 13:28:00,25.2,1.51,26.71,credit
11799,90,16496,7,2025-01-14 14:48:00,15.09,0.91,16.0,mobile
11800,182,16497,13,2025-01-14 10:44:00,11.36,0.68,12.04,mobile
11801,28,16500,13,2025-01-14 13:58:00,20.78,1.25,22.03,credit
11802,210,16501,7,2025-01-14 15:16:00,16.14,0.97,17.11,credit
11803,53,16503,13,2025-01-14 16:38:00,7.59,0.46,8.05,credit
11804,165,16505,13,2025-01-14 15:59:00,7.0,0.42,7.42,credit
11805,27,16506,11,2025-01-14 13:19:00,13.35,0.8,14.15,credit
11806,172,16507,13,2025-01-14 11:41:00,17.0,1.02,18.02,credit
11807,31,16508,12,2025-01-15 11:53:00,8.4,0.5,8.9,credit
11808,89,16509,4,2025-01-15 12:35:00,6.07,0.36,6.43,credit
11809,166,16511,7,2025-01-15 15:41:00,7.26,0.44,7.7,debit
11810,207,16512,11,2025-01-15 15:10:00,21.0,1.26,22.26,credit
11811,145,16513,5,2025-01-15 11:17:00,8.56,0.51,9.07,debit
11812,181,16514,10,2025-01-15 11:16:00,3.5,0.21,3.71,credit
11813,154,16516,6,2025-01-15 14:18:00,34.83,2.09,36.92,credit
11814,186,16517,4,2025-01-15 12:17:00,4.97,0.3,5.27,mobile
11815,122,16518,4,2025-01-15 14:30:00,4.5,0.27,4.77,credit
11816,118,16519,4,2025-01-15 14:45:00,18.01,1.08,19.09,mobile
11817,189,16521,2,2025-01-16 13:42:00,6.5,0.39,6.89,credit
11818,209,16522,14,2025-01-16 12:55:00,7.81,0.47,8.28,credit
11819,5,16523,6,2025-01-16 14:22:00,31.55,1.89,33.44,credit
11820,121,16525,3,2025-01-16 15:46:00,13.07,0.78,13.85,debit
11821,182,16526,11,2025-01-16 10:59:00,12.06,0.72,12.78,credit
11822,60,16528,12,2025-01-16 14:59:00,29.99,1.8,31.79,credit
11823,108,16529,13,2025-01-16 13:15:00,16.56,0.99,17.55,debit
11824,100,16531,4,2025-01-17 09:29:00,29.14,1.75,30.89,credit
11825,224,16532,4,2025-01-17 15:34:00,4.2,0.25,4.45,credit
11826,86,16533,1,2025-01-17 15:15:00,9.97,0.6,10.57,mobile
11827,7,16534,6,2025-01-17 15:18:00,13.0,0.78,13.78,credit
11828,97,16535,6,2025-01-17 15:43:00,3.68,0.22,3.9,credit
11829,4,16536,3,2025-01-17 09:59:00,13.06,0.78,13.84,credit
11830,59,16538,1,2025-01-17 11:58:00,7.11,0.43,7.54,mobile
11831,164,16541,13,2025-01-17 11:30:00,19.69,1.18,20.87,credit
11832,56,16542,11,2025-01-17 12:17:00,7.83,0.47,8.3,debit
11833,27,16544,7,2025-01-17 14:29:00,30.97,1.86,32.83,mobile
11834,107,16547,12,2025-01-17 13:30:00,9.08,0.54,9.62,mobile
11835,45,16549,13,2025-01-17 11:44:00,9.0,0.54,9.54,mobile
11836,246,16550,1,2025-01-17 11:19:00,25.43,1.53,26.96,credit
11837,93,16552,6,2025-01-18 11:47:00,4.0,0.24,4.24,credit
11838,135,16553,14,2025-01-18 15:27:00,5.51,0.33,5.84,mobile
11839,166,16556,6,2025-01-18 10:22:00,19.58,1.17,20.75,mobile
11840,11,16557,14,2025-01-18 14:20:00,38.63,2.32,40.95,mobile
11841,225,16558,10,2025-01-18 16:55:00,14.9,0.89,15.79,credit
11842,4,16559,3,2025-01-18 15:59:00,7.13,0.43,7.56,mobile
11843,207,16561,4,2025-01-18 11:50:00,9.94,0.6,10.54,debit
11844,73,16563,12,2025-01-18 14:37:00,4.5,0.27,4.77,mobile
11845,48,16564,6,2025-01-18 14:19:00,7.36,0.44,7.8,mobile
11846,232,16566,13,2025-01-18 11:59:00,4.48,0.27,4.75,credit
11847,215,16567,11,2025-01-18 10:17:00,9.94,0.6,10.54,debit
11848,86,16569,1,2025-01-18 13:59:00,6.07,0.36,6.43,credit
11849,68,16570,7,2025-01-18 13:27:00,12.14,0.73,12.87,credit
11850,20,16571,12,2025-01-19 13:59:00,33.29,2.0,35.29,mobile
11851,72,16572,13,2025-01-19 10:32:00,13.16,0.79,13.95,debit
11852,237,16573,3,2025-01-19 15:34:00,6.5,0.39,6.89,credit
11853,209,16574,6,2025-01-19 15:44:00,6.16,0.37,6.53,mobile
11854,92,16577,13,2025-01-19 15:38:00,13.24,0.79,14.03,credit
11855,175,16578,12,2025-01-19 14:39:00,20.72,1.24,21.96,debit
11856,206,16579,3,2025-01-19 15:59:00,6.33,0.38,6.71,credit
11857,69,16580,5,2025-01-19 12:59:00,27.19,1.63,28.82,credit
11858,56,16581,11,2025-01-19 11:50:00,5.21,0.31,5.52,credit
11859,247,16583,13,2025-01-19 13:22:00,17.47,1.05,18.52,debit
11860,1,16584,14,2025-01-19 14:41:00,25.0,1.5,26.5,credit
11861,207,16586,12,2025-01-19 16:40:00,3.0,0.18,3.18,credit
11862,228,16587,13,2025-01-19 12:44:00,21.91,1.31,23.22,credit
11863,72,16588,11,2025-01-19 12:27:00,11.53,0.69,12.22,credit
11864,33,16589,5,2025-01-19 16:58:00,25.47,1.53,27.0,debit
11865,39,16590,2,2025-01-19 12:23:00,6.5,0.39,6.89,credit
11866,237,16591,3,2025-01-20 13:43:00,3.5,0.21,3.71,mobile
11867,232,16592,12,2025-01-20 15:25:00,4.98,0.3,5.28,credit
11868,163,16594,2,2025-01-20 15:20:00,4.97,0.3,5.27,mobile
11869,240,16595,4,2025-01-20 14:18:00,30.0,1.8,31.8,credit
11870,180,16596,2,2025-01-20 13:45:00,34.61,2.08,36.69,mobile
11871,74,16597,4,2025-01-20 09:59:00,35.0,2.1,37.1,mobile
11872,149,16598,12,2025-01-20 11:25:00,10.96,0.66,11.62,credit
11873,215,16599,7,2025-01-20 15:44:00,6.5,0.39,6.89,mobile
11874,25,16602,7,2025-01-20 12:29:00,6.62,0.4,7.02,credit
11875,137,16603,4,2025-01-20 16:45:00,8.4,0.5,8.9,debit
11876,147,16606,7,2025-01-20 11:55:00,3.68,0.22,3.9,debit
11877,205,16607,10,2025-01-20 12:41:00,6.07,0.36,6.43,debit
11878,22,16608,6,2025-01-20 10:25:00,4.5,0.27,4.77,credit
11879,75,16609,13,2025-01-20 14:51:00,17.91,1.07,18.98,mobile
11880,21,16611,6,2025-01-20 14:13:00,7.55,0.45,8.0,debit
11881,189,16612,12,2025-01-21 15:52:00,18.5,1.11,19.61,debit
11882,105,16613,11,2025-01-21 11:48:00,30.24,1.81,32.05,credit
11883,155,16614,1,2025-01-21 11:56:00,6.42,0.39,6.81,mobile
11884,235,16615,14,2025-01-21 13:59:00,4.0,0.24,4.24,credit
11885,63,16616,12,2025-01-21 10:31:00,43.08,2.58,45.66,mobile
11886,91,16619,10,2025-01-21 13:56:00,6.5,0.39,6.89,credit
11887,55,16620,12,2025-01-21 16:59:00,7.38,0.44,7.82,mobile
11888,96,16621,3,2025-01-21 13:55:00,12.73,0.76,13.49,debit
11889,240,16622,3,2025-01-21 09:59:00,6.07,0.36,6.43,credit
11890,99,16624,6,2025-01-21 09:59:00,14.4,0.86,15.26,credit
11891,154,16625,4,2025-01-21 14:59:00,6.62,0.4,7.02,credit
11892,15,16626,2,2025-01-21 13:19:00,4.0,0.24,4.24,credit
11893,98,16629,13,2025-01-21 10:12:00,21.14,1.27,22.41,credit
11894,186,16630,6,2025-01-21 09:44:00,6.5,0.39,6.89,credit
11895,227,16631,5,2025-01-21 11:59:00,8.97,0.54,9.51,credit
11896,233,16632,13,2025-01-21 16:58:00,26.64,1.6,28.24,mobile
11897,126,16637,11,2025-01-22 16:16:00,8.51,0.51,9.02,mobile
11898,190,16638,2,2025-01-22 12:59:00,10.5,0.63,11.13,credit
11899,26,16639,1,2025-01-22 15:57:00,7.39,0.44,7.83,credit
11900,1,16640,12,2025-01-22 16:44:00,10.5,0.63,11.13,mobile
11901,110,16641,4,2025-01-22 15:45:00,6.62,0.4,7.02,mobile
11902,5,16643,5,2025-01-22 13:55:00,4.0,0.24,4.24,credit
11903,74,16644,4,2025-01-22 13:59:00,18.48,1.11,19.59,credit
11904,25,16645,7,2025-01-22 16:59:00,13.24,0.79,14.03,mobile
11905,31,16650,12,2025-01-22 14:44:00,6.5,0.39,6.89,mobile
11906,172,16651,3,2025-01-22 09:57:00,14.07,0.84,14.91,mobile
11907,93,16656,10,2025-01-23 09:59:00,6.07,0.36,6.43,debit
11908,48,16657,14,2025-01-23 11:44:00,4.97,0.3,5.27,mobile
11909,169,16658,7,2025-01-23 11:19:00,7.6,0.46,8.06,mobile
11910,222,16662,2,2025-01-23 12:40:00,27.3,1.64,28.94,debit
11911,51,16664,14,2025-01-23 14:22:00,6.62,0.4,7.02,mobile
11912,237,16666,5,2025-01-23 09:33:00,13.97,0.84,14.81,credit
11913,5,16667,10,2025-01-23 11:15:00,12.14,0.73,12.87,credit
11914,76,16668,10,2025-01-23 09:40:00,8.4,0.5,8.9,debit
11915,72,16669,3,2025-01-23 12:37:00,10.03,0.6,10.63,mobile
11916,69,16672,3,2025-01-23 10:33:00,22.87,1.37,24.24,mobile
11917,244,16673,11,2025-01-23 13:29:00,16.24,0.97,17.21,credit
11918,111,16674,5,2025-01-24 16:59:00,9.75,0.58,10.33,credit
11919,155,16676,13,2025-01-24 10:30:00,5.13,0.31,5.44,credit
11920,149,16679,2,2025-01-24 16:59:00,7.09,0.43,7.52,credit
11921,2,16682,7,2025-01-24 14:15:00,23.39,1.4,24.79,mobile
11922,224,16683,14,2025-01-24 16:32:00,4.0,0.24,4.24,credit
11923,1,16684,14,2025-01-24 16:25:00,33.31,2.0,35.31,mobile
11924,232,16685,4,2025-01-24 10:59:00,22.16,1.33,23.49,mobile
11925,92,16686,6,2025-01-24 10:23:00,6.5,0.39,6.89,mobile
11926,39,16688,14,2025-01-24 13:18:00,25.07,1.5,26.57,mobile
11927,202,16689,3,2025-01-25 11:57:00,28.18,1.69,29.87,mobile
11928,98,16690,2,2025-01-25 12:38:00,6.5,0.39,6.89,debit
11929,222,16691,4,2025-01-25 13:59:00,4.0,0.24,4.24,credit
11930,249,16693,7,2025-01-25 15:51:00,28.36,1.7,30.06,mobile
11931,57,16694,11,2025-01-25 09:29:00,31.95,1.92,33.87,debit
11932,71,16695,12,2025-01-25 13:59:00,6.5,0.39,6.89,debit
11933,162,16696,5,2025-01-25 14:30:00,8.2,0.49,8.69,credit
11934,2,16698,7,2025-01-25 09:27:00,6.22,0.37,6.59,credit
11935,11,16699,13,2025-01-25 13:59:00,34.59,2.08,36.67,mobile
11936,8,16701,3,2025-01-25 16:23:00,7.59,0.46,8.05,credit
11937,56,16702,6,2025-01-25 10:14:00,13.78,0.83,14.61,mobile
11938,23,16704,5,2025-01-25 09:53:00,4.2,0.25,4.45,debit
11939,56,16707,10,2025-01-25 09:58:00,7.28,0.44,7.72,credit
11940,237,16708,3,2025-01-25 13:59:00,18.18,1.09,19.27,credit
11941,12,16709,3,2025-01-25 14:40:00,13.24,0.79,14.03,credit
11942,155,16710,5,2025-01-25 09:47:00,6.42,0.39,6.81,credit
11943,23,16711,5,2025-01-25 11:56:00,33.63,2.02,35.65,credit
11944,238,16712,7,2025-01-25 10:43:00,5.84,0.35,6.19,mobile
11945,155,16713,5,2025-01-25 16:32:00,27.45,1.65,29.1,mobile
11946,5,16714,5,2025-01-25 09:59:00,7.0,0.42,7.42,debit
11947,96,16715,3,2025-01-25 11:59:00,41.41,2.48,43.89,credit
11948,71,16716,11,2025-01-25 15:47:00,6.62,0.4,7.02,mobile
11949,9,16717,13,2025-01-25 15:49:00,31.99,1.92,33.91,mobile
11950,185,16719,1,2025-01-25 11:30:00,6.5,0.39,6.89,mobile
11951,106,16720,2,2025-01-25 10:36:00,7.0,0.42,7.42,debit
11952,203,16721,12,2025-01-25 10:44:00,9.97,0.6,10.57,mobile
11953,96,16722,11,2025-01-25 11:31:00,4.65,0.28,4.93,credit
11954,3,16723,12,2025-01-26 15:30:00,7.0,0.42,7.42,debit
11955,25,16724,11,2025-01-26 14:57:00,24.59,1.48,26.07,mobile
11956,110,16727,11,2025-01-26 11:25:00,10.62,0.64,11.26,debit
11957,111,16729,12,2025-01-26 11:46:00,21.9,1.31,23.21,mobile
11958,91,16730,5,2025-01-26 15:26:00,13.24,0.79,14.03,mobile
11959,89,16731,3,2025-01-26 15:40:00,39.82,2.39,42.21,debit
11960,130,16733,13,2025-01-26 16:59:00,4.97,0.3,5.27,credit
11961,11,16734,7,2025-01-26 11:54:00,6.07,0.36,6.43,credit
11962,72,16736,13,2025-01-26 09:41:00,10.97,0.66,11.63,credit
11963,71,16739,5,2025-01-26 13:44:00,7.0,0.42,7.42,mobile
11964,195,16740,14,2025-01-26 11:37:00,20.19,1.21,21.4,mobile
11965,8,16741,2,2025-01-26 14:57:00,25.01,1.5,26.51,debit
11966,91,16742,3,2025-01-26 09:59:00,12.14,0.73,12.87,credit
11967,244,16743,1,2025-01-27 12:45:00,5.51,0.33,5.84,credit
11968,173,16744,13,2025-01-27 14:55:00,12.68,0.76,13.44,mobile
11969,27,16745,10,2025-01-27 13:57:00,5.21,0.31,5.52,credit
11970,100,16746,12,2025-01-27 14:59:00,13.44,0.81,14.25,debit
11971,44,16747,6,2025-01-27 09:26:00,36.01,2.16,38.17,mobile
11972,44,16750,3,2025-01-27 14:30:00,44.82,2.69,47.51,credit
11973,73,16751,5,2025-01-27 16:59:00,12.51,0.75,13.26,mobile
11974,91,16754,6,2025-01-27 09:31:00,13.24,0.79,14.03,credit
11975,205,16755,12,2025-01-27 13:59:00,15.21,0.91,16.12,mobile
11976,240,16756,6,2025-01-27 09:19:00,4.0,0.24,4.24,credit
11977,5,16758,12,2025-01-27 09:15:00,12.14,0.73,12.87,debit
11978,27,16759,11,2025-01-28 10:38:00,29.45,1.77,31.22,mobile
11979,143,16760,1,2025-01-28 14:42:00,8.5,0.51,9.01,mobile
11980,1,16762,11,2025-01-28 14:48:00,8.0,0.48,8.48,debit
11981,36,16763,3,2025-01-28 16:40:00,7.86,0.47,8.33,credit
11982,164,16765,13,2025-01-28 10:59:00,3.5,0.21,3.71,debit
11983,198,16766,1,2025-01-28 10:25:00,4.2,0.25,4.45,credit
11984,35,16767,7,2025-01-28 11:47:00,13.24,0.79,14.03,credit
11985,97,16768,5,2025-01-28 10:59:00,5.51,0.33,5.84,credit
11986,116,16771,13,2025-01-29 09:25:00,5.51,0.33,5.84,mobile
11987,217,16772,14,2025-01-29 15:44:00,6.54,0.39,6.93,credit
11988,33,16773,2,2025-01-29 09:26:00,21.0,1.26,22.26,mobile
11989,93,16774,12,2025-01-29 11:59:00,6.62,0.4,7.02,debit
11990,151,16775,7,2025-01-29 15:33:00,17.66,1.06,18.72,credit
11991,27,16777,3,2025-01-29 13:30:00,21.15,1.27,22.42,credit
11992,52,16778,2,2025-01-29 16:42:00,9.57,0.57,10.14,debit
11993,152,16780,2,2025-01-29 14:24:00,9.97,0.6,10.57,mobile
11994,148,16781,13,2025-01-29 13:59:00,12.57,0.75,13.32,credit
11995,163,16782,5,2025-01-29 11:28:00,9.97,0.6,10.57,credit
11996,209,16783,11,2025-01-29 10:48:00,7.69,0.46,8.15,credit
11997,234,16784,7,2025-01-29 16:35:00,7.92,0.48,8.4,credit
11998,219,16785,3,2025-01-29 12:23:00,17.0,1.02,18.02,mobile
11999,43,16786,11,2025-01-29 13:48:00,38.92,2.34,41.26,debit
12000,162,16787,4,2025-01-30 13:50:00,47.25,2.83,50.08,mobile
12001,69,16788,7,2025-01-30 13:18:00,6.07,0.36,6.43,mobile
12002,195,16790,12,2025-01-30 10:17:00,7.92,0.48,8.4,credit
12003,67,16791,10,2025-01-30 12:44:00,6.5,0.39,6.89,mobile
12004,108,16792,13,2025-01-30 11:17:00,13.24,0.79,14.03,credit
12005,3,16794,7,2025-01-30 14:40:00,15.0,0.9,15.9,mobile
12006,25,16795,4,2025-01-30 14:45:00,25.93,1.56,27.49,debit
12007,69,16796,1,2025-01-30 16:41:00,10.5,0.63,11.13,credit
12008,47,16797,13,2025-01-30 16:59:00,5.51,0.33,5.84,credit
12009,101,16798,6,2025-01-30 09:18:00,7.36,0.44,7.8,debit
12010,157,16800,14,2025-01-30 14:59:00,6.62,0.4,7.02,credit
12011,216,16801,4,2025-01-30 11:27:00,6.62,0.4,7.02,debit
12012,111,16803,12,2025-01-30 10:53:00,6.5,0.39,6.89,debit
12013,38,16804,1,2025-01-31 16:40:00,7.94,0.48,8.42,credit
12014,143,16805,10,2025-01-31 16:29:00,11.97,0.72,12.69,mobile
12015,10,16806,3,2025-01-31 15:59:00,17.65,1.06,18.71,credit
12016,89,16807,14,2025-01-31 14:13:00,8.4,0.5,8.9,credit
12017,196,16808,3,2025-01-31 14:41:00,13.86,0.83,14.69,credit
12018,5,16809,11,2025-01-31 13:44:00,13.24,0.79,14.03,credit
12019,155,16810,13,2025-01-31 15:30:00,14.96,0.9,15.86,mobile
12020,233,16812,6,2025-01-31 13:59:00,22.68,1.36,24.04,credit
12021,56,16813,13,2025-01-31 16:55:00,4.21,0.25,4.46,credit
12022,154,16814,14,2025-01-31 16:59:00,8.0,0.48,8.48,mobile
12023,69,16815,7,2025-01-31 12:26:00,16.01,0.96,16.97,mobile
12024,24,16816,14,2025-01-31 14:30:00,4.2,0.25,4.45,mobile
12025,96,16817,13,2025-01-31 13:45:00,4.65,0.28,4.93,credit
12026,201,16818,11,2025-01-31 13:58:00,31.3,1.88,33.18,credit
12027,130,16819,6,2025-01-31 14:59:00,33.91,2.03,35.94,mobile
12028,95,16821,13,2025-01-31 13:59:00,25.38,1.52,26.9,credit
12029,21,16822,13,2025-01-31 14:59:00,11.98,0.72,12.7,credit
12030,203,16823,12,2025-01-31 10:59:00,5.51,0.33,5.84,debit
12031,2,16825,13,2023-09-12 10:30:00,13.47,0.81,14.28,credit
12032,5,16826,12,2023-09-10 14:30:00,12.04,0.72,12.76,credit
12033,9,16827,4,2023-09-03 11:30:00,15.23,0.91,16.14,credit
12034,143,16828,10,2023-09-13 10:30:00,23.75,1.43,25.18,credit
12035,15,16829,13,2023-08-18 10:30:00,19.5,1.17,20.67,credit
12036,31,16830,7,2023-08-31 14:30:00,15.64,0.94,16.58,credit
12037,166,16831,4,2023-08-21 13:30:00,13.7,0.82,14.52,credit
12038,171,16832,2,2023-08-23 14:30:00,13.98,0.84,14.82,credit
12039,47,16833,7,2023-09-02 13:30:00,15.65,0.94,16.59,credit
12040,57,16834,5,2023-09-13 10:30:00,10.0,0.6,10.6,credit
12041,204,16835,12,2023-08-26 13:30:00,17.7,1.06,18.76,credit
12042,6,16836,13,2023-09-13 14:30:00,10.08,0.6,10.68,credit
12043,8,16837,2,2023-09-01 15:30:00,13.1,0.79,13.89,credit
12044,16,16838,1,2023-08-18 14:30:00,13.07,0.78,13.85,credit
12045,26,16839,11,2023-08-22 15:30:00,8.56,0.51,9.07,credit
12046,160,16840,3,2023-09-04 11:30:00,11.32,0.68,12.0,credit
12047,35,16841,7,2023-08-19 13:30:00,10.11,0.61,10.72,credit
12048,179,16842,4,2023-09-09 13:30:00,10.73,0.64,11.37,credit
12049,68,16843,3,2023-09-01 14:30:00,8.07,0.48,8.55,credit
12050,79,16844,5,2023-09-12 12:30:00,12.65,0.76,13.41,credit
12051,105,16845,3,2023-09-10 14:30:00,9.1,0.55,9.65,credit
12052,243,16846,13,2023-09-14 14:30:00,8.47,0.51,8.98,credit
12053,120,16847,10,2023-09-03 14:30:00,11.34,0.68,12.02,credit
