order_item_id,order_id,item_id,quantity,unit_price,line_total
1,1,1,1,5.5,5.5
2,1,13,1,3.5,3.5
3,1,14,1,3.0,3.0
4,2,16,1,9.5,9.5
5,3,1,2,5.5,11.0
6,4,1,1,5.5,5.5
7,5,8,1,6.0,6.0
8,5,9,1,4.0,4.0
9,6,5,1,6.0,6.0
10,6,12,1,4.0,4.0
11,6,15,1,4.5,4.5
12,7,21,1,25.0,25.0
13,8,2,1,5.0,5.0
14,8,13,1,3.5,3.5
15,9,1,1,5.5,5.5
16,9,8,1,6.0,6.0
17,10,16,1,9.5,9.5
18,11,7,1,6.5,6.5
19,11,12,2,4.0,8.0
20,11,15,1,4.5,4.5
21,12,11,1,5.5,5.5
22,12,18,1,10.0,10.0
23,13,3,1,4.5,4.5
24,13,16,1,9.5,9.5
25,14,1,1,5.5,5.5
26,14,13,1,3.5,3.5
27,15,5,2,6.0,12.0
28,15,22,1,8.0,8.0
29,16,7,1,6.5,6.5
30,16,17,1,8.0,8.0
31,17,22,1,8.0,8.0
32,18,21,1,25.0,25.0
33,18,23,1,15.0,15.0
34,19,21,1,25.0,25.0
35,19,22,2,8.0,16.0
36,19,24,1,18.0,18.0
37,20,22,1,8.0,8.0
38,21,1,1,5.5,5.5
39,21,15,1,4.5,4.5
40,22,7,2,6.5,13.0
41,22,19,1,7.0,7.0
42,23,1,1,5.5,5.5
43,23,18,1,10.0,10.0
44,24,16,1,9.5,9.5
45,25,19,1,7.0,7.0
46,25,5,1,6.0,7.25
47,26,12,1,4.0,5.06
48,27,12,1,4.0,4.0
49,28,19,1,7.0,7.0
50,29,20,1,8.0,8.97
51,30,15,2,4.5,10.25
52,31,8,1,6.0,7.25
53,32,4,1,5.5,5.5
54,32,13,1,3.5,3.5
55,33,25,1,20.0,20.0
56,34,16,1,9.5,9.5
57,35,14,2,3.0,7.25
58,36,15,1,4.5,4.5
59,36,17,1,8.0,8.0
60,36,20,1,8.0,9.25
61,37,20,1,8.0,8.0
62,38,2,1,5.0,6.25
63,39,18,1,10.0,10.0
64,40,12,1,4.0,5.83
65,41,17,1,8.0,8.0
66,41,17,1,8.0,8.0
67,42,13,1,3.5,3.5
68,43,4,1,5.5,5.5
69,44,1,1,5.5,6.75
70,45,21,1,25.0,25.0
71,45,3,1,4.5,4.5
72,45,17,2,8.0,16.0
73,46,10,1,4.0,4.97
74,47,20,1,8.0,8.0
75,47,20,1,8.0,8.0
76,47,18,1,10.0,10.0
77,47,16,1,9.5,9.5
78,47,10,1,4.0,4.0
79,48,15,1,4.5,5.75
80,49,11,1,5.5,5.5
81,50,20,1,8.0,9.06
82,51,13,1,3.5,3.5
83,51,12,1,4.0,4.0
84,51,13,1,3.5,3.5
85,52,8,1,6.0,6.0
86,52,13,1,3.5,3.5
87,52,20,1,8.0,8.0
88,53,15,2,4.5,9.0
89,54,11,2,5.5,12.25
90,55,14,1,3.0,3.0
91,56,11,1,5.5,5.5
92,57,20,1,8.0,8.97
93,58,15,1,4.5,4.5
94,59,8,1,6.0,7.25
95,60,4,2,5.5,11.0
96,61,22,1,8.0,8.0
97,62,5,2,6.0,12.85
98,63,17,1,8.0,8.85
99,64,14,1,3.0,3.0
100,65,15,2,4.5,10.25
101,66,1,1,5.5,6.75
102,67,20,1,8.0,9.25
103,68,2,1,5.0,5.0
104,69,4,1,5.5,6.75
105,70,14,1,3.0,3.0
106,71,9,1,4.0,4.0
107,72,18,2,10.0,20.0
108,73,16,1,9.5,10.75
109,74,16,2,9.5,19.0
110,74,3,1,4.5,4.5
111,74,6,1,3.5,4.75
112,75,12,1,4.0,4.0
113,75,17,2,8.0,16.0
114,76,13,1,3.5,3.5
115,77,21,1,25.0,25.0
116,78,20,1,8.0,8.0
117,78,5,1,6.0,6.0
118,78,20,1,8.0,8.97
119,79,12,1,4.0,4.0
120,79,25,1,20.0,20.0
121,79,18,1,10.0,10.0
122,79,4,1,5.5,5.5
123,79,15,1,4.5,5.47
124,80,15,2,4.5,10.06
125,81,20,1,8.0,9.25
126,82,11,1,5.5,5.5
127,83,19,2,7.0,14.0
128,84,4,1,5.5,6.47
129,85,12,1,4.0,4.0
130,85,14,1,3.0,4.25
131,86,17,2,8.0,16.0
132,87,18,2,10.0,20.0
133,87,2,2,5.0,10.0
134,87,18,1,10.0,11.25
135,88,8,1,6.0,6.0
136,88,12,2,4.0,8.0
137,89,1,2,5.5,11.0
138,90,5,1,6.0,7.06
139,91,8,1,6.0,6.0
140,91,20,1,8.0,8.0
141,91,5,1,6.0,6.0
142,91,9,1,4.0,4.0
143,91,4,1,5.5,6.75
144,92,1,1,5.5,5.5
145,93,6,1,3.5,4.47
146,94,11,1,5.5,5.5
147,94,15,1,4.5,4.5
148,95,20,2,8.0,16.0
149,96,17,1,8.0,8.0
150,97,19,1,7.0,8.25
151,98,13,1,3.5,3.5
152,99,4,1,5.5,5.5
153,100,18,2,10.0,21.83
154,101,3,1,4.5,4.5
155,102,3,1,4.5,4.5
156,103,14,1,3.0,3.0
157,104,20,1,8.0,8.0
158,105,1,1,5.5,6.56
159,106,15,1,4.5,4.5
160,107,13,1,3.5,3.5
161,108,12,1,4.0,4.0
162,109,5,1,6.0,6.0
163,110,12,1,4.0,4.0
164,110,20,1,8.0,9.06
165,111,6,2,3.5,7.0
166,112,10,1,4.0,4.0
167,113,15,1,4.5,4.5
168,113,4,1,5.5,5.5
169,113,13,1,3.5,3.5
170,113,12,1,4.0,4.0
171,113,17,1,8.0,8.0
172,114,13,1,3.5,3.5
173,115,15,1,4.5,4.5
174,115,20,1,8.0,8.0
175,115,17,1,8.0,8.0
176,115,15,1,4.5,5.75
177,116,17,1,8.0,8.0
178,117,11,1,5.5,5.5
179,118,19,1,7.0,8.06
180,119,15,2,4.5,10.25
181,120,8,1,6.0,6.0
182,120,17,2,8.0,16.0
183,121,19,1,7.0,8.06
184,122,3,1,4.5,4.5
185,123,20,1,8.0,8.0
186,123,25,1,20.0,20.0
187,123,4,1,5.5,6.75
188,124,15,1,4.5,5.75
189,125,20,1,8.0,9.06
190,126,18,1,10.0,10.97
191,127,19,1,7.0,7.0
192,127,9,1,4.0,4.0
193,127,24,1,18.0,18.97
194,128,15,1,4.5,4.5
195,129,4,1,5.5,6.56
196,130,5,1,6.0,6.0
197,130,3,2,4.5,9.97
198,131,20,1,8.0,9.25
199,132,8,1,6.0,6.0
200,133,20,1,8.0,8.0
201,133,23,1,15.0,16.25
202,134,13,1,3.5,3.5
203,135,20,2,8.0,16.0
204,136,17,1,8.0,10.27
205,137,13,1,3.5,3.5
206,138,19,1,7.0,7.0
207,138,6,1,3.5,3.5
208,138,5,1,6.0,6.97
209,139,9,2,4.0,9.25
210,140,16,1,9.5,10.56
211,141,6,1,3.5,3.5
212,141,21,1,25.0,25.0
213,142,19,2,7.0,15.25
214,143,20,1,8.0,8.0
215,144,14,2,3.0,6.0
216,145,4,1,5.5,5.5
217,145,2,2,5.0,10.0
218,145,24,1,18.0,19.25
219,146,18,1,10.0,10.0
220,146,22,1,8.0,8.0
221,147,1,1,5.5,5.5
222,147,5,1,6.0,6.0
223,148,17,1,8.0,8.0
224,149,11,2,5.5,11.0
225,149,3,1,4.5,4.5
226,149,13,1,3.5,3.5
227,149,10,1,4.0,4.0
228,150,15,1,4.5,4.5
229,150,13,1,3.5,4.47
230,151,4,1,5.5,5.5
231,152,23,1,15.0,16.06
232,153,8,1,6.0,6.0
233,153,20,1,8.0,8.0
234,154,13,1,3.5,3.5
235,154,4,1,5.5,5.5
236,155,18,1,10.0,10.0
237,156,8,1,6.0,6.0
238,157,6,1,3.5,4.75
239,158,9,2,4.0,8.0
240,158,20,1,8.0,8.0
241,159,25,1,20.0,20.85
242,160,13,1,3.5,3.5
243,160,20,1,8.0,9.06
244,161,11,1,5.5,5.5
245,162,17,1,8.0,8.0
246,162,10,1,4.0,4.0
247,162,16,1,9.5,9.5
248,162,16,2,9.5,19.0
249,162,10,1,4.0,4.0
250,163,12,1,4.0,4.0
251,163,15,1,4.5,4.5
252,163,9,1,4.0,4.0
253,163,10,1,4.0,4.0
254,163,3,1,4.5,5.75
255,164,9,1,4.0,4.0
256,165,5,2,6.0,12.0
257,166,2,1,5.0,5.0
258,166,13,1,3.5,3.5
259,167,4,1,5.5,5.5
260,167,17,1,8.0,8.0
261,168,15,1,4.5,5.75
262,169,15,1,4.5,5.56
263,170,2,1,5.0,6.06
264,171,20,2,8.0,16.0
265,172,1,1,5.5,5.5
266,172,4,1,5.5,5.5
267,173,3,2,4.5,10.83
268,174,12,2,4.0,8.0
269,174,6,1,3.5,4.56
270,175,2,1,5.0,5.0
271,175,21,1,25.0,25.0
272,175,13,1,3.5,3.5
273,176,9,2,4.0,8.0
274,176,12,2,4.0,8.0
275,176,9,1,4.0,4.0
276,176,19,2,7.0,14.0
277,176,4,1,5.5,6.75
278,177,3,1,4.5,5.47
279,178,9,1,4.0,4.0
280,179,1,1,5.5,5.5
281,179,4,2,5.5,11.0
282,179,14,1,3.0,3.0
283,179,2,1,5.0,5.0
284,180,11,2,5.5,11.0
285,180,13,2,3.5,7.0
286,181,4,1,5.5,6.75
287,182,4,1,5.5,5.5
288,182,13,1,3.5,4.35
289,183,15,2,4.5,9.97
290,184,2,1,5.0,5.0
291,185,13,1,3.5,3.5
292,186,10,1,4.0,4.0
293,186,13,1,3.5,3.5
294,187,3,1,4.5,4.5
295,187,24,1,18.0,18.97
296,188,20,1,8.0,8.0
297,189,18,1,10.0,10.0
298,190,19,1,7.0,7.0
299,191,18,1,10.0,10.0
300,192,20,1,8.0,9.25
301,193,6,1,3.5,3.5
302,193,3,1,4.5,4.5
303,193,3,1,4.5,5.56
304,194,16,1,9.5,9.5
305,194,19,1,7.0,7.0
306,194,12,1,4.0,4.0
307,195,4,2,5.5,11.0
308,195,6,1,3.5,4.75
309,196,14,1,3.0,3.0
310,197,4,1,5.5,5.5
311,197,14,1,3.0,3.0
312,197,20,2,8.0,16.0
313,197,18,1,10.0,10.85
314,198,11,1,5.5,5.5
315,199,4,1,5.5,5.5
316,200,2,1,5.0,5.0
317,201,1,1,5.5,6.56
318,202,1,1,5.5,5.5
319,203,13,1,3.5,3.5
320,204,8,1,6.0,6.0
321,205,9,1,4.0,4.0
322,206,5,1,6.0,7.06
323,207,18,1,10.0,10.0
324,207,14,1,3.0,3.0
325,208,13,1,3.5,3.5
326,208,5,1,6.0,6.0
327,208,4,2,5.5,11.0
328,208,13,1,3.5,4.75
329,209,6,1,3.5,3.5
330,210,18,2,10.0,21.06
331,211,2,1,5.0,5.0
332,212,24,1,18.0,18.0
333,213,1,1,5.5,6.75
334,214,12,1,4.0,4.0
335,215,20,2,8.0,16.0
336,215,5,1,6.0,6.0
337,215,1,1,5.5,5.5
338,216,12,1,4.0,4.0
339,216,4,1,5.5,5.5
340,216,6,1,3.5,4.56
341,217,5,1,6.0,6.0
342,218,20,1,8.0,8.0
343,219,20,2,8.0,16.0
344,219,21,1,25.0,26.83
345,220,13,1,3.5,3.5
346,220,15,2,4.5,9.0
347,221,2,2,5.0,10.0
348,221,2,2,5.0,10.0
349,221,21,1,25.0,25.0
350,221,12,1,4.0,4.0
351,221,14,2,3.0,7.25
352,222,2,1,5.0,6.25
353,223,13,1,3.5,3.5
354,223,6,1,3.5,3.5
355,224,14,1,3.0,3.0
356,225,4,1,5.5,5.5
357,225,12,2,4.0,9.06
358,226,10,1,4.0,4.0
359,227,16,1,9.5,9.5
360,227,3,1,4.5,4.5
361,227,13,1,3.5,4.35
362,228,4,1,5.5,5.5
363,229,3,1,4.5,4.5
364,229,14,1,3.0,3.0
365,230,4,2,5.5,12.25
366,231,2,1,5.0,5.0
367,231,21,1,25.0,25.0
368,231,20,1,8.0,8.0
369,231,20,2,8.0,16.0
370,231,14,1,3.0,4.25
371,232,18,1,10.0,10.0
372,233,14,1,3.0,3.0
373,234,16,1,9.5,10.75
374,235,24,1,18.0,18.0
375,235,13,1,3.5,3.5
376,235,13,1,3.5,3.5
377,236,16,1,9.5,9.5
378,237,12,1,4.0,4.97
379,238,5,1,6.0,6.0
380,239,1,1,5.5,5.5
381,239,20,1,8.0,8.0
382,239,15,1,4.5,5.56
383,240,18,1,10.0,10.0
384,241,19,1,7.0,7.0
385,241,6,1,3.5,3.5
386,241,21,1,25.0,25.0
387,241,20,1,8.0,8.0
388,241,2,1,5.0,5.0
389,242,15,1,4.5,5.56
390,243,3,1,4.5,5.94
391,244,17,1,8.0,8.0
392,244,15,1,4.5,4.5
393,245,16,1,9.5,9.5
394,246,20,2,8.0,16.0
395,246,4,1,5.5,6.75
396,247,16,1,9.5,9.5
397,247,2,1,5.0,5.0
398,248,8,2,6.0,12.0
399,248,14,1,3.0,3.97
400,249,23,1,15.0,15.0
401,250,12,2,4.0,8.0
402,250,4,1,5.5,5.5
403,251,14,1,3.0,3.0
404,251,4,1,5.5,5.5
405,252,6,1,3.5,4.47
406,253,20,1,8.0,8.0
407,254,15,1,4.5,5.94
408,255,24,1,18.0,18.0
409,255,10,1,4.0,4.0
410,256,20,1,8.0,8.0
411,256,23,1,15.0,15.0
412,257,11,1,5.5,5.5
413,257,12,1,4.0,5.44
414,258,18,1,10.0,11.25
415,259,4,1,5.5,5.5
416,259,16,1,9.5,9.5
417,260,12,1,4.0,4.0
418,260,22,1,8.0,9.44
419,261,5,1,6.0,7.25
420,262,15,1,4.5,4.5
421,263,15,1,4.5,5.56
422,264,1,1,5.5,6.56
423,265,20,1,8.0,9.06
424,266,4,2,5.5,11.0
425,267,10,1,4.0,4.0
426,268,12,1,4.0,4.0
427,269,9,1,4.0,4.0
428,270,13,1,3.5,4.56
429,271,8,1,6.0,7.44
430,272,20,1,8.0,8.0
431,272,4,2,5.5,11.0
432,273,20,2,8.0,16.0
433,274,1,1,5.5,5.5
434,275,16,2,9.5,19.0
435,276,20,1,8.0,8.0
436,277,13,2,3.5,8.44
437,278,4,1,5.5,6.47
438,279,17,2,8.0,16.0
439,280,2,1,5.0,5.97
440,281,10,1,4.0,4.0
441,282,15,2,4.5,9.0
442,282,15,1,4.5,4.5
443,283,3,1,4.5,5.75
444,284,20,2,8.0,17.25
445,285,20,1,8.0,8.0
446,286,20,1,8.0,8.0
447,287,4,1,5.5,5.5
448,287,4,1,5.5,5.5
449,287,6,1,3.5,4.94
450,288,19,1,7.0,7.0
451,289,20,1,8.0,8.97
452,290,20,1,8.0,8.85
453,291,10,1,4.0,5.25
454,292,19,1,7.0,7.0
455,293,20,1,8.0,8.0
456,293,11,1,5.5,6.56
457,294,4,1,5.5,5.5
458,295,20,1,8.0,8.0
459,295,5,2,6.0,12.0
460,295,15,1,4.5,4.5
461,295,10,2,4.0,8.0
462,295,20,1,8.0,8.0
463,296,9,1,4.0,4.0
464,297,24,1,18.0,18.0
465,298,6,1,3.5,3.5
466,298,13,2,3.5,7.0
467,298,5,1,6.0,6.0
468,299,4,1,5.5,6.94
469,300,12,1,4.0,5.06
470,301,16,1,9.5,9.5
471,302,13,1,3.5,3.5
472,302,4,1,5.5,5.5
473,303,10,1,4.0,4.0
474,304,18,2,10.0,20.0
475,304,12,1,4.0,5.25
476,305,25,1,20.0,20.0
477,306,20,1,8.0,8.0
478,307,13,1,3.5,3.5
479,307,6,1,3.5,3.5
480,307,13,1,3.5,4.75
481,308,15,1,4.5,4.5
482,309,5,1,6.0,6.0
483,310,20,1,8.0,8.0
484,311,2,1,5.0,5.0
485,312,18,1,10.0,10.85
486,313,13,2,3.5,8.25
487,314,15,1,4.5,4.5
488,314,8,1,6.0,6.0
489,314,12,1,4.0,5.25
490,315,16,1,9.5,10.47
491,316,1,1,5.5,5.5
492,317,3,1,4.5,4.5
493,318,1,2,5.5,11.0
494,319,9,1,4.0,4.0
495,319,4,1,5.5,5.5
496,319,8,2,6.0,12.0
497,319,3,1,4.5,4.5
498,319,5,2,6.0,13.25
499,320,18,1,10.0,11.25
500,321,19,1,7.0,7.0
501,322,15,1,4.5,4.5
502,323,20,1,8.0,8.0
503,324,17,1,8.0,8.0
504,325,9,1,4.0,4.0
505,325,16,1,9.5,9.5
506,325,20,1,8.0,8.0
507,325,12,1,4.0,4.0
508,325,15,1,4.5,5.94
509,326,11,1,5.5,5.5
510,326,20,1,8.0,9.25
511,327,20,1,8.0,8.0
512,327,20,1,8.0,9.44
513,328,15,1,4.5,4.5
514,329,16,1,9.5,11.33
515,330,15,1,4.5,4.5
516,330,6,1,3.5,3.5
517,330,4,2,5.5,11.0
518,330,16,1,9.5,9.5
519,331,11,1,5.5,5.5
520,332,1,2,5.5,12.06
521,333,5,1,6.0,6.0
522,334,20,1,8.0,8.0
523,335,5,1,6.0,6.0
524,336,4,2,5.5,11.0
525,337,19,1,7.0,7.85
526,338,8,1,6.0,6.0
527,339,24,1,18.0,18.0
528,340,1,1,5.5,6.56
529,341,6,1,3.5,3.5
530,342,11,1,5.5,5.5
531,343,21,1,25.0,25.97
532,344,12,1,4.0,4.0
533,344,18,2,10.0,20.0
534,344,20,1,8.0,9.06
535,345,4,1,5.5,6.94
536,346,16,1,9.5,9.5
537,347,12,1,4.0,5.25
538,348,9,1,4.0,4.0
539,349,9,1,4.0,4.0
540,349,9,1,4.0,4.0
541,350,4,1,5.5,5.5
542,351,16,1,9.5,9.5
543,351,4,2,5.5,11.0
544,351,10,1,4.0,4.0
545,351,8,1,6.0,6.0
546,352,20,1,8.0,8.0
547,352,3,1,4.5,4.5
548,352,4,1,5.5,5.5
549,352,2,2,5.0,11.25
550,353,3,1,4.5,4.5
551,354,12,2,4.0,8.0
552,354,19,1,7.0,7.0
553,355,6,2,3.5,7.0
554,356,18,1,10.0,10.0
555,356,20,1,8.0,8.0
556,357,18,1,10.0,10.0
557,357,18,1,10.0,10.97
558,358,14,1,3.0,3.0
559,358,22,1,8.0,8.0
560,358,12,2,4.0,9.25
561,359,1,1,5.5,5.5
562,360,20,1,8.0,8.97
563,361,15,1,4.5,5.56
564,362,11,2,5.5,12.06
565,363,24,1,18.0,18.0
566,363,20,1,8.0,8.0
567,364,18,1,10.0,10.0
568,364,14,1,3.0,3.0
569,364,9,1,4.0,4.0
570,365,13,1,3.5,3.5
571,365,3,1,4.5,4.5
572,366,4,1,5.5,5.5
573,367,19,1,7.0,7.0
574,367,16,1,9.5,9.5
575,368,4,1,5.5,6.35
576,369,20,1,8.0,8.0
577,370,10,1,4.0,4.0
578,371,24,1,18.0,18.0
579,371,14,1,3.0,3.0
580,372,1,1,5.5,5.5
581,373,12,1,4.0,4.0
582,374,20,1,8.0,8.0
583,375,1,2,5.5,12.83
584,376,19,1,7.0,8.06
585,377,3,2,4.5,10.06
586,378,16,1,9.5,9.5
587,379,12,1,4.0,4.0
588,380,5,2,6.0,12.0
589,380,11,2,5.5,11.97
590,381,2,2,5.0,10.0
591,382,13,1,3.5,3.5
592,383,17,1,8.0,8.0
593,384,19,1,7.0,8.25
594,385,17,1,8.0,8.0
595,386,13,1,3.5,4.75
596,387,10,1,4.0,4.0
597,387,15,1,4.5,4.5
598,387,17,1,8.0,8.0
599,387,3,1,4.5,5.75
600,388,9,2,4.0,8.0
601,389,4,1,5.5,5.5
602,390,6,2,3.5,7.0
603,391,15,1,4.5,5.75
604,392,14,1,3.0,3.0
605,393,11,1,5.5,5.5
606,393,5,1,6.0,6.0
607,393,4,1,5.5,5.5
608,394,12,1,4.0,5.44
609,395,3,2,4.5,9.85
610,396,4,1,5.5,5.5
611,396,15,1,4.5,4.5
612,397,5,1,6.0,6.0
613,397,14,1,3.0,3.0
614,397,4,1,5.5,5.5
615,398,19,1,7.0,7.0
616,399,6,1,3.5,3.5
617,399,4,1,5.5,5.5
618,399,11,1,5.5,5.5
619,399,3,2,4.5,9.0
620,399,12,2,4.0,8.0
621,400,20,1,8.0,8.0
622,401,16,1,9.5,9.5
623,402,17,1,8.0,8.0
624,402,17,1,8.0,8.0
625,402,18,1,10.0,10.0
626,402,20,1,8.0,9.25
627,403,8,1,6.0,7.25
628,404,15,1,4.5,4.5
629,405,25,1,20.0,20.0
630,405,17,1,8.0,8.0
631,405,17,1,8.0,8.0
632,405,10,1,4.0,4.0
633,406,4,2,5.5,12.25
634,407,5,1,6.0,6.0
635,408,20,1,8.0,9.06
636,409,6,1,3.5,3.5
637,409,10,1,4.0,4.0
638,410,10,1,4.0,4.0
639,411,20,1,8.0,9.06
640,412,9,1,4.0,4.0
641,413,20,2,8.0,17.44
642,414,17,1,8.0,8.0
643,415,20,1,8.0,9.06
644,416,20,1,8.0,8.0
645,417,14,2,3.0,7.83
646,418,20,1,8.0,8.0
647,418,20,2,8.0,16.0
648,418,10,1,4.0,4.0
649,419,5,1,6.0,6.0
650,420,18,1,10.0,10.0
651,421,17,1,8.0,8.0
652,421,19,1,7.0,7.0
653,422,8,1,6.0,6.0
654,423,22,1,8.0,8.0
655,423,4,2,5.5,12.06
656,424,20,1,8.0,8.0
657,425,15,1,4.5,4.5
658,426,14,1,3.0,3.0
659,427,4,1,5.5,6.94
660,428,11,1,5.5,5.5
661,429,18,1,10.0,10.97
662,430,20,2,8.0,16.0
663,431,20,1,8.0,8.0
664,432,4,1,5.5,5.5
665,432,9,1,4.0,4.0
666,432,23,1,15.0,15.0
667,433,4,2,5.5,12.44
668,434,19,1,7.0,8.06
669,435,20,1,8.0,8.0
670,436,4,1,5.5,6.75
671,437,20,1,8.0,8.0
672,437,4,2,5.5,11.0
673,437,14,1,3.0,3.0
674,437,15,1,4.5,4.5
675,437,2,1,5.0,5.0
676,438,8,1,6.0,6.0
677,439,16,1,9.5,9.5
678,439,15,1,4.5,4.5
679,440,4,1,5.5,5.5
680,440,5,1,6.0,6.0
681,440,10,1,4.0,4.0
682,441,20,1,8.0,8.85
683,442,18,1,10.0,11.25
684,443,20,1,8.0,8.0
685,444,13,1,3.5,3.5
686,445,5,1,6.0,6.0
687,446,14,1,3.0,3.0
688,447,1,1,5.5,5.5
689,448,14,1,3.0,4.25
690,449,13,1,3.5,3.5
691,449,15,1,4.5,5.47
692,450,20,2,8.0,16.0
693,450,8,2,6.0,12.0
694,451,15,1,4.5,4.5
695,452,17,1,8.0,8.0
696,453,5,1,6.0,6.0
697,454,20,1,8.0,9.44
698,455,12,1,4.0,4.0
699,455,10,1,4.0,4.0
700,456,4,1,5.5,5.5
701,457,9,1,4.0,4.0
702,458,18,1,10.0,11.25
703,459,5,1,6.0,6.0
704,459,4,1,5.5,5.5
705,459,3,1,4.5,5.75
706,460,9,1,4.0,5.44
707,461,18,1,10.0,10.0
708,462,3,1,4.5,4.5
709,462,20,1,8.0,8.0
710,463,18,2,10.0,20.0
711,464,17,1,8.0,8.0
712,464,4,1,5.5,6.35
713,465,5,2,6.0,12.0
714,466,20,2,8.0,16.0
715,467,2,1,5.0,5.0
716,467,1,1,5.5,5.5
717,467,20,1,8.0,8.0
718,468,20,1,8.0,8.0
719,468,12,1,4.0,4.0
720,468,5,1,6.0,6.0
721,468,15,1,4.5,4.5
722,468,2,1,5.0,6.06
723,469,3,1,4.5,4.5
724,470,1,2,5.5,11.0
725,470,11,1,5.5,5.5
726,471,3,1,4.5,4.5
727,471,20,1,8.0,8.0
728,471,25,1,20.0,20.0
729,471,16,1,9.5,10.56
730,472,17,1,8.0,8.0
731,472,20,1,8.0,8.97
732,473,13,2,3.5,7.0
733,474,20,1,8.0,8.0
734,474,11,2,5.5,11.0
735,474,5,1,6.0,6.0
736,475,16,2,9.5,19.0
737,476,20,1,8.0,9.25
738,477,14,1,3.0,3.0
739,477,6,1,3.5,3.5
740,477,20,1,8.0,8.0
741,477,13,1,3.5,4.75
742,478,5,2,6.0,12.0
743,479,17,1,8.0,8.0
744,479,15,1,4.5,4.5
745,480,19,1,7.0,7.0
746,481,17,1,8.0,8.97
747,482,12,1,4.0,4.97
748,483,20,1,8.0,8.0
749,484,14,2,3.0,6.0
750,484,3,2,4.5,9.0
751,485,1,1,5.5,5.5
752,485,20,1,8.0,8.0
753,485,20,1,8.0,8.0
754,485,20,1,8.0,8.0
755,486,20,2,8.0,16.0
756,487,20,2,8.0,16.0
757,488,9,1,4.0,4.0
758,489,12,1,4.0,4.0
759,489,20,1,8.0,9.06
760,490,16,1,9.5,9.5
761,491,20,1,8.0,9.25
762,492,3,1,4.5,6.33
763,493,12,1,4.0,5.25
764,494,20,1,8.0,8.0
765,495,12,1,4.0,4.0
766,495,9,1,4.0,4.0
767,496,1,2,5.5,12.44
768,497,20,1,8.0,9.25
769,498,10,1,4.0,4.0
770,498,8,1,6.0,6.0
771,498,20,1,8.0,8.0
772,499,15,1,4.5,4.5
773,500,20,1,8.0,8.0
774,500,3,1,4.5,4.5
775,500,18,1,10.0,10.0
776,500,18,1,10.0,10.0
777,500,11,1,5.5,5.5
778,501,10,1,4.0,4.0
779,501,12,2,4.0,8.0
780,501,16,1,9.5,9.5
781,502,3,1,4.5,5.56
782,503,19,1,7.0,7.0
783,503,8,1,6.0,6.0
784,504,16,1,9.5,9.5
785,505,5,1,6.0,6.0
786,506,14,1,3.0,3.0
787,507,10,1,4.0,4.85
788,508,11,1,5.5,7.33
789,509,6,2,3.5,8.06
790,510,15,1,4.5,5.75
791,511,20,1,8.0,8.0
792,511,8,1,6.0,6.0
793,511,17,1,8.0,9.06
794,512,4,1,5.5,5.5
795,512,19,1,7.0,8.44
796,513,15,2,4.5,9.0
797,514,2,1,5.0,5.0
798,514,20,2,8.0,16.0
799,515,5,1,6.0,6.0
800,515,12,1,4.0,4.0
801,515,12,1,4.0,5.25
802,516,1,1,5.5,6.56
803,517,15,1,4.5,5.94
804,518,19,1,7.0,7.0
805,518,19,1,7.0,7.0
806,519,20,1,8.0,9.25
807,520,6,1,3.5,3.5
808,521,20,1,8.0,8.0
809,522,17,1,8.0,8.0
810,522,11,1,5.5,6.56
811,523,8,1,6.0,6.0
812,523,8,2,6.0,12.0
813,523,18,1,10.0,10.0
814,523,12,1,4.0,5.44
815,524,19,1,7.0,8.83
816,525,4,2,5.5,11.85
817,526,10,1,4.0,4.0
818,526,2,1,5.0,5.0
819,527,17,1,8.0,8.0
820,527,5,1,6.0,6.0
821,527,14,1,3.0,3.0
822,528,15,1,4.5,4.5
823,528,14,1,3.0,4.44
824,529,11,1,5.5,5.5
825,529,15,1,4.5,5.94
826,530,5,1,6.0,6.0
827,531,2,1,5.0,5.97
828,532,11,2,5.5,11.0
829,533,12,1,4.0,5.25
830,534,19,2,7.0,15.25
831,535,12,2,4.0,9.25
832,536,5,1,6.0,6.0
833,536,20,1,8.0,8.0
834,536,17,1,8.0,8.0
835,536,17,1,8.0,8.0
836,537,9,2,4.0,8.0
837,538,8,1,6.0,6.0
838,539,9,1,4.0,4.0
839,539,16,1,9.5,9.5
840,539,20,1,8.0,9.83
841,540,17,1,8.0,8.0
842,540,15,1,4.5,5.47
843,541,12,1,4.0,4.0
844,541,24,1,18.0,19.25
845,542,13,1,3.5,4.75
846,543,10,1,4.0,4.0
847,543,6,1,3.5,3.5
848,543,21,1,25.0,26.25
849,544,2,1,5.0,5.85
850,545,5,1,6.0,6.0
851,545,12,1,4.0,4.0
852,545,4,1,5.5,6.94
853,546,20,2,8.0,16.0
854,547,15,1,4.5,4.5
855,548,20,1,8.0,8.0
856,549,16,1,9.5,9.5
857,549,18,1,10.0,10.0
858,549,3,2,4.5,9.0
859,549,2,1,5.0,5.0
860,549,9,1,4.0,5.06
861,550,19,1,7.0,8.25
862,551,9,1,4.0,4.0
863,552,15,1,4.5,5.47
864,553,18,1,10.0,10.0
865,553,11,1,5.5,5.5
866,554,20,1,8.0,8.0
867,555,20,2,8.0,17.44
868,556,16,2,9.5,19.0
869,557,15,1,4.5,4.5
870,558,6,1,3.5,3.5
871,559,10,2,4.0,8.0
872,560,9,1,4.0,5.25
873,561,15,2,4.5,9.0
874,561,8,2,6.0,12.0
875,561,20,1,8.0,8.0
876,561,10,1,4.0,4.0
877,561,24,1,18.0,18.0
878,562,8,1,6.0,7.06
879,563,20,1,8.0,8.0
880,564,1,1,5.5,5.5
881,565,11,1,5.5,7.77
882,566,6,1,3.5,3.5
883,566,13,1,3.5,3.5
884,567,13,1,3.5,3.5
885,567,3,2,4.5,9.0
886,567,13,1,3.5,3.5
887,567,1,1,5.5,5.5
888,567,17,1,8.0,9.06
889,568,16,1,9.5,9.5
890,568,15,1,4.5,5.47
891,569,1,1,5.5,6.75
892,570,17,1,8.0,8.97
893,571,1,2,5.5,11.0
894,572,13,1,3.5,3.5
895,572,2,1,5.0,5.0
896,572,9,1,4.0,4.0
897,572,8,1,6.0,6.0
898,573,16,1,9.5,9.5
899,574,20,1,8.0,8.97
900,575,17,1,8.0,8.0
901,575,5,1,6.0,6.0
902,576,20,1,8.0,9.25
903,577,19,1,7.0,7.0
904,578,11,1,5.5,5.5
905,578,11,1,5.5,5.5
906,578,19,1,7.0,7.0
907,578,12,1,4.0,4.0
908,578,24,1,18.0,19.25
909,579,12,2,4.0,8.0
910,580,13,1,3.5,3.5
911,581,6,1,3.5,3.5
912,582,3,2,4.5,9.0
913,582,2,1,5.0,5.0
914,583,20,1,8.0,8.0
915,583,1,1,5.5,6.35
916,584,12,1,4.0,4.0
917,585,20,1,8.0,8.0
918,585,6,1,3.5,3.5
919,586,17,1,8.0,8.0
920,587,8,1,6.0,6.0
921,588,1,1,5.5,5.5
922,589,11,1,5.5,5.5
923,589,20,2,8.0,16.0
924,590,3,1,4.5,4.5
925,590,1,1,5.5,5.5
926,590,19,1,7.0,7.0
927,591,12,1,4.0,5.44
928,592,15,1,4.5,4.5
929,592,19,1,7.0,7.0
930,593,16,1,9.5,9.5
931,593,3,1,4.5,4.5
932,593,19,2,7.0,14.0
933,593,20,1,8.0,8.0
934,593,8,1,6.0,6.0
935,594,1,1,5.5,5.5
936,595,6,1,3.5,3.5
937,596,10,1,4.0,4.0
938,597,20,2,8.0,16.97
939,598,19,1,7.0,7.0
940,599,13,2,3.5,7.0
941,599,3,1,4.5,4.5
942,599,16,1,9.5,9.5
943,600,11,1,5.5,6.94
944,601,16,1,9.5,9.5
945,601,10,1,4.0,4.0
946,601,13,1,3.5,3.5
947,601,1,1,5.5,5.5
948,602,2,1,5.0,5.0
949,603,5,2,6.0,12.0
950,603,14,1,3.0,4.25
951,604,3,1,4.5,4.5
952,605,19,1,7.0,8.59
953,606,12,2,4.0,8.0
954,607,17,1,8.0,8.0
955,607,17,2,8.0,16.0
956,607,3,1,4.5,5.56
957,608,5,1,6.0,6.0
958,609,2,1,5.0,6.06
959,610,3,1,4.5,4.5
960,611,13,1,3.5,3.5
961,611,16,1,9.5,9.5
962,612,5,1,6.0,6.0
963,612,10,1,4.0,5.44
964,613,6,1,3.5,4.52
965,614,17,1,8.0,9.25
966,615,20,1,8.0,8.0
967,616,3,1,4.5,5.75
968,617,15,1,4.5,4.5
969,618,2,2,5.0,10.0
970,619,15,1,4.5,4.5
971,620,9,1,4.0,4.0
972,620,13,1,3.5,3.5
973,620,17,1,8.0,8.0
974,620,3,2,4.5,9.85
975,621,20,2,8.0,16.0
976,622,20,1,8.0,9.25
977,623,10,1,4.0,4.0
978,624,10,1,4.0,4.0
979,625,16,1,9.5,10.75
980,626,20,1,8.0,8.0
981,627,9,2,4.0,8.94
982,628,8,1,6.0,6.0
983,628,10,1,4.0,4.0
984,629,15,1,4.5,4.5
985,630,15,1,4.5,4.5
986,631,20,1,8.0,8.0
987,632,12,2,4.0,8.0
988,633,14,1,3.0,3.0
989,634,8,1,6.0,6.0
990,634,2,2,5.0,10.0
991,635,20,1,8.0,8.0
992,636,11,1,5.5,5.5
993,636,19,1,7.0,8.25
994,637,19,1,7.0,7.97
995,638,5,1,6.0,6.0
996,639,20,2,8.0,17.44
997,640,2,1,5.0,5.0
998,641,2,1,5.0,5.0
999,641,20,1,8.0,8.0
1000,642,5,1,6.0,6.0
1001,643,15,1,4.5,5.47
1002,644,14,1,3.0,3.97
1003,645,15,2,4.5,9.0
1004,646,16,1,9.5,9.5
1005,646,8,1,6.0,6.0
1006,646,20,1,8.0,9.02
1007,647,20,1,8.0,8.0
1008,648,15,1,4.5,4.5
1009,649,6,2,3.5,7.0
1010,649,15,2,4.5,10.06
1011,650,20,1,8.0,8.0
1012,651,13,1,3.5,3.5
1013,652,8,1,6.0,6.0
1014,652,8,1,6.0,6.0
1015,653,24,1,18.0,19.06
1016,654,8,1,6.0,6.0
1017,654,17,1,8.0,8.85
1018,655,12,1,4.0,4.97
1019,656,3,1,4.5,4.5
1020,657,6,1,3.5,3.5
1021,658,5,2,6.0,12.0
1022,659,19,1,7.0,7.0
1023,659,2,1,5.0,5.0
1024,659,20,1,8.0,9.59
1025,660,18,1,10.0,10.0
1026,661,14,1,3.0,3.0
1027,661,15,1,4.5,4.5
1028,661,13,1,3.5,3.5
1029,661,20,1,8.0,8.0
1030,661,14,1,3.0,4.25
1031,662,6,2,3.5,8.25
1032,663,12,1,4.0,4.0
1033,664,15,1,4.5,4.5
1034,665,11,1,5.5,5.5
1035,665,11,1,5.5,5.5
1036,666,3,1,4.5,4.5
1037,666,3,1,4.5,4.5
1038,667,4,1,5.5,5.5
1039,668,13,1,3.5,4.47
1040,669,6,1,3.5,3.5
1041,669,1,1,5.5,6.75
1042,670,18,1,10.0,10.0
1043,671,16,1,9.5,9.5
1044,672,13,1,3.5,4.52
1045,673,24,1,18.0,19.06
1046,674,2,2,5.0,10.0
1047,675,15,1,4.5,5.47
1048,676,20,1,8.0,8.0
1049,676,12,2,4.0,8.0
1050,676,12,2,4.0,9.02
1051,677,5,1,6.0,7.25
1052,678,13,1,3.5,3.5
1053,679,3,1,4.5,4.5
1054,679,14,2,3.0,6.0
1055,679,9,1,4.0,4.0
1056,679,14,1,3.0,3.0
1057,679,14,1,3.0,3.0
1058,680,10,1,4.0,5.44
1059,681,12,1,4.0,4.0
1060,682,11,1,5.5,5.5
1061,683,6,1,3.5,3.5
1062,684,17,1,8.0,9.02
1063,685,20,2,8.0,16.0
1064,685,2,1,5.0,6.25
1065,686,13,1,3.5,3.5
1066,686,15,1,4.5,4.5
1067,686,1,1,5.5,6.75
1068,687,20,1,8.0,8.0
1069,687,15,1,4.5,4.5
1070,687,3,1,4.5,4.5
1071,688,18,1,10.0,10.0
1072,689,6,2,3.5,7.0
1073,690,20,1,8.0,8.0
1074,691,15,1,4.5,6.09
1075,692,19,1,7.0,7.0
1076,693,6,1,3.5,3.5
1077,693,16,1,9.5,9.5
1078,693,13,1,3.5,3.5
1079,693,2,1,5.0,5.0
1080,693,3,1,4.5,4.5
1081,694,6,1,3.5,3.5
1082,695,5,1,6.0,6.0
1083,696,5,1,6.0,6.0
1084,696,10,1,4.0,4.0
1085,697,13,1,3.5,3.5
1086,698,13,1,3.5,3.5
1087,699,17,1,8.0,8.0
1088,700,5,1,6.0,6.0
1089,700,4,1,5.5,5.5
1090,700,13,1,3.5,3.5
1091,701,19,1,7.0,7.0
1092,701,3,1,4.5,4.5
1093,701,15,2,4.5,9.0
1094,701,17,1,8.0,8.0
1095,701,1,1,5.5,6.75
1096,702,18,1,10.0,10.0
1097,703,4,1,5.5,5.5
1098,704,6,1,3.5,3.5
1099,704,8,1,6.0,6.0
1100,705,3,1,4.5,4.5
1101,706,5,1,6.0,7.25
1102,707,18,1,10.0,11.59
1103,708,15,1,4.5,6.09
1104,709,16,1,9.5,10.35
1105,710,19,1,7.0,7.0
1106,711,8,1,6.0,6.0
1107,712,6,1,3.5,3.5
1108,712,1,1,5.5,5.5
1109,712,1,2,5.5,12.25
1110,713,18,1,10.0,10.0
1111,714,6,1,3.5,3.5
1112,715,1,1,5.5,6.56
1113,716,16,1,9.5,9.5
1114,717,2,1,5.0,5.0
1115,717,6,1,3.5,3.5
1116,718,10,1,4.0,4.0
1117,718,3,2,4.5,9.0
1118,718,2,1,5.0,5.97
1119,719,15,1,4.5,4.5
1120,719,11,1,5.5,5.5
1121,720,5,1,6.0,6.0
1122,720,6,1,3.5,5.09
1123,721,8,1,6.0,6.0
1124,722,16,1,9.5,9.5
1125,723,19,1,7.0,7.0
1126,723,5,1,6.0,7.25
1127,724,18,1,10.0,10.0
1128,725,19,1,7.0,7.0
1129,726,11,2,5.5,11.0
1130,727,17,1,8.0,8.0
1131,727,9,1,4.0,5.25
1132,728,4,2,5.5,12.44
1133,729,2,1,5.0,5.0
1134,730,17,2,8.0,16.0
1135,730,16,1,9.5,9.5
1136,731,2,1,5.0,5.0
1137,731,2,1,5.0,5.0
1138,731,9,1,4.0,4.0
1139,731,22,1,8.0,8.0
1140,732,25,1,20.0,20.0
1141,732,12,1,4.0,4.0
1142,733,16,1,9.5,10.94
1143,734,13,1,3.5,3.5
1144,734,9,1,4.0,4.0
1145,734,9,1,4.0,4.0
1146,734,15,1,4.5,5.75
1147,735,3,1,4.5,5.94
1148,736,13,1,3.5,4.94
1149,737,10,1,4.0,4.0
1150,737,15,1,4.5,4.5
1151,738,3,1,4.5,4.5
1152,739,3,1,4.5,4.5
1153,740,11,1,5.5,5.5
1154,741,13,1,3.5,4.52
1155,742,8,1,6.0,6.0
1156,743,6,1,3.5,3.5
1157,743,13,1,3.5,3.5
1158,744,19,2,7.0,14.0
1159,744,1,1,5.5,5.5
1160,744,6,1,3.5,3.5
1161,744,17,1,8.0,8.94
1162,745,13,2,3.5,7.0
1163,746,9,1,4.0,4.0
1164,746,15,1,4.5,4.5
1165,746,17,1,8.0,8.0
1166,746,1,2,5.5,11.0
1167,746,10,1,4.0,4.0
1168,747,11,1,5.5,5.5
1169,747,4,2,5.5,11.0
1170,747,4,1,5.5,5.5
1171,747,14,1,3.0,3.0
1172,747,18,2,10.0,20.0
1173,748,6,1,3.5,5.33
1174,749,6,1,3.5,4.75
1175,750,9,1,4.0,4.0
1176,751,6,1,3.5,3.5
1177,752,1,1,5.5,6.52
1178,753,14,1,3.0,3.0
1179,754,11,1,5.5,5.5
1180,754,10,1,4.0,4.0
1181,754,13,1,3.5,3.5
1182,754,18,1,10.0,10.97
1183,755,14,1,3.0,4.25
1184,756,11,1,5.5,6.75
1185,757,2,1,5.0,5.0
1186,758,12,1,4.0,4.0
1187,759,1,1,5.5,5.5
1188,760,16,1,9.5,9.5
1189,761,6,1,3.5,3.5
1190,761,1,1,5.5,5.5
1191,761,11,2,5.5,11.0
1192,761,1,1,5.5,5.5
1193,762,13,1,3.5,4.47
1194,763,15,1,4.5,4.5
1195,763,14,1,3.0,3.0
1196,763,1,2,5.5,11.0
1197,763,14,1,3.0,3.0
1198,764,6,1,3.5,3.5
1199,765,16,1,9.5,9.5
1200,766,9,1,4.0,4.97
1201,767,6,1,3.5,3.5
1202,768,1,1,5.5,5.5
1203,768,4,1,5.5,5.5
1204,768,15,1,4.5,4.5
1205,768,6,2,3.5,7.0
1206,768,3,1,4.5,5.47
1207,769,3,1,4.5,4.5
1208,769,18,1,10.0,10.0
1209,769,9,1,4.0,4.0
1210,769,16,1,9.5,9.5
1211,769,11,1,5.5,5.5
1212,770,19,1,7.0,7.0
1213,771,16,1,9.5,9.5
1214,771,1,1,5.5,5.5
1215,771,2,1,5.0,5.0
1216,771,17,1,8.0,9.25
1217,772,2,1,5.0,5.0
1218,772,8,1,6.0,6.0
1219,773,6,1,3.5,3.5
1220,773,8,1,6.0,6.0
1221,773,5,1,6.0,6.0
1222,773,19,2,7.0,14.0
1223,773,1,1,5.5,6.56
1224,774,2,1,5.0,5.0
1225,774,8,1,6.0,6.0
1226,775,17,1,8.0,8.0
1227,776,10,1,4.0,4.0
1228,777,16,1,9.5,9.5
1229,778,3,1,4.5,4.5
1230,779,2,1,5.0,5.0
1231,780,12,1,4.0,5.06
1232,781,5,1,6.0,6.0
1233,781,17,1,8.0,8.0
1234,781,15,2,4.5,9.0
1235,781,2,2,5.0,10.0
1236,782,19,1,7.0,7.94
1237,783,6,1,3.5,3.5
1238,783,18,2,10.0,20.0
1239,783,10,1,4.0,4.0
1240,783,15,1,4.5,5.75
1241,784,16,1,9.5,9.5
1242,784,8,1,6.0,6.0
1243,784,17,1,8.0,9.25
1244,785,15,1,4.5,4.5
1245,785,9,2,4.0,8.0
1246,786,14,1,3.0,3.0
1247,786,12,1,4.0,4.0
1248,786,18,1,10.0,11.59
1249,787,1,1,5.5,5.5
1250,787,14,1,3.0,3.0
1251,788,16,2,9.5,20.06
1252,789,14,2,3.0,6.94
1253,790,3,1,4.5,4.5
1254,790,12,2,4.0,8.0
1255,790,18,1,10.0,10.0
1256,790,25,1,20.0,20.0
1257,791,15,1,4.5,5.56
1258,792,13,2,3.5,8.59
1259,793,10,1,4.0,4.0
1260,793,5,1,6.0,6.0
1261,793,1,1,5.5,5.5
1262,793,13,2,3.5,7.0
1263,793,10,1,4.0,4.0
1264,794,21,1,25.0,25.0
1265,794,11,1,5.5,6.75
1266,795,14,1,3.0,3.0
1267,796,3,1,4.5,5.75
1268,797,15,1,4.5,4.5
1269,798,12,2,4.0,8.97
1270,799,16,1,9.5,9.5
1271,799,21,1,25.0,25.0
1272,800,15,1,4.5,6.33
1273,801,15,1,4.5,4.5
1274,802,2,1,5.0,5.0
1275,803,14,1,3.0,4.25
1276,804,3,1,4.5,5.47
1277,805,3,1,4.5,4.5
1278,805,6,1,3.5,3.5
1279,805,5,1,6.0,6.0
1280,805,2,1,5.0,5.0
1281,805,2,1,5.0,5.0
1282,806,11,1,5.5,5.5
1283,807,5,1,6.0,7.44
1284,808,6,2,3.5,8.06
1285,809,9,1,4.0,5.25
1286,810,5,1,6.0,7.25
1287,811,8,1,6.0,6.0
1288,812,17,1,8.0,8.0
1289,813,9,2,4.0,8.0
1290,813,13,1,3.5,3.5
1291,813,14,1,3.0,3.0
1292,813,9,1,4.0,4.0
1293,813,15,1,4.5,6.09
1294,814,6,1,3.5,3.5
1295,814,5,1,6.0,6.0
1296,815,13,2,3.5,7.0
1297,815,17,1,8.0,8.0
1298,816,10,1,4.0,4.0
1299,817,15,1,4.5,4.5
1300,818,17,1,8.0,8.0
1301,818,10,1,4.0,4.0
1302,818,5,1,6.0,6.0
1303,819,25,1,20.0,20.0
1304,820,12,1,4.0,4.85
1305,821,2,1,5.0,5.0
1306,821,11,1,5.5,5.5
1307,822,8,1,6.0,6.0
1308,822,11,1,5.5,5.5
1309,822,10,1,4.0,4.0
1310,823,4,1,5.5,5.5
1311,824,1,1,5.5,5.5
1312,824,8,1,6.0,6.0
1313,824,16,1,9.5,9.5
1314,824,9,1,4.0,4.94
1315,825,3,1,4.5,4.5
1316,825,9,1,4.0,4.0
1317,825,5,1,6.0,7.44
1318,826,13,1,3.5,3.5
1319,826,9,1,4.0,4.0
1320,826,17,1,8.0,8.0
1321,827,17,1,8.0,8.0
1322,827,4,1,5.5,5.5
1323,828,16,1,9.5,9.5
1324,828,3,1,4.5,4.5
1325,828,1,1,5.5,5.5
1326,828,6,1,3.5,3.5
1327,829,8,1,6.0,6.0
1328,830,15,1,4.5,4.5
1329,830,11,1,5.5,5.5
1330,830,17,1,8.0,8.0
1331,830,13,1,3.5,3.5
1332,830,17,1,8.0,8.0
1333,831,17,1,8.0,8.0
1334,831,18,1,10.0,10.0
1335,832,16,2,9.5,19.0
1336,833,17,2,8.0,17.44
1337,834,6,1,3.5,4.75
1338,835,2,2,5.0,10.0
1339,836,8,1,6.0,6.0
1340,837,3,1,4.5,4.5
1341,838,23,1,15.0,15.85
1342,839,13,1,3.5,5.09
1343,840,10,1,4.0,4.0
1344,841,12,1,4.0,4.0
1345,841,12,1,4.0,5.25
1346,842,13,1,3.5,4.75
1347,843,13,1,3.5,3.5
1348,843,14,1,3.0,3.0
1349,844,18,1,10.0,10.0
1350,844,9,1,4.0,4.0
1351,844,1,2,5.5,11.0
1352,844,11,1,5.5,5.5
1353,844,8,1,6.0,7.25
1354,845,9,2,4.0,9.02
1355,846,11,1,5.5,5.5
1356,847,17,1,8.0,9.44
1357,848,15,1,4.5,4.5
1358,849,24,1,18.0,18.0
1359,850,2,1,5.0,5.0
1360,850,19,1,7.0,8.25
1361,851,19,1,7.0,7.0
1362,851,8,1,6.0,6.0
1363,851,2,2,5.0,11.25
1364,852,20,1,8.0,8.0
1365,853,15,1,4.5,4.5
1366,853,2,1,5.0,5.0
1367,853,15,1,4.5,4.5
1368,854,1,1,5.5,5.5
1369,855,18,1,10.0,10.0
1370,855,3,1,4.5,4.5
1371,855,19,1,7.0,7.97
1372,856,9,1,4.0,4.0
1373,857,13,1,3.5,3.5
1374,857,9,1,4.0,5.25
1375,858,19,1,7.0,7.0
1376,859,16,1,9.5,9.5
1377,859,6,1,3.5,3.5
1378,859,10,1,4.0,4.0
1379,860,8,1,6.0,6.0
1380,861,24,1,18.0,18.0
1381,862,19,1,7.0,8.25
1382,863,14,1,3.0,4.25
1383,864,3,2,4.5,10.83
1384,865,19,2,7.0,14.0
1385,865,20,1,8.0,8.0
1386,866,11,1,5.5,5.5
1387,867,3,1,4.5,4.5
1388,867,5,1,6.0,6.0
1389,868,15,2,4.5,10.25
1390,869,10,2,4.0,8.0
1391,870,14,1,3.0,3.0
1392,871,19,1,7.0,7.0
1393,871,6,1,3.5,3.5
1394,872,14,1,3.0,3.0
1395,873,17,1,8.0,8.0
1396,874,10,1,4.0,4.0
1397,875,1,1,5.5,5.5
1398,876,11,1,5.5,5.5
1399,877,5,1,6.0,6.0
1400,878,16,1,9.5,9.5
1401,879,15,1,4.5,6.09
1402,880,5,1,6.0,6.0
1403,881,2,1,5.0,6.25
1404,882,16,1,9.5,9.5
1405,882,9,1,4.0,4.0
1406,883,5,1,6.0,6.0
1407,884,11,1,5.5,5.5
1408,884,15,1,4.5,5.47
1409,885,11,1,5.5,5.5
1410,885,2,1,5.0,6.25
1411,886,2,1,5.0,5.0
1412,886,5,1,6.0,6.0
1413,887,6,2,3.5,7.0
1414,888,16,1,9.5,9.5
1415,889,15,1,4.5,4.5
1416,889,12,1,4.0,4.0
1417,889,2,1,5.0,5.0
1418,889,5,2,6.0,12.0
1419,890,6,1,3.5,3.5
1420,890,4,2,5.5,11.0
1421,890,9,1,4.0,4.0
1422,890,16,2,9.5,19.0
1423,890,24,1,18.0,18.0
1424,891,18,1,10.0,10.0
1425,892,14,2,3.0,7.44
1426,893,8,1,6.0,6.94
1427,894,15,2,4.5,10.59
1428,895,2,1,5.0,5.0
1429,896,3,1,4.5,4.5
1430,896,15,1,4.5,5.47
1431,897,19,1,7.0,7.0
1432,898,1,1,5.5,6.75
1433,899,21,1,25.0,25.0
1434,900,16,2,9.5,19.0
1435,900,13,1,3.5,3.5
1436,901,16,1,9.5,9.5
1437,902,14,1,3.0,3.0
1438,903,10,1,4.0,4.0
1439,903,15,1,4.5,4.5
1440,904,11,1,5.5,6.94
1441,905,8,1,6.0,7.06
1442,906,6,2,3.5,7.0
1443,906,14,2,3.0,6.0
1444,906,13,1,3.5,3.5
1445,906,4,1,5.5,5.5
1446,907,5,1,6.0,6.0
1447,908,2,1,5.0,6.83
1448,909,12,1,4.0,5.44
1449,910,16,1,9.5,9.5
1450,911,18,1,10.0,10.0
1451,912,10,1,4.0,4.0
1452,912,2,1,5.0,5.0
1453,913,2,2,5.0,10.0
1454,914,2,1,5.0,5.0
1455,915,10,1,4.0,4.0
1456,916,12,1,4.0,4.0
1457,917,15,1,4.5,5.75
1458,918,9,1,4.0,4.0
1459,919,3,1,4.5,4.5
1460,919,18,1,10.0,11.44
1461,920,5,1,6.0,7.06
1462,921,6,1,3.5,4.75
1463,922,13,1,3.5,4.75
1464,923,6,1,3.5,3.5
1465,924,14,1,3.0,3.0
1466,924,12,1,4.0,4.0
1467,925,16,1,9.5,10.56
1468,926,1,1,5.5,5.5
1469,927,9,2,4.0,8.0
1470,927,2,1,5.0,5.0
1471,927,4,1,5.5,5.5
1472,927,10,1,4.0,4.0
1473,928,13,1,3.5,3.5
1474,929,10,1,4.0,4.0
1475,930,21,1,25.0,25.0
1476,931,4,1,5.5,5.5
1477,932,6,2,3.5,7.0
1478,933,12,1,4.0,4.0
1479,934,21,1,25.0,25.0
1480,935,10,2,4.0,9.44
1481,936,12,1,4.0,4.94
1482,937,5,1,6.0,6.0
1483,938,3,1,4.5,4.5
1484,938,18,1,10.0,10.0
1485,938,13,1,3.5,3.5
1486,938,12,1,4.0,5.59
1487,939,10,1,4.0,5.25
1488,940,6,1,3.5,3.5
1489,941,5,2,6.0,12.0
1490,941,18,1,10.0,10.0
1491,941,11,1,5.5,5.5
1492,941,1,1,5.5,5.5
1493,941,10,1,4.0,4.0
1494,942,1,1,5.5,5.5
1495,942,2,1,5.0,5.0
1496,942,15,1,4.5,4.5
1497,943,2,1,5.0,5.85
1498,944,12,1,4.0,4.0
1499,945,25,1,20.0,20.0
1500,946,3,1,4.5,4.5
1501,947,10,2,4.0,8.0
1502,948,1,1,5.5,5.5
1503,948,19,1,7.0,7.0
1504,948,6,2,3.5,7.0
1505,949,16,2,9.5,19.0
1506,950,1,2,5.5,11.0
1507,951,15,1,4.5,5.75
1508,952,10,1,4.0,5.25
1509,953,15,1,4.5,4.5
1510,953,3,1,4.5,4.5
1511,953,1,1,5.5,5.5
1512,953,17,1,8.0,9.11
1513,954,24,1,18.0,18.0
1514,954,5,1,6.0,6.0
1515,954,11,2,5.5,12.02
1516,955,16,1,9.5,9.5
1517,955,6,1,3.5,3.5
1518,956,6,2,3.5,7.0
1519,957,9,1,4.0,4.0
1520,958,1,1,5.5,5.5
1521,959,16,1,9.5,9.5
1522,959,14,1,3.0,4.25
1523,960,6,1,3.5,4.94
1524,961,10,1,4.0,5.25
1525,962,15,1,4.5,4.5
1526,963,10,1,4.0,5.25
1527,964,11,2,5.5,11.0
1528,964,13,1,3.5,3.5
1529,964,8,1,6.0,6.0
1530,964,2,1,5.0,5.0
1531,964,19,1,7.0,8.25
1532,965,10,1,4.0,5.59
1533,966,14,1,3.0,4.44
1534,967,9,1,4.0,4.0
1535,968,5,2,6.0,12.0
1536,968,11,1,5.5,5.5
1537,969,24,1,18.0,18.0
1538,969,3,1,4.5,4.5
1539,969,1,2,5.5,11.0
1540,969,13,1,3.5,3.5
1541,969,14,1,3.0,3.97
1542,970,8,1,6.0,6.0
1543,971,5,1,6.0,6.0
1544,972,16,1,9.5,11.09
1545,973,8,2,6.0,12.0
1546,974,12,1,4.0,5.25
1547,975,16,1,9.5,9.5
1548,975,2,1,5.0,5.0
1549,976,12,1,4.0,4.94
1550,977,6,1,3.5,5.77
1551,978,17,2,8.0,16.0
1552,978,6,1,3.5,3.5
1553,979,9,1,4.0,4.0
1554,979,8,1,6.0,6.0
1555,979,10,1,4.0,4.0
1556,979,3,1,4.5,5.75
1557,980,19,2,7.0,14.0
1558,980,1,1,5.5,5.5
1559,981,2,2,5.0,10.0
1560,982,1,1,5.5,5.5
1561,983,15,2,4.5,11.27
1562,984,10,1,4.0,4.0
1563,985,2,1,5.0,6.11
1564,986,13,2,3.5,7.0
1565,987,14,1,3.0,3.0
1566,988,11,1,5.5,6.48
1567,989,2,1,5.0,5.0
1568,989,18,1,10.0,10.0
1569,989,2,2,5.0,10.0
1570,989,9,1,4.0,4.0
1571,989,13,1,3.5,3.5
1572,990,9,1,4.0,4.0
1573,991,2,1,5.0,6.25
1574,992,6,1,3.5,3.5
1575,993,16,2,9.5,19.0
1576,993,15,1,4.5,4.5
1577,994,12,1,4.0,4.0
1578,994,2,1,5.0,5.0
1579,994,14,1,3.0,3.0
1580,995,11,2,5.5,12.25
1581,996,6,1,3.5,3.5
1582,997,19,1,7.0,7.0
1583,997,22,1,8.0,9.25
1584,998,16,1,9.5,9.5
1585,998,1,1,5.5,5.5
1586,998,14,1,3.0,3.0
1587,999,14,2,3.0,6.0
1588,999,13,1,3.5,3.5
1589,999,6,2,3.5,8.59
1590,1000,9,1,4.0,4.0
1591,1000,9,1,4.0,4.0
1592,1000,18,1,10.0,11.25
1593,1001,6,1,3.5,3.5
1594,1001,9,2,4.0,8.0
1595,1002,6,2,3.5,7.0
1596,1003,11,2,5.5,11.0
1597,1004,2,1,5.0,5.0
1598,1004,12,1,4.0,4.0
1599,1004,8,2,6.0,12.0
1600,1004,12,1,4.0,4.0
1601,1004,15,2,4.5,10.25
1602,1005,2,1,5.0,5.0
1603,1005,16,1,9.5,9.5
1604,1005,8,2,6.0,12.0
1605,1006,8,1,6.0,6.0
1606,1007,8,1,6.0,6.0
1607,1007,19,1,7.0,7.0
1608,1008,6,1,3.5,3.5
1609,1008,13,1,3.5,3.5
1610,1008,14,1,3.0,3.0
1611,1008,11,1,5.5,5.5
1612,1009,15,1,4.5,5.47
1613,1010,14,1,3.0,3.0
1614,1010,5,1,6.0,7.59
1615,1011,15,1,4.5,4.5
1616,1012,10,1,4.0,5.25
1617,1013,11,2,5.5,11.0
1618,1013,8,1,6.0,6.0
1619,1013,15,1,4.5,4.5
1620,1014,12,1,4.0,4.0
1621,1014,1,1,5.5,5.5
1622,1014,18,2,10.0,20.0
1623,1015,1,1,5.5,5.5
1624,1016,8,1,6.0,6.0
1625,1016,8,2,6.0,12.0
1626,1016,8,1,6.0,6.0
1627,1017,12,2,4.0,8.0
1628,1018,2,1,5.0,5.0
1629,1019,25,1,20.0,20.0
1630,1019,8,1,6.0,6.0
1631,1020,17,2,8.0,16.0
1632,1020,24,1,18.0,18.0
1633,1021,17,2,8.0,16.0
1634,1021,6,1,3.5,3.5
1635,1021,11,2,5.5,11.0
1636,1021,12,1,4.0,4.0
1637,1021,3,1,4.5,5.52
1638,1022,15,2,4.5,9.0
1639,1022,16,1,9.5,10.75
1640,1023,2,1,5.0,5.0
1641,1024,12,1,4.0,4.0
1642,1025,6,2,3.5,7.0
1643,1025,14,1,3.0,3.0
1644,1025,3,1,4.5,4.5
1645,1025,10,1,4.0,4.0
1646,1026,10,1,4.0,4.0
1647,1026,15,1,4.5,4.5
1648,1026,9,1,4.0,4.0
1649,1026,15,1,4.5,4.5
1650,1026,11,1,5.5,5.5
1651,1027,5,2,6.0,12.0
1652,1027,1,1,5.5,5.5
1653,1028,2,1,5.0,5.0
1654,1029,5,1,6.0,6.0
1655,1029,14,1,3.0,4.11
1656,1030,4,1,5.5,5.5
1657,1031,8,1,6.0,6.0
1658,1031,17,1,8.0,9.06
1659,1032,18,1,10.0,10.0
1660,1033,10,1,4.0,4.0
1661,1034,11,1,5.5,6.56
1662,1035,8,1,6.0,6.0
1663,1036,16,1,9.5,9.5
1664,1037,3,1,4.5,4.5
1665,1037,6,1,3.5,3.5
1666,1037,5,2,6.0,13.25
1667,1038,10,1,4.0,4.98
1668,1039,14,1,3.0,3.0
1669,1040,16,1,9.5,9.5
1670,1040,13,1,3.5,4.75
1671,1041,11,1,5.5,5.5
1672,1041,19,1,7.0,7.0
1673,1042,5,2,6.0,12.0
1674,1042,15,1,4.5,4.5
1675,1043,3,1,4.5,4.5
1676,1044,16,1,9.5,9.5
1677,1045,10,1,4.0,4.0
1678,1046,5,1,6.0,6.0
1679,1046,14,2,3.0,6.0
1680,1046,12,1,4.0,4.0
1681,1046,3,1,4.5,4.5
1682,1046,2,2,5.0,10.0
1683,1047,3,2,4.5,10.25
1684,1048,8,1,6.0,6.0
1685,1048,1,1,5.5,5.5
1686,1048,14,1,3.0,3.0
1687,1048,3,1,4.5,4.5
1688,1048,25,1,20.0,20.0
1689,1049,16,1,9.5,9.5
1690,1049,15,1,4.5,4.5
1691,1049,3,1,4.5,4.5
1692,1049,16,1,9.5,9.5
1693,1050,15,2,4.5,9.0
1694,1050,8,1,6.0,6.0
1695,1050,1,1,5.5,6.75
1696,1051,13,2,3.5,7.0
1697,1051,9,1,4.0,4.0
1698,1051,14,1,3.0,4.06
1699,1052,12,1,4.0,4.0
1700,1052,12,1,4.0,4.0
1701,1053,1,2,5.5,12.25
1702,1054,16,1,9.5,9.5
1703,1055,5,1,6.0,6.0
1704,1055,18,2,10.0,20.0
1705,1055,15,2,4.5,10.25
1706,1056,14,1,3.0,3.0
1707,1057,5,1,6.0,6.0
1708,1058,11,1,5.5,5.5
1709,1058,6,1,3.5,3.5
1710,1058,3,2,4.5,9.0
1711,1058,14,1,3.0,3.0
1712,1058,11,2,5.5,11.0
1713,1059,19,1,7.0,7.0
1714,1060,16,1,9.5,9.5
1715,1060,6,1,3.5,4.94
1716,1061,11,1,5.5,5.5
1717,1061,8,1,6.0,6.0
1718,1061,17,1,8.0,8.0
1719,1061,2,1,5.0,5.0
1720,1061,10,1,4.0,4.0
1721,1062,11,1,5.5,6.35
1722,1063,8,1,6.0,7.25
1723,1064,3,1,4.5,4.5
1724,1065,17,1,8.0,8.0
1725,1065,13,1,3.5,3.5
1726,1066,5,1,6.0,7.25
1727,1067,15,1,4.5,4.5
1728,1068,10,2,4.0,8.0
1729,1069,12,1,4.0,4.0
1730,1070,9,2,4.0,8.0
1731,1071,12,1,4.0,4.0
1732,1071,18,1,10.0,10.98
1733,1072,13,1,3.5,3.5
1734,1072,18,1,10.0,10.0
1735,1073,18,1,10.0,10.0
1736,1074,11,2,5.5,11.97
1737,1075,4,1,5.5,6.35
1738,1076,2,1,5.0,6.06
1739,1077,2,2,5.0,10.0
1740,1078,1,1,5.5,5.5
1741,1079,18,1,10.0,11.06
1742,1080,6,1,3.5,3.5
1743,1081,19,1,7.0,7.0
1744,1082,12,1,4.0,4.0
1745,1082,6,1,3.5,3.5
1746,1082,3,1,4.5,4.5
1747,1083,2,1,5.0,5.0
1748,1083,6,1,3.5,3.5
1749,1084,1,1,5.5,7.33
1750,1085,9,1,4.0,4.0
1751,1086,6,1,3.5,3.5
1752,1087,15,1,4.5,5.44
1753,1088,18,1,10.0,10.0
1754,1088,6,1,3.5,3.5
1755,1088,8,1,6.0,6.0
1756,1088,18,1,10.0,10.0
1757,1088,3,1,4.5,4.5
1758,1089,5,2,6.0,13.25
1759,1090,2,1,5.0,5.0
1760,1091,16,1,9.5,10.52
1761,1092,6,1,3.5,3.5
1762,1092,1,1,5.5,5.5
1763,1092,10,1,4.0,4.0
1764,1092,2,1,5.0,5.0
1765,1093,10,1,4.0,4.0
1766,1093,9,1,4.0,4.0
1767,1094,2,1,5.0,5.0
1768,1095,13,1,3.5,3.5
1769,1096,17,1,8.0,8.0
1770,1096,9,1,4.0,4.0
1771,1096,12,1,4.0,4.0
1772,1097,11,1,5.5,5.5
1773,1098,15,1,4.5,5.48
1774,1099,19,1,7.0,7.0
1775,1100,1,1,5.5,5.5
1776,1101,9,1,4.0,4.0
1777,1101,16,1,9.5,9.5
1778,1101,10,1,4.0,4.0
1779,1101,14,1,3.0,3.0
1780,1102,9,1,4.0,4.0
1781,1102,9,1,4.0,4.0
1782,1102,9,1,4.0,4.0
1783,1103,13,2,3.5,7.0
1784,1103,4,1,5.5,5.5
1785,1103,10,1,4.0,4.0
1786,1103,3,1,4.5,4.5
1787,1103,11,1,5.5,5.5
1788,1104,10,1,4.0,4.0
1789,1105,15,1,4.5,4.5
1790,1106,8,1,6.0,7.25
1791,1107,13,1,3.5,4.47
1792,1108,12,1,4.0,5.06
1793,1109,16,1,9.5,10.47
1794,1110,15,1,4.5,4.5
1795,1110,4,1,5.5,5.5
1796,1110,19,1,7.0,7.0
1797,1111,1,1,5.5,6.56
1798,1112,14,1,3.0,3.0
1799,1112,10,1,4.0,4.0
1800,1113,15,2,4.5,9.0
1801,1113,9,2,4.0,8.0
1802,1114,16,1,9.5,9.5
1803,1114,11,1,5.5,5.5
1804,1115,6,2,3.5,7.0
1805,1116,5,2,6.0,12.0
1806,1116,5,1,6.0,6.0
1807,1116,2,1,5.0,5.0
1808,1116,9,2,4.0,8.0
1809,1117,5,1,6.0,6.0
1810,1118,13,1,3.5,3.5
1811,1118,6,1,3.5,3.5
1812,1118,15,1,4.5,4.5
1813,1118,1,1,5.5,5.5
1814,1119,13,1,3.5,3.5
1815,1119,8,2,6.0,12.0
1816,1119,6,1,3.5,3.5
1817,1119,8,1,6.0,7.25
1818,1120,11,1,5.5,5.5
1819,1121,21,1,25.0,26.25
1820,1122,9,1,4.0,4.98
1821,1123,2,1,5.0,5.0
1822,1124,16,2,9.5,19.0
1823,1125,9,2,4.0,8.0
1824,1125,1,2,5.5,11.0
1825,1126,2,2,5.0,10.0
1826,1127,6,1,3.5,3.5
1827,1127,4,1,5.5,5.5
1828,1128,6,1,3.5,3.5
1829,1128,4,1,5.5,5.5
1830,1128,1,2,5.5,11.0
1831,1128,3,1,4.5,4.5
1832,1128,17,1,8.0,8.0
1833,1129,18,1,10.0,10.0
1834,1129,5,2,6.0,12.0
1835,1129,16,1,9.5,9.5
1836,1130,14,1,3.0,4.44
1837,1131,2,1,5.0,5.0
1838,1132,2,1,5.0,6.25
1839,1133,8,1,6.0,6.0
1840,1134,17,1,8.0,8.0
1841,1134,10,1,4.0,4.0
1842,1134,5,1,6.0,7.48
1843,1135,15,1,4.5,4.5
1844,1136,12,1,4.0,4.0
1845,1136,3,1,4.5,4.5
1846,1136,11,1,5.5,5.5
1847,1137,8,1,6.0,6.0
1848,1137,6,1,3.5,3.5
1849,1138,13,1,3.5,4.75
1850,1139,16,1,9.5,9.5
1851,1140,15,1,4.5,4.5
1852,1140,13,2,3.5,8.44
1853,1141,19,1,7.0,7.0
1854,1141,6,1,3.5,3.5
1855,1142,11,1,5.5,5.5
1856,1143,4,1,5.5,6.56
1857,1144,23,1,15.0,15.0
1858,1145,15,1,4.5,4.5
1859,1146,8,1,6.0,7.25
1860,1147,19,1,7.0,7.0
1861,1147,3,1,4.5,5.48
1862,1148,12,1,4.0,5.25
1863,1149,1,1,5.5,5.5
1864,1150,10,1,4.0,4.0
1865,1151,3,2,4.5,9.0
1866,1151,2,1,5.0,5.0
1867,1151,16,1,9.5,9.5
1868,1152,22,1,8.0,8.0
1869,1152,11,1,5.5,5.5
1870,1152,12,1,4.0,4.0
1871,1152,19,2,7.0,15.25
1872,1153,17,1,8.0,8.0
1873,1153,4,1,5.5,6.75
1874,1154,6,1,3.5,3.5
1875,1154,8,1,6.0,6.0
1876,1154,9,1,4.0,4.0
1877,1155,14,1,3.0,3.0
1878,1156,5,1,6.0,6.0
1879,1157,13,1,3.5,3.5
1880,1158,5,1,6.0,6.0
1881,1158,22,1,8.0,8.0
1882,1159,17,1,8.0,8.0
1883,1160,11,1,5.5,5.5
1884,1160,11,1,5.5,5.5
1885,1160,1,1,5.5,5.5
1886,1160,23,1,15.0,15.0
1887,1160,5,1,6.0,6.0
1888,1161,2,1,5.0,5.0
1889,1162,19,1,7.0,8.59
1890,1163,2,1,5.0,5.98
1891,1164,5,1,6.0,6.0
1892,1164,18,1,10.0,10.0
1893,1164,1,1,5.5,6.48
1894,1165,13,1,3.5,3.5
1895,1166,18,2,10.0,20.0
1896,1166,11,2,5.5,11.0
1897,1166,9,2,4.0,8.0
1898,1166,3,2,4.5,9.0
1899,1166,9,2,4.0,8.0
1900,1167,15,2,4.5,10.06
1901,1168,14,1,3.0,3.0
1902,1168,1,1,5.5,5.5
1903,1168,5,1,6.0,6.0
1904,1169,2,1,5.0,5.97
1905,1170,18,1,10.0,10.0
1906,1171,17,1,8.0,8.0
1907,1171,19,1,7.0,7.0
1908,1172,14,1,3.0,3.97
1909,1173,16,2,9.5,19.0
1910,1174,8,1,6.0,6.0
1911,1175,10,1,4.0,4.0
1912,1175,8,1,6.0,6.0
1913,1175,1,1,5.5,5.5
1914,1175,13,1,3.5,3.5
1915,1176,11,1,5.5,5.5
1916,1177,16,2,9.5,19.0
1917,1178,18,1,10.0,11.11
1918,1179,2,1,5.0,5.0
1919,1180,11,1,5.5,5.5
1920,1181,1,1,5.5,6.48
1921,1182,1,1,5.5,6.75
1922,1183,16,1,9.5,9.5
1923,1184,10,1,4.0,4.0
1924,1185,17,1,8.0,8.0
1925,1185,16,2,9.5,19.0
1926,1186,3,1,4.5,4.5
1927,1187,2,1,5.0,5.0
1928,1188,4,1,5.5,5.5
1929,1188,19,1,7.0,7.0
1930,1188,13,1,3.5,3.5
1931,1189,8,1,6.0,6.0
1932,1190,3,1,4.5,4.5
1933,1191,16,1,9.5,9.5
1934,1192,1,1,5.5,5.5
1935,1193,17,1,8.0,8.0
1936,1193,14,1,3.0,3.0
1937,1194,16,1,9.5,9.5
1938,1194,11,1,5.5,6.75
1939,1195,4,1,5.5,5.5
1940,1196,5,1,6.0,6.0
1941,1197,9,1,4.0,4.0
1942,1198,15,1,4.5,5.61
1943,1199,9,1,4.0,4.0
1944,1200,21,1,25.0,25.0
1945,1201,2,1,5.0,6.02
1946,1202,9,1,4.0,4.0
1947,1202,8,2,6.0,12.0
1948,1202,18,1,10.0,10.0
1949,1203,11,2,5.5,11.94
1950,1204,8,2,6.0,14.27
1951,1205,5,1,6.0,6.0
1952,1206,9,1,4.0,4.0
1953,1207,3,2,4.5,9.0
1954,1207,9,1,4.0,4.0
1955,1208,24,1,18.0,18.0
1956,1209,2,1,5.0,5.0
1957,1210,14,1,3.0,3.0
1958,1211,6,1,3.5,3.5
1959,1211,2,1,5.0,5.0
1960,1211,2,1,5.0,5.0
1961,1212,3,1,4.5,4.5
1962,1212,15,1,4.5,4.5
1963,1212,1,1,5.5,5.5
1964,1212,13,1,3.5,4.75
1965,1213,10,1,4.0,5.25
1966,1214,15,1,4.5,4.5
1967,1215,15,1,4.5,4.5
1968,1216,12,1,4.0,5.25
1969,1217,9,1,4.0,4.0
1970,1218,5,1,6.0,6.0
1971,1218,19,2,7.0,14.0
1972,1218,1,1,5.5,5.5
1973,1218,24,1,18.0,18.97
1974,1219,15,1,4.5,4.5
1975,1220,14,1,3.0,3.98
1976,1221,5,1,6.0,7.25
1977,1222,10,1,4.0,4.0
1978,1222,9,1,4.0,4.0
1979,1222,5,2,6.0,12.0
1980,1222,18,1,10.0,11.44
1981,1223,1,1,5.5,6.52
1982,1224,1,1,5.5,5.5
1983,1224,3,2,4.5,9.0
1984,1225,5,2,6.0,12.0
1985,1226,11,1,5.5,6.48
1986,1227,13,1,3.5,3.5
1987,1227,10,1,4.0,4.0
1988,1227,15,1,4.5,5.75
1989,1228,14,2,3.0,6.0
1990,1228,19,2,7.0,14.0
1991,1229,9,1,4.0,4.0
1992,1229,4,1,5.5,5.5
1993,1229,8,1,6.0,6.0
1994,1229,5,2,6.0,12.0
1995,1229,8,1,6.0,6.0
1996,1230,9,1,4.0,4.0
1997,1231,11,1,5.5,5.5
1998,1231,11,1,5.5,6.61
1999,1232,19,1,7.0,7.0
2000,1233,13,1,3.5,3.5
2001,1233,11,1,5.5,5.5
2002,1233,15,1,4.5,4.5
2003,1233,11,2,5.5,12.25
2004,1234,11,2,5.5,11.0
2005,1235,5,2,6.0,12.0
2006,1236,8,1,6.0,6.0
2007,1237,13,1,3.5,3.5
2008,1237,19,1,7.0,7.0
2009,1238,6,2,3.5,7.0
2010,1239,8,1,6.0,6.0
2011,1239,10,1,4.0,4.0
2012,1239,12,1,4.0,4.0
2013,1240,17,1,8.0,8.0
2014,1241,13,1,3.5,3.5
2015,1242,5,1,6.0,6.0
2016,1243,4,1,5.5,5.5
2017,1243,16,1,9.5,9.5
2018,1244,2,1,5.0,5.0
2019,1244,14,2,3.0,6.0
2020,1245,17,1,8.0,8.0
2021,1246,13,1,3.5,4.48
2022,1247,18,1,10.0,10.0
2023,1248,10,1,4.0,4.0
2024,1249,5,1,6.0,6.0
2025,1250,18,1,10.0,10.0
2026,1251,18,2,10.0,20.0
2027,1252,6,1,3.5,4.98
2028,1253,3,1,4.5,6.09
2029,1254,3,1,4.5,4.5
2030,1255,5,1,6.0,6.0
2031,1255,6,2,3.5,8.83
2032,1256,4,1,5.5,6.94
2033,1257,2,1,5.0,5.0
2034,1258,11,1,5.5,5.5
2035,1258,13,1,3.5,3.5
2036,1259,15,1,4.5,4.5
2037,1259,18,1,10.0,10.0
2038,1259,1,2,5.5,11.0
2039,1259,8,1,6.0,6.0
2040,1259,19,1,7.0,7.0
2041,1260,2,1,5.0,5.0
2042,1261,2,2,5.0,10.0
2043,1262,1,2,5.5,11.0
2044,1262,3,2,4.5,9.0
2045,1263,24,1,18.0,18.0
2046,1264,15,1,4.5,4.5
2047,1265,11,1,5.5,5.5
2048,1266,11,1,5.5,5.5
2049,1267,1,1,5.5,6.56
2050,1268,9,1,4.0,4.0
2051,1269,3,1,4.5,4.5
2052,1270,2,1,5.0,5.0
2053,1270,3,1,4.5,4.5
2054,1270,12,1,4.0,4.0
2055,1270,8,1,6.0,6.0
2056,1271,3,1,4.5,4.5
2057,1271,19,2,7.0,15.11
2058,1272,6,1,3.5,3.5
2059,1273,6,1,3.5,3.5
2060,1274,9,1,4.0,4.0
2061,1275,10,1,4.0,4.0
2062,1276,1,1,5.5,5.5
2063,1276,9,1,4.0,5.25
2064,1277,15,2,4.5,9.0
2065,1277,11,1,5.5,6.52
2066,1278,18,2,10.0,21.25
2067,1279,15,1,4.5,5.56
2068,1280,2,1,5.0,5.0
2069,1281,8,1,6.0,6.0
2070,1281,18,1,10.0,11.44
2071,1282,13,1,3.5,3.5
2072,1283,3,1,4.5,4.5
2073,1284,5,1,6.0,6.0
2074,1285,3,1,4.5,4.5
2075,1285,18,1,10.0,10.0
2076,1286,10,1,4.0,4.0
2077,1287,19,1,7.0,7.0
2078,1287,11,1,5.5,5.5
2079,1287,2,2,5.0,10.0
2080,1288,10,1,4.0,4.0
2081,1289,5,2,6.0,12.0
2082,1290,19,1,7.0,7.0
2083,1291,10,1,4.0,4.0
2084,1292,9,1,4.0,4.0
2085,1292,16,1,9.5,11.09
2086,1293,12,1,4.0,5.25
2087,1294,3,1,4.5,4.5
2088,1295,14,1,3.0,3.0
2089,1295,25,1,20.0,20.0
2090,1295,3,2,4.5,9.0
2091,1296,8,1,6.0,6.0
2092,1297,16,1,9.5,9.5
2093,1297,11,2,5.5,11.0
2094,1297,15,1,4.5,4.5
2095,1298,5,2,6.0,13.25
2096,1299,2,1,5.0,5.85
2097,1300,17,1,8.0,8.0
2098,1301,13,1,3.5,5.09
2099,1302,8,2,6.0,12.0
2100,1303,18,1,10.0,10.0
2101,1303,18,1,10.0,10.0
2102,1304,1,1,5.5,5.5
2103,1305,11,1,5.5,7.33
2104,1306,8,1,6.0,7.59
2105,1307,9,1,4.0,4.0
2106,1308,19,2,7.0,14.0
2107,1309,11,1,5.5,5.5
2108,1310,1,1,5.5,6.98
2109,1311,1,1,5.5,6.48
2110,1312,15,1,4.5,4.5
2111,1313,1,1,5.5,5.5
2112,1314,15,1,4.5,4.5
2113,1315,9,1,4.0,4.0
2114,1316,5,1,6.0,7.44
2115,1317,8,1,6.0,6.0
2116,1318,23,1,15.0,15.0
2117,1319,19,1,7.0,7.0
2118,1320,11,1,5.5,5.5
2119,1321,17,1,8.0,8.0
2120,1322,6,1,3.5,4.75
2121,1323,12,1,4.0,4.0
2122,1324,8,1,6.0,6.0
2123,1324,18,1,10.0,10.0
2124,1325,13,1,3.5,3.5
2125,1325,15,2,4.5,10.11
2126,1326,1,1,5.5,5.5
2127,1326,5,1,6.0,6.0
2128,1326,2,1,5.0,5.0
2129,1327,10,2,4.0,9.25
2130,1328,2,2,5.0,10.0
2131,1329,5,1,6.0,6.85
2132,1330,8,1,6.0,6.0
2133,1331,11,1,5.5,5.5
2134,1332,3,1,4.5,5.47
2135,1333,16,1,9.5,10.56
2136,1334,2,1,5.0,5.0
2137,1335,13,1,3.5,3.5
2138,1335,23,1,15.0,15.0
2139,1336,2,1,5.0,5.0
2140,1336,8,1,6.0,6.0
2141,1337,10,1,4.0,4.97
2142,1338,5,1,6.0,6.0
2143,1339,2,1,5.0,5.0
2144,1339,24,1,18.0,18.0
2145,1339,8,1,6.0,7.3
2146,1340,6,1,3.5,3.5
2147,1340,12,1,4.0,4.0
2148,1340,13,1,3.5,3.5
2149,1340,13,1,3.5,3.5
2150,1341,8,2,6.0,12.0
2151,1342,1,1,5.5,5.5
2152,1343,1,1,5.5,5.5
2153,1344,9,1,4.0,5.11
2154,1345,5,1,6.0,6.0
2155,1345,21,1,25.0,25.0
2156,1346,2,2,5.0,11.59
2157,1347,2,1,5.0,6.06
2158,1348,16,1,9.5,9.5
2159,1348,9,1,4.0,4.0
2160,1348,6,1,3.5,3.5
2161,1348,1,1,5.5,5.5
2162,1349,17,1,8.0,8.0
2163,1349,10,1,4.0,4.0
2164,1349,1,1,5.5,5.5
2165,1349,5,1,6.0,6.0
2166,1350,6,1,3.5,3.5
2167,1351,8,2,6.0,12.0
2168,1351,10,2,4.0,8.0
2169,1351,10,2,4.0,8.0
2170,1351,2,1,5.0,5.0
2171,1351,1,1,5.5,5.5
2172,1352,1,1,5.5,5.5
2173,1353,10,1,4.0,5.44
2174,1354,25,1,20.0,20.0
2175,1355,6,1,3.5,3.5
2176,1355,15,2,4.5,9.0
2177,1355,2,2,5.0,11.83
2178,1356,2,1,5.0,5.0
2179,1357,3,1,4.5,4.5
2180,1358,14,1,3.0,3.0
2181,1358,10,1,4.0,4.0
2182,1358,10,1,4.0,4.0
2183,1358,10,1,4.0,4.0
2184,1358,10,2,4.0,8.0
2185,1359,3,2,4.5,9.0
2186,1359,1,2,5.5,11.0
2187,1359,11,2,5.5,11.0
2188,1359,10,1,4.0,4.0
2189,1360,11,1,5.5,5.5
2190,1361,5,1,6.0,6.0
2191,1361,2,2,5.0,10.0
2192,1361,19,1,7.0,7.0
2193,1361,17,1,8.0,8.0
2194,1361,19,1,7.0,8.83
2195,1362,3,1,4.5,4.5
2196,1362,10,1,4.0,4.0
2197,1363,16,1,9.5,9.5
2198,1364,17,1,8.0,8.0
2199,1365,1,1,5.5,5.5
2200,1365,10,1,4.0,4.0
2201,1365,8,1,6.0,6.0
2202,1365,3,1,4.5,4.5
2203,1365,5,1,6.0,6.0
2204,1366,3,2,4.5,9.0
2205,1367,22,1,8.0,8.98
2206,1368,16,1,9.5,9.5
2207,1368,10,1,4.0,4.0
2208,1368,5,1,6.0,6.0
2209,1369,12,1,4.0,4.0
2210,1369,3,1,4.5,4.5
2211,1369,5,2,6.0,12.0
2212,1370,10,1,4.0,4.0
2213,1371,3,1,4.5,5.61
2214,1372,13,1,3.5,3.5
2215,1373,8,2,6.0,12.0
2216,1374,1,2,5.5,11.97
2217,1375,2,1,5.0,5.0
2218,1376,6,1,3.5,3.5
2219,1376,4,2,5.5,11.0
2220,1377,13,1,3.5,3.5
2221,1378,15,2,4.5,9.0
2222,1379,5,1,6.0,7.25
2223,1380,14,1,3.0,4.25
2224,1381,12,1,4.0,4.0
2225,1381,6,1,3.5,3.5
2226,1382,15,1,4.5,4.5
2227,1382,3,1,4.5,4.5
2228,1383,5,2,6.0,12.0
2229,1383,10,1,4.0,4.0
2230,1383,8,1,6.0,6.0
2231,1383,15,1,4.5,4.5
2232,1384,15,1,4.5,4.5
2233,1384,3,2,4.5,9.0
2234,1384,6,1,3.5,3.5
2235,1385,11,2,5.5,11.97
2236,1386,13,1,3.5,3.5
2237,1387,8,1,6.0,6.0
2238,1387,15,2,4.5,10.11
2239,1388,8,1,6.0,6.0
2240,1389,18,1,10.0,10.0
2241,1389,8,1,6.0,6.0
2242,1390,5,1,6.0,6.0
2243,1390,20,1,8.0,8.0
2244,1390,8,1,6.0,6.0
2245,1391,10,1,4.0,4.0
2246,1392,14,2,3.0,7.25
2247,1393,15,1,4.5,6.33
2248,1394,9,1,4.0,4.0
2249,1394,10,2,4.0,8.0
2250,1394,13,1,3.5,3.5
2251,1394,10,1,4.0,4.0
2252,1395,18,1,10.0,10.0
2253,1395,1,1,5.5,5.5
2254,1395,3,1,4.5,4.5
2255,1395,5,2,6.0,12.0
2256,1395,3,1,4.5,4.5
2257,1396,11,1,5.5,5.5
2258,1396,5,1,6.0,6.0
2259,1397,19,1,7.0,8.59
2260,1398,12,1,4.0,5.44
2261,1399,3,1,4.5,5.47
2262,1400,11,2,5.5,12.83
2263,1401,5,1,6.0,6.0
2264,1402,17,2,8.0,16.0
2265,1403,15,1,4.5,4.5
2266,1404,5,1,6.0,7.25
2267,1405,11,1,5.5,5.5
2268,1406,4,1,5.5,6.61
2269,1407,3,1,4.5,4.5
2270,1407,16,1,9.5,9.5
2271,1407,17,2,8.0,16.0
2272,1407,6,1,3.5,3.5
2273,1407,2,1,5.0,6.06
2274,1408,9,1,4.0,4.0
2275,1409,10,1,4.0,4.0
2276,1410,5,2,6.0,12.0
2277,1411,6,1,3.5,3.5
2278,1411,11,1,5.5,6.75
2279,1412,3,2,4.5,9.0
2280,1413,12,1,4.0,4.0
2281,1413,11,2,5.5,11.0
2282,1414,1,1,5.5,5.5
2283,1414,10,1,4.0,4.0
2284,1414,9,1,4.0,4.0
2285,1414,8,1,6.0,6.0
2286,1414,11,1,5.5,6.47
2287,1415,6,1,3.5,4.47
2288,1416,11,1,5.5,5.5
2289,1417,1,1,5.5,5.5
2290,1418,8,1,6.0,7.25
2291,1419,3,1,4.5,4.5
2292,1419,10,1,4.0,4.0
2293,1419,9,1,4.0,4.0
2294,1419,18,1,10.0,10.0
2295,1419,3,1,4.5,4.5
2296,1420,3,1,4.5,4.5
2297,1421,19,1,7.0,7.0
2298,1422,17,1,8.0,8.0
2299,1423,16,1,9.5,9.5
2300,1424,17,1,8.0,8.0
2301,1424,8,1,6.0,6.0
2302,1424,20,1,8.0,8.0
2303,1425,5,1,6.0,6.0
2304,1425,9,1,4.0,5.06
2305,1426,6,1,3.5,4.48
2306,1427,3,2,4.5,9.0
2307,1428,14,2,3.0,6.0
2308,1428,16,1,9.5,9.5
2309,1428,11,1,5.5,6.8
2310,1429,10,1,4.0,4.0
2311,1430,15,1,4.5,5.48
2312,1431,19,1,7.0,7.0
2313,1431,15,1,4.5,4.5
2314,1431,8,1,6.0,6.0
2315,1431,12,1,4.0,4.0
2316,1431,8,2,6.0,12.0
2317,1432,5,1,6.0,6.0
2318,1433,11,2,5.5,11.0
2319,1433,11,1,5.5,5.5
2320,1433,16,1,9.5,9.5
2321,1434,14,1,3.0,4.02
2322,1435,5,1,6.0,6.0
2323,1435,11,1,5.5,5.5
2324,1435,15,1,4.5,4.5
2325,1435,4,1,5.5,6.75
2326,1436,2,1,5.0,5.0
2327,1436,3,2,4.5,9.0
2328,1437,4,2,5.5,11.0
2329,1438,9,1,4.0,4.0
2330,1439,3,1,4.5,4.5
2331,1439,19,1,7.0,7.0
2332,1439,14,1,3.0,3.0
2333,1439,1,1,5.5,5.5
2334,1439,3,1,4.5,4.5
2335,1440,5,2,6.0,12.0
2336,1441,4,1,5.5,5.5
2337,1442,1,2,5.5,11.0
2338,1443,17,1,8.0,8.0
2339,1443,18,1,10.0,10.97
2340,1444,6,1,3.5,3.5
2341,1445,18,1,10.0,10.0
2342,1446,15,1,4.5,4.5
2343,1446,2,1,5.0,5.0
2344,1447,14,1,3.0,4.25
2345,1448,12,1,4.0,4.0
2346,1448,15,1,4.5,4.5
2347,1448,6,1,3.5,3.5
2348,1448,19,1,7.0,7.0
2349,1449,8,1,6.0,7.06
2350,1450,10,2,4.0,8.0
2351,1451,3,1,4.5,4.5
2352,1452,6,1,3.5,3.5
2353,1453,25,1,20.0,20.0
2354,1453,14,1,3.0,3.0
2355,1453,1,1,5.5,5.5
2356,1454,8,1,6.0,6.98
2357,1455,10,1,4.0,4.85
2358,1456,18,1,10.0,10.0
2359,1456,10,1,4.0,5.44
2360,1457,9,2,4.0,8.0
2361,1458,9,1,4.0,5.25
2362,1459,15,1,4.5,4.5
2363,1460,1,1,5.5,5.5
2364,1460,11,1,5.5,5.5
2365,1460,3,1,4.5,4.5
2366,1461,5,1,6.0,6.0
2367,1462,12,1,4.0,4.0
2368,1463,2,2,5.0,10.0
2369,1463,3,1,4.5,4.5
2370,1463,5,1,6.0,6.0
2371,1464,1,1,5.5,5.5
2372,1465,5,1,6.0,6.98
2373,1466,10,1,4.0,4.0
2374,1467,11,1,5.5,5.5
2375,1467,23,1,15.0,15.0
2376,1468,8,1,6.0,6.0
2377,1468,21,1,25.0,25.0
2378,1469,6,1,3.5,3.5
2379,1470,14,1,3.0,3.0
2380,1470,6,1,3.5,3.5
2381,1470,5,1,6.0,7.25
2382,1471,15,1,4.5,4.5
2383,1472,6,1,3.5,3.5
2384,1472,9,1,4.0,4.0
2385,1472,2,1,5.0,5.0
2386,1472,1,1,5.5,5.5
2387,1472,10,1,4.0,4.0
2388,1473,1,1,5.5,5.5
2389,1474,9,1,4.0,4.0
2390,1475,5,1,6.0,6.0
2391,1475,11,1,5.5,5.5
2392,1476,15,1,4.5,5.75
2393,1477,17,1,8.0,8.0
2394,1478,1,1,5.5,5.5
2395,1478,15,1,4.5,4.5
2396,1478,3,1,4.5,4.5
2397,1478,5,1,6.0,6.0
2398,1478,9,1,4.0,4.0
2399,1479,9,1,4.0,4.0
2400,1480,9,2,4.0,8.0
2401,1480,6,1,3.5,3.5
2402,1481,16,1,9.5,9.5
2403,1481,16,1,9.5,9.5
2404,1481,16,1,9.5,9.5
2405,1481,9,1,4.0,4.0
2406,1481,2,1,5.0,6.06
2407,1482,14,1,3.0,3.0
2408,1483,20,1,8.0,8.0
2409,1484,17,1,8.0,9.25
2410,1485,10,1,4.0,4.0
2411,1485,18,1,10.0,11.06
2412,1486,18,1,10.0,10.0
2413,1487,11,1,5.5,5.5
2414,1487,2,2,5.0,10.0
2415,1488,8,1,6.0,7.44
2416,1489,15,1,4.5,4.5
2417,1490,17,1,8.0,8.0
2418,1491,10,1,4.0,4.0
2419,1491,9,1,4.0,4.0
2420,1491,13,1,3.5,3.5
2421,1492,12,1,4.0,4.0
2422,1492,9,1,4.0,4.0
2423,1493,9,1,4.0,4.0
2424,1494,5,1,6.0,6.0
2425,1494,12,2,4.0,8.0
2426,1494,15,1,4.5,5.75
2427,1495,23,1,15.0,15.0
2428,1495,1,1,5.5,5.5
2429,1496,10,1,4.0,5.06
2430,1497,13,1,3.5,3.5
2431,1498,1,1,5.5,6.75
2432,1499,17,1,8.0,8.0
2433,1500,9,1,4.0,4.0
2434,1501,16,1,9.5,9.5
2435,1502,8,2,6.0,12.0
2436,1503,14,1,3.0,3.0
2437,1503,12,1,4.0,4.0
2438,1503,4,2,5.5,11.97
2439,1504,2,1,5.0,5.0
2440,1505,5,1,6.0,6.0
2441,1506,5,1,6.0,6.0
2442,1506,8,1,6.0,6.0
2443,1506,5,1,6.0,6.0
2444,1506,15,1,4.5,5.48
2445,1507,14,1,3.0,3.0
2446,1508,21,1,25.0,25.0
2447,1509,5,1,6.0,6.0
2448,1510,11,1,5.5,5.5
2449,1510,15,1,4.5,4.5
2450,1510,3,1,4.5,4.5
2451,1510,25,1,20.0,20.0
2452,1510,8,1,6.0,6.0
2453,1511,14,1,3.0,4.25
2454,1512,18,1,10.0,10.0
2455,1513,13,1,3.5,3.5
2456,1513,9,1,4.0,4.0
2457,1514,3,1,4.5,7.15
2458,1515,11,2,5.5,12.44
2459,1516,15,1,4.5,5.61
2460,1517,11,1,5.5,5.5
2461,1517,10,1,4.0,4.0
2462,1517,8,1,6.0,6.0
2463,1517,15,1,4.5,4.5
2464,1517,12,1,4.0,4.0
2465,1518,16,2,9.5,19.0
2466,1518,1,1,5.5,5.5
2467,1518,19,1,7.0,7.0
2468,1518,23,1,15.0,15.0
2469,1518,11,1,5.5,5.5
2470,1519,2,1,5.0,5.0
2471,1519,14,1,3.0,3.0
2472,1519,15,1,4.5,5.61
2473,1520,2,1,5.0,5.0
2474,1520,17,1,8.0,9.25
2475,1521,10,1,4.0,4.0
2476,1521,19,1,7.0,7.0
2477,1521,24,1,18.0,18.0
2478,1522,3,1,4.5,4.5
2479,1522,12,1,4.0,5.25
2480,1523,6,1,3.5,3.5
2481,1523,3,1,4.5,4.5
2482,1524,15,1,4.5,4.5
2483,1524,17,1,8.0,8.0
2484,1524,10,2,4.0,8.0
2485,1524,3,1,4.5,4.5
2486,1524,8,1,6.0,7.25
2487,1525,4,1,5.5,5.5
2488,1525,17,1,8.0,8.0
2489,1525,9,1,4.0,4.0
2490,1525,19,1,7.0,7.0
2491,1526,9,1,4.0,4.0
2492,1527,18,1,10.0,10.97
2493,1528,2,1,5.0,5.0
2494,1528,9,1,4.0,4.0
2495,1528,14,1,3.0,3.0
2496,1529,15,1,4.5,4.5
2497,1529,6,1,3.5,3.5
2498,1529,17,2,8.0,16.0
2499,1530,1,2,5.5,11.0
2500,1531,3,1,4.5,4.5
2501,1532,14,1,3.0,4.25
2502,1533,10,1,4.0,4.0
2503,1534,8,1,6.0,7.11
2504,1535,3,2,4.5,9.0
2505,1536,1,1,5.5,6.75
2506,1537,8,2,6.0,12.0
2507,1537,3,2,4.5,9.0
2508,1538,2,1,5.0,5.0
2509,1539,2,1,5.0,5.0
2510,1540,8,1,6.0,6.0
2511,1540,10,1,4.0,4.0
2512,1540,8,1,6.0,6.0
2513,1540,5,1,6.0,6.0
2514,1540,1,2,5.5,12.06
2515,1541,14,1,3.0,3.0
2516,1542,15,2,4.5,9.97
2517,1543,6,1,3.5,4.75
2518,1544,6,1,3.5,3.5
2519,1545,12,1,4.0,4.97
2520,1546,24,1,18.0,18.0
2521,1546,18,1,10.0,10.0
2522,1547,17,1,8.0,8.0
2523,1547,15,1,4.5,4.5
2524,1547,5,1,6.0,6.0
2525,1547,2,1,5.0,5.0
2526,1548,2,1,5.0,6.83
2527,1549,9,1,4.0,5.25
2528,1550,15,2,4.5,10.48
2529,1551,3,1,4.5,4.5
2530,1552,11,1,5.5,5.5
2531,1552,15,1,4.5,4.5
2532,1552,15,2,4.5,9.0
2533,1553,13,1,3.5,3.5
2534,1554,3,1,4.5,4.5
2535,1555,9,1,4.0,4.0
2536,1555,2,2,5.0,10.0
2537,1555,11,1,5.5,5.5
2538,1555,19,1,7.0,7.0
2539,1556,14,1,3.0,3.97
2540,1557,14,1,3.0,3.0
2541,1558,18,1,10.0,11.44
2542,1559,14,1,3.0,3.98
2543,1560,10,1,4.0,4.0
2544,1561,9,1,4.0,4.0
2545,1561,13,1,3.5,3.5
2546,1561,5,1,6.0,6.0
2547,1562,13,2,3.5,7.94
2548,1563,10,1,4.0,4.0
2549,1564,25,1,20.0,20.0
2550,1565,6,2,3.5,7.0
2551,1565,6,1,3.5,3.5
2552,1566,5,1,6.0,7.06
2553,1567,11,1,5.5,5.5
2554,1567,1,1,5.5,5.5
2555,1567,14,2,3.0,6.0
2556,1568,11,1,5.5,5.5
2557,1569,1,1,5.5,6.44
2558,1570,8,1,6.0,6.0
2559,1570,5,1,6.0,6.0
2560,1570,6,1,3.5,3.5
2561,1571,2,1,5.0,5.0
2562,1571,6,2,3.5,7.0
2563,1571,16,2,9.5,19.0
2564,1571,11,1,5.5,5.5
2565,1572,5,1,6.0,6.0
2566,1573,13,1,3.5,3.5
2567,1573,6,1,3.5,4.94
2568,1574,17,1,8.0,9.25
2569,1575,10,1,4.0,4.0
2570,1575,8,2,6.0,12.0
2571,1575,9,1,4.0,4.0
2572,1575,24,1,18.0,18.0
2573,1575,12,1,4.0,4.0
2574,1576,6,1,3.5,3.5
2575,1577,8,1,6.0,6.0
2576,1577,6,1,3.5,3.5
2577,1577,9,1,4.0,4.0
2578,1578,5,1,6.0,6.0
2579,1579,3,1,4.5,4.5
2580,1580,11,1,5.5,5.5
2581,1580,3,1,4.5,4.5
2582,1580,8,1,6.0,6.98
2583,1581,6,1,3.5,3.5
2584,1581,3,1,4.5,4.5
2585,1581,11,1,5.5,5.5
2586,1582,15,1,4.5,4.5
2587,1582,18,1,10.0,10.0
2588,1582,14,1,3.0,3.0
2589,1582,8,1,6.0,6.0
2590,1582,13,1,3.5,3.5
2591,1583,8,1,6.0,6.0
2592,1584,24,1,18.0,18.0
2593,1585,2,2,5.0,10.0
2594,1585,6,1,3.5,3.5
2595,1586,8,2,6.0,12.0
2596,1587,11,1,5.5,5.5
2597,1588,17,2,8.0,16.0
2598,1589,12,1,4.0,4.0
2599,1589,19,1,7.0,7.0
2600,1590,15,2,4.5,9.0
2601,1591,15,1,4.5,4.5
2602,1592,9,1,4.0,4.0
2603,1593,10,2,4.0,8.0
2604,1593,11,1,5.5,5.5
2605,1593,2,1,5.0,5.0
2606,1594,13,1,3.5,4.56
2607,1595,10,1,4.0,4.0
2608,1596,8,1,6.0,6.0
2609,1597,15,1,4.5,6.09
2610,1598,11,1,5.5,5.5
2611,1598,10,1,4.0,4.0
2612,1598,14,1,3.0,3.0
2613,1598,5,1,6.0,6.0
2614,1598,4,2,5.5,11.0
2615,1599,6,1,3.5,3.5
2616,1600,18,2,10.0,20.0
2617,1600,11,1,5.5,5.5
2618,1601,2,1,5.0,5.0
2619,1602,1,1,5.5,5.5
2620,1602,12,1,4.0,4.0
2621,1602,6,1,3.5,3.5
2622,1602,1,1,5.5,5.5
2623,1602,9,1,4.0,4.0
2624,1603,19,1,7.0,7.0
2625,1604,8,1,6.0,7.06
2626,1605,18,1,10.0,10.0
2627,1606,11,1,5.5,6.48
2628,1607,6,1,3.5,3.5
2629,1608,1,1,5.5,5.5
2630,1609,9,1,4.0,4.0
2631,1609,6,1,3.5,3.5
2632,1609,11,2,5.5,11.0
2633,1609,5,1,6.0,6.0
2634,1610,2,1,5.0,5.0
2635,1611,14,1,3.0,3.0
2636,1612,22,1,8.0,8.0
2637,1612,1,1,5.5,5.5
2638,1613,19,2,7.0,14.0
2639,1614,2,2,5.0,10.0
2640,1615,14,1,3.0,3.0
2641,1616,19,1,7.0,7.0
2642,1616,19,1,7.0,7.0
2643,1616,17,1,8.0,8.85
2644,1617,3,2,4.5,9.0
2645,1617,13,1,3.5,3.5
2646,1618,4,1,5.5,5.5
2647,1618,5,2,6.0,12.0
2648,1618,11,1,5.5,5.5
2649,1618,8,1,6.0,6.0
2650,1618,3,2,4.5,9.0
2651,1619,5,1,6.0,6.0
2652,1620,10,1,4.0,4.98
2653,1621,3,2,4.5,9.0
2654,1621,16,1,9.5,9.5
2655,1621,10,2,4.0,8.0
2656,1622,6,1,3.5,3.5
2657,1623,3,1,4.5,4.5
2658,1623,12,1,4.0,4.0
2659,1623,19,1,7.0,7.0
2660,1623,9,1,4.0,4.0
2661,1623,10,1,4.0,4.0
2662,1624,13,1,3.5,3.5
2663,1625,13,1,3.5,3.5
2664,1626,10,1,4.0,4.0
2665,1627,23,1,15.0,16.25
2666,1628,13,1,3.5,3.5
2667,1629,9,1,4.0,4.0
2668,1630,1,2,5.5,11.0
2669,1630,18,1,10.0,10.0
2670,1631,18,1,10.0,10.0
2671,1631,18,2,10.0,20.0
2672,1632,9,1,4.0,4.0
2673,1633,11,1,5.5,5.5
2674,1634,11,2,5.5,11.0
2675,1635,3,1,4.5,4.5
2676,1635,10,1,4.0,4.0
2677,1636,17,1,8.0,8.0
2678,1637,19,1,7.0,7.0
2679,1637,8,1,6.0,6.0
2680,1637,11,1,5.5,6.75
2681,1638,12,1,4.0,4.0
2682,1638,6,1,3.5,3.5
2683,1638,11,1,5.5,5.5
2684,1638,5,1,6.0,6.0
2685,1638,1,1,5.5,6.75
2686,1639,6,1,3.5,3.5
2687,1640,15,1,4.5,4.5
2688,1641,6,1,3.5,4.47
2689,1642,17,1,8.0,8.0
2690,1642,2,1,5.0,5.0
2691,1643,10,1,4.0,4.97
2692,1644,1,1,5.5,5.5
2693,1645,1,2,5.5,12.06
2694,1646,12,1,4.0,4.0
2695,1647,19,1,7.0,7.0
2696,1648,3,1,4.5,4.5
2697,1648,23,1,15.0,15.0
2698,1648,15,1,4.5,4.5
2699,1648,3,2,4.5,9.0
2700,1648,9,2,4.0,8.0
2701,1649,22,1,8.0,8.0
2702,1650,9,1,4.0,4.0
2703,1650,12,2,4.0,8.0
2704,1650,17,1,8.0,8.0
2705,1650,12,1,4.0,4.0
2706,1650,11,1,5.5,5.5
2707,1651,5,1,6.0,6.0
2708,1651,3,1,4.5,4.5
2709,1651,18,1,10.0,10.0
2710,1651,6,1,3.5,3.5
2711,1651,8,1,6.0,6.0
2712,1652,25,1,20.0,20.0
2713,1653,3,1,4.5,4.5
2714,1654,13,1,3.5,3.5
2715,1654,11,1,5.5,6.75
2716,1655,8,1,6.0,6.85
2717,1656,19,1,7.0,7.0
2718,1656,11,1,5.5,5.5
2719,1656,4,1,5.5,5.5
2720,1656,5,1,6.0,6.0
2721,1656,11,1,5.5,5.5
2722,1657,14,1,3.0,3.0
2723,1658,3,2,4.5,9.0
2724,1659,11,1,5.5,5.5
2725,1660,6,1,3.5,3.5
2726,1660,8,1,6.0,6.0
2727,1660,9,1,4.0,4.0
2728,1660,8,1,6.0,6.0
2729,1660,11,2,5.5,11.0
2730,1661,2,1,5.0,6.11
2731,1662,17,1,8.0,8.0
2732,1663,10,2,4.0,8.0
2733,1663,18,1,10.0,10.0
2734,1664,10,1,4.0,4.0
2735,1664,10,1,4.0,5.11
2736,1665,2,1,5.0,5.0
2737,1665,18,1,10.0,10.0
2738,1665,5,1,6.0,6.0
2739,1666,11,1,5.5,5.5
2740,1667,8,1,6.0,6.0
2741,1668,12,1,4.0,4.0
2742,1668,5,1,6.0,6.0
2743,1669,8,1,6.0,6.0
2744,1669,16,1,9.5,9.5
2745,1670,10,2,4.0,8.0
2746,1671,8,1,6.0,6.0
2747,1672,6,1,3.5,3.5
2748,1673,9,1,4.0,4.0
2749,1673,9,2,4.0,8.0
2750,1673,12,1,4.0,4.0
2751,1673,8,1,6.0,6.0
2752,1674,1,1,5.5,6.61
2753,1675,9,1,4.0,4.0
2754,1676,16,2,9.5,19.0
2755,1676,16,1,9.5,9.5
2756,1676,19,1,7.0,7.0
2757,1676,2,1,5.0,5.0
2758,1676,21,1,25.0,25.0
2759,1677,11,1,5.5,5.5
2760,1678,15,1,4.5,4.5
2761,1679,19,1,7.0,9.65
2762,1680,11,2,5.5,11.0
2763,1681,9,1,4.0,4.0
2764,1681,11,1,5.5,5.5
2765,1681,1,1,5.5,5.5
2766,1681,14,2,3.0,6.0
2767,1681,15,2,4.5,9.0
2768,1682,10,2,4.0,8.0
2769,1683,16,2,9.5,19.0
2770,1683,9,1,4.0,4.0
2771,1683,15,1,4.5,5.94
2772,1684,10,2,4.0,8.0
2773,1685,5,1,6.0,7.44
2774,1686,11,2,5.5,11.0
2775,1686,2,1,5.0,5.0
2776,1686,6,1,3.5,3.5
2777,1686,2,1,5.0,5.0
2778,1686,1,1,5.5,5.5
2779,1687,11,2,5.5,11.0
2780,1687,11,2,5.5,11.98
2781,1688,1,1,5.5,5.5
2782,1689,15,1,4.5,4.5
2783,1689,3,1,4.5,4.5
2784,1690,5,1,6.0,6.0
2785,1690,10,1,4.0,5.83
2786,1691,19,2,7.0,14.0
2787,1691,5,2,6.0,12.0
2788,1691,3,2,4.5,9.0
2789,1692,18,1,10.0,10.0
2790,1692,16,1,9.5,9.5
2791,1692,10,1,4.0,4.0
2792,1692,6,1,3.5,3.5
2793,1693,4,1,5.5,6.75
2794,1694,9,1,4.0,4.0
2795,1694,11,2,5.5,11.0
2796,1695,6,1,3.5,3.5
2797,1695,9,1,4.0,4.98
2798,1696,3,1,4.5,4.5
2799,1697,14,1,3.0,3.0
2800,1698,6,1,3.5,3.5
2801,1699,13,1,3.5,4.75
2802,1700,5,1,6.0,6.0
2803,1701,9,1,4.0,4.0
2804,1701,2,1,5.0,5.0
2805,1702,1,1,5.5,5.5
2806,1703,12,1,4.0,4.0
2807,1704,6,1,3.5,3.5
2808,1705,15,1,4.5,5.61
2809,1706,1,1,5.5,6.35
2810,1707,1,2,5.5,11.0
2811,1708,14,1,3.0,3.0
2812,1709,6,1,3.5,3.5
2813,1709,23,1,15.0,15.0
2814,1709,5,1,6.0,6.0
2815,1710,17,1,8.0,8.0
2816,1710,11,1,5.5,5.5
2817,1711,17,1,8.0,8.0
2818,1711,4,1,5.5,5.5
2819,1711,14,1,3.0,3.0
2820,1711,11,1,5.5,6.75
2821,1712,18,2,10.0,20.0
2822,1713,12,2,4.0,8.98
2823,1714,12,1,4.0,4.0
2824,1715,8,1,6.0,6.0
2825,1716,11,1,5.5,5.5
2826,1716,19,1,7.0,8.06
2827,1717,13,1,3.5,3.5
2828,1718,16,1,9.5,9.5
2829,1718,1,1,5.5,5.5
2830,1718,10,1,4.0,4.0
2831,1718,20,1,8.0,8.0
2832,1719,3,1,4.5,4.5
2833,1720,8,1,6.0,6.0
2834,1721,3,1,4.5,4.5
2835,1722,16,1,9.5,9.5
2836,1723,6,1,3.5,4.8
2837,1724,19,1,7.0,8.06
2838,1725,14,2,3.0,6.0
2839,1725,1,1,5.5,5.5
2840,1725,16,1,9.5,9.5
2841,1726,20,1,8.0,8.94
2842,1727,12,1,4.0,4.0
2843,1727,9,1,4.0,4.0
2844,1727,4,1,5.5,5.5
2845,1728,1,1,5.5,6.75
2846,1729,10,1,4.0,4.0
2847,1729,4,1,5.5,5.5
2848,1729,6,1,3.5,3.5
2849,1730,18,1,10.0,10.0
2850,1731,5,1,6.0,7.44
2851,1732,6,1,3.5,4.61
2852,1733,19,1,7.0,7.0
2853,1734,15,1,4.5,4.5
2854,1734,8,1,6.0,8.27
2855,1735,6,2,3.5,7.0
2856,1735,12,1,4.0,4.0
2857,1735,1,1,5.5,5.5
2858,1735,14,1,3.0,3.0
2859,1736,12,1,4.0,4.85
2860,1737,5,1,6.0,6.0
2861,1738,13,1,3.5,4.52
2862,1739,3,1,4.5,5.94
2863,1740,10,1,4.0,4.0
2864,1740,10,1,4.0,4.0
2865,1741,21,1,25.0,25.0
2866,1742,10,1,4.0,7.5
2867,1743,13,1,3.5,5.09
2868,1744,14,1,3.0,3.0
2869,1745,2,1,5.0,5.0
2870,1746,3,1,4.5,4.5
2871,1747,1,1,5.5,5.5
2872,1747,17,2,8.0,16.85
2873,1748,11,1,5.5,5.5
2874,1749,5,1,6.0,6.0
2875,1750,2,2,5.0,10.0
2876,1751,1,1,5.5,5.5
2877,1751,16,2,9.5,19.0
2878,1751,8,1,6.0,6.0
2879,1752,4,1,5.5,5.5
2880,1753,16,1,9.5,9.5
2881,1754,6,1,3.5,3.5
2882,1755,17,1,8.0,8.0
2883,1755,11,1,5.5,5.5
2884,1755,15,1,4.5,4.5
2885,1755,25,1,20.0,20.0
2886,1755,6,1,3.5,4.35
2887,1756,2,1,5.0,5.0
2888,1757,11,1,5.5,5.5
2889,1758,14,1,3.0,6.12
2890,1759,1,1,5.5,5.5
2891,1760,19,1,7.0,7.98
2892,1761,17,1,8.0,9.44
2893,1762,17,1,8.0,8.0
2894,1763,11,2,5.5,11.0
2895,1764,10,1,4.0,5.06
2896,1765,8,1,6.0,6.0
2897,1765,2,1,5.0,8.05
2898,1766,14,2,3.0,6.0
2899,1767,18,1,10.0,10.0
2900,1767,18,2,10.0,20.0
2901,1767,15,1,4.5,6.09
2902,1768,16,1,9.5,9.5
2903,1769,4,1,5.5,5.5
2904,1770,11,1,5.5,6.61
2905,1771,3,2,4.5,9.0
2906,1772,2,1,5.0,5.0
2907,1772,11,1,5.5,5.5
2908,1772,1,1,5.5,5.5
2909,1772,10,1,4.0,4.0
2910,1773,3,1,4.5,4.5
2911,1774,4,1,5.5,6.71
2912,1775,1,1,5.5,5.5
2913,1776,13,2,3.5,7.0
2914,1776,14,1,3.0,3.0
2915,1777,8,1,6.0,6.0
2916,1778,14,1,3.0,3.0
2917,1778,8,1,6.0,6.0
2918,1778,23,1,15.0,16.11
2919,1779,13,1,3.5,3.5
2920,1780,5,1,6.0,6.0
2921,1780,4,1,5.5,5.5
2922,1780,6,2,3.5,7.0
2923,1780,10,1,4.0,4.0
2924,1781,1,2,5.5,12.44
2925,1782,14,1,3.0,3.0
2926,1782,2,2,5.0,10.0
2927,1783,12,2,4.0,8.0
2928,1783,18,1,10.0,10.0
2929,1784,8,1,6.0,6.0
2930,1785,8,2,6.0,12.0
2931,1786,1,1,5.5,5.5
2932,1786,17,1,8.0,8.0
2933,1786,19,2,7.0,14.0
2934,1787,18,1,10.0,11.44
2935,1788,19,2,7.0,14.0
2936,1789,6,1,3.5,3.5
2937,1790,6,1,3.5,4.61
2938,1791,1,1,5.5,5.5
2939,1792,9,1,4.0,5.25
2940,1793,15,1,4.5,4.5
2941,1793,11,1,5.5,5.5
2942,1793,6,1,3.5,4.98
2943,1794,10,1,4.0,4.0
2944,1794,8,2,6.0,12.0
2945,1794,8,1,6.0,6.0
2946,1794,2,2,5.0,10.0
2947,1795,22,1,8.0,8.0
2948,1796,8,1,6.0,7.25
2949,1797,8,1,6.0,6.0
2950,1797,9,1,4.0,4.0
2951,1797,6,1,3.5,3.5
2952,1797,11,1,5.5,5.5
2953,1797,15,1,4.5,5.56
2954,1798,19,1,7.0,8.11
2955,1799,3,1,4.5,4.5
2956,1800,13,1,3.5,3.5
2957,1800,15,1,4.5,4.5
2958,1800,10,1,4.0,4.0
2959,1800,9,1,4.0,4.0
2960,1800,5,2,6.0,12.0
2961,1801,12,1,4.0,4.0
2962,1802,9,2,4.0,9.83
2963,1803,2,1,5.0,5.0
2964,1803,6,1,3.5,3.5
2965,1803,18,1,10.0,10.0
2966,1804,19,1,7.0,7.0
2967,1805,11,1,5.5,5.5
2968,1806,23,1,15.0,15.0
2969,1807,19,1,7.0,8.59
2970,1808,3,1,4.5,4.5
2971,1808,10,1,4.0,4.0
2972,1808,17,1,8.0,8.0
2973,1808,16,1,9.5,9.5
2974,1808,2,1,5.0,6.59
2975,1809,17,1,8.0,8.0
2976,1809,20,1,8.0,8.0
2977,1810,9,1,4.0,4.0
2978,1811,8,2,6.0,12.0
2979,1811,17,1,8.0,8.0
2980,1811,4,1,5.5,5.5
2981,1812,9,1,4.0,5.79
2982,1813,5,1,6.0,6.0
2983,1813,9,1,4.0,4.0
2984,1814,25,1,20.0,21.25
2985,1815,3,1,4.5,4.5
2986,1816,18,1,10.0,10.0
2987,1817,9,2,4.0,8.0
2988,1818,22,1,8.0,8.0
2989,1819,3,1,4.5,5.75
2990,1820,15,1,4.5,4.5
2991,1821,19,1,7.0,7.0
2992,1822,5,1,6.0,6.0
2993,1823,3,1,4.5,4.5
2994,1824,18,1,10.0,10.0
2995,1824,19,1,7.0,7.0
2996,1825,2,2,5.0,11.48
2997,1826,5,1,6.0,6.0
2998,1826,11,1,5.5,5.5
2999,1826,14,1,3.0,4.06
3000,1827,11,1,5.5,6.8
3001,1828,11,1,5.5,5.5
3002,1829,8,1,6.0,6.0
3003,1829,9,1,4.0,4.0
3004,1830,17,2,8.0,16.0
3005,1831,12,1,4.0,4.0
3006,1832,13,1,3.5,3.5
3007,1833,18,1,10.0,10.0
3008,1834,9,1,4.0,4.98
3009,1835,18,1,10.0,10.0
3010,1835,10,1,4.0,4.0
3011,1835,11,1,5.5,5.5
3012,1836,5,1,6.0,6.0
3013,1836,16,1,9.5,9.5
3014,1836,8,1,6.0,6.0
3015,1837,16,1,9.5,9.5
3016,1837,3,1,4.5,4.5
3017,1837,19,1,7.0,7.0
3018,1838,15,2,4.5,10.25
3019,1839,10,1,4.0,4.0
3020,1839,19,1,7.0,7.0
3021,1840,11,1,5.5,5.5
3022,1840,10,1,4.0,4.0
3023,1840,19,2,7.0,14.0
3024,1840,18,1,10.0,10.0
3025,1840,2,1,5.0,5.0
3026,1841,10,1,4.0,4.0
3027,1842,2,1,5.0,5.0
3028,1842,11,1,5.5,5.5
3029,1843,2,1,5.0,5.0
3030,1844,5,2,6.0,12.0
3031,1845,24,1,18.0,18.0
3032,1846,22,1,8.0,8.85
3033,1847,8,1,6.0,6.0
3034,1848,11,1,5.5,5.5
3035,1849,1,1,5.5,5.5
3036,1850,10,1,4.0,4.0
3037,1851,14,2,3.0,6.0
3038,1851,10,1,4.0,4.0
3039,1852,19,1,7.0,7.0
3040,1853,4,1,5.5,6.75
3041,1854,10,1,4.0,4.0
3042,1855,3,1,4.5,4.5
3043,1855,2,1,5.0,5.0
3044,1855,4,2,5.5,11.0
3045,1855,11,1,5.5,5.5
3046,1855,5,2,6.0,12.0
3047,1856,20,1,8.0,8.0
3048,1857,5,1,6.0,6.0
3049,1858,5,1,6.0,6.0
3050,1858,1,1,5.5,6.75
3051,1859,2,1,5.0,5.0
3052,1859,10,1,4.0,4.0
3053,1859,19,1,7.0,7.0
3054,1860,3,1,4.5,6.09
3055,1861,5,1,6.0,6.0
3056,1861,1,1,5.5,5.5
3057,1861,1,1,5.5,5.5
3058,1861,15,2,4.5,9.0
3059,1861,3,1,4.5,4.5
3060,1862,8,1,6.0,6.0
3061,1863,9,1,4.0,4.0
3062,1863,6,1,3.5,3.5
3063,1864,18,1,10.0,10.0
3064,1865,11,1,5.5,5.5
3065,1866,15,1,4.5,4.5
3066,1867,5,1,6.0,6.0
3067,1868,16,1,9.5,9.5
3068,1869,13,1,3.5,3.5
3069,1869,18,1,10.0,10.0
3070,1869,9,2,4.0,8.0
3071,1870,21,1,25.0,25.0
3072,1870,1,1,5.5,5.5
3073,1871,2,1,5.0,5.0
3074,1871,1,1,5.5,5.5
3075,1872,16,1,9.5,9.5
3076,1873,24,1,18.0,18.0
3077,1874,1,1,5.5,6.89
3078,1875,13,2,3.5,7.0
3079,1875,3,1,4.5,4.5
3080,1875,10,1,4.0,4.0
3081,1875,6,1,3.5,3.5
3082,1875,8,1,6.0,6.98
3083,1876,2,2,5.0,10.0
3084,1877,9,1,4.0,4.0
3085,1878,18,1,10.0,10.0
3086,1879,6,1,3.5,3.5
3087,1880,2,1,5.0,5.0
3088,1881,15,1,4.5,4.5
3089,1882,17,1,8.0,9.25
3090,1883,14,1,3.0,3.0
3091,1883,16,1,9.5,9.5
3092,1884,11,1,5.5,5.5
3093,1885,10,1,4.0,4.0
3094,1886,10,1,4.0,4.0
3095,1887,2,2,5.0,10.0
3096,1888,8,1,6.0,6.0
3097,1889,5,2,6.0,12.0
3098,1889,13,2,3.5,7.0
3099,1889,11,2,5.5,11.0
3100,1889,22,1,8.0,8.0
3101,1890,16,1,9.5,9.5
3102,1890,6,1,3.5,3.5
3103,1890,6,1,3.5,3.5
3104,1890,1,2,5.5,11.0
3105,1890,6,1,3.5,3.5
3106,1891,14,2,3.0,6.0
3107,1892,5,1,6.0,6.0
3108,1893,7,1,6.5,6.5
3109,1893,11,1,5.5,6.35
3110,1894,9,1,4.0,4.0
3111,1894,20,1,8.0,8.0
3112,1894,8,1,6.0,6.0
3113,1895,19,1,7.0,7.0
3114,1896,6,2,3.5,7.0
3115,1896,19,1,7.0,7.0
3116,1897,7,1,6.5,6.5
3117,1898,19,1,7.0,7.0
3118,1898,16,1,9.5,9.5
3119,1898,12,1,4.0,4.0
3120,1899,16,1,9.5,9.5
3121,1900,15,1,4.5,4.5
3122,1901,17,1,8.0,8.0
3123,1902,5,1,6.0,6.0
3124,1903,6,1,3.5,5.54
3125,1904,19,1,7.0,8.57
3126,1905,20,1,8.0,8.0
3127,1906,14,1,3.0,3.0
3128,1906,9,2,4.0,8.0
3129,1906,12,1,4.0,4.0
3130,1906,2,1,5.0,5.0
3131,1907,2,1,5.0,5.97
3132,1908,10,2,4.0,9.11
3133,1909,15,1,4.5,4.5
3134,1910,10,1,4.0,4.0
3135,1911,9,1,4.0,4.0
3136,1911,16,1,9.5,9.5
3137,1912,1,1,5.5,5.5
3138,1912,1,1,5.5,5.5
3139,1912,7,1,6.5,6.5
3140,1912,17,1,8.0,8.0
3141,1913,10,1,4.0,4.0
3142,1914,11,1,5.5,5.5
3143,1915,14,1,3.0,3.0
3144,1915,23,1,15.0,15.0
3145,1915,11,1,5.5,6.89
3146,1916,10,1,4.0,4.0
3147,1916,16,1,9.5,9.5
3148,1916,13,1,3.5,3.5
3149,1916,12,2,4.0,8.0
3150,1917,6,1,3.5,4.71
3151,1918,5,1,6.0,6.0
3152,1919,2,1,5.0,5.0
3153,1919,9,1,4.0,4.0
3154,1920,1,1,5.5,5.5
3155,1920,18,1,10.0,10.0
3156,1920,6,1,3.5,3.5
3157,1920,15,2,4.5,9.0
3158,1920,9,1,4.0,5.06
3159,1921,15,1,4.5,4.5
3160,1921,25,1,20.0,20.0
3161,1922,5,1,6.0,6.0
3162,1923,7,1,6.5,7.61
3163,1924,11,1,5.5,5.5
3164,1924,22,1,8.0,11.12
3165,1925,22,1,8.0,8.0
3166,1926,6,1,3.5,4.94
3167,1927,1,2,5.5,11.0
3168,1928,18,1,10.0,10.0
3169,1929,18,1,10.0,11.48
3170,1930,2,2,5.0,13.5
3171,1931,2,1,5.0,5.0
3172,1932,24,1,18.0,18.0
3173,1932,16,1,9.5,9.5
3174,1932,2,1,5.0,5.0
3175,1932,9,1,4.0,4.0
3176,1933,15,1,4.5,4.5
3177,1934,1,1,5.5,5.5
3178,1934,7,1,6.5,7.35
3179,1935,18,1,10.0,10.0
3180,1935,2,2,5.0,10.0
3181,1935,9,1,4.0,4.0
3182,1935,17,1,8.0,8.0
3183,1936,17,1,8.0,8.0
3184,1937,11,1,5.5,5.5
3185,1937,12,1,4.0,4.0
3186,1937,18,1,10.0,10.0
3187,1938,6,2,3.5,7.0
3188,1939,3,1,4.5,4.5
3189,1940,1,1,5.5,6.75
3190,1941,9,1,4.0,4.0
3191,1941,2,1,5.0,5.0
3192,1941,12,1,4.0,4.0
3193,1941,3,1,4.5,5.35
3194,1942,3,1,4.5,6.07
3195,1943,2,2,5.0,10.85
3196,1944,17,1,8.0,8.97
3197,1945,9,1,4.0,4.0
3198,1945,3,1,4.5,4.5
3199,1946,5,1,6.0,6.0
3200,1946,5,2,6.0,12.0
3201,1946,2,1,5.0,5.0
3202,1946,6,1,3.5,3.5
3203,1947,24,1,18.0,18.0
3204,1948,9,1,4.0,4.0
3205,1949,17,1,8.0,8.0
3206,1949,8,1,6.0,6.0
3207,1949,2,1,5.0,5.0
3208,1949,12,1,4.0,4.0
3209,1949,19,2,7.0,14.0
3210,1950,5,1,6.0,8.27
3211,1951,1,1,5.5,5.5
3212,1952,1,1,5.5,5.5
3213,1953,4,2,5.5,11.0
3214,1953,15,1,4.5,4.5
3215,1953,18,1,10.0,10.0
3216,1954,19,2,7.0,14.0
3217,1955,5,1,6.0,6.0
3218,1956,17,1,8.0,8.0
3219,1957,12,1,4.0,4.0
3220,1958,19,2,7.0,14.0
3221,1959,1,1,5.5,6.56
3222,1960,7,2,6.5,13.0
3223,1961,2,1,5.0,5.0
3224,1962,18,1,10.0,10.0
3225,1963,5,1,6.0,6.0
3226,1964,16,1,9.5,10.75
3227,1965,6,1,3.5,3.5
3228,1966,14,1,3.0,3.0
3229,1967,18,1,10.0,10.0
3230,1968,5,1,6.0,6.0
3231,1969,17,2,8.0,16.0
3232,1970,25,1,20.0,20.0
3233,1970,19,1,7.0,7.0
3234,1970,11,1,5.5,6.75
3235,1971,4,2,5.5,11.0
3236,1972,9,2,4.0,8.98
3237,1973,6,1,3.5,3.5
3238,1974,16,1,9.5,9.5
3239,1974,2,1,5.0,5.0
3240,1975,15,2,4.5,9.0
3241,1976,12,1,4.0,4.0
3242,1977,11,1,5.5,5.5
3243,1977,16,1,9.5,9.5
3244,1977,12,2,4.0,8.0
3245,1978,6,1,3.5,3.5
3246,1978,16,1,9.5,9.5
3247,1979,6,1,3.5,5.07
3248,1980,1,1,5.5,5.5
3249,1981,15,1,4.5,5.56
3250,1982,6,1,3.5,4.56
3251,1983,6,1,3.5,4.71
3252,1984,8,1,6.0,6.0
3253,1985,14,1,3.0,3.0
3254,1986,13,1,3.5,3.5
3255,1987,12,1,4.0,4.0
3256,1988,7,1,6.5,6.5
3257,1988,12,1,4.0,4.0
3258,1988,18,2,10.0,20.0
3259,1988,11,1,5.5,5.5
3260,1988,17,1,8.0,8.0
3261,1989,20,2,8.0,16.0
3262,1990,2,2,5.0,10.0
3263,1991,4,1,5.5,5.5
3264,1992,10,1,4.0,4.0
3265,1993,19,1,7.0,7.0
3266,1993,5,1,6.0,6.0
3267,1994,10,1,4.0,4.0
3268,1995,13,1,3.5,3.5
3269,1995,1,1,5.5,5.5
3270,1995,24,1,18.0,18.0
3271,1996,17,2,8.0,16.0
3272,1996,12,2,4.0,8.0
3273,1996,18,1,10.0,10.0
3274,1996,2,1,5.0,5.0
3275,1996,16,1,9.5,9.5
3276,1997,2,1,5.0,5.0
3277,1998,8,2,6.0,12.0
3278,1999,2,1,5.0,5.0
3279,2000,15,1,4.5,4.5
3280,2001,16,2,9.5,19.0
3281,2002,11,1,5.5,5.5
3282,2003,1,1,5.5,5.5
3283,2004,12,1,4.0,4.0
3284,2005,18,1,10.0,10.0
3285,2005,15,1,4.5,4.5
3286,2005,2,1,5.0,5.0
3287,2005,8,1,6.0,6.0
3288,2006,2,1,5.0,5.0
3289,2006,7,1,6.5,6.5
3290,2006,8,1,6.0,6.0
3291,2007,11,1,5.5,5.5
3292,2008,4,1,5.5,6.75
3293,2009,24,1,18.0,18.0
3294,2009,13,1,3.5,3.5
3295,2009,11,1,5.5,5.5
3296,2010,16,1,9.5,9.5
3297,2011,18,1,10.0,10.0
3298,2012,10,1,4.0,4.0
3299,2013,1,1,5.5,5.5
3300,2013,7,1,6.5,6.5
3301,2014,6,2,3.5,7.0
3302,2014,14,1,3.0,3.0
3303,2014,10,1,4.0,4.0
3304,2014,18,1,10.0,10.0
3305,2014,14,1,3.0,3.0
3306,2015,3,1,4.5,4.5
3307,2016,17,1,8.0,8.0
3308,2017,7,1,6.5,6.5
3309,2018,15,1,4.5,4.5
3310,2019,6,1,3.5,4.47
3311,2020,19,1,7.0,7.0
3312,2021,14,1,3.0,3.0
3313,2022,1,2,5.5,11.0
3314,2022,16,2,9.5,19.0
3315,2022,5,1,6.0,6.0
3316,2023,13,1,3.5,3.5
3317,2024,11,1,5.5,5.5
3318,2025,5,1,6.0,6.0
3319,2026,20,1,8.0,8.0
3320,2027,15,1,4.5,4.5
3321,2027,11,1,5.5,7.37
3322,2028,12,2,4.0,9.06
3323,2029,17,1,8.0,8.0
3324,2029,11,1,5.5,5.5
3325,2030,21,1,25.0,25.0
3326,2031,2,1,5.0,5.0
3327,2032,11,1,5.5,6.91
3328,2033,15,2,4.5,9.0
3329,2034,9,1,4.0,5.87
3330,2035,16,1,9.5,9.5
3331,2035,13,1,3.5,3.5
3332,2035,17,2,8.0,16.0
3333,2035,10,1,4.0,4.0
3334,2035,3,1,4.5,4.5
3335,2036,3,1,4.5,6.04
3336,2037,14,1,3.0,3.0
3337,2037,11,1,5.5,6.65
3338,2038,1,1,5.5,5.5
3339,2039,14,1,3.0,3.0
3340,2040,5,1,6.0,7.3
3341,2041,6,1,3.5,3.5
3342,2041,3,2,4.5,9.0
3343,2041,10,1,4.0,4.0
3344,2041,14,1,3.0,3.0
3345,2042,15,1,4.5,4.5
3346,2043,5,1,6.0,6.85
3347,2044,8,1,6.0,6.0
3348,2045,12,1,4.0,4.0
3349,2046,10,1,4.0,4.0
3350,2047,16,1,9.5,9.5
3351,2047,19,1,7.0,8.48
3352,2048,7,1,6.5,6.5
3353,2048,25,1,20.0,21.25
3354,2049,19,2,7.0,14.0
3355,2050,15,1,4.5,4.5
3356,2050,14,1,3.0,3.0
3357,2050,19,1,7.0,7.0
3358,2051,1,1,5.5,5.5
3359,2052,12,1,4.0,4.0
3360,2053,20,1,8.0,8.0
3361,2053,19,1,7.0,7.0
3362,2053,8,1,6.0,6.0
3363,2054,1,1,5.5,5.5
3364,2054,14,2,3.0,6.0
3365,2054,10,1,4.0,5.11
3366,2055,12,1,4.0,5.44
3367,2056,8,1,6.0,6.0
3368,2057,1,1,5.5,5.5
3369,2058,9,1,4.0,4.0
3370,2058,15,1,4.5,4.5
3371,2058,15,1,4.5,4.5
3372,2059,16,1,9.5,9.5
3373,2059,1,1,5.5,5.5
3374,2059,3,1,4.5,4.5
3375,2060,6,1,3.5,3.5
3376,2060,12,2,4.0,8.0
3377,2060,16,1,9.5,11.29
3378,2061,19,1,7.0,7.0
3379,2061,11,1,5.5,5.5
3380,2061,15,1,4.5,5.75
3381,2062,23,1,15.0,15.0
3382,2063,17,1,8.0,9.02
3383,2064,1,1,5.5,5.5
3384,2064,3,1,4.5,4.5
3385,2064,15,1,4.5,4.5
3386,2064,11,1,5.5,5.5
3387,2064,15,1,4.5,4.5
3388,2065,12,1,4.0,4.0
3389,2065,12,1,4.0,5.57
3390,2066,17,1,8.0,8.0
3391,2067,12,1,4.0,4.0
3392,2068,12,1,4.0,4.0
3393,2068,8,1,6.0,6.0
3394,2068,7,2,6.5,13.0
3395,2068,8,1,6.0,6.0
3396,2068,1,1,5.5,5.5
3397,2069,13,1,3.5,3.5
3398,2070,3,2,4.5,10.11
3399,2071,17,2,8.0,16.0
3400,2072,5,1,6.0,6.0
3401,2073,11,1,5.5,6.75
3402,2074,18,2,10.0,20.0
3403,2074,5,1,6.0,6.0
3404,2074,11,1,5.5,5.5
3405,2074,2,1,5.0,5.0
3406,2074,19,1,7.0,7.0
3407,2075,19,1,7.0,7.97
3408,2076,18,1,10.0,10.0
3409,2077,19,1,7.0,7.0
3410,2077,2,1,5.0,6.11
3411,2078,16,1,9.5,10.8
3412,2079,11,2,5.5,11.0
3413,2080,6,2,3.5,7.0
3414,2081,15,1,4.5,4.5
3415,2081,6,1,3.5,3.5
3416,2081,11,1,5.5,6.75
3417,2082,15,1,4.5,4.5
3418,2082,15,1,4.5,4.5
3419,2083,2,1,5.0,5.0
3420,2084,7,1,6.5,6.5
3421,2084,3,1,4.5,4.5
3422,2084,11,1,5.5,5.5
3423,2085,14,1,3.0,3.0
3424,2086,25,1,20.0,20.0
3425,2086,18,1,10.0,10.0
3426,2086,18,1,10.0,11.11
3427,2087,9,1,4.0,4.0
3428,2088,12,1,4.0,4.0
3429,2089,6,1,3.5,3.5
3430,2090,18,1,10.0,10.0
3431,2091,16,1,9.5,10.75
3432,2092,16,2,9.5,20.3
3433,2093,6,1,3.5,3.5
3434,2094,8,1,6.0,6.0
3435,2095,10,1,4.0,4.0
3436,2096,2,1,5.0,5.0
3437,2096,14,1,3.0,4.39
3438,2097,16,1,9.5,10.94
3439,2098,16,1,9.5,9.5
3440,2098,15,1,4.5,4.5
3441,2099,18,1,10.0,10.0
3442,2100,9,1,4.0,4.0
3443,2100,9,1,4.0,4.0
3444,2100,15,1,4.5,4.5
3445,2100,13,1,3.5,3.5
3446,2101,11,1,5.5,5.5
3447,2102,13,1,3.5,5.07
3448,2103,13,1,3.5,6.62
3449,2104,8,1,6.0,6.0
3450,2105,17,1,8.0,9.25
3451,2106,15,2,4.5,9.0
3452,2106,2,1,5.0,5.0
3453,2106,17,2,8.0,16.0
3454,2106,14,1,3.0,3.0
3455,2106,13,2,3.5,7.0
3456,2107,7,1,6.5,6.5
3457,2107,13,1,3.5,3.5
3458,2108,6,1,3.5,3.5
3459,2109,1,1,5.5,5.5
3460,2109,19,1,7.0,7.98
3461,2110,4,1,5.5,5.5
3462,2111,1,1,5.5,5.5
3463,2111,15,1,4.5,4.5
3464,2111,13,1,3.5,3.5
3465,2111,5,1,6.0,6.0
3466,2111,16,1,9.5,10.98
3467,2112,23,1,15.0,15.0
3468,2112,5,1,6.0,6.0
3469,2113,3,1,4.5,5.35
3470,2114,17,1,8.0,8.0
3471,2115,7,2,6.5,13.0
3472,2115,15,1,4.5,4.5
3473,2115,19,1,7.0,7.0
3474,2115,7,1,6.5,6.5
3475,2115,9,1,4.0,4.0
3476,2116,11,1,5.5,5.5
3477,2116,10,1,4.0,4.0
3478,2117,3,1,4.5,4.5
3479,2118,8,1,6.0,6.0
3480,2119,24,1,18.0,18.0
3481,2120,1,1,5.5,5.5
3482,2121,10,1,4.0,4.0
3483,2121,11,1,5.5,5.5
3484,2122,7,1,6.5,6.5
3485,2123,11,1,5.5,5.5
3486,2124,17,1,8.0,8.0
3487,2124,18,1,10.0,10.0
3488,2124,18,1,10.0,10.0
3489,2124,5,1,6.0,6.0
3490,2125,7,1,6.5,6.5
3491,2125,8,1,6.0,6.0
3492,2125,2,1,5.0,5.0
3493,2125,5,1,6.0,6.0
3494,2126,16,1,9.5,9.5
3495,2127,2,1,5.0,5.94
3496,2128,14,1,3.0,3.0
3497,2129,4,1,5.5,5.5
3498,2130,21,1,25.0,28.12
3499,2131,6,1,3.5,3.5
3500,2131,19,1,7.0,7.0
3501,2131,16,2,9.5,19.0
3502,2131,13,1,3.5,3.5
3503,2131,10,1,4.0,4.0
3504,2132,17,1,8.0,9.06
3505,2133,10,1,4.0,4.0
3506,2134,18,1,10.0,10.0
3507,2134,19,1,7.0,7.0
3508,2134,4,1,5.5,5.5
3509,2134,15,1,4.5,4.5
3510,2134,10,1,4.0,4.0
3511,2135,12,1,4.0,6.04
3512,2136,13,1,3.5,3.5
3513,2137,13,1,3.5,4.61
3514,2138,18,1,10.0,10.0
3515,2138,5,2,6.0,12.0
3516,2138,16,1,9.5,9.5
3517,2138,15,2,4.5,10.44
3518,2139,14,1,3.0,3.0
3519,2140,3,1,4.5,4.5
3520,2140,19,2,7.0,14.0
3521,2140,1,1,5.5,6.26
3522,2141,13,1,3.5,3.5
3523,2141,3,1,4.5,4.5
3524,2141,11,1,5.5,5.5
3525,2141,15,2,4.5,9.0
3526,2141,11,1,5.5,5.5
3527,2142,19,1,7.0,7.0
3528,2142,6,1,3.5,3.5
3529,2143,7,1,6.5,6.5
3530,2144,6,1,3.5,3.5
3531,2144,15,2,4.5,9.0
3532,2144,8,1,6.0,6.0
3533,2144,2,1,5.0,6.39
3534,2145,10,1,4.0,4.0
3535,2145,14,1,3.0,3.0
3536,2145,8,1,6.0,6.0
3537,2145,16,1,9.5,9.5
3538,2145,13,1,3.5,4.94
3539,2146,7,1,6.5,7.61
3540,2147,1,1,5.5,5.5
3541,2147,3,1,4.5,5.71
3542,2148,14,1,3.0,3.0
3543,2149,9,1,4.0,4.0
3544,2150,4,2,5.5,11.0
3545,2151,11,1,5.5,7.07
3546,2152,19,1,7.0,7.0
3547,2153,8,1,6.0,6.0
3548,2153,16,1,9.5,11.07
3549,2154,11,1,5.5,5.5
3550,2154,17,2,8.0,16.0
3551,2154,5,1,6.0,6.0
3552,2155,12,1,4.0,4.0
3553,2156,19,2,7.0,15.11
3554,2157,2,1,5.0,8.12
3555,2158,7,1,6.5,7.53
3556,2159,7,1,6.5,7.53
3557,2160,3,1,4.5,4.5
3558,2161,1,1,5.5,8.62
3559,2162,15,2,4.5,9.0
3560,2163,7,1,6.5,6.5
3561,2164,13,2,3.5,8.15
3562,2165,11,2,5.5,11.0
3563,2166,5,1,6.0,9.12
3564,2167,14,1,3.0,3.0
3565,2167,14,1,3.0,3.0
3566,2167,1,1,5.5,5.5
3567,2167,21,1,25.0,25.0
3568,2167,25,1,20.0,20.0
3569,2168,1,2,5.5,11.0
3570,2169,17,1,8.0,8.0
3571,2170,24,1,18.0,18.0
3572,2170,15,1,4.5,5.61
3573,2171,2,1,5.0,5.0
3574,2172,7,1,6.5,6.5
3575,2173,2,1,5.0,5.0
3576,2174,2,1,5.0,5.0
3577,2174,12,2,4.0,8.0
3578,2175,12,1,4.0,4.0
3579,2176,11,1,5.5,5.5
3580,2177,19,1,7.0,8.44
3581,2178,10,1,4.0,5.25
3582,2179,1,1,5.5,5.5
3583,2179,10,1,4.0,4.0
3584,2179,8,1,6.0,6.0
3585,2179,15,1,4.5,4.5
3586,2179,2,1,5.0,5.0
3587,2180,8,1,6.0,6.0
3588,2180,5,1,6.0,6.0
3589,2180,15,2,4.5,9.0
3590,2180,9,1,4.0,4.0
3591,2180,5,1,6.0,6.0
3592,2181,12,1,4.0,4.0
3593,2181,10,1,4.0,4.0
3594,2182,12,2,4.0,8.0
3595,2182,18,1,10.0,10.0
3596,2182,15,1,4.5,4.5
3597,2183,12,1,4.0,4.0
3598,2184,15,1,4.5,5.75
3599,2185,5,1,6.0,7.11
3600,2186,1,2,5.5,11.0
3601,2187,1,1,5.5,6.56
3602,2188,12,1,4.0,4.0
3603,2188,10,1,4.0,4.0
3604,2188,14,1,3.0,3.0
3605,2189,19,1,7.0,7.0
3606,2190,18,1,10.0,10.0
3607,2191,10,1,4.0,4.0
3608,2192,10,1,4.0,5.21
3609,2193,21,1,25.0,26.48
3610,2194,15,1,4.5,6.54
3611,2195,4,1,5.5,5.5
3612,2195,3,1,4.5,4.5
3613,2195,15,1,4.5,5.75
3614,2196,6,1,3.5,3.5
3615,2197,3,1,4.5,4.5
3616,2198,22,1,8.0,8.0
3617,2198,14,1,3.0,3.0
3618,2198,2,1,5.0,5.0
3619,2198,15,1,4.5,5.75
3620,2199,16,1,9.5,9.5
3621,2199,19,2,7.0,14.0
3622,2199,15,1,4.5,5.94
3623,2200,18,1,10.0,10.0
3624,2201,2,1,5.0,5.0
3625,2201,8,1,6.0,6.0
3626,2201,10,1,4.0,4.0
3627,2201,19,1,7.0,7.0
3628,2202,1,1,5.5,5.5
3629,2203,8,2,6.0,13.11
3630,2204,10,1,4.0,4.0
3631,2205,11,1,5.5,6.75
3632,2206,2,1,5.0,5.0
3633,2206,18,1,10.0,10.0
3634,2207,9,1,4.0,5.57
3635,2208,9,1,4.0,4.97
3636,2209,16,1,9.5,9.5
3637,2210,3,1,4.5,4.5
3638,2211,14,1,3.0,3.0
3639,2212,5,1,6.0,6.0
3640,2212,11,2,5.5,11.0
3641,2213,1,1,5.5,5.5
3642,2213,16,1,9.5,9.5
3643,2213,7,1,6.5,6.5
3644,2213,11,1,5.5,5.5
3645,2214,7,1,6.5,6.5
3646,2215,14,2,3.0,7.25
3647,2216,14,1,3.0,3.0
3648,2216,14,1,3.0,3.0
3649,2216,11,2,5.5,11.0
3650,2217,6,1,3.5,3.5
3651,2217,14,1,3.0,3.0
3652,2217,9,1,4.0,4.0
3653,2217,6,2,3.5,7.0
3654,2217,6,1,3.5,3.5
3655,2218,18,2,10.0,21.87
3656,2219,8,1,6.0,6.0
3657,2219,8,1,6.0,6.0
3658,2220,13,1,3.5,3.5
3659,2221,18,1,10.0,10.0
3660,2222,7,1,6.5,7.94
3661,2223,6,1,3.5,3.5
3662,2224,18,2,10.0,20.0
3663,2225,4,2,5.5,12.15
3664,2226,7,1,6.5,6.5
3665,2227,8,1,6.0,7.25
3666,2228,18,1,10.0,11.39
3667,2229,2,1,5.0,6.87
3668,2230,19,1,7.0,7.0
3669,2230,17,1,8.0,8.0
3670,2230,15,1,4.5,4.5
3671,2230,12,1,4.0,4.0
3672,2231,2,1,5.0,6.54
3673,2232,17,1,8.0,8.0
3674,2233,24,1,18.0,18.0
3675,2234,3,1,4.5,4.5
3676,2235,15,1,4.5,5.75
3677,2236,17,1,8.0,8.0
3678,2237,8,1,6.0,6.0
3679,2238,16,2,9.5,19.0
3680,2238,3,2,4.5,9.0
3681,2238,18,1,10.0,10.0
3682,2238,7,1,6.5,6.5
3683,2238,15,1,4.5,4.5
3684,2239,6,1,3.5,3.5
3685,2239,15,1,4.5,4.5
3686,2239,8,1,6.0,7.06
3687,2240,1,1,5.5,5.5
3688,2241,17,1,8.0,9.25
3689,2242,17,1,8.0,9.06
3690,2243,11,1,5.5,5.5
3691,2243,2,1,5.0,5.0
3692,2243,15,1,4.5,4.5
3693,2243,10,1,4.0,4.0
3694,2243,19,1,7.0,7.98
3695,2244,11,1,5.5,6.48
3696,2245,21,1,25.0,25.0
3697,2245,23,1,15.0,15.0
3698,2245,14,1,3.0,3.0
3699,2246,3,1,4.5,4.5
3700,2246,3,1,4.5,5.71
3701,2247,11,1,5.5,5.5
3702,2248,12,1,4.0,4.0
3703,2249,1,1,5.5,5.5
3704,2250,8,1,6.0,6.0
3705,2250,15,1,4.5,4.5
3706,2250,6,1,3.5,3.5
3707,2250,8,1,6.0,6.0
3708,2250,16,1,9.5,9.5
3709,2251,17,1,8.0,11.5
3710,2252,7,1,6.5,6.5
3711,2253,5,2,6.0,13.59
3712,2254,17,1,8.0,8.0
3713,2254,16,1,9.5,9.5
3714,2255,13,1,3.5,3.5
3715,2256,16,1,9.5,11.54
3716,2257,7,1,6.5,6.5
3717,2258,6,1,3.5,3.5
3718,2259,19,1,7.0,7.0
3719,2260,12,1,4.0,4.0
3720,2261,15,1,4.5,4.5
3721,2262,14,1,3.0,3.0
3722,2262,17,1,8.0,8.0
3723,2262,18,1,10.0,10.0
3724,2262,11,1,5.5,5.5
3725,2262,23,1,15.0,15.98
3726,2263,19,1,7.0,7.0
3727,2264,14,1,3.0,3.0
3728,2264,9,1,4.0,4.0
3729,2265,3,1,4.5,4.5
3730,2265,6,1,3.5,3.5
3731,2266,16,1,9.5,9.5
3732,2267,15,2,4.5,9.98
3733,2268,4,1,5.5,5.5
3734,2268,3,1,4.5,4.5
3735,2268,5,1,6.0,6.0
3736,2268,10,1,4.0,5.25
3737,2269,7,1,6.5,6.5
3738,2270,15,1,4.5,4.5
3739,2270,10,1,4.0,4.0
3740,2271,25,1,20.0,21.59
3741,2272,4,2,5.5,11.0
3742,2273,10,1,4.0,4.0
3743,2273,9,1,4.0,4.0
3744,2273,15,1,4.5,4.5
3745,2273,7,2,6.5,13.0
3746,2274,14,2,3.0,6.0
3747,2275,19,1,7.0,7.0
3748,2275,14,1,3.0,5.65
3749,2276,15,1,4.5,4.5
3750,2277,2,1,5.0,6.39
3751,2278,24,1,18.0,18.0
3752,2279,14,2,3.0,6.0
3753,2280,17,1,8.0,8.0
3754,2281,8,1,6.0,6.0
3755,2282,10,2,4.0,8.0
3756,2283,13,1,3.5,3.5
3757,2283,8,1,6.0,6.0
3758,2284,2,2,5.0,10.0
3759,2285,2,1,5.0,5.0
3760,2285,3,2,4.5,9.0
3761,2285,18,1,10.0,10.0
3762,2285,8,2,6.0,12.0
3763,2285,2,1,5.0,5.0
3764,2286,1,1,5.5,5.5
3765,2287,3,1,4.5,4.5
3766,2287,18,1,10.0,10.0
3767,2287,16,1,9.5,9.5
3768,2287,5,1,6.0,6.0
3769,2288,12,2,4.0,8.0
3770,2289,16,1,9.5,9.5
3771,2289,14,1,3.0,4.87
3772,2290,3,1,4.5,4.5
3773,2291,8,1,6.0,6.0
3774,2291,9,1,4.0,4.0
3775,2292,7,1,6.5,6.5
3776,2292,7,1,6.5,6.5
3777,2292,15,1,4.5,4.5
3778,2293,9,1,4.0,4.0
3779,2294,3,2,4.5,9.0
3780,2295,16,1,9.5,9.5
3781,2296,8,1,6.0,6.0
3782,2297,8,1,6.0,6.0
3783,2298,15,1,4.5,5.56
3784,2299,15,1,4.5,4.5
3785,2299,8,1,6.0,6.0
3786,2300,12,2,4.0,8.0
3787,2301,5,1,6.0,6.0
3788,2301,15,1,4.5,4.5
3789,2302,12,1,4.0,4.0
3790,2302,19,1,7.0,7.0
3791,2302,7,1,6.5,6.5
3792,2302,18,1,10.0,10.0
3793,2302,3,1,4.5,4.5
3794,2303,19,1,7.0,7.0
3795,2303,19,1,7.0,7.0
3796,2303,8,1,6.0,6.0
3797,2304,9,2,4.0,8.97
3798,2305,13,1,3.5,3.5
3799,2306,7,1,6.5,6.5
3800,2307,8,2,6.0,12.0
3801,2307,23,1,15.0,15.0
3802,2308,25,1,20.0,20.0
3803,2308,19,2,7.0,14.0
3804,2309,4,1,5.5,5.5
3805,2309,5,1,6.0,6.0
3806,2309,3,1,4.5,4.5
3807,2309,5,1,6.0,6.0
3808,2309,7,2,6.5,13.85
3809,2310,18,2,10.0,20.0
3810,2311,11,2,5.5,11.0
3811,2312,15,2,4.5,9.0
3812,2313,23,1,15.0,15.0
3813,2314,17,1,8.0,8.0
3814,2315,13,1,3.5,3.5
3815,2316,6,2,3.5,7.0
3816,2317,13,2,3.5,8.54
3817,2318,5,1,6.0,6.0
3818,2319,1,1,5.5,5.5
3819,2320,10,1,4.0,4.0
3820,2320,19,1,7.0,7.0
3821,2321,9,2,4.0,8.0
3822,2322,16,1,9.5,9.5
3823,2323,7,1,6.5,6.5
3824,2324,8,1,6.0,7.03
3825,2325,15,1,4.5,4.5
3826,2326,17,1,8.0,8.0
3827,2327,9,1,4.0,4.0
3828,2327,3,1,4.5,4.5
3829,2328,16,1,9.5,11.84
3830,2329,7,1,6.5,6.5
3831,2329,5,1,6.0,7.57
3832,2330,11,1,5.5,7.09
3833,2331,6,2,3.5,7.0
3834,2332,6,1,3.5,3.5
3835,2333,2,1,5.0,5.0
3836,2333,9,1,4.0,4.0
3837,2333,13,2,3.5,7.0
3838,2333,15,1,4.5,4.5
3839,2333,2,1,5.0,5.0
3840,2334,7,1,6.5,6.5
3841,2334,17,2,8.0,16.0
3842,2334,13,1,3.5,4.56
3843,2335,9,2,4.0,8.0
3844,2335,11,1,5.5,5.5
3845,2335,18,1,10.0,10.0
3846,2335,14,1,3.0,3.0
3847,2335,10,1,4.0,5.39
3848,2336,18,1,10.0,10.0
3849,2337,11,1,5.5,6.47
3850,2338,3,1,4.5,4.5
3851,2338,4,1,5.5,5.5
3852,2339,3,1,4.5,4.5
3853,2340,2,2,5.0,10.0
3854,2341,13,1,3.5,3.5
3855,2341,5,1,6.0,6.0
3856,2342,4,1,5.5,5.5
3857,2342,9,1,4.0,4.0
3858,2342,10,1,4.0,4.0
3859,2342,14,2,3.0,6.0
3860,2343,9,1,4.0,5.79
3861,2344,1,2,5.5,11.0
3862,2344,8,1,6.0,6.0
3863,2345,18,2,10.0,20.98
3864,2346,9,1,4.0,4.0
3865,2347,19,1,7.0,8.44
3866,2348,20,1,8.0,9.87
3867,2349,15,1,4.5,4.5
3868,2350,12,1,4.0,5.25
3869,2351,16,1,9.5,9.5
3870,2352,19,1,7.0,7.0
3871,2353,16,1,9.5,10.71
3872,2354,2,2,5.0,10.0
3873,2355,21,1,25.0,26.03
3874,2356,15,1,4.5,4.5
3875,2356,11,1,5.5,5.5
3876,2356,21,1,25.0,25.0
3877,2356,10,1,4.0,4.0
3878,2356,11,1,5.5,5.5
3879,2357,4,2,5.5,11.0
3880,2358,14,1,3.0,3.0
3881,2358,16,1,9.5,10.61
3882,2359,16,1,9.5,9.5
3883,2360,16,1,9.5,10.71
3884,2361,1,1,5.5,5.5
3885,2361,14,1,3.0,3.0
3886,2361,7,1,6.5,6.5
3887,2361,2,1,5.0,6.06
3888,2362,17,1,8.0,8.0
3889,2363,8,1,6.0,6.0
3890,2363,18,1,10.0,10.0
3891,2363,13,1,3.5,4.71
3892,2364,6,1,3.5,4.47
3893,2365,15,1,4.5,6.15
3894,2366,13,1,3.5,3.5
3895,2366,13,1,3.5,3.5
3896,2366,2,1,5.0,5.0
3897,2366,25,1,20.0,20.0
3898,2366,17,2,8.0,16.0
3899,2367,12,1,4.0,4.0
3900,2368,1,1,5.5,6.53
3901,2369,12,2,4.0,8.0
3902,2370,17,1,8.0,9.25
3903,2371,9,1,4.0,6.65
3904,2372,18,1,10.0,10.0
3905,2372,15,1,4.5,4.5
3906,2372,11,2,5.5,11.0
3907,2372,21,1,25.0,25.0
3908,2372,9,1,4.0,4.0
3909,2373,17,2,8.0,16.0
3910,2374,9,1,4.0,4.0
3911,2374,1,1,5.5,5.5
3912,2375,5,2,6.0,12.0
3913,2376,16,1,9.5,9.5
3914,2376,15,1,4.5,4.5
3915,2377,8,1,6.0,6.0
3916,2377,16,1,9.5,9.5
3917,2377,17,1,8.0,10.65
3918,2378,7,1,6.5,6.5
3919,2379,7,1,6.5,6.5
3920,2380,8,1,6.0,6.0
3921,2380,6,1,3.5,3.5
3922,2380,5,1,6.0,6.0
3923,2380,6,1,3.5,3.5
3924,2380,12,1,4.0,4.0
3925,2381,5,1,6.0,6.0
3926,2381,13,1,3.5,3.5
3927,2381,10,1,4.0,4.0
3928,2381,3,2,4.5,9.0
3929,2381,19,1,7.0,7.0
3930,2382,5,1,6.0,6.0
3931,2383,15,1,4.5,5.75
3932,2384,8,1,6.0,6.0
3933,2384,16,1,9.5,9.5
3934,2384,8,1,6.0,6.0
3935,2384,12,1,4.0,4.0
3936,2384,2,1,5.0,6.21
3937,2385,10,1,4.0,4.0
3938,2385,15,1,4.5,5.75
3939,2386,9,1,4.0,4.0
3940,2386,18,1,10.0,10.76
3941,2387,11,1,5.5,5.5
3942,2388,12,1,4.0,4.0
3943,2388,4,1,5.5,5.5
3944,2388,2,1,5.0,6.21
3945,2389,11,1,5.5,5.5
3946,2390,11,1,5.5,5.5
3947,2391,10,1,4.0,4.0
3948,2391,12,2,4.0,8.0
3949,2392,11,1,5.5,5.5
3950,2393,2,1,5.0,5.0
3951,2393,18,1,10.0,10.0
3952,2394,1,1,5.5,5.5
3953,2394,16,1,9.5,9.5
3954,2394,5,1,6.0,7.87
3955,2395,23,1,15.0,15.0
3956,2395,21,1,25.0,25.0
3957,2396,7,1,6.5,6.5
3958,2396,17,1,8.0,9.83
3959,2397,15,1,4.5,4.5
3960,2398,10,1,4.0,4.0
3961,2399,10,1,4.0,4.0
3962,2400,15,1,4.5,4.5
3963,2401,1,1,5.5,5.5
3964,2401,9,2,4.0,8.0
3965,2401,9,1,4.0,4.0
3966,2401,19,1,7.0,7.0
3967,2401,9,1,4.0,4.0
3968,2402,13,1,3.5,3.5
3969,2403,14,1,3.0,3.0
3970,2404,15,1,4.5,4.5
3971,2405,13,1,3.5,3.5
3972,2405,11,1,5.5,5.5
3973,2406,5,1,6.0,6.0
3974,2407,9,1,4.0,4.0
3975,2408,5,1,6.0,7.21
3976,2409,15,1,4.5,4.5
3977,2410,7,1,6.5,7.71
3978,2411,12,1,4.0,4.0
3979,2412,6,1,3.5,3.5
3980,2413,15,1,4.5,4.5
3981,2413,8,1,6.0,6.0
3982,2414,9,1,4.0,4.0
3983,2415,17,1,8.0,11.05
3984,2416,20,1,8.0,8.0
3985,2417,11,1,5.5,5.5
3986,2417,17,1,8.0,9.21
3987,2418,5,1,6.0,6.0
3988,2418,12,1,4.0,4.0
3989,2418,7,1,6.5,7.75
3990,2419,4,1,5.5,5.5
3991,2419,11,2,5.5,11.0
3992,2419,13,1,3.5,3.5
3993,2419,6,1,3.5,3.5
3994,2419,13,2,3.5,8.3
3995,2420,13,1,3.5,5.37
3996,2421,16,1,9.5,9.5
3997,2421,23,1,15.0,15.0
3998,2421,15,1,4.5,6.54
3999,2422,8,1,6.0,7.57
4000,2423,17,1,8.0,8.0
4001,2423,15,1,4.5,4.5
4002,2423,13,2,3.5,7.97
4003,2424,11,2,5.5,11.0
4004,2425,14,2,3.0,6.0
4005,2425,13,1,3.5,4.75
4006,2426,2,1,5.0,5.0
4007,2427,20,1,8.0,8.0
4008,2428,15,1,4.5,4.5
4009,2429,17,1,8.0,8.0
4010,2430,15,1,4.5,4.5
4011,2430,18,1,10.0,10.0
4012,2430,17,1,8.0,8.0
4013,2430,14,1,3.0,3.0
4014,2430,2,2,5.0,10.0
4015,2431,14,1,3.0,3.0
4016,2432,10,1,4.0,4.0
4017,2433,8,1,6.0,6.0
4018,2433,9,1,4.0,4.0
4019,2433,3,1,4.5,4.5
4020,2433,18,1,10.0,10.0
4021,2434,5,1,6.0,6.97
4022,2435,7,1,6.5,6.5
4023,2436,21,1,25.0,25.0
4024,2437,18,1,10.0,10.0
4025,2437,19,1,7.0,7.0
4026,2438,11,1,5.5,5.5
4027,2439,20,2,8.0,18.34
4028,2440,9,1,4.0,5.25
4029,2441,7,1,6.5,6.5
4030,2442,8,1,6.0,6.0
4031,2443,17,1,8.0,9.11
4032,2444,11,1,5.5,6.8
4033,2445,14,1,3.0,3.0
4034,2446,11,1,5.5,5.5
4035,2447,19,2,7.0,14.0
4036,2448,24,1,18.0,18.0
4037,2449,10,1,4.0,4.0
4038,2450,7,1,6.5,7.75
4039,2451,7,2,6.5,13.0
4040,2451,18,1,10.0,10.0
4041,2452,17,2,8.0,16.0
4042,2453,3,2,4.5,9.0
4043,2454,16,1,9.5,9.5
4044,2455,6,1,3.5,3.5
4045,2456,12,2,4.0,9.11
4046,2457,8,1,6.0,6.0
4047,2457,17,1,8.0,8.0
4048,2458,15,1,4.5,4.5
4049,2459,8,2,6.0,12.0
4050,2460,16,1,9.5,9.5
4051,2461,15,1,4.5,5.71
4052,2462,17,1,8.0,9.25
4053,2463,1,1,5.5,5.5
4054,2463,15,1,4.5,4.5
4055,2463,10,1,4.0,4.0
4056,2463,11,1,5.5,5.5
4057,2464,3,1,4.5,6.84
4058,2465,11,1,5.5,5.5
4059,2466,6,2,3.5,7.0
4060,2466,8,1,6.0,6.0
4061,2466,13,1,3.5,3.5
4062,2466,3,1,4.5,4.5
4063,2467,2,1,5.0,5.0
4064,2468,11,1,5.5,5.5
4065,2469,11,2,5.5,14.5
4066,2470,18,1,10.0,10.0
4067,2471,8,1,6.0,6.0
4068,2472,11,1,5.5,8.55
4069,2473,3,1,4.5,4.5
4070,2474,6,1,3.5,3.5
4071,2474,15,1,4.5,4.5
4072,2474,18,1,10.0,10.0
4073,2474,15,1,4.5,4.5
4074,2474,16,2,9.5,19.0
4075,2475,4,1,5.5,5.5
4076,2475,10,1,4.0,4.0
4077,2476,5,1,6.0,6.0
4078,2476,12,1,4.0,4.0
4079,2477,7,1,6.5,6.5
4080,2478,7,1,6.5,6.5
4081,2478,9,1,4.0,4.0
4082,2478,7,1,6.5,8.29
4083,2479,16,1,9.5,9.5
4084,2480,21,1,25.0,25.0
4085,2480,21,1,25.0,25.0
4086,2480,3,1,4.5,4.5
4087,2481,4,1,5.5,7.1
4088,2482,6,1,3.5,4.71
4089,2483,25,1,20.0,21.03
4090,2484,11,1,5.5,5.5
4091,2484,15,1,4.5,4.5
4092,2485,8,1,6.0,6.0
4093,2486,15,1,4.5,4.5
4094,2487,18,1,10.0,10.0
4095,2488,7,1,6.5,6.5
4096,2489,15,1,4.5,4.5
4097,2489,8,2,6.0,12.0
4098,2489,3,1,4.5,4.5
4099,2489,8,1,6.0,6.0
4100,2489,11,1,5.5,7.54
4101,2490,8,1,6.0,6.0
4102,2491,12,1,4.0,4.97
4103,2492,18,1,10.0,10.0
4104,2493,11,1,5.5,5.5
4105,2493,16,1,9.5,9.5
4106,2494,11,1,5.5,7.37
4107,2495,20,1,8.0,8.0
4108,2496,19,1,7.0,7.0
4109,2497,5,1,6.0,6.0
4110,2497,16,1,9.5,9.5
4111,2497,17,1,8.0,8.0
4112,2497,7,1,6.5,6.5
4113,2498,13,1,3.5,5.84
4114,2499,18,1,10.0,10.0
4115,2499,15,1,4.5,4.5
4116,2499,5,1,6.0,6.0
4117,2500,10,2,4.0,8.0
4118,2500,6,1,3.5,3.5
4119,2501,3,1,4.5,4.5
4120,2502,10,1,4.0,4.0
4121,2502,17,1,8.0,8.0
4122,2502,1,2,5.5,11.0
4123,2502,7,1,6.5,6.5
4124,2502,15,1,4.5,4.5
4125,2503,20,1,8.0,8.0
4126,2503,16,1,9.5,9.5
4127,2504,15,1,4.5,7.15
4128,2505,15,2,4.5,9.0
4129,2505,19,1,7.0,7.0
4130,2505,9,2,4.0,8.0
4131,2505,7,2,6.5,14.21
4132,2506,5,2,6.0,12.0
4133,2506,12,1,4.0,4.0
4134,2507,18,1,10.0,10.0
4135,2508,13,1,3.5,3.5
4136,2508,8,1,6.0,6.0
4137,2508,20,1,8.0,8.0
4138,2508,12,1,4.0,4.0
4139,2509,20,1,8.0,8.0
4140,2509,9,1,4.0,4.0
4141,2509,18,1,10.0,11.44
4142,2510,24,1,18.0,18.0
4143,2510,19,2,7.0,14.0
4144,2510,22,1,8.0,8.0
4145,2510,20,1,8.0,8.0
4146,2510,10,1,4.0,4.0
4147,2511,11,1,5.5,5.5
4148,2512,6,1,3.5,4.61
4149,2513,3,1,4.5,4.5
4150,2513,3,2,4.5,9.0
4151,2513,10,1,4.0,4.0
4152,2513,2,1,5.0,5.0
4153,2513,7,1,6.5,6.5
4154,2514,20,1,8.0,8.0
4155,2514,17,2,8.0,16.0
4156,2514,14,1,3.0,3.0
4157,2515,13,1,3.5,5.15
4158,2516,10,1,4.0,5.21
4159,2517,20,1,8.0,8.0
4160,2517,20,1,8.0,8.0
4161,2517,5,1,6.0,6.0
4162,2517,1,1,5.5,5.5
4163,2517,23,1,15.0,15.98
4164,2518,18,1,10.0,10.0
4165,2519,20,1,8.0,8.0
4166,2519,12,2,4.0,8.0
4167,2520,18,1,10.0,11.25
4168,2521,18,1,10.0,10.0
4169,2522,16,1,9.5,9.5
4170,2523,20,1,8.0,8.0
4171,2524,19,1,7.0,7.0
4172,2524,14,2,3.0,7.6
4173,2525,23,1,15.0,15.0
4174,2526,11,1,5.5,5.5
4175,2526,4,2,5.5,11.0
4176,2526,10,1,4.0,5.57
4177,2527,3,1,4.5,4.5
4178,2528,16,1,9.5,9.5
4179,2529,5,1,6.0,7.03
4180,2530,11,1,5.5,5.5
4181,2530,16,1,9.5,9.5
4182,2530,15,2,4.5,9.0
4183,2530,5,1,6.0,7.3
4184,2531,14,1,3.0,4.25
4185,2532,15,2,4.5,9.0
4186,2533,22,1,8.0,8.0
4187,2534,2,1,5.0,5.0
4188,2535,14,1,3.0,3.0
4189,2536,15,1,4.5,4.5
4190,2537,3,1,4.5,4.5
4191,2537,11,2,5.5,12.03
4192,2538,6,1,3.5,3.5
4193,2538,13,1,3.5,4.71
4194,2539,13,1,3.5,3.5
4195,2540,15,1,4.5,4.5
4196,2541,7,2,6.5,13.98
4197,2542,19,1,7.0,7.0
4198,2543,19,2,7.0,14.0
4199,2543,11,1,5.5,5.5
4200,2543,14,1,3.0,3.0
4201,2543,17,1,8.0,8.0
4202,2543,18,1,10.0,10.0
4203,2544,3,1,4.5,4.5
4204,2545,9,1,4.0,4.0
4205,2546,3,1,4.5,4.5
4206,2546,17,1,8.0,8.0
4207,2546,18,2,10.0,20.0
4208,2546,7,1,6.5,6.5
4209,2547,7,1,6.5,6.5
4210,2548,12,1,4.0,4.0
4211,2549,25,1,20.0,21.25
4212,2550,9,1,4.0,4.0
4213,2550,16,1,9.5,9.5
4214,2551,15,1,4.5,4.5
4215,2551,18,1,10.0,10.0
4216,2551,14,1,3.0,3.0
4217,2551,19,1,7.0,7.0
4218,2551,7,1,6.5,6.5
4219,2552,7,1,6.5,6.5
4220,2552,20,1,8.0,8.0
4221,2552,2,2,5.0,10.0
4222,2552,20,1,8.0,8.0
4223,2552,14,1,3.0,4.21
4224,2553,9,1,4.0,4.0
4225,2554,10,1,4.0,4.0
4226,2555,11,1,5.5,5.5
4227,2556,8,1,6.0,6.0
4228,2557,4,2,5.5,11.94
4229,2558,15,2,4.5,9.76
4230,2559,6,2,3.5,7.0
4231,2560,10,1,4.0,4.0
4232,2561,8,1,6.0,6.0
4233,2561,15,1,4.5,4.5
4234,2561,2,1,5.0,6.21
4235,2562,20,1,8.0,8.0
4236,2562,11,1,5.5,5.5
4237,2562,20,1,8.0,8.0
4238,2562,4,1,5.5,7.1
4239,2563,6,1,3.5,3.5
4240,2563,16,1,9.5,10.94
4241,2564,13,1,3.5,3.5
4242,2565,20,1,8.0,8.0
4243,2565,12,1,4.0,4.0
4244,2565,16,1,9.5,9.5
4245,2566,13,1,3.5,5.84
4246,2567,20,1,8.0,8.0
4247,2567,20,1,8.0,8.0
4248,2568,10,2,4.0,8.0
4249,2569,3,2,4.5,9.0
4250,2569,7,1,6.5,6.5
4251,2570,17,1,8.0,8.0
4252,2570,20,1,8.0,10.34
4253,2571,9,2,4.0,8.0
4254,2571,14,1,3.0,4.44
4255,2572,20,2,8.0,16.0
4256,2572,15,1,4.5,4.5
4257,2572,8,1,6.0,7.06
4258,2573,20,1,8.0,8.0
4259,2574,7,1,6.5,7.98
4260,2575,9,2,4.0,8.0
4261,2576,7,1,6.5,6.5
4262,2576,19,1,7.0,7.0
4263,2576,17,1,8.0,8.0
4264,2576,14,2,3.0,6.0
4265,2576,12,1,4.0,5.83
4266,2577,16,2,9.5,19.0
4267,2578,16,1,9.5,9.5
4268,2578,11,1,5.5,5.5
4269,2578,13,1,3.5,3.5
4270,2578,21,1,25.0,25.0
4271,2578,16,1,9.5,9.5
4272,2579,15,1,4.5,4.5
4273,2580,20,1,8.0,11.28
4274,2581,5,1,6.0,6.0
4275,2582,2,1,5.0,6.06
4276,2583,10,1,4.0,4.0
4277,2584,20,1,8.0,8.0
4278,2585,20,2,8.0,16.77
4279,2586,20,1,8.0,8.0
4280,2586,2,1,5.0,5.0
4281,2586,7,1,6.5,6.5
4282,2586,20,1,8.0,11.05
4283,2587,9,1,4.0,4.0
4284,2588,2,1,5.0,5.0
4285,2588,19,2,7.0,14.0
4286,2588,20,1,8.0,8.0
4287,2588,16,2,9.5,19.0
4288,2589,1,1,5.5,5.5
4289,2590,25,1,20.0,21.21
4290,2591,1,1,5.5,5.5
4291,2591,10,2,4.0,8.0
4292,2592,19,1,7.0,7.0
4293,2593,20,1,8.0,8.0
4294,2593,19,2,7.0,14.0
4295,2593,1,2,5.5,11.0
4296,2594,15,1,4.5,4.5
4297,2594,16,1,9.5,9.5
4298,2594,12,1,4.0,4.0
4299,2594,2,1,5.0,5.0
4300,2594,14,1,3.0,3.0
4301,2595,19,2,7.0,14.0
4302,2595,15,1,4.5,4.5
4303,2596,16,1,9.5,9.5
4304,2597,1,1,5.5,5.5
4305,2597,15,1,4.5,4.5
4306,2598,17,1,8.0,9.41
4307,2599,11,2,5.5,13.65
4308,2600,7,1,6.5,6.5
4309,2601,12,2,4.0,8.0
4310,2602,18,1,10.0,10.0
4311,2602,16,1,9.5,9.5
4312,2602,17,1,8.0,8.0
4313,2603,17,1,8.0,9.48
4314,2604,8,1,6.0,6.0
4315,2605,11,1,5.5,6.8
4316,2606,15,1,4.5,4.5
4317,2606,6,1,3.5,3.5
4318,2607,20,1,8.0,9.21
4319,2608,20,2,8.0,17.21
4320,2609,17,1,8.0,8.0
4321,2609,7,1,6.5,6.5
4322,2610,14,1,3.0,4.25
4323,2611,6,1,3.5,4.47
4324,2612,19,1,7.0,7.0
4325,2613,12,1,4.0,5.25
4326,2614,18,1,10.0,10.0
4327,2615,6,1,3.5,5.84
4328,2616,21,1,25.0,25.0
4329,2616,20,1,8.0,8.0
4330,2616,20,1,8.0,8.0
4331,2617,6,1,3.5,3.5
4332,2617,2,1,5.0,5.0
4333,2617,11,1,5.5,5.5
4334,2617,6,1,3.5,3.5
4335,2617,2,1,5.0,5.0
4336,2618,20,1,8.0,8.98
4337,2619,23,1,15.0,15.0
4338,2619,6,1,3.5,3.5
4339,2620,20,2,8.0,16.0
4340,2620,13,1,3.5,3.5
4341,2621,24,1,18.0,18.0
4342,2622,5,1,6.0,6.0
4343,2622,12,1,4.0,4.0
4344,2623,15,1,4.5,4.5
4345,2623,11,1,5.5,6.48
4346,2624,7,1,6.5,6.5
4347,2624,14,1,3.0,3.0
4348,2624,23,1,15.0,15.0
4349,2624,14,1,3.0,3.98
4350,2625,18,1,10.0,10.0
4351,2626,7,2,6.5,13.0
4352,2627,14,1,3.0,3.0
4353,2628,14,1,3.0,3.0
4354,2628,18,2,10.0,20.0
4355,2628,20,1,8.0,8.0
4356,2629,7,1,6.5,6.5
4357,2629,9,1,4.0,4.0
4358,2629,1,1,5.5,7.09
4359,2630,1,1,5.5,5.5
4360,2631,17,1,8.0,8.0
4361,2631,9,1,4.0,4.0
4362,2631,20,2,8.0,16.0
4363,2631,15,1,4.5,4.5
4364,2632,1,1,5.5,5.5
4365,2633,4,1,5.5,5.5
4366,2634,19,2,7.0,14.0
4367,2635,20,2,8.0,16.0
4368,2636,19,1,7.0,7.0
4369,2636,2,1,5.0,5.0
4370,2636,19,1,7.0,7.0
4371,2636,9,1,4.0,4.0
4372,2636,9,1,4.0,4.0
4373,2637,18,2,10.0,21.21
4374,2638,4,1,5.5,5.5
4375,2639,5,1,6.0,7.02
4376,2640,20,1,8.0,8.76
4377,2641,4,1,5.5,7.07
4378,2642,5,1,6.0,6.0
4379,2643,19,1,7.0,7.0
4380,2644,15,1,4.5,4.5
4381,2644,5,1,6.0,6.0
4382,2644,20,2,8.0,17.44
4383,2645,17,2,8.0,16.0
4384,2645,19,1,7.0,7.0
4385,2645,10,1,4.0,4.0
4386,2646,1,1,5.5,5.5
4387,2647,20,2,8.0,17.15
4388,2648,2,1,5.0,6.25
4389,2649,20,1,8.0,8.97
4390,2650,2,1,5.0,5.0
4391,2651,18,1,10.0,10.0
4392,2651,16,1,9.5,9.5
4393,2651,3,1,4.5,4.5
4394,2652,17,1,8.0,9.03
4395,2653,5,1,6.0,6.0
4396,2654,3,2,4.5,9.0
4397,2654,13,1,3.5,3.5
4398,2655,15,1,4.5,4.5
4399,2655,7,1,6.5,8.07
4400,2656,19,1,7.0,7.0
4401,2656,20,1,8.0,8.0
4402,2656,20,1,8.0,8.0
4403,2656,2,2,5.0,10.0
4404,2657,7,2,6.5,15.34
4405,2658,16,1,9.5,9.5
4406,2659,17,1,8.0,8.0
4407,2660,3,1,4.5,4.5
4408,2661,10,1,4.0,5.44
4409,2662,12,1,4.0,4.0
4410,2662,17,1,8.0,8.0
4411,2662,20,1,8.0,8.0
4412,2662,7,1,6.5,6.5
4413,2662,13,1,3.5,3.5
4414,2663,20,2,8.0,17.39
4415,2664,1,1,5.5,9.0
4416,2665,11,2,5.5,11.0
4417,2665,17,1,8.0,8.0
4418,2665,13,1,3.5,3.5
4419,2665,20,1,8.0,8.0
4420,2665,8,1,6.0,7.25
4421,2666,7,1,6.5,7.56
4422,2667,18,1,10.0,10.0
4423,2667,15,1,4.5,4.5
4424,2668,3,1,4.5,4.5
4425,2668,10,1,4.0,4.0
4426,2668,15,1,4.5,4.5
4427,2668,8,1,6.0,6.0
4428,2668,1,1,5.5,5.5
4429,2669,15,1,4.5,5.75
4430,2670,16,1,9.5,9.5
4431,2671,14,1,3.0,3.0
4432,2672,13,1,3.5,3.5
4433,2673,4,1,5.5,5.5
4434,2674,20,2,8.0,16.0
4435,2674,19,2,7.0,14.0
4436,2674,17,1,8.0,9.41
4437,2675,13,2,3.5,7.0
4438,2676,17,1,8.0,8.0
4439,2677,20,2,8.0,16.0
4440,2678,15,2,4.5,10.21
4441,2679,18,1,10.0,11.06
4442,2680,11,1,5.5,5.5
4443,2680,20,1,8.0,8.0
4444,2681,24,1,18.0,19.6
4445,2682,22,1,8.0,8.0
4446,2682,4,1,5.5,5.5
4447,2682,2,1,5.0,5.0
4448,2683,8,1,6.0,6.0
4449,2683,10,1,4.0,4.0
4450,2684,6,1,3.5,3.5
4451,2685,8,1,6.0,6.0
4452,2685,7,1,6.5,6.5
4453,2685,5,1,6.0,7.11
4454,2686,7,1,6.5,7.75
4455,2687,12,1,4.0,4.0
4456,2688,14,1,3.0,3.0
4457,2689,7,1,6.5,6.5
4458,2689,5,2,6.0,12.0
4459,2690,6,1,3.5,3.5
4460,2690,6,1,3.5,3.5
4461,2690,5,1,6.0,7.25
4462,2691,20,1,8.0,8.0
4463,2691,19,1,7.0,7.0
4464,2691,12,1,4.0,4.0
4465,2692,8,1,6.0,7.3
4466,2693,12,1,4.0,4.0
4467,2694,20,1,8.0,8.0
4468,2695,3,1,4.5,4.5
4469,2696,18,1,10.0,10.0
4470,2697,11,1,5.5,5.5
4471,2698,12,2,4.0,8.0
4472,2699,20,1,8.0,10.65
4473,2700,2,1,5.0,5.0
4474,2701,5,1,6.0,6.0
4475,2701,14,1,3.0,3.0
4476,2702,9,1,4.0,5.59
4477,2703,6,1,3.5,3.5
4478,2704,7,1,6.5,7.61
4479,2705,14,2,3.0,6.0
4480,2706,20,2,8.0,17.02
4481,2707,13,1,3.5,3.5
4482,2707,19,1,7.0,7.0
4483,2708,4,2,5.5,11.76
4484,2709,7,1,6.5,7.56
4485,2710,7,1,6.5,6.5
4486,2711,19,1,7.0,8.21
4487,2712,15,1,4.5,4.5
4488,2713,6,1,3.5,3.5
4489,2714,11,1,5.5,5.5
4490,2715,18,1,10.0,10.0
4491,2715,4,1,5.5,6.48
4492,2716,5,1,6.0,8.34
4493,2717,2,1,5.0,5.0
4494,2717,13,1,3.5,3.5
4495,2717,7,1,6.5,6.5
4496,2717,7,1,6.5,6.5
4497,2717,20,2,8.0,17.11
4498,2718,3,2,4.5,9.0
4499,2718,20,1,8.0,8.0
4500,2718,18,1,10.0,10.0
4501,2718,13,1,3.5,5.04
4502,2719,4,1,5.5,5.5
4503,2719,2,1,5.0,5.0
4504,2719,15,1,4.5,4.5
4505,2719,11,1,5.5,5.5
4506,2719,6,1,3.5,4.71
4507,2720,12,1,4.0,4.0
4508,2721,12,1,4.0,4.0
4509,2721,11,1,5.5,6.53
4510,2722,22,1,8.0,11.28
4511,2723,15,1,4.5,4.5
4512,2723,3,2,4.5,9.0
4513,2723,18,1,10.0,10.0
4514,2723,15,2,4.5,9.0
4515,2723,11,1,5.5,5.5
4516,2724,12,1,4.0,4.97
4517,2725,6,1,3.5,3.5
4518,2726,8,1,6.0,6.0
4519,2727,10,1,4.0,4.0
4520,2727,7,1,6.5,6.5
4521,2728,22,1,8.0,8.0
4522,2728,12,1,4.0,4.0
4523,2728,1,1,5.5,5.5
4524,2728,10,1,4.0,4.0
4525,2729,2,2,5.0,10.0
4526,2730,18,1,10.0,10.0
4527,2731,11,1,5.5,6.53
4528,2732,6,2,3.5,8.15
4529,2733,20,1,8.0,8.0
4530,2734,20,1,8.0,8.0
4531,2734,7,1,6.5,6.5
4532,2734,15,1,4.5,4.5
4533,2734,12,1,4.0,5.25
4534,2735,20,1,8.0,8.0
4535,2736,15,1,4.5,4.5
4536,2736,16,2,9.5,19.0
4537,2736,14,1,3.0,3.0
4538,2736,10,1,4.0,4.0
4539,2737,20,1,8.0,8.0
4540,2737,1,1,5.5,5.5
4541,2737,15,1,4.5,5.56
4542,2738,10,1,4.0,4.0
4543,2739,8,2,6.0,12.0
4544,2739,14,2,3.0,6.0
4545,2739,2,1,5.0,5.0
4546,2740,15,1,4.5,4.5
4547,2741,9,1,4.0,4.0
4548,2742,5,1,6.0,6.0
4549,2743,9,1,4.0,4.0
4550,2744,19,1,7.0,9.46
4551,2745,12,1,4.0,4.0
4552,2746,15,1,4.5,4.5
4553,2746,10,1,4.0,4.0
4554,2746,12,1,4.0,4.0
4555,2746,2,1,5.0,5.0
4556,2747,3,1,4.5,4.5
4557,2747,19,1,7.0,8.11
4558,2748,20,1,8.0,8.0
4559,2748,5,1,6.0,7.25
4560,2749,7,1,6.5,6.5
4561,2749,7,2,6.5,14.21
4562,2750,18,1,10.0,10.0
4563,2750,5,1,6.0,6.0
4564,2750,17,1,8.0,8.0
4565,2751,6,1,3.5,3.5
4566,2751,1,1,5.5,5.5
4567,2751,2,1,5.0,5.0
4568,2752,7,1,6.5,6.5
4569,2752,3,1,4.5,4.5
4570,2753,12,1,4.0,5.48
4571,2754,18,1,10.0,10.0
4572,2755,16,1,9.5,9.5
4573,2755,20,1,8.0,8.0
4574,2755,12,1,4.0,4.0
4575,2755,13,1,3.5,3.5
4576,2756,13,2,3.5,7.0
4577,2757,20,1,8.0,8.0
4578,2758,13,2,3.5,8.21
4579,2759,6,1,3.5,3.5
4580,2760,19,1,7.0,8.21
4581,2761,7,1,6.5,6.5
4582,2762,3,1,4.5,4.5
4583,2762,1,2,5.5,11.0
4584,2762,1,1,5.5,7.37
4585,2763,9,1,4.0,4.0
4586,2763,2,2,5.0,11.65
4587,2764,16,1,9.5,10.75
4588,2765,3,1,4.5,4.5
4589,2765,17,1,8.0,9.03
4590,2766,4,1,5.5,5.5
4591,2766,20,1,8.0,9.25
4592,2767,6,1,3.5,3.5
4593,2767,20,1,8.0,8.0
4594,2768,20,1,8.0,8.0
4595,2768,7,1,6.5,6.5
4596,2768,2,2,5.0,10.0
4597,2768,20,1,8.0,8.0
4598,2768,13,1,3.5,3.5
4599,2769,15,1,4.5,4.5
4600,2770,8,2,6.0,12.0
4601,2771,14,1,3.0,3.0
4602,2771,16,1,9.5,9.5
4603,2772,10,2,4.0,9.79
4604,2773,20,1,8.0,9.54
4605,2774,12,1,4.0,7.05
4606,2775,3,1,4.5,4.5
4607,2775,9,1,4.0,7.5
4608,2776,5,1,6.0,6.0
4609,2776,14,1,3.0,3.0
4610,2777,2,1,5.0,5.0
4611,2778,8,1,6.0,6.0
4612,2778,16,1,9.5,9.5
4613,2778,8,1,6.0,6.0
4614,2778,8,1,6.0,6.0
4615,2778,12,1,4.0,5.54
4616,2779,6,1,3.5,5.09
4617,2780,20,1,8.0,8.0
4618,2780,7,1,6.5,7.75
4619,2781,15,2,4.5,10.03
4620,2782,1,1,5.5,5.5
4621,2782,18,1,10.0,10.0
4622,2782,4,1,5.5,5.5
4623,2782,2,1,5.0,5.0
4624,2782,12,1,4.0,5.11
4625,2783,20,1,8.0,8.0
4626,2784,9,1,4.0,4.0
4627,2785,15,1,4.5,5.75
4628,2786,20,1,8.0,8.0
4629,2787,22,1,8.0,10.04
4630,2788,6,1,3.5,3.5
4631,2789,11,2,5.5,11.0
4632,2790,20,1,8.0,8.0
4633,2791,15,1,4.5,5.61
4634,2792,20,1,8.0,8.0
4635,2792,10,1,4.0,4.0
4636,2793,19,2,7.0,14.0
4637,2793,8,2,6.0,12.0
4638,2794,17,1,8.0,8.0
4639,2795,17,2,8.0,16.0
4640,2795,20,1,8.0,8.0
4641,2795,11,1,5.5,5.5
4642,2796,14,2,3.0,6.0
4643,2797,2,1,5.0,5.0
4644,2798,18,1,10.0,11.65
4645,2799,10,1,4.0,4.0
4646,2800,15,1,4.5,4.5
4647,2801,20,1,8.0,10.34
4648,2802,21,1,25.0,26.11
4649,2803,18,1,10.0,10.0
4650,2804,17,2,8.0,16.0
4651,2805,23,1,15.0,15.0
4652,2806,20,1,8.0,8.0
4653,2806,15,1,4.5,4.5
4654,2807,20,1,8.0,8.0
4655,2808,11,1,5.5,5.5
4656,2809,17,2,8.0,16.0
4657,2809,11,2,5.5,11.0
4658,2809,2,1,5.0,5.0
4659,2809,5,1,6.0,6.0
4660,2810,12,1,4.0,4.0
4661,2810,8,1,6.0,6.0
4662,2811,16,1,9.5,9.5
4663,2811,1,1,5.5,7.09
4664,2812,10,2,4.0,8.97
4665,2813,21,1,25.0,25.0
4666,2813,20,1,8.0,8.0
4667,2813,13,1,3.5,3.5
4668,2813,5,2,6.0,12.0
4669,2813,9,1,4.0,5.11
4670,2814,9,1,4.0,4.0
4671,2815,8,1,6.0,6.0
4672,2816,20,1,8.0,8.0
4673,2817,20,2,8.0,16.0
4674,2817,11,1,5.5,6.61
4675,2818,5,1,6.0,6.0
4676,2818,5,1,6.0,6.0
4677,2819,14,2,3.0,6.98
4678,2820,17,2,8.0,16.0
4679,2821,4,1,5.5,5.5
4680,2821,1,1,5.5,5.5
4681,2821,8,1,6.0,6.0
4682,2822,15,1,4.5,4.5
4683,2822,6,1,3.5,5.04
4684,2823,6,1,3.5,3.5
4685,2823,7,1,6.5,6.5
4686,2823,13,1,3.5,3.5
4687,2824,15,1,4.5,4.5
4688,2825,3,2,4.5,12.5
4689,2826,13,1,3.5,3.5
4690,2826,11,1,5.5,5.5
4691,2826,14,1,3.0,3.0
4692,2827,20,1,8.0,8.0
4693,2827,18,1,10.0,10.0
4694,2828,11,1,5.5,5.5
4695,2829,20,1,8.0,8.97
4696,2830,1,2,5.5,13.46
4697,2831,20,1,8.0,8.0
4698,2832,17,1,8.0,8.0
4699,2833,15,1,4.5,4.5
4700,2833,6,1,3.5,6.55
4701,2834,19,1,7.0,8.25
4702,2835,20,1,8.0,8.0
4703,2836,12,1,4.0,4.0
4704,2836,16,1,9.5,9.5
4705,2836,18,1,10.0,10.0
4706,2836,18,1,10.0,10.0
4707,2837,9,2,4.0,8.0
4708,2837,8,1,6.0,6.0
4709,2837,14,1,3.0,3.0
4710,2838,19,1,7.0,7.0
4711,2839,20,2,8.0,16.0
4712,2840,2,1,5.0,6.44
4713,2841,20,1,8.0,8.0
4714,2842,20,1,8.0,8.0
4715,2842,23,1,15.0,15.0
4716,2843,11,1,5.5,5.5
4717,2843,17,1,8.0,8.0
4718,2843,10,1,4.0,4.0
4719,2843,12,2,4.0,8.0
4720,2843,9,2,4.0,8.0
4721,2844,15,1,4.5,4.5
4722,2845,14,1,3.0,3.0
4723,2845,9,1,4.0,4.0
4724,2846,20,1,8.0,9.87
4725,2847,7,2,6.5,13.0
4726,2848,6,2,3.5,7.0
4727,2849,1,1,5.5,5.5
4728,2850,14,2,3.0,6.0
4729,2851,3,2,4.5,9.0
4730,2852,11,1,5.5,5.5
4731,2852,9,1,4.0,4.0
4732,2852,6,1,3.5,3.5
4733,2852,1,1,5.5,5.5
4734,2852,3,1,4.5,4.5
4735,2853,20,1,8.0,8.0
4736,2854,20,2,8.0,16.0
4737,2854,18,1,10.0,10.0
4738,2855,20,1,8.0,9.21
4739,2856,6,1,3.5,4.94
4740,2857,20,1,8.0,8.0
4741,2858,12,1,4.0,4.0
4742,2858,20,1,8.0,8.0
4743,2859,20,1,8.0,8.0
4744,2860,9,1,4.0,4.0
4745,2860,17,2,8.0,17.6
4746,2861,11,1,5.5,5.5
4747,2861,9,1,4.0,5.25
4748,2862,8,1,6.0,7.21
4749,2863,3,1,4.5,4.5
4750,2864,14,1,3.0,3.0
4751,2864,8,1,6.0,6.0
4752,2865,2,1,5.0,5.0
4753,2866,12,1,4.0,5.03
4754,2867,5,1,6.0,6.0
4755,2868,13,2,3.5,7.0
4756,2869,2,1,5.0,5.0
4757,2870,15,2,4.5,9.0
4758,2871,3,2,4.5,9.0
4759,2872,13,1,3.5,3.5
4760,2872,12,1,4.0,4.0
4761,2873,3,1,4.5,5.53
4762,2874,7,1,6.5,6.5
4763,2874,10,1,4.0,4.0
4764,2874,14,2,3.0,6.0
4765,2874,17,1,8.0,8.0
4766,2874,7,1,6.5,8.04
4767,2875,8,1,6.0,6.0
4768,2876,18,2,10.0,20.0
4769,2877,18,1,10.0,11.03
4770,2878,8,2,6.0,12.0
4771,2878,1,1,5.5,5.5
4772,2879,8,1,6.0,6.0
4773,2879,19,1,7.0,7.0
4774,2880,2,1,5.0,6.21
4775,2881,18,1,10.0,10.0
4776,2881,19,1,7.0,7.0
4777,2881,14,1,3.0,3.0
4778,2882,14,1,3.0,6.28
4779,2883,15,2,4.5,9.0
4780,2884,17,1,8.0,8.0
4781,2884,20,1,8.0,8.0
4782,2884,18,1,10.0,10.0
4783,2885,15,1,4.5,4.5
4784,2885,4,1,5.5,5.5
4785,2885,7,1,6.5,6.5
4786,2885,20,1,8.0,8.0
4787,2885,16,1,9.5,10.48
4788,2886,20,1,8.0,10.46
4789,2887,20,1,8.0,8.0
4790,2887,11,1,5.5,5.5
4791,2888,9,1,4.0,4.0
4792,2889,7,1,6.5,6.5
4793,2889,7,2,6.5,13.0
4794,2889,20,2,8.0,16.0
4795,2890,20,1,8.0,8.0
4796,2890,1,1,5.5,5.5
4797,2890,4,1,5.5,5.5
4798,2890,23,1,15.0,15.0
4799,2890,14,1,3.0,4.06
4800,2891,15,1,4.5,4.5
4801,2892,1,1,5.5,5.5
4802,2892,7,1,6.5,6.5
4803,2892,7,1,6.5,6.5
4804,2893,20,2,8.0,16.0
4805,2894,16,2,9.5,19.0
4806,2894,9,1,4.0,4.0
4807,2895,19,1,7.0,7.0
4808,2895,4,2,5.5,11.0
4809,2896,4,1,5.5,5.5
4810,2896,9,1,4.0,4.0
4811,2896,1,1,5.5,6.94
4812,2897,12,1,4.0,5.54
4813,2898,15,1,4.5,4.5
4814,2899,20,1,8.0,8.0
4815,2900,9,1,4.0,4.0
4816,2901,9,1,4.0,4.0
4817,2901,14,1,3.0,3.0
4818,2902,1,1,5.5,6.75
4819,2903,13,1,3.5,4.34
4820,2904,4,2,5.5,11.0
4821,2905,20,1,8.0,8.0
4822,2906,7,1,6.5,6.5
4823,2907,14,1,3.0,3.0
4824,2908,4,1,5.5,5.5
4825,2909,4,1,5.5,5.5
4826,2910,5,2,6.0,12.0
4827,2910,14,1,3.0,3.0
4828,2910,12,1,4.0,5.03
4829,2911,17,1,8.0,8.0
4830,2911,22,1,8.0,8.0
4831,2911,20,1,8.0,8.0
4832,2912,11,1,5.5,5.5
4833,2913,14,1,3.0,3.0
4834,2914,15,1,4.5,4.5
4835,2915,8,1,6.0,6.0
4836,2916,21,1,25.0,26.44
4837,2917,7,1,6.5,8.84
4838,2918,7,1,6.5,6.5
4839,2918,1,2,5.5,11.0
4840,2918,10,2,4.0,8.0
4841,2918,4,1,5.5,5.5
4842,2919,14,1,3.0,3.0
4843,2920,20,1,8.0,8.0
4844,2921,5,1,6.0,6.0
4845,2921,20,2,8.0,16.0
4846,2922,20,1,8.0,8.0
4847,2923,20,1,8.0,8.0
4848,2924,19,1,7.0,7.0
4849,2925,17,1,8.0,8.0
4850,2926,4,1,5.5,5.5
4851,2927,9,1,4.0,4.0
4852,2928,12,2,4.0,8.0
4853,2928,13,1,3.5,3.5
4854,2928,4,2,5.5,11.97
4855,2929,2,1,5.0,5.0
4856,2929,7,1,6.5,7.71
4857,2930,3,1,4.5,4.5
4858,2931,5,1,6.0,6.0
4859,2931,5,1,6.0,6.0
4860,2931,12,1,4.0,4.0
4861,2932,15,1,4.5,4.5
4862,2932,7,1,6.5,8.96
4863,2933,4,1,5.5,5.5
4864,2933,20,1,8.0,8.0
4865,2933,5,1,6.0,6.0
4866,2934,7,2,6.5,14.15
4867,2935,20,1,8.0,8.0
4868,2936,20,2,8.0,16.0
4869,2937,19,1,7.0,7.0
4870,2937,1,1,5.5,5.5
4871,2937,12,1,4.0,5.39
4872,2938,19,1,7.0,7.0
4873,2939,24,1,18.0,18.0
4874,2940,3,2,4.5,9.0
4875,2940,11,1,5.5,5.5
4876,2940,20,2,8.0,16.0
4877,2940,20,2,8.0,19.05
4878,2941,14,2,3.0,6.0
4879,2941,11,1,5.5,5.5
4880,2941,20,1,8.0,8.0
4881,2942,16,1,9.5,10.75
4882,2943,20,1,8.0,9.83
4883,2944,16,1,9.5,9.5
4884,2945,16,1,9.5,9.5
4885,2946,5,1,6.0,7.21
4886,2947,7,2,6.5,14.25
4887,2948,16,1,9.5,9.5
4888,2949,7,1,6.5,6.5
4889,2949,15,1,4.5,4.5
4890,2949,5,1,6.0,6.0
4891,2949,9,1,4.0,4.0
4892,2949,10,1,4.0,4.0
4893,2950,10,1,4.0,4.0
4894,2950,15,1,4.5,4.5
4895,2951,10,1,4.0,5.79
4896,2952,15,1,4.5,4.5
4897,2952,8,1,6.0,6.0
4898,2953,13,2,3.5,8.06
4899,2954,3,2,4.5,9.0
4900,2955,5,1,6.0,7.21
4901,2956,1,1,5.5,6.75
4902,2957,20,2,8.0,16.0
4903,2957,14,1,3.0,3.0
4904,2957,4,1,5.5,5.5
4905,2958,5,1,6.0,6.0
4906,2959,11,1,5.5,5.5
4907,2959,20,1,8.0,8.0
4908,2959,10,1,4.0,4.0
4909,2959,5,1,6.0,6.0
4910,2959,12,1,4.0,4.0
4911,2960,17,1,8.0,8.0
4912,2961,16,2,9.5,19.0
4913,2961,15,1,4.5,5.98
4914,2962,5,1,6.0,6.0
4915,2963,4,1,5.5,6.65
4916,2964,8,1,6.0,7.48
4917,2965,6,1,3.5,4.75
4918,2966,3,2,4.5,9.0
4919,2966,17,1,8.0,8.0
4920,2966,1,1,5.5,7.96
4921,2967,7,1,6.5,6.5
4922,2968,12,1,4.0,4.0
4923,2969,18,1,10.0,10.0
4924,2969,4,1,5.5,5.5
4925,2969,2,2,5.0,10.0
4926,2969,20,1,8.0,8.0
4927,2970,4,1,5.5,5.5
4928,2971,8,1,6.0,6.0
4929,2971,9,1,4.0,4.0
4930,2972,8,1,6.0,6.0
4931,2973,17,1,8.0,10.34
4932,2974,10,1,4.0,4.0
4933,2975,20,1,8.0,9.21
4934,2976,11,1,5.5,5.5
4935,2977,20,1,8.0,10.46
4936,2978,1,2,5.5,11.0
4937,2979,18,1,10.0,11.21
4938,2980,4,2,5.5,11.0
4939,2980,6,1,3.5,3.5
4940,2981,15,2,4.5,9.0
4941,2982,5,1,6.0,7.03
4942,2983,15,2,4.5,9.0
4943,2983,4,1,5.5,5.5
4944,2983,7,1,6.5,6.5
4945,2983,6,1,3.5,3.5
4946,2984,14,1,3.0,3.0
4947,2985,4,1,5.5,5.5
4948,2986,20,1,8.0,9.57
4949,2987,22,1,8.0,8.0
4950,2987,3,1,4.5,4.5
4951,2987,8,2,6.0,12.0
4952,2988,12,1,4.0,5.59
4953,2989,9,1,4.0,4.0
4954,2990,18,1,10.0,10.0
4955,2991,20,1,8.0,8.0
4956,2992,25,1,20.0,20.0
4957,2992,6,1,3.5,3.5
4958,2993,18,1,10.0,10.0
4959,2993,9,1,4.0,5.21
4960,2994,6,1,3.5,3.5
4961,2995,20,1,8.0,8.0
4962,2996,4,1,5.5,7.84
4963,2997,4,1,5.5,5.5
4964,2998,15,1,4.5,4.5
4965,2999,13,1,3.5,3.5
4966,3000,9,2,4.0,8.0
4967,3001,1,1,5.5,5.5
4968,3002,20,1,8.0,8.0
4969,3002,14,1,3.0,3.0
4970,3003,18,1,10.0,10.0
4971,3004,20,1,8.0,9.54
4972,3005,17,1,8.0,8.0
4973,3006,6,2,3.5,7.97
4974,3007,20,1,8.0,8.0
4975,3007,20,1,8.0,8.0
4976,3007,20,1,8.0,8.0
4977,3007,4,1,5.5,6.56
4978,3008,5,1,6.0,6.0
4979,3008,13,1,3.5,3.5
4980,3008,7,1,6.5,6.5
4981,3008,17,1,8.0,8.0
4982,3008,14,1,3.0,3.0
4983,3009,3,1,4.5,4.5
4984,3010,13,2,3.5,8.21
4985,3011,18,1,10.0,10.0
4986,3011,8,1,6.0,6.0
4987,3012,1,2,5.5,11.0
4988,3013,14,1,3.0,3.0
4989,3013,17,1,8.0,8.0
4990,3014,4,1,5.5,5.5
4991,3014,23,1,15.0,15.0
4992,3015,15,1,4.5,4.5
4993,3015,20,1,8.0,8.0
4994,3015,12,1,4.0,4.0
4995,3015,20,1,8.0,8.0
4996,3015,20,1,8.0,8.0
4997,3016,16,1,9.5,9.5
4998,3017,7,1,6.5,6.5
4999,3017,16,1,9.5,9.5
5000,3017,17,1,8.0,8.0
5001,3017,14,2,3.0,6.0
5002,3017,4,2,5.5,11.0
5003,3018,7,1,6.5,6.5
5004,3019,20,1,8.0,9.54
5005,3020,20,1,8.0,8.97
5006,3021,7,1,6.5,7.47
5007,3022,15,1,4.5,6.96
5008,3023,4,1,5.5,5.5
5009,3024,4,2,5.5,11.0
5010,3025,3,1,4.5,4.5
5011,3026,18,1,10.0,11.03
5012,3027,19,1,7.0,7.0
5013,3027,19,2,7.0,14.0
5014,3027,20,1,8.0,8.0
5015,3027,1,1,5.5,6.47
5016,3028,4,1,5.5,5.5
5017,3029,8,2,6.0,12.0
5018,3029,13,1,3.5,3.5
5019,3030,7,1,6.5,7.61
5020,3031,12,1,4.0,4.0
5021,3032,14,1,3.0,4.48
5022,3033,4,1,5.5,5.5
5023,3033,20,1,8.0,8.0
5024,3034,2,1,5.0,5.0
5025,3034,15,2,4.5,10.11
5026,3035,7,1,6.5,6.5
5027,3035,7,1,6.5,6.5
5028,3035,17,1,8.0,8.0
5029,3035,16,1,9.5,9.5
5030,3036,5,1,6.0,6.0
5031,3037,18,1,10.0,11.21
5032,3038,10,2,4.0,8.0
5033,3039,16,1,9.5,9.5
5034,3040,10,2,4.0,9.03
5035,3041,15,1,4.5,4.5
5036,3042,7,1,6.5,6.5
5037,3043,3,2,4.5,9.0
5038,3044,2,1,5.0,5.0
5039,3045,4,1,5.5,5.5
5040,3045,19,1,7.0,7.0
5041,3046,13,1,3.5,3.5
5042,3047,3,1,4.5,4.5
5043,3047,13,2,3.5,7.0
5044,3047,2,1,5.0,7.46
5045,3048,4,1,5.5,5.5
5046,3049,17,1,8.0,8.0
5047,3050,15,1,4.5,4.5
5048,3050,13,1,3.5,3.5
5049,3051,20,1,8.0,8.0
5050,3052,19,1,7.0,7.0
5051,3053,20,1,8.0,9.25
5052,3054,4,1,5.5,5.5
5053,3054,19,1,7.0,7.0
5054,3054,20,1,8.0,9.03
5055,3055,17,1,8.0,8.0
5056,3055,20,2,8.0,16.0
5057,3055,22,1,8.0,8.0
5058,3055,9,2,4.0,8.0
5059,3055,17,1,8.0,8.77
5060,3056,20,1,8.0,8.0
5061,3056,7,1,6.5,6.5
5062,3056,10,1,4.0,4.0
5063,3056,2,1,5.0,5.0
5064,3057,7,1,6.5,6.5
5065,3058,18,1,10.0,10.0
5066,3059,15,1,4.5,5.65
5067,3060,14,1,3.0,3.0
5068,3060,3,1,4.5,4.5
5069,3061,14,1,3.0,4.44
5070,3062,7,1,6.5,6.5
5071,3063,7,1,6.5,6.5
5072,3063,5,1,6.0,6.0
5073,3063,10,1,4.0,5.79
5074,3064,22,1,8.0,8.0
5075,3064,4,1,5.5,5.5
5076,3064,17,1,8.0,8.0
5077,3064,4,1,5.5,5.5
5078,3064,18,1,10.0,10.0
5079,3065,16,1,9.5,10.71
5080,3066,24,1,18.0,20.46
5081,3067,15,1,4.5,5.48
5082,3068,2,1,5.0,5.0
5083,3069,8,1,6.0,6.0
5084,3070,1,1,5.5,5.5
5085,3071,16,2,9.5,20.25
5086,3072,8,1,6.0,6.0
5087,3072,15,2,4.5,9.0
5088,3073,19,1,7.0,8.21
5089,3074,8,1,6.0,6.0
5090,3074,12,1,4.0,4.0
5091,3074,1,2,5.5,11.0
5092,3075,12,1,4.0,4.0
5093,3075,14,1,3.0,3.0
5094,3075,20,1,8.0,8.0
5095,3076,4,2,5.5,12.25
5096,3077,12,1,4.0,4.0
5097,3077,17,1,8.0,8.0
5098,3077,19,1,7.0,7.0
5099,3077,17,1,8.0,8.0
5100,3078,5,1,6.0,6.0
5101,3078,1,1,5.5,7.77
5102,3079,9,2,4.0,8.0
5103,3080,16,1,9.5,9.5
5104,3081,6,1,3.5,3.5
5105,3081,10,1,4.0,4.0
5106,3081,3,1,4.5,4.5
5107,3081,7,1,6.5,6.5
5108,3081,20,1,8.0,9.11
5109,3082,24,1,18.0,18.0
5110,3082,7,2,6.5,13.0
5111,3083,13,1,3.5,3.5
5112,3084,15,1,4.5,5.56
5113,3085,4,1,5.5,5.5
5114,3086,19,2,7.0,17.5
5115,3087,4,1,5.5,6.75
5116,3088,7,1,6.5,7.75
5117,3089,15,1,4.5,4.5
5118,3090,11,1,5.5,5.5
5119,3091,10,1,4.0,4.0
5120,3092,17,1,8.0,8.0
5121,3092,7,1,6.5,6.5
5122,3093,2,2,5.0,10.0
5123,3094,20,1,8.0,8.0
5124,3095,18,1,10.0,10.0
5125,3095,7,1,6.5,6.5
5126,3095,5,1,6.0,6.0
5127,3096,4,1,5.5,5.5
5128,3096,13,1,3.5,3.5
5129,3096,7,1,6.5,6.5
5130,3096,10,2,4.0,8.0
5131,3097,8,1,6.0,6.0
5132,3098,16,1,9.5,9.5
5133,3099,8,1,6.0,6.0
5134,3099,10,1,4.0,5.25
5135,3100,5,1,6.0,6.0
5136,3100,7,1,6.5,6.5
5137,3101,20,1,8.0,9.06
5138,3102,10,1,4.0,4.0
5139,3103,7,1,6.5,8.09
5140,3104,4,2,5.5,11.0
5141,3104,8,1,6.0,6.0
5142,3105,13,1,3.5,5.77
5143,3106,13,1,3.5,3.5
5144,3107,8,1,6.0,6.0
5145,3108,11,1,5.5,5.5
5146,3108,4,1,5.5,5.5
5147,3108,4,1,5.5,5.5
5148,3109,6,1,3.5,3.5
5149,3109,12,1,4.0,4.0
5150,3109,4,1,5.5,5.5
5151,3110,19,1,7.0,7.0
5152,3111,17,1,8.0,8.0
5153,3112,15,1,4.5,5.65
5154,3113,20,2,8.0,16.0
5155,3114,5,2,6.0,12.0
5156,3115,19,1,7.0,7.0
5157,3116,15,1,4.5,4.5
5158,3116,4,1,5.5,5.5
5159,3117,9,1,4.0,4.0
5160,3117,19,1,7.0,8.87
5161,3118,5,1,6.0,6.0
5162,3119,8,1,6.0,6.0
5163,3120,4,1,5.5,6.71
5164,3121,18,2,10.0,20.0
5165,3122,19,2,7.0,15.54
5166,3123,15,1,4.5,5.27
5167,3124,15,1,4.5,4.5
5168,3124,20,1,8.0,8.0
5169,3124,20,1,8.0,9.03
5170,3125,18,1,10.0,10.0
5171,3126,20,1,8.0,8.0
5172,3126,14,1,3.0,3.0
5173,3126,16,1,9.5,9.5
5174,3127,14,1,3.0,3.0
5175,3128,12,1,4.0,4.0
5176,3129,3,1,4.5,4.5
5177,3129,6,1,3.5,4.61
5178,3130,14,2,3.0,6.0
5179,3131,17,1,8.0,8.0
5180,3131,22,1,8.0,8.0
5181,3131,6,1,3.5,7.0
5182,3132,9,1,4.0,4.0
5183,3133,20,1,8.0,8.0
5184,3134,4,1,5.5,5.5
5185,3135,17,1,8.0,9.57
5186,3136,16,1,9.5,12.78
5187,3137,7,1,6.5,6.5
5188,3138,19,1,7.0,7.98
5189,3139,7,1,6.5,7.61
5190,3140,6,1,3.5,3.5
5191,3141,10,1,4.0,4.0
5192,3142,20,1,8.0,8.0
5193,3142,2,2,5.0,10.0
5194,3143,4,2,5.5,11.0
5195,3143,2,1,5.0,5.0
5196,3143,20,1,8.0,8.0
5197,3144,4,1,5.5,5.5
5198,3144,14,1,3.0,3.0
5199,3144,17,1,8.0,10.46
5200,3145,24,1,18.0,18.0
5201,3145,16,1,9.5,9.5
5202,3146,4,1,5.5,5.5
5203,3147,4,1,5.5,5.5
5204,3148,10,1,4.0,4.0
5205,3148,20,1,8.0,8.0
5206,3148,16,1,9.5,9.5
5207,3148,17,2,8.0,16.0
5208,3148,20,1,8.0,8.0
5209,3149,20,1,8.0,8.0
5210,3149,1,1,5.5,5.5
5211,3149,14,1,3.0,4.15
5212,3150,20,1,8.0,8.0
5213,3151,1,1,5.5,5.5
5214,3152,7,1,6.5,6.5
5215,3153,16,1,9.5,10.48
5216,3154,8,1,6.0,6.0
5217,3155,18,1,10.0,10.0
5218,3155,13,2,3.5,7.0
5219,3156,17,1,8.0,8.0
5220,3157,5,1,6.0,6.0
5221,3158,16,1,9.5,9.5
5222,3159,9,1,4.0,4.0
5223,3160,10,1,4.0,4.0
5224,3161,6,2,3.5,9.34
5225,3162,18,1,10.0,10.0
5226,3163,20,1,8.0,8.0
5227,3163,11,1,5.5,5.5
5228,3164,20,2,8.0,16.0
5229,3164,20,1,8.0,8.0
5230,3164,20,2,8.0,16.0
5231,3164,3,1,4.5,4.5
5232,3164,17,1,8.0,8.0
5233,3165,12,1,4.0,4.0
5234,3166,9,1,4.0,5.25
5235,3167,15,2,4.5,10.21
5236,3168,16,1,9.5,9.5
5237,3168,15,1,4.5,4.5
5238,3168,6,1,3.5,3.5
5239,3168,2,1,5.0,5.0
5240,3168,15,1,4.5,5.47
5241,3169,15,1,4.5,4.5
5242,3170,18,1,10.0,10.0
5243,3170,10,1,4.0,4.0
5244,3170,20,1,8.0,8.0
5245,3171,17,1,8.0,8.0
5246,3171,6,1,3.5,4.75
5247,3172,16,2,9.5,19.0
5248,3173,4,1,5.5,5.5
5249,3174,12,2,4.0,8.0
5250,3175,20,1,8.0,8.0
5251,3175,16,1,9.5,9.5
5252,3176,12,1,4.0,4.0
5253,3176,6,2,3.5,7.0
5254,3176,1,1,5.5,5.5
5255,3176,25,1,20.0,21.21
5256,3177,13,1,3.5,4.94
5257,3178,15,1,4.5,4.5
5258,3178,20,1,8.0,11.12
5259,3179,13,1,3.5,3.5
5260,3180,9,1,4.0,4.0
5261,3181,9,1,4.0,4.0
5262,3181,3,2,4.5,9.0
5263,3181,2,1,5.0,5.0
5264,3181,3,1,4.5,4.5
5265,3182,4,1,5.5,5.5
5266,3183,7,1,6.5,6.5
5267,3183,5,1,6.0,6.97
5268,3184,5,1,6.0,6.0
5269,3184,4,1,5.5,5.5
5270,3185,15,1,4.5,4.5
5271,3186,18,1,10.0,10.0
5272,3187,20,1,8.0,9.59
5273,3188,4,1,5.5,5.5
5274,3189,15,1,4.5,4.5
5275,3189,15,1,4.5,4.5
5276,3189,16,1,9.5,9.5
5277,3190,4,1,5.5,5.5
5278,3190,12,1,4.0,4.0
5279,3190,13,2,3.5,7.0
5280,3190,10,1,4.0,4.0
5281,3191,13,1,3.5,4.53
5282,3192,19,1,7.0,9.04
5283,3193,3,2,4.5,9.0
5284,3194,7,2,6.5,13.0
5285,3194,12,1,4.0,4.0
5286,3194,16,1,9.5,9.5
5287,3194,4,1,5.5,5.5
5288,3195,5,1,6.0,6.0
5289,3195,19,2,7.0,14.0
5290,3195,15,1,4.5,6.37
5291,3196,8,1,6.0,6.0
5292,3197,19,2,7.0,14.0
5293,3198,4,1,5.5,5.5
5294,3199,4,1,5.5,5.5
5295,3200,20,1,8.0,8.0
5296,3200,2,1,5.0,5.0
5297,3201,10,1,4.0,4.0
5298,3201,14,1,3.0,3.0
5299,3201,20,1,8.0,8.0
5300,3202,12,1,4.0,4.0
5301,3203,15,2,4.5,9.0
5302,3203,10,1,4.0,4.0
5303,3203,4,1,5.5,5.5
5304,3203,20,1,8.0,8.0
5305,3204,17,1,8.0,8.0
5306,3204,5,1,6.0,7.59
5307,3205,9,2,4.0,9.06
5308,3206,15,1,4.5,4.5
5309,3207,17,1,8.0,8.0
5310,3207,20,1,8.0,8.0
5311,3207,11,1,5.5,5.5
5312,3207,20,1,8.0,8.0
5313,3207,19,2,7.0,14.0
5314,3208,12,1,4.0,4.0
5315,3208,20,1,8.0,8.0
5316,3208,19,1,7.0,7.0
5317,3208,20,1,8.0,8.0
5318,3208,17,1,8.0,8.0
5319,3209,7,1,6.5,6.5
5320,3209,4,1,5.5,5.5
5321,3210,15,1,4.5,4.5
5322,3211,2,1,5.0,5.0
5323,3212,4,1,5.5,5.5
5324,3213,20,1,8.0,8.0
5325,3213,19,1,7.0,8.06
5326,3214,11,1,5.78,5.78
5327,3215,4,1,5.78,7.03
5328,3216,20,1,8.0,8.0
5329,3217,17,1,8.0,9.42
5330,3218,13,1,3.5,3.5
5331,3218,4,1,5.78,5.78
5332,3219,2,1,5.25,5.25
5333,3220,14,1,3.0,3.0
5334,3220,20,2,8.0,16.0
5335,3221,1,1,5.78,7.22
5336,3222,11,1,5.78,7.03
5337,3223,7,1,6.5,6.5
5338,3224,11,1,5.78,5.78
5339,3225,12,1,4.0,4.0
5340,3225,3,2,4.73,9.46
5341,3225,10,1,4.0,4.0
5342,3225,8,1,6.3,7.33
5343,3226,4,1,5.78,5.78
5344,3226,18,1,10.0,10.0
5345,3226,19,1,7.0,7.0
5346,3227,20,1,8.0,8.85
5347,3228,18,1,10.0,11.11
5348,3229,9,1,4.0,4.0
5349,3230,1,1,5.78,5.78
5350,3231,16,2,9.5,21.46
5351,3232,16,1,9.5,9.5
5352,3233,2,1,5.25,7.27
5353,3234,4,1,5.78,5.78
5354,3234,15,1,4.5,4.5
5355,3234,5,1,6.3,6.3
5356,3234,20,2,8.0,17.57
5357,3235,7,1,6.5,7.75
5358,3236,11,1,5.78,5.78
5359,3237,4,1,5.78,5.78
5360,3237,4,1,5.78,5.78
5361,3237,18,1,10.0,10.0
5362,3238,24,1,18.0,18.0
5363,3239,5,1,6.3,6.3
5364,3239,6,1,3.5,5.96
5365,3240,1,1,5.78,5.78
5366,3240,3,1,4.73,4.73
5367,3240,7,1,6.5,6.5
5368,3240,7,2,6.5,13.0
5369,3240,9,1,4.0,5.87
5370,3241,12,1,4.0,5.06
5371,3242,20,2,8.0,16.0
5372,3243,1,1,5.78,5.78
5373,3244,4,1,5.78,5.78
5374,3245,23,1,15.0,15.0
5375,3246,20,1,8.0,9.06
5376,3247,15,1,4.5,4.5
5377,3248,4,1,5.78,5.78
5378,3248,4,1,5.78,5.78
5379,3248,17,1,8.0,8.0
5380,3248,18,2,10.0,20.0
5381,3248,13,1,3.5,3.5
5382,3249,4,1,5.78,6.99
5383,3250,13,1,3.5,3.5
5384,3250,1,1,5.78,5.78
5385,3250,4,1,5.78,8.12
5386,3251,1,1,5.78,7.35
5387,3252,2,2,5.25,10.5
5388,3253,20,1,8.0,8.0
5389,3254,17,1,8.0,8.0
5390,3254,16,1,9.5,9.5
5391,3254,3,2,4.73,10.9
5392,3255,20,1,8.0,8.0
5393,3256,8,1,6.3,6.3
5394,3256,3,1,4.73,4.73
5395,3256,7,1,6.5,6.5
5396,3256,20,2,8.0,16.0
5397,3256,20,1,8.0,9.79
5398,3257,7,1,6.5,7.48
5399,3258,20,1,8.0,8.97
5400,3259,20,1,8.0,8.0
5401,3260,4,1,5.78,5.78
5402,3260,17,1,8.0,8.0
5403,3260,4,1,5.78,5.78
5404,3260,20,1,8.0,8.0
5405,3260,1,1,5.78,7.22
5406,3261,4,1,5.78,7.82
5407,3262,4,1,5.78,5.78
5408,3263,13,1,3.5,3.5
5409,3264,10,1,4.0,5.21
5410,3265,24,1,18.0,18.0
5411,3266,4,1,5.78,5.78
5412,3267,4,2,5.78,11.56
5413,3268,17,1,8.0,8.0
5414,3268,5,1,6.3,7.69
5415,3269,1,1,5.78,5.78
5416,3269,20,1,8.0,8.0
5417,3269,19,1,7.0,7.0
5418,3269,20,1,8.0,8.0
5419,3269,17,1,8.0,8.0
5420,3270,7,2,6.5,13.0
5421,3271,24,1,18.0,18.0
5422,3271,20,1,8.0,8.0
5423,3271,20,1,8.0,8.0
5424,3271,4,1,5.78,6.89
5425,3272,1,1,5.78,5.78
5426,3273,11,1,5.78,5.78
5427,3273,20,1,8.0,9.65
5428,3274,17,1,8.0,9.21
5429,3275,20,1,8.0,8.0
5430,3275,20,1,8.0,8.0
5431,3275,20,1,8.0,8.0
5432,3275,23,1,15.0,18.66
5433,3276,7,1,6.5,7.61
5434,3277,19,1,7.0,7.0
5435,3278,16,1,9.5,9.5
5436,3279,9,1,4.0,4.0
5437,3280,18,1,10.0,10.0
5438,3280,4,1,5.78,5.78
5439,3280,20,2,8.0,16.0
5440,3280,20,2,8.0,16.0
5441,3280,15,1,4.5,4.5
5442,3281,11,1,5.78,5.78
5443,3282,20,2,8.0,17.79
5444,3283,7,1,6.5,6.5
5445,3283,20,1,8.0,8.0
5446,3284,20,1,8.0,9.25
5447,3285,5,2,6.3,12.6
5448,3285,7,2,6.5,13.0
5449,3286,15,2,4.5,9.0
5450,3286,20,1,8.0,8.0
5451,3287,14,1,3.0,3.0
5452,3288,19,2,7.0,14.0
5453,3289,15,2,4.5,9.0
5454,3289,9,1,4.0,4.0
5455,3289,20,1,8.0,8.0
5456,3290,19,1,7.0,7.0
5457,3291,20,1,8.0,8.0
5458,3291,12,1,4.0,4.0
5459,3291,20,1,8.0,8.0
5460,3291,16,2,9.5,19.0
5461,3291,19,1,7.0,8.83
5462,3292,11,1,5.78,5.78
5463,3292,5,1,6.3,6.3
5464,3292,5,1,6.3,7.27
5465,3293,7,1,6.5,6.5
5466,3294,1,1,5.78,5.78
5467,3294,7,1,6.5,6.5
5468,3294,14,1,3.0,4.44
5469,3295,20,1,8.0,8.0
5470,3295,7,1,6.5,6.5
5471,3295,15,2,4.5,9.0
5472,3295,20,1,8.0,8.0
5473,3296,19,2,7.0,14.0
5474,3297,15,1,4.5,4.5
5475,3297,25,1,20.0,20.0
5476,3297,15,1,4.5,4.5
5477,3298,19,1,7.0,7.0
5478,3299,15,1,4.5,5.47
5479,3300,6,1,3.5,4.91
5480,3301,12,1,4.0,4.0
5481,3301,6,1,3.5,3.5
5482,3301,12,1,4.0,4.0
5483,3301,6,1,3.5,3.5
5484,3301,6,1,3.5,3.5
5485,3302,16,1,9.5,9.5
5486,3303,2,1,5.25,6.79
5487,3304,11,1,5.78,5.78
5488,3304,6,1,3.5,4.91
5489,3305,4,1,5.78,5.78
5490,3305,4,1,5.78,5.78
5491,3306,14,1,3.0,3.0
5492,3306,19,1,7.0,7.0
5493,3306,10,1,4.0,4.0
5494,3307,2,1,5.25,5.25
5495,3307,2,1,5.25,5.25
5496,3307,10,1,4.0,4.0
5497,3307,12,1,4.0,4.0
5498,3307,6,1,3.5,3.5
5499,3308,4,1,5.78,7.43
5500,3309,20,1,8.0,8.0
5501,3310,9,1,4.0,4.0
5502,3311,13,1,3.5,3.5
5503,3312,2,1,5.25,5.25
5504,3312,22,1,8.0,8.0
5505,3312,15,1,4.5,4.5
5506,3312,18,2,10.0,20.0
5507,3312,18,1,10.0,11.06
5508,3313,3,1,4.73,4.73
5509,3313,12,1,4.0,5.57
5510,3314,5,2,6.3,13.81
5511,3315,15,1,4.5,5.47
5512,3316,2,1,5.25,5.25
5513,3316,10,1,4.0,6.34
5514,3317,22,1,8.0,9.21
5515,3318,15,1,4.5,4.5
5516,3319,13,1,3.5,3.5
5517,3319,1,2,5.78,11.56
5518,3319,15,1,4.5,4.5
5519,3319,4,1,5.78,5.78
5520,3319,8,1,6.3,6.3
5521,3320,9,1,4.0,4.0
5522,3321,14,1,3.0,3.0
5523,3321,18,1,10.0,10.0
5524,3321,7,1,6.5,6.5
5525,3322,4,1,5.78,5.78
5526,3322,5,1,6.3,6.3
5527,3322,14,1,3.0,3.0
5528,3322,10,1,4.0,4.0
5529,3322,8,2,6.3,12.6
5530,3323,10,1,4.0,4.0
5531,3323,12,2,4.0,8.0
5532,3324,5,2,6.3,12.6
5533,3324,15,1,4.5,4.5
5534,3324,16,1,9.5,9.5
5535,3324,17,1,8.0,8.0
5536,3324,3,1,4.73,4.73
5537,3325,17,1,8.0,8.0
5538,3326,5,1,6.3,7.51
5539,3327,7,1,6.5,6.5
5540,3327,17,1,8.0,8.0
5541,3327,24,1,18.0,18.0
5542,3328,4,1,5.78,5.78
5543,3329,8,1,6.3,6.3
5544,3329,18,2,10.0,20.0
5545,3329,10,1,4.0,4.0
5546,3329,4,1,5.78,5.78
5547,3330,20,2,8.0,16.0
5548,3331,20,1,8.0,8.0
5549,3331,15,1,4.5,4.5
5550,3331,8,1,6.3,7.45
5551,3332,6,2,3.5,7.0
5552,3333,14,1,3.0,3.0
5553,3333,4,1,5.78,6.99
5554,3334,5,2,6.3,12.6
5555,3334,4,1,5.78,5.78
5556,3334,11,1,5.78,6.76
5557,3335,2,1,5.25,5.25
5558,3336,2,1,5.25,6.27
5559,3337,3,1,4.73,4.73
5560,3338,4,2,5.78,11.56
5561,3338,11,1,5.78,5.78
5562,3338,7,2,6.5,13.0
5563,3338,11,1,5.78,5.78
5564,3338,1,1,5.78,5.78
5565,3339,3,1,4.73,4.73
5566,3339,16,1,9.5,9.5
5567,3339,11,2,5.78,11.56
5568,3340,12,1,4.0,4.0
5569,3341,20,2,8.0,16.0
5570,3342,20,1,8.0,8.0
5571,3343,16,1,9.5,9.5
5572,3343,5,1,6.3,6.3
5573,3344,20,1,8.0,8.0
5574,3344,2,2,5.25,12.29
5575,3345,8,1,6.3,6.3
5576,3345,15,2,4.5,9.0
5577,3345,14,1,3.0,3.0
5578,3345,13,1,3.5,3.5
5579,3346,8,1,6.3,6.3
5580,3347,8,1,6.3,6.3
5581,3347,7,1,6.5,6.5
5582,3347,7,1,6.5,8.54
5583,3348,20,2,8.0,16.0
5584,3349,18,1,10.0,11.44
5585,3350,20,1,8.0,8.0
5586,3351,11,1,5.78,9.28
5587,3352,8,1,6.3,6.3
5588,3353,7,2,6.5,13.0
5589,3354,17,1,8.0,8.0
5590,3355,18,1,10.0,10.0
5591,3355,14,1,3.0,3.0
5592,3355,20,1,8.0,8.0
5593,3355,7,1,6.5,6.5
5594,3355,15,1,4.5,4.5
5595,3356,2,1,5.25,5.25
5596,3357,7,1,6.5,6.5
5597,3357,16,1,9.5,9.5
5598,3357,4,1,5.78,5.78
5599,3357,4,1,5.78,7.43
5600,3358,4,2,5.78,11.56
5601,3359,18,1,10.0,10.0
5602,3360,3,1,4.73,4.73
5603,3361,14,2,3.0,6.0
5604,3362,4,1,5.78,5.78
5605,3362,4,1,5.78,7.19
5606,3363,14,1,3.0,3.0
5607,3364,20,1,8.0,8.0
5608,3364,14,1,3.0,3.0
5609,3365,13,1,3.5,4.94
5610,3366,20,1,8.0,8.0
5611,3366,4,2,5.78,11.56
5612,3366,20,1,8.0,8.0
5613,3366,24,1,18.0,18.0
5614,3366,18,1,10.0,12.46
5615,3367,8,1,6.3,6.3
5616,3367,4,1,5.78,5.78
5617,3368,15,1,4.5,4.5
5618,3368,4,1,5.78,6.89
5619,3369,9,1,4.0,4.0
5620,3370,14,1,3.0,3.0
5621,3371,23,1,15.0,16.11
5622,3372,24,1,18.0,21.05
5623,3373,20,1,8.0,8.0
5624,3374,3,1,4.73,4.73
5625,3374,19,1,7.0,8.54
5626,3375,20,1,8.0,9.25
5627,3376,20,1,8.0,8.0
5628,3376,10,2,4.0,8.0
5629,3376,4,1,5.78,5.78
5630,3377,4,1,5.78,5.78
5631,3377,6,2,3.5,7.0
5632,3378,20,1,8.0,9.21
5633,3379,13,1,3.5,3.5
5634,3379,11,1,5.78,5.78
5635,3380,20,1,8.0,8.0
5636,3380,20,1,8.0,9.59
5637,3381,7,1,6.5,6.5
5638,3381,20,1,8.0,9.25
5639,3382,16,1,9.5,9.5
5640,3383,11,1,5.78,6.89
5641,3384,1,1,5.78,5.78
5642,3385,19,1,7.0,7.0
5643,3386,9,1,4.0,4.0
5644,3387,15,1,4.5,4.5
5645,3387,20,2,8.0,19.66
5646,3388,23,1,15.0,15.0
5647,3389,17,1,8.0,8.0
5648,3389,4,1,5.78,5.78
5649,3389,9,1,4.0,4.0
5650,3389,7,1,6.5,6.5
5651,3389,6,1,3.5,4.27
5652,3390,4,1,5.78,5.78
5653,3391,19,1,7.0,8.21
5654,3392,19,2,7.0,14.0
5655,3393,21,1,25.0,25.0
5656,3393,9,1,4.0,4.0
5657,3394,2,1,5.25,5.25
5658,3395,13,1,3.5,3.5
5659,3396,12,1,4.0,4.0
5660,3397,20,1,8.0,9.87
5661,3398,14,1,3.0,3.0
5662,3399,20,1,8.0,8.0
5663,3400,14,1,3.0,4.25
5664,3401,4,1,5.78,8.12
5665,3402,15,1,4.5,4.5
5666,3402,20,1,8.0,8.0
5667,3402,4,1,5.78,5.78
5668,3402,10,1,4.0,4.0
5669,3403,4,1,5.78,6.55
5670,3404,1,1,5.78,7.82
5671,3405,4,1,5.78,5.78
5672,3405,1,1,5.78,6.99
5673,3406,2,2,5.25,10.5
5674,3407,11,1,5.78,5.78
5675,3408,22,1,8.0,8.0
5676,3408,6,1,3.5,3.5
5677,3409,20,1,8.0,9.21
5678,3410,7,1,6.5,9.45
5679,3411,15,1,4.5,4.5
5680,3412,4,1,5.78,5.78
5681,3412,19,1,7.0,7.0
5682,3412,18,1,10.0,10.97
5683,3413,13,2,3.5,7.0
5684,3414,20,1,8.0,8.0
5685,3415,20,2,8.0,16.0
5686,3415,20,1,8.0,8.77
5687,3416,20,1,8.0,9.25
5688,3417,15,1,4.5,4.5
5689,3418,17,1,8.0,8.0
5690,3419,18,1,10.0,10.0
5691,3420,11,1,5.78,5.78
5692,3421,21,1,25.0,25.0
5693,3421,4,1,5.78,5.78
5694,3421,19,1,7.0,7.0
5695,3421,12,1,4.0,5.06
5696,3422,4,1,5.78,5.78
5697,3422,17,2,8.0,16.0
5698,3422,5,2,6.3,12.6
5699,3423,14,1,3.0,3.0
5700,3424,7,1,6.5,6.5
5701,3425,1,2,5.78,11.56
5702,3426,17,2,8.0,17.25
5703,3427,5,1,6.3,6.3
5704,3427,1,1,5.78,5.78
5705,3428,1,1,5.78,6.94
5706,3429,15,1,4.5,4.5
5707,3430,18,1,10.0,12.04
5708,3431,24,1,18.0,18.0
5709,3432,12,1,4.0,4.0
5710,3432,12,1,4.0,5.03
5711,3433,19,1,7.0,7.0
5712,3434,3,1,4.73,4.73
5713,3435,13,1,3.5,3.5
5714,3436,4,1,5.78,5.78
5715,3437,3,1,4.73,4.73
5716,3438,6,1,3.5,3.5
5717,3439,16,1,9.5,9.5
5718,3440,4,1,5.78,8.12
5719,3441,9,1,4.0,4.0
5720,3442,5,1,6.3,7.78
5721,3443,19,1,7.0,7.0
5722,3443,14,2,3.0,6.0
5723,3443,4,1,5.78,8.73
5724,3444,16,1,9.5,9.5
5725,3445,11,1,5.78,5.78
5726,3446,9,1,4.0,4.0
5727,3446,16,2,9.5,19.0
5728,3446,7,1,6.5,6.5
5729,3446,12,1,4.0,4.0
5730,3446,6,2,3.5,7.0
5731,3447,20,1,8.0,8.0
5732,3447,15,2,4.5,9.0
5733,3447,18,1,10.0,10.0
5734,3447,6,1,3.5,4.52
5735,3448,20,1,8.0,8.0
5736,3448,5,1,6.3,7.27
5737,3449,20,1,8.0,8.0
5738,3449,11,1,5.78,5.78
5739,3449,4,1,5.78,5.78
5740,3449,10,2,4.0,8.0
5741,3450,4,1,5.78,5.78
5742,3450,24,1,18.0,18.0
5743,3451,10,1,4.0,5.11
5744,3452,19,1,7.0,7.0
5745,3453,16,1,9.5,10.65
5746,3454,7,1,6.5,6.5
5747,3455,8,1,6.3,6.3
5748,3455,9,1,4.0,4.0
5749,3455,16,1,9.5,10.71
5750,3456,2,1,5.25,5.25
5751,3456,14,1,3.0,3.0
5752,3456,18,1,10.0,10.0
5753,3456,12,2,4.0,8.0
5754,3456,19,1,7.0,7.0
5755,3457,20,1,8.0,8.0
5756,3458,12,1,4.0,7.5
5757,3459,4,1,5.78,5.78
5758,3460,1,1,5.78,6.72
5759,3461,10,1,4.0,4.0
5760,3462,15,1,4.5,4.5
5761,3463,4,1,5.78,5.78
5762,3464,16,1,9.5,9.5
5763,3464,15,1,4.5,4.5
5764,3464,14,1,3.0,3.0
5765,3464,14,1,3.0,3.0
5766,3464,20,1,8.0,9.03
5767,3465,7,1,6.5,8.1
5768,3466,13,2,3.5,10.5
5769,3467,6,1,3.5,3.5
5770,3468,16,1,9.5,10.53
5771,3469,20,1,8.0,8.0
5772,3469,18,2,10.0,22.34
5773,3470,4,1,5.78,7.82
5774,3471,18,1,10.0,10.0
5775,3471,3,1,4.73,4.73
5776,3472,5,1,6.3,6.3
5777,3472,9,1,4.0,4.0
5778,3472,14,2,3.0,6.0
5779,3472,12,1,4.0,4.0
5780,3472,1,1,5.78,6.99
5781,3473,20,1,8.0,8.0
5782,3473,21,1,25.0,25.0
5783,3473,14,1,3.0,3.0
5784,3473,23,1,15.0,15.0
5785,3473,4,1,5.78,5.78
5786,3474,20,1,8.0,8.97
5787,3475,20,1,8.0,8.0
5788,3476,20,1,8.0,8.0
5789,3477,13,2,3.5,7.0
5790,3477,9,1,4.0,4.0
5791,3477,17,2,8.0,16.0
5792,3477,5,1,6.3,6.3
5793,3478,23,1,15.0,15.0
5794,3479,20,1,8.0,8.0
5795,3480,19,1,7.0,8.79
5796,3481,15,2,4.5,10.21
5797,3482,16,1,9.5,9.5
5798,3482,15,1,4.5,4.5
5799,3482,1,1,5.78,5.78
5800,3482,20,1,8.0,8.0
5801,3482,13,1,3.5,3.5
5802,3483,20,2,8.0,16.0
5803,3483,23,1,15.0,15.0
5804,3483,3,2,4.73,9.46
5805,3483,18,1,10.0,10.0
5806,3483,2,1,5.25,7.59
5807,3484,1,2,5.78,12.81
5808,3485,13,1,3.5,3.5
5809,3485,20,1,8.0,8.0
5810,3486,1,1,5.78,5.78
5811,3487,12,1,4.0,4.0
5812,3488,20,2,8.0,16.0
5813,3489,2,1,5.25,6.64
5814,3490,4,1,5.78,5.78
5815,3491,14,1,3.0,4.21
5816,3492,15,1,4.5,5.98
5817,3493,17,1,8.0,8.0
5818,3493,20,1,8.0,8.0
5819,3493,12,1,4.0,4.0
5820,3493,24,1,18.0,18.0
5821,3493,4,1,5.78,6.63
5822,3494,4,1,5.78,6.99
5823,3495,17,1,8.0,8.0
5824,3496,4,1,5.78,5.78
5825,3497,6,1,3.5,3.5
5826,3498,20,1,8.0,8.0
5827,3498,10,1,4.0,5.87
5828,3499,16,1,9.5,9.5
5829,3500,7,1,6.5,6.5
5830,3500,13,1,3.5,3.5
5831,3501,14,1,3.0,3.0
5832,3502,4,1,5.78,5.78
5833,3503,14,1,3.0,3.0
5834,3504,7,1,6.5,6.5
5835,3505,20,1,8.0,9.11
5836,3506,15,1,4.5,4.5
5837,3507,17,1,8.0,10.46
5838,3508,18,1,10.0,11.16
5839,3509,21,1,25.0,25.0
5840,3510,20,2,8.0,16.0
5841,3511,15,1,4.5,4.5
5842,3512,14,1,3.0,3.0
5843,3512,9,2,4.0,8.0
5844,3512,12,1,4.0,4.0
5845,3512,19,1,7.0,7.0
5846,3512,7,1,6.5,6.5
5847,3513,12,1,4.0,5.25
5848,3514,12,1,4.0,5.87
5849,3515,13,1,3.5,5.07
5850,3516,20,1,8.0,8.0
5851,3516,16,1,9.5,9.5
5852,3517,18,1,10.0,10.0
5853,3518,17,1,8.0,9.11
5854,3519,4,1,5.78,5.78
5855,3519,20,1,8.0,9.57
5856,3520,20,1,8.0,8.0
5857,3521,18,1,10.0,10.0
5858,3522,4,1,5.78,5.78
5859,3522,12,2,4.0,8.0
5860,3523,20,1,8.0,9.15
5861,3524,1,1,5.78,6.99
5862,3525,10,1,4.0,4.0
5863,3525,8,1,6.3,6.3
5864,3526,8,1,6.3,6.3
5865,3526,4,1,5.78,5.78
5866,3526,20,1,8.0,8.0
5867,3527,20,1,8.0,8.0
5868,3528,18,1,10.0,11.59
5869,3529,16,1,9.5,9.5
5870,3530,12,1,4.0,4.0
5871,3531,4,1,5.78,5.78
5872,3532,12,1,4.0,7.5
5873,3533,7,2,6.5,13.0
5874,3533,6,1,3.5,3.5
5875,3533,6,1,3.5,3.5
5876,3534,3,1,4.73,4.73
5877,3535,19,1,7.0,7.0
5878,3536,17,2,8.0,16.98
5879,3537,11,1,5.78,6.99
5880,3538,5,1,6.3,7.51
5881,3539,20,1,8.0,8.0
5882,3540,15,1,4.5,4.5
5883,3541,4,1,5.78,6.81
5884,3542,7,1,6.5,6.5
5885,3542,20,2,8.0,16.0
5886,3542,4,1,5.78,5.78
5887,3542,4,1,5.78,6.84
5888,3543,6,1,3.5,3.5
5889,3544,4,1,5.78,5.78
5890,3544,16,2,9.5,19.0
5891,3544,1,1,5.78,5.78
5892,3544,20,2,8.0,16.0
5893,3544,4,1,5.78,5.78
5894,3545,20,1,8.0,11.5
5895,3546,10,1,4.0,4.77
5896,3547,6,1,3.5,5.09
5897,3548,18,1,10.0,10.0
5898,3548,17,1,8.0,8.0
5899,3549,4,1,5.78,5.78
5900,3550,7,1,6.5,6.5
5901,3551,9,1,4.0,4.0
5902,3552,4,2,5.78,11.56
5903,3552,14,1,3.0,3.0
5904,3553,7,1,6.5,6.5
5905,3554,5,1,6.3,6.3
5906,3555,16,1,9.5,9.5
5907,3555,20,2,8.0,16.0
5908,3555,2,2,5.25,11.94
5909,3556,19,1,7.0,7.0
5910,3557,19,1,7.0,7.0
5911,3558,4,1,5.78,5.78
5912,3559,4,1,5.78,5.78
5913,3560,7,2,6.5,13.0
5914,3560,16,1,9.5,9.5
5915,3560,10,1,4.0,4.0
5916,3560,20,1,8.0,8.0
5917,3560,20,1,8.0,10.04
5918,3561,20,2,8.0,16.0
5919,3562,11,1,5.78,7.32
5920,3563,16,1,9.5,9.5
5921,3564,13,1,3.5,3.5
5922,3564,18,1,10.0,10.0
5923,3565,4,1,5.78,5.78
5924,3566,8,1,6.3,6.3
5925,3566,20,1,8.0,8.0
5926,3566,11,1,5.78,5.78
5927,3566,14,1,3.0,3.0
5928,3566,17,1,8.0,8.0
5929,3567,17,1,8.0,8.0
5930,3567,7,1,6.5,6.5
5931,3567,11,1,5.78,8.24
5932,3568,11,1,5.78,5.78
5933,3569,18,2,10.0,20.0
5934,3569,20,1,8.0,9.21
5935,3570,9,1,4.0,4.0
5936,3570,12,1,4.0,4.0
5937,3571,7,1,6.5,6.5
5938,3571,20,1,8.0,8.0
5939,3571,17,1,8.0,8.0
5940,3571,16,1,9.5,9.5
5941,3572,1,2,5.78,11.56
5942,3573,4,1,5.78,5.78
5943,3574,17,1,8.0,8.0
5944,3575,6,1,3.5,3.5
5945,3576,14,2,3.0,7.23
5946,3577,7,1,6.5,6.5
5947,3578,7,1,6.5,6.5
5948,3579,20,1,8.0,8.0
5949,3579,13,1,3.5,3.5
5950,3579,16,1,9.5,9.5
5951,3579,10,1,4.0,4.0
5952,3580,13,1,3.5,3.5
5953,3581,20,1,8.0,8.0
5954,3582,4,1,5.78,5.78
5955,3582,13,1,3.5,3.5
5956,3583,6,2,3.5,7.0
5957,3584,12,1,4.0,6.46
5958,3585,17,1,8.0,8.0
5959,3586,10,2,4.0,8.0
5960,3587,24,1,18.0,18.0
5961,3588,11,2,5.78,11.56
5962,3589,3,1,4.73,4.73
5963,3590,8,2,6.3,12.6
5964,3590,12,1,4.0,4.0
5965,3590,7,1,6.5,6.5
5966,3591,11,1,5.78,5.78
5967,3592,11,1,5.78,5.78
5968,3593,20,1,8.0,10.34
5969,3594,1,1,5.78,6.99
5970,3595,17,1,8.0,8.0
5971,3595,7,1,6.5,6.5
5972,3595,7,1,6.5,6.5
5973,3595,17,2,8.0,16.0
5974,3595,15,1,4.5,4.5
5975,3596,15,1,4.5,4.5
5976,3596,20,1,8.0,10.95
5977,3597,4,1,5.78,5.78
5978,3598,15,1,4.5,5.47
5979,3599,12,1,4.0,4.0
5980,3600,20,1,8.0,8.0
5981,3600,14,1,3.0,3.0
5982,3600,2,1,5.25,5.25
5983,3600,8,1,6.3,6.3
5984,3600,5,2,6.3,13.85
5985,3601,8,1,6.3,6.3
5986,3601,17,1,8.0,8.0
5987,3601,15,1,4.5,4.5
5988,3601,14,1,3.0,3.0
5989,3602,7,2,6.5,13.0
5990,3603,14,1,3.0,3.0
5991,3603,14,1,3.0,3.0
5992,3604,4,1,5.78,5.78
5993,3605,19,1,7.0,8.21
5994,3606,8,2,6.3,12.6
5995,3606,20,2,8.0,16.0
5996,3606,4,2,5.78,11.56
5997,3606,20,1,8.0,8.0
5998,3606,7,1,6.5,8.04
5999,3607,12,2,4.0,8.0
6000,3607,19,1,7.0,7.0
6001,3607,12,1,4.0,4.0
6002,3607,4,1,5.78,5.78
6003,3607,5,2,6.3,12.6
6004,3608,12,1,4.0,4.0
6005,3609,5,1,6.3,7.89
6006,3610,20,2,8.0,16.0
6007,3610,12,1,4.0,4.97
6008,3611,14,1,3.0,3.0
6009,3612,14,2,3.0,7.25
6010,3613,4,1,5.78,5.78
6011,3614,7,1,6.5,6.5
6012,3615,20,1,8.0,8.0
6013,3616,16,1,9.5,9.5
6014,3617,7,1,6.5,6.5
6015,3617,6,1,3.5,3.5
6016,3617,3,1,4.73,4.73
6017,3617,7,1,6.5,7.94
6018,3618,8,1,6.3,7.36
6019,3619,9,1,4.0,5.57
6020,3620,13,1,3.5,3.5
6021,3621,18,1,10.0,11.11
6022,3622,11,2,5.78,11.56
6023,3623,11,1,5.78,5.78
6024,3624,11,2,5.78,11.56
6025,3625,4,1,5.78,8.9
6026,3626,14,1,3.0,5.46
6027,3627,14,1,3.0,3.0
6028,3628,19,1,7.0,8.44
6029,3629,16,2,9.5,19.0
6030,3630,4,1,5.78,5.78
6031,3631,16,1,9.5,9.5
6032,3632,20,1,8.0,8.0
6033,3633,3,2,4.73,9.46
6034,3634,20,1,8.0,8.0
6035,3634,13,1,3.5,3.5
6036,3635,4,1,5.78,5.78
6037,3636,7,1,6.5,6.5
6038,3636,3,1,4.73,4.73
6039,3636,12,1,4.0,4.0
6040,3636,13,1,3.5,3.5
6041,3636,4,2,5.78,11.56
6042,3637,10,1,4.0,4.0
6043,3637,18,1,10.0,11.41
6044,3638,16,2,9.5,19.0
6045,3639,20,2,8.0,16.0
6046,3640,18,1,10.0,10.0
6047,3640,20,2,8.0,16.0
6048,3641,20,1,8.0,9.54
6049,3642,8,1,6.3,6.3
6050,3643,20,1,8.0,8.0
6051,3644,18,2,10.0,21.02
6052,3645,4,1,5.78,6.99
6053,3646,15,1,4.5,4.5
6054,3647,6,2,3.5,9.95
6055,3648,9,1,4.0,5.21
6056,3649,20,1,8.0,9.15
6057,3650,15,1,4.5,7.45
6058,3651,24,1,18.0,19.03
6059,3652,3,1,4.73,4.73
6060,3653,7,2,6.5,13.0
6061,3654,19,1,7.0,7.0
6062,3654,1,1,5.78,5.78
6063,3654,14,1,3.0,3.0
6064,3654,11,1,5.78,6.93
6065,3655,11,1,5.78,5.78
6066,3656,14,1,3.0,3.0
6067,3657,4,1,5.78,5.78
6068,3658,17,1,8.0,8.0
6069,3659,13,1,3.5,3.5
6070,3660,12,1,4.0,4.0
6071,3660,4,1,5.78,6.93
6072,3661,18,1,10.0,10.0
6073,3662,19,2,7.0,14.0
6074,3663,12,1,4.0,5.21
6075,3664,16,1,9.5,9.5
6076,3665,2,1,5.25,5.25
6077,3666,18,1,10.0,11.06
6078,3667,7,1,6.5,6.5
6079,3668,1,1,5.78,6.89
6080,3669,6,1,3.5,5.29
6081,3670,22,1,8.0,8.0
6082,3670,20,2,8.0,16.0
6083,3670,22,1,8.0,8.0
6084,3671,23,1,15.0,15.0
6085,3671,2,1,5.25,6.33
6086,3672,12,1,4.0,4.0
6087,3673,15,1,4.5,4.5
6088,3674,20,1,8.0,9.06
6089,3675,12,1,4.0,4.0
6090,3676,22,1,8.0,8.0
6091,3677,2,1,5.25,5.25
6092,3678,18,1,10.0,11.03
6093,3679,11,1,5.78,5.78
6094,3680,14,1,3.0,3.0
6095,3681,14,1,3.0,3.0
6096,3681,7,2,6.5,13.0
6097,3681,7,1,6.5,6.5
6098,3681,19,1,7.0,7.77
6099,3682,4,1,5.78,5.78
6100,3683,16,1,9.5,9.5
6101,3684,19,2,7.0,14.0
6102,3685,4,1,5.78,5.78
6103,3685,15,1,4.5,4.5
6104,3685,14,2,3.0,6.0
6105,3686,18,1,10.0,11.21
6106,3687,6,1,3.5,3.5
6107,3688,18,1,10.0,12.95
6108,3689,15,1,4.5,4.5
6109,3690,12,1,4.0,4.0
6110,3690,12,1,4.0,4.0
6111,3690,9,1,4.0,6.65
6112,3691,20,2,8.0,16.0
6113,3692,2,1,5.25,5.25
6114,3693,24,1,18.0,18.0
6115,3694,20,1,8.0,8.0
6116,3695,1,2,5.78,15.22
6117,3696,2,1,5.25,5.25
6118,3696,23,1,15.0,15.0
6119,3697,13,1,3.5,3.5
6120,3698,9,1,4.0,5.57
6121,3699,19,1,7.0,7.0
6122,3700,16,1,9.5,9.5
6123,3701,5,1,6.3,6.3
6124,3702,7,1,6.5,7.92
6125,3703,3,1,4.73,4.73
6126,3703,20,1,8.0,8.0
6127,3703,13,2,3.5,7.0
6128,3704,15,1,4.5,5.98
6129,3705,20,1,8.0,8.0
6130,3705,15,1,4.5,4.5
6131,3705,20,1,8.0,8.0
6132,3706,17,1,8.0,8.0
6133,3707,3,1,4.73,4.73
6134,3707,13,1,3.5,3.5
6135,3708,18,1,10.0,11.08
6136,3709,13,1,3.5,3.5
6137,3710,4,1,5.78,5.78
6138,3710,16,1,9.5,10.56
6139,3711,12,2,4.0,8.0
6140,3712,4,2,5.78,14.84
6141,3713,19,1,7.0,7.0
6142,3714,3,1,4.73,4.73
6143,3715,12,2,4.0,8.0
6144,3716,17,2,8.0,16.0
6145,3717,15,1,4.5,5.61
6146,3718,13,1,3.5,3.5
6147,3718,18,1,10.0,10.0
6148,3718,12,2,4.0,8.0
6149,3719,14,1,3.0,3.0
6150,3719,20,1,8.0,8.0
6151,3720,10,1,4.0,4.0
6152,3721,14,2,3.0,6.0
6153,3721,6,1,3.5,3.5
6154,3721,4,1,5.78,5.78
6155,3722,15,2,4.5,9.0
6156,3723,6,1,3.5,3.5
6157,3724,13,2,3.5,7.0
6158,3725,18,1,10.0,10.0
6159,3725,6,2,3.5,7.0
6160,3725,8,1,6.3,6.3
6161,3725,11,1,5.78,5.78
6162,3725,1,1,5.78,6.86
6163,3726,18,1,10.0,10.0
6164,3727,14,2,3.0,7.87
6165,3728,17,1,8.0,8.0
6166,3729,20,1,8.0,8.0
6167,3729,20,1,8.0,8.0
6168,3729,10,1,4.0,4.0
6169,3730,17,1,8.0,8.0
6170,3731,7,1,6.5,6.5
6171,3732,5,1,6.3,6.3
6172,3732,7,1,6.5,7.47
6173,3733,11,1,5.78,5.78
6174,3733,16,1,9.5,9.5
6175,3734,18,1,10.0,10.0
6176,3734,19,1,7.0,7.0
6177,3735,7,1,6.5,6.5
6178,3736,15,1,4.5,4.5
6179,3737,15,1,4.5,4.5
6180,3738,22,1,8.0,11.66
6181,3739,11,1,5.78,5.78
6182,3740,20,2,8.0,16.0
6183,3740,12,1,4.0,4.0
6184,3740,7,1,6.5,6.5
6185,3740,8,1,6.3,6.3
6186,3741,4,1,5.78,5.78
6187,3742,23,1,15.0,15.0
6188,3742,6,1,3.5,6.45
6189,3743,17,2,8.0,18.46
6190,3744,10,1,4.0,4.0
6191,3745,20,2,8.0,17.21
6192,3746,4,2,5.78,13.15
6193,3747,4,1,5.78,5.78
6194,3747,20,1,8.0,8.0
6195,3747,7,1,6.5,6.5
6196,3748,17,1,8.0,8.0
6197,3748,15,2,4.5,9.0
6198,3749,6,1,3.5,3.5
6199,3749,14,2,3.0,6.0
6200,3750,9,1,4.0,4.0
6201,3750,20,1,8.0,8.0
6202,3750,13,1,3.5,4.61
6203,3751,19,1,7.0,7.0
6204,3752,4,1,5.78,5.78
6205,3753,9,1,4.0,4.0
6206,3754,13,1,3.5,3.5
6207,3755,7,1,6.5,6.5
6208,3756,4,1,5.78,8.24
6209,3757,19,1,7.0,7.98
6210,3758,2,1,5.25,7.71
6211,3759,15,1,4.5,5.71
6212,3760,20,1,8.0,9.54
6213,3761,4,2,5.78,11.56
6214,3761,4,2,5.78,11.56
6215,3761,8,1,6.3,7.84
6216,3762,10,1,4.0,4.0
6217,3763,5,1,6.3,6.3
6218,3763,20,1,8.0,11.66
6219,3764,19,2,7.0,14.85
6220,3765,13,2,3.5,10.05
6221,3766,13,1,3.5,3.5
6222,3767,12,1,4.0,5.59
6223,3768,9,2,4.0,8.0
6224,3768,4,2,5.78,14.02
6225,3769,9,1,4.0,4.0
6226,3770,14,1,3.0,3.0
6227,3771,14,1,3.0,3.0
6228,3771,18,1,10.0,10.0
6229,3771,2,1,5.25,5.25
6230,3771,7,1,6.5,6.5
6231,3772,18,2,10.0,20.0
6232,3773,1,1,5.78,5.78
6233,3774,14,1,3.0,4.11
6234,3775,12,2,4.0,8.0
6235,3775,10,1,4.0,4.0
6236,3775,12,1,4.0,4.0
6237,3776,8,1,6.3,6.3
6238,3777,13,2,3.5,8.39
6239,3778,22,1,8.0,8.0
6240,3778,1,1,5.78,5.78
6241,3778,1,1,5.78,5.78
6242,3778,20,1,8.0,8.0
6243,3779,15,1,4.5,6.29
6244,3780,7,1,6.5,7.47
6245,3781,4,1,5.78,6.99
6246,3782,15,1,4.5,7.74
6247,3783,17,2,8.0,16.0
6248,3783,20,1,8.0,8.0
6249,3784,4,1,5.78,5.78
6250,3785,4,2,5.78,11.56
6251,3785,7,1,6.5,6.5
6252,3786,6,1,3.5,3.5
6253,3786,20,1,8.0,8.0
6254,3786,7,1,6.5,6.5
6255,3787,13,1,3.5,4.75
6256,3788,5,1,6.3,6.3
6257,3788,21,1,25.0,25.0
6258,3789,4,1,5.78,5.78
6259,3790,3,1,4.73,8.01
6260,3791,12,2,4.0,8.0
6261,3792,11,1,5.78,5.78
6262,3793,4,1,5.78,7.43
6263,3794,15,1,4.5,4.5
6264,3794,5,1,6.3,6.3
6265,3795,20,1,8.0,8.0
6266,3796,20,1,8.0,9.21
6267,3797,12,1,4.0,4.0
6268,3797,2,1,5.25,5.25
6269,3797,5,1,6.3,6.3
6270,3797,2,1,5.25,5.25
6271,3797,12,1,4.0,4.0
6272,3798,18,1,10.0,11.21
6273,3799,20,1,8.0,8.0
6274,3799,4,1,5.78,6.76
6275,3800,20,2,8.0,17.06
6276,3801,18,1,10.0,10.0
6277,3802,8,2,6.3,12.6
6278,3803,15,1,4.5,5.98
6279,3804,3,1,4.73,5.94
6280,3805,12,1,4.0,4.0
6281,3805,14,1,3.0,3.0
6282,3805,19,2,7.0,14.0
6283,3805,16,1,9.5,9.5
6284,3805,20,1,8.0,8.0
6285,3806,3,1,4.73,4.73
6286,3807,7,1,6.5,6.5
6287,3808,4,1,5.78,5.78
6288,3808,11,1,5.78,5.78
6289,3809,12,1,4.0,4.0
6290,3810,20,1,8.0,8.0
6291,3811,4,1,5.78,5.78
6292,3811,11,1,5.78,5.78
6293,3812,20,1,8.0,8.0
6294,3812,7,1,6.5,7.61
6295,3813,2,2,5.25,10.5
6296,3813,17,1,8.0,8.0
6297,3813,6,1,3.5,4.35
6298,3814,7,1,6.5,6.5
6299,3815,11,1,5.78,5.78
6300,3815,7,1,6.5,6.5
6301,3816,14,1,3.0,4.03
6302,3817,18,1,10.0,10.0
6303,3817,1,1,5.78,5.78
6304,3817,8,1,6.3,6.3
6305,3818,14,1,3.0,4.25
6306,3819,4,1,5.78,7.37
6307,3820,20,1,8.0,8.0
6308,3820,4,1,5.78,5.78
6309,3820,12,1,4.0,4.0
6310,3820,12,2,4.0,8.0
6311,3820,20,2,8.0,16.0
6312,3821,15,1,4.5,4.5
6313,3821,3,2,4.73,9.46
6314,3821,17,1,8.0,8.0
6315,3821,5,1,6.3,6.3
6316,3822,4,1,5.78,5.78
6317,3823,17,1,8.0,8.0
6318,3824,4,1,5.78,7.03
6319,3825,12,1,4.0,4.0
6320,3826,3,1,4.73,4.73
6321,3827,14,1,3.0,5.46
6322,3828,18,2,10.0,20.0
6323,3828,20,1,8.0,8.0
6324,3828,15,1,4.5,4.5
6325,3829,13,2,3.5,7.77
6326,3830,2,1,5.25,5.25
6327,3831,16,1,9.5,10.56
6328,3832,10,1,4.0,4.0
6329,3833,20,2,8.0,16.0
6330,3834,2,1,5.25,6.4
6331,3835,13,2,3.5,8.6
6332,3836,4,1,5.78,5.78
6333,3836,4,1,5.78,5.78
6334,3836,12,2,4.0,8.0
6335,3836,16,1,9.5,10.53
6336,3837,7,1,6.5,6.5
6337,3838,9,2,4.0,8.0
6338,3839,4,1,5.78,5.78
6339,3840,5,1,6.3,6.3
6340,3841,1,1,5.78,6.63
6341,3842,20,2,8.0,16.0
6342,3843,15,1,4.5,4.5
6343,3844,14,1,3.0,3.0
6344,3845,7,1,6.5,6.5
6345,3846,18,1,10.0,10.0
6346,3846,3,1,4.73,4.73
6347,3846,20,1,8.0,8.0
6348,3847,11,1,5.78,5.78
6349,3847,11,1,5.78,5.78
6350,3847,19,1,7.0,7.0
6351,3847,9,1,4.0,4.0
6352,3848,20,1,8.0,8.0
6353,3848,1,1,5.78,5.78
6354,3848,5,1,6.3,6.3
6355,3849,20,1,8.0,8.0
6356,3849,12,1,4.0,5.57
6357,3850,20,1,8.0,8.0
6358,3850,4,1,5.78,5.78
6359,3850,14,1,3.0,3.0
6360,3850,15,1,4.5,4.5
6361,3850,17,2,8.0,16.0
6362,3851,12,2,4.0,11.24
6363,3852,2,1,5.25,5.25
6364,3852,7,1,6.5,6.5
6365,3852,19,2,7.0,14.0
6366,3852,7,1,6.5,6.5
6367,3853,20,2,8.0,16.0
6368,3853,8,1,6.3,6.3
6369,3853,16,1,9.5,9.5
6370,3853,1,1,5.78,7.03
6371,3854,5,1,6.3,6.3
6372,3855,3,1,4.73,4.73
6373,3856,20,1,8.0,8.0
6374,3857,6,1,3.5,3.5
6375,3858,5,1,6.3,6.3
6376,3858,2,1,5.25,5.25
6377,3859,19,1,7.0,7.97
6378,3860,16,1,9.5,9.5
6379,3860,9,1,4.0,4.0
6380,3861,7,1,6.5,7.71
6381,3862,12,1,4.0,4.0
6382,3863,6,1,3.5,3.5
6383,3864,20,1,8.0,8.0
6384,3865,2,1,5.25,5.25
6385,3866,2,1,5.25,5.25
6386,3867,15,1,4.5,4.5
6387,3868,17,2,8.0,16.0
6388,3868,20,1,8.0,8.0
6389,3868,11,1,5.78,5.78
6390,3869,20,2,8.0,16.0
6391,3870,19,1,7.0,7.0
6392,3870,4,1,5.78,8.4
6393,3871,4,1,5.78,5.78
6394,3872,4,1,5.78,5.78
6395,3872,7,1,6.5,7.52
6396,3873,20,1,8.0,8.0
6397,3874,20,1,8.0,10.34
6398,3875,9,1,4.0,4.0
6399,3875,4,1,5.78,5.78
6400,3876,4,1,5.78,5.78
6401,3877,18,1,10.0,11.87
6402,3878,2,2,5.25,11.98
6403,3879,14,1,3.0,4.57
6404,3880,8,1,6.3,6.3
6405,3881,15,1,4.5,4.5
6406,3882,20,2,8.0,16.0
6407,3883,15,1,4.5,4.5
6408,3883,15,1,4.5,4.5
6409,3884,15,2,4.5,9.0
6410,3884,15,1,4.5,4.5
6411,3884,16,1,9.5,9.5
6412,3884,14,1,3.0,3.0
6413,3884,7,1,6.5,6.5
6414,3885,2,1,5.25,5.25
6415,3885,4,2,5.78,11.56
6416,3885,4,1,5.78,5.78
6417,3885,16,1,9.5,9.5
6418,3885,11,1,5.78,6.76
6419,3886,7,1,6.5,7.71
6420,3887,4,1,5.78,6.94
6421,3888,14,1,3.0,3.0
6422,3888,16,1,9.5,9.5
6423,3889,15,1,4.5,4.5
6424,3889,20,1,8.0,8.0
6425,3890,7,1,6.5,6.5
6426,3890,17,2,8.0,16.0
6427,3890,10,1,4.0,4.0
6428,3890,1,1,5.78,5.78
6429,3890,2,1,5.25,5.25
6430,3891,5,1,6.3,6.3
6431,3892,2,1,5.25,5.25
6432,3892,15,1,4.5,5.53
6433,3893,1,1,5.78,5.78
6434,3894,21,1,25.0,25.0
6435,3895,2,2,5.25,10.5
6436,3896,20,1,8.0,8.0
6437,3896,12,1,4.0,4.0
6438,3896,9,1,4.0,4.0
6439,3897,9,1,4.0,4.0
6440,3898,1,1,5.78,5.78
6441,3899,6,1,3.5,6.45
6442,3900,19,1,7.0,7.0
6443,3900,14,1,3.0,3.0
6444,3901,12,1,4.0,4.0
6445,3901,20,1,8.0,8.0
6446,3901,20,1,8.0,8.0
6447,3901,23,1,15.0,18.5
6448,3902,9,1,4.0,7.66
6449,3903,17,1,8.0,8.0
6450,3903,2,1,5.25,6.31
6451,3904,18,1,10.0,10.0
6452,3904,17,1,8.0,8.0
6453,3904,1,1,5.78,5.78
6454,3904,10,1,4.0,6.62
6455,3905,18,2,10.0,21.25
6456,3906,17,1,8.0,8.97
6457,3907,20,1,8.0,8.0
6458,3907,18,1,10.0,10.0
6459,3908,20,1,8.0,8.97
6460,3909,3,1,4.73,4.73
6461,3910,14,2,3.0,6.98
6462,3911,6,1,3.5,3.5
6463,3912,4,1,5.78,7.43
6464,3913,9,1,4.0,4.0
6465,3913,9,2,4.0,8.0
6466,3914,5,1,6.3,6.3
6467,3915,13,1,3.5,3.5
6468,3915,20,1,8.0,8.0
6469,3915,8,1,6.3,8.09
6470,3916,10,1,4.0,4.0
6471,3917,17,1,8.0,11.66
6472,3918,12,2,4.0,10.34
6473,3919,9,1,4.0,4.97
6474,3920,8,1,6.3,6.3
6475,3921,7,2,6.5,13.0
6476,3921,18,1,10.0,10.0
6477,3921,15,1,4.5,6.84
6478,3922,8,2,6.3,12.6
6479,3923,18,2,10.0,20.0
6480,3923,3,1,4.73,4.73
6481,3923,18,1,10.0,10.0
6482,3924,18,2,10.0,21.6
6483,3925,20,1,8.0,10.46
6484,3926,7,1,6.5,6.5
6485,3927,24,1,18.0,19.65
6486,3928,3,1,4.73,4.73
6487,3929,9,1,4.0,4.0
6488,3929,8,2,6.3,12.6
6489,3929,20,1,8.0,8.0
6490,3929,5,1,6.3,6.3
6491,3929,3,1,4.73,6.12
6492,3930,13,1,3.5,4.71
6493,3931,18,1,10.0,10.0
6494,3931,25,1,20.0,21.25
6495,3932,6,1,3.5,3.5
6496,3932,2,1,5.25,5.25
6497,3932,20,2,8.0,16.0
6498,3933,1,1,5.78,5.78
6499,3934,10,1,4.0,4.0
6500,3934,10,1,4.0,5.87
6501,3935,2,1,5.25,5.25
6502,3935,10,1,4.0,4.0
6503,3935,19,1,7.0,7.0
6504,3936,3,1,4.73,4.73
6505,3936,6,1,3.5,3.5
6506,3937,8,1,6.3,6.3
6507,3938,20,1,8.0,8.0
6508,3938,1,2,5.78,11.56
6509,3938,16,1,9.5,9.5
6510,3939,15,1,4.5,4.5
6511,3939,20,1,8.0,8.0
6512,3939,11,2,5.78,11.56
6513,3939,16,1,9.5,9.5
6514,3940,14,1,3.0,3.0
6515,3940,7,2,6.5,13.0
6516,3941,9,1,4.0,4.0
6517,3941,9,1,4.0,4.0
6518,3942,15,1,4.5,5.56
6519,3943,2,1,5.25,6.28
6520,3944,13,1,3.5,3.5
6521,3945,6,1,3.5,3.5
6522,3946,2,1,5.25,5.25
6523,3947,15,2,4.5,9.0
6524,3948,16,1,9.5,9.5
6525,3948,8,1,6.3,6.3
6526,3948,9,1,4.0,4.0
6527,3948,13,1,3.5,3.5
6528,3949,20,1,8.0,9.15
6529,3950,10,1,4.0,4.0
6530,3951,14,2,3.0,7.25
6531,3952,17,2,8.0,16.0
6532,3952,17,2,8.0,16.0
6533,3952,20,1,8.0,8.0
6534,3952,10,1,4.0,4.0
6535,3952,5,2,6.3,12.6
6536,3953,13,1,3.5,4.35
6537,3954,7,1,6.5,6.5
6538,3955,16,1,9.5,10.71
6539,3956,17,1,8.0,9.25
6540,3957,5,1,6.3,6.3
6541,3957,20,1,8.0,8.0
6542,3958,19,1,7.0,7.0
6543,3959,12,1,4.0,4.0
6544,3959,7,1,6.5,6.5
6545,3959,13,2,3.5,8.57
6546,3960,5,1,6.3,6.3
6547,3960,9,1,4.0,4.0
6548,3960,5,1,6.3,6.3
6549,3961,11,1,5.78,5.78
6550,3961,18,1,10.0,10.0
6551,3961,2,1,5.25,5.25
6552,3962,17,1,8.0,8.0
6553,3962,3,1,4.73,4.73
6554,3962,3,1,4.73,4.73
6555,3962,1,1,5.78,5.78
6556,3962,8,1,6.3,6.3
6557,3963,16,1,9.5,9.5
6558,3963,13,1,3.5,3.5
6559,3964,8,1,6.3,6.3
6560,3965,18,2,10.0,20.0
6561,3966,7,1,6.5,6.5
6562,3967,11,2,5.78,11.56
6563,3968,20,1,8.0,8.0
6564,3969,9,1,4.0,6.34
6565,3970,20,1,8.0,8.0
6566,3970,5,1,6.3,6.3
6567,3970,8,1,6.3,8.76
6568,3971,23,1,15.0,15.0
6569,3972,6,2,3.5,7.0
6570,3973,11,1,5.78,5.78
6571,3973,14,1,3.0,3.0
6572,3973,4,1,5.78,5.78
6573,3974,9,1,4.0,4.0
6574,3975,18,1,10.0,10.0
6575,3975,17,2,8.0,16.85
6576,3976,13,1,3.5,3.5
6577,3976,17,1,8.0,8.0
6578,3976,7,2,6.5,13.0
6579,3976,2,1,5.25,5.25
6580,3976,13,1,3.5,6.19
6581,3977,3,2,4.73,9.46
6582,3978,16,1,9.5,11.09
6583,3979,1,1,5.78,5.78
6584,3979,15,1,4.5,5.58
6585,3980,10,1,4.0,4.0
6586,3981,3,1,4.73,4.73
6587,3982,18,1,10.0,10.0
6588,3983,16,1,9.5,9.5
6589,3984,11,1,5.78,5.78
6590,3985,10,1,4.0,4.0
6591,3985,7,1,6.5,6.5
6592,3985,20,1,8.0,8.0
6593,3986,7,1,6.5,6.5
6594,3986,10,2,4.0,8.0
6595,3986,10,1,4.0,4.0
6596,3986,8,1,6.3,7.51
6597,3987,7,1,6.5,9.62
6598,3988,20,2,8.0,16.0
6599,3988,15,1,4.5,4.5
6600,3988,13,1,3.5,3.5
6601,3989,17,1,8.0,8.0
6602,3989,23,1,15.0,15.0
6603,3990,12,1,4.0,4.0
6604,3991,20,1,8.0,8.0
6605,3991,18,1,10.0,11.03
6606,3992,19,1,7.0,7.0
6607,3993,16,1,9.5,10.71
6608,3994,1,1,5.78,6.99
6609,3995,11,1,5.78,7.26
6610,3996,16,1,9.5,10.53
6611,3997,16,1,9.5,10.56
6612,3998,4,1,5.78,5.78
6613,3999,20,1,8.0,8.0
6614,3999,7,2,6.5,13.0
6615,3999,10,1,4.0,4.0
6616,4000,10,1,4.0,4.0
6617,4001,5,1,6.3,6.3
6618,4002,18,1,10.0,10.0
6619,4002,7,1,6.5,6.5
6620,4002,19,1,7.0,7.0
6621,4003,5,1,6.3,8.17
6622,4004,5,1,6.3,8.99
6623,4005,7,1,6.5,6.5
6624,4006,3,2,4.73,9.46
6625,4006,7,1,6.5,6.5
6626,4006,12,2,4.0,8.0
6627,4006,8,1,6.3,6.3
6628,4007,21,1,25.0,25.0
6629,4008,10,1,4.0,7.24
6630,4009,3,1,4.73,4.73
6631,4010,7,1,6.5,6.5
6632,4010,7,1,6.5,8.37
6633,4011,20,1,8.0,8.97
6634,4012,19,1,7.0,7.0
6635,4012,12,1,4.0,5.44
6636,4013,20,2,8.0,16.0
6637,4014,15,1,4.5,5.53
6638,4015,12,1,4.0,5.21
6639,4016,12,1,4.0,5.03
6640,4017,17,2,8.0,16.0
6641,4017,17,1,8.0,8.0
6642,4018,20,1,8.0,9.65
6643,4019,5,2,6.3,12.6
6644,4020,7,1,6.5,6.5
6645,4021,5,1,6.3,6.3
6646,4022,4,1,5.78,5.78
6647,4023,20,1,8.0,8.0
6648,4024,15,1,4.5,4.5
6649,4024,2,1,5.25,5.25
6650,4025,6,1,3.5,6.74
6651,4026,14,1,3.0,5.46
6652,4027,7,2,6.5,14.25
6653,4028,20,1,8.0,8.0
6654,4028,20,1,8.0,8.0
6655,4029,19,1,7.0,7.0
6656,4030,11,1,5.78,9.06
6657,4031,7,1,6.5,6.5
6658,4032,3,2,4.73,9.46
6659,4033,20,2,8.0,17.16
6660,4034,20,1,8.0,8.0
6661,4034,21,1,25.0,26.25
6662,4035,12,2,4.0,8.0
6663,4036,3,1,4.73,4.73
6664,4036,20,1,8.0,8.0
6665,4036,7,1,6.5,6.5
6666,4037,5,1,6.3,7.27
6667,4038,15,1,4.5,4.5
6668,4039,3,1,4.73,4.73
6669,4039,9,1,4.0,5.59
6670,4040,20,2,8.0,16.0
6671,4040,5,1,6.3,6.3
6672,4040,20,1,8.0,8.0
6673,4041,16,1,9.5,11.96
6674,4042,18,1,10.0,10.0
6675,4043,5,1,6.3,8.99
6676,4044,1,1,5.78,7.37
6677,4045,2,1,5.25,5.25
6678,4046,14,2,3.0,6.0
6679,4046,11,1,5.78,7.03
6680,4047,15,2,4.5,9.0
6681,4048,18,1,10.0,10.0
6682,4048,5,2,6.3,12.6
6683,4048,5,1,6.3,6.3
6684,4048,15,1,4.5,5.52
6685,4049,4,1,5.78,9.02
6686,4050,11,1,5.78,5.78
6687,4050,14,1,3.0,3.0
6688,4050,9,1,4.0,4.0
6689,4051,7,1,6.5,6.5
6690,4051,19,1,7.0,7.0
6691,4052,11,1,5.78,5.78
6692,4053,9,1,4.0,4.0
6693,4054,6,1,3.5,3.5
6694,4054,8,1,6.3,6.3
6695,4055,12,1,4.0,4.0
6696,4056,16,1,9.5,9.5
6697,4057,15,1,4.5,4.5
6698,4058,1,1,5.78,5.78
6699,4058,17,1,8.0,8.0
6700,4059,4,1,5.78,5.78
6701,4060,1,1,5.78,5.78
6702,4061,20,1,8.0,9.25
6703,4062,11,2,5.78,11.56
6704,4062,8,1,6.3,6.3
6705,4062,20,1,8.0,8.0
6706,4063,1,1,5.78,7.17
6707,4064,7,1,6.5,6.5
6708,4064,3,1,4.73,4.73
6709,4065,20,1,8.0,8.0
6710,4065,15,1,4.5,5.58
6711,4066,11,2,5.78,11.56
6712,4066,15,1,4.5,4.5
6713,4067,18,1,10.0,10.0
6714,4068,11,1,5.78,5.78
6715,4069,3,1,4.73,5.96
6716,4070,17,1,8.0,8.0
6717,4071,15,1,4.5,4.5
6718,4072,11,1,5.78,6.99
6719,4073,17,1,8.0,8.0
6720,4074,15,1,4.5,4.5
6721,4075,5,2,6.3,12.6
6722,4075,12,1,4.0,4.0
6723,4075,15,1,4.5,4.5
6724,4075,7,2,6.5,14.25
6725,4076,9,2,4.0,8.0
6726,4076,18,1,10.0,10.0
6727,4076,8,2,6.3,12.6
6728,4076,8,1,6.3,6.3
6729,4077,20,1,8.0,8.0
6730,4077,6,1,3.5,3.5
6731,4078,15,1,4.5,6.9
6732,4079,19,1,7.0,7.0
6733,4079,19,1,7.0,7.0
6734,4079,20,1,8.0,8.94
6735,4080,17,1,8.0,9.11
6736,4081,2,1,5.25,8.49
6737,4082,12,1,4.0,4.0
6738,4083,20,1,8.0,8.0
6739,4083,13,1,3.5,3.5
6740,4083,17,1,8.0,11.66
6741,4084,18,1,10.0,10.0
6742,4085,7,1,6.5,6.5
6743,4085,15,1,4.5,4.5
6744,4085,7,1,6.5,6.5
6745,4085,9,1,4.0,4.0
6746,4085,13,1,3.5,3.5
6747,4086,11,1,5.78,6.86
6748,4087,5,1,6.3,8.7
6749,4088,10,1,4.0,4.0
6750,4088,8,1,6.3,6.3
6751,4088,7,1,6.5,6.5
6752,4089,8,1,6.3,6.3
6753,4090,20,1,8.0,8.0
6754,4090,14,1,3.0,3.0
6755,4091,10,1,4.0,4.0
6756,4092,10,1,4.0,4.0
6757,4093,20,1,8.0,8.0
6758,4093,20,1,8.0,8.0
6759,4093,15,1,4.5,4.5
6760,4093,11,1,5.78,5.78
6761,4093,2,1,5.25,5.25
6762,4094,17,1,8.0,8.0
6763,4094,15,1,4.5,4.5
6764,4095,5,1,6.3,6.3
6765,4095,17,1,8.0,8.0
6766,4095,8,1,6.3,6.3
6767,4095,16,1,9.5,9.5
6768,4095,13,1,3.5,5.29
6769,4096,13,1,3.5,3.5
6770,4097,20,1,8.0,8.0
6771,4098,11,1,5.78,5.78
6772,4099,20,1,8.0,8.0
6773,4099,9,1,4.0,4.0
6774,4099,20,1,8.0,8.0
6775,4099,10,1,4.0,4.0
6776,4099,9,1,4.0,4.0
6777,4100,2,1,5.25,5.25
6778,4100,6,2,3.5,7.0
6779,4100,1,1,5.78,5.78
6780,4100,14,1,3.0,3.0
6781,4101,8,1,6.3,6.3
6782,4101,11,1,5.78,5.78
6783,4102,12,1,4.0,4.0
6784,4103,19,1,7.0,8.21
6785,4104,22,1,8.0,9.48
6786,4105,18,1,10.0,10.0
6787,4105,4,1,5.78,5.78
6788,4105,15,1,4.5,4.5
6789,4105,3,1,4.73,4.73
6790,4105,9,1,4.0,4.0
6791,4106,6,1,3.5,3.5
6792,4106,7,1,6.5,6.5
6793,4107,11,2,5.78,13.43
6794,4108,19,2,7.0,14.0
6795,4108,5,2,6.3,13.58
6796,4109,2,2,5.25,10.5
6797,4110,19,1,7.0,7.0
6798,4111,20,1,8.0,9.57
6799,4112,20,1,8.0,9.6
6800,4113,3,1,4.73,4.73
6801,4114,16,1,9.5,9.5
6802,4114,24,1,18.0,18.0
6803,4114,20,1,8.0,8.0
6804,4115,16,1,9.5,9.5
6805,4116,20,1,8.0,8.0
6806,4117,11,2,5.78,11.56
6807,4118,15,1,4.5,7.19
6808,4119,5,2,6.3,12.6
6809,4119,12,1,4.0,4.0
6810,4120,8,1,6.3,6.3
6811,4121,10,1,4.0,4.0
6812,4122,19,1,7.0,7.0
6813,4123,4,2,5.78,13.96
6814,4124,7,1,6.5,10.0
6815,4125,9,1,4.0,4.0
6816,4126,18,1,10.0,10.0
6817,4126,4,1,5.78,5.78
6818,4126,8,1,6.3,6.3
6819,4126,1,1,5.78,5.78
6820,4126,16,1,9.5,9.5
6821,4127,20,1,8.0,11.28
6822,4128,5,1,6.3,6.3
6823,4128,15,1,4.5,5.75
6824,4129,16,1,9.5,9.5
6825,4130,20,1,8.0,10.46
6826,4131,25,1,20.0,21.25
6827,4132,16,1,9.5,11.07
6828,4133,15,1,4.5,5.65
6829,4134,2,1,5.25,5.25
6830,4134,18,1,10.0,10.0
6831,4135,11,1,5.78,5.78
6832,4135,20,2,8.0,16.0
6833,4136,18,1,10.0,11.02
6834,4137,8,2,6.3,13.81
6835,4138,20,1,8.0,8.0
6836,4139,19,1,7.0,7.0
6837,4140,3,2,4.73,10.77
6838,4141,15,1,4.5,4.5
6839,4142,7,1,6.5,6.5
6840,4143,3,1,4.73,7.07
6841,4144,21,1,25.0,26.15
6842,4145,20,1,8.0,9.54
6843,4146,20,1,8.0,8.0
6844,4146,14,1,3.0,3.0
6845,4146,4,1,5.78,5.78
6846,4146,12,1,4.0,4.0
6847,4147,7,1,6.5,6.5
6848,4147,10,2,4.0,11.28
6849,4148,15,2,4.5,11.46
6850,4149,14,1,3.0,3.0
6851,4149,20,1,8.0,8.0
6852,4149,19,1,7.0,7.0
6853,4149,13,1,3.5,3.5
6854,4149,1,1,5.78,6.99
6855,4150,14,1,3.0,3.0
6856,4150,3,1,4.73,4.73
6857,4150,13,1,3.5,3.5
6858,4150,3,1,4.73,4.73
6859,4150,5,1,6.3,8.99
6860,4151,25,1,20.0,20.0
6861,4151,20,1,8.0,8.0
6862,4151,17,1,8.0,8.0
6863,4151,7,2,6.5,13.0
6864,4151,20,2,8.0,16.0
6865,4152,15,1,4.5,4.5
6866,4153,17,1,8.0,8.0
6867,4153,17,1,8.0,8.0
6868,4154,17,1,8.0,8.85
6869,4155,5,1,6.3,7.38
6870,4156,2,2,5.25,10.5
6871,4156,20,2,8.0,16.0
6872,4156,2,1,5.25,5.25
6873,4156,7,1,6.5,6.5
6874,4156,9,2,4.0,8.0
6875,4157,6,1,3.5,3.5
6876,4158,3,1,4.73,4.73
6877,4158,14,1,3.0,3.0
6878,4158,3,1,4.73,4.73
6879,4158,20,1,8.0,8.0
6880,4159,8,1,6.3,6.3
6881,4159,10,1,4.0,4.0
6882,4159,13,1,3.5,4.75
6883,4160,12,1,4.0,4.0
6884,4160,9,1,4.0,4.0
6885,4160,17,1,8.0,11.66
6886,4161,7,1,6.5,6.5
6887,4161,1,1,5.78,5.78
6888,4162,14,1,3.0,3.0
6889,4163,16,1,9.5,9.5
6890,4164,7,2,6.5,13.0
6891,4164,12,1,4.0,4.0
6892,4165,19,2,7.0,15.79
6893,4166,20,1,8.0,8.0
6894,4166,10,1,4.0,4.0
6895,4167,25,1,20.0,20.0
6896,4168,19,2,7.0,14.0
6897,4168,19,1,7.0,7.0
6898,4169,14,1,3.0,3.0
6899,4169,16,1,9.5,9.5
6900,4169,2,1,5.25,5.25
6901,4169,3,1,4.73,4.73
6902,4169,12,1,4.0,4.0
6903,4170,9,2,4.0,8.0
6904,4170,3,1,4.73,4.73
6905,4170,16,1,9.5,9.5
6906,4170,21,1,25.0,25.0
6907,4171,18,2,10.0,20.0
6908,4172,11,1,5.78,5.78
6909,4172,7,2,6.5,13.0
6910,4173,7,2,6.5,13.0
6911,4173,20,1,8.0,8.0
6912,4173,2,2,5.25,10.5
6913,4174,20,1,8.0,8.0
6914,4175,3,1,4.73,5.67
6915,4176,20,1,8.0,10.97
6916,4177,12,1,4.0,4.0
6917,4178,13,1,3.5,4.71
6918,4179,11,1,5.78,5.78
6919,4179,15,1,4.5,4.5
6920,4179,15,1,4.5,4.5
6921,4180,7,1,6.5,6.5
6922,4181,16,2,9.5,19.0
6923,4181,7,1,6.5,8.09
6924,4182,20,1,8.0,10.02
6925,4183,7,1,6.5,6.5
6926,4183,7,1,6.5,7.71
6927,4184,7,1,6.5,6.5
6928,4185,9,1,4.0,4.0
6929,4185,8,1,6.3,6.3
6930,4185,13,2,3.5,7.0
6931,4185,12,2,4.0,8.0
6932,4185,20,1,8.0,8.0
6933,4186,17,1,8.0,8.0
6934,4186,15,1,4.5,4.5
6935,4186,3,1,4.73,4.73
6936,4186,18,1,10.0,10.0
6937,4186,3,1,4.73,5.7
6938,4187,7,1,6.5,8.54
6939,4188,10,1,4.0,5.25
6940,4189,14,1,3.0,3.0
6941,4189,18,1,10.0,10.0
6942,4189,9,1,4.0,5.08
6943,4190,16,1,9.5,10.76
6944,4191,7,2,6.5,13.0
6945,4191,16,1,9.5,9.5
6946,4192,14,1,3.0,3.0
6947,4192,10,1,4.0,5.11
6948,4193,14,1,3.0,3.0
6949,4193,1,1,5.78,5.78
6950,4194,8,1,6.3,6.3
6951,4195,12,1,4.0,4.0
6952,4196,13,1,3.5,5.9
6953,4197,15,1,4.5,4.5
6954,4198,18,1,10.0,10.0
6955,4199,10,1,4.0,5.31
6956,4200,16,1,9.5,11.96
6957,4201,12,2,4.0,8.0
6958,4201,2,1,5.25,5.25
6959,4202,20,1,8.0,9.25
6960,4203,17,1,8.0,8.0
6961,4204,16,1,9.5,9.5
6962,4205,20,1,8.0,8.0
6963,4206,20,1,8.0,8.0
6964,4207,3,1,4.73,6.27
6965,4208,6,1,3.5,3.5
6966,4208,3,1,4.73,6.33
6967,4209,3,1,4.73,7.42
6968,4210,11,1,5.78,5.78
6969,4210,15,1,4.5,4.5
6970,4210,22,1,8.0,8.98
6971,4211,7,1,6.5,6.5
6972,4212,3,1,4.73,5.94
6973,4213,17,1,8.0,9.57
6974,4214,4,1,5.78,5.78
6975,4215,18,2,10.0,23.24
6976,4216,9,1,4.0,4.0
6977,4217,20,1,8.0,9.21
6978,4218,3,1,4.73,4.73
6979,4219,4,1,5.78,5.78
6980,4219,9,2,4.0,8.0
6981,4219,5,1,6.3,6.3
6982,4219,12,2,4.0,8.0
6983,4220,10,1,4.0,5.44
6984,4221,20,1,8.0,8.0
6985,4222,16,1,9.5,9.5
6986,4223,20,2,8.0,16.0
6987,4223,17,2,8.0,16.0
6988,4223,8,1,6.3,7.45
6989,4224,1,2,5.78,11.56
6990,4225,11,1,5.78,5.78
6991,4226,17,1,8.0,8.0
6992,4227,5,1,6.3,6.3
6993,4228,12,2,4.0,8.0
6994,4229,3,1,4.73,6.52
6995,4230,18,1,10.0,10.0
6996,4230,24,1,18.0,18.0
6997,4230,11,1,5.78,6.94
6998,4231,1,1,5.78,5.78
6999,4231,20,1,8.0,8.0
7000,4231,15,1,4.5,4.5
7001,4231,7,2,6.5,13.0
7002,4231,4,1,5.78,5.78
7003,4232,5,2,6.3,12.6
7004,4233,2,1,5.25,8.91
7005,4234,3,1,4.73,4.73
7006,4235,15,1,4.5,5.71
7007,4236,20,1,8.0,8.0
7008,4236,20,1,8.0,8.0
7009,4236,7,1,6.5,6.5
7010,4237,5,2,6.3,15.29
7011,4238,17,1,8.0,8.0
7012,4238,15,1,4.5,4.5
7013,4238,3,1,4.73,4.73
7014,4238,5,1,6.3,6.3
7015,4238,7,1,6.5,7.75
7016,4239,24,1,18.0,19.25
7017,4240,20,1,8.0,9.21
7018,4241,24,1,18.0,18.0
7019,4241,5,1,6.3,6.3
7020,4241,7,1,6.5,7.65
7021,4242,7,2,6.5,13.0
7022,4243,12,1,4.0,4.0
7023,4243,10,1,4.0,4.0
7024,4243,16,1,9.5,9.5
7025,4243,3,2,4.73,10.9
7026,4244,19,1,7.0,7.0
7027,4244,5,1,6.3,6.3
7028,4245,14,1,3.0,3.0
7029,4246,5,2,6.3,12.6
7030,4247,15,2,4.5,9.0
7031,4248,7,1,6.5,8.96
7032,4249,4,1,5.78,5.78
7033,4249,7,1,6.5,6.5
7034,4249,20,1,8.0,8.0
7035,4249,20,1,8.0,8.0
7036,4249,9,2,4.0,8.0
7037,4250,7,1,6.5,8.9
7038,4251,7,1,6.5,6.5
7039,4251,12,1,4.0,4.0
7040,4251,20,1,8.0,8.0
7041,4251,5,1,6.3,6.3
7042,4251,25,1,20.0,20.0
7043,4252,17,1,8.0,8.0
7044,4253,7,1,6.5,7.92
7045,4254,17,1,8.0,8.0
7046,4255,22,1,8.0,8.85
7047,4256,11,1,5.78,5.78
7048,4256,18,2,10.0,20.0
7049,4257,6,1,3.5,3.5
7050,4258,16,2,9.5,19.0
7051,4259,16,1,9.5,9.5
7052,4259,8,1,6.3,9.8
7053,4260,7,1,6.5,6.5
7054,4260,7,2,6.5,13.0
7055,4261,19,1,7.0,7.0
7056,4261,8,1,6.3,7.55
7057,4262,13,1,3.5,3.5
7058,4263,13,1,3.5,3.5
7059,4264,22,1,8.0,8.0
7060,4264,17,1,8.0,8.0
7061,4264,7,1,6.5,6.5
7062,4264,7,1,6.5,6.5
7063,4264,11,1,5.78,5.78
7064,4265,15,1,4.5,4.5
7065,4266,9,1,4.0,4.0
7066,4266,17,2,8.0,16.0
7067,4266,13,1,3.5,3.5
7068,4266,10,1,4.0,4.0
7069,4266,7,2,6.5,13.0
7070,4267,20,1,8.0,8.0
7071,4268,17,1,8.0,8.0
7072,4269,20,2,8.0,16.0
7073,4270,7,1,6.5,6.5
7074,4271,11,1,5.78,8.43
7075,4272,10,1,4.0,4.0
7076,4273,19,1,7.0,10.24
7077,4274,19,1,7.0,8.65
7078,4275,24,1,18.0,19.44
7079,4276,9,2,4.0,8.0
7080,4277,20,1,8.0,9.21
7081,4278,14,1,3.0,3.0
7082,4279,6,1,3.5,4.66
7083,4280,13,1,3.5,4.56
7084,4281,11,1,5.78,7.03
7085,4282,22,1,8.0,8.0
7086,4283,2,1,5.25,6.27
7087,4284,9,2,4.0,8.0
7088,4285,6,1,3.5,3.5
7089,4285,11,1,5.78,5.78
7090,4285,2,1,5.25,5.25
7091,4285,15,1,4.5,4.5
7092,4285,6,1,3.5,4.89
7093,4286,10,1,4.0,4.0
7094,4286,8,1,6.3,6.3
7095,4286,13,1,3.5,3.5
7096,4286,10,2,4.0,8.85
7097,4287,15,1,4.5,4.5
7098,4288,20,1,8.0,8.0
7099,4288,5,1,6.3,6.3
7100,4289,3,1,4.73,4.73
7101,4290,8,1,6.3,6.3
7102,4290,13,1,3.5,3.5
7103,4290,7,1,6.5,6.5
7104,4290,13,1,3.5,3.5
7105,4290,14,1,3.0,3.0
7106,4291,19,1,7.0,7.0
7107,4291,15,2,4.5,9.0
7108,4292,17,2,8.0,16.0
7109,4292,7,1,6.5,6.5
7110,4293,14,1,3.0,3.0
7111,4294,14,1,3.0,3.0
7112,4295,6,1,3.5,3.5
7113,4296,9,2,4.0,8.0
7114,4297,10,1,4.0,4.0
7115,4297,16,1,9.5,9.5
7116,4297,10,1,4.0,4.0
7117,4297,14,2,3.0,6.0
7118,4298,20,2,8.0,16.0
7119,4299,2,1,5.25,5.25
7120,4300,20,2,8.0,16.0
7121,4300,7,1,6.5,6.5
7122,4300,6,2,3.5,7.0
7123,4301,2,1,5.25,5.25
7124,4302,14,2,3.0,6.0
7125,4303,11,2,5.78,13.1
7126,4304,1,1,5.78,7.57
7127,4305,7,1,6.5,6.5
7128,4306,2,1,5.25,5.25
7129,4306,16,1,9.5,9.5
7130,4306,11,1,5.78,6.81
7131,4307,4,1,5.78,6.76
7132,4308,13,1,3.5,6.19
7133,4309,9,1,4.0,4.0
7134,4309,20,1,8.0,8.0
7135,4310,7,1,6.5,6.5
7136,4311,2,1,5.25,5.25
7137,4311,11,1,5.78,5.78
7138,4311,19,1,7.0,7.0
7139,4311,5,2,6.3,12.6
7140,4311,14,1,3.0,3.0
7141,4312,13,1,3.5,3.5
7142,4313,15,1,4.5,4.5
7143,4314,3,1,4.73,4.73
7144,4314,2,1,5.25,5.25
7145,4314,10,1,4.0,4.0
7146,4314,9,1,4.0,4.0
7147,4315,20,1,8.0,8.0
7148,4315,4,1,5.78,5.78
7149,4316,5,1,6.3,6.3
7150,4316,5,1,6.3,6.3
7151,4317,19,1,7.0,7.0
7152,4317,13,1,3.5,3.5
7153,4318,14,1,3.0,3.0
7154,4319,12,1,4.0,4.0
7155,4320,14,1,3.0,3.0
7156,4320,17,1,8.0,8.0
7157,4320,19,1,7.0,7.97
7158,4321,8,1,6.3,7.74
7159,4322,24,1,18.0,18.0
7160,4322,2,1,5.25,5.25
7161,4322,23,1,15.0,15.0
7162,4322,16,1,9.5,10.71
7163,4323,15,1,4.5,4.5
7164,4324,9,1,4.0,4.0
7165,4325,8,1,6.3,7.45
7166,4326,4,1,5.78,5.78
7167,4326,6,1,3.5,3.5
7168,4326,2,1,5.25,7.71
7169,4327,10,1,4.0,4.0
7170,4327,12,1,4.0,4.0
7171,4327,8,1,6.3,6.3
7172,4327,2,1,5.25,6.22
7173,4328,16,1,9.5,9.5
7174,4329,2,1,5.25,5.25
7175,4329,12,1,4.0,4.0
7176,4330,14,1,3.0,3.0
7177,4331,10,1,4.0,4.0
7178,4332,14,1,3.0,3.0
7179,4332,1,1,5.78,5.78
7180,4332,15,1,4.5,4.5
7181,4332,9,2,4.0,8.98
7182,4333,2,1,5.25,5.25
7183,4333,15,1,4.5,4.5
7184,4333,17,1,8.0,8.0
7185,4334,1,1,5.78,9.06
7186,4335,25,1,20.0,20.0
7187,4335,5,1,6.3,6.3
7188,4335,19,1,7.0,7.0
7189,4335,8,1,6.3,7.87
7190,4336,13,1,3.5,5.33
7191,4337,9,1,4.0,4.0
7192,4338,11,1,5.78,5.78
7193,4339,5,1,6.3,6.3
7194,4340,15,1,4.5,4.5
7195,4340,9,1,4.0,4.0
7196,4340,6,1,3.5,3.5
7197,4340,13,1,3.5,3.5
7198,4340,17,1,8.0,9.21
7199,4341,17,1,8.0,8.0
7200,4341,7,1,6.5,6.5
7201,4342,16,1,9.5,9.5
7202,4342,13,1,3.5,3.5
7203,4343,7,1,6.5,6.5
7204,4344,4,1,5.78,5.78
7205,4345,18,1,10.0,10.0
7206,4345,11,1,5.78,5.78
7207,4345,7,2,6.5,13.0
7208,4346,14,1,3.0,3.0
7209,4347,7,2,6.5,13.0
7210,4348,16,1,9.5,11.29
7211,4349,2,1,5.25,7.71
7212,4350,8,1,6.3,6.3
7213,4350,11,2,5.78,11.56
7214,4350,12,2,4.0,8.0
7215,4350,11,1,5.78,5.78
7216,4350,12,1,4.0,4.0
7217,4351,19,1,7.0,9.69
7218,4352,3,1,4.73,4.73
7219,4353,19,1,7.0,7.0
7220,4353,17,1,8.0,8.0
7221,4353,6,1,3.5,3.5
7222,4353,7,1,6.5,6.5
7223,4353,3,2,4.73,10.67
7224,4354,3,1,4.73,4.73
7225,4355,10,1,4.0,4.0
7226,4355,16,1,9.5,9.5
7227,4356,10,1,4.0,4.0
7228,4356,18,1,10.0,10.0
7229,4356,2,1,5.25,5.25
7230,4356,14,1,3.0,3.0
7231,4356,5,2,6.3,14.19
7232,4357,21,1,25.0,25.0
7233,4357,18,1,10.0,10.0
7234,4357,10,1,4.0,4.0
7235,4358,15,1,4.5,4.5
7236,4359,5,2,6.3,12.6
7237,4360,7,1,6.5,7.71
7238,4361,16,1,9.5,9.5
7239,4362,4,1,5.78,5.78
7240,4363,5,1,6.3,6.3
7241,4363,2,1,5.25,6.69
7242,4364,8,1,6.3,6.3
7243,4364,16,1,9.5,11.15
7244,4365,12,1,4.0,4.0
7245,4366,13,1,3.5,5.96
7246,4367,3,1,4.73,4.73
7247,4368,19,1,7.0,8.03
7248,4369,3,1,4.73,6.27
7249,4370,2,1,5.25,5.25
7250,4370,16,2,9.5,20.25
7251,4371,11,1,5.78,5.78
7252,4371,17,1,8.0,8.0
7253,4371,23,1,15.0,15.0
7254,4371,11,1,5.78,5.78
7255,4371,9,1,4.0,4.0
7256,4372,11,1,5.78,5.78
7257,4372,16,1,9.5,9.5
7258,4373,14,1,3.0,3.0
7259,4373,19,1,7.0,7.0
7260,4374,16,1,9.5,9.5
7261,4375,5,1,6.3,6.3
7262,4376,21,1,25.0,25.0
7263,4377,9,2,4.0,9.06
7264,4378,11,2,5.78,13.9
7265,4379,15,1,4.5,4.5
7266,4380,21,1,25.0,28.5
7267,4381,10,2,4.0,8.0
7268,4381,12,1,4.0,4.0
7269,4381,25,1,20.0,20.0
7270,4381,16,1,9.5,9.5
7271,4381,8,1,6.3,7.46
7272,4382,8,1,6.3,6.3
7273,4383,11,1,5.78,5.78
7274,4383,8,1,6.3,6.3
7275,4383,8,1,6.3,6.3
7276,4383,10,1,4.0,5.03
7277,4384,17,1,8.0,8.0
7278,4384,9,1,4.0,4.0
7279,4384,2,1,5.25,5.25
7280,4384,15,1,4.5,4.5
7281,4384,7,1,6.5,8.37
7282,4385,17,1,8.0,8.0
7283,4386,14,1,3.0,3.0
7284,4387,2,1,5.25,5.25
7285,4388,19,1,7.0,7.0
7286,4388,7,1,6.5,6.5
7287,4388,18,2,10.0,20.0
7288,4388,15,2,4.5,9.0
7289,4388,17,1,8.0,10.46
7290,4389,15,1,4.5,4.5
7291,4389,19,1,7.0,7.0
7292,4390,8,2,6.3,12.6
7293,4391,15,1,4.5,4.5
7294,4392,17,1,8.0,10.4
7295,4393,25,1,20.0,20.0
7296,4394,16,1,9.5,9.5
7297,4395,18,1,10.0,11.57
7298,4396,5,2,6.3,12.6
7299,4397,3,1,4.73,4.73
7300,4397,5,1,6.3,6.3
7301,4397,3,1,4.73,4.73
7302,4397,21,1,25.0,26.25
7303,4398,16,1,9.5,9.5
7304,4398,3,1,4.73,4.73
7305,4398,2,1,5.25,5.25
7306,4398,7,1,6.5,6.5
7307,4399,5,1,6.3,6.3
7308,4399,12,2,4.0,8.0
7309,4400,17,1,8.0,8.0
7310,4400,14,1,3.0,3.0
7311,4400,2,1,5.25,5.25
7312,4400,3,1,4.73,4.73
7313,4400,1,1,5.78,5.78
7314,4401,15,1,4.5,4.5
7315,4401,17,2,8.0,16.0
7316,4401,4,1,5.78,5.78
7317,4402,18,1,10.0,10.0
7318,4402,15,1,4.5,4.5
7319,4402,3,1,4.73,4.73
7320,4403,6,1,3.5,3.5
7321,4403,16,1,9.5,9.5
7322,4404,1,2,5.78,11.56
7323,4405,13,1,3.5,3.5
7324,4405,15,1,4.5,4.5
7325,4405,8,1,6.3,6.3
7326,4405,5,1,6.3,6.3
7327,4405,20,1,8.0,8.0
7328,4406,19,2,7.0,14.0
7329,4406,16,2,9.5,19.0
7330,4406,2,1,5.25,5.25
7331,4407,7,1,6.5,8.07
7332,4408,21,1,25.0,25.0
7333,4409,5,1,6.3,6.3
7334,4410,18,1,10.0,10.0
7335,4410,5,1,6.3,8.64
7336,4411,13,1,3.5,3.5
7337,4412,1,1,5.78,5.78
7338,4412,15,1,4.5,4.5
7339,4413,13,2,3.5,7.0
7340,4414,8,1,6.3,6.3
7341,4415,15,1,4.5,6.29
7342,4416,15,1,4.5,4.5
7343,4416,15,1,4.5,4.5
7344,4417,17,1,8.0,8.0
7345,4418,20,1,8.0,8.0
7346,4418,14,1,3.0,3.0
7347,4418,7,1,6.5,6.5
7348,4418,19,1,7.0,7.0
7349,4419,13,1,3.5,3.5
7350,4419,9,1,4.0,4.0
7351,4419,10,1,4.0,4.0
7352,4419,18,1,10.0,10.0
7353,4419,17,1,8.0,8.98
7354,4420,18,1,10.0,10.0
7355,4421,14,1,3.0,3.0
7356,4421,7,1,6.5,6.5
7357,4422,2,1,5.25,5.25
7358,4423,14,1,3.0,4.42
7359,4424,3,1,4.73,4.73
7360,4424,9,1,4.0,4.0
7361,4425,6,1,3.5,3.5
7362,4426,11,1,5.78,5.78
7363,4426,14,1,3.0,3.0
7364,4427,24,1,18.0,20.95
7365,4428,15,1,4.5,7.19
7366,4429,14,1,3.0,3.0
7367,4430,4,1,5.78,5.78
7368,4431,1,2,5.78,11.56
7369,4432,19,1,7.0,7.0
7370,4433,10,1,4.0,5.21
7371,4434,19,1,7.0,7.0
7372,4435,15,1,4.5,4.5
7373,4436,16,2,9.5,19.0
7374,4437,18,1,10.0,11.41
7375,4438,9,1,4.0,4.0
7376,4439,7,1,6.5,6.5
7377,4440,6,1,3.5,3.5
7378,4441,18,1,10.0,10.0
7379,4442,9,1,4.0,4.0
7380,4442,16,1,9.5,9.5
7381,4443,21,1,25.0,25.0
7382,4444,3,1,4.73,6.52
7383,4445,5,1,6.3,7.61
7384,4446,8,1,6.3,6.3
7385,4447,15,2,4.5,9.0
7386,4448,1,1,5.78,5.78
7387,4448,7,1,6.5,6.5
7388,4449,13,1,3.5,3.5
7389,4449,24,1,18.0,18.0
7390,4449,3,1,4.73,5.98
7391,4450,16,1,9.5,9.5
7392,4451,1,2,5.78,11.56
7393,4452,19,1,7.0,7.0
7394,4452,15,1,4.5,4.5
7395,4452,2,2,5.25,11.61
7396,4453,8,1,6.3,6.3
7397,4454,6,1,3.5,3.5
7398,4454,11,2,5.78,11.56
7399,4454,3,1,4.73,4.73
7400,4454,2,1,5.25,5.25
7401,4455,5,1,6.3,6.3
7402,4455,5,1,6.3,6.3
7403,4455,13,1,3.5,3.5
7404,4456,1,1,5.78,5.78
7405,4456,18,1,10.0,10.0
7406,4456,19,1,7.0,7.0
7407,4456,19,1,7.0,7.0
7408,4457,19,1,7.0,7.0
7409,4458,16,1,9.5,9.5
7410,4459,4,1,5.78,8.12
7411,4460,22,1,8.0,9.23
7412,4461,14,1,3.0,3.0
7413,4461,10,1,4.0,4.0
7414,4461,6,1,3.5,3.5
7415,4461,3,1,4.73,5.94
7416,4462,18,1,10.0,10.0
7417,4463,9,1,4.0,4.0
7418,4464,13,1,3.5,3.5
7419,4465,5,1,6.3,6.3
7420,4465,3,1,4.73,4.73
7421,4465,12,1,4.0,4.0
7422,4465,13,1,3.5,3.5
7423,4465,10,1,4.0,4.0
7424,4466,12,1,4.0,4.0
7425,4467,6,2,3.5,7.0
7426,4468,15,1,4.5,4.5
7427,4468,1,2,5.78,11.56
7428,4468,18,1,10.0,10.0
7429,4469,3,1,4.73,7.38
7430,4470,11,1,5.78,5.78
7431,4470,7,1,6.5,6.5
7432,4471,6,1,3.5,3.5
7433,4471,17,1,8.0,8.0
7434,4471,15,1,4.5,4.5
7435,4472,12,1,4.0,4.0
7436,4473,16,1,9.5,9.5
7437,4473,19,1,7.0,7.0
7438,4474,13,1,3.5,4.48
7439,4475,15,1,4.5,4.5
7440,4476,15,2,4.5,9.0
7441,4476,4,1,5.78,5.78
7442,4476,16,1,9.5,9.5
7443,4476,13,1,3.5,4.71
7444,4477,15,1,4.5,4.5
7445,4478,5,1,6.3,7.55
7446,4479,23,1,15.0,15.0
7447,4479,2,1,5.25,5.25
7448,4479,8,1,6.3,6.3
7449,4480,5,1,6.3,9.96
7450,4481,15,1,4.5,4.5
7451,4482,8,2,6.3,13.45
7452,4483,15,2,4.5,9.0
7453,4483,25,1,20.0,20.0
7454,4483,10,1,4.0,4.0
7455,4483,1,1,5.78,5.78
7456,4483,1,1,5.78,6.84
7457,4484,16,1,9.5,10.75
7458,4485,7,1,6.5,6.5
7459,4486,6,1,3.5,6.74
7460,4487,10,1,4.0,5.54
7461,4488,15,1,4.5,5.94
7462,4489,17,1,8.0,11.24
7463,4490,1,1,5.78,5.78
7464,4490,18,1,10.0,10.0
7465,4490,3,1,4.73,5.7
7466,4491,9,1,4.0,4.97
7467,4492,15,2,4.5,9.97
7468,4493,18,1,10.0,11.21
7469,4494,15,1,4.5,4.5
7470,4494,18,2,10.0,20.0
7471,4494,19,1,7.0,7.97
7472,4495,18,1,10.0,10.0
7473,4495,17,1,8.0,8.0
7474,4495,1,2,5.78,11.56
7475,4495,13,2,3.5,7.0
7476,4495,11,2,5.78,11.56
7477,4496,8,1,6.3,6.3
7478,4496,8,1,6.3,6.3
7479,4496,2,1,5.25,5.25
7480,4496,12,1,4.0,4.0
7481,4496,7,1,6.5,8.9
7482,4497,3,1,4.73,6.21
7483,4498,13,1,3.5,3.5
7484,4499,7,2,6.5,14.21
7485,4500,3,1,4.73,4.73
7486,4500,18,1,10.0,10.0
7487,4500,4,1,5.78,5.78
7488,4500,8,1,6.3,6.3
7489,4501,20,1,8.0,9.23
7490,4502,12,1,4.0,4.0
7491,4502,1,1,5.78,5.78
7492,4502,18,1,10.0,10.0
7493,4503,16,1,9.5,9.5
7494,4503,3,1,4.73,4.73
7495,4504,7,1,6.5,6.5
7496,4505,24,1,18.0,18.0
7497,4506,7,1,6.5,6.5
7498,4506,15,1,4.5,4.5
7499,4506,19,1,7.0,9.34
7500,4507,6,2,3.5,7.0
7501,4507,8,1,6.3,7.41
7502,4508,6,1,3.5,3.5
7503,4509,13,1,3.5,3.5
7504,4510,2,1,5.25,5.25
7505,4510,20,1,8.0,8.0
7506,4510,2,1,5.25,5.25
7507,4510,7,1,6.5,6.5
7508,4510,11,1,5.78,5.78
7509,4511,16,1,9.5,9.5
7510,4511,7,2,6.5,13.0
7511,4511,15,2,4.5,9.0
7512,4511,9,1,4.0,5.25
7513,4512,10,1,4.0,4.0
7514,4512,16,1,9.5,9.5
7515,4512,21,1,25.0,25.0
7516,4513,17,1,8.0,8.0
7517,4513,15,1,4.5,5.56
7518,4514,8,1,6.3,6.3
7519,4515,5,1,6.3,6.3
7520,4516,15,1,4.5,5.56
7521,4517,6,1,3.5,3.5
7522,4517,2,1,5.25,5.25
7523,4517,7,1,6.5,6.5
7524,4517,6,1,3.5,3.5
7525,4517,4,1,5.78,5.78
7526,4518,18,1,10.0,10.0
7527,4518,15,2,4.5,9.0
7528,4519,3,2,4.73,9.46
7529,4520,1,1,5.78,7.22
7530,4521,9,1,4.0,4.0
7531,4521,8,1,6.3,6.3
7532,4521,5,1,6.3,6.3
7533,4522,18,1,10.0,10.0
7534,4523,10,1,4.0,4.0
7535,4524,15,2,4.5,9.0
7536,4524,7,1,6.5,6.5
7537,4525,6,1,3.5,3.5
7538,4525,17,1,8.0,8.0
7539,4525,7,1,6.5,6.5
7540,4525,7,1,6.5,6.5
7541,4525,6,1,3.5,5.07
7542,4526,17,1,8.0,8.0
7543,4527,7,1,6.5,6.5
7544,4528,20,1,8.0,8.0
7545,4528,3,2,4.73,10.52
7546,4529,7,1,6.5,9.19
7547,4530,16,1,9.5,11.96
7548,4531,12,2,4.0,8.0
7549,4532,2,1,5.25,5.25
7550,4533,4,2,5.78,11.56
7551,4534,11,1,5.78,5.78
7552,4535,11,2,5.78,11.56
7553,4536,11,2,5.78,11.56
7554,4537,1,1,5.78,5.78
7555,4537,12,1,4.0,4.0
7556,4537,15,1,4.5,4.5
7557,4537,19,1,7.0,7.0
7558,4538,15,1,4.5,5.56
7559,4539,16,2,9.5,19.0
7560,4539,15,1,4.5,4.5
7561,4540,15,1,4.5,4.5
7562,4541,2,1,5.25,5.25
7563,4541,17,1,8.0,8.0
7564,4541,9,1,4.0,4.0
7565,4542,19,1,7.0,7.0
7566,4543,2,1,5.25,5.25
7567,4543,3,1,4.73,5.5
7568,4544,2,1,5.25,5.25
7569,4545,12,2,4.0,8.0
7570,4546,7,1,6.5,6.5
7571,4547,10,1,4.0,5.03
7572,4548,20,1,8.0,8.0
7573,4549,14,1,3.0,3.0
7574,4549,15,1,4.5,4.5
7575,4549,5,2,6.3,12.6
7576,4549,1,1,5.78,5.78
7577,4549,10,1,4.0,4.0
7578,4550,2,2,5.25,11.71
7579,4551,5,1,6.3,6.3
7580,4551,16,1,9.5,9.5
7581,4552,14,2,3.0,6.0
7582,4553,17,1,8.0,8.0
7583,4553,2,2,5.25,12.9
7584,4554,10,1,4.0,4.0
7585,4554,2,1,5.25,5.25
7586,4554,4,2,5.78,11.56
7587,4554,6,1,3.5,3.5
7588,4555,6,1,3.5,3.5
7589,4555,7,1,6.5,6.5
7590,4556,16,1,9.5,9.5
7591,4557,15,2,4.5,9.0
7592,4558,12,1,4.0,5.44
7593,4559,15,2,4.5,9.0
7594,4560,17,1,8.0,8.0
7595,4561,12,1,4.0,4.0
7596,4561,4,1,5.78,5.78
7597,4561,1,2,5.78,11.56
7598,4561,14,1,3.0,3.0
7599,4561,15,1,4.5,4.5
7600,4562,10,2,4.0,8.0
7601,4563,19,1,7.0,10.12
7602,4564,20,1,8.0,8.0
7603,4564,5,1,6.3,7.51
7604,4565,11,1,5.78,5.78
7605,4565,15,1,4.5,4.5
7606,4565,16,1,9.5,9.5
7607,4566,7,1,6.5,6.5
7608,4567,8,1,6.3,7.12
7609,4568,5,1,6.3,6.3
7610,4569,15,1,4.5,4.5
7611,4570,15,1,4.5,5.47
7612,4571,9,1,4.0,4.97
7613,4572,4,1,5.78,5.78
7614,4573,9,1,4.0,4.0
7615,4573,17,2,8.0,16.0
7616,4574,11,1,5.78,9.44
7617,4575,25,1,20.0,20.0
7618,4576,3,1,4.73,4.73
7619,4577,15,1,4.5,6.84
7620,4578,1,1,5.78,5.78
7621,4578,18,1,10.0,10.0
7622,4578,5,1,6.3,6.3
7623,4579,5,2,6.3,12.6
7624,4580,11,1,5.78,5.78
7625,4580,10,1,4.0,4.0
7626,4580,8,2,6.3,13.54
7627,4581,16,1,9.5,9.5
7628,4581,12,1,4.0,4.0
7629,4582,4,2,5.78,11.56
7630,4583,15,1,4.5,4.5
7631,4584,15,1,4.5,4.5
7632,4585,14,1,3.0,3.0
7633,4585,13,1,3.5,3.5
7634,4585,12,1,4.0,6.95
7635,4586,13,1,3.5,3.5
7636,4586,14,1,3.0,3.0
7637,4587,21,1,25.0,25.0
7638,4588,12,1,4.0,4.0
7639,4589,19,1,7.0,7.0
7640,4590,18,1,10.0,10.0
7641,4590,12,1,4.0,4.0
7642,4590,17,1,8.0,8.0
7643,4590,8,1,6.3,6.3
7644,4590,13,1,3.5,3.5
7645,4591,19,1,7.0,7.0
7646,4592,16,1,9.5,9.5
7647,4593,6,1,3.5,4.65
7648,4594,1,1,5.78,5.78
7649,4594,17,1,8.0,8.0
7650,4594,9,1,4.0,4.0
7651,4594,12,1,4.0,4.98
7652,4595,15,2,4.5,9.0
7653,4595,1,1,5.78,5.78
7654,4596,12,1,4.0,4.0
7655,4597,19,1,7.0,7.0
7656,4598,20,1,8.0,8.0
7657,4599,6,1,3.5,3.5
7658,4599,1,1,5.78,9.68
7659,4600,13,1,3.5,3.5
7660,4600,11,1,5.78,5.78
7661,4600,13,2,3.5,7.0
7662,4601,10,1,4.0,4.0
7663,4602,10,1,4.0,6.46
7664,4603,16,1,9.5,9.5
7665,4603,2,1,5.25,5.25
7666,4603,14,1,3.0,3.0
7667,4603,3,1,4.73,4.73
7668,4603,8,1,6.3,6.3
7669,4604,17,1,8.0,9.03
7670,4605,14,1,3.0,3.0
7671,4605,15,1,4.5,4.5
7672,4606,9,1,4.0,5.41
7673,4607,16,1,9.5,9.5
7674,4607,3,1,4.73,6.38
7675,4608,8,1,6.3,6.3
7676,4608,16,1,9.5,9.5
7677,4608,10,1,4.0,4.0
7678,4608,6,1,3.5,3.5
7679,4609,3,1,4.73,4.73
7680,4610,5,1,6.3,7.51
7681,4611,5,1,6.3,6.3
7682,4612,1,1,5.78,5.78
7683,4612,2,1,5.25,5.25
7684,4612,7,2,6.5,13.0
7685,4613,14,1,3.0,4.03
7686,4614,19,1,7.0,7.0
7687,4614,7,1,6.5,6.5
7688,4614,9,1,4.0,4.0
7689,4614,10,2,4.0,8.0
7690,4615,12,1,4.0,4.0
7691,4616,15,1,4.5,4.5
7692,4617,4,1,5.78,5.78
7693,4618,10,1,4.0,4.0
7694,4618,16,1,9.5,9.5
7695,4618,16,1,9.5,11.18
7696,4619,14,2,3.0,7.31
7697,4620,12,1,4.0,4.0
7698,4621,14,1,3.0,5.95
7699,4622,16,1,9.5,10.52
7700,4623,19,1,7.0,7.0
7701,4623,15,1,4.5,4.5
7702,4623,8,1,6.3,6.3
7703,4623,1,1,5.78,5.78
7704,4623,8,1,6.3,7.89
7705,4624,18,1,10.0,10.0
7706,4625,6,1,3.5,3.5
7707,4626,8,1,6.3,7.15
7708,4627,8,1,6.3,6.3
7709,4628,11,1,5.78,5.78
7710,4629,2,1,5.25,5.25
7711,4629,10,1,4.0,5.21
7712,4630,5,1,6.3,9.8
7713,4631,3,1,4.73,4.73
7714,4631,18,2,10.0,20.0
7715,4632,13,1,3.5,3.5
7716,4633,6,1,3.5,3.5
7717,4633,10,1,4.0,4.0
7718,4633,20,1,8.0,8.0
7719,4634,2,1,5.25,5.25
7720,4634,5,1,6.3,6.3
7721,4634,15,1,4.5,4.5
7722,4634,9,1,4.0,6.4
7723,4635,16,1,9.5,9.5
7724,4636,7,1,6.5,6.5
7725,4637,5,2,6.3,12.6
7726,4638,13,1,3.5,3.5
7727,4638,6,1,3.5,7.16
7728,4639,2,2,5.25,10.5
7729,4639,25,1,20.0,20.0
7730,4639,8,1,6.3,6.3
7731,4639,5,1,6.3,6.3
7732,4639,16,1,9.5,9.5
7733,4640,24,1,18.0,19.57
7734,4641,3,1,4.73,4.73
7735,4641,14,1,3.0,3.0
7736,4642,19,1,7.0,7.0
7737,4642,10,1,4.0,4.0
7738,4642,2,1,5.25,6.46
7739,4643,2,1,5.25,5.25
7740,4643,1,1,5.78,5.78
7741,4643,17,1,8.0,8.0
7742,4643,1,1,5.78,5.78
7743,4644,7,1,6.5,6.5
7744,4645,10,2,4.0,8.97
7745,4646,12,1,4.0,4.0
7746,4647,9,1,4.0,5.79
7747,4648,6,2,3.5,7.0
7748,4649,1,1,5.78,5.78
7749,4650,18,1,10.0,11.48
7750,4651,14,1,3.0,4.6
7751,4652,6,1,3.5,3.5
7752,4653,5,2,6.3,13.63
7753,4654,8,1,6.3,6.3
7754,4654,3,1,4.73,4.73
7755,4654,3,2,4.73,9.46
7756,4654,6,1,3.5,3.5
7757,4655,15,1,4.5,7.74
7758,4656,2,1,5.25,6.82
7759,4657,7,1,6.5,8.09
7760,4658,6,1,3.5,4.27
7761,4659,2,1,5.25,6.84
7762,4660,18,1,10.0,10.0
7763,4661,1,1,5.78,5.78
7764,4661,12,1,4.0,4.0
7765,4661,17,2,8.0,16.82
7766,4662,18,1,10.0,10.0
7767,4663,17,1,8.0,10.27
7768,4664,15,1,4.5,5.71
7769,4665,10,1,4.0,4.0
7770,4665,9,1,4.0,4.0
7771,4665,25,1,20.0,20.0
7772,4666,16,1,9.5,9.5
7773,4667,18,1,10.0,11.06
7774,4668,1,1,5.78,5.78
7775,4668,8,1,6.3,6.3
7776,4669,13,1,3.5,3.5
7777,4669,3,1,4.73,5.71
7778,4670,13,1,3.5,3.5
7779,4671,18,1,10.0,10.0
7780,4672,15,1,4.5,4.5
7781,4673,2,2,5.25,10.5
7782,4674,16,1,9.5,9.5
7783,4675,18,1,10.0,10.0
7784,4675,14,1,3.0,3.0
7785,4675,4,1,5.78,5.78
7786,4675,13,1,3.5,3.5
7787,4675,8,2,6.3,14.08
7788,4676,18,1,10.0,10.0
7789,4677,12,1,4.0,4.0
7790,4677,8,1,6.3,6.3
7791,4677,6,2,3.5,7.0
7792,4677,9,1,4.0,4.0
7793,4677,9,1,4.0,4.97
7794,4678,19,1,7.0,7.76
7795,4679,7,1,6.5,6.5
7796,4680,1,1,5.78,6.99
7797,4681,6,1,3.5,3.5
7798,4681,15,1,4.5,5.71
7799,4682,11,1,5.78,5.78
7800,4683,17,1,8.0,9.25
7801,4684,7,2,6.5,14.57
7802,4685,17,2,8.0,16.0
7803,4685,8,1,6.3,6.3
7804,4685,17,1,8.0,8.0
7805,4686,11,1,5.78,5.78
7806,4687,13,1,3.5,3.5
7807,4687,9,1,4.0,4.0
7808,4687,18,1,10.0,10.0
7809,4687,3,1,4.73,8.39
7810,4688,11,2,5.78,11.56
7811,4689,10,1,4.0,4.0
7812,4689,19,1,7.0,9.95
7813,4690,3,1,4.73,4.73
7814,4691,10,1,4.0,5.44
7815,4692,18,1,10.0,10.0
7816,4692,18,1,10.0,10.0
7817,4692,15,1,4.5,4.5
7818,4692,18,1,10.0,10.0
7819,4693,18,1,10.0,10.0
7820,4694,7,1,6.5,6.5
7821,4695,19,1,7.0,8.6
7822,4696,14,1,3.0,3.0
7823,4697,9,1,4.0,5.11
7824,4698,22,1,8.0,8.84
7825,4699,13,1,3.5,3.5
7826,4700,16,1,9.5,10.61
7827,4701,7,1,6.5,6.5
7828,4702,7,1,6.5,6.5
7829,4702,4,1,5.78,5.78
7830,4702,13,1,3.5,3.5
7831,4703,23,1,15.0,15.0
7832,4703,15,1,4.5,5.61
7833,4704,13,1,3.5,5.09
7834,4705,7,1,6.5,7.75
7835,4706,3,1,4.73,4.73
7836,4706,14,1,3.0,5.34
7837,4707,9,1,4.0,6.46
7838,4708,8,2,6.3,12.6
7839,4709,1,1,5.78,7.32
7840,4710,10,1,4.0,4.0
7841,4711,2,1,5.25,5.25
7842,4711,7,1,6.5,6.5
7843,4711,5,1,6.3,6.3
7844,4711,23,1,15.0,15.0
7845,4712,19,1,7.0,7.0
7846,4713,1,1,5.78,5.78
7847,4714,19,1,7.0,7.0
7848,4715,1,1,5.78,5.78
7849,4716,11,1,5.78,5.78
7850,4716,11,2,5.78,14.25
7851,4717,2,1,5.25,5.25
7852,4718,7,1,6.5,6.5
7853,4718,14,1,3.0,3.0
7854,4718,15,1,4.5,4.5
7855,4718,1,1,5.78,5.78
7856,4718,13,1,3.5,3.5
7857,4719,3,1,4.73,4.73
7858,4720,11,1,5.78,5.78
7859,4721,5,2,6.3,12.6
7860,4721,6,1,3.5,3.5
7861,4721,3,1,4.73,4.73
7862,4721,13,1,3.5,3.5
7863,4721,12,1,4.0,4.0
7864,4722,10,1,4.0,4.0
7865,4722,12,1,4.0,4.0
7866,4722,15,1,4.5,4.5
7867,4722,18,1,10.0,10.0
7868,4723,8,2,6.3,12.6
7869,4723,8,1,6.3,6.3
7870,4724,2,1,5.25,7.9
7871,4725,9,1,4.0,5.44
7872,4726,7,1,6.5,7.56
7873,4727,3,1,4.73,4.73
7874,4728,9,2,4.0,8.0
7875,4728,18,1,10.0,10.0
7876,4729,3,2,4.73,9.46
7877,4729,5,1,6.3,6.3
7878,4729,15,1,4.5,4.5
7879,4729,18,1,10.0,10.0
7880,4729,13,1,3.5,3.5
7881,4730,22,1,8.0,8.0
7882,4731,15,1,4.5,5.53
7883,4732,12,1,4.0,4.0
7884,4733,1,1,5.78,5.78
7885,4734,9,1,4.0,4.0
7886,4734,16,1,9.5,9.5
7887,4734,7,1,6.5,7.94
7888,4735,6,1,3.5,5.37
7889,4736,3,1,4.73,5.98
7890,4737,8,1,6.3,6.3
7891,4738,9,1,4.0,4.0
7892,4738,10,1,4.0,4.0
7893,4739,1,1,5.78,8.24
7894,4740,7,2,6.5,15.95
7895,4741,10,1,4.0,5.25
7896,4742,7,1,6.5,6.5
7897,4743,13,1,3.5,3.5
7898,4744,7,1,6.5,7.98
7899,4745,3,1,4.73,4.73
7900,4746,8,2,6.3,13.63
7901,4747,16,1,9.5,9.5
7902,4748,18,1,10.0,11.31
7903,4749,18,1,10.0,10.0
7904,4749,19,2,7.0,15.03
7905,4750,3,2,4.73,9.46
7906,4751,15,1,4.5,5.26
7907,4752,11,2,5.78,12.53
7908,4753,7,1,6.5,6.5
7909,4753,6,1,3.5,6.45
7910,4754,15,1,4.5,4.5
7911,4754,12,1,4.0,4.0
7912,4754,1,2,5.78,11.56
7913,4755,12,1,4.0,5.87
7914,4756,4,1,5.78,5.78
7915,4757,13,1,3.5,3.5
7916,4758,8,1,6.3,9.8
7917,4759,3,1,4.73,4.73
7918,4760,9,1,4.0,4.0
7919,4760,5,1,6.3,6.3
7920,4761,8,1,6.3,7.45
7921,4762,2,1,5.25,5.25
7922,4762,14,2,3.0,6.0
7923,4762,4,1,5.78,5.78
7924,4762,11,1,5.78,5.78
7925,4763,18,1,10.0,10.0
7926,4764,15,1,4.5,4.5
7927,4764,5,1,6.3,6.3
7928,4765,16,1,9.5,9.5
7929,4766,16,1,9.5,9.5
7930,4766,3,1,4.73,4.73
7931,4766,9,1,4.0,4.0
7932,4766,25,1,20.0,20.0
7933,4767,14,1,3.0,4.16
7934,4768,18,1,10.0,10.0
7935,4769,1,2,5.78,12.32
7936,4770,5,1,6.3,7.72
7937,4771,11,1,5.78,5.78
7938,4771,7,1,6.5,6.5
7939,4772,6,1,3.5,3.5
7940,4772,25,1,20.0,20.0
7941,4773,7,1,6.5,6.5
7942,4773,1,1,5.78,5.78
7943,4773,11,1,5.78,5.78
7944,4773,2,1,5.25,5.25
7945,4773,19,1,7.0,9.97
7946,4774,7,1,6.5,6.5
7947,4774,6,1,3.5,3.5
7948,4774,9,1,4.0,4.0
7949,4774,13,1,3.5,4.81
7950,4775,3,1,4.73,4.73
7951,4776,13,1,3.5,4.98
7952,4777,7,1,6.5,6.5
7953,4778,8,1,6.3,9.54
7954,4779,12,1,4.0,4.0
7955,4779,15,1,4.5,4.5
7956,4780,15,1,4.5,5.75
7957,4781,5,1,6.3,6.3
7958,4782,10,1,4.0,4.0
7959,4783,6,1,3.5,3.5
7960,4783,7,1,6.5,6.5
7961,4783,2,1,5.25,5.25
7962,4783,9,1,4.0,7.5
7963,4784,7,1,6.5,6.5
7964,4784,3,1,4.73,4.73
7965,4784,15,1,4.5,8.16
7966,4785,8,1,6.3,6.3
7967,4786,2,1,5.25,5.25
7968,4786,11,1,5.78,5.78
7969,4786,19,1,7.0,7.0
7970,4786,13,1,3.5,3.5
7971,4786,3,1,4.73,4.73
7972,4787,9,1,4.0,4.0
7973,4788,13,1,3.5,5.37
7974,4789,14,1,3.0,3.0
7975,4789,9,1,4.0,4.0
7976,4789,13,1,3.5,3.5
7977,4790,2,1,5.25,5.25
7978,4791,1,1,5.78,5.78
7979,4791,15,1,4.5,4.5
7980,4791,1,1,5.78,5.78
7981,4792,2,1,5.25,5.25
7982,4793,15,1,4.5,4.5
7983,4794,1,1,5.78,5.78
7984,4794,18,1,10.0,12.97
7985,4795,15,1,4.5,4.5
7986,4795,13,1,3.5,3.5
7987,4795,18,1,10.0,10.0
7988,4795,10,2,4.0,8.0
7989,4796,10,1,4.0,4.0
7990,4797,12,1,4.0,4.0
7991,4798,9,1,4.0,4.0
7992,4798,1,1,5.78,5.78
7993,4799,1,2,5.78,14.61
7994,4800,2,1,5.25,6.1
7995,4801,1,1,5.78,5.78
7996,4801,22,1,8.0,8.0
7997,4802,6,1,3.5,3.5
7998,4802,15,2,4.5,9.0
7999,4802,10,1,4.0,6.95
8000,4803,3,2,4.73,10.67
8001,4804,10,1,4.0,5.06
8002,4805,10,1,4.0,7.12
8003,4806,13,1,3.5,4.53
8004,4807,2,1,5.25,5.25
8005,4807,6,1,3.5,3.5
8006,4807,11,1,5.78,5.78
8007,4807,1,1,5.78,5.78
8008,4808,16,1,9.5,10.98
8009,4809,1,1,5.78,5.78
8010,4809,18,1,10.0,10.0
8011,4810,17,2,8.0,16.0
8012,4810,18,1,10.0,10.0
8013,4811,10,2,4.0,9.06
8014,4812,11,1,5.78,7.35
8015,4813,8,2,6.3,12.6
8016,4814,20,1,8.0,8.0
8017,4815,5,2,6.3,12.6
8018,4816,14,1,3.0,3.97
8019,4817,3,1,4.73,7.38
8020,4818,7,1,6.5,6.5
8021,4819,5,1,6.3,6.3
8022,4820,16,1,9.5,11.09
8023,4821,5,1,6.3,7.51
8024,4822,5,1,6.3,6.3
8025,4823,10,1,4.0,4.0
8026,4823,8,1,6.3,9.96
8027,4824,1,1,5.78,5.78
8028,4824,11,1,5.78,5.78
8029,4824,7,1,6.5,6.5
8030,4824,11,1,5.78,8.73
8031,4825,17,1,8.0,8.0
8032,4825,2,1,5.25,5.25
8033,4826,22,1,8.0,8.0
8034,4826,2,1,5.25,5.25
8035,4826,1,1,5.78,7.03
8036,4827,24,1,18.0,18.0
8037,4828,1,1,5.78,5.78
8038,4829,8,1,6.3,6.3
8039,4829,7,1,6.5,6.5
8040,4830,8,1,6.3,6.3
8041,4830,19,1,7.0,7.0
8042,4830,19,1,7.0,7.0
8043,4831,7,1,6.5,9.45
8044,4832,10,1,4.0,4.0
8045,4833,6,1,3.5,3.5
8046,4834,11,1,5.78,5.78
8047,4835,2,1,5.25,5.25
8048,4836,2,1,5.25,5.25
8049,4836,9,1,4.0,4.0
8050,4836,10,1,4.0,4.0
8051,4836,15,1,4.5,4.5
8052,4836,1,1,5.78,5.78
8053,4837,8,1,6.3,6.3
8054,4838,6,1,3.5,3.5
8055,4839,3,1,4.73,7.15
8056,4840,19,1,7.0,7.0
8057,4840,12,1,4.0,4.0
8058,4840,14,1,3.0,4.11
8059,4841,10,1,4.0,5.11
8060,4842,8,1,6.3,8.09
8061,4843,2,1,5.25,5.25
8062,4844,14,1,3.0,3.0
8063,4845,10,1,4.0,4.0
8064,4845,13,1,3.5,3.5
8065,4846,14,1,3.0,4.03
8066,4847,18,1,10.0,13.9
8067,4848,7,1,6.5,6.5
8068,4848,6,1,3.5,3.5
8069,4849,1,1,5.78,5.78
8070,4849,10,1,4.0,4.0
8071,4849,13,1,3.5,3.5
8072,4849,7,1,6.5,6.5
8073,4849,10,1,4.0,4.0
8074,4850,15,2,4.5,9.0
8075,4850,1,1,5.78,5.78
8076,4850,10,1,4.0,4.0
8077,4851,18,1,10.0,10.0
8078,4852,20,1,8.0,9.06
8079,4853,6,1,3.5,6.62
8080,4854,5,1,6.3,6.3
8081,4854,5,1,6.3,6.3
8082,4855,3,1,4.73,4.73
8083,4855,15,1,4.5,4.5
8084,4855,6,1,3.5,3.5
8085,4856,9,2,4.0,10.34
8086,4857,1,1,5.78,5.78
8087,4857,5,1,6.3,6.3
8088,4857,12,1,4.0,4.0
8089,4857,2,1,5.25,5.25
8090,4857,15,1,4.5,7.19
8091,4858,3,1,4.73,4.73
8092,4859,5,1,6.3,7.6
8093,4860,17,2,8.0,16.0
8094,4861,2,1,5.25,5.25
8095,4862,5,2,6.3,12.6
8096,4862,12,1,4.0,4.0
8097,4862,19,1,7.0,7.0
8098,4863,16,1,9.5,9.5
8099,4864,8,1,6.3,6.3
8100,4865,6,1,3.5,4.53
8101,4866,15,1,4.5,4.5
8102,4867,7,1,6.5,6.5
8103,4867,19,1,7.0,7.0
8104,4867,5,1,6.3,6.3
8105,4868,21,1,25.0,25.0
8106,4868,6,1,3.5,4.75
8107,4869,10,1,4.0,5.54
8108,4870,19,1,7.0,7.0
8109,4870,17,1,8.0,9.44
8110,4871,19,1,7.0,8.25
8111,4872,19,1,7.0,7.0
8112,4873,6,1,3.5,3.5
8113,4873,13,1,3.5,3.5
8114,4873,8,1,6.3,6.3
8115,4873,5,1,6.3,10.2
8116,4874,1,1,5.78,6.99
8117,4875,3,1,4.73,6.32
8118,4876,7,2,6.5,15.95
8119,4877,6,1,3.5,3.5
8120,4877,7,1,6.5,6.5
8121,4877,6,1,3.5,6.19
8122,4878,2,1,5.25,5.25
8123,4879,15,1,4.5,4.5
8124,4880,13,1,3.5,3.5
8125,4880,9,1,4.0,4.0
8126,4881,9,1,4.0,4.0
8127,4882,6,1,3.5,4.66
8128,4883,10,2,4.0,8.0
8129,4883,2,1,5.25,5.25
8130,4883,9,1,4.0,5.03
8131,4884,10,1,4.0,4.0
8132,4884,1,1,5.78,5.78
8133,4884,4,1,5.78,6.81
8134,4885,7,1,6.5,6.5
8135,4885,10,1,4.0,4.0
8136,4886,12,1,4.0,4.0
8137,4886,17,1,8.0,8.0
8138,4886,10,1,4.0,7.66
8139,4887,11,1,5.78,5.78
8140,4887,6,2,3.5,7.0
8141,4887,6,1,3.5,3.5
8142,4887,2,1,5.25,5.25
8143,4888,5,1,6.3,6.3
8144,4888,2,2,5.25,12.84
8145,4889,6,1,3.5,3.5
8146,4890,5,1,6.3,7.55
8147,4891,6,1,3.5,4.71
8148,4892,6,1,3.5,3.5
8149,4893,13,1,3.5,3.5
8150,4894,18,1,10.0,13.24
8151,4895,20,1,8.0,8.97
8152,4896,8,1,6.3,6.3
8153,4897,7,1,6.5,6.5
8154,4898,1,2,5.78,11.56
8155,4898,6,1,3.5,3.5
8156,4898,9,2,4.0,8.0
8157,4898,6,1,3.5,3.5
8158,4898,1,1,5.78,5.78
8159,4899,7,1,6.5,7.53
8160,4900,6,1,3.5,4.71
8161,4901,1,1,5.78,5.78
8162,4901,7,1,6.5,6.5
8163,4901,12,1,4.0,4.0
8164,4902,11,2,5.78,11.56
8165,4903,17,1,8.0,8.0
8166,4904,9,1,4.0,4.0
8167,4905,1,2,5.78,11.56
8168,4906,11,1,5.78,5.78
8169,4907,1,1,5.78,5.78
8170,4907,11,1,5.78,5.78
8171,4908,15,1,4.5,4.5
8172,4908,17,2,8.0,16.0
8173,4908,6,1,3.5,3.5
8174,4908,12,1,4.0,4.0
8175,4908,15,1,4.5,4.5
8176,4909,16,1,9.5,9.5
8177,4910,5,1,6.3,9.8
8178,4911,25,1,20.0,21.03
8179,4912,9,1,4.0,4.0
8180,4913,3,1,4.73,4.73
8181,4913,11,2,5.78,11.56
8182,4913,14,1,3.0,3.0
8183,4913,11,2,5.78,11.56
8184,4914,16,1,9.5,9.5
8185,4915,9,1,4.0,6.62
8186,4916,19,1,7.0,7.0
8187,4916,17,1,8.0,9.25
8188,4917,5,1,6.3,6.3
8189,4917,19,1,7.0,7.0
8190,4918,19,1,7.0,7.0
8191,4918,8,1,6.3,6.3
8192,4918,8,1,6.3,6.3
8193,4918,10,2,4.0,8.0
8194,4918,14,1,3.0,3.0
8195,4919,3,1,4.73,7.13
8196,4920,10,1,4.0,4.0
8197,4921,6,1,3.5,3.5
8198,4922,5,2,6.3,12.6
8199,4922,12,1,4.0,4.0
8200,4922,7,1,6.5,6.5
8201,4923,12,1,4.0,4.0
8202,4924,7,1,6.5,6.5
8203,4924,10,1,4.0,4.0
8204,4924,13,1,3.5,3.5
8205,4925,17,1,8.0,8.0
8206,4926,6,1,3.5,4.61
8207,4927,18,1,10.0,10.0
8208,4927,1,1,5.78,5.78
8209,4928,16,1,9.5,9.5
8210,4929,3,1,4.73,4.73
8211,4930,7,1,6.5,6.5
8212,4931,1,2,5.78,11.56
8213,4931,10,1,4.0,4.0
8214,4931,11,1,5.78,5.78
8215,4931,3,1,4.73,4.73
8216,4931,6,1,3.5,3.5
8217,4932,17,2,8.0,17.06
8218,4933,11,1,5.78,5.78
8219,4934,10,1,4.0,5.03
8220,4935,4,1,5.78,5.78
8221,4936,14,1,3.0,5.95
8222,4937,1,2,5.78,11.56
8223,4938,11,1,5.78,7.03
8224,4939,2,1,5.25,5.25
8225,4939,20,1,8.0,8.0
8226,4939,6,1,3.5,3.5
8227,4939,5,1,6.3,9.42
8228,4940,10,1,4.0,4.0
8229,4941,6,1,3.5,4.58
8230,4942,18,2,10.0,20.97
8231,4943,14,1,3.0,3.0
8232,4944,8,1,6.3,6.3
8233,4945,7,1,6.5,6.5
8234,4946,24,1,18.0,18.0
8235,4947,14,1,3.0,3.0
8236,4948,15,2,4.5,9.0
8237,4949,13,2,3.5,7.94
8238,4950,2,2,5.25,10.5
8239,4950,13,1,3.5,3.5
8240,4950,8,1,6.3,6.3
8241,4950,15,1,4.5,4.5
8242,4950,16,1,9.5,9.5
8243,4951,11,1,5.78,5.78
8244,4952,14,1,3.0,3.0
8245,4953,3,1,4.73,4.73
8246,4953,1,1,5.78,5.78
8247,4953,8,1,6.3,6.3
8248,4953,12,1,4.0,4.0
8249,4953,3,1,4.73,6.24
8250,4954,24,1,18.0,18.0
8251,4955,14,2,3.0,6.0
8252,4955,14,1,3.0,3.0
8253,4955,13,1,3.5,3.5
8254,4956,9,1,4.0,4.0
8255,4957,7,2,6.5,13.0
8256,4958,2,1,5.25,5.25
8257,4958,2,1,5.25,8.49
8258,4959,18,1,10.0,10.0
8259,4959,6,1,3.5,3.5
8260,4960,11,1,5.78,8.73
8261,4961,8,1,6.3,6.3
8262,4961,10,1,4.0,4.0
8263,4962,15,1,4.5,4.5
8264,4962,8,1,6.3,6.3
8265,4962,3,1,4.73,4.73
8266,4962,7,1,6.5,6.5
8267,4962,15,1,4.5,5.94
8268,4963,3,1,4.73,4.73
8269,4963,18,1,10.0,10.0
8270,4963,13,1,3.5,3.5
8271,4963,4,1,5.78,5.78
8272,4963,10,1,4.0,4.0
8273,4964,11,1,5.78,5.78
8274,4964,16,1,9.5,11.84
8275,4965,1,2,5.78,15.46
8276,4966,2,1,5.25,5.25
8277,4966,12,1,4.0,4.0
8278,4967,15,2,4.5,9.0
8279,4968,6,2,3.5,7.0
8280,4969,14,1,3.0,3.0
8281,4969,5,2,6.3,15.06
8282,4970,19,1,7.0,7.0
8283,4971,12,2,4.0,8.0
8284,4972,19,1,7.0,8.25
8285,4973,21,1,25.0,25.98
8286,4974,11,1,5.78,5.78
8287,4974,2,1,5.25,5.25
8288,4974,9,1,4.0,4.0
8289,4974,8,1,6.3,6.3
8290,4974,16,1,9.5,11.18
8291,4975,19,1,7.0,7.0
8292,4976,1,2,5.78,11.56
8293,4976,15,1,4.5,4.5
8294,4977,3,1,4.73,4.73
8295,4978,8,1,6.3,6.3
8296,4978,10,2,4.0,8.0
8297,4978,6,1,3.5,3.5
8298,4978,12,1,4.0,4.0
8299,4979,18,1,10.0,10.0
8300,4980,10,1,4.0,4.0
8301,4981,5,1,6.3,6.3
8302,4982,1,1,5.78,5.78
8303,4982,2,1,5.25,5.25
8304,4982,10,1,4.0,4.0
8305,4983,12,1,4.0,4.0
8306,4984,6,2,3.5,7.0
8307,4984,1,1,5.78,5.78
8308,4984,13,1,3.5,3.5
8309,4984,5,1,6.3,6.3
8310,4985,7,2,6.5,13.0
8311,4986,3,1,4.73,4.73
8312,4987,7,2,6.5,13.0
8313,4987,10,2,4.0,8.0
8314,4987,19,1,7.0,7.0
8315,4988,9,1,4.0,4.0
8316,4988,1,1,5.78,5.78
8317,4988,13,1,3.5,3.5
8318,4989,7,1,6.5,6.5
8319,4990,13,1,3.5,3.5
8320,4990,15,1,4.5,4.5
8321,4990,17,1,8.0,9.03
8322,4991,5,1,6.3,6.3
8323,4991,2,1,5.25,5.25
8324,4991,11,1,5.78,6.97
8325,4992,19,1,7.0,7.0
8326,4993,11,1,5.78,5.78
8327,4993,11,2,5.78,11.56
8328,4994,1,1,5.78,5.78
8329,4994,13,1,3.5,3.5
8330,4995,8,1,6.3,6.3
8331,4996,5,1,6.3,6.3
8332,4996,7,2,6.5,13.0
8333,4996,3,1,4.73,4.73
8334,4997,8,1,6.3,6.3
8335,4998,13,2,3.5,7.0
8336,4999,10,1,4.0,4.0
8337,4999,5,1,6.3,6.3
8338,5000,2,1,5.25,6.02
8339,5001,9,1,4.0,4.0
8340,5002,6,1,3.5,3.5
8341,5003,5,1,6.3,6.3
8342,5004,10,1,4.0,5.25
8343,5005,9,1,4.0,4.0
8344,5006,7,1,6.5,6.5
8345,5007,15,1,4.5,4.5
8346,5007,16,2,9.5,19.0
8347,5008,24,1,18.0,18.76
8348,5009,5,1,6.3,6.3
8349,5009,2,2,5.25,10.5
8350,5009,1,1,5.78,5.78
8351,5009,15,1,4.5,6.9
8352,5010,6,1,3.5,3.5
8353,5010,8,2,6.3,12.6
8354,5011,3,1,4.73,4.73
8355,5011,12,2,4.0,8.0
8356,5011,8,1,6.3,6.3
8357,5011,12,1,4.0,7.24
8358,5012,24,1,18.0,18.0
8359,5012,9,1,4.0,4.0
8360,5012,17,1,8.0,9.54
8361,5013,5,2,6.3,12.6
8362,5014,10,1,4.0,4.0
8363,5015,2,2,5.25,14.4
8364,5016,6,1,3.5,3.5
8365,5016,7,1,6.5,7.71
8366,5017,9,1,4.0,4.0
8367,5017,10,2,4.0,8.0
8368,5017,18,1,10.0,10.0
8369,5017,5,1,6.3,6.3
8370,5018,14,1,3.0,3.0
8371,5019,8,1,6.3,7.33
8372,5020,8,1,6.3,6.3
8373,5021,8,1,6.3,6.3
8374,5022,11,1,5.78,5.78
8375,5022,9,1,4.0,4.0
8376,5022,3,1,4.73,4.73
8377,5023,5,1,6.3,7.55
8378,5024,6,1,3.5,3.5
8379,5025,10,1,4.0,5.03
8380,5026,6,1,3.5,3.5
8381,5026,2,1,5.25,5.25
8382,5026,5,1,6.3,7.43
8383,5027,10,1,4.0,7.66
8384,5028,2,1,5.25,5.25
8385,5029,2,1,5.25,5.25
8386,5029,10,1,4.0,4.0
8387,5029,18,1,10.0,10.0
8388,5029,2,1,5.25,5.25
8389,5030,18,1,10.0,10.0
8390,5031,9,1,4.0,4.0
8391,5032,10,1,4.0,4.0
8392,5033,24,1,18.0,18.0
8393,5034,8,1,6.3,6.3
8394,5035,3,2,4.73,9.46
8395,5036,11,1,5.78,7.29
8396,5037,9,2,4.0,8.98
8397,5038,7,1,6.5,6.5
8398,5038,13,1,3.5,3.5
8399,5038,1,1,5.78,5.78
8400,5038,18,1,10.0,10.0
8401,5038,11,1,5.78,5.78
8402,5039,3,1,4.73,4.73
8403,5040,17,1,8.0,8.0
8404,5041,7,1,6.5,6.5
8405,5041,9,1,4.0,4.0
8406,5041,11,1,5.78,5.78
8407,5041,12,1,4.0,4.0
8408,5041,18,1,10.0,10.0
8409,5042,17,1,8.0,10.34
8410,5043,14,1,3.0,3.0
8411,5044,14,1,3.0,3.0
8412,5044,5,1,6.3,6.3
8413,5044,12,1,4.0,4.0
8414,5045,2,1,5.25,5.25
8415,5046,10,1,4.0,4.0
8416,5047,1,1,5.78,5.78
8417,5047,9,2,4.0,8.0
8418,5047,9,1,4.0,4.0
8419,5047,4,2,5.78,11.56
8420,5047,2,1,5.25,5.25
8421,5048,10,1,4.0,4.0
8422,5048,8,1,6.3,6.3
8423,5048,11,1,5.78,5.78
8424,5048,16,2,9.5,19.0
8425,5048,11,1,5.78,5.78
8426,5049,8,1,6.3,6.3
8427,5050,19,1,7.0,7.0
8428,5050,15,1,4.5,4.5
8429,5050,1,2,5.78,11.56
8430,5050,4,1,5.78,5.78
8431,5050,16,1,9.5,10.44
8432,5051,6,1,3.5,3.5
8433,5052,1,1,5.78,5.78
8434,5053,11,1,5.78,5.78
8435,5054,8,1,6.3,9.96
8436,5055,7,1,6.5,6.5
8437,5055,2,1,5.25,5.25
8438,5055,2,1,5.25,5.25
8439,5056,9,1,4.0,4.0
8440,5057,10,1,4.0,4.0
8441,5057,10,1,4.0,4.0
8442,5058,9,1,4.0,4.0
8443,5059,4,1,5.78,5.78
8444,5060,12,1,4.0,4.0
8445,5061,7,2,6.5,13.0
8446,5062,12,1,4.0,4.0
8447,5063,10,1,4.0,5.16
8448,5064,6,1,3.5,4.75
8449,5065,10,1,4.0,4.0
8450,5066,7,2,6.5,15.69
8451,5067,10,1,4.0,6.34
8452,5068,16,1,9.5,11.09
8453,5069,11,1,5.78,5.78
8454,5070,7,2,6.5,13.0
8455,5070,2,1,5.25,5.25
8456,5071,5,1,6.3,7.74
8457,5072,13,1,3.5,3.5
8458,5073,17,1,8.0,8.0
8459,5073,7,2,6.5,13.0
8460,5073,11,1,5.78,5.78
8461,5074,10,2,4.0,8.0
8462,5075,2,2,5.25,10.5
8463,5075,15,1,4.5,4.5
8464,5075,16,2,9.5,19.0
8465,5076,11,1,5.78,5.78
8466,5076,3,1,4.73,4.73
8467,5076,1,1,5.78,7.37
8468,5077,2,1,5.25,6.22
8469,5078,5,1,6.3,8.7
8470,5079,9,1,4.0,4.0
8471,5079,11,1,5.78,5.78
8472,5079,12,2,4.0,8.0
8473,5079,18,1,10.0,11.21
8474,5080,3,1,4.73,4.73
8475,5080,6,2,3.5,7.0
8476,5080,9,1,4.0,4.0
8477,5081,2,1,5.25,5.25
8478,5081,16,1,9.5,9.5
8479,5081,6,1,3.5,3.5
8480,5082,17,1,8.0,10.69
8481,5083,11,1,5.78,5.78
8482,5083,13,1,3.5,3.5
8483,5083,15,1,4.5,4.5
8484,5083,9,1,4.0,4.0
8485,5083,8,1,6.3,6.3
8486,5084,3,1,4.73,4.73
8487,5084,6,1,3.5,3.5
8488,5084,14,1,3.0,3.0
8489,5084,19,1,7.0,7.98
8490,5085,2,1,5.25,5.25
8491,5086,15,1,4.5,4.5
8492,5086,9,1,4.0,5.25
8493,5087,1,1,5.78,5.78
8494,5087,1,1,5.78,5.78
8495,5088,2,1,5.25,5.25
8496,5089,16,2,9.5,19.0
8497,5090,21,1,25.0,25.0
8498,5090,15,1,4.5,4.5
8499,5091,4,1,5.78,5.78
8500,5092,1,1,5.78,6.75
8501,5093,20,1,8.0,8.0
8502,5093,12,1,4.0,4.0
8503,5093,15,2,4.5,9.0
8504,5094,1,1,5.78,5.78
8505,5095,4,1,5.78,5.78
8506,5096,15,2,4.5,9.0
8507,5096,17,1,8.0,8.0
8508,5096,5,1,6.3,6.3
8509,5097,13,2,3.5,7.0
8510,5097,5,1,6.3,6.3
8511,5097,9,1,4.0,4.0
8512,5098,11,1,5.78,5.78
8513,5099,9,2,4.0,8.0
8514,5099,12,1,4.0,4.0
8515,5099,5,1,6.3,6.3
8516,5099,9,1,4.0,4.0
8517,5099,3,1,4.73,4.73
8518,5100,15,1,4.5,4.5
8519,5101,11,1,5.78,5.78
8520,5102,14,1,3.0,3.0
8521,5103,11,2,5.78,13.13
8522,5104,8,1,6.3,7.69
8523,5105,10,2,4.0,9.06
8524,5106,11,2,5.78,13.43
8525,5107,6,1,3.5,5.07
8526,5108,18,1,10.0,10.0
8527,5108,3,2,4.73,9.46
8528,5108,11,1,5.78,5.78
8529,5108,13,2,3.5,7.0
8530,5108,18,1,10.0,10.0
8531,5109,5,1,6.3,8.76
8532,5110,25,1,20.0,20.0
8533,5110,2,1,5.25,5.25
8534,5111,9,1,4.0,5.21
8535,5112,1,1,5.78,5.78
8536,5113,15,1,4.5,4.5
8537,5113,6,1,3.5,3.5
8538,5114,8,1,6.3,6.3
8539,5114,18,1,10.0,10.0
8540,5115,8,1,6.3,6.3
8541,5116,1,1,5.78,5.78
8542,5117,2,1,5.25,6.84
8543,5118,19,1,7.0,7.0
8544,5119,15,1,4.5,6.9
8545,5120,10,2,4.0,8.0
8546,5121,9,1,4.0,4.0
8547,5122,8,1,6.3,8.76
8548,5123,15,1,4.5,6.1
8549,5124,2,1,5.25,7.12
8550,5125,7,1,6.5,7.61
8551,5126,3,1,4.73,6.33
8552,5127,19,2,7.0,14.0
8553,5127,14,1,3.0,5.42
8554,5128,16,1,9.5,9.5
8555,5129,12,1,4.0,4.0
8556,5130,16,1,9.5,9.5
8557,5130,7,1,6.5,6.5
8558,5131,18,1,10.0,10.0
8559,5132,9,1,4.0,4.0
8560,5133,14,2,3.0,6.0
8561,5134,9,1,4.0,4.84
8562,5135,3,1,4.73,4.73
8563,5135,9,1,4.0,4.0
8564,5135,19,2,7.0,15.21
8565,5136,3,1,4.73,4.73
8566,5136,1,1,5.78,5.78
8567,5136,18,2,10.0,20.0
8568,5137,6,1,3.5,3.5
8569,5137,3,1,4.73,4.73
8570,5137,12,1,4.0,4.0
8571,5137,12,1,4.0,4.0
8572,5137,9,1,4.0,4.0
8573,5138,14,1,3.0,3.0
8574,5139,3,2,4.73,9.46
8575,5140,5,2,6.3,12.6
8576,5140,1,1,5.78,5.78
8577,5140,12,1,4.0,4.0
8578,5140,5,1,6.3,6.3
8579,5140,8,1,6.3,6.3
8580,5141,6,1,3.5,3.5
8581,5142,11,1,5.78,7.03
8582,5143,7,1,6.5,7.61
8583,5144,18,1,10.0,10.0
8584,5144,5,1,6.3,6.3
8585,5144,1,1,5.78,5.78
8586,5145,12,1,4.0,4.0
8587,5145,10,1,4.0,4.0
8588,5146,7,1,6.5,7.34
8589,5147,6,1,3.5,3.5
8590,5148,3,1,4.73,4.73
8591,5149,3,1,4.73,4.73
8592,5150,8,1,6.3,6.3
8593,5150,20,1,8.0,8.0
8594,5150,11,1,5.78,5.78
8595,5151,18,2,10.0,20.0
8596,5152,6,1,3.5,3.5
8597,5153,5,1,6.3,8.7
8598,5154,7,1,6.5,6.5
8599,5155,11,1,5.78,5.78
8600,5156,21,1,25.0,25.0
8601,5156,12,1,4.0,4.0
8602,5156,7,1,6.5,7.75
8603,5157,1,1,5.78,5.78
8604,5157,12,1,4.0,4.0
8605,5158,18,1,10.0,11.08
8606,5159,16,2,9.5,19.0
8607,5159,15,2,4.5,10.87
8608,5160,7,2,6.5,13.0
8609,5161,6,1,3.5,3.5
8610,5162,11,1,5.78,5.78
8611,5162,7,1,6.5,6.5
8612,5162,16,1,9.5,9.5
8613,5163,16,1,9.5,9.5
8614,5163,7,1,6.5,6.5
8615,5163,11,1,5.78,5.78
8616,5163,6,2,3.5,7.0
8617,5163,3,1,4.73,4.73
8618,5164,25,1,20.0,20.0
8619,5164,1,1,5.78,5.78
8620,5164,3,1,4.73,4.73
8621,5165,18,1,10.0,11.11
8622,5166,8,1,6.3,6.3
8623,5166,16,2,9.5,19.0
8624,5166,19,1,7.0,7.0
8625,5166,2,1,5.25,5.25
8626,5166,18,2,10.0,20.0
8627,5167,14,1,3.0,3.0
8628,5167,6,1,3.5,3.5
8629,5168,11,1,5.78,7.22
8630,5169,7,1,6.5,6.5
8631,5170,7,1,6.5,6.5
8632,5171,5,1,6.3,6.3
8633,5172,3,1,4.73,4.73
8634,5173,6,1,3.5,4.27
8635,5174,15,1,4.5,5.71
8636,5175,5,1,6.3,6.3
8637,5175,12,1,4.0,4.0
8638,5175,11,1,5.78,5.78
8639,5175,19,1,7.0,7.0
8640,5175,15,1,4.5,4.5
8641,5176,3,1,4.73,4.73
8642,5176,15,2,4.5,9.0
8643,5177,9,1,4.0,4.0
8644,5178,2,1,5.25,5.25
8645,5178,10,1,4.0,4.0
8646,5179,14,1,3.0,3.0
8647,5180,19,1,7.0,7.0
8648,5181,12,1,4.0,4.0
8649,5182,21,1,25.0,25.0
8650,5183,16,1,9.5,9.5
8651,5183,2,1,5.25,5.25
8652,5184,3,1,4.73,4.73
8653,5185,1,1,5.78,5.78
8654,5186,14,2,3.0,6.0
8655,5187,7,1,6.5,6.5
8656,5187,25,1,20.0,20.0
8657,5188,5,1,6.3,6.3
8658,5188,13,1,3.5,3.5
8659,5188,15,2,4.5,9.0
8660,5188,10,1,4.0,4.0
8661,5188,17,2,8.0,16.0
8662,5189,11,1,5.78,7.37
8663,5190,2,1,5.25,5.25
8664,5191,13,1,3.5,4.75
8665,5192,19,2,7.0,14.0
8666,5193,11,1,5.78,5.78
8667,5194,20,1,8.0,8.0
8668,5194,21,1,25.0,25.0
8669,5194,4,2,5.78,11.56
8670,5195,7,1,6.5,6.5
8671,5195,3,1,4.73,4.73
8672,5195,18,1,10.0,10.0
8673,5195,18,2,10.0,20.0
8674,5196,2,1,5.25,5.25
8675,5197,16,2,9.5,19.0
8676,5198,8,1,6.3,7.41
8677,5199,12,1,4.0,5.08
8678,5200,12,1,4.0,5.21
8679,5201,3,2,4.73,9.46
8680,5202,9,1,4.0,4.0
8681,5203,9,1,4.0,4.98
8682,5204,8,1,6.3,7.07
8683,5205,12,2,4.0,8.0
8684,5206,3,1,4.73,4.73
8685,5207,4,1,5.78,5.78
8686,5208,3,1,4.73,4.73
8687,5209,10,1,4.0,4.0
8688,5209,16,1,9.5,9.5
8689,5210,13,1,3.5,4.63
8690,5211,4,1,5.78,7.37
8691,5212,16,1,9.5,9.5
8692,5213,16,1,9.5,9.5
8693,5214,5,1,6.3,6.3
8694,5215,17,1,8.0,10.34
8695,5216,17,1,8.0,8.0
8696,5217,3,1,4.73,4.73
8697,5218,12,1,4.0,4.0
8698,5219,8,1,6.3,6.3
8699,5220,6,2,3.5,7.0
8700,5221,19,2,7.0,14.0
8701,5222,19,1,7.0,7.0
8702,5223,7,2,6.5,14.25
8703,5224,11,2,5.78,11.56
8704,5224,2,1,5.25,5.25
8705,5225,15,1,4.5,4.5
8706,5225,2,1,5.25,5.25
8707,5226,1,1,5.78,5.78
8708,5227,16,1,9.5,9.5
8709,5227,9,1,4.0,4.0
8710,5228,14,1,3.0,5.42
8711,5229,7,1,6.5,6.5
8712,5230,10,1,4.0,4.0
8713,5231,14,1,3.0,3.0
8714,5231,10,1,4.0,4.0
8715,5231,8,2,6.3,12.6
8716,5231,17,1,8.0,8.0
8717,5231,13,1,3.5,3.5
8718,5232,19,1,7.0,8.87
8719,5233,3,2,4.73,9.46
8720,5234,10,1,4.0,4.0
8721,5234,11,1,5.78,5.78
8722,5234,15,1,4.5,4.5
8723,5234,10,2,4.0,8.0
8724,5234,12,1,4.0,5.79
8725,5235,10,2,4.0,9.21
8726,5236,2,1,5.25,5.25
8727,5237,7,1,6.5,8.16
8728,5238,9,1,4.0,6.57
8729,5239,2,1,5.25,5.25
8730,5239,19,2,7.0,16.97
8731,5240,11,2,5.78,11.56
8732,5241,10,1,4.0,4.0
8733,5241,2,1,5.25,7.04
8734,5242,3,1,4.73,4.73
8735,5243,17,1,8.0,8.0
8736,5244,3,2,4.73,9.46
8737,5245,6,1,3.5,3.5
8738,5245,2,1,5.25,5.25
8739,5245,1,1,5.78,5.78
8740,5246,8,1,6.3,8.64
8741,5247,15,1,4.5,4.5
8742,5247,18,1,10.0,10.0
8743,5247,19,1,7.0,7.0
8744,5247,11,1,5.78,5.78
8745,5247,18,1,10.0,13.9
8746,5248,2,1,5.25,6.55
8747,5249,8,1,6.3,8.17
8748,5250,5,1,6.3,6.3
8749,5251,13,1,3.5,4.71
8750,5252,2,1,5.25,5.25
8751,5253,2,1,5.25,6.31
8752,5254,12,1,4.0,4.0
8753,5255,7,2,6.5,13.0
8754,5256,6,1,3.5,3.5
8755,5256,8,1,6.3,6.3
8756,5256,9,2,4.0,10.46
8757,5257,12,1,4.0,4.0
8758,5257,7,1,6.5,6.5
8759,5257,16,1,9.5,9.5
8760,5258,17,1,8.0,8.0
8761,5259,10,1,4.0,5.03
8762,5260,10,1,4.0,4.0
8763,5261,9,2,4.0,8.0
8764,5261,8,1,6.3,6.3
8765,5261,17,1,8.0,8.98
8766,5262,11,1,5.78,5.78
8767,5263,3,2,4.73,10.49
8768,5264,15,2,4.5,10.16
8769,5265,10,1,4.0,4.0
8770,5266,17,1,8.0,8.0
8771,5267,11,1,5.78,8.18
8772,5268,25,1,20.0,21.44
8773,5269,2,1,5.25,7.04
8774,5270,8,1,6.3,6.3
8775,5271,14,1,3.0,3.0
8776,5272,1,1,5.78,5.78
8777,5273,3,2,4.73,9.46
8778,5274,3,1,4.73,5.94
8779,5275,8,1,6.3,6.3
8780,5276,14,1,3.0,3.0
8781,5277,9,1,4.0,4.0
8782,5277,16,1,9.5,9.5
8783,5278,9,1,4.0,4.0
8784,5279,8,1,6.3,6.3
8785,5280,18,1,10.0,10.0
8786,5280,14,1,3.0,3.0
8787,5280,12,2,4.0,8.0
8788,5280,10,1,4.0,4.0
8789,5280,12,1,4.0,4.0
8790,5281,25,1,20.0,20.0
8791,5282,12,1,4.0,4.0
8792,5283,15,1,4.5,5.71
8793,5284,14,1,3.0,3.0
8794,5285,7,1,6.5,7.71
8795,5286,17,1,8.0,8.0
8796,5287,15,1,4.5,4.5
8797,5287,8,1,6.3,6.3
8798,5287,14,1,3.0,3.0
8799,5287,11,2,5.78,11.56
8800,5287,19,1,7.0,8.44
8801,5288,7,1,6.5,6.5
8802,5288,19,1,7.0,7.0
8803,5289,11,2,5.78,11.56
8804,5290,3,1,4.73,4.73
8805,5291,1,1,5.78,5.78
8806,5291,7,2,6.5,13.0
8807,5292,11,1,5.78,7.22
8808,5293,11,1,5.78,5.78
8809,5294,2,1,5.25,7.12
8810,5295,10,1,4.0,4.0
8811,5296,15,1,4.5,4.5
8812,5297,2,1,5.25,5.25
8813,5298,6,1,3.5,3.5
8814,5299,13,1,3.5,3.5
8815,5299,9,1,4.0,4.0
8816,5299,15,1,4.5,4.5
8817,5299,15,1,4.5,7.45
8818,5300,1,1,5.78,5.78
8819,5301,2,1,5.25,5.25
8820,5302,10,1,4.0,4.0
8821,5303,9,1,4.0,4.0
8822,5303,7,1,6.5,6.5
8823,5304,13,2,3.5,7.0
8824,5305,13,1,3.5,3.5
8825,5306,5,1,6.3,6.3
8826,5306,11,1,5.78,5.78
8827,5307,17,1,8.0,8.0
8828,5308,10,1,4.0,4.0
8829,5308,17,2,8.0,16.0
8830,5308,12,1,4.0,4.0
8831,5309,2,1,5.25,5.25
8832,5310,2,1,5.25,6.4
8833,5311,9,1,4.0,4.0
8834,5312,9,1,4.0,4.0
8835,5312,13,1,3.5,3.5
8836,5313,8,1,6.3,6.3
8837,5314,3,1,4.73,4.73
8838,5314,1,1,5.78,5.78
8839,5314,5,2,6.3,12.6
8840,5315,3,1,4.73,4.73
8841,5315,7,1,6.5,6.5
8842,5315,8,1,6.3,6.3
8843,5315,5,1,6.3,6.3
8844,5315,8,2,6.3,13.36
8845,5316,12,1,4.0,4.0
8846,5317,1,1,5.78,5.78
8847,5318,7,1,6.5,6.5
8848,5319,11,1,5.78,5.78
8849,5320,17,1,8.0,8.0
8850,5321,8,2,6.3,15.0
8851,5322,11,1,5.78,5.78
8852,5322,11,1,5.78,5.78
8853,5323,15,2,4.5,9.0
8854,5323,10,1,4.0,4.0
8855,5323,1,1,5.78,5.78
8856,5323,15,1,4.5,4.5
8857,5323,15,1,4.5,4.5
8858,5324,17,1,8.0,8.0
8859,5324,6,1,3.5,3.5
8860,5324,11,2,5.78,11.56
8861,5324,18,1,10.0,10.0
8862,5325,15,1,4.5,4.5
8863,5326,3,1,4.73,4.73
8864,5327,11,2,5.78,11.56
8865,5327,5,2,6.3,12.6
8866,5327,11,2,5.78,11.56
8867,5327,15,1,4.5,4.5
8868,5328,11,1,5.78,5.78
8869,5329,10,1,4.0,4.0
8870,5330,15,1,4.5,4.5
8871,5330,12,1,4.0,4.0
8872,5331,10,1,4.0,5.16
8873,5332,9,1,4.0,4.0
8874,5333,16,1,9.5,9.5
8875,5333,16,1,9.5,10.94
8876,5334,7,1,6.5,6.5
8877,5335,17,2,8.0,16.0
8878,5335,12,1,4.0,4.0
8879,5336,19,1,7.0,7.0
8880,5337,10,1,4.0,5.3
8881,5338,2,1,5.25,5.25
8882,5339,13,1,3.5,3.5
8883,5340,10,1,4.0,5.79
8884,5341,12,2,4.0,8.0
8885,5341,9,1,4.0,4.0
8886,5341,7,1,6.5,6.5
8887,5341,19,1,7.0,7.0
8888,5341,10,2,4.0,9.23
8889,5342,9,1,4.0,4.0
8890,5343,3,1,4.73,4.73
8891,5344,5,1,6.3,7.27
8892,5345,19,2,7.0,14.0
8893,5345,15,1,4.5,4.5
8894,5345,15,1,4.5,4.5
8895,5346,2,1,5.25,5.25
8896,5347,17,1,8.0,8.0
8897,5348,2,1,5.25,5.25
8898,5349,5,1,6.3,7.33
8899,5350,4,1,5.78,8.18
8900,5351,5,1,6.3,6.3
8901,5352,10,1,4.0,4.0
8902,5352,15,1,4.5,4.5
8903,5353,7,1,6.5,6.5
8904,5354,1,1,5.78,5.78
8905,5354,5,1,6.3,7.51
8906,5355,16,1,9.5,9.5
8907,5356,13,1,3.5,3.5
8908,5357,8,2,6.3,12.6
8909,5358,14,1,3.0,4.03
8910,5359,17,1,8.0,8.0
8911,5360,22,1,8.0,10.69
8912,5361,13,1,3.5,3.5
8913,5362,12,2,4.0,8.0
8914,5363,15,1,4.5,5.71
8915,5364,3,1,4.73,4.73
8916,5365,9,1,4.0,4.0
8917,5366,5,1,6.3,6.3
8918,5367,5,1,6.3,6.3
8919,5367,8,1,6.3,6.3
8920,5368,14,1,3.0,3.98
8921,5369,14,1,3.0,3.0
8922,5370,7,1,6.5,6.5
8923,5371,21,1,25.0,25.0
8924,5371,3,2,4.73,9.46
8925,5371,18,1,10.0,10.0
8926,5372,10,1,4.0,4.0
8927,5373,1,1,5.78,6.81
8928,5374,8,1,6.3,6.3
8929,5375,17,2,8.0,16.0
8930,5375,3,1,4.73,4.73
8931,5375,9,1,4.0,4.0
8932,5375,5,1,6.3,6.3
8933,5375,17,1,8.0,8.0
8934,5376,9,1,4.0,4.0
8935,5377,13,1,3.5,3.5
8936,5378,7,1,6.5,6.5
8937,5378,15,2,4.5,9.0
8938,5378,14,2,3.0,6.0
8939,5379,2,1,5.25,6.31
8940,5380,9,2,4.0,9.06
8941,5381,10,1,4.0,7.24
8942,5382,2,1,5.25,6.46
8943,5383,9,1,4.0,5.25
8944,5384,18,2,10.0,20.0
8945,5384,8,1,6.3,6.3
8946,5385,7,2,6.5,13.0
8947,5386,1,1,5.78,5.78
8948,5386,9,1,4.0,4.0
8949,5386,9,1,4.0,4.0
8950,5386,8,1,6.3,6.3
8951,5386,9,1,4.0,4.0
8952,5387,2,1,5.25,5.25
8953,5387,9,1,4.0,5.3
8954,5388,6,1,3.5,3.5
8955,5389,9,1,4.0,5.03
8956,5390,22,1,8.0,9.15
8957,5391,19,1,7.0,7.0
8958,5391,19,1,7.0,8.31
8959,5392,9,1,4.0,4.0
8960,5392,15,2,4.5,9.0
8961,5393,8,1,6.3,6.3
8962,5394,15,2,4.5,10.57
8963,5395,8,1,6.3,7.28
8964,5396,10,1,4.0,4.0
8965,5396,15,1,4.5,5.8
8966,5397,17,1,8.0,8.0
8967,5398,1,1,5.78,5.78
8968,5398,5,2,6.3,14.64
8969,5399,9,1,4.0,4.0
8970,5400,8,1,6.3,6.3
8971,5401,2,1,5.25,5.25
8972,5402,18,1,10.0,10.98
8973,5403,5,1,6.3,6.3
8974,5404,5,1,6.3,6.3
8975,5404,4,1,5.78,5.78
8976,5405,8,1,6.3,9.8
8977,5406,2,1,5.25,5.25
8978,5406,14,1,3.0,3.0
8979,5406,4,1,5.78,5.78
8980,5407,16,2,9.5,19.0
8981,5407,6,1,3.5,3.5
8982,5408,6,1,3.5,3.5
8983,5409,1,2,5.78,12.81
8984,5410,6,1,3.5,3.5
8985,5410,5,1,6.3,6.3
8986,5410,3,2,4.73,10.97
8987,5411,11,1,5.78,5.78
8988,5411,13,1,3.5,3.5
8989,5411,13,1,3.5,3.5
8990,5411,10,1,4.0,4.0
8991,5412,14,2,3.0,6.0
8992,5413,11,1,5.78,5.78
8993,5414,6,1,3.5,3.5
8994,5414,10,2,4.0,8.0
8995,5414,18,1,10.0,10.0
8996,5415,11,1,5.78,5.78
8997,5416,9,1,4.0,4.0
8998,5417,11,2,5.78,11.56
8999,5418,15,1,4.5,4.5
9000,5419,12,1,4.0,4.0
9001,5420,2,1,5.25,5.25
9002,5420,7,2,6.5,13.0
9003,5420,12,1,4.0,4.0
9004,5421,17,1,8.0,8.0
9005,5421,2,1,5.25,5.25
9006,5421,19,1,7.0,7.0
9007,5421,3,1,4.73,4.73
9008,5422,8,1,6.3,9.42
9009,5423,19,1,7.0,7.0
9010,5424,3,1,4.73,4.73
9011,5424,9,1,4.0,4.0
9012,5425,22,1,8.0,8.0
9013,5426,7,1,6.5,6.5
9014,5426,7,2,6.5,13.0
9015,5427,3,1,4.73,4.73
9016,5428,7,1,6.5,6.5
9017,5429,10,1,4.0,4.0
9018,5430,6,1,3.5,3.5
9019,5431,16,1,9.5,9.5
9020,5431,8,1,6.3,6.3
9021,5431,19,2,7.0,14.0
9022,5431,10,1,4.0,4.76
9023,5432,8,1,6.3,7.55
9024,5433,6,1,3.5,3.5
9025,5434,7,1,6.5,8.16
9026,5435,12,1,4.0,4.0
9027,5435,17,1,8.0,8.0
9028,5435,2,1,5.25,5.25
9029,5435,1,1,5.78,5.78
9030,5435,6,1,3.5,3.5
9031,5436,11,1,5.78,6.93
9032,5437,3,2,4.73,9.46
9033,5437,7,1,6.5,6.5
9034,5438,20,1,8.0,8.0
9035,5439,17,2,8.0,16.0
9036,5440,9,1,4.0,4.0
9037,5440,9,1,4.0,4.0
9038,5440,18,1,10.0,10.0
9039,5440,17,1,8.0,8.0
9040,5441,18,1,10.0,10.0
9041,5442,5,1,6.3,6.3
9042,5442,2,1,5.25,5.25
9043,5443,18,1,10.0,10.0
9044,5444,10,1,4.0,4.0
9045,5445,7,1,6.5,6.5
9046,5445,10,1,4.0,4.0
9047,5445,16,1,9.5,9.5
9048,5445,7,1,6.5,6.5
9049,5446,17,1,8.0,8.0
9050,5447,15,1,4.5,4.5
9051,5447,15,2,4.5,9.0
9052,5447,10,1,4.0,5.21
9053,5448,2,1,5.25,5.25
9054,5449,2,1,5.25,5.25
9055,5450,22,1,8.0,8.0
9056,5450,1,1,5.78,5.78
9057,5450,12,1,4.0,4.0
9058,5450,3,1,4.73,4.73
9059,5451,10,2,4.0,8.0
9060,5452,17,1,8.0,8.0
9061,5453,16,1,9.5,11.09
9062,5454,6,1,3.5,3.5
9063,5455,6,1,3.5,3.5
9064,5455,9,1,4.0,4.0
9065,5455,3,1,4.73,4.73
9066,5455,6,1,3.5,3.5
9067,5455,5,1,6.3,6.3
9068,5456,2,1,5.25,5.25
9069,5457,11,1,5.78,5.78
9070,5457,10,1,4.0,4.0
9071,5458,1,1,5.78,5.78
9072,5458,7,1,6.5,6.5
9073,5458,17,1,8.0,8.0
9074,5458,16,1,9.5,11.29
9075,5459,10,1,4.0,5.87
9076,5460,10,1,4.0,4.0
9077,5460,6,1,3.5,3.5
9078,5460,7,2,6.5,13.0
9079,5460,3,1,4.73,4.73
9080,5460,5,1,6.3,6.3
9081,5461,14,1,3.0,3.0
9082,5461,11,1,5.78,5.78
9083,5461,17,1,8.0,8.0
9084,5462,18,1,10.0,11.51
9085,5463,4,1,5.78,7.17
9086,5464,23,1,15.0,16.83
9087,5465,11,2,5.78,11.56
9088,5466,11,1,5.78,5.78
9089,5466,15,2,4.5,9.0
9090,5466,7,1,6.5,6.5
9091,5466,6,2,3.5,7.0
9092,5466,5,2,6.3,12.6
9093,5467,1,1,5.78,5.78
9094,5468,2,2,5.25,10.5
9095,5469,16,1,9.5,9.5
9096,5470,2,1,5.25,5.25
9097,5471,9,1,4.0,4.0
9098,5472,9,1,4.0,4.0
9099,5472,7,1,6.5,6.5
9100,5472,3,1,4.73,5.94
9101,5473,16,1,9.5,9.5
9102,5473,17,1,8.0,8.0
9103,5474,19,1,7.0,7.0
9104,5475,2,1,5.25,6.46
9105,5476,5,1,6.3,6.3
9106,5476,10,1,4.0,4.0
9107,5476,19,1,7.0,7.0
9108,5477,5,1,6.3,6.3
9109,5478,15,1,4.5,4.5
9110,5478,13,1,3.5,3.5
9111,5478,13,1,3.5,3.5
9112,5478,1,1,5.78,5.78
9113,5479,1,1,5.78,7.08
9114,5480,1,1,5.78,5.78
9115,5481,3,2,4.73,9.46
9116,5481,8,1,6.3,6.3
9117,5481,9,2,4.0,8.0
9118,5481,15,2,4.5,10.11
9119,5482,15,1,4.5,4.5
9120,5483,16,1,9.5,9.5
9121,5483,5,1,6.3,6.3
9122,5483,2,1,5.25,5.25
9123,5483,1,1,5.78,5.78
9124,5484,5,1,6.3,6.3
9125,5485,24,1,18.0,18.0
9126,5486,7,1,6.5,6.5
9127,5487,6,1,3.5,3.5
9128,5488,10,1,4.0,4.0
9129,5489,5,1,6.3,6.3
9130,5490,16,2,9.5,20.16
9131,5491,11,2,5.78,14.25
9132,5492,11,1,5.78,6.72
9133,5493,12,1,4.0,7.24
9134,5494,7,1,6.5,6.5
9135,5495,3,1,4.73,5.94
9136,5496,18,1,10.0,10.0
9137,5496,10,1,4.0,5.19
9138,5497,7,2,6.5,14.25
9139,5498,5,1,6.3,6.3
9140,5499,16,1,9.5,9.5
9141,5499,2,1,5.25,5.25
9142,5499,5,1,6.3,6.3
9143,5499,6,1,3.5,3.5
9144,5500,13,1,3.5,3.5
9145,5501,9,1,4.0,4.0
9146,5502,7,1,6.5,6.5
9147,5503,6,2,3.5,7.0
9148,5504,6,1,3.5,3.5
9149,5504,9,1,4.0,4.0
9150,5504,17,1,8.0,8.0
9151,5504,10,1,4.0,6.69
9152,5505,9,1,4.0,5.44
9153,5506,16,1,9.5,9.5
9154,5507,11,1,5.78,7.37
9155,5508,8,1,6.3,6.3
9156,5509,15,1,4.5,4.5
9157,5510,8,1,6.3,8.76
9158,5511,11,1,5.78,5.78
9159,5512,3,1,4.73,4.73
9160,5513,15,1,4.5,4.5
9161,5514,10,1,4.0,4.0
9162,5515,11,1,5.78,5.78
9163,5515,19,1,7.0,7.0
9164,5516,7,1,6.5,6.5
9165,5517,8,1,6.3,6.3
9166,5517,7,1,6.5,6.5
9167,5518,8,1,6.3,6.3
9168,5518,3,2,4.73,9.46
9169,5519,5,1,6.3,6.3
9170,5519,3,1,4.73,4.73
9171,5520,6,1,3.5,4.52
9172,5521,2,1,5.25,5.25
9173,5522,5,1,6.3,6.3
9174,5523,18,1,10.0,10.0
9175,5523,7,1,6.5,6.5
9176,5523,5,1,6.3,6.3
9177,5523,3,2,4.73,9.46
9178,5524,6,1,3.5,3.5
9179,5524,6,1,3.5,3.5
9180,5524,14,1,3.0,3.0
9181,5524,9,1,4.0,4.0
9182,5524,8,1,6.3,6.3
9183,5525,12,1,4.0,4.0
9184,5526,1,1,5.78,9.44
9185,5527,11,2,5.78,11.56
9186,5528,6,1,3.5,3.5
9187,5528,5,1,6.3,6.3
9188,5529,16,1,9.5,9.5
9189,5530,9,1,4.0,4.0
9190,5531,3,1,4.73,7.42
9191,5532,15,1,4.5,4.5
9192,5533,8,1,6.3,6.3
9193,5534,2,1,5.25,5.25
9194,5535,17,1,8.0,8.0
9195,5535,11,1,5.78,5.78
9196,5535,10,1,4.0,4.0
9197,5535,14,1,3.0,5.04
9198,5536,1,1,5.78,5.78
9199,5536,1,1,5.78,5.78
9200,5537,25,1,20.0,20.0
9201,5538,3,2,4.73,9.46
9202,5539,8,2,6.3,12.6
9203,5539,11,1,5.78,5.78
9204,5539,19,1,7.0,7.0
9205,5540,10,1,4.0,4.0
9206,5541,2,1,5.25,5.25
9207,5542,13,1,3.5,3.5
9208,5543,18,1,10.0,10.0
9209,5544,16,2,9.5,19.0
9210,5545,5,1,6.3,6.3
9211,5546,2,1,5.25,5.25
9212,5547,14,1,3.0,3.0
9213,5548,6,1,3.5,3.5
9214,5549,10,2,4.0,11.66
9215,5550,1,1,5.78,5.78
9216,5551,1,1,5.78,6.75
9217,5552,2,1,5.25,6.5
9218,5553,16,1,9.5,9.5
9219,5554,1,1,5.78,5.78
9220,5555,16,1,9.5,10.81
9221,5556,3,1,4.73,4.73
9222,5557,13,1,3.5,3.5
9223,5558,13,2,3.5,8.21
9224,5559,1,1,5.78,5.78
9225,5559,8,2,6.3,12.6
9226,5560,1,1,5.78,6.97
9227,5561,7,1,6.5,6.5
9228,5561,12,1,4.0,4.97
9229,5562,1,1,5.78,8.9
9230,5563,2,2,5.25,10.5
9231,5563,14,1,3.0,5.95
9232,5564,10,1,4.0,4.0
9233,5564,4,1,5.78,5.78
9234,5564,15,1,4.5,4.5
9235,5565,10,2,4.0,8.0
9236,5566,10,1,4.0,4.0
9237,5567,9,1,4.0,4.0
9238,5567,9,1,4.0,4.0
9239,5567,10,1,4.0,4.0
9240,5567,6,1,3.5,3.5
9241,5567,7,1,6.5,6.5
9242,5568,15,2,4.5,9.0
9243,5568,13,1,3.5,3.5
9244,5569,5,1,6.3,6.3
9245,5569,13,2,3.5,7.0
9246,5569,3,1,4.73,4.73
9247,5570,5,1,6.3,6.3
9248,5571,18,2,10.0,20.0
9249,5572,2,1,5.25,5.25
9250,5572,8,1,6.3,6.3
9251,5572,16,1,9.5,9.5
9252,5572,18,1,10.0,10.0
9253,5572,9,1,4.0,4.0
9254,5573,8,1,6.3,6.3
9255,5574,6,2,3.5,7.0
9256,5575,3,1,4.73,4.73
9257,5576,20,1,8.0,8.0
9258,5577,17,1,8.0,9.25
9259,5578,3,1,4.73,5.94
9260,5579,13,2,3.5,7.0
9261,5580,14,1,3.0,3.0
9262,5580,11,2,5.78,11.56
9263,5581,3,2,4.73,11.92
9264,5582,7,1,6.5,6.5
9265,5582,3,1,4.73,4.73
9266,5583,8,1,6.3,6.3
9267,5584,10,1,4.0,4.0
9268,5584,10,1,4.0,4.0
9269,5584,12,1,4.0,4.0
9270,5584,5,2,6.3,12.6
9271,5585,5,2,6.3,12.6
9272,5586,1,1,5.78,5.78
9273,5586,17,1,8.0,8.0
9274,5587,6,1,3.5,3.5
9275,5588,10,1,4.0,4.0
9276,5588,13,1,3.5,3.5
9277,5588,12,1,4.0,4.0
9278,5588,3,1,4.73,6.18
9279,5589,2,1,5.25,5.25
9280,5590,23,1,15.0,15.0
9281,5591,14,1,3.0,3.0
9282,5592,16,1,9.5,9.5
9283,5592,9,1,4.0,4.0
9284,5593,15,1,4.5,4.5
9285,5594,5,1,6.3,8.09
9286,5595,7,1,6.5,6.5
9287,5595,2,2,5.25,10.5
9288,5595,5,1,6.3,6.3
9289,5596,1,1,5.78,5.78
9290,5597,17,1,8.0,8.0
9291,5598,16,1,9.5,10.65
9292,5599,10,1,4.0,4.0
9293,5600,9,1,4.0,4.0
9294,5600,2,1,5.25,5.25
9295,5600,7,1,6.5,7.65
9296,5601,17,1,8.0,8.0
9297,5601,5,1,6.3,6.3
9298,5601,2,2,5.25,10.5
9299,5602,9,1,4.0,5.06
9300,5603,5,1,6.3,7.6
9301,5604,7,1,6.5,6.5
9302,5604,13,1,3.5,3.5
9303,5605,25,1,20.0,20.0
9304,5606,8,1,6.3,6.3
9305,5606,3,1,4.73,4.73
9306,5606,10,1,4.0,4.0
9307,5607,2,1,5.25,5.25
9308,5607,11,1,5.78,5.78
9309,5608,24,1,18.0,18.0
9310,5609,10,1,4.0,4.0
9311,5610,15,1,4.5,4.5
9312,5610,21,1,25.0,25.0
9313,5610,15,1,4.5,4.5
9314,5611,19,1,7.0,7.0
9315,5611,2,1,5.25,5.25
9316,5611,1,1,5.78,5.78
9317,5612,7,2,6.5,13.0
9318,5612,11,1,5.78,5.78
9319,5612,1,1,5.78,5.78
9320,5612,2,1,5.25,5.25
9321,5613,9,1,4.0,4.0
9322,5614,1,2,5.78,11.56
9323,5614,3,1,4.73,4.73
9324,5615,3,2,4.73,9.46
9325,5616,8,1,6.3,7.33
9326,5617,25,1,20.0,21.51
9327,5618,7,1,6.5,6.5
9328,5618,15,1,4.5,4.5
9329,5618,4,1,5.78,5.78
9330,5619,6,2,3.5,7.0
9331,5620,20,1,8.0,8.0
9332,5620,15,1,4.5,4.5
9333,5620,15,1,4.5,4.5
9334,5621,8,1,6.3,6.3
9335,5621,10,1,4.0,4.0
9336,5621,11,1,5.78,5.78
9337,5622,14,1,3.0,3.0
9338,5623,10,1,4.0,4.0
9339,5624,2,1,5.25,5.25
9340,5625,16,1,9.5,9.5
9341,5626,1,1,5.78,5.78
9342,5627,6,1,3.5,3.5
9343,5628,7,2,6.5,13.0
9344,5628,6,1,3.5,3.5
9345,5628,8,1,6.3,6.3
9346,5628,14,1,3.0,3.0
9347,5628,7,1,6.5,6.5
9348,5629,15,1,4.5,5.34
9349,5630,12,2,4.0,9.51
9350,5631,1,1,5.78,6.54
9351,5632,10,1,4.0,4.0
9352,5632,13,1,3.5,3.5
9353,5633,19,2,7.0,14.0
9354,5634,5,2,6.3,12.6
9355,5635,8,1,6.3,6.3
9356,5635,8,1,6.3,6.3
9357,5636,8,1,6.3,9.25
9358,5637,12,1,4.0,4.0
9359,5638,10,1,4.0,4.0
9360,5639,5,1,6.3,9.54
9361,5640,11,1,5.78,5.78
9362,5640,25,1,20.0,20.0
9363,5640,12,1,4.0,4.0
9364,5640,22,1,8.0,8.0
9365,5640,1,1,5.78,6.81
9366,5641,5,1,6.3,6.3
9367,5642,3,1,4.73,4.73
9368,5642,7,1,6.5,6.5
9369,5642,11,1,5.78,7.03
9370,5643,15,1,4.5,4.5
9371,5643,1,1,5.78,5.78
9372,5643,5,2,6.3,12.6
9373,5643,14,1,3.0,3.0
9374,5643,16,1,9.5,9.5
9375,5644,8,1,6.3,6.3
9376,5645,19,1,7.0,7.0
9377,5645,16,2,9.5,19.0
9378,5645,6,1,3.5,3.5
9379,5646,10,1,4.0,4.0
9380,5646,11,1,5.78,5.78
9381,5646,10,1,4.0,4.0
9382,5646,8,1,6.3,6.3
9383,5647,21,1,25.0,26.25
9384,5648,6,1,3.5,3.5
9385,5649,11,1,5.78,5.78
9386,5649,1,1,5.78,5.78
9387,5650,7,2,6.5,13.0
9388,5651,11,1,5.78,5.78
9389,5652,8,1,6.3,6.3
9390,5653,3,1,4.73,4.73
9391,5653,8,1,6.3,6.3
9392,5653,5,1,6.3,6.3
9393,5654,2,1,5.25,6.36
9394,5655,16,1,9.5,11.09
9395,5656,14,1,3.0,3.0
9396,5657,8,2,6.3,12.6
9397,5657,17,1,8.0,8.0
9398,5657,10,1,4.0,4.0
9399,5657,3,1,4.73,4.73
9400,5657,17,1,8.0,8.0
9401,5658,3,1,4.73,4.73
9402,5658,18,1,10.0,10.0
9403,5658,10,1,4.0,5.66
9404,5659,1,1,5.78,5.78
9405,5659,14,1,3.0,3.0
9406,5659,3,1,4.73,4.73
9407,5659,6,1,3.5,3.5
9408,5659,8,1,6.3,7.55
9409,5660,3,1,4.73,4.73
9410,5660,2,1,5.25,5.25
9411,5660,12,1,4.0,4.0
9412,5661,10,1,4.0,4.0
9413,5662,3,2,4.73,9.46
9414,5663,12,1,4.0,4.0
9415,5663,2,2,5.25,10.5
9416,5663,7,2,6.5,13.0
9417,5663,7,1,6.5,6.5
9418,5663,15,2,4.5,9.77
9419,5664,9,2,4.0,8.0
9420,5665,10,1,4.0,6.34
9421,5666,11,1,5.78,5.78
9422,5667,15,1,4.5,4.5
9423,5667,5,1,6.3,8.99
9424,5668,2,1,5.25,5.25
9425,5669,7,1,6.5,8.33
9426,5670,3,1,4.73,4.73
9427,5671,2,1,5.25,5.25
9428,5672,11,1,5.78,5.78
9429,5672,2,2,5.25,10.5
9430,5672,17,2,8.0,16.0
9431,5672,8,1,6.3,6.3
9432,5672,18,1,10.0,11.13
9433,5673,10,1,4.0,4.0
9434,5674,1,1,5.78,5.78
9435,5674,15,1,4.5,4.5
9436,5674,13,1,3.5,3.5
9437,5674,2,1,5.25,5.25
9438,5674,2,1,5.25,6.46
9439,5675,14,1,3.0,3.0
9440,5676,5,1,6.3,7.75
9441,5677,12,1,4.0,4.0
9442,5678,19,1,7.0,7.0
9443,5678,9,1,4.0,4.0
9444,5679,6,2,3.5,7.0
9445,5680,6,1,3.5,3.5
9446,5681,19,1,7.0,7.0
9447,5681,10,1,4.0,4.0
9448,5682,3,1,4.73,7.07
9449,5683,17,1,8.0,8.0
9450,5684,19,1,7.0,7.0
9451,5684,11,1,5.78,5.78
9452,5684,3,1,4.73,4.73
9453,5684,1,1,5.78,5.78
9454,5685,7,1,6.5,7.34
9455,5686,2,1,5.25,5.25
9456,5686,11,1,5.78,5.78
9457,5686,15,1,4.5,4.5
9458,5686,8,1,6.3,6.3
9459,5686,6,2,3.5,10.66
9460,5687,16,1,9.5,11.9
9461,5688,14,1,3.0,5.4
9462,5689,18,1,10.0,10.0
9463,5690,10,1,4.0,4.0
9464,5691,2,1,5.25,5.25
9465,5692,15,1,4.5,4.5
9466,5692,3,1,4.73,4.73
9467,5692,5,2,6.3,16.5
9468,5693,6,1,3.5,3.5
9469,5693,3,1,4.73,4.73
9470,5693,12,1,4.0,4.0
9471,5693,6,2,3.5,7.0
9472,5694,19,1,7.0,8.79
9473,5695,15,1,4.5,5.71
9474,5696,5,1,6.3,6.3
9475,5696,5,1,6.3,6.3
9476,5696,11,1,5.78,5.78
9477,5696,14,1,3.0,3.76
9478,5697,19,1,7.0,7.0
9479,5698,4,1,5.78,5.78
9480,5699,6,2,3.5,7.0
9481,5699,5,1,6.3,6.3
9482,5700,8,1,6.3,6.3
9483,5700,1,1,5.78,5.78
9484,5700,6,1,3.5,3.5
9485,5701,2,2,5.25,10.5
9486,5702,5,1,6.3,6.3
9487,5703,16,1,9.5,9.5
9488,5704,7,1,6.5,6.5
9489,5704,2,1,5.25,5.25
9490,5704,7,2,6.5,13.0
9491,5704,3,1,4.73,4.73
9492,5704,8,1,6.3,8.7
9493,5705,8,1,6.3,6.3
9494,5705,11,1,5.78,5.78
9495,5705,7,1,6.5,6.5
9496,5705,3,1,4.73,4.73
9497,5705,11,1,5.78,5.78
9498,5706,1,1,5.78,5.78
9499,5707,11,1,5.78,5.78
9500,5708,3,1,4.73,4.73
9501,5708,7,1,6.5,6.5
9502,5709,7,1,6.5,6.5
9503,5709,12,1,4.0,4.0
9504,5709,8,1,6.3,8.99
9505,5710,7,1,6.5,6.5
9506,5710,15,1,4.5,4.5
9507,5710,2,1,5.25,5.25
9508,5710,11,1,5.78,5.78
9509,5710,3,1,4.73,5.88
9510,5711,22,1,8.0,8.0
9511,5711,8,1,6.3,6.3
9512,5711,6,1,3.5,3.5
9513,5711,22,1,8.0,8.0
9514,5711,10,1,4.0,4.0
9515,5712,5,1,6.3,6.3
9516,5712,10,1,4.0,4.0
9517,5713,9,1,4.0,4.0
9518,5713,2,2,5.25,10.5
9519,5713,2,1,5.25,5.25
9520,5713,6,1,3.5,3.5
9521,5713,2,1,5.25,7.59
9522,5714,1,1,5.78,5.78
9523,5715,1,1,5.78,5.78
9524,5716,6,1,3.5,4.98
9525,5717,9,1,4.0,4.0
9526,5718,14,1,3.0,3.0
9527,5718,4,1,5.78,5.78
9528,5718,1,1,5.78,6.75
9529,5719,18,2,10.0,22.4
9530,5720,18,1,10.0,10.0
9531,5721,19,2,7.0,14.0
9532,5721,2,2,5.25,10.5
9533,5722,10,2,4.0,8.0
9534,5722,7,2,6.5,13.0
9535,5723,6,1,3.5,3.5
9536,5723,10,1,4.0,4.0
9537,5723,4,1,5.78,5.78
9538,5723,7,1,6.5,6.5
9539,5724,5,1,6.3,6.3
9540,5725,6,1,3.5,3.5
9541,5725,12,1,4.0,4.0
9542,5726,21,1,25.0,25.0
9543,5727,22,1,8.0,9.45
9544,5728,5,1,6.3,7.27
9545,5729,5,1,6.3,6.3
9546,5730,12,1,4.0,4.0
9547,5731,15,1,4.5,4.5
9548,5731,1,1,5.78,5.78
9549,5731,16,1,9.5,9.5
9550,5732,16,1,9.5,9.5
9551,5733,9,2,4.0,8.0
9552,5734,19,1,7.0,7.0
9553,5734,10,1,4.0,4.0
9554,5734,6,1,3.5,3.5
9555,5734,9,2,4.0,8.0
9556,5734,14,1,3.0,3.0
9557,5735,3,1,4.73,4.73
9558,5735,19,2,7.0,14.0
9559,5735,6,1,3.5,3.5
9560,5735,3,2,4.73,9.46
9561,5735,19,2,7.0,14.0
9562,5736,6,1,3.5,3.5
9563,5737,8,2,6.3,12.6
9564,5737,10,1,4.0,4.0
9565,5737,8,1,6.3,6.3
9566,5738,7,1,6.5,6.5
9567,5738,19,1,7.0,7.0
9568,5738,11,1,5.78,5.78
9569,5738,17,1,8.0,8.0
9570,5739,12,1,4.0,5.03
9571,5740,10,1,4.0,4.0
9572,5740,7,1,6.5,6.5
9573,5740,15,1,4.5,6.07
9574,5741,13,1,3.5,3.5
9575,5742,19,1,7.0,7.85
9576,5743,17,1,8.0,8.0
9577,5744,19,1,7.0,7.0
9578,5744,1,1,5.78,6.54
9579,5745,5,1,6.3,9.54
9580,5746,2,1,5.25,6.55
9581,5747,8,1,6.3,6.3
9582,5748,13,1,3.5,3.5
9583,5749,2,1,5.25,5.25
9584,5749,3,1,4.73,4.73
9585,5749,16,1,9.5,9.5
9586,5750,2,1,5.25,5.25
9587,5751,9,1,4.0,4.0
9588,5751,18,1,10.0,10.0
9589,5751,4,1,5.78,5.78
9590,5751,10,1,4.0,4.0
9591,5751,16,2,9.5,20.03
9592,5752,5,1,6.3,6.3
9593,5752,18,2,10.0,20.0
9594,5753,5,1,6.3,7.45
9595,5754,10,1,4.0,4.0
9596,5755,10,1,4.0,4.0
9597,5755,21,1,25.0,25.0
9598,5756,2,1,5.25,6.5
9599,5757,7,2,6.5,13.0
9600,5757,6,1,3.5,3.5
9601,5757,12,1,4.0,4.0
9602,5758,3,2,4.73,9.46
9603,5759,14,1,3.0,3.0
9604,5759,3,1,4.73,4.73
9605,5759,7,1,6.5,6.5
9606,5759,1,2,5.78,11.56
9607,5759,1,1,5.78,7.35
9608,5760,3,1,4.73,4.73
9609,5761,7,1,6.5,6.5
9610,5761,5,1,6.3,6.3
9611,5761,11,1,5.78,5.78
9612,5761,1,1,5.78,5.78
9613,5761,8,1,6.3,6.3
9614,5762,9,2,4.0,8.0
9615,5763,19,1,7.0,7.0
9616,5764,17,1,8.0,8.0
9617,5764,1,1,5.78,5.78
9618,5765,5,1,6.3,9.25
9619,5766,6,2,3.5,7.0
9620,5767,9,1,4.0,4.0
9621,5767,19,1,7.0,7.0
9622,5767,11,1,5.78,5.78
9623,5767,3,2,4.73,11.11
9624,5768,11,1,5.78,5.78
9625,5769,12,1,4.0,5.79
9626,5770,4,2,5.78,11.56
9627,5770,7,1,6.5,6.5
9628,5771,18,1,10.0,10.0
9629,5772,6,1,3.5,3.5
9630,5773,12,1,4.0,4.0
9631,5773,15,2,4.5,9.0
9632,5774,9,1,4.0,4.0
9633,5775,11,1,5.78,6.84
9634,5776,3,1,4.73,4.73
9635,5776,10,1,4.0,4.0
9636,5776,7,1,6.5,7.75
9637,5777,11,1,5.78,5.78
9638,5778,14,1,3.0,4.3
9639,5779,1,1,5.78,6.75
9640,5780,10,1,4.0,4.0
9641,5781,9,1,4.0,4.0
9642,5782,4,1,5.78,5.78
9643,5783,5,1,6.3,6.3
9644,5784,11,1,5.78,5.78
9645,5784,13,1,3.5,3.5
9646,5784,3,1,4.73,4.73
9647,5784,7,1,6.5,6.5
9648,5784,7,1,6.5,6.5
9649,5785,9,1,4.0,4.0
9650,5785,12,1,4.0,4.0
9651,5785,7,1,6.5,6.5
9652,5786,17,2,8.0,16.76
9653,5787,19,1,7.0,7.0
9654,5787,19,1,7.0,7.0
9655,5788,19,2,7.0,14.0
9656,5788,15,2,4.5,9.0
9657,5788,4,1,5.78,7.46
9658,5789,7,1,6.5,8.92
9659,5790,17,1,8.0,9.87
9660,5791,17,1,8.0,8.0
9661,5792,2,2,5.25,10.5
9662,5793,7,1,6.5,7.8
9663,5794,11,1,5.78,5.78
9664,5794,7,1,6.5,6.5
9665,5794,9,1,4.0,4.0
9666,5795,9,1,4.0,4.0
9667,5795,7,1,6.5,6.5
9668,5796,6,1,3.5,3.5
9669,5796,9,1,4.0,4.0
9670,5797,7,2,6.5,13.0
9671,5798,2,1,5.25,7.71
9672,5799,14,1,3.0,3.0
9673,5799,15,1,4.5,4.5
9674,5799,2,1,5.25,5.25
9675,5799,16,1,9.5,9.5
9676,5799,1,2,5.78,11.56
9677,5800,1,1,5.78,5.78
9678,5801,15,1,4.5,6.18
9679,5802,7,1,6.5,6.5
9680,5803,11,1,5.78,5.78
9681,5803,6,1,3.5,3.5
9682,5803,6,1,3.5,3.5
9683,5803,11,1,5.78,5.78
9684,5804,15,2,4.5,9.0
9685,5805,6,1,3.5,3.5
9686,5806,9,1,4.0,4.0
9687,5806,20,1,8.0,9.39
9688,5807,17,1,8.0,8.0
9689,5808,2,1,5.25,5.25
9690,5808,13,1,3.5,3.5
9691,5808,8,1,6.3,6.3
9692,5808,13,2,3.5,7.0
9693,5808,11,1,5.78,9.06
9694,5809,6,1,3.5,3.5
9695,5810,16,1,9.5,9.5
9696,5811,11,1,5.78,5.78
9697,5812,9,2,4.0,8.0
9698,5812,3,2,4.73,9.46
9699,5812,5,1,6.3,6.3
9700,5812,18,2,10.0,20.0
9701,5813,10,1,4.0,5.45
9702,5814,10,1,4.0,4.0
9703,5814,20,1,8.0,8.0
9704,5815,9,1,4.0,5.16
9705,5816,18,1,10.0,10.0
9706,5816,13,1,3.5,3.5
9707,5816,6,1,3.5,3.5
9708,5817,8,1,6.3,6.3
9709,5817,8,2,6.3,12.6
9710,5817,6,1,3.5,3.5
9711,5817,14,1,3.0,3.0
9712,5817,9,1,4.0,4.0
9713,5818,9,1,4.0,4.0
9714,5819,17,1,8.0,8.0
9715,5819,14,2,3.0,6.0
9716,5819,7,1,6.5,6.5
9717,5819,7,1,6.5,6.5
9718,5820,6,1,3.5,3.5
9719,5820,8,1,6.3,6.3
9720,5820,18,1,10.0,10.0
9721,5821,18,1,10.0,10.0
9722,5821,4,2,5.78,11.56
9723,5822,2,1,5.25,5.25
9724,5822,17,2,8.0,16.0
9725,5822,10,1,4.0,4.0
9726,5823,1,2,5.78,11.56
9727,5824,9,1,4.0,4.97
9728,5825,7,1,6.5,6.5
9729,5826,24,1,18.0,18.0
9730,5826,9,1,4.0,4.0
9731,5826,8,1,6.3,6.3
9732,5827,11,1,5.78,6.81
9733,5828,7,1,6.5,6.5
9734,5828,10,2,4.0,8.0
9735,5829,3,1,4.73,7.68
9736,5830,14,1,3.0,3.0
9737,5831,17,1,8.0,8.0
9738,5832,1,2,5.78,11.56
9739,5832,9,1,4.0,4.0
9740,5832,6,1,3.5,3.5
9741,5832,10,1,4.0,4.0
9742,5833,14,2,3.0,6.0
9743,5834,11,1,5.78,7.08
9744,5835,2,1,5.25,5.25
9745,5835,15,1,4.5,4.5
9746,5836,12,1,4.0,4.0
9747,5837,2,1,5.25,5.25
9748,5838,6,2,3.5,7.0
9749,5839,6,1,3.5,3.5
9750,5839,3,1,4.73,4.73
9751,5839,8,1,6.3,6.3
9752,5839,2,1,5.25,8.3
9753,5840,17,1,8.0,9.44
9754,5841,11,1,5.78,8.47
9755,5842,8,1,6.3,6.3
9756,5843,2,1,5.25,7.12
9757,5844,2,1,5.25,5.25
9758,5844,16,1,9.5,9.5
9759,5845,5,1,6.3,6.3
9760,5846,16,1,9.5,11.18
9761,5847,6,2,3.5,8.21
9762,5848,16,1,9.5,9.5
9763,5849,15,1,4.5,4.5
9764,5850,15,1,4.5,4.5
9765,5851,13,1,3.5,3.5
9766,5851,7,1,6.5,6.5
9767,5852,8,1,6.3,6.3
9768,5853,14,1,3.0,3.0
9769,5853,9,1,4.0,4.0
9770,5854,2,1,5.25,5.25
9771,5854,3,1,4.73,4.73
9772,5854,8,1,6.3,6.3
9773,5854,2,1,5.25,6.5
9774,5855,3,1,4.73,4.73
9775,5855,8,1,6.3,6.3
9776,5856,3,2,4.73,9.46
9777,5857,1,1,5.78,5.78
9778,5858,8,1,6.3,6.3
9779,5859,10,2,4.0,8.0
9780,5860,8,1,6.3,6.3
9781,5861,12,1,4.0,5.02
9782,5862,9,1,4.0,6.4
9783,5863,17,1,8.0,8.0
9784,5864,14,1,3.0,3.0
9785,5865,7,1,6.5,6.5
9786,5866,7,1,6.5,6.5
9787,5867,17,2,8.0,16.0
9788,5867,1,2,5.78,11.56
9789,5867,12,1,4.0,4.0
9790,5868,12,1,4.0,4.0
9791,5869,1,1,5.78,5.78
9792,5869,5,2,6.3,16.26
9793,5870,13,1,3.5,3.5
9794,5870,3,1,4.73,4.73
9795,5870,13,1,3.5,3.5
9796,5870,2,1,5.25,5.25
9797,5870,18,2,10.0,20.0
9798,5871,6,1,3.5,4.63
9799,5872,10,1,4.0,4.0
9800,5873,11,1,5.78,5.78
9801,5874,6,1,3.5,3.5
9802,5874,10,1,4.0,4.0
9803,5875,10,1,4.0,4.76
9804,5876,7,1,6.5,6.5
9805,5877,17,1,8.0,8.0
9806,5878,8,1,6.3,6.3
9807,5879,18,1,10.0,12.69
9808,5880,10,1,4.0,4.0
9809,5881,1,1,5.78,6.76
9810,5882,8,1,6.3,6.3
9811,5882,8,1,6.3,6.3
9812,5882,8,2,6.3,12.6
9813,5883,13,1,3.5,3.5
9814,5883,15,1,4.5,4.5
9815,5884,5,1,6.3,6.3
9816,5885,8,1,6.3,6.3
9817,5886,2,1,5.25,5.25
9818,5887,13,1,3.5,3.5
9819,5888,17,1,8.0,9.13
9820,5889,9,1,4.0,4.0
9821,5889,11,1,5.78,5.78
9822,5889,7,1,6.5,6.5
9823,5889,3,1,4.73,4.73
9824,5889,16,1,9.5,9.5
9825,5890,1,1,5.78,5.78
9826,5891,7,1,6.5,7.71
9827,5892,5,1,6.3,7.81
9828,5893,1,1,5.78,5.78
9829,5893,10,2,4.0,8.0
9830,5893,5,1,6.3,6.3
9831,5894,8,1,6.3,6.3
9832,5894,17,1,8.0,8.0
9833,5894,3,1,4.73,4.73
9834,5895,9,1,4.0,4.0
9835,5896,11,1,5.78,7.19
9836,5897,20,1,8.0,8.0
9837,5898,11,1,5.78,5.78
9838,5899,16,1,9.5,9.5
9839,5899,2,1,5.25,5.25
9840,5899,2,1,5.25,5.25
9841,5899,10,1,4.0,5.87
9842,5900,5,1,6.3,6.3
9843,5900,3,1,4.73,8.23
9844,5901,15,1,4.5,4.5
9845,5902,11,1,5.78,8.24
9846,5903,10,1,4.0,4.0
9847,5904,8,1,6.3,7.41
9848,5905,14,1,3.0,5.69
9849,5906,1,1,5.78,5.78
9850,5907,1,1,5.78,5.78
9851,5908,11,2,5.78,11.56
9852,5908,9,1,4.0,5.21
9853,5909,16,1,9.5,9.5
9854,5909,10,1,4.0,4.0
9855,5909,1,1,5.78,5.78
9856,5910,9,2,4.0,9.11
9857,5911,11,1,5.78,6.76
9858,5912,19,1,7.0,7.0
9859,5913,2,1,5.25,5.25
9860,5913,5,1,6.3,6.3
9861,5913,5,1,6.3,6.3
9862,5913,6,1,3.5,4.8
9863,5914,1,1,5.78,5.78
9864,5915,10,1,4.0,5.25
9865,5916,14,1,3.0,3.0
9866,5916,5,1,6.3,6.3
9867,5916,2,1,5.25,5.25
9868,5916,13,1,3.5,3.5
9869,5916,17,1,8.0,9.59
9870,5917,17,1,8.0,8.0
9871,5918,5,1,6.3,6.3
9872,5919,8,1,6.3,6.3
9873,5920,6,2,3.5,7.0
9874,5920,13,2,3.5,7.0
9875,5920,11,1,5.78,5.78
9876,5920,1,1,5.78,7.26
9877,5921,18,1,10.0,10.0
9878,5921,17,1,8.0,8.0
9879,5921,3,1,4.73,4.73
9880,5921,14,1,3.0,3.0
9881,5922,10,1,4.0,4.0
9882,5922,7,1,6.5,6.5
9883,5922,7,2,6.5,13.0
9884,5922,19,2,7.0,15.25
9885,5923,5,1,6.3,6.3
9886,5923,7,2,6.5,13.0
9887,5923,6,1,3.5,3.5
9888,5923,5,1,6.3,6.3
9889,5924,10,1,4.0,4.0
9890,5925,10,2,4.0,8.0
9891,5926,15,1,4.5,4.5
9892,5927,5,1,6.3,7.45
9893,5928,10,1,4.0,4.0
9894,5929,1,1,5.78,5.78
9895,5929,9,2,4.0,8.0
9896,5929,12,1,4.0,4.0
9897,5929,1,1,5.78,5.78
9898,5930,18,1,10.0,11.21
9899,5931,15,2,4.5,9.0
9900,5932,15,2,4.5,11.34
9901,5933,9,1,4.0,4.76
9902,5934,5,1,6.3,6.3
9903,5935,19,1,7.0,7.0
9904,5935,1,1,5.78,5.78
9905,5936,17,1,8.0,9.83
9906,5937,5,1,6.3,6.3
9907,5938,23,1,15.0,15.0
9908,5938,3,1,4.73,4.73
9909,5938,24,1,18.0,18.0
9910,5939,11,2,5.78,11.56
9911,5940,18,2,10.0,20.0
9912,5941,2,2,5.25,11.75
9913,5942,2,2,5.25,10.5
9914,5942,10,2,4.0,8.0
9915,5942,9,1,4.0,4.0
9916,5942,19,2,7.0,14.0
9917,5943,1,1,5.78,7.23
9918,5944,3,1,4.73,4.73
9919,5945,4,1,5.78,5.78
9920,5945,2,1,5.25,5.25
9921,5945,17,1,8.0,8.0
9922,5945,3,1,4.73,4.73
9923,5945,15,1,4.5,6.09
9924,5946,16,1,9.5,9.5
9925,5947,14,2,3.0,6.0
9926,5948,6,1,3.5,3.5
9927,5949,1,1,5.78,6.99
9928,5950,11,1,5.78,5.78
9929,5951,11,1,5.78,5.78
9930,5951,3,1,4.73,4.73
9931,5952,3,1,4.73,4.73
9932,5953,1,1,5.78,5.78
9933,5954,9,2,4.0,9.25
9934,5955,6,1,3.5,4.71
9935,5956,16,1,9.5,9.5
9936,5957,5,1,6.3,7.51
9937,5958,7,1,6.5,6.5
9938,5958,11,1,5.78,5.78
9939,5958,9,1,4.0,4.0
9940,5958,6,1,3.5,3.5
9941,5958,14,1,3.0,3.0
9942,5959,18,1,10.0,10.0
9943,5960,1,2,5.78,11.56
9944,5961,1,1,5.78,5.78
9945,5961,7,1,6.5,6.5
9946,5961,16,1,9.5,9.5
9947,5962,19,2,7.0,14.0
9948,5962,10,1,4.0,4.0
9949,5962,18,1,10.0,10.0
9950,5963,10,1,4.0,4.85
9951,5964,7,1,6.5,6.5
9952,5964,2,1,5.25,5.25
9953,5964,6,1,3.5,3.5
9954,5964,5,1,6.3,6.3
9955,5965,7,1,6.5,6.5
9956,5966,9,2,4.0,8.0
9957,5967,19,1,7.0,7.0
9958,5968,14,1,3.0,3.0
9959,5969,15,1,4.5,4.5
9960,5969,3,1,4.73,4.73
9961,5969,11,1,5.78,6.76
9962,5970,3,1,4.73,4.73
9963,5970,18,1,10.0,10.0
9964,5971,19,1,7.0,7.0
9965,5972,9,2,4.0,8.0
9966,5973,4,1,5.78,5.78
9967,5973,4,1,5.78,6.99
9968,5974,18,1,10.0,10.0
9969,5975,14,1,3.0,3.0
9970,5975,13,1,3.5,3.5
9971,5976,15,1,4.5,4.5
9972,5976,5,2,6.3,12.6
9973,5976,9,1,4.0,4.0
9974,5976,7,1,6.5,6.5
9975,5976,3,1,4.73,6.52
9976,5977,6,2,3.5,7.0
9977,5977,3,1,4.73,4.73
9978,5978,1,1,5.78,5.78
9979,5978,2,2,5.25,10.5
9980,5978,8,1,6.3,6.3
9981,5978,6,1,3.5,3.5
9982,5978,19,1,7.0,7.0
9983,5979,2,1,5.25,5.25
9984,5979,6,1,3.5,3.5
9985,5979,4,1,5.78,8.73
9986,5980,14,1,3.0,3.0
9987,5981,11,1,5.78,5.78
9988,5981,3,1,4.73,4.73
9989,5981,5,1,6.3,7.55
9990,5982,6,1,3.5,3.5
9991,5983,3,1,4.73,4.73
9992,5983,10,1,4.0,4.0
9993,5984,8,1,6.3,6.3
9994,5985,6,1,3.5,3.5
9995,5986,21,1,25.0,25.0
9996,5987,5,1,6.3,6.3
9997,5987,19,1,7.0,7.0
9998,5987,3,1,4.73,4.73
9999,5987,15,1,4.5,4.5
10000,5987,7,1,6.5,6.5
10001,5988,9,2,4.0,8.0
10002,5989,6,2,3.5,7.0
10003,5989,1,1,5.78,5.78
10004,5990,15,1,4.5,4.5
10005,5991,5,1,6.3,6.3
10006,5992,16,1,9.5,9.5
10007,5993,16,1,9.5,9.5
10008,5994,2,1,5.25,5.25
10009,5995,7,2,6.5,13.0
10010,5995,5,1,6.3,6.3
10011,5995,19,1,7.0,7.0
10012,5995,12,1,4.0,4.0
10013,5995,25,1,20.0,20.0
10014,5996,7,2,6.5,13.0
10015,5997,4,1,5.78,6.91
10016,5998,5,1,6.3,6.3
10017,5999,15,1,4.5,4.5
10018,6000,1,1,5.78,5.78
10019,6001,21,1,25.0,26.06
10020,6002,12,1,4.0,5.25
10021,6003,7,1,6.5,6.5
10022,6004,17,2,8.0,16.0
10023,6004,10,1,4.0,4.0
10024,6005,3,1,4.73,4.73
10025,6006,2,1,5.25,5.25
10026,6006,12,1,4.0,4.0
10027,6007,9,1,4.0,4.0
10028,6007,16,2,9.5,19.0
10029,6007,1,2,5.78,13.01
10030,6008,12,1,4.0,4.0
10031,6008,3,2,4.73,9.46
10032,6008,7,1,6.5,6.5
10033,6009,2,1,5.25,6.69
10034,6010,12,1,4.0,4.0
10035,6011,10,1,4.0,5.59
10036,6012,11,1,5.78,5.78
10037,6012,10,1,4.0,4.0
10038,6013,3,1,4.73,4.73
10039,6013,7,1,6.5,6.5
10040,6013,7,2,6.5,13.0
10041,6013,10,1,4.0,6.46
10042,6014,7,1,6.5,6.5
10043,6014,8,1,6.3,6.3
10044,6014,4,1,5.78,5.78
10045,6014,10,2,4.0,8.0
10046,6015,25,1,20.0,20.0
10047,6015,9,1,4.0,4.0
10048,6016,3,1,4.73,4.73
10049,6017,6,1,3.5,3.5
10050,6018,16,2,9.5,19.0
10051,6018,11,1,5.78,5.78
10052,6018,10,1,4.0,4.0
10053,6019,5,1,6.3,7.87
10054,6020,5,1,6.3,6.3
10055,6021,13,1,3.5,3.5
10056,6021,17,1,8.0,8.0
10057,6022,15,1,4.5,4.5
10058,6022,11,1,5.78,5.78
10059,6023,3,1,4.73,4.73
10060,6024,19,1,7.0,7.0
10061,6024,1,1,5.78,5.78
10062,6025,2,1,5.25,6.22
10063,6026,22,1,8.0,8.0
10064,6026,16,1,9.5,9.5
10065,6027,1,1,5.78,5.78
10066,6027,14,1,3.0,4.45
10067,6028,24,1,18.0,18.0
10068,6028,5,1,6.3,7.55
10069,6029,8,1,6.3,7.6
10070,6030,10,2,4.0,9.79
10071,6031,15,1,4.5,6.84
10072,6032,8,1,6.3,6.3
10073,6032,14,1,3.0,3.0
10074,6033,10,1,4.0,7.5
10075,6034,13,2,3.5,7.0
10076,6034,16,1,9.5,9.5
10077,6034,3,1,4.73,4.73
10078,6034,2,1,5.25,5.25
10079,6034,3,1,4.73,4.73
10080,6035,13,1,3.5,3.5
10081,6036,3,1,4.73,6.52
10082,6037,7,1,6.5,6.5
10083,6038,25,1,20.0,20.0
10084,6039,14,1,3.0,3.0
10085,6040,12,2,4.0,8.0
10086,6041,19,1,7.0,7.97
10087,6042,10,1,4.0,4.0
10088,6042,20,1,8.0,8.0
10089,6042,21,1,25.0,26.02
10090,6043,9,1,4.0,4.0
10091,6044,10,2,4.0,8.0
10092,6044,4,1,5.78,5.78
10093,6044,2,1,5.25,5.25
10094,6044,17,1,8.0,8.0
10095,6045,11,1,5.78,5.78
10096,6046,10,1,4.0,4.0
10097,6046,9,1,4.0,4.0
10098,6046,8,1,6.3,6.3
10099,6046,1,2,5.78,11.56
10100,6047,2,1,5.25,5.25
10101,6048,5,1,6.3,6.3
10102,6048,3,1,4.73,6.21
10103,6049,1,1,5.78,9.44
10104,6050,13,2,3.5,7.0
10105,6050,11,1,5.78,5.78
10106,6050,8,1,6.3,6.3
10107,6050,9,2,4.0,8.0
10108,6050,3,1,4.73,5.75
10109,6051,2,1,5.25,5.25
10110,6051,13,1,3.5,3.5
10111,6051,12,1,4.0,6.69
10112,6052,17,1,8.0,8.0
10113,6052,14,2,3.0,6.0
10114,6053,9,1,4.0,4.0
10115,6054,23,1,15.0,15.0
10116,6054,17,1,8.0,8.0
10117,6055,1,1,5.78,5.78
10118,6055,14,1,3.0,4.45
10119,6056,1,1,5.78,5.78
10120,6057,24,1,18.0,18.0
10121,6058,8,1,6.3,6.3
10122,6058,25,1,20.0,20.0
10123,6058,9,2,4.0,8.0
10124,6058,2,1,5.25,5.25
10125,6058,6,1,3.5,3.5
10126,6059,3,1,4.73,5.98
10127,6060,3,2,4.73,10.71
10128,6061,5,1,6.3,8.64
10129,6062,20,1,8.0,9.02
10130,6063,18,2,10.0,21.48
10131,6064,3,1,4.73,4.73
10132,6064,5,2,6.3,12.6
10133,6064,15,1,4.5,4.5
10134,6064,2,1,5.25,5.25
10135,6064,8,2,6.3,12.6
10136,6065,15,1,4.5,4.5
10137,6066,12,2,4.0,8.0
10138,6066,15,1,4.5,4.5
10139,6066,10,2,4.0,8.0
10140,6066,10,2,4.0,9.25
10141,6067,18,1,10.0,10.0
10142,6068,5,1,6.3,6.3
10143,6069,18,1,10.0,12.04
10144,6070,10,1,4.0,4.0
10145,6070,10,1,4.0,7.24
10146,6071,14,1,3.0,5.95
10147,6072,3,2,4.73,9.46
10148,6072,11,1,5.78,7.37
10149,6073,2,1,5.25,5.25
10150,6073,7,1,6.5,6.5
10151,6074,15,1,4.5,4.5
10152,6074,19,1,7.0,8.3
10153,6075,17,1,8.0,8.0
10154,6076,7,1,6.5,6.5
10155,6076,6,1,3.5,3.5
10156,6076,11,1,5.78,5.78
10157,6077,9,1,4.0,5.15
10158,6078,8,1,6.3,7.74
10159,6079,9,1,4.0,5.65
10160,6080,12,1,4.0,4.0
10161,6081,6,1,3.5,3.5
10162,6082,1,1,5.78,7.46
10163,6083,7,1,6.5,6.5
10164,6083,16,1,9.5,9.5
10165,6083,16,1,9.5,9.5
10166,6083,1,1,5.78,5.78
10167,6083,12,2,4.0,8.76
10168,6084,15,1,4.5,4.5
10169,6084,13,2,3.5,7.0
10170,6085,19,1,7.0,7.0
10171,6086,15,1,4.5,4.5
10172,6087,7,1,6.5,6.5
10173,6087,6,1,3.5,3.5
10174,6087,8,2,6.3,12.6
10175,6087,17,1,8.0,8.0
10176,6087,19,1,7.0,8.65
10177,6088,14,1,3.0,3.0
10178,6089,7,1,6.5,6.5
10179,6090,18,1,10.0,10.0
10180,6090,3,1,4.73,4.73
10181,6091,6,1,3.5,3.5
10182,6092,13,1,3.5,3.5
10183,6093,9,1,4.0,5.13
10184,6094,11,1,5.78,6.75
10185,6095,5,1,6.3,6.3
10186,6095,3,1,4.73,5.76
10187,6096,14,1,3.0,3.0
10188,6097,6,1,3.5,5.18
10189,6098,6,1,3.5,3.5
10190,6099,8,2,6.3,12.6
10191,6100,7,2,6.5,13.0
10192,6101,5,1,6.3,6.3
10193,6101,3,1,4.73,4.73
10194,6101,3,1,4.73,4.73
10195,6101,25,1,20.0,20.0
10196,6101,3,1,4.73,4.73
10197,6102,7,1,6.5,6.5
10198,6103,19,1,7.0,7.0
10199,6103,14,1,3.0,3.0
10200,6103,17,1,8.0,8.0
10201,6103,6,1,3.5,3.5
10202,6103,1,1,5.78,6.99
10203,6104,5,1,6.3,6.3
10204,6104,5,1,6.3,6.3
10205,6104,5,1,6.3,6.3
10206,6104,8,1,6.3,6.3
10207,6104,5,1,6.3,6.3
10208,6105,6,2,3.5,7.0
10209,6106,7,2,6.5,13.0
10210,6106,1,1,5.78,5.78
10211,6106,11,1,5.78,5.78
10212,6107,19,1,7.0,7.0
10213,6108,10,1,4.0,4.0
10214,6109,13,1,3.5,3.5
10215,6109,3,1,4.73,4.73
10216,6109,2,1,5.25,5.25
10217,6109,21,1,25.0,25.0
10218,6109,10,1,4.0,5.45
10219,6110,2,1,5.25,5.25
10220,6111,7,1,6.5,7.61
10221,6112,9,1,4.0,4.0
10222,6113,7,1,6.5,6.5
10223,6113,3,1,4.73,4.73
10224,6113,18,1,10.0,10.0
10225,6113,1,2,5.78,11.56
10226,6113,11,2,5.78,11.56
10227,6114,2,1,5.25,5.25
10228,6115,15,1,4.5,6.33
10229,6116,9,2,4.0,8.98
10230,6117,17,1,8.0,8.98
10231,6118,7,1,6.5,6.5
10232,6118,6,1,3.5,3.5
10233,6118,8,1,6.3,6.3
10234,6118,10,1,4.0,4.0
10235,6118,18,1,10.0,11.45
10236,6119,12,1,4.0,4.0
10237,6119,1,1,5.78,5.78
10238,6120,14,1,3.0,3.0
10239,6121,8,1,6.3,6.3
10240,6122,7,1,6.5,6.5
10241,6123,1,1,5.78,5.78
10242,6124,8,1,6.3,6.3
10243,6124,15,1,4.5,5.65
10244,6125,1,1,5.78,5.78
10245,6125,10,1,4.0,4.0
10246,6126,5,1,6.3,8.7
10247,6127,6,1,3.5,3.5
10248,6128,8,1,6.3,6.3
10249,6129,10,1,4.0,4.0
10250,6129,6,2,3.5,7.0
10251,6129,11,1,5.78,5.78
10252,6130,16,1,9.5,9.5
10253,6130,2,1,5.25,5.25
10254,6130,1,1,5.78,5.78
10255,6130,16,1,9.5,9.5
10256,6131,19,1,7.0,10.66
10257,6132,11,1,5.78,6.81
10258,6133,8,2,6.3,12.6
10259,6133,7,1,6.5,7.75
10260,6134,19,1,7.0,7.0
10261,6135,7,1,6.5,7.95
10262,6136,4,1,5.78,7.29
10263,6137,5,1,6.3,6.3
10264,6137,7,1,6.5,7.95
10265,6138,17,1,8.0,8.0
10266,6139,19,1,7.0,8.25
10267,6140,12,1,4.0,4.0
10268,6140,4,1,5.78,5.78
10269,6140,15,1,4.5,6.33
10270,6141,16,2,9.5,19.0
10271,6141,1,1,5.78,5.78
10272,6142,9,1,4.0,4.0
10273,6143,7,1,6.5,8.96
10274,6144,5,1,6.3,7.49
10275,6145,12,1,4.0,4.0
10276,6146,13,1,3.5,5.96
10277,6147,3,1,4.73,6.14
10278,6148,17,1,8.0,8.0
10279,6148,3,1,4.73,4.73
10280,6148,7,1,6.5,6.5
10281,6148,16,2,9.5,19.0
10282,6148,17,1,8.0,8.0
10283,6149,10,1,4.0,4.0
10284,6150,6,1,3.5,3.5
10285,6150,7,1,6.5,6.5
10286,6150,6,1,3.5,3.5
10287,6150,6,1,3.5,4.34
10288,6151,5,1,6.3,7.9
10289,6152,16,1,9.5,9.5
10290,6152,2,2,5.25,10.5
10291,6152,6,1,3.5,3.5
10292,6152,8,2,6.3,12.6
10293,6152,17,1,8.0,8.0
10294,6153,10,1,4.0,4.0
10295,6154,15,1,4.5,4.5
10296,6155,10,1,4.0,4.97
10297,6156,12,2,4.0,8.0
10298,6157,18,1,10.0,11.13
10299,6158,10,1,4.0,4.0
10300,6159,13,1,3.5,4.71
10301,6160,17,1,8.0,10.95
10302,6161,1,1,5.78,5.78
10303,6161,5,2,6.3,12.6
10304,6162,7,2,6.5,13.0
10305,6162,11,1,5.78,5.78
10306,6162,3,1,4.73,7.07
10307,6163,19,1,7.0,8.87
10308,6164,4,1,5.78,5.78
10309,6164,18,1,10.0,11.87
10310,6165,9,1,4.0,4.0
10311,6166,7,2,6.5,13.0
10312,6167,6,2,3.5,7.0
10313,6168,1,2,5.78,12.67
10314,6169,10,1,4.0,4.0
10315,6170,9,1,4.0,5.45
10316,6171,6,2,3.5,7.0
10317,6171,4,1,5.78,5.78
10318,6172,14,1,3.0,3.0
10319,6173,14,1,3.0,3.0
10320,6174,11,1,5.78,5.78
10321,6175,19,1,7.0,7.0
10322,6175,3,1,4.73,4.73
10323,6175,6,1,3.5,3.5
10324,6175,3,2,4.73,9.46
10325,6175,2,1,5.25,5.25
10326,6176,5,1,6.3,6.3
10327,6177,7,1,6.5,6.5
10328,6177,13,2,3.5,7.0
10329,6178,14,2,3.0,6.0
10330,6179,3,1,4.73,4.73
10331,6180,11,1,5.78,7.03
10332,6181,7,1,6.5,6.5
10333,6181,11,2,5.78,12.71
10334,6182,4,1,5.78,5.78
10335,6183,18,1,10.0,13.66
10336,6184,24,1,18.0,18.0
10337,6184,10,1,4.0,4.0
10338,6185,5,1,6.3,7.51
10339,6186,7,1,6.5,6.5
10340,6186,5,1,6.3,6.3
10341,6186,10,1,4.0,4.0
10342,6186,8,1,6.3,6.3
10343,6186,17,2,8.0,16.0
10344,6187,8,1,6.3,7.6
10345,6188,1,1,5.78,5.78
10346,6189,5,1,6.3,6.3
10347,6189,6,1,3.5,3.5
10348,6190,8,1,6.3,6.3
10349,6191,15,1,4.5,5.53
10350,6192,19,1,7.0,7.0
10351,6193,15,1,4.5,4.5
10352,6194,15,1,4.5,4.5
10353,6194,11,2,5.78,11.56
10354,6194,16,1,9.5,9.5
10355,6195,8,1,6.3,6.3
10356,6196,8,1,6.3,7.45
10357,6197,10,1,4.0,4.0
10358,6198,9,2,4.0,8.0
10359,6198,4,2,5.78,11.56
10360,6199,1,1,5.78,5.78
10361,6200,8,1,6.3,8.95
10362,6201,5,2,6.3,13.57
10363,6202,8,2,6.3,13.75
10364,6203,13,1,3.5,3.5
10365,6203,2,1,5.25,5.25
10366,6203,5,1,6.3,6.3
10367,6204,20,1,8.0,8.0
10368,6204,11,2,5.78,11.56
10369,6204,3,2,4.73,9.46
10370,6204,15,1,4.5,4.5
10371,6204,11,1,5.78,7.03
10372,6205,5,1,6.3,6.3
10373,6206,2,1,5.25,6.16
10374,6207,8,1,6.3,6.3
10375,6207,9,2,4.0,8.0
10376,6208,10,1,4.0,4.0
10377,6209,15,2,4.5,9.0
10378,6210,14,1,3.0,4.45
10379,6211,8,1,6.3,6.3
10380,6212,6,1,3.5,3.5
10381,6213,3,1,4.73,4.73
10382,6214,16,1,9.5,9.5
10383,6214,19,1,7.0,7.0
10384,6214,13,2,3.5,8.11
10385,6215,19,2,7.0,14.0
10386,6215,5,2,6.3,12.6
10387,6215,5,1,6.3,6.3
10388,6216,6,1,3.5,4.63
10389,6217,18,1,10.0,10.0
10390,6217,15,1,4.5,4.5
10391,6218,2,1,5.25,5.25
10392,6219,15,1,4.5,4.5
10393,6219,11,1,5.78,5.78
10394,6219,7,2,6.5,13.0
10395,6219,15,1,4.5,4.5
10396,6219,11,1,5.78,5.78
10397,6220,19,1,7.0,7.0
10398,6220,13,1,3.5,3.5
10399,6220,1,2,5.78,11.56
10400,6220,5,1,6.3,6.3
10401,6221,20,1,8.0,8.0
10402,6221,15,2,4.5,9.0
10403,6221,7,2,6.5,13.0
10404,6221,5,1,6.3,6.3
10405,6221,17,1,8.0,8.0
10406,6222,2,1,5.25,5.25
10407,6223,15,2,4.5,9.0
10408,6223,3,1,4.73,4.73
10409,6224,16,2,9.5,19.0
10410,6225,7,1,6.5,6.5
10411,6226,14,1,3.0,3.0
10412,6226,18,1,10.0,10.0
10413,6226,8,1,6.3,6.3
10414,6226,19,1,7.0,8.68
10415,6227,2,1,5.25,6.46
10416,6228,11,2,5.78,13.13
10417,6229,9,1,4.0,4.0
10418,6230,5,2,6.3,12.6
10419,6230,21,1,25.0,26.15
10420,6231,10,1,4.0,4.0
10421,6232,8,1,6.3,6.3
10422,6233,11,2,5.78,11.56
10423,6234,13,1,3.5,3.5
10424,6234,8,1,6.3,6.3
10425,6235,6,2,3.5,7.77
10426,6236,10,1,4.0,4.0
10427,6237,3,2,4.73,9.46
10428,6237,7,1,6.5,7.47
10429,6238,3,1,4.73,4.73
10430,6239,14,1,3.0,3.0
10431,6239,15,1,4.5,4.5
10432,6239,9,1,4.0,4.0
10433,6239,13,1,3.5,3.5
10434,6239,12,1,4.0,4.0
10435,6240,3,1,4.73,4.73
10436,6241,13,1,3.5,3.5
10437,6241,19,2,7.0,15.45
10438,6242,15,1,4.5,7.78
10439,6243,3,1,4.73,4.73
10440,6244,7,1,6.5,7.71
10441,6245,8,1,6.3,6.3
10442,6245,6,1,3.5,3.5
10443,6245,4,1,5.78,5.78
10444,6245,11,1,5.78,5.78
10445,6245,7,2,6.5,13.0
10446,6246,13,1,3.5,3.5
10447,6246,6,1,3.5,3.5
10448,6246,12,1,4.0,4.0
10449,6246,1,1,5.78,5.78
10450,6246,25,1,20.0,20.0
10451,6247,13,1,3.5,3.5
10452,6248,23,1,15.0,15.0
10453,6249,8,1,6.3,6.3
10454,6249,9,1,4.0,4.0
10455,6250,13,1,3.5,3.5
10456,6250,9,2,4.0,8.0
10457,6251,5,1,6.3,6.3
10458,6251,12,1,4.0,4.0
10459,6251,5,1,6.3,7.75
10460,6252,13,1,3.5,3.5
10461,6253,3,2,4.73,10.9
10462,6254,8,1,6.3,7.61
10463,6255,3,1,4.73,4.73
10464,6256,11,1,5.78,8.24
10465,6257,7,1,6.5,7.95
10466,6258,6,1,3.5,5.84
10467,6259,7,1,6.5,6.5
10468,6260,11,1,5.78,5.78
10469,6260,6,1,3.5,3.5
10470,6260,5,1,6.3,6.3
10471,6260,19,1,7.0,7.77
10472,6261,10,1,4.0,4.0
10473,6261,5,1,6.3,6.3
10474,6261,17,1,8.0,8.0
10475,6261,9,2,4.0,8.0
10476,6261,15,1,4.5,4.5
10477,6262,2,1,5.25,6.46
10478,6263,1,1,5.78,5.78
10479,6264,23,1,15.0,15.0
10480,6264,6,1,3.5,3.5
10481,6265,1,1,5.78,5.78
10482,6265,6,2,3.5,7.0
10483,6266,10,2,4.0,8.0
10484,6266,16,1,9.5,9.5
10485,6266,16,1,9.5,9.5
10486,6266,8,1,6.3,6.3
10487,6266,8,1,6.3,9.96
10488,6267,14,1,3.0,3.0
10489,6268,6,1,3.5,4.71
10490,6269,10,1,4.0,4.0
10491,6269,3,1,4.73,4.73
10492,6270,15,1,4.5,4.5
10493,6270,10,1,4.0,4.0
10494,6270,14,1,3.0,3.0
10495,6271,20,1,8.0,10.34
10496,6272,11,1,5.78,5.78
10497,6272,18,1,10.0,11.65
10498,6273,15,1,4.5,4.5
10499,6273,1,1,5.78,5.78
10500,6273,1,1,5.78,5.78
10501,6273,12,1,4.0,4.0
10502,6274,6,1,3.5,3.5
10503,6275,1,1,5.78,5.78
10504,6275,2,1,5.25,5.25
10505,6275,14,1,3.0,4.45
10506,6276,10,1,4.0,4.0
10507,6277,11,1,5.78,5.78
10508,6278,1,1,5.78,5.78
10509,6279,8,1,6.3,6.3
10510,6279,5,1,6.3,6.3
10511,6280,6,2,3.5,7.0
10512,6281,24,1,18.0,19.13
10513,6282,18,1,10.0,10.0
10514,6283,8,1,6.3,6.3
10515,6284,15,1,4.5,5.75
10516,6285,17,2,8.0,17.25
10517,6286,5,1,6.3,7.74
10518,6287,3,2,4.73,10.49
10519,6288,3,1,4.73,4.73
10520,6289,10,1,4.0,4.0
10521,6290,3,1,4.73,4.73
10522,6291,12,1,4.0,4.0
10523,6291,7,1,6.5,6.5
10524,6292,7,1,6.5,6.5
10525,6293,6,1,3.5,3.5
10526,6294,16,1,9.5,9.5
10527,6295,19,1,7.0,7.0
10528,6296,12,1,4.0,4.0
10529,6296,6,1,3.5,3.5
10530,6296,8,1,6.3,6.3
10531,6297,9,1,4.0,4.0
10532,6298,20,1,8.0,8.0
10533,6298,1,1,5.78,5.78
10534,6299,6,1,3.5,3.5
10535,6300,2,1,5.25,5.25
10536,6300,19,1,7.0,7.0
10537,6300,1,1,5.78,5.78
10538,6301,12,1,4.0,4.0
10539,6302,3,1,4.73,4.73
10540,6303,5,1,6.3,6.3
10541,6304,18,1,10.0,10.0
10542,6305,5,1,6.3,6.3
10543,6306,2,1,5.25,5.25
10544,6306,1,1,5.78,5.78
10545,6306,7,1,6.5,6.5
10546,6307,8,1,6.3,6.3
10547,6307,7,1,6.5,6.5
10548,6307,4,1,5.78,5.78
10549,6307,9,1,4.0,4.0
10550,6307,5,1,6.3,6.3
10551,6308,8,2,6.3,12.6
10552,6309,15,1,4.5,6.1
10553,6310,24,1,18.0,18.0
10554,6310,2,1,5.25,8.37
10555,6311,7,1,6.5,6.5
10556,6311,19,1,7.0,7.0
10557,6311,7,1,6.5,6.5
10558,6311,11,1,5.78,5.78
10559,6312,14,1,3.0,3.0
10560,6312,25,1,20.0,20.0
10561,6312,5,1,6.3,7.15
10562,6313,14,1,3.0,3.0
10563,6313,16,1,9.5,9.5
10564,6314,12,1,4.0,5.66
10565,6315,13,2,3.5,7.0
10566,6316,5,1,6.3,6.3
10567,6317,15,1,4.5,7.45
10568,6318,6,2,3.5,7.0
10569,6319,3,1,4.73,4.73
10570,6319,2,1,5.25,5.25
10571,6320,10,1,4.0,4.0
10572,6321,14,1,3.0,3.0
10573,6321,8,1,6.3,6.3
10574,6321,2,2,5.25,13.19
10575,6322,7,1,6.5,6.5
10576,6323,2,2,5.25,13.45
10577,6324,5,1,6.3,6.3
10578,6324,17,1,8.0,8.0
10579,6324,10,1,4.0,4.0
10580,6325,11,1,5.78,5.78
10581,6325,17,2,8.0,16.0
10582,6325,1,2,5.78,11.56
10583,6325,3,1,4.73,4.73
10584,6326,7,1,6.5,6.5
10585,6326,2,1,5.25,5.25
10586,6326,14,1,3.0,3.0
10587,6326,7,1,6.5,6.5
10588,6327,9,1,4.0,5.3
10589,6328,7,1,6.5,6.5
10590,6329,18,1,10.0,10.0
10591,6330,10,1,4.0,4.0
10592,6331,2,1,5.25,5.25
10593,6332,5,1,6.3,7.45
10594,6333,1,2,5.78,11.56
10595,6333,1,1,5.78,6.99
10596,6334,2,1,5.25,5.25
10597,6335,17,2,8.0,16.0
10598,6336,5,1,6.3,6.3
10599,6336,2,1,5.25,5.25
10600,6336,7,1,6.5,6.5
10601,6336,14,1,3.0,3.0
10602,6336,19,1,7.0,7.0
10603,6337,10,1,4.0,5.15
10604,6338,2,1,5.25,5.25
10605,6339,5,1,6.3,6.3
10606,6339,2,1,5.25,5.25
10607,6340,9,1,4.0,4.0
10608,6341,3,1,4.73,4.73
10609,6342,7,1,6.5,6.5
10610,6343,11,1,5.78,5.78
10611,6344,7,1,6.5,10.0
10612,6345,9,1,4.0,5.02
10613,6346,15,1,4.5,4.5
10614,6347,14,1,3.0,3.0
10615,6348,5,1,6.3,6.3
10616,6349,17,1,8.0,8.0
10617,6349,4,1,5.78,5.78
10618,6350,13,1,3.5,3.5
10619,6351,17,1,8.0,8.0
10620,6352,8,1,6.3,8.87
10621,6353,3,1,4.73,4.73
10622,6353,16,1,9.5,10.71
10623,6354,10,2,4.0,8.0
10624,6355,12,1,4.0,4.0
10625,6356,15,1,4.5,4.5
10626,6357,11,1,5.78,6.89
10627,6358,8,1,6.3,6.3
10628,6358,16,1,9.5,9.5
10629,6358,15,1,4.5,4.5
10630,6359,6,1,3.5,3.5
10631,6360,2,1,5.25,5.25
10632,6361,10,1,4.0,5.65
10633,6362,15,1,4.5,4.5
10634,6362,7,1,6.5,6.5
10635,6362,7,1,6.5,6.5
10636,6363,7,1,6.5,6.5
10637,6363,14,1,3.0,4.3
10638,6364,2,1,5.25,5.25
10639,6364,11,1,5.78,5.78
10640,6364,16,1,9.5,9.5
10641,6365,19,2,7.0,14.0
10642,6365,4,1,5.78,7.26
10643,6366,18,1,10.0,10.0
10644,6366,11,1,5.78,6.75
10645,6367,5,1,6.3,8.76
10646,6368,1,1,5.78,5.78
10647,6369,16,2,9.5,19.0
10648,6370,7,1,6.5,6.5
10649,6371,5,1,6.3,6.3
10650,6372,8,1,6.3,7.55
10651,6373,18,1,10.0,10.0
10652,6374,7,1,6.5,6.5
10653,6375,18,1,10.0,10.0
10654,6375,17,1,8.0,8.0
10655,6375,15,1,4.5,4.5
10656,6375,11,1,5.78,5.78
10657,6375,16,1,9.5,9.5
10658,6376,6,1,3.5,3.5
10659,6377,7,1,6.5,7.71
10660,6378,14,1,3.0,3.0
10661,6379,17,1,8.0,8.0
10662,6380,12,1,4.0,4.0
10663,6380,17,1,8.0,8.0
10664,6381,19,1,7.0,7.0
10665,6382,1,2,5.78,11.56
10666,6382,9,1,4.0,4.0
10667,6382,10,1,4.0,4.0
10668,6383,2,1,5.25,5.25
10669,6383,6,1,3.5,3.5
10670,6383,8,1,6.3,6.3
10671,6383,19,1,7.0,7.0
10672,6384,8,1,6.3,7.55
10673,6385,5,1,6.3,6.3
10674,6385,12,1,4.0,4.0
10675,6386,15,1,4.5,6.09
10676,6387,10,1,4.0,4.0
10677,6388,6,1,3.5,3.5
10678,6388,4,1,5.78,5.78
10679,6388,7,2,6.5,13.0
10680,6389,7,1,6.5,6.5
10681,6389,16,2,9.5,19.0
10682,6390,19,1,7.0,7.0
10683,6391,7,1,6.5,6.5
10684,6391,24,1,18.0,18.0
10685,6391,18,1,10.0,10.0
10686,6392,18,1,10.0,10.0
10687,6393,14,1,3.0,3.0
10688,6393,19,1,7.0,7.0
10689,6393,1,2,5.78,11.56
10690,6393,25,1,20.0,20.0
10691,6393,14,1,3.0,4.25
10692,6394,7,1,6.5,6.5
10693,6395,15,2,4.5,10.51
10694,6396,6,1,3.5,7.16
10695,6397,19,1,7.0,7.0
10696,6397,11,2,5.78,11.56
10697,6397,2,1,5.25,6.19
10698,6398,4,2,5.78,11.56
10699,6399,2,1,5.25,5.25
10700,6400,7,2,6.5,13.0
10701,6400,7,1,6.5,6.5
10702,6400,15,1,4.5,4.5
10703,6400,17,1,8.0,8.0
10704,6401,12,1,4.0,4.0
10705,6402,11,1,5.78,5.78
10706,6403,20,1,8.0,8.0
10707,6404,2,1,5.25,5.25
10708,6404,10,1,4.0,4.0
10709,6404,12,1,4.0,4.0
10710,6404,10,1,4.0,4.0
10711,6404,1,2,5.78,12.54
10712,6405,20,1,8.0,9.59
10713,6406,23,1,15.0,15.0
10714,6407,7,1,6.5,6.5
10715,6408,4,1,5.78,5.78
10716,6409,4,1,5.78,5.78
10717,6410,23,1,15.0,16.25
10718,6411,8,1,6.3,6.3
10719,6411,2,1,5.25,5.25
10720,6412,19,1,7.0,7.0
10721,6412,7,1,6.5,6.5
10722,6413,7,1,6.5,6.5
10723,6414,3,1,4.73,4.73
10724,6414,5,1,6.3,7.36
10725,6415,19,2,7.0,14.0
10726,6415,7,1,6.5,6.5
10727,6416,10,1,4.0,6.65
10728,6417,16,1,9.5,11.96
10729,6418,17,1,8.0,8.0
10730,6418,9,1,4.0,4.0
10731,6418,1,1,5.78,8.12
10732,6419,12,1,4.0,4.0
10733,6419,8,2,6.3,14.2
10734,6420,2,2,5.25,12.01
10735,6421,2,1,5.25,5.25
10736,6422,12,1,4.0,4.0
10737,6422,10,1,4.0,4.0
10738,6423,18,1,10.0,10.0
10739,6424,12,1,4.0,4.0
10740,6424,15,1,4.5,4.5
10741,6425,10,1,4.0,4.0
10742,6426,7,1,6.5,9.45
10743,6427,17,1,8.0,8.0
10744,6428,3,2,4.73,9.46
10745,6429,18,1,10.0,10.0
10746,6429,10,1,4.0,4.0
10747,6429,11,1,5.78,5.78
10748,6430,14,1,3.0,3.97
10749,6431,18,1,10.0,10.0
10750,6432,13,1,3.5,4.75
10751,6433,3,2,4.73,9.46
10752,6433,8,1,6.3,6.3
10753,6433,7,1,6.5,6.5
10754,6433,8,1,6.3,6.3
10755,6433,25,1,20.0,20.0
10756,6434,6,1,3.5,6.74
10757,6435,15,1,4.5,4.5
10758,6435,7,1,6.5,6.5
10759,6435,1,1,5.78,5.78
10760,6435,4,1,5.78,5.78
10761,6435,17,1,8.0,8.0
10762,6436,11,1,5.78,5.78
10763,6436,12,1,4.0,4.0
10764,6436,12,1,4.0,4.0
10765,6437,16,1,9.5,9.5
10766,6437,11,1,5.78,5.78
10767,6437,12,1,4.0,4.0
10768,6437,5,1,6.3,6.3
10769,6438,2,1,5.25,5.25
10770,6438,19,1,7.0,7.0
10771,6438,7,1,6.5,6.5
10772,6438,12,1,4.0,4.0
10773,6438,16,1,9.5,11.07
10774,6439,24,1,18.0,21.9
10775,6440,2,1,5.25,6.7
10776,6441,15,1,4.5,4.5
10777,6442,2,1,5.25,6.31
10778,6443,9,1,4.0,4.0
10779,6443,15,1,4.5,4.5
10780,6443,17,1,8.0,8.0
10781,6444,8,1,6.3,6.3
10782,6444,17,1,8.0,8.0
10783,6445,17,1,8.0,8.0
10784,6445,14,1,3.0,3.0
10785,6445,2,1,5.25,5.25
10786,6445,2,2,5.25,10.5
10787,6446,19,1,7.0,7.0
10788,6447,2,1,5.25,5.25
10789,6448,7,1,6.5,6.5
10790,6448,2,1,5.25,5.25
10791,6448,23,1,15.0,15.0
10792,6449,16,1,9.5,9.5
10793,6450,17,1,8.0,9.25
10794,6451,7,1,6.5,7.75
10795,6452,10,2,4.0,8.0
10796,6453,9,1,4.0,4.0
10797,6453,7,1,6.5,6.5
10798,6453,14,1,3.0,3.0
10799,6453,15,2,4.5,9.0
10800,6453,18,1,10.0,10.0
10801,6454,23,1,15.0,15.0
10802,6455,9,1,4.0,5.44
10803,6456,13,1,3.5,3.5
10804,6457,19,1,7.0,9.65
10805,6458,2,1,5.25,5.25
10806,6459,15,1,4.5,4.5
10807,6460,3,1,4.73,7.42
10808,6461,5,1,6.3,6.3
10809,6462,24,1,18.0,18.0
10810,6462,7,1,6.5,6.5
10811,6462,14,1,3.0,3.0
10812,6462,2,1,5.25,5.25
10813,6462,10,1,4.0,4.0
10814,6463,11,2,5.78,11.56
10815,6463,12,1,4.0,4.0
10816,6463,17,2,8.0,16.0
10817,6464,18,1,10.0,10.0
10818,6465,7,1,6.5,6.5
10819,6466,10,1,4.0,5.45
10820,6467,12,1,4.0,4.0
10821,6467,8,1,6.3,6.3
10822,6467,1,2,5.78,11.56
10823,6467,9,1,4.0,4.0
10824,6467,18,1,10.0,10.0
10825,6468,6,1,3.5,3.5
10826,6469,4,1,5.78,5.78
10827,6470,14,1,3.0,3.0
10828,6471,15,1,4.5,4.5
10829,6472,19,2,7.0,14.0
10830,6472,11,1,5.78,5.78
10831,6473,16,1,9.5,11.33
10832,6474,7,1,6.5,6.5
10833,6474,10,1,4.0,4.0
10834,6474,14,1,3.0,3.0
10835,6474,12,1,4.0,4.0
10836,6474,8,1,6.3,6.3
10837,6475,19,1,7.0,7.0
10838,6475,5,1,6.3,6.3
10839,6475,6,2,3.5,7.0
10840,6475,5,1,6.3,6.3
10841,6476,17,1,8.0,9.25
10842,6477,19,1,7.0,8.23
10843,6478,1,1,5.78,7.38
10844,6479,18,1,10.0,10.0
10845,6479,8,1,6.3,6.3
10846,6480,6,2,3.5,7.0
10847,6480,9,2,4.0,10.02
10848,6481,1,1,5.78,5.78
10849,6481,12,1,4.0,5.31
10850,6482,15,1,4.5,4.5
10851,6483,15,1,4.5,5.61
10852,6484,10,1,4.0,4.0
10853,6485,8,1,6.3,6.3
10854,6486,13,1,3.5,3.5
10855,6487,3,1,4.73,4.73
10856,6488,19,1,7.0,7.0
10857,6489,12,1,4.0,4.0
10858,6490,9,1,4.0,4.0
10859,6491,5,1,6.3,7.36
10860,6492,11,1,5.78,5.78
10861,6493,14,1,3.0,3.0
10862,6493,12,1,4.0,4.0
10863,6493,5,2,6.3,12.6
10864,6494,15,1,4.5,4.5
10865,6495,16,2,9.5,19.0
10866,6496,14,1,3.0,3.0
10867,6497,11,1,5.78,5.78
10868,6498,7,1,6.5,6.5
10869,6498,10,1,4.0,4.0
10870,6498,18,1,10.0,12.46
10871,6499,8,1,6.3,7.27
10872,6500,11,1,5.78,5.78
10873,6500,18,1,10.0,10.0
10874,6500,10,1,4.0,4.0
10875,6500,3,1,4.73,7.42
10876,6501,23,1,15.0,15.0
10877,6502,15,1,4.5,4.5
10878,6502,7,1,6.5,6.5
10879,6502,7,1,6.5,6.5
10880,6502,6,1,3.5,3.5
10881,6502,7,1,6.5,6.5
10882,6503,18,1,10.0,10.0
10883,6504,14,2,3.0,6.0
10884,6504,1,1,5.78,5.78
10885,6504,7,1,6.5,6.5
10886,6504,3,1,4.73,4.73
10887,6504,11,2,5.78,12.59
10888,6505,16,1,9.5,10.71
10889,6506,8,1,6.3,6.3
10890,6506,7,2,6.5,13.0
10891,6506,14,1,3.0,3.0
10892,6506,19,1,7.0,7.0
10893,6506,6,1,3.5,3.5
10894,6507,18,1,10.0,10.0
10895,6508,15,1,4.5,4.5
10896,6508,10,2,4.0,8.0
10897,6508,19,1,7.0,7.0
10898,6509,13,1,3.5,3.5
10899,6510,10,1,4.0,5.45
10900,6511,6,1,3.5,4.35
10901,6512,11,1,5.78,7.65
10902,6513,15,1,4.5,4.5
10903,6513,1,1,5.78,5.78
10904,6513,11,1,5.78,7.23
10905,6514,16,1,9.5,9.5
10906,6514,1,1,5.78,5.78
10907,6514,15,1,4.5,4.5
10908,6515,12,1,4.0,4.0
10909,6516,2,1,5.25,5.25
10910,6517,7,2,6.5,13.0
10911,6517,2,1,5.25,5.25
10912,6517,2,1,5.25,5.25
10913,6517,8,1,6.3,6.3
10914,6517,12,1,4.0,4.0
10915,6518,8,1,6.3,6.3
10916,6518,2,1,5.25,5.25
10917,6518,17,1,8.0,8.0
10918,6518,3,1,4.73,4.73
10919,6519,2,1,5.25,5.25
10920,6520,10,1,4.0,4.0
10921,6521,7,1,6.5,6.5
10922,6521,18,1,10.0,11.16
10923,6522,8,1,6.3,6.3
10924,6523,11,1,5.78,5.78
10925,6524,13,1,3.5,3.5
10926,6524,15,2,4.5,10.45
10927,6525,9,1,4.0,4.98
10928,6526,16,1,9.5,9.5
10929,6526,25,1,20.0,20.0
10930,6526,2,2,5.25,10.5
10931,6526,10,1,4.0,4.0
10932,6526,12,1,4.0,6.91
10933,6527,9,1,4.0,7.28
10934,6528,12,2,4.0,8.0
10935,6529,3,1,4.73,4.73
10936,6529,4,1,5.78,5.78
10937,6529,15,1,4.5,4.5
10938,6529,10,1,4.0,4.0
10939,6529,7,1,6.5,10.0
10940,6530,8,1,6.3,6.3
10941,6531,18,1,10.0,10.0
10942,6531,1,1,5.78,5.78
10943,6531,19,1,7.0,7.0
10944,6531,7,1,6.5,6.5
10945,6531,13,1,3.5,4.56
10946,6532,20,1,8.0,10.34
10947,6533,15,1,4.5,4.5
10948,6534,14,1,3.0,3.0
10949,6534,2,2,5.25,10.5
10950,6535,5,1,6.3,7.41
10951,6536,7,1,6.5,6.5
10952,6537,3,1,4.73,4.73
10953,6537,3,1,4.73,4.73
10954,6537,17,1,8.0,8.0
10955,6537,16,1,9.5,9.5
10956,6537,9,1,4.0,4.0
10957,6538,2,1,5.25,5.25
10958,6539,7,2,6.5,13.0
10959,6539,16,1,9.5,9.5
10960,6540,15,1,4.5,4.5
10961,6540,12,1,4.0,6.46
10962,6541,18,1,10.0,11.23
10963,6542,7,1,6.5,6.5
10964,6542,19,2,7.0,14.0
10965,6543,17,1,8.0,8.0
10966,6544,15,1,4.5,4.5
10967,6545,11,1,5.78,7.22
10968,6546,6,1,3.5,3.5
10969,6546,25,1,20.0,20.0
10970,6546,4,1,5.78,9.02
10971,6547,2,1,5.25,5.25
10972,6547,7,1,6.5,6.5
10973,6547,3,1,4.73,4.73
10974,6547,16,1,9.5,9.5
10975,6547,7,1,6.5,7.65
10976,6548,16,2,9.5,19.0
10977,6549,3,1,4.73,4.73
10978,6549,3,1,4.73,4.73
10979,6549,16,1,9.5,9.5
10980,6549,15,1,4.5,5.26
10981,6550,16,1,9.5,11.16
10982,6551,11,1,5.78,5.78
10983,6552,13,1,3.5,6.55
10984,6553,14,1,3.0,3.0
10985,6554,17,1,8.0,9.21
10986,6555,19,1,7.0,7.0
10987,6555,19,1,7.0,7.76
10988,6556,15,1,4.5,4.5
10989,6556,16,2,9.5,19.0
10990,6556,16,1,9.5,11.96
10991,6557,10,1,4.0,4.0
10992,6557,4,1,5.78,5.78
10993,6558,14,1,3.0,3.0
10994,6559,15,1,4.5,4.5
10995,6560,23,1,15.0,15.0
10996,6561,18,1,10.0,10.0
10997,6562,15,1,4.5,4.5
10998,6563,9,1,4.0,4.0
10999,6564,15,1,4.5,7.74
11000,6565,17,1,8.0,8.0
11001,6565,11,1,5.78,5.78
11002,6566,6,1,3.5,3.5
11003,6566,15,1,4.5,4.5
11004,6566,9,1,4.0,4.0
11005,6566,2,1,5.25,5.25
11006,6567,19,1,7.0,7.0
11007,6567,17,1,8.0,8.0
11008,6567,6,2,3.5,7.0
11009,6568,14,1,3.0,4.25
11010,6569,14,1,3.0,3.0
11011,6569,18,1,10.0,10.0
11012,6570,16,1,9.5,9.5
11013,6571,5,1,6.3,6.3
11014,6572,7,1,6.5,10.16
11015,6573,15,1,4.5,4.5
11016,6574,6,1,3.5,3.5
11017,6574,7,1,6.5,6.5
11018,6575,7,1,6.5,6.5
11019,6576,15,1,4.5,4.5
11020,6577,1,1,5.78,8.12
11021,6578,12,1,4.0,4.0
11022,6578,23,1,15.0,15.0
11023,6578,7,1,6.5,6.5
11024,6579,14,1,3.0,3.0
11025,6579,7,1,6.5,6.5
11026,6579,6,2,3.5,7.0
11027,6580,15,1,4.5,4.5
11028,6580,12,1,4.0,4.0
11029,6580,17,2,8.0,16.0
11030,6581,9,1,4.0,4.0
11031,6582,17,1,8.0,8.0
11032,6582,24,1,18.0,18.0
11033,6582,13,1,3.5,3.5
11034,6582,2,1,5.25,5.25
11035,6582,14,1,3.0,4.25
11036,6583,14,1,3.0,3.0
11037,6584,12,1,4.0,6.95
11038,6585,22,1,8.0,8.0
11039,6585,8,1,6.3,6.3
11040,6585,11,1,5.78,5.78
11041,6585,7,2,6.5,13.0
11042,6585,10,1,4.0,4.0
11043,6586,3,1,4.73,4.73
11044,6586,10,1,4.0,4.0
11045,6586,16,1,9.5,9.5
11046,6586,20,2,8.0,16.0
11047,6586,1,2,5.78,13.9
11048,6587,2,1,5.25,5.25
11049,6587,12,1,4.0,4.0
11050,6588,15,1,4.5,4.5
11051,6589,9,1,4.0,4.0
11052,6589,8,1,6.3,6.3
11053,6589,9,1,4.0,4.0
11054,6589,16,1,9.5,9.5
11055,6590,14,1,3.0,5.62
11056,6591,19,1,7.0,7.0
11057,6592,2,1,5.25,5.25
11058,6593,13,1,3.5,4.75
11059,6594,15,1,4.5,4.5
11060,6594,16,1,9.5,9.5
11061,6594,16,1,9.5,9.5
11062,6594,10,1,4.0,5.87
11063,6595,7,1,6.5,6.5
11064,6595,8,1,6.3,6.3
11065,6595,10,1,4.0,4.0
11066,6596,7,1,6.5,6.5
11067,6596,7,1,6.5,6.5
11068,6596,2,1,5.25,5.25
11069,6596,19,1,7.0,7.0
11070,6596,4,2,5.78,11.56
11071,6597,13,1,3.5,3.5
11072,6598,9,1,4.0,6.34
11073,6599,12,1,4.0,4.0
11074,6599,10,1,4.0,4.0
11075,6599,7,1,6.5,6.5
11076,6599,15,1,4.5,4.5
11077,6599,16,1,9.5,9.5
11078,6600,8,1,6.3,6.3
11079,6601,7,1,6.5,6.5
11080,6601,14,2,3.0,6.0
11081,6601,10,1,4.0,4.0
11082,6601,19,1,7.0,7.0
11083,6601,15,1,4.5,4.5
11084,6602,11,2,5.78,12.77
11085,6603,15,1,4.5,5.81
11086,6604,3,1,4.73,4.73
11087,6605,11,1,5.78,5.78
11088,6606,12,1,4.0,5.3
11089,6607,14,1,3.0,3.0
11090,6608,5,1,6.3,6.3
11091,6608,10,1,4.0,4.0
11092,6608,10,1,4.0,4.0
11093,6608,5,1,6.3,6.3
11094,6608,7,2,6.5,14.06
11095,6609,3,1,4.73,4.73
11096,6610,1,1,5.78,5.78
11097,6610,7,1,6.5,6.5
11098,6611,7,2,6.5,13.0
11099,6612,12,1,4.0,4.0
11100,6613,7,1,6.5,6.5
11101,6614,1,1,5.78,6.89
11102,6615,4,1,5.78,6.89
11103,6616,9,2,4.0,8.0
11104,6616,12,1,4.0,4.0
11105,6616,17,1,8.0,8.0
11106,6616,15,1,4.5,4.5
11107,6616,18,1,10.0,10.0
11108,6617,16,2,9.5,20.15
11109,6618,13,1,3.5,3.5
11110,6618,18,1,10.0,10.0
11111,6619,17,1,8.0,8.0
11112,6620,22,1,8.0,8.0
11113,6621,3,1,4.73,4.73
11114,6621,7,1,6.5,6.5
11115,6622,12,1,4.0,5.45
11116,6623,9,1,4.0,5.44
11117,6624,17,1,8.0,8.0
11118,6624,13,1,3.5,3.5
11119,6625,17,1,8.0,8.0
11120,6626,13,1,3.5,4.65
11121,6627,5,1,6.3,6.3
11122,6628,2,1,5.25,5.25
11123,6629,1,2,5.78,14.51
11124,6630,19,1,7.0,7.0
11125,6631,11,2,5.78,15.22
11126,6632,25,1,20.0,21.51
11127,6633,8,1,6.3,7.81
11128,6634,11,1,5.78,5.78
11129,6634,8,1,6.3,7.45
11130,6635,5,1,6.3,6.3
11131,6636,12,1,4.0,4.0
11132,6637,15,1,4.5,4.5
11133,6638,16,2,9.5,19.0
11134,6639,20,2,8.0,16.0
11135,6640,8,1,6.3,6.3
11136,6640,9,1,4.0,4.0
11137,6640,15,2,4.5,9.0
11138,6641,12,1,4.0,4.0
11139,6642,11,1,5.78,7.22
11140,6643,15,1,4.5,4.5
11141,6643,11,1,5.78,5.78
11142,6643,6,2,3.5,10.5
11143,6644,11,1,5.78,5.78
11144,6644,20,1,8.0,8.0
11145,6645,19,1,7.0,7.0
11146,6645,9,1,4.0,6.42
11147,6646,3,1,4.73,4.73
11148,6647,13,1,3.5,3.5
11149,6647,5,1,6.3,6.3
11150,6647,16,2,9.5,19.0
11151,6647,15,1,4.5,4.5
11152,6647,15,2,4.5,9.0
11153,6648,7,1,6.5,6.5
11154,6648,13,1,3.5,3.5
11155,6649,13,1,3.5,5.37
11156,6650,1,1,5.78,5.78
11157,6651,6,1,3.5,3.5
11158,6651,18,1,10.0,10.0
11159,6651,7,1,6.5,6.5
11160,6651,17,1,8.0,8.0
11161,6651,5,2,6.3,12.6
11162,6652,7,1,6.5,6.5
11163,6652,17,2,8.0,16.0
11164,6653,7,1,6.5,7.58
11165,6654,9,1,4.0,4.0
11166,6655,14,1,3.0,3.0
11167,6656,18,1,10.0,10.0
11168,6657,10,1,4.0,5.13
11169,6658,15,1,4.5,4.5
11170,6659,8,1,6.3,7.45
11171,6660,5,1,6.3,6.3
11172,6660,2,1,5.25,5.25
11173,6661,3,1,4.73,4.73
11174,6662,23,1,15.0,15.0
11175,6663,6,1,3.5,3.5
11176,6663,1,1,5.78,6.99
11177,6664,5,1,6.3,7.75
11178,6665,12,1,4.0,5.45
11179,6666,10,2,4.0,9.21
11180,6667,8,1,6.3,6.3
11181,6667,1,1,5.78,5.78
11182,6667,5,1,6.3,7.51
11183,6668,1,1,5.78,5.78
11184,6668,6,1,3.5,3.5
11185,6668,9,1,4.0,4.0
11186,6668,15,1,4.5,4.5
11187,6668,7,1,6.5,7.75
11188,6669,12,2,4.0,11.9
11189,6670,17,1,8.0,8.0
11190,6671,19,1,7.0,8.54
11191,6672,18,1,10.0,10.0
11192,6673,11,1,5.78,5.78
11193,6674,13,1,3.5,3.5
11194,6675,13,2,3.5,7.0
11195,6676,19,1,7.0,7.0
11196,6677,10,1,4.0,4.0
11197,6678,17,1,8.0,8.0
11198,6679,7,1,6.5,6.5
11199,6680,7,1,6.5,8.9
11200,6681,1,1,5.78,7.57
11201,6682,11,1,5.78,5.78
11202,6683,6,1,3.5,4.41
11203,6684,2,1,5.25,5.25
11204,6685,9,1,4.0,4.0
11205,6686,10,1,4.0,4.0
11206,6687,6,1,3.5,4.61
11207,6688,9,1,4.0,5.25
11208,6689,19,1,7.0,7.0
11209,6690,8,1,6.3,8.09
11210,6691,6,1,3.5,3.5
11211,6691,14,1,3.0,3.0
11212,6691,7,1,6.5,6.5
11213,6691,13,2,3.5,7.0
11214,6691,6,1,3.5,3.5
11215,6692,3,1,4.73,4.73
11216,6693,18,1,10.0,10.0
11217,6694,12,1,4.0,5.59
11218,6695,23,1,15.0,15.0
11219,6696,6,1,3.5,4.8
11220,6697,13,2,3.5,8.06
11221,6698,15,1,4.5,6.15
11222,6699,8,1,6.3,6.3
11223,6699,1,1,5.78,5.78
11224,6699,18,2,10.0,20.0
11225,6699,4,1,5.78,5.78
11226,6699,17,1,8.0,8.0
11227,6700,19,1,7.0,7.0
11228,6701,7,1,6.5,6.5
11229,6701,13,1,3.5,3.5
11230,6701,22,1,8.0,8.76
11231,6702,7,1,6.5,6.5
11232,6702,1,1,5.78,5.78
11233,6702,15,1,4.5,4.5
11234,6702,15,1,4.5,5.94
11235,6703,7,1,6.5,7.61
11236,6704,8,1,6.3,6.3
11237,6704,8,1,6.3,6.3
11238,6705,6,2,3.5,7.0
11239,6705,14,1,3.0,3.0
11240,6706,15,1,4.5,4.5
11241,6707,16,1,9.5,9.5
11242,6707,13,1,3.5,3.5
11243,6707,15,1,4.5,4.5
11244,6708,1,1,5.78,5.78
11245,6709,9,1,4.0,5.15
11246,6710,18,1,10.0,11.11
11247,6711,10,1,4.0,5.79
11248,6712,7,1,6.5,6.5
11249,6712,12,1,4.0,4.0
11250,6712,12,1,4.0,4.0
11251,6712,3,1,4.73,4.73
11252,6713,16,2,9.5,19.0
11253,6713,18,1,10.0,10.0
11254,6713,12,1,4.0,4.0
11255,6714,19,1,7.0,7.0
11256,6714,5,1,6.3,6.3
11257,6715,1,1,5.78,5.78
11258,6716,10,1,4.0,4.0
11259,6717,14,1,3.0,3.0
11260,6718,8,1,6.3,6.3
11261,6718,8,2,6.3,12.6
11262,6718,7,1,6.5,10.4
11263,6719,7,1,6.5,7.95
11264,6720,11,2,5.78,12.77
11265,6721,8,2,6.3,12.6
11266,6722,7,1,6.5,6.5
11267,6723,9,1,4.0,4.0
11268,6723,12,1,4.0,4.0
11269,6723,12,1,4.0,4.0
11270,6723,19,1,7.0,7.0
11271,6724,8,1,6.3,7.41
11272,6725,22,1,8.0,8.0
11273,6725,18,1,10.0,10.0
11274,6726,9,1,4.0,4.0
11275,6726,2,1,5.25,5.25
11276,6726,19,1,7.0,7.0
11277,6726,18,1,10.0,10.0
11278,6726,3,1,4.73,6.18
11279,6727,10,1,4.0,4.0
11280,6728,1,1,5.78,7.57
11281,6729,11,2,5.78,12.53
11282,6730,1,1,5.78,5.78
11283,6730,10,1,4.0,4.0
11284,6730,17,1,8.0,8.0
11285,6730,6,1,3.5,3.5
11286,6730,15,1,4.5,4.5
11287,6731,15,1,4.5,4.5
11288,6732,19,1,7.0,7.0
11289,6733,16,1,9.5,9.5
11290,6734,13,1,3.5,7.16
11291,6735,7,1,6.5,6.5
11292,6736,7,1,6.5,6.5
11293,6737,8,1,6.3,6.3
11294,6737,16,1,9.5,9.5
11295,6738,14,1,3.0,4.25
11296,6739,17,1,8.0,8.0
11297,6740,15,1,4.5,4.5
11298,6740,3,1,4.73,4.73
11299,6740,1,1,5.78,9.68
11300,6741,5,1,6.3,7.51
11301,6742,12,1,4.0,4.0
11302,6742,3,1,4.73,4.73
11303,6743,3,1,4.73,4.73
11304,6744,11,2,5.78,12.77
11305,6745,12,1,4.0,5.45
11306,6746,14,1,3.0,3.0
11307,6747,4,1,5.78,5.78
11308,6747,13,1,3.5,4.35
11309,6748,15,2,4.5,9.0
11310,6748,7,2,6.5,16.24
11311,6749,5,1,6.3,7.89
11312,6750,9,1,4.0,4.0
11313,6750,18,1,10.0,11.66
11314,6751,20,1,8.0,8.0
11315,6751,7,1,6.5,6.5
11316,6752,8,1,6.3,7.51
11317,6753,9,1,4.0,4.0
11318,6754,11,1,5.78,5.78
11319,6755,1,1,5.78,5.78
11320,6755,7,1,6.5,6.5
11321,6755,17,1,8.0,9.25
11322,6756,11,1,5.78,7.17
11323,6757,5,1,6.3,6.3
11324,6757,16,1,9.5,9.5
11325,6758,3,1,4.73,7.42
11326,6759,19,1,7.0,7.0
11327,6760,6,1,3.5,3.5
11328,6761,4,2,5.78,12.81
11329,6762,4,1,5.78,5.78
11330,6763,15,1,4.5,4.5
11331,6763,19,1,7.0,7.0
11332,6764,3,1,4.73,4.73
11333,6765,9,1,4.0,4.0
11334,6766,10,1,4.0,6.4
11335,6767,18,1,10.0,10.0
11336,6768,12,1,4.0,5.57
11337,6769,9,1,4.0,6.4
11338,6770,3,1,4.73,5.84
11339,6771,15,2,4.5,9.0
11340,6771,1,1,5.78,5.78
11341,6771,5,1,6.3,6.3
11342,6771,16,2,9.5,19.0
11343,6772,24,1,18.0,18.0
11344,6773,10,1,4.0,4.0
11345,6774,6,1,3.5,7.4
11346,6775,12,1,4.0,4.0
11347,6775,16,1,9.5,9.5
11348,6776,6,1,3.5,3.5
11349,6777,2,1,5.25,5.25
11350,6777,8,1,6.3,6.3
11351,6777,14,2,3.0,9.5
11352,6778,23,1,15.0,15.0
11353,6778,2,1,5.25,5.25
11354,6778,16,1,9.5,9.5
11355,6778,7,1,6.5,6.5
11356,6778,10,1,4.0,4.0
11357,6779,19,1,7.0,7.0
11358,6779,18,1,10.0,10.0
11359,6780,13,1,3.5,3.5
11360,6780,13,1,3.5,5.29
11361,6781,15,1,4.5,4.5
11362,6781,9,2,4.0,8.0
11363,6781,12,1,4.0,4.0
11364,6781,7,1,6.5,6.5
11365,6781,7,2,6.5,15.4
11366,6782,18,1,10.0,10.0
11367,6782,6,2,3.5,7.0
11368,6782,10,2,4.0,9.15
11369,6783,17,1,8.0,8.0
11370,6783,14,2,3.0,6.0
11371,6783,3,1,4.73,4.73
11372,6783,3,1,4.73,4.73
11373,6784,17,1,8.0,8.0
11374,6784,12,1,4.0,4.0
11375,6784,15,1,4.5,4.5
11376,6784,20,1,8.0,8.0
11377,6784,7,2,6.5,13.0
11378,6785,15,1,4.5,6.96
11379,6786,2,1,5.25,5.25
11380,6787,5,2,6.3,12.6
11381,6787,1,1,5.78,5.78
11382,6787,18,2,10.0,20.0
11383,6787,12,1,4.0,7.24
11384,6788,9,1,4.0,5.11
11385,6789,6,1,3.5,3.5
11386,6790,9,1,4.0,5.21
11387,6791,19,1,7.0,9.46
11388,6792,7,2,6.5,13.0
11389,6792,2,1,5.25,5.25
11390,6792,7,1,6.5,10.4
11391,6793,11,2,5.78,11.56
11392,6794,4,2,5.78,11.56
11393,6794,18,2,10.0,20.0
11394,6794,17,1,8.0,8.0
11395,6794,6,1,3.5,4.65
11396,6795,14,1,3.0,3.0
11397,6796,7,1,6.5,6.5
11398,6796,7,1,6.5,6.5
11399,6796,19,1,7.0,7.0
11400,6796,15,1,4.5,7.12
11401,6797,2,1,5.25,5.25
11402,6797,7,1,6.5,7.53
11403,6798,11,2,5.78,11.56
11404,6799,10,1,4.0,4.0
11405,6800,19,1,7.0,7.0
11406,6801,12,1,4.0,4.0
11407,6801,7,1,6.5,7.61
11408,6802,5,1,6.3,6.3
11409,6803,19,1,7.0,7.0
11410,6804,14,1,3.0,3.0
11411,6804,9,1,4.0,5.15
11412,6805,8,1,6.3,7.49
11413,6806,15,1,4.5,4.5
11414,6806,19,1,7.0,7.0
11415,6807,3,2,4.73,9.46
11416,6808,1,1,5.78,5.78
11417,6809,11,1,5.78,5.78
11418,6809,11,1,5.78,5.78
11419,6810,12,1,4.0,4.0
11420,6811,17,2,8.0,16.98
11421,6812,10,1,4.0,4.0
11422,6813,5,2,6.3,12.6
11423,6813,10,1,4.0,4.0
11424,6813,19,1,7.0,8.65
11425,6814,6,1,3.5,3.5
11426,6814,16,2,9.5,20.15
11427,6815,16,1,9.5,9.5
11428,6815,8,1,6.3,6.3
11429,6816,11,1,5.78,5.78
11430,6816,16,1,9.5,9.5
11431,6816,17,1,8.0,8.0
11432,6816,13,1,3.5,3.5
11433,6816,1,2,5.78,13.96
11434,6817,6,1,3.5,5.9
11435,6818,2,1,5.25,5.25
11436,6818,6,1,3.5,3.5
11437,6819,1,1,5.78,5.78
11438,6820,6,1,3.5,3.5
11439,6820,10,2,4.0,8.0
11440,6820,8,1,6.3,6.3
11441,6821,16,1,9.5,10.34
11442,6822,7,1,6.5,6.5
11443,6823,6,2,3.5,7.0
11444,6824,11,1,5.78,7.57
11445,6825,8,1,6.3,6.3
11446,6826,3,1,4.73,4.73
11447,6827,25,1,20.0,20.0
11448,6827,20,1,8.0,8.0
11449,6827,15,1,4.5,4.5
11450,6827,12,1,4.0,4.0
11451,6827,6,1,3.5,5.07
11452,6828,7,2,6.5,13.0
11453,6828,10,1,4.0,4.0
11454,6829,2,1,5.25,5.25
11455,6830,5,1,6.3,6.3
11456,6830,16,1,9.5,9.5
11457,6830,7,2,6.5,13.0
11458,6830,9,1,4.0,4.0
11459,6830,18,1,10.0,10.0
11460,6831,16,1,9.5,9.5
11461,6831,19,1,7.0,8.15
11462,6832,1,1,5.78,5.78
11463,6833,24,1,18.0,18.0
11464,6834,9,1,4.0,4.0
11465,6835,6,1,3.5,3.5
11466,6835,7,2,6.5,13.0
11467,6835,8,1,6.3,6.3
11468,6835,7,1,6.5,6.5
11469,6835,3,1,4.73,6.32
11470,6836,3,1,4.73,4.73
11471,6837,14,1,3.0,4.44
11472,6838,14,1,3.0,3.0
11473,6839,7,1,6.5,6.5
11474,6840,22,1,8.0,9.15
11475,6841,1,2,5.78,11.56
11476,6841,6,1,3.5,4.34
11477,6842,18,1,10.0,10.0
11478,6843,19,1,7.0,9.04
11479,6844,13,1,3.5,3.5
11480,6844,18,1,10.0,10.0
11481,6845,10,1,4.0,4.0
11482,6845,3,1,4.73,4.73
11483,6845,7,1,6.5,6.5
11484,6846,15,1,4.5,4.5
11485,6847,7,1,6.5,6.5
11486,6847,21,1,25.0,25.0
11487,6847,7,1,6.5,6.5
11488,6848,8,1,6.3,7.14
11489,6849,2,1,5.25,7.71
11490,6850,9,1,4.0,4.0
11491,6851,18,1,10.0,10.0
11492,6852,17,1,8.0,8.0
11493,6853,3,1,4.73,5.96
11494,6854,1,1,5.78,5.78
11495,6854,19,1,7.0,7.0
11496,6855,15,1,4.5,4.5
11497,6856,3,1,4.73,4.73
11498,6857,1,1,5.78,7.22
11499,6858,15,2,4.5,9.0
11500,6858,18,1,10.0,10.0
11501,6859,17,1,8.0,8.0
11502,6860,12,2,4.0,10.4
11503,6861,13,1,3.5,3.5
11504,6861,18,1,10.0,10.0
11505,6861,12,2,4.0,8.0
11506,6862,14,1,3.0,3.0
11507,6863,19,2,7.0,14.0
11508,6864,10,1,4.0,4.0
11509,6865,13,1,3.5,3.5
11510,6865,9,1,4.0,4.0
11511,6865,9,1,4.0,4.0
11512,6866,9,1,4.0,4.0
11513,6867,11,1,5.78,5.78
11514,6868,12,2,4.0,8.0
11515,6869,14,2,3.0,6.0
11516,6869,23,1,15.0,15.0
11517,6870,16,1,9.5,9.5
11518,6871,7,1,6.5,6.5
11519,6872,6,1,3.5,7.4
11520,6873,16,2,9.5,19.0
11521,6873,11,1,5.78,5.78
11522,6873,9,1,4.0,4.0
11523,6873,18,1,10.0,10.0
11524,6874,10,1,4.0,4.0
11525,6875,18,1,10.0,11.15
11526,6876,19,1,7.0,7.0
11527,6876,7,1,6.5,8.29
11528,6877,4,1,5.78,7.35
11529,6878,18,1,10.0,10.0
11530,6879,6,1,3.5,3.5
11531,6880,11,1,5.78,5.78
11532,6880,16,1,9.5,13.0
11533,6881,8,1,6.3,7.51
11534,6882,18,2,10.0,20.0
11535,6882,16,1,9.5,9.5
11536,6882,6,1,3.5,3.5
11537,6882,17,1,8.0,8.0
11538,6883,7,2,6.5,14.11
11539,6884,15,1,4.5,4.5
11540,6884,18,1,10.0,13.24
11541,6885,15,1,4.5,5.61
11542,6886,18,2,10.0,21.21
11543,6887,2,1,5.25,5.25
11544,6887,15,1,4.5,5.71
11545,6888,2,1,5.25,5.25
11546,6888,5,1,6.3,6.3
11547,6888,10,1,4.0,4.0
11548,6888,21,1,25.0,25.0
11549,6889,19,2,7.0,14.0
11550,6889,9,1,4.0,4.0
11551,6889,13,1,3.5,3.5
11552,6889,19,1,7.0,7.0
11553,6890,1,1,5.78,5.78
11554,6890,10,2,4.0,9.3
11555,6891,2,2,5.25,10.5
11556,6892,12,2,4.0,8.0
11557,6893,6,2,3.5,7.0
11558,6894,13,1,3.5,3.5
11559,6895,8,1,6.3,6.3
11560,6895,15,1,4.5,4.5
11561,6895,24,1,18.0,18.0
11562,6895,14,2,3.0,7.25
11563,6896,6,1,3.5,3.5
11564,6897,10,1,4.0,4.0
11565,6898,13,1,3.5,3.5
11566,6898,7,1,6.5,6.5
11567,6898,7,1,6.5,6.5
11568,6898,5,1,6.3,6.3
11569,6898,16,2,9.5,19.0
11570,6899,14,1,3.0,3.0
11571,6900,7,1,6.5,6.5
11572,6901,18,1,10.0,10.77
11573,6902,11,1,5.78,6.89
11574,6903,12,1,4.0,4.0
11575,6904,13,2,3.5,7.0
11576,6905,15,1,4.5,5.26
11577,6906,8,2,6.3,12.6
11578,6907,13,1,3.5,3.5
11579,6908,16,2,9.5,19.94
11580,6909,6,1,3.5,4.94
11581,6910,17,1,8.0,9.03
11582,6911,10,1,4.0,4.0
11583,6911,9,1,4.0,4.0
11584,6912,19,1,7.0,7.0
11585,6912,7,1,6.5,6.5
11586,6913,11,1,5.78,5.78
11587,6914,21,1,25.0,25.0
11588,6914,5,1,6.3,8.7
11589,6915,13,1,3.5,4.53
11590,6916,5,1,6.3,6.3
11591,6916,6,1,3.5,3.5
11592,6916,7,1,6.5,6.5
11593,6916,1,1,5.78,5.78
11594,6916,10,1,4.0,4.0
11595,6917,13,1,3.5,3.5
11596,6918,7,1,6.5,7.71
11597,6919,12,2,4.0,10.34
11598,6920,24,1,18.0,18.0
11599,6921,10,1,4.0,4.0
11600,6921,1,1,5.78,5.78
11601,6922,13,1,3.5,3.5
11602,6922,20,1,8.0,8.0
11603,6922,12,1,4.0,4.0
11604,6922,17,1,8.0,8.0
11605,6922,7,2,6.5,14.03
11606,6923,10,1,4.0,6.46
11607,6924,11,1,5.78,7.22
11608,6925,7,1,6.5,9.78
11609,6926,23,1,15.0,18.05
11610,6927,13,1,3.5,3.5
11611,6928,14,1,3.0,3.0
11612,6928,11,1,5.78,5.78
11613,6929,1,1,5.78,5.78
11614,6929,9,1,4.0,4.0
11615,6929,15,1,4.5,4.5
11616,6929,15,1,4.5,4.5
11617,6929,11,2,5.78,13.16
11618,6930,15,1,4.5,4.5
11619,6931,17,1,8.0,8.0
11620,6931,9,1,4.0,4.0
11621,6931,9,1,4.0,6.46
11622,6932,7,2,6.5,13.0
11623,6933,12,1,4.0,4.0
11624,6933,19,2,7.0,14.0
11625,6933,13,1,3.5,3.5
11626,6933,19,1,7.0,10.24
11627,6934,11,1,5.78,5.78
11628,6935,5,1,6.3,6.3
11629,6935,10,1,4.0,4.0
11630,6935,25,1,20.0,21.45
11631,6936,14,1,3.0,3.0
11632,6937,10,1,4.0,4.0
11633,6938,17,1,8.0,8.0
11634,6938,10,1,4.0,4.0
11635,6938,8,1,6.3,6.3
11636,6938,19,1,7.0,7.0
11637,6938,3,1,4.73,4.73
11638,6939,21,1,25.0,25.0
11639,6939,11,1,5.78,8.73
11640,6940,7,1,6.5,9.19
11641,6941,14,1,3.0,3.0
11642,6942,6,2,3.5,7.0
11643,6943,14,2,3.0,6.0
11644,6943,3,1,4.73,4.73
11645,6943,17,1,8.0,8.0
11646,6943,12,2,4.0,8.0
11647,6943,5,1,6.3,6.3
11648,6944,7,1,6.5,6.5
11649,6944,2,1,5.25,5.25
11650,6944,11,2,5.78,11.56
11651,6945,5,1,6.3,7.06
11652,6946,11,1,5.78,5.78
11653,6947,10,1,4.0,4.0
11654,6948,19,1,7.0,7.0
11655,6948,8,1,6.3,6.3
11656,6948,2,1,5.25,5.25
11657,6948,5,1,6.3,6.3
11658,6949,4,1,5.78,5.78
11659,6950,14,1,3.0,3.0
11660,6950,3,2,4.73,9.46
11661,6950,12,1,4.0,4.0
11662,6950,13,1,3.5,6.47
11663,6951,11,1,5.78,8.12
11664,6952,12,1,4.0,4.0
11665,6953,14,1,3.0,4.21
11666,6954,19,1,7.0,8.21
11667,6955,17,2,8.0,16.0
11668,6955,21,1,25.0,25.0
11669,6955,15,2,4.5,9.0
11670,6955,6,1,3.5,3.5
11671,6955,16,1,9.5,9.5
11672,6956,14,2,3.0,6.77
11673,6957,15,2,4.5,9.0
11674,6957,3,1,4.73,4.73
11675,6958,15,1,4.5,4.5
11676,6958,15,1,4.5,4.5
11677,6959,6,1,3.5,6.62
11678,6960,13,1,3.5,3.5
11679,6960,14,1,3.0,3.0
11680,6961,10,1,4.0,4.0
11681,6962,17,1,8.0,8.0
11682,6962,15,1,4.5,7.55
11683,6963,16,1,9.5,9.5
11684,6963,13,2,3.5,7.0
11685,6963,12,1,4.0,4.0
11686,6963,19,1,7.0,7.0
11687,6963,5,1,6.3,6.3
11688,6964,8,1,6.3,6.3
11689,6964,8,2,6.3,12.6
11690,6965,17,1,8.0,9.45
11691,6966,1,1,5.78,5.78
11692,6967,5,1,6.3,6.3
11693,6967,1,1,5.78,5.78
11694,6967,19,1,7.0,7.0
11695,6968,17,2,8.0,16.0
11696,6969,3,2,4.73,11.92
11697,6970,16,2,9.5,19.0
11698,6971,3,1,4.73,4.73
11699,6972,10,1,4.0,5.57
11700,6973,7,1,6.5,6.5
11701,6973,19,2,7.0,15.59
11702,6974,7,1,6.5,6.5
11703,6975,11,2,5.78,11.56
11704,6975,3,1,4.73,6.24
11705,6976,4,1,5.78,5.78
11706,6977,18,1,10.0,10.0
11707,6978,12,1,4.0,4.0
11708,6979,13,2,3.5,7.0
11709,6979,12,1,4.0,5.6
11710,6980,12,1,4.0,7.24
11711,6981,20,1,8.0,8.0
11712,6981,8,2,6.3,12.6
11713,6981,3,1,4.73,4.73
11714,6981,7,1,6.5,6.5
11715,6981,2,1,5.25,8.3
11716,6982,8,1,6.3,6.3
11717,6983,11,2,5.78,11.56
11718,6983,2,1,5.25,5.25
11719,6983,18,1,10.0,10.0
11720,6983,20,1,8.0,8.0
11721,6983,3,1,4.73,4.73
11722,6984,10,1,4.0,5.15
11723,6985,7,1,6.5,6.5
11724,6985,25,1,20.0,20.0
11725,6985,3,1,4.73,4.73
11726,6986,7,2,6.5,13.0
11727,6987,20,2,8.0,16.0
11728,6987,18,1,10.0,11.45
11729,6988,11,2,5.78,11.56
11730,6988,9,1,4.0,4.0
11731,6988,16,1,9.5,9.5
11732,6988,21,1,25.0,27.65
11733,6989,19,1,7.0,8.06
11734,6990,18,1,10.0,11.79
11735,6991,16,1,9.5,10.26
11736,6992,18,1,10.0,11.66
11737,6993,15,1,4.5,7.19
11738,6994,8,1,6.3,8.72
11739,6995,17,1,8.0,9.65
11740,6996,7,1,6.5,7.95
11741,6997,13,1,3.5,3.5
11742,6998,16,2,9.5,20.54
11743,6999,5,1,6.3,7.81
11744,7000,3,1,4.73,4.73
11745,7000,12,1,4.0,4.0
11746,7000,3,2,4.73,9.46
11747,7001,15,1,4.5,4.5
11748,7002,7,1,6.5,6.5
11749,7002,1,1,5.78,5.78
11750,7002,6,1,3.5,3.5
11751,7002,11,1,5.78,5.78
11752,7003,6,1,3.5,3.5
11753,7004,16,2,9.5,19.0
11754,7004,13,1,3.5,3.5
11755,7004,17,1,8.0,9.21
11756,7005,7,2,6.5,13.0
11757,7006,8,1,6.3,7.27
11758,7007,12,1,4.0,5.03
11759,7008,12,1,4.0,4.0
11760,7009,14,1,3.0,3.0
11761,7009,9,1,4.0,5.45
11762,7010,25,1,20.0,20.0
11763,7010,18,1,10.0,10.0
11764,7010,5,1,6.3,7.27
11765,7011,10,1,4.0,4.0
11766,7012,10,1,4.0,5.13
11767,7013,13,1,3.5,3.5
11768,7014,11,1,5.78,5.78
11769,7014,4,2,5.78,12.54
11770,7015,22,1,8.0,8.0
11771,7015,6,1,3.5,3.5
11772,7015,10,1,4.0,4.0
11773,7015,6,1,3.5,3.5
11774,7016,17,1,8.0,9.59
11775,7017,12,1,4.0,4.0
11776,7018,11,1,5.78,5.78
11777,7019,18,1,10.0,10.0
11778,7020,9,1,4.0,4.0
11779,7021,7,1,6.5,6.5
11780,7022,9,1,4.0,4.0
11781,7023,7,1,6.5,6.5
11782,7024,19,1,7.0,8.45
11783,7025,3,1,4.73,5.86
11784,7026,12,1,4.0,4.0
11785,7027,13,2,3.5,7.0
11786,7028,13,1,3.5,3.5
11787,7029,16,1,9.5,13.0
11788,7030,5,1,6.3,6.3
11789,7030,5,1,6.3,7.38
11790,7031,19,1,7.0,7.0
11791,7031,19,1,7.0,7.0
11792,7031,5,1,6.3,6.3
11793,7031,14,1,3.0,3.0
11794,7031,15,1,4.5,5.32
11795,7032,13,2,3.5,8.25
11796,7033,6,1,3.5,7.4
11797,7034,1,1,5.78,6.75
11798,7035,5,1,6.3,6.3
11799,7035,9,1,4.0,4.0
11800,7035,8,1,6.3,6.3
11801,7035,15,1,4.5,4.5
11802,7035,9,1,4.0,5.21
11803,7036,10,1,4.0,5.44
11804,7037,15,2,4.5,10.15
11805,7038,12,1,4.0,4.0
11806,7039,2,1,5.25,5.25
11807,7040,2,1,5.25,5.25
11808,7040,1,1,5.78,7.44
11809,7041,2,1,5.25,5.25
11810,7041,4,1,5.78,8.47
11811,7042,13,2,3.5,7.0
11812,7042,12,1,4.0,4.0
11813,7042,11,1,5.78,5.78
11814,7043,4,2,5.78,11.56
11815,7044,11,1,5.78,7.03
11816,7045,17,1,8.0,8.0
11817,7046,8,1,6.3,7.55
11818,7047,9,1,4.0,4.0
11819,7047,3,1,4.73,4.73
11820,7047,14,1,3.0,3.0
11821,7047,16,2,9.5,19.0
11822,7047,7,1,6.5,7.71
11823,7048,11,1,5.78,5.78
11824,7049,11,1,5.78,5.78
11825,7049,9,1,4.0,4.0
11826,7050,7,1,6.5,7.75
11827,7051,9,1,4.0,6.4
11828,7052,17,2,8.0,16.0
11829,7053,13,1,3.5,3.5
11830,7053,18,1,10.0,10.97
11831,7054,1,1,5.78,5.78
11832,7055,9,2,4.0,8.0
11833,7056,5,1,6.3,6.3
11834,7056,7,1,6.5,8.54
11835,7057,22,1,8.0,8.0
11836,7058,8,1,6.3,7.75
11837,7059,15,1,4.5,6.09
11838,7060,7,2,6.5,13.0
11839,7061,17,1,8.0,8.0
11840,7061,15,2,4.5,10.79
11841,7062,13,1,3.5,3.5
11842,7062,10,1,4.0,4.0
11843,7062,12,1,4.0,4.0
11844,7062,13,2,3.5,7.0
11845,7063,12,1,4.0,7.28
11846,7064,23,1,15.0,15.0
11847,7064,15,1,4.5,4.5
11848,7065,8,1,6.3,6.3
11849,7066,9,1,4.0,4.0
11850,7067,9,1,4.0,4.0
11851,7067,16,2,9.5,19.0
11852,7067,7,2,6.5,13.0
11853,7067,12,1,4.0,5.45
11854,7068,15,1,4.5,4.5
11855,7069,6,1,3.5,3.5
11856,7069,7,1,6.5,9.45
11857,7070,5,1,6.3,6.3
11858,7070,5,1,6.3,6.3
11859,7070,13,1,3.5,3.5
11860,7070,6,1,3.5,3.5
11861,7071,1,1,5.78,5.78
11862,7071,15,1,4.5,4.5
11863,7071,6,1,3.5,3.5
11864,7072,16,1,9.5,9.5
11865,7072,14,1,3.0,3.0
11866,7072,1,1,5.78,5.78
11867,7072,11,1,5.78,5.78
11868,7072,5,1,6.3,6.3
11869,7073,3,1,4.73,4.73
11870,7073,9,1,4.0,7.5
11871,7074,14,1,3.0,4.06
11872,7075,19,1,7.0,8.66
11873,7076,14,1,3.0,4.51
11874,7077,1,1,5.78,5.78
11875,7077,15,1,4.5,4.5
11876,7077,18,1,10.0,11.44
11877,7078,12,1,4.0,5.25
11878,7079,13,2,3.5,7.0
11879,7079,4,1,5.78,5.78
11880,7079,7,1,6.5,6.5
11881,7079,10,1,4.0,4.0
11882,7080,15,1,4.5,4.5
11883,7081,11,1,5.78,6.99
11884,7082,9,2,4.0,8.0
11885,7083,17,1,8.0,8.0
11886,7084,7,1,6.5,6.5
11887,7085,11,1,5.78,5.78
11888,7086,8,1,6.3,6.3
11889,7086,3,1,4.73,4.73
11890,7086,7,1,6.5,8.37
11891,7087,15,2,4.5,11.69
11892,7088,19,1,7.0,8.16
11893,7089,8,1,6.3,6.3
11894,7089,15,1,4.5,4.5
11895,7090,25,1,20.0,20.0
11896,7091,14,1,3.0,3.0
11897,7091,16,1,9.5,9.5
11898,7091,9,1,4.0,4.0
11899,7091,15,1,4.5,5.71
11900,7092,16,1,9.5,9.5
11901,7093,3,1,4.73,4.73
11902,7094,17,1,8.0,9.21
11903,7095,6,1,3.5,3.5
11904,7096,7,1,6.5,6.5
11905,7097,7,1,6.5,6.5
11906,7097,24,1,18.0,18.0
11907,7097,11,1,5.78,5.78
11908,7097,24,1,18.0,18.0
11909,7097,17,1,8.0,10.42
11910,7098,4,1,5.78,5.78
11911,7099,7,1,6.5,6.5
11912,7099,8,2,6.3,12.6
11913,7099,14,1,3.0,3.0
11914,7099,14,1,3.0,3.0
11915,7099,8,1,6.3,6.3
11916,7100,2,1,5.25,5.25
11917,7100,11,1,5.78,5.78
11918,7100,7,1,6.5,6.5
11919,7101,6,1,3.5,3.5
11920,7102,7,1,6.5,7.53
11921,7103,17,1,8.0,8.0
11922,7103,16,1,9.5,9.5
11923,7103,11,1,5.78,8.43
11924,7104,18,1,10.0,10.0
11925,7105,7,1,6.5,6.5
11926,7106,2,2,5.25,10.5
11927,7107,9,1,4.0,4.0
11928,7108,12,2,4.0,9.79
11929,7109,9,1,4.0,4.0
11930,7109,7,1,6.5,6.5
11931,7109,6,1,3.5,3.5
11932,7109,9,1,4.0,4.0
11933,7109,1,1,5.78,5.78
11934,7110,7,1,6.5,6.5
11935,7110,6,1,3.5,3.5
11936,7110,15,1,4.5,4.5
11937,7111,7,1,6.5,6.5
11938,7111,6,1,3.5,3.5
11939,7111,10,1,4.0,4.0
11940,7112,13,1,3.5,4.75
11941,7113,7,1,6.5,6.5
11942,7113,11,1,5.78,7.03
11943,7114,15,1,4.5,4.5
11944,7114,12,2,4.0,8.0
11945,7114,5,1,6.3,6.3
11946,7114,10,1,4.0,4.0
11947,7114,2,1,5.25,5.25
11948,7115,3,2,4.73,9.46
11949,7115,17,1,8.0,8.0
11950,7115,3,1,4.73,4.73
11951,7115,1,1,5.78,7.32
11952,7116,3,1,4.73,5.94
11953,7117,8,1,6.3,6.3
11954,7118,14,1,3.0,3.0
11955,7119,7,1,6.5,6.5
11956,7119,6,2,3.5,7.0
11957,7120,7,1,6.5,6.5
11958,7120,5,1,6.3,6.3
11959,7120,5,1,6.3,7.45
11960,7121,4,1,5.78,5.78
11961,7121,19,2,7.0,14.0
11962,7121,14,1,3.0,3.0
11963,7121,16,1,9.5,9.5
11964,7121,12,1,4.0,6.95
11965,7122,12,1,4.0,4.97
11966,7123,3,1,4.73,5.94
11967,7124,1,2,5.78,13.22
11968,7125,11,1,5.78,8.73
11969,7126,3,1,4.73,7.68
11970,7127,12,2,4.0,8.0
11971,7127,13,1,3.5,3.5
11972,7127,9,1,4.0,4.0
11973,7128,15,1,4.5,4.5
11974,7129,25,1,20.0,20.0
11975,7130,7,2,6.5,14.21
11976,7131,6,2,3.5,8.51
11977,7132,11,1,5.78,5.78
11978,7132,18,1,10.0,10.0
11979,7132,10,2,4.0,8.0
11980,7132,11,1,5.78,5.78
11981,7132,7,1,6.5,6.5
11982,7133,19,1,7.0,7.0
11983,7133,15,1,4.5,4.5
11984,7134,18,1,10.0,10.0
11985,7134,18,1,10.0,10.0
11986,7135,3,1,4.73,6.14
11987,7136,8,1,6.3,6.3
11988,7137,14,1,3.0,3.0
11989,7138,6,2,3.5,9.4
11990,7139,11,1,5.78,5.78
11991,7139,19,1,7.0,7.0
11992,7140,11,1,5.78,5.78
11993,7141,13,1,3.5,3.5
11994,7142,7,1,6.5,7.65
11995,7143,3,1,4.73,4.73
11996,7144,17,2,8.0,16.84
11997,7145,3,1,4.73,4.73
11998,7145,10,2,4.0,9.3
11999,7146,10,1,4.0,4.0
12000,7146,14,1,3.0,3.0
12001,7147,6,1,3.5,3.5
12002,7148,7,1,6.5,6.5
12003,7149,1,1,5.78,5.78
12004,7149,7,1,6.5,7.65
12005,7150,7,1,6.5,6.5
12006,7151,17,1,8.0,8.0
12007,7152,17,1,8.0,9.23
12008,7153,16,1,9.5,9.5
12009,7153,15,1,4.5,4.5
12010,7153,24,1,18.0,19.21
12011,7154,25,1,20.0,21.08
12012,7155,14,1,3.0,3.0
12013,7155,16,1,9.5,9.5
12014,7155,16,1,9.5,9.5
12015,7155,15,1,4.5,4.5
12016,7155,19,1,7.0,7.0
12017,7156,12,1,4.0,5.16
12018,7157,5,1,6.3,6.3
12019,7158,8,1,6.3,6.3
12020,7159,18,1,10.0,10.0
12021,7159,6,1,3.5,3.5
12022,7159,6,1,3.5,3.5
12023,7159,7,1,6.5,7.71
12024,7160,11,1,5.78,5.78
12025,7161,13,1,3.5,3.5
12026,7161,10,1,4.0,4.0
12027,7162,9,1,4.0,5.21
12028,7163,7,1,6.5,7.75
12029,7164,2,1,5.25,5.25
12030,7164,6,1,3.5,3.5
12031,7165,2,1,5.25,5.25
12032,7166,7,1,6.5,6.5
12033,7166,7,1,6.5,6.5
12034,7167,19,1,7.0,7.0
12035,7167,19,1,7.0,9.69
12036,7168,2,2,5.25,10.5
12037,7169,23,1,15.0,15.0
12038,7169,17,1,8.0,8.0
12039,7170,12,1,4.0,4.0
12040,7171,7,1,6.5,6.5
12041,7172,11,1,5.78,5.78
12042,7173,13,2,3.5,9.95
12043,7174,8,1,6.3,6.3
12044,7175,15,1,4.5,4.5
12045,7175,8,1,6.3,7.55
12046,7176,9,2,4.0,8.0
12047,7176,13,1,3.5,5.04
12048,7177,8,1,6.3,6.3
12049,7178,9,2,4.0,8.98
12050,7179,6,2,3.5,7.0
12051,7179,10,1,4.0,4.0
12052,7179,7,1,6.5,6.5
12053,7179,9,2,4.0,9.25
12054,7180,5,1,6.3,6.3
12055,7180,18,1,10.0,10.0
12056,7181,2,1,5.25,5.25
12057,7182,2,1,5.25,6.5
12058,7183,23,1,15.0,15.0
12059,7183,22,1,8.0,8.0
12060,7184,3,1,4.73,4.73
12061,7184,11,1,5.78,5.78
12062,7185,20,1,8.0,8.0
12063,7186,14,1,3.0,3.0
12064,7186,4,1,5.78,5.78
12065,7186,6,1,3.5,3.5
12066,7186,19,1,7.0,7.0
12067,7186,3,1,4.73,4.73
12068,7187,16,1,9.5,12.55
12069,7188,5,1,6.3,6.3
12070,7188,8,2,6.3,12.6
12071,7188,15,1,4.5,4.5
12072,7189,4,1,5.78,5.78
12073,7190,10,1,4.0,4.0
12074,7191,14,1,3.0,6.5
12075,7192,11,1,5.78,5.78
12076,7193,10,1,4.0,4.0
12077,7193,10,2,4.0,8.0
12078,7193,7,1,6.5,6.5
12079,7194,20,1,8.0,8.0
12080,7194,6,1,3.5,3.5
12081,7194,13,1,3.5,3.5
12082,7194,18,1,10.0,10.0
12083,7194,7,1,6.5,6.5
12084,7195,15,1,4.5,4.5
12085,7196,15,1,4.5,4.5
12086,7196,8,1,6.3,6.3
12087,7196,15,1,4.5,4.5
12088,7196,7,1,6.5,6.5
12089,7196,7,1,6.5,6.5
12090,7197,9,1,4.0,5.25
12091,7198,10,1,4.0,4.0
12092,7199,8,1,6.3,6.3
12093,7200,15,1,4.5,4.5
12094,7201,12,2,4.0,9.13
12095,7202,7,1,6.5,6.5
12096,7203,14,1,3.0,4.19
12097,7204,12,1,4.0,4.0
12098,7204,9,1,4.0,4.0
12099,7204,7,1,6.5,6.5
12100,7204,13,1,3.5,3.5
12101,7205,21,1,25.0,25.0
12102,7205,19,1,7.0,7.0
12103,7206,17,1,8.0,8.0
12104,7207,10,1,4.0,4.0
12105,7208,19,1,7.0,7.0
12106,7209,15,1,4.5,4.5
12107,7210,14,1,3.0,3.0
12108,7211,24,1,18.0,18.0
12109,7211,8,1,6.3,6.3
12110,7211,18,1,10.0,10.0
12111,7211,16,1,9.5,9.5
12112,7211,3,1,4.73,4.73
12113,7212,3,1,4.73,4.73
12114,7212,11,1,5.78,5.78
12115,7212,7,1,6.5,6.5
12116,7212,23,1,15.0,15.0
12117,7212,5,1,6.3,8.17
12118,7213,11,1,5.78,7.65
12119,7214,5,1,6.3,6.3
12120,7215,17,1,8.0,8.0
12121,7216,7,1,6.5,9.12
12122,7217,1,1,5.78,5.78
12123,7218,15,2,4.5,12.9
12124,7219,1,1,5.78,5.78
12125,7219,9,1,4.0,4.0
12126,7220,20,1,8.0,9.6
12127,7221,10,2,4.0,8.0
12128,7221,17,1,8.0,8.0
12129,7221,7,1,6.5,6.5
12130,7222,19,1,7.0,7.0
12131,7223,14,1,3.0,3.0
12132,7223,17,2,8.0,16.0
12133,7223,6,1,3.5,3.5
12134,7223,10,1,4.0,4.0
12135,7223,18,1,10.0,10.0
12136,7224,1,1,5.78,7.08
12137,7225,11,1,5.78,5.78
12138,7226,8,1,6.3,6.3
12139,7226,5,1,6.3,7.87
12140,7227,16,1,9.5,9.5
12141,7228,10,1,4.0,4.0
12142,7228,2,1,5.25,5.25
12143,7229,9,1,4.0,4.0
12144,7229,7,2,6.5,13.0
12145,7229,15,1,4.5,4.5
12146,7229,1,1,5.78,5.78
12147,7230,7,2,6.5,13.0
12148,7230,15,1,4.5,5.71
12149,7231,16,1,9.5,10.53
12150,7232,7,1,6.5,6.5
12151,7232,21,1,25.0,28.66
12152,7233,4,1,5.78,5.78
12153,7233,7,1,6.5,6.5
12154,7233,19,1,7.0,7.0
12155,7233,5,2,6.3,13.79
12156,7234,1,1,5.78,5.78
12157,7234,6,1,3.5,3.5
12158,7235,15,2,4.5,11.46
12159,7236,5,1,6.3,7.75
12160,7237,16,1,9.5,10.53
12161,7238,3,2,4.73,9.46
12162,7239,9,1,4.0,4.0
12163,7239,1,2,5.78,11.56
12164,7240,11,2,5.78,11.56
12165,7240,19,1,7.0,8.59
12166,7241,18,1,10.0,10.0
12167,7241,7,1,6.5,6.5
12168,7242,1,1,5.78,5.78
12169,7242,7,1,6.5,7.26
12170,7243,9,2,4.0,8.0
12171,7244,3,2,4.73,9.46
12172,7244,16,1,9.5,9.5
12173,7244,1,1,5.78,5.78
12174,7244,9,1,4.0,4.0
12175,7244,15,1,4.5,5.71
12176,7245,19,1,7.0,9.69
12177,7246,10,1,4.0,4.0
12178,7246,5,1,6.3,6.3
12179,7247,17,2,8.0,16.0
12180,7248,4,1,5.78,5.78
12181,7248,22,1,8.0,9.21
12182,7249,19,1,7.0,7.77
12183,7250,8,1,6.3,6.3
12184,7251,8,1,6.3,6.3
12185,7252,11,1,5.78,5.78
12186,7253,6,1,3.5,7.16
12187,7254,3,1,4.73,4.73
12188,7254,12,1,4.0,4.0
12189,7254,19,1,7.0,7.0
12190,7255,10,2,4.0,8.0
12191,7256,11,1,5.78,5.78
12192,7257,2,1,5.25,6.22
12193,7258,7,1,6.5,6.5
12194,7259,11,1,5.78,6.99
12195,7260,14,1,3.0,3.0
12196,7260,7,1,6.5,6.5
12197,7261,17,2,8.0,17.66
12198,7262,12,1,4.0,4.0
12199,7262,15,1,4.5,4.5
12200,7262,12,1,4.0,4.0
12201,7263,10,1,4.0,4.0
12202,7263,13,1,3.5,3.5
12203,7264,8,1,6.3,6.3
12204,7265,15,2,4.5,9.0
12205,7265,10,1,4.0,4.0
12206,7265,10,1,4.0,4.0
12207,7265,16,1,9.5,10.47
12208,7266,18,1,10.0,10.0
12209,7267,11,1,5.78,6.94
12210,7268,2,1,5.25,6.7
12211,7269,9,1,4.0,5.25
12212,7270,8,1,6.3,8.99
12213,7271,3,1,4.73,4.73
12214,7271,14,1,3.0,4.21
12215,7272,17,1,8.0,8.0
12216,7272,3,1,4.73,4.73
12217,7272,11,2,5.78,11.56
12218,7272,14,1,3.0,3.97
12219,7273,11,1,5.78,7.23
12220,7274,24,1,18.0,18.0
12221,7274,13,1,3.5,6.74
12222,7275,7,1,6.5,7.52
12223,7276,6,1,3.5,3.5
12224,7277,1,1,5.78,5.78
12225,7277,16,1,9.5,9.5
12226,7278,2,1,5.25,5.25
12227,7279,15,1,4.5,6.92
12228,7280,12,1,4.0,4.0
12229,7281,8,1,6.3,6.3
12230,7281,18,1,10.0,10.0
12231,7281,10,1,4.0,4.0
12232,7281,4,2,5.78,11.56
12233,7281,14,1,3.0,4.25
12234,7282,5,1,6.3,9.96
12235,7283,23,1,15.0,16.65
12236,7284,8,1,6.3,6.3
12237,7285,11,2,5.78,11.56
12238,7286,11,1,5.78,7.44
12239,7287,2,1,5.25,5.25
12240,7287,13,1,3.5,3.5
12241,7287,22,1,8.0,8.0
12242,7287,16,2,9.5,19.0
12243,7288,13,1,3.5,3.5
12244,7288,5,1,6.3,6.3
12245,7288,16,1,9.5,9.5
12246,7288,8,1,6.3,6.3
12247,7288,14,1,3.0,4.15
12248,7289,18,1,10.0,10.0
12249,7290,18,1,10.0,11.31
12250,7291,9,1,4.0,7.05
12251,7292,3,1,4.73,5.71
12252,7293,1,1,5.78,5.78
12253,7293,7,1,6.5,8.07
12254,7294,14,1,3.0,4.59
12255,7295,1,1,5.78,5.78
12256,7296,6,1,3.5,4.75
12257,7297,17,1,8.0,8.0
12258,7297,7,1,6.5,6.5
12259,7297,14,1,3.0,3.0
12260,7297,20,1,8.0,8.0
12261,7298,1,2,5.78,11.56
12262,7298,1,1,5.78,5.78
12263,7298,14,1,3.0,3.0
12264,7298,10,1,4.0,4.0
12265,7299,4,1,5.78,5.78
12266,7299,14,1,3.0,3.0
12267,7299,13,1,3.5,3.5
12268,7300,20,1,8.0,8.0
12269,7301,6,1,3.5,7.0
12270,7302,8,1,6.3,6.3
12271,7302,9,1,4.0,4.0
12272,7302,19,1,7.0,7.0
12273,7303,3,1,4.73,4.73
12274,7303,20,1,8.0,10.4
12275,7304,2,1,5.25,5.25
12276,7305,14,2,3.0,6.0
12277,7306,17,1,8.0,8.0
12278,7306,10,1,4.0,4.0
12279,7306,17,1,8.0,8.0
12280,7306,14,2,3.0,6.0
12281,7306,8,1,6.3,6.3
12282,7307,15,1,4.5,4.5
12283,7307,12,1,4.0,4.0
12284,7307,13,1,3.5,3.5
12285,7308,3,1,4.73,4.73
12286,7308,5,2,6.3,12.6
12287,7308,6,1,3.5,3.5
12288,7308,6,1,3.5,3.5
12289,7308,1,1,5.78,5.78
12290,7309,6,2,3.5,7.0
12291,7309,7,2,6.5,13.0
12292,7309,17,1,8.0,8.0
12293,7310,17,1,8.0,9.54
12294,7311,17,1,8.0,8.0
12295,7311,18,1,10.0,10.0
12296,7312,18,1,10.0,10.0
12297,7313,2,1,5.25,5.25
12298,7314,17,1,8.0,8.0
12299,7314,12,1,4.0,4.0
12300,7314,9,1,4.0,4.0
12301,7315,14,2,3.0,6.0
12302,7315,19,1,7.0,7.97
12303,7316,13,2,3.5,9.65
12304,7317,7,1,6.5,8.18
12305,7318,4,1,5.78,5.78
12306,7318,4,1,5.78,5.78
12307,7318,1,1,5.78,5.78
12308,7319,2,1,5.25,5.25
12309,7319,19,1,7.0,7.0
12310,7319,16,1,9.5,9.5
12311,7319,18,1,10.0,10.0
12312,7319,10,1,4.0,5.45
12313,7320,7,1,6.5,6.5
12314,7320,1,1,5.78,5.78
12315,7320,16,2,9.5,20.06
12316,7321,17,1,8.0,9.15
12317,7322,9,1,4.0,4.0
12318,7323,9,1,4.0,4.0
12319,7323,6,1,3.5,3.5
12320,7323,7,2,6.5,13.0
12321,7324,2,1,5.25,5.25
12322,7324,3,1,4.73,4.73
12323,7324,25,1,20.0,20.0
12324,7325,10,1,4.0,4.0
12325,7325,19,2,7.0,14.0
12326,7326,17,1,8.0,8.0
12327,7326,15,1,4.5,4.5
12328,7327,14,1,3.0,3.0
12329,7327,4,2,5.78,11.56
12330,7327,7,2,6.5,13.0
12331,7328,2,1,5.25,5.25
12332,7329,17,2,8.0,16.0
12333,7329,10,1,4.0,4.0
12334,7330,13,1,3.5,4.53
12335,7331,7,1,6.5,6.5
12336,7332,18,1,10.0,10.0
12337,7332,18,1,10.0,10.0
12338,7332,3,1,4.73,4.73
12339,7332,7,1,6.5,6.5
12340,7332,2,1,5.25,5.25
12341,7333,18,1,10.0,11.06
12342,7334,8,1,6.3,6.3
12343,7334,11,2,5.78,12.4
12344,7335,2,1,5.25,5.25
12345,7335,3,1,4.73,4.73
12346,7336,5,1,6.3,6.3
12347,7337,8,1,6.3,6.3
12348,7338,8,1,6.3,6.3
12349,7339,8,1,6.3,6.3
12350,7340,9,1,4.0,4.0
12351,7340,6,1,3.5,3.5
12352,7340,5,1,6.3,6.3
12353,7340,2,1,5.25,7.08
12354,7341,13,1,3.5,3.5
12355,7341,7,2,6.5,14.57
12356,7342,3,1,4.73,4.73
12357,7343,15,2,4.5,9.0
12358,7344,1,1,5.78,8.18
12359,7345,19,1,7.0,9.34
12360,7346,13,1,3.5,3.5
12361,7347,10,1,4.0,7.24
12362,7348,10,1,4.0,4.0
12363,7348,17,1,8.0,8.0
12364,7348,15,1,4.5,4.5
12365,7348,10,1,4.0,4.0
12366,7348,13,1,3.5,4.61
12367,7349,8,1,6.3,7.51
12368,7350,16,1,9.5,10.71
12369,7351,5,1,6.3,6.3
12370,7351,3,1,4.73,4.73
12371,7352,7,2,6.5,13.0
12372,7352,4,1,5.78,7.46
12373,7353,1,1,5.78,5.78
12374,7353,15,1,4.5,6.29
12375,7354,5,1,6.3,7.61
12376,7355,3,1,4.73,4.73
12377,7356,7,1,6.5,6.5
12378,7357,14,1,3.0,4.54
12379,7358,15,1,4.5,4.5
12380,7358,15,1,4.5,4.5
12381,7358,19,1,7.0,7.0
12382,7359,7,1,6.5,6.5
12383,7359,12,1,4.0,4.0
12384,7360,5,1,6.3,7.45
12385,7361,10,1,4.0,4.0
12386,7362,7,1,6.5,6.5
12387,7363,11,1,5.78,5.78
12388,7363,9,1,4.0,5.25
12389,7364,10,1,4.0,6.4
12390,7365,18,1,10.0,10.0
12391,7366,18,1,10.0,10.0
12392,7366,12,1,4.0,4.0
12393,7367,8,2,6.3,12.6
12394,7368,3,2,4.73,9.46
12395,7368,22,1,8.0,9.03
12396,7369,17,1,8.0,8.0
12397,7370,9,1,4.0,4.0
12398,7370,2,2,5.25,10.5
12399,7371,4,1,5.78,5.78
12400,7372,12,1,4.0,4.0
12401,7372,15,1,4.5,4.5
12402,7373,10,1,4.0,4.0
12403,7373,7,1,6.5,6.5
12404,7373,18,2,10.0,21.16
12405,7374,9,1,4.0,4.0
12406,7375,7,1,6.5,6.5
12407,7376,17,1,8.0,8.0
12408,7377,19,1,7.0,7.0
12409,7377,6,1,3.5,4.65
12410,7378,14,1,3.0,3.0
12411,7378,12,1,4.0,4.0
12412,7378,19,1,7.0,8.23
12413,7379,16,1,9.5,9.5
12414,7380,17,1,8.0,8.0
12415,7380,10,1,4.0,4.0
12416,7380,4,1,5.78,5.78
12417,7380,6,1,3.5,3.5
12418,7380,16,1,9.5,9.5
12419,7381,7,1,6.5,6.5
12420,7381,16,1,9.5,10.48
12421,7382,1,1,5.78,6.54
12422,7383,10,1,4.0,4.0
12423,7384,9,2,4.0,8.0
12424,7385,7,1,6.5,6.5
12425,7386,9,1,4.0,4.0
12426,7387,15,1,4.5,4.5
12427,7388,7,1,6.5,6.5
12428,7388,7,1,6.5,6.5
12429,7389,11,1,5.78,5.78
12430,7389,19,1,7.0,7.0
12431,7390,18,1,10.0,10.0
12432,7391,1,2,5.78,11.56
12433,7392,12,1,4.0,4.0
12434,7392,15,1,4.5,4.5
12435,7393,16,1,9.5,9.5
12436,7394,13,1,3.5,4.98
12437,7395,20,1,8.0,8.0
12438,7396,18,1,10.0,10.0
12439,7397,7,1,6.5,6.5
12440,7397,19,1,7.0,7.0
12441,7397,10,1,4.0,4.0
12442,7397,2,1,5.25,6.91
12443,7398,10,2,4.0,9.25
12444,7399,12,1,4.0,4.0
12445,7400,18,1,10.0,11.45
12446,7401,14,2,3.0,6.97
12447,7402,18,1,10.0,10.0
12448,7402,19,1,7.0,7.0
12449,7403,16,1,9.5,12.19
12450,7404,19,1,7.0,9.69
12451,7405,6,2,3.5,7.0
12452,7406,7,1,6.5,6.5
12453,7406,6,1,3.5,3.5
12454,7406,17,1,8.0,8.0
12455,7406,4,1,5.78,5.78
12456,7406,7,2,6.5,14.11
12457,7407,14,1,3.0,3.0
12458,7408,25,1,20.0,20.0
12459,7409,5,1,6.3,6.3
12460,7409,5,1,6.3,6.3
12461,7409,15,1,4.5,5.75
12462,7410,7,1,6.5,8.07
12463,7411,14,1,3.0,4.16
12464,7412,16,1,9.5,9.5
12465,7412,20,1,8.0,8.0
12466,7413,12,1,4.0,4.0
12467,7414,18,1,10.0,10.0
12468,7415,3,1,4.73,4.73
12469,7415,7,1,6.5,6.5
12470,7415,1,1,5.78,5.78
12471,7416,7,1,6.5,8.84
12472,7417,15,1,4.5,4.5
12473,7418,13,1,3.5,3.5
12474,7419,19,2,7.0,14.0
12475,7419,3,1,4.73,4.73
12476,7419,18,1,10.0,11.06
12477,7420,20,1,8.0,8.0
12478,7421,14,1,3.0,3.0
12479,7422,8,1,6.3,6.3
12480,7423,20,1,8.0,9.51
12481,7424,11,1,5.78,5.78
12482,7424,20,1,8.0,8.0
12483,7424,7,2,6.5,14.57
12484,7425,20,1,8.0,9.48
12485,7426,20,1,8.0,8.0
12486,7426,9,1,4.0,5.3
12487,7427,6,1,3.5,3.5
12488,7428,10,1,4.0,4.0
12489,7429,11,2,5.78,11.56
12490,7430,17,1,8.0,8.0
12491,7430,3,1,4.73,4.73
12492,7430,20,1,8.0,8.0
12493,7430,1,1,5.78,6.91
12494,7431,20,1,8.0,8.0
12495,7431,7,1,6.5,6.5
12496,7431,11,1,5.78,5.78
12497,7432,4,1,5.78,7.44
12498,7433,9,1,4.0,4.0
12499,7434,2,1,5.25,6.46
12500,7435,7,1,6.5,6.5
12501,7436,1,1,5.78,5.78
12502,7436,8,1,6.3,6.3
12503,7437,1,2,5.78,11.56
12504,7438,14,1,3.0,3.0
12505,7439,20,1,8.0,8.0
12506,7439,17,1,8.0,8.0
12507,7439,14,1,3.0,3.0
12508,7439,3,1,4.73,4.73
12509,7439,7,1,6.5,7.53
12510,7440,4,1,5.78,5.78
12511,7440,24,1,18.0,18.0
12512,7440,3,1,4.73,5.98
12513,7441,1,1,5.78,9.44
12514,7442,13,2,3.5,7.0
12515,7443,20,1,8.0,8.0
12516,7443,2,1,5.25,5.25
12517,7443,19,1,7.0,7.0
12518,7444,3,1,4.73,4.73
12519,7445,9,1,4.0,4.0
12520,7446,10,1,4.0,4.0
12521,7446,8,1,6.3,6.3
12522,7446,20,1,8.0,8.0
12523,7446,14,1,3.0,3.0
12524,7447,12,1,4.0,4.0
12525,7448,1,1,5.78,5.78
12526,7448,7,1,6.5,6.5
12527,7449,14,2,3.0,6.0
12528,7450,6,1,3.5,3.5
12529,7450,12,1,4.0,4.0
12530,7450,9,1,4.0,4.0
12531,7450,3,1,4.73,4.73
12532,7451,3,1,4.73,8.63
12533,7452,15,1,4.5,4.5
12534,7453,16,1,9.5,9.5
12535,7454,15,2,4.5,9.98
12536,7455,7,1,6.5,7.75
12537,7456,11,1,5.78,8.47
12538,7457,2,2,5.25,11.75
12539,7458,17,1,8.0,8.0
12540,7458,9,1,4.0,4.0
12541,7458,7,2,6.5,13.0
12542,7458,18,1,10.0,10.0
12543,7458,20,2,8.0,16.0
12544,7459,11,1,5.78,5.78
12545,7460,13,1,3.5,4.61
12546,7461,12,1,4.0,4.0
12547,7461,13,1,3.5,3.5
12548,7462,13,1,3.5,3.5
12549,7463,3,1,4.73,5.98
12550,7464,15,1,4.5,6.96
12551,7465,6,1,3.5,3.5
12552,7466,1,1,5.78,5.78
12553,7466,11,1,5.78,5.78
12554,7466,14,1,3.0,3.0
12555,7466,17,1,8.0,8.0
12556,7467,15,1,4.5,4.5
12557,7467,11,1,5.78,7.65
12558,7468,21,1,25.0,26.21
12559,7469,20,1,8.0,8.0
12560,7469,10,1,4.0,4.0
12561,7469,8,2,6.3,12.6
12562,7469,13,2,3.5,8.25
12563,7470,20,2,8.0,17.15
12564,7471,14,1,3.0,3.0
12565,7471,14,1,3.0,3.0
12566,7471,2,1,5.25,5.25
12567,7471,6,2,3.5,7.0
12568,7471,8,1,6.3,6.3
12569,7472,14,1,3.0,3.0
12570,7473,12,2,4.0,8.0
12571,7473,5,1,6.3,6.3
12572,7473,20,1,8.0,8.0
12573,7474,19,1,7.0,7.0
12574,7475,15,1,4.5,6.33
12575,7476,20,1,8.0,8.0
12576,7476,20,1,8.0,8.0
12577,7476,6,1,3.5,3.5
12578,7477,7,1,6.5,6.5
12579,7478,7,1,6.5,6.5
12580,7478,4,1,5.78,5.78
12581,7478,5,1,6.3,6.3
12582,7478,17,1,8.0,8.0
12583,7478,14,1,3.0,3.0
12584,7479,13,1,3.5,3.5
12585,7480,7,1,6.5,6.5
12586,7480,18,1,10.0,10.0
12587,7480,2,1,5.25,5.25
12588,7480,20,1,8.0,8.0
12589,7480,2,2,5.25,13.15
12590,7481,17,1,8.0,9.21
12591,7482,20,2,8.0,16.0
12592,7482,20,1,8.0,8.0
12593,7482,7,1,6.5,6.5
12594,7482,15,1,4.5,4.5
12595,7482,12,1,4.0,4.0
12596,7483,5,1,6.3,6.3
12597,7483,17,1,8.0,8.0
12598,7483,8,1,6.3,6.3
12599,7484,8,2,6.3,12.6
12600,7485,9,2,4.0,8.0
12601,7486,6,1,3.5,3.5
12602,7487,18,1,10.0,12.95
12603,7488,15,1,4.5,4.5
12604,7489,5,1,6.3,6.3
12605,7490,12,1,4.0,5.21
12606,7491,20,1,8.0,8.0
12607,7491,2,2,5.25,10.5
12608,7491,3,1,4.73,4.73
12609,7491,10,1,4.0,4.0
12610,7491,7,1,6.5,6.5
12611,7492,15,1,4.5,4.5
12612,7493,24,1,18.0,18.0
12613,7493,2,2,5.25,10.5
12614,7493,5,1,6.3,6.3
12615,7494,11,1,5.78,5.78
12616,7495,7,1,6.5,6.5
12617,7495,20,1,8.0,9.68
12618,7496,9,1,4.0,4.0
12619,7496,12,1,4.0,4.0
12620,7497,20,1,8.0,9.06
12621,7498,3,2,4.73,10.71
12622,7499,8,1,6.3,6.3
12623,7500,17,2,8.0,16.0
12624,7500,13,1,3.5,3.5
12625,7500,7,2,6.5,13.0
12626,7500,15,1,4.5,4.5
12627,7500,20,1,8.0,8.0
12628,7501,9,1,4.0,5.59
12629,7502,10,2,4.0,8.0
12630,7503,11,1,5.78,5.78
12631,7503,11,1,5.78,5.78
12632,7503,15,1,4.5,4.5
12633,7503,15,1,4.5,6.04
12634,7504,17,1,8.0,8.0
12635,7505,10,1,4.0,4.0
12636,7505,14,1,3.0,3.0
12637,7505,14,1,3.0,3.0
12638,7506,5,1,6.3,6.3
12639,7506,7,2,6.5,13.0
12640,7506,14,1,3.0,3.0
12641,7506,22,1,8.0,8.0
12642,7507,12,2,4.0,8.0
12643,7508,6,1,3.5,3.5
12644,7509,20,1,8.0,9.45
12645,7510,3,1,4.73,4.73
12646,7510,7,1,6.5,6.5
12647,7510,6,1,3.5,3.5
12648,7511,16,1,9.5,13.16
12649,7512,20,2,8.0,16.0
12650,7512,18,1,10.0,10.0
12651,7512,17,1,8.0,8.0
12652,7512,3,1,4.73,4.73
12653,7512,12,1,4.0,6.97
12654,7513,8,1,6.3,6.3
12655,7514,8,1,6.3,7.53
12656,7515,16,1,9.5,10.8
12657,7516,20,1,8.0,8.0
12658,7517,25,1,20.0,20.0
12659,7517,14,1,3.0,4.25
12660,7518,19,1,7.0,7.0
12661,7519,11,1,5.78,8.73
12662,7520,19,1,7.0,7.0
12663,7520,16,1,9.5,10.75
12664,7521,17,1,8.0,8.85
12665,7522,13,1,3.5,3.5
12666,7522,5,1,6.3,6.3
12667,7522,1,1,5.78,5.78
12668,7522,19,1,7.0,7.0
12669,7522,8,1,6.3,7.33
12670,7523,2,1,5.25,6.55
12671,7524,7,1,6.5,6.5
12672,7525,7,1,6.5,6.5
12673,7526,21,1,25.0,25.0
12674,7527,20,1,8.0,8.0
12675,7528,3,1,4.73,4.73
12676,7529,1,2,5.78,12.77
12677,7530,15,1,4.5,4.5
12678,7531,9,1,4.0,4.0
12679,7532,16,1,9.5,9.5
12680,7533,12,1,4.0,4.0
12681,7533,9,2,4.0,8.0
12682,7534,5,1,6.3,6.3
12683,7534,6,1,3.5,5.84
12684,7535,15,1,4.5,4.5
12685,7535,20,1,8.0,8.0
12686,7535,2,1,5.25,5.25
12687,7536,9,1,4.0,4.85
12688,7537,20,1,8.0,8.0
12689,7538,20,1,8.0,8.0
12690,7538,15,1,4.5,6.84
12691,7539,18,1,10.0,11.44
12692,7540,19,1,7.0,7.0
12693,7540,15,2,4.5,9.0
12694,7540,6,1,3.5,3.5
12695,7541,16,1,9.5,9.5
12696,7541,8,1,6.3,6.3
12697,7541,11,1,5.78,5.78
12698,7541,5,1,6.3,6.3
12699,7541,7,2,6.5,14.03
12700,7542,10,1,4.0,4.0
12701,7542,12,1,4.0,4.0
12702,7542,8,1,6.3,7.75
12703,7543,5,1,6.3,8.72
12704,7544,11,1,5.78,5.78
12705,7545,7,2,6.5,13.0
12706,7545,10,1,4.0,4.0
12707,7546,18,1,10.0,10.0
12708,7547,10,2,4.0,8.0
12709,7548,9,1,4.0,4.0
12710,7549,25,1,20.0,20.0
12711,7549,20,1,8.0,9.45
12712,7550,7,1,6.5,6.5
12713,7551,9,1,4.0,4.0
12714,7552,20,1,8.0,8.0
12715,7552,20,1,8.0,8.0
12716,7553,20,1,8.0,11.66
12717,7554,21,1,25.0,25.0
12718,7554,7,1,6.5,6.5
12719,7555,17,1,8.0,8.0
12720,7555,19,1,7.0,7.0
12721,7555,13,1,3.5,3.5
12722,7556,14,1,3.0,3.0
12723,7556,7,1,6.5,6.5
12724,7556,19,1,7.0,7.0
12725,7556,16,1,9.5,9.5
12726,7556,14,2,3.0,6.0
12727,7557,17,1,8.0,8.0
12728,7558,9,1,4.0,4.0
12729,7558,20,1,8.0,8.0
12730,7558,13,1,3.5,3.5
12731,7559,7,2,6.5,13.0
12732,7559,20,1,8.0,11.66
12733,7560,6,1,3.5,4.8
12734,7561,10,1,4.0,4.0
12735,7562,13,2,3.5,7.0
12736,7563,16,1,9.5,9.5
12737,7564,15,2,4.5,9.0
12738,7565,3,1,4.73,4.73
12739,7565,19,1,7.0,7.0
12740,7565,3,1,4.73,4.73
12741,7565,12,1,4.0,4.0
12742,7565,8,1,6.3,6.3
12743,7566,11,1,5.78,5.78
12744,7567,14,1,3.0,4.11
12745,7568,7,1,6.5,6.5
12746,7569,22,1,8.0,8.0
12747,7570,11,1,5.78,5.78
12748,7571,1,2,5.78,12.66
12749,7572,7,1,6.5,7.98
12750,7573,6,1,3.5,3.5
12751,7574,6,1,3.5,3.5
12752,7574,7,1,6.5,6.5
12753,7574,15,1,4.5,4.5
12754,7574,11,1,5.78,5.78
12755,7574,14,2,3.0,6.0
12756,7575,1,1,5.78,5.78
12757,7575,14,1,3.0,3.0
12758,7575,20,1,8.0,8.0
12759,7576,5,1,6.3,6.3
12760,7576,1,1,5.78,5.78
12761,7577,8,2,6.3,15.0
12762,7578,20,2,8.0,19.66
12763,7579,13,1,3.5,3.5
12764,7580,15,1,4.5,4.5
12765,7580,20,1,8.0,8.0
12766,7580,3,1,4.73,4.73
12767,7580,20,1,8.0,8.0
12768,7581,3,1,4.73,4.73
12769,7582,10,1,4.0,4.0
12770,7583,18,1,10.0,10.0
12771,7584,8,1,6.3,6.3
12772,7585,2,1,5.25,5.25
12773,7585,7,1,6.5,6.5
12774,7586,6,1,3.5,3.5
12775,7587,4,1,5.78,5.78
12776,7587,8,1,6.3,6.3
12777,7587,20,1,8.0,8.0
12778,7588,1,1,5.78,9.44
12779,7589,14,1,3.0,3.0
12780,7590,10,1,4.0,4.0
12781,7591,15,1,4.5,6.96
12782,7592,20,1,8.0,8.0
12783,7592,20,1,8.0,8.0
12784,7592,20,1,8.0,8.0
12785,7592,15,1,4.5,5.71
12786,7593,10,1,4.0,4.0
12787,7593,11,1,5.78,5.78
12788,7594,20,1,8.0,9.15
12789,7595,3,1,4.73,4.73
12790,7595,16,1,9.5,9.5
12791,7596,9,1,4.0,4.0
12792,7596,17,1,8.0,8.0
12793,7597,8,1,6.3,8.7
12794,7598,12,1,4.0,4.0
12795,7599,16,1,9.5,9.5
12796,7599,8,1,6.3,6.3
12797,7600,7,1,6.5,7.53
12798,7601,7,1,6.5,6.5
12799,7602,5,1,6.3,6.3
12800,7602,5,2,6.3,12.6
12801,7602,11,1,5.78,5.78
12802,7602,9,1,4.0,4.0
12803,7602,11,1,5.78,5.78
12804,7603,7,1,6.5,7.8
12805,7604,20,1,8.0,8.0
12806,7604,20,2,8.0,16.0
12807,7604,1,2,5.78,11.56
12808,7604,14,1,3.0,3.0
12809,7604,7,1,6.5,7.95
12810,7605,11,1,5.78,5.78
12811,7606,14,1,3.0,3.0
12812,7607,14,1,3.0,3.0
12813,7608,10,1,4.0,4.0
12814,7608,7,1,6.5,6.5
12815,7608,20,1,8.0,8.0
12816,7608,8,2,6.3,12.6
12817,7608,10,2,4.0,8.0
12818,7609,8,1,6.3,6.3
12819,7610,15,1,4.5,4.5
12820,7611,16,1,9.5,9.5
12821,7611,16,1,9.5,9.5
12822,7611,18,1,10.0,10.0
12823,7611,8,1,6.3,6.3
12824,7611,7,1,6.5,6.5
12825,7612,20,1,8.0,8.0
12826,7613,19,1,7.0,8.21
12827,7614,18,1,10.0,10.0
12828,7615,8,1,6.3,6.3
12829,7616,3,1,4.73,4.73
12830,7617,8,1,6.3,6.3
12831,7618,16,1,9.5,9.5
12832,7618,7,1,6.5,6.5
12833,7618,5,1,6.3,6.3
12834,7618,2,1,5.25,7.29
12835,7619,16,1,9.5,9.5
12836,7619,16,2,9.5,19.0
12837,7619,9,1,4.0,4.0
12838,7619,10,1,4.0,4.0
12839,7620,3,1,4.73,7.78
12840,7621,13,1,3.5,3.5
12841,7622,20,1,8.0,8.0
12842,7623,14,1,3.0,3.0
12843,7623,3,1,4.73,4.73
12844,7623,17,1,8.0,8.0
12845,7623,7,2,6.5,13.0
12846,7623,6,1,3.5,6.78
12847,7624,6,1,3.5,4.71
12848,7625,13,1,3.5,4.81
12849,7626,2,1,5.25,5.25
12850,7626,1,1,5.78,5.78
12851,7626,18,1,10.0,10.0
12852,7627,7,1,6.5,6.5
12853,7627,16,1,9.5,10.65
12854,7628,14,1,3.0,3.0
12855,7629,1,1,5.78,5.78
12856,7630,7,1,6.5,6.5
12857,7631,2,1,5.25,5.25
12858,7632,11,1,5.78,5.78
12859,7633,22,1,8.0,8.0
12860,7634,19,1,7.0,8.25
12861,7635,4,1,5.78,5.78
12862,7635,15,1,4.5,4.5
12863,7635,10,1,4.0,4.0
12864,7635,3,1,4.73,4.73
12865,7635,12,1,4.0,4.0
12866,7636,20,1,8.0,9.79
12867,7637,16,1,9.5,9.5
12868,7637,6,1,3.5,5.16
12869,7638,1,1,5.78,5.78
12870,7638,10,1,4.0,4.0
12871,7638,5,1,6.3,6.3
12872,7639,12,1,4.0,4.0
12873,7639,10,1,4.0,4.0
12874,7640,8,1,6.3,7.55
12875,7641,6,1,3.5,3.5
12876,7642,20,1,8.0,8.0
12877,7643,13,1,3.5,3.5
12878,7643,9,1,4.0,4.0
12879,7643,7,2,6.5,13.0
12880,7643,5,1,6.3,6.3
12881,7644,9,2,4.0,8.0
12882,7645,13,1,3.5,3.5
12883,7645,17,1,8.0,8.0
12884,7646,6,2,3.5,7.0
12885,7646,17,1,8.0,8.0
12886,7646,8,1,6.3,6.3
12887,7647,7,1,6.5,6.5
12888,7648,5,2,6.3,12.6
12889,7649,4,1,5.78,5.78
12890,7649,5,2,6.3,12.6
12891,7649,11,1,5.78,5.78
12892,7649,5,1,6.3,6.3
12893,7649,18,1,10.0,10.0
12894,7650,14,1,3.0,3.0
12895,7650,15,1,4.5,4.5
12896,7650,15,1,4.5,4.5
12897,7650,7,1,6.5,6.5
12898,7650,6,1,3.5,3.5
12899,7651,16,1,9.5,10.71
12900,7652,19,1,7.0,7.0
12901,7652,2,1,5.25,5.25
12902,7652,6,1,3.5,3.5
12903,7652,1,2,5.78,11.56
12904,7652,15,1,4.5,4.5
12905,7653,4,1,5.78,7.37
12906,7654,15,1,4.5,4.5
12907,7655,14,1,3.0,3.0
12908,7655,17,1,8.0,8.0
12909,7655,15,1,4.5,4.5
12910,7656,12,1,4.0,4.0
12911,7657,11,1,5.78,5.78
12912,7658,16,1,9.5,9.5
12913,7658,24,1,18.0,18.0
12914,7659,20,1,8.0,8.0
12915,7660,4,2,5.78,13.16
12916,7661,21,1,25.0,26.44
12917,7662,11,1,5.78,5.78
12918,7662,16,1,9.5,9.5
12919,7662,13,1,3.5,3.5
12920,7662,1,1,5.78,5.78
12921,7662,10,2,4.0,8.0
12922,7663,14,1,3.0,3.76
12923,7664,12,1,4.0,6.34
12924,7665,9,1,4.0,4.0
12925,7666,20,1,8.0,8.0
12926,7667,7,1,6.5,6.5
12927,7668,17,1,8.0,9.1
12928,7669,12,1,4.0,6.46
12929,7670,20,1,8.0,8.0
12930,7670,12,1,4.0,4.0
12931,7671,15,1,4.5,4.5
12932,7671,7,1,6.5,6.5
12933,7672,21,1,25.0,25.0
12934,7673,8,1,6.3,7.98
12935,7674,8,1,6.3,6.3
12936,7674,16,1,9.5,9.5
12937,7674,1,1,5.78,6.72
12938,7675,15,1,4.5,4.5
12939,7676,14,1,3.0,3.0
12940,7677,2,1,5.25,5.25
12941,7678,11,2,5.78,11.56
12942,7678,21,1,25.0,25.0
12943,7678,18,1,10.0,10.0
12944,7678,7,1,6.5,6.5
12945,7679,10,1,4.0,4.0
12946,7680,1,1,5.78,5.78
12947,7680,25,1,20.0,20.0
12948,7680,20,1,8.0,10.95
12949,7681,9,1,4.0,4.0
12950,7682,4,1,5.78,5.78
12951,7683,14,1,3.0,3.0
12952,7683,8,2,6.3,12.6
12953,7683,9,2,4.0,8.0
12954,7683,1,1,5.78,5.78
12955,7683,20,1,8.0,9.21
12956,7684,13,1,3.5,4.35
12957,7685,11,1,5.78,8.18
12958,7686,20,1,8.0,9.54
12959,7687,20,1,8.0,10.4
12960,7688,14,1,3.0,4.45
12961,7689,20,1,8.0,8.0
12962,7690,1,2,5.78,11.56
12963,7691,12,1,4.0,5.3
12964,7692,20,1,8.0,8.0
12965,7693,13,1,3.5,3.5
12966,7693,11,1,5.78,5.78
12967,7693,15,1,4.5,4.5
12968,7694,20,1,8.0,9.59
12969,7695,8,1,6.3,6.3
12970,7695,10,1,4.0,4.0
12971,7696,4,2,5.78,11.56
12972,7696,20,1,8.0,8.0
12973,7696,6,1,3.5,3.5
12974,7696,11,1,5.78,5.78
12975,7697,15,1,4.5,4.5
12976,7697,15,1,4.5,4.5
12977,7697,20,1,8.0,8.0
12978,7697,10,1,4.0,4.0
12979,7697,13,1,3.5,3.5
12980,7698,6,1,3.5,3.5
12981,7699,8,1,6.3,6.3
12982,7700,1,1,5.78,7.23
12983,7701,17,1,8.0,8.0
12984,7701,7,1,6.5,6.5
12985,7701,14,1,3.0,3.0
12986,7701,7,1,6.5,6.5
12987,7702,20,1,8.0,8.0
12988,7703,18,1,10.0,10.0
12989,7704,25,1,20.0,20.0
12990,7705,5,1,6.3,6.3
12991,7705,10,1,4.0,4.0
12992,7705,17,1,8.0,8.0
12993,7705,6,1,3.5,3.5
12994,7706,13,1,3.5,3.5
12995,7707,20,1,8.0,8.0
12996,7707,9,2,4.0,9.45
12997,7708,11,1,5.78,5.78
12998,7709,8,1,6.3,6.3
12999,7710,17,1,8.0,8.0
13000,7711,20,2,8.0,16.0
13001,7712,16,1,9.5,11.92
13002,7713,2,1,5.25,6.09
13003,7714,5,1,6.3,7.27
13004,7715,15,1,4.5,4.5
13005,7716,7,2,6.5,15.95
13006,7717,13,1,3.5,3.5
13007,7718,17,1,8.0,8.0
13008,7718,15,1,4.5,4.5
13009,7719,20,1,8.0,8.0
13010,7719,5,1,6.3,7.51
13011,7720,15,1,4.5,4.5
13012,7720,8,2,6.3,12.6
13013,7720,12,1,4.0,4.0
13014,7720,18,1,10.0,11.21
13015,7721,3,1,4.73,4.73
13016,7722,20,1,8.0,8.0
13017,7723,10,1,4.0,4.0
13018,7723,12,1,4.0,4.0
13019,7723,19,1,7.0,8.3
13020,7724,10,1,4.0,5.03
13021,7725,20,2,8.0,16.0
13022,7726,2,1,5.25,5.25
13023,7727,20,1,8.0,8.0
13024,7728,20,1,8.0,8.0
13025,7729,20,2,8.0,16.0
13026,7730,13,1,3.5,3.5
13027,7730,7,1,6.5,6.5
13028,7730,13,2,3.5,10.66
13029,7731,13,1,3.5,3.5
13030,7731,20,2,8.0,16.0
13031,7731,7,1,6.5,6.5
13032,7732,15,1,4.5,4.5
13033,7732,15,1,4.5,4.5
13034,7732,14,1,3.0,3.0
13035,7732,11,1,5.78,5.78
13036,7733,22,1,8.0,10.69
13037,7734,9,2,4.0,8.0
13038,7734,7,1,6.5,8.96
13039,7735,5,1,6.3,10.2
13040,7736,3,1,4.73,4.73
13041,7736,13,1,3.5,3.5
13042,7736,11,2,5.78,11.56
13043,7736,20,1,8.0,8.0
13044,7736,2,1,5.25,6.27
13045,7737,2,1,5.25,5.25
13046,7738,9,2,4.0,8.0
13047,7739,10,1,4.0,5.59
13048,7740,20,2,8.0,16.0
13049,7741,22,1,8.0,8.0
13050,7742,14,1,3.0,3.0
13051,7743,16,1,9.5,10.71
13052,7744,6,1,3.5,3.5
13053,7745,3,1,4.73,4.73
13054,7745,7,1,6.5,6.5
13055,7745,24,1,18.0,19.03
13056,7746,12,2,4.0,8.0
13057,7746,9,1,4.0,4.0
13058,7747,18,1,10.0,10.0
13059,7747,23,1,15.0,15.0
13060,7748,18,2,10.0,20.0
13061,7749,12,1,4.0,4.0
13062,7749,20,2,8.0,16.0
13063,7750,16,1,9.5,10.95
13064,7751,12,1,4.0,4.0
13065,7751,25,1,20.0,20.0
13066,7752,4,2,5.78,11.56
13067,7753,15,1,4.5,6.92
13068,7754,2,1,5.25,5.25
13069,7755,20,1,8.0,8.0
13070,7755,12,1,4.0,4.0
13071,7755,6,2,3.5,7.0
13072,7756,14,1,3.0,4.06
13073,7757,17,1,8.0,8.0
13074,7758,20,1,8.0,8.0
13075,7759,14,1,3.0,3.0
13076,7760,5,1,6.3,8.34
13077,7761,15,1,4.5,4.5
13078,7761,14,1,3.0,3.0
13079,7762,13,1,3.5,4.27
13080,7763,8,1,6.3,6.3
13081,7763,6,1,3.5,3.5
13082,7764,15,1,4.5,8.16
13083,7765,11,1,5.78,5.78
13084,7766,13,1,3.5,4.65
13085,7767,2,1,5.25,7.08
13086,7768,3,2,4.73,9.46
13087,7769,16,1,9.5,9.5
13088,7770,16,2,9.5,19.0
13089,7770,11,1,5.78,5.78
13090,7770,13,1,3.5,5.16
13091,7771,1,1,5.78,8.12
13092,7772,11,1,5.78,6.62
13093,7773,7,1,6.5,6.5
13094,7774,20,1,8.0,8.0
13095,7775,14,1,3.0,3.0
13096,7775,8,1,6.3,6.3
13097,7775,11,1,5.78,5.78
13098,7776,8,1,6.3,6.3
13099,7777,20,1,8.0,9.21
13100,7778,17,1,8.0,8.0
13101,7778,22,1,8.0,9.21
13102,7779,18,1,10.0,10.0
13103,7779,2,1,5.25,5.25
13104,7779,1,1,5.78,8.43
13105,7780,12,1,4.0,5.13
13106,7781,1,1,5.78,6.89
13107,7782,14,2,3.0,6.0
13108,7782,20,1,8.0,8.0
13109,7782,2,1,5.25,5.25
13110,7782,10,1,4.0,4.0
13111,7782,1,1,5.78,5.78
13112,7783,11,2,5.78,12.98
13113,7784,20,1,8.0,8.0
13114,7785,7,1,6.5,8.54
13115,7786,23,1,15.0,15.84
13116,7787,7,1,6.5,6.5
13117,7788,20,1,8.0,9.66
13118,7789,15,1,4.5,4.5
13119,7790,12,1,4.0,4.0
13120,7790,14,1,3.0,3.0
13121,7790,7,1,6.5,6.5
13122,7791,7,1,6.5,6.5
13123,7792,23,1,15.0,16.79
13124,7793,11,1,5.78,5.78
13125,7794,18,2,10.0,23.5
13126,7795,5,1,6.3,6.3
13127,7795,8,1,6.3,6.3
13128,7796,13,2,3.5,7.0
13129,7796,4,1,5.78,5.78
13130,7797,13,1,3.5,4.81
13131,7798,15,1,4.5,4.5
13132,7799,19,2,7.0,14.0
13133,7800,7,2,6.5,13.0
13134,7801,19,2,7.0,16.69
13135,7802,11,1,5.78,5.78
13136,7802,20,2,8.0,16.0
13137,7802,10,1,4.0,4.0
13138,7802,20,1,8.0,8.0
13139,7802,9,1,4.0,4.0
13140,7803,20,1,8.0,8.0
13141,7804,20,1,8.0,8.0
13142,7804,13,1,3.5,3.5
13143,7804,1,1,5.78,5.78
13144,7804,2,1,5.25,5.25
13145,7805,11,1,5.78,5.78
13146,7805,14,1,3.0,3.0
13147,7805,7,2,6.5,13.0
13148,7805,7,2,6.5,13.0
13149,7805,12,1,4.0,4.0
13150,7806,8,1,6.3,6.3
13151,7806,24,1,18.0,18.0
13152,7807,10,2,4.0,8.0
13153,7807,7,1,6.5,6.5
13154,7807,20,2,8.0,16.0
13155,7807,5,1,6.3,6.3
13156,7807,9,2,4.0,8.0
13157,7808,1,1,5.78,5.78
13158,7808,11,1,5.78,5.78
13159,7808,11,1,5.78,5.78
13160,7809,15,1,4.5,4.5
13161,7810,16,1,9.5,13.0
13162,7811,15,1,4.5,6.04
13163,7812,15,1,4.5,5.56
13164,7813,15,1,4.5,5.61
13165,7814,9,1,4.0,4.0
13166,7814,5,1,6.3,6.3
13167,7814,20,2,8.0,16.0
13168,7814,10,1,4.0,4.0
13169,7814,16,2,9.5,19.0
13170,7815,5,1,6.3,7.55
13171,7816,7,1,6.5,6.5
13172,7817,7,1,6.5,6.5
13173,7818,9,2,4.0,8.0
13174,7818,22,1,8.0,8.0
13175,7818,13,1,3.5,3.5
13176,7818,20,1,8.0,8.0
13177,7819,5,1,6.3,6.3
13178,7819,15,1,4.5,4.5
13179,7819,20,1,8.0,8.0
13180,7819,7,1,6.5,6.5
13181,7819,11,2,5.78,12.71
13182,7820,20,1,8.0,9.21
13183,7821,19,1,7.0,8.45
13184,7822,9,1,4.0,5.25
13185,7823,7,1,6.5,6.5
13186,7824,9,1,4.0,7.5
13187,7825,1,2,5.78,11.56
13188,7826,20,1,8.0,8.0
13189,7826,7,1,6.5,6.5
13190,7826,16,1,9.5,9.5
13191,7826,11,1,5.78,5.78
13192,7826,7,2,6.5,13.0
13193,7827,12,2,4.0,8.0
13194,7828,5,1,6.3,7.14
13195,7829,20,1,8.0,8.0
13196,7830,15,1,4.5,4.5
13197,7831,10,1,4.0,4.0
13198,7832,20,1,8.0,8.0
13199,7833,19,1,7.0,7.0
13200,7834,15,1,4.5,4.5
13201,7834,19,1,7.0,7.0
13202,7834,12,1,4.0,5.59
13203,7835,3,1,4.73,5.98
13204,7836,7,1,6.5,6.5
13205,7836,4,1,5.78,5.78
13206,7836,13,1,3.5,3.5
13207,7837,19,1,7.0,7.0
13208,7838,7,1,6.5,6.5
13209,7838,20,1,8.0,8.0
13210,7838,15,1,4.5,4.5
13211,7838,20,1,8.0,8.0
13212,7838,2,1,5.25,6.55
13213,7839,12,1,4.0,4.0
13214,7840,2,1,5.25,6.7
13215,7841,17,1,8.0,9.45
13216,7842,16,1,9.5,9.5
13217,7842,6,2,3.5,7.0
13218,7842,7,1,6.5,6.5
13219,7842,8,1,6.3,6.3
13220,7842,7,1,6.5,6.5
13221,7843,20,1,8.0,8.0
13222,7844,20,1,8.0,8.0
13223,7845,15,1,4.5,7.47
13224,7846,1,1,5.78,5.78
13225,7847,7,1,6.5,7.53
13226,7848,20,1,8.0,8.0
13227,7849,21,1,25.0,26.25
13228,7850,2,1,5.25,8.22
13229,7851,8,1,6.3,6.3
13230,7852,15,1,4.5,4.5
13231,7853,20,1,8.0,8.0
13232,7854,20,1,8.0,8.0
13233,7855,3,1,4.73,4.73
13234,7856,14,1,3.0,3.0
13235,7857,20,1,8.0,8.0
13236,7858,17,1,8.0,9.6
13237,7859,21,1,25.0,25.0
13238,7859,14,1,3.0,3.0
13239,7859,23,1,15.0,16.1
13240,7860,12,1,4.0,4.0
13241,7860,8,1,6.3,6.3
13242,7861,20,1,8.0,9.25
13243,7862,5,2,6.3,12.6
13244,7862,2,1,5.25,5.25
13245,7862,7,1,6.5,6.5
13246,7863,17,1,8.0,8.0
13247,7864,5,2,6.3,13.83
13248,7865,13,1,3.5,3.5
13249,7866,1,1,5.78,5.78
13250,7866,7,1,6.5,6.5
13251,7866,20,1,8.0,8.0
13252,7867,6,2,3.5,7.0
13253,7868,1,2,5.78,11.56
13254,7868,20,1,8.0,8.0
13255,7869,21,1,25.0,25.0
13256,7870,19,1,7.0,7.0
13257,7870,20,1,8.0,10.95
13258,7871,19,1,7.0,9.4
13259,7872,20,1,8.0,8.0
13260,7873,18,1,10.0,10.0
13261,7874,7,1,6.5,6.5
13262,7875,20,1,8.0,8.0
13263,7876,19,1,7.0,7.0
13264,7877,19,1,7.0,7.0
13265,7878,18,1,10.0,10.0
13266,7878,5,1,6.3,6.3
13267,7879,9,1,4.0,5.13
13268,7880,2,1,5.25,5.25
13269,7881,6,1,3.5,3.5
13270,7882,2,2,5.25,10.5
13271,7883,15,1,4.5,4.5
13272,7884,11,1,5.78,5.78
13273,7885,9,1,4.0,4.0
13274,7885,3,1,4.73,4.73
13275,7885,22,1,8.0,8.0
13276,7886,20,1,8.0,8.0
13277,7887,10,1,4.0,4.0
13278,7888,4,1,5.78,5.78
13279,7888,10,1,4.0,4.0
13280,7888,1,1,5.78,5.78
13281,7889,5,1,6.3,7.46
13282,7890,20,2,8.0,16.0
13283,7890,4,1,5.78,5.78
13284,7891,14,1,3.0,3.0
13285,7892,19,1,7.0,7.0
13286,7893,24,1,18.0,19.25
13287,7894,20,1,8.0,8.0
13288,7894,20,1,8.0,8.0
13289,7895,7,1,6.5,6.5
13290,7896,16,1,9.5,9.5
13291,7896,9,1,4.0,4.0
13292,7897,10,1,4.0,7.9
13293,7898,13,1,3.5,3.5
13294,7899,13,1,3.5,4.73
13295,7900,5,2,6.3,12.6
13296,7900,19,1,7.0,7.76
13297,7901,10,1,4.0,4.0
13298,7901,15,1,4.5,4.5
13299,7901,15,2,4.5,9.0
13300,7901,20,1,8.0,8.0
13301,7902,7,1,6.5,6.5
13302,7903,17,2,8.0,16.0
13303,7904,13,2,3.5,9.69
13304,7905,19,1,7.0,8.3
13305,7906,14,1,3.0,4.21
13306,7907,23,1,15.0,17.46
13307,7908,20,1,8.0,8.0
13308,7909,2,2,5.25,10.5
13309,7909,10,1,4.0,4.0
13310,7909,21,1,25.0,25.0
13311,7910,20,1,8.0,8.0
13312,7911,3,1,4.73,4.73
13313,7912,20,1,8.0,10.95
13314,7913,19,1,7.0,7.0
13315,7913,6,2,3.5,8.25
13316,7914,6,1,3.5,5.37
13317,7915,9,1,4.0,6.4
13318,7916,20,1,8.0,10.04
13319,7917,13,1,3.5,3.5
13320,7917,9,2,4.0,8.0
13321,7917,20,2,8.0,16.0
13322,7917,3,1,4.73,6.41
13323,7918,16,1,9.5,9.5
13324,7919,8,2,6.3,12.6
13325,7920,22,1,8.0,8.0
13326,7921,8,1,6.3,6.3
13327,7922,23,1,15.0,15.0
13328,7923,10,1,4.0,4.0
13329,7924,3,1,4.73,4.73
13330,7924,20,1,8.0,8.0
13331,7924,12,1,4.0,4.0
13332,7924,13,2,3.5,7.0
13333,7925,16,1,9.5,9.5
13334,7926,3,1,4.73,4.73
13335,7926,2,2,5.25,10.5
13336,7927,9,1,4.0,4.0
13337,7928,20,1,8.0,11.66
13338,7929,1,1,5.78,5.78
13339,7929,3,2,4.73,9.46
13340,7929,7,2,6.5,13.0
13341,7930,13,1,3.5,3.5
13342,7931,18,1,10.0,10.0
13343,7932,20,1,8.0,8.0
13344,7932,11,2,5.78,11.56
13345,7932,7,2,6.5,13.0
13346,7932,12,1,4.0,4.0
13347,7932,3,1,4.73,7.13
13348,7933,7,1,6.5,6.5
13349,7934,7,1,6.5,7.95
13350,7935,14,1,3.0,3.0
13351,7935,1,1,5.78,5.78
13352,7935,16,1,9.5,9.5
13353,7936,10,1,4.0,4.0
13354,7936,10,1,4.0,4.0
13355,7936,1,1,5.78,6.97
13356,7937,19,1,7.0,7.0
13357,7938,1,1,5.78,5.78
13358,7939,2,2,5.25,10.5
13359,7939,11,1,5.78,5.78
13360,7939,15,1,4.5,4.5
13361,7940,1,1,5.78,5.78
13362,7940,7,1,6.5,8.07
13363,7941,14,1,3.0,3.0
13364,7941,1,1,5.78,5.78
13365,7942,7,1,6.5,6.5
13366,7943,2,1,5.25,5.25
13367,7944,17,1,8.4,8.4
13368,7944,11,1,6.07,6.07
13369,7944,20,1,8.0,8.0
13370,7945,7,1,6.5,6.5
13371,7946,10,1,4.0,4.0
13372,7947,20,1,8.0,8.0
13373,7948,20,1,8.0,8.0
13374,7949,12,1,4.2,4.2
13375,7949,7,2,6.5,13.0
13376,7950,19,2,7.0,14.0
13377,7951,19,1,7.0,9.34
13378,7952,17,1,8.4,8.4
13379,7953,14,1,3.0,3.0
13380,7954,19,1,7.0,7.0
13381,7955,9,1,4.0,5.59
13382,7956,12,2,4.2,8.4
13383,7957,4,1,6.07,7.22
13384,7958,21,1,25.0,25.0
13385,7959,15,1,4.5,4.5
13386,7960,20,1,8.0,8.0
13387,7961,14,2,3.0,6.0
13388,7961,14,1,3.0,3.0
13389,7962,20,1,8.0,8.0
13390,7962,7,2,6.5,13.0
13391,7962,21,1,25.0,25.0
13392,7963,11,1,6.07,6.07
13393,7964,4,1,6.07,6.07
13394,7964,5,2,6.62,13.24
13395,7964,15,1,4.5,4.5
13396,7965,23,1,15.0,15.0
13397,7966,16,1,9.97,9.97
13398,7967,10,1,4.0,5.59
13399,7968,6,1,3.5,3.5
13400,7969,12,1,4.2,4.2
13401,7969,13,1,3.68,3.68
13402,7970,20,1,8.0,8.0
13403,7970,20,1,8.0,9.48
13404,7971,3,1,4.97,4.97
13405,7972,7,1,6.5,6.5
13406,7973,19,1,7.0,7.0
13407,7973,14,1,3.0,3.0
13408,7973,2,1,5.51,5.51
13409,7973,4,1,6.07,6.07
13410,7973,9,1,4.0,5.3
13411,7974,7,1,6.5,6.5
13412,7974,16,1,9.97,9.97
13413,7974,9,1,4.0,5.39
13414,7975,20,2,8.0,16.0
13415,7976,25,1,20.0,20.0
13416,7976,20,1,8.0,9.25
13417,7977,15,1,4.5,4.5
13418,7977,14,1,3.0,3.0
13419,7977,16,1,9.97,9.97
13420,7978,20,1,8.0,8.0
13421,7978,23,1,15.0,15.0
13422,7979,19,2,7.0,14.0
13423,7980,20,1,8.0,9.25
13424,7981,10,1,4.0,4.0
13425,7982,16,1,9.97,9.97
13426,7983,2,1,5.51,5.51
13427,7984,13,1,3.68,3.68
13428,7984,6,1,3.5,3.5
13429,7984,15,1,4.5,4.5
13430,7984,7,1,6.5,6.5
13431,7985,19,1,7.0,7.0
13432,7986,14,1,3.0,4.39
13433,7987,19,1,7.0,7.0
13434,7988,17,1,8.4,8.4
13435,7988,16,2,9.97,19.94
13436,7988,13,1,3.68,6.63
13437,7989,6,1,3.5,3.5
13438,7990,1,1,6.07,7.28
13439,7991,20,2,8.0,16.0
13440,7992,17,1,8.4,10.86
13441,7993,17,1,8.4,8.4
13442,7993,7,1,6.5,6.5
13443,7994,20,1,8.0,8.0
13444,7995,17,1,8.4,8.4
13445,7995,15,1,4.5,4.5
13446,7995,17,2,8.4,16.8
13447,7996,5,1,6.62,6.62
13448,7996,1,1,6.07,7.67
13449,7997,15,1,4.5,4.5
13450,7997,16,1,9.97,11.56
13451,7998,15,1,4.5,4.5
13452,7998,20,1,8.0,8.0
13453,7998,17,2,8.4,18.24
13454,7999,21,1,25.0,25.0
13455,7999,13,2,3.68,7.36
13456,8000,15,1,4.5,4.5
13457,8000,11,1,6.07,6.07
13458,8001,2,1,5.51,5.51
13459,8001,5,1,6.62,6.62
13460,8002,8,1,6.62,6.62
13461,8003,22,1,8.0,8.0
13462,8004,20,1,8.0,8.0
13463,8005,13,2,3.68,10.31
13464,8006,8,1,6.62,6.62
13465,8007,4,1,6.07,7.9
13466,8008,20,1,8.0,8.0
13467,8009,15,1,4.5,4.5
13468,8010,5,1,6.62,6.62
13469,8011,20,1,8.0,9.06
13470,8012,18,1,10.5,10.5
13471,8013,18,1,10.5,11.65
13472,8014,5,2,6.62,13.24
13473,8015,15,1,4.5,4.5
13474,8015,16,1,9.97,9.97
13475,8016,14,1,3.0,3.0
13476,8017,3,1,4.97,6.08
13477,8018,5,1,6.62,6.62
13478,8018,5,1,6.62,7.6
13479,8019,2,2,5.51,11.02
13480,8019,15,1,4.5,4.5
13481,8019,20,1,8.0,8.0
13482,8019,17,1,8.4,8.4
13483,8019,13,2,3.68,8.67
13484,8020,20,1,8.0,8.0
13485,8020,16,2,9.97,19.94
13486,8020,5,1,6.62,6.62
13487,8020,4,1,6.07,6.07
13488,8020,11,1,6.07,7.23
13489,8021,14,1,3.0,3.0
13490,8022,6,1,3.5,3.5
13491,8023,20,1,8.0,8.0
13492,8023,3,1,4.97,4.97
13493,8024,15,1,4.5,4.5
13494,8024,8,1,6.62,8.41
13495,8025,17,1,8.4,8.4
13496,8026,3,2,4.97,10.96
13497,8027,6,1,3.5,3.5
13498,8028,9,1,4.0,5.25
13499,8029,18,1,10.5,10.5
13500,8030,11,1,6.07,6.07
13501,8030,12,1,4.2,4.2
13502,8030,14,1,3.0,3.0
13503,8031,4,1,6.07,6.07
13504,8032,20,1,8.0,8.0
13505,8032,20,1,8.0,8.0
13506,8032,7,1,6.5,9.78
13507,8033,16,2,9.97,21.42
13508,8034,4,1,6.07,6.07
13509,8035,17,1,8.4,8.4
13510,8035,20,1,8.0,8.0
13511,8035,14,1,3.0,3.0
13512,8035,20,1,8.0,8.0
13513,8036,17,2,8.4,16.8
13514,8037,9,1,4.0,4.0
13515,8037,7,1,6.5,6.5
13516,8037,4,1,6.07,6.07
13517,8037,4,1,6.07,6.07
13518,8037,18,1,10.5,10.5
13519,8038,4,1,6.07,6.07
13520,8038,3,1,4.97,4.97
13521,8038,13,1,3.68,3.68
13522,8038,7,1,6.5,6.5
13523,8038,12,1,4.2,6.89
13524,8039,11,1,6.07,6.07
13525,8039,13,1,3.68,4.71
13526,8040,20,2,8.0,16.0
13527,8041,7,1,6.5,7.91
13528,8042,1,2,6.07,12.14
13529,8043,1,1,6.07,6.07
13530,8043,25,1,20.0,20.0
13531,8044,14,1,3.0,4.45
13532,8045,7,1,6.5,6.5
13533,8045,1,1,6.07,6.07
13534,8045,6,2,3.5,7.0
13535,8045,9,1,4.0,4.0
13536,8045,16,1,9.97,9.97
13537,8046,7,1,6.5,8.09
13538,8047,14,1,3.0,4.79
13539,8048,4,1,6.07,7.32
13540,8049,8,1,6.62,6.62
13541,8049,13,1,3.68,3.68
13542,8049,8,1,6.62,6.62
13543,8049,14,1,3.0,3.0
13544,8050,19,1,7.0,7.0
13545,8051,20,2,8.0,16.0
13546,8052,20,2,8.0,16.0
13547,8053,1,1,6.07,6.07
13548,8054,4,1,6.07,9.73
13549,8055,15,1,4.5,4.5
13550,8055,16,1,9.97,9.97
13551,8056,11,1,6.07,6.07
13552,8057,4,1,6.07,6.07
13553,8058,16,1,9.97,9.97
13554,8059,15,1,4.5,4.5
13555,8059,15,1,4.5,4.5
13556,8059,1,1,6.07,6.07
13557,8059,5,1,6.62,6.62
13558,8059,17,1,8.4,9.56
13559,8060,3,1,4.97,6.22
13560,8061,14,2,3.0,6.0
13561,8061,12,1,4.2,4.2
13562,8061,9,1,4.0,4.0
13563,8062,20,1,8.0,8.0
13564,8062,16,1,9.97,9.97
13565,8062,8,1,6.62,6.62
13566,8063,20,1,8.0,8.0
13567,8063,20,1,8.0,8.0
13568,8063,25,1,20.0,20.0
13569,8064,13,1,3.68,3.68
13570,8064,13,1,3.68,5.47
13571,8065,20,1,8.0,8.0
13572,8066,13,1,3.68,3.68
13573,8067,13,1,3.68,3.68
13574,8068,13,1,3.68,3.68
13575,8068,20,1,8.0,8.0
13576,8068,25,1,20.0,20.0
13577,8068,8,1,6.62,6.62
13578,8069,4,1,6.07,6.07
13579,8070,6,2,3.5,7.98
13580,8071,19,1,7.0,7.0
13581,8071,20,2,8.0,16.0
13582,8071,20,1,8.0,8.0
13583,8071,23,1,15.0,15.0
13584,8071,1,1,6.07,6.07
13585,8072,2,1,5.51,5.51
13586,8073,12,1,4.2,4.2
13587,8074,1,1,6.07,6.07
13588,8075,20,1,8.0,10.95
13589,8076,16,1,9.97,9.97
13590,8076,21,1,25.0,25.0
13591,8077,19,1,7.0,7.0
13592,8078,16,2,9.97,19.94
13593,8079,20,1,8.0,8.0
13594,8079,20,1,8.0,8.0
13595,8079,8,2,6.62,13.24
13596,8079,13,1,3.68,3.68
13597,8079,3,1,4.97,5.73
13598,8080,9,1,4.0,4.0
13599,8080,15,1,4.5,4.5
13600,8081,13,1,3.68,5.19
13601,8082,2,2,5.51,11.02
13602,8082,17,2,8.4,16.8
13603,8083,4,1,6.07,6.07
13604,8083,7,1,6.5,6.5
13605,8083,19,1,7.0,7.0
13606,8083,2,1,5.51,6.76
13607,8084,4,1,6.07,6.07
13608,8085,20,2,8.0,16.0
13609,8085,7,1,6.5,6.5
13610,8085,17,1,8.4,9.22
13611,8086,19,1,7.0,7.0
13612,8086,20,1,8.0,8.0
13613,8086,20,1,8.0,8.0
13614,8086,20,1,8.0,8.0
13615,8087,8,1,6.62,7.87
13616,8088,6,1,3.5,3.5
13617,8089,7,1,6.5,6.5
13618,8090,7,1,6.5,6.5
13619,8090,20,1,8.0,8.0
13620,8091,14,1,3.0,3.0
13621,8092,7,1,6.5,6.5
13622,8093,14,1,3.0,6.24
13623,8094,20,1,8.0,10.65
13624,8095,7,1,6.5,6.5
13625,8096,12,1,4.2,4.2
13626,8097,12,1,4.2,4.2
13627,8098,4,1,6.07,9.35
13628,8099,20,1,8.0,8.0
13629,8099,20,2,8.0,16.0
13630,8100,11,2,6.07,13.59
13631,8101,20,1,8.0,8.0
13632,8102,13,1,3.68,3.68
13633,8103,6,1,3.5,3.5
13634,8103,22,1,8.0,8.0
13635,8103,6,1,3.5,4.47
13636,8104,17,1,8.4,8.4
13637,8105,4,1,6.07,7.61
13638,8106,15,1,4.5,4.5
13639,8106,16,1,9.97,12.92
13640,8107,1,1,6.07,6.07
13641,8107,14,1,3.0,3.0
13642,8107,5,1,6.62,6.62
13643,8108,5,1,6.62,7.87
13644,8109,2,1,5.51,6.57
13645,8110,12,1,4.2,4.2
13646,8111,16,1,9.97,9.97
13647,8112,15,1,4.5,4.5
13648,8113,1,1,6.07,6.07
13649,8114,15,1,4.5,4.5
13650,8114,18,1,10.5,10.5
13651,8114,16,1,9.97,9.97
13652,8114,3,1,4.97,4.97
13653,8114,14,1,3.0,3.0
13654,8115,14,1,3.0,3.0
13655,8115,16,1,9.97,9.97
13656,8116,4,1,6.07,6.07
13657,8116,4,1,6.07,6.07
13658,8116,16,1,9.97,9.97
13659,8117,3,1,4.97,6.42
13660,8118,4,2,6.07,14.48
13661,8119,4,1,6.07,9.73
13662,8120,4,2,6.07,12.14
13663,8120,7,1,6.5,6.5
13664,8120,11,1,6.07,7.13
13665,8121,4,1,6.07,6.07
13666,8122,7,1,6.5,9.45
13667,8123,5,1,6.62,7.87
13668,8124,17,1,8.4,8.4
13669,8124,3,1,4.97,6.03
13670,8125,7,1,6.5,6.5
13671,8126,5,1,6.62,6.62
13672,8127,18,1,10.5,10.5
13673,8128,10,2,4.0,8.0
13674,8129,3,1,4.97,4.97
13675,8130,15,1,4.5,5.61
13676,8131,5,1,6.62,6.62
13677,8131,15,1,4.5,4.5
13678,8131,4,1,6.07,6.07
13679,8132,17,1,8.4,8.4
13680,8133,4,1,6.07,7.51
13681,8134,15,1,4.5,4.5
13682,8135,8,1,6.62,6.62
13683,8135,10,1,4.0,4.0
13684,8136,14,1,3.0,3.0
13685,8137,10,1,4.0,4.0
13686,8137,13,2,3.68,7.36
13687,8137,8,2,6.62,13.24
13688,8138,4,1,6.07,6.07
13689,8138,20,1,8.0,9.06
13690,8139,20,2,8.0,16.0
13691,8139,1,2,6.07,12.14
13692,8140,16,1,9.97,9.97
13693,8141,9,1,4.0,4.0
13694,8142,13,1,3.68,4.89
13695,8143,4,2,6.07,13.35
13696,8144,22,1,8.0,8.0
13697,8145,7,1,6.5,8.09
13698,8146,12,1,4.2,4.2
13699,8147,18,2,10.5,22.25
13700,8148,7,1,6.5,6.5
13701,8148,16,2,9.97,19.94
13702,8148,13,2,3.68,7.36
13703,8148,18,1,10.5,10.5
13704,8149,20,1,8.0,8.0
13705,8150,19,1,7.0,7.0
13706,8150,20,1,8.0,8.0
13707,8151,19,1,7.0,7.0
13708,8152,11,1,6.07,6.07
13709,8153,16,2,9.97,19.94
13710,8153,8,1,6.62,6.62
13711,8153,17,1,8.4,8.4
13712,8154,13,1,3.68,3.68
13713,8154,2,1,5.51,5.51
13714,8154,11,1,6.07,6.07
13715,8154,19,2,7.0,14.0
13716,8154,1,2,6.07,12.14
13717,8155,12,1,4.2,5.85
13718,8156,11,1,6.07,6.07
13719,8157,11,1,6.07,6.07
13720,8157,19,2,7.0,14.0
13721,8157,16,1,9.97,9.97
13722,8158,4,1,6.07,6.07
13723,8159,7,1,6.5,6.5
13724,8160,15,1,4.5,4.5
13725,8161,2,1,5.51,5.51
13726,8162,7,1,6.5,7.71
13727,8163,8,1,6.62,6.62
13728,8164,4,1,6.07,6.07
13729,8165,9,1,4.0,4.0
13730,8166,1,1,6.07,6.07
13731,8166,4,2,6.07,12.14
13732,8166,2,1,5.51,5.51
13733,8167,19,2,7.0,15.21
13734,8168,20,2,8.0,17.45
13735,8169,9,1,4.0,4.0
13736,8169,16,1,9.97,9.97
13737,8169,11,1,6.07,6.07
13738,8169,9,2,4.0,8.0
13739,8170,6,1,3.5,3.5
13740,8170,12,2,4.2,10.42
13741,8171,9,2,4.0,10.4
13742,8172,20,1,8.0,8.0
13743,8173,22,1,8.0,8.0
13744,8173,4,1,6.07,6.07
13745,8173,20,1,8.0,8.0
13746,8174,19,1,7.0,7.0
13747,8174,10,1,4.0,4.0
13748,8174,20,1,8.0,8.0
13749,8174,10,1,4.0,4.0
13750,8174,19,1,7.0,7.0
13751,8175,4,1,6.07,6.07
13752,8176,15,2,4.5,9.0
13753,8176,1,1,6.07,6.07
13754,8176,14,1,3.0,3.0
13755,8177,18,2,10.5,21.0
13756,8177,1,2,6.07,12.14
13757,8177,14,1,3.0,3.98
13758,8178,7,2,6.5,13.0
13759,8178,17,1,8.4,9.7
13760,8179,18,1,10.5,10.5
13761,8179,20,1,8.0,8.0
13762,8179,14,1,3.0,3.0
13763,8180,6,1,3.5,4.63
13764,8181,1,1,6.07,6.07
13765,8181,3,1,4.97,4.97
13766,8182,1,2,6.07,12.14
13767,8183,15,2,4.5,9.0
13768,8184,23,1,15.0,15.0
13769,8184,4,1,6.07,6.07
13770,8184,12,1,4.2,4.2
13771,8184,9,1,4.0,4.0
13772,8184,18,1,10.5,10.5
13773,8185,20,2,8.0,19.5
13774,8186,10,1,4.0,4.0
13775,8187,13,1,3.68,3.68
13776,8188,13,1,3.68,3.68
13777,8189,20,1,8.0,8.0
13778,8190,5,1,6.62,6.62
13779,8191,9,1,4.0,6.69
13780,8192,4,1,6.07,6.07
13781,8193,25,1,20.0,20.0
13782,8193,6,1,3.5,3.5
13783,8193,5,1,6.62,9.86
13784,8194,23,1,15.0,15.0
13785,8194,16,1,9.97,9.97
13786,8194,6,2,3.5,7.0
13787,8194,16,1,9.97,9.97
13788,8194,19,1,7.0,8.59
13789,8195,20,1,8.0,9.16
13790,8196,4,1,6.07,6.07
13791,8196,12,2,4.2,8.4
13792,8196,7,1,6.5,6.5
13793,8196,2,1,5.51,5.51
13794,8197,14,1,3.0,3.0
13795,8198,7,1,6.5,9.78
13796,8199,1,1,6.07,6.07
13797,8199,20,1,8.0,8.0
13798,8199,15,1,4.5,5.71
13799,8200,20,1,8.0,8.0
13800,8201,16,1,9.97,11.08
13801,8202,19,1,7.0,7.0
13802,8202,19,1,7.0,8.79
13803,8203,4,1,6.07,6.07
13804,8203,8,1,6.62,8.21
13805,8204,4,1,6.07,6.07
13806,8205,20,1,8.0,8.0
13807,8205,6,1,3.5,3.5
13808,8206,15,1,4.5,4.5
13809,8206,4,1,6.07,6.07
13810,8206,4,1,6.07,6.07
13811,8206,4,1,6.07,6.07
13812,8206,8,1,6.62,6.62
13813,8207,5,1,6.62,6.62
13814,8207,3,1,4.97,4.97
13815,8207,20,1,8.0,8.0
13816,8207,24,1,18.0,18.0
13817,8207,3,2,4.97,9.94
13818,8208,13,2,3.68,8.57
13819,8209,14,1,3.0,3.0
13820,8209,14,1,3.0,3.0
13821,8209,25,1,20.0,20.0
13822,8210,23,1,15.0,15.0
13823,8210,4,1,6.07,6.07
13824,8210,7,2,6.5,13.0
13825,8210,15,2,4.5,9.0
13826,8210,20,1,8.0,8.0
13827,8211,15,1,4.5,5.98
13828,8212,6,1,3.5,3.5
13829,8212,25,1,20.0,20.0
13830,8213,6,1,3.5,3.5
13831,8213,1,1,6.07,6.07
13832,8214,24,1,18.0,18.0
13833,8214,20,1,8.0,8.0
13834,8214,4,1,6.07,6.07
13835,8215,16,1,9.97,9.97
13836,8216,10,1,4.0,4.0
13837,8217,15,1,4.5,5.91
13838,8218,11,1,6.07,6.07
13839,8218,13,1,3.68,3.68
13840,8218,3,1,4.97,4.97
13841,8218,7,1,6.5,7.75
13842,8219,4,1,6.07,6.07
13843,8219,8,2,6.62,13.24
13844,8220,4,1,6.07,6.07
13845,8220,12,1,4.2,4.2
13846,8220,14,1,3.0,3.0
13847,8220,5,1,6.62,9.19
13848,8221,4,1,6.07,6.07
13849,8221,7,2,6.5,13.0
13850,8221,4,1,6.07,9.73
13851,8222,5,2,6.62,13.24
13852,8223,20,1,8.0,8.0
13853,8223,17,1,8.4,8.4
13854,8224,1,2,6.07,12.14
13855,8225,7,1,6.5,6.5
13856,8226,7,1,6.5,6.5
13857,8226,19,1,7.0,7.0
13858,8226,4,1,6.07,7.04
13859,8227,20,2,8.0,16.0
13860,8228,16,1,9.97,11.54
13861,8229,14,2,3.0,6.0
13862,8230,4,1,6.07,6.07
13863,8230,6,1,3.5,3.5
13864,8231,15,1,4.5,4.5
13865,8231,2,1,5.51,5.51
13866,8231,12,2,4.2,9.65
13867,8232,4,1,6.07,6.07
13868,8233,15,1,4.5,4.5
13869,8233,17,1,8.4,9.55
13870,8234,18,1,10.5,10.5
13871,8234,7,2,6.5,14.25
13872,8235,19,1,7.0,7.0
13873,8236,7,1,6.5,6.5
13874,8236,20,1,8.0,8.0
13875,8237,1,2,6.07,12.14
13876,8238,11,1,6.07,6.07
13877,8239,16,2,9.97,19.94
13878,8239,12,1,4.2,4.2
13879,8239,15,2,4.5,9.84
13880,8240,21,1,25.0,25.0
13881,8241,7,2,6.5,13.0
13882,8241,2,1,5.51,5.51
13883,8242,6,2,3.5,7.0
13884,8242,12,1,4.2,4.2
13885,8242,18,1,10.5,10.5
13886,8242,7,2,6.5,13.0
13887,8243,20,1,8.0,8.0
13888,8244,24,1,18.0,20.34
13889,8245,2,2,5.51,12.27
13890,8246,6,1,3.5,5.07
13891,8247,4,1,6.07,6.07
13892,8247,14,2,3.0,6.0
13893,8248,10,1,4.0,4.0
13894,8248,20,2,8.0,16.0
13895,8248,13,1,3.68,3.68
13896,8248,16,1,9.97,9.97
13897,8249,3,1,4.97,4.97
13898,8249,1,1,6.07,6.07
13899,8249,20,1,8.0,8.0
13900,8250,2,1,5.51,5.51
13901,8250,5,1,6.62,7.87
13902,8251,6,2,3.5,7.0
13903,8252,22,1,8.0,8.0
13904,8252,17,1,8.4,8.4
13905,8252,3,1,4.97,4.97
13906,8252,16,1,9.97,9.97
13907,8252,15,1,4.5,4.5
13908,8253,15,2,4.5,9.0
13909,8253,20,1,8.0,8.0
13910,8254,20,1,8.0,8.0
13911,8255,19,1,7.0,7.0
13912,8256,20,1,8.0,10.95
13913,8257,14,2,3.0,6.0
13914,8258,6,1,3.5,5.15
13915,8259,20,1,8.0,8.0
13916,8260,4,2,6.07,13.74
13917,8261,15,1,4.5,4.5
13918,8262,12,2,4.2,8.4
13919,8263,9,1,4.0,4.0
13920,8263,5,2,6.62,13.24
13921,8264,14,1,3.0,3.0
13922,8265,13,1,3.68,3.68
13923,8266,9,1,4.0,4.0
13924,8267,1,1,6.07,6.07
13925,8267,9,1,4.0,4.0
13926,8268,12,1,4.2,4.2
13927,8269,4,1,6.07,7.61
13928,8270,22,1,8.0,8.0
13929,8271,2,1,5.51,5.51
13930,8272,15,1,4.5,4.5
13931,8273,9,1,4.0,4.0
13932,8274,24,1,18.0,19.21
13933,8275,8,1,6.62,6.62
13934,8276,20,1,8.0,8.0
13935,8277,7,1,6.5,6.5
13936,8278,17,1,8.4,8.4
13937,8279,10,2,4.0,8.0
13938,8279,20,1,8.0,8.0
13939,8279,4,1,6.07,6.07
13940,8279,1,1,6.07,6.07
13941,8279,20,1,8.0,8.0
13942,8280,7,1,6.5,6.5
13943,8281,16,1,9.97,9.97
13944,8282,4,1,6.07,6.07
13945,8283,2,1,5.51,5.51
13946,8283,3,1,4.97,4.97
13947,8283,7,1,6.5,6.5
13948,8284,4,1,6.07,6.07
13949,8285,16,1,9.97,9.97
13950,8285,20,1,8.0,8.0
13951,8286,12,1,4.2,4.2
13952,8287,9,1,4.0,4.0
13953,8288,22,1,8.0,8.97
13954,8289,20,1,8.0,8.0
13955,8290,21,1,25.0,26.16
13956,8291,5,1,6.62,6.62
13957,8292,4,1,6.07,6.07
13958,8293,4,1,6.07,6.07
13959,8293,16,1,9.97,9.97
13960,8293,4,1,6.07,6.07
13961,8294,15,1,4.5,4.5
13962,8295,13,1,3.68,4.93
13963,8296,10,1,4.0,7.24
13964,8297,4,1,6.07,6.07
13965,8298,20,1,8.0,8.0
13966,8299,7,1,6.5,6.5
13967,8299,15,1,4.5,4.5
13968,8299,8,1,6.62,6.62
13969,8300,20,1,8.0,9.6
13970,8301,1,1,6.07,6.91
13971,8302,15,1,4.5,4.5
13972,8302,19,1,7.0,7.0
13973,8302,21,1,25.0,25.0
13974,8303,7,2,6.5,13.0
13975,8303,16,1,9.97,11.51
13976,8304,5,1,6.62,6.62
13977,8305,2,1,5.51,5.51
13978,8306,20,1,8.0,8.0
13979,8307,5,1,6.62,6.62
13980,8307,20,1,8.0,8.0
13981,8308,21,1,25.0,25.0
13982,8308,8,1,6.62,6.62
13983,8308,14,1,3.0,3.0
13984,8308,8,1,6.62,6.62
13985,8308,16,1,9.97,9.97
13986,8309,12,1,4.2,4.2
13987,8309,9,1,4.0,4.0
13988,8310,20,2,8.0,16.0
13989,8310,2,1,5.51,5.51
13990,8310,16,1,9.97,9.97
13991,8311,7,1,6.5,6.5
13992,8311,19,1,7.0,7.0
13993,8311,20,1,8.0,8.77
13994,8312,10,1,4.0,4.0
13995,8313,11,1,6.07,6.07
13996,8313,7,1,6.5,6.5
13997,8313,8,1,6.62,6.62
13998,8314,19,2,7.0,14.98
13999,8315,3,2,4.97,9.94
14000,8315,3,2,4.97,9.94
14001,8315,4,1,6.07,6.07
14002,8316,3,1,4.97,4.97
14003,8316,20,1,8.0,8.0
14004,8316,16,1,9.97,9.97
14005,8316,2,1,5.51,5.51
14006,8316,1,1,6.07,6.07
14007,8317,7,1,6.5,6.5
14008,8317,3,1,4.97,4.97
14009,8317,6,1,3.5,4.48
14010,8318,11,1,6.07,6.07
14011,8318,13,1,3.68,3.68
14012,8318,6,1,3.5,4.61
14013,8319,20,1,8.0,8.0
14014,8320,2,1,5.51,5.51
14015,8321,17,2,8.4,16.8
14016,8321,15,1,4.5,4.5
14017,8321,20,2,8.0,16.0
14018,8322,9,1,4.0,4.0
14019,8323,20,1,8.0,8.0
14020,8323,7,1,6.5,6.5
14021,8323,12,1,4.2,4.2
14022,8323,4,1,6.07,6.07
14023,8324,2,1,5.51,5.51
14024,8325,4,2,6.07,12.14
14025,8326,15,1,4.5,4.5
14026,8326,6,1,3.5,3.5
14027,8326,16,1,9.97,9.97
14028,8326,15,1,4.5,4.5
14029,8326,12,1,4.2,6.6
14030,8327,17,1,8.4,8.4
14031,8327,4,1,6.07,6.07
14032,8327,20,1,8.0,8.0
14033,8327,2,1,5.51,7.97
14034,8328,12,1,4.2,4.2
14035,8328,8,1,6.62,6.62
14036,8328,15,1,4.5,4.5
14037,8328,20,1,8.0,8.0
14038,8328,20,1,8.0,10.34
14039,8329,7,2,6.5,13.0
14040,8330,14,1,3.0,3.0
14041,8331,2,1,5.51,5.51
14042,8332,20,2,8.0,16.0
14043,8332,12,1,4.2,4.2
14044,8332,7,2,6.5,13.0
14045,8332,4,1,6.07,6.07
14046,8332,20,1,8.0,8.0
14047,8333,16,2,9.97,19.94
14048,8333,14,1,3.0,3.0
14049,8333,15,1,4.5,4.5
14050,8333,2,1,5.51,5.51
14051,8333,6,1,3.5,4.71
14052,8334,24,1,18.0,18.0
14053,8334,20,1,8.0,8.0
14054,8335,19,1,7.0,7.0
14055,8335,6,1,3.5,3.5
14056,8335,14,1,3.0,3.0
14057,8335,12,1,4.2,4.2
14058,8336,1,1,6.07,6.07
14059,8336,20,1,8.0,8.0
14060,8336,16,1,9.97,9.97
14061,8336,10,2,4.0,8.0
14062,8336,18,1,10.5,11.26
14063,8337,6,1,3.5,3.5
14064,8338,5,1,6.62,7.7
14065,8339,4,1,6.07,6.07
14066,8339,8,1,6.62,6.62
14067,8339,6,1,3.5,3.5
14068,8339,16,1,9.97,9.97
14069,8339,1,1,6.07,7.64
14070,8340,23,1,15.0,16.3
14071,8341,20,1,8.0,8.0
14072,8341,2,1,5.51,5.51
14073,8342,5,1,6.62,6.62
14074,8343,1,1,6.07,7.51
14075,8344,3,1,4.97,4.97
14076,8345,7,1,6.5,6.5
14077,8346,5,2,6.62,14.08
14078,8347,13,1,3.68,3.68
14079,8348,12,1,4.2,5.41
14080,8349,3,1,4.97,4.97
14081,8349,20,1,8.0,8.0
14082,8350,5,1,6.62,8.06
14083,8351,4,1,6.07,6.07
14084,8352,16,1,9.97,9.97
14085,8353,4,1,6.07,6.07
14086,8354,8,1,6.62,8.41
14087,8355,3,1,4.97,4.97
14088,8356,3,2,4.97,10.78
14089,8357,7,1,6.5,6.5
14090,8358,20,2,8.0,17.21
14091,8359,19,1,7.0,7.0
14092,8359,10,2,4.0,8.0
14093,8360,4,1,6.07,6.07
14094,8361,15,1,4.5,4.5
14095,8361,12,1,4.2,4.2
14096,8361,13,1,3.68,3.68
14097,8362,1,1,6.07,6.07
14098,8363,2,1,5.51,5.51
14099,8363,16,1,9.97,9.97
14100,8363,5,2,6.62,13.24
14101,8363,7,1,6.5,8.52
14102,8364,7,2,6.5,13.0
14103,8365,9,1,4.0,6.34
14104,8366,14,1,3.0,3.0
14105,8367,13,2,3.68,7.36
14106,8368,20,1,8.0,8.0
14107,8369,16,1,9.97,9.97
14108,8369,20,1,8.0,8.0
14109,8369,10,2,4.0,8.0
14110,8369,6,1,3.5,3.5
14111,8369,1,1,6.07,6.07
14112,8370,12,1,4.2,4.2
14113,8371,12,1,4.2,4.2
14114,8371,4,1,6.07,6.07
14115,8371,7,1,6.5,6.5
14116,8371,15,1,4.5,4.5
14117,8372,14,1,3.0,3.0
14118,8372,17,1,8.4,8.4
14119,8372,13,1,3.68,4.71
14120,8373,12,1,4.2,5.74
14121,8374,18,2,10.5,21.0
14122,8374,19,1,7.0,7.0
14123,8374,5,2,6.62,13.24
14124,8374,15,1,4.5,4.5
14125,8375,3,1,4.97,4.97
14126,8375,4,1,6.07,6.07
14127,8375,4,1,6.07,6.07
14128,8375,15,1,4.5,4.5
14129,8376,11,2,6.07,13.58
14130,8377,13,1,3.68,3.68
14131,8378,11,1,6.07,6.07
14132,8379,17,1,8.4,8.4
14133,8380,20,1,8.0,8.0
14134,8380,11,1,6.07,6.07
14135,8380,4,2,6.07,12.14
14136,8380,20,1,8.0,8.0
14137,8380,18,1,10.5,10.5
14138,8381,19,1,7.0,7.0
14139,8381,23,1,15.0,15.0
14140,8382,20,1,8.0,8.0
14141,8382,11,1,6.07,7.55
14142,8383,7,1,6.5,7.53
14143,8384,7,1,6.5,7.58
14144,8385,24,1,18.0,18.97
14145,8386,11,1,6.07,6.07
14146,8386,7,1,6.5,6.5
14147,8386,19,1,7.0,7.0
14148,8387,16,1,9.97,9.97
14149,8388,8,1,6.62,6.62
14150,8388,19,1,7.0,7.0
14151,8388,10,1,4.0,4.0
14152,8388,8,1,6.62,6.62
14153,8388,3,2,4.97,10.91
14154,8389,17,1,8.4,8.4
14155,8390,18,1,10.5,10.5
14156,8390,17,1,8.4,8.4
14157,8391,7,2,6.5,13.0
14158,8391,20,1,8.0,8.0
14159,8391,17,1,8.4,8.4
14160,8391,14,1,3.0,5.95
14161,8392,12,1,4.2,7.15
14162,8393,14,1,3.0,3.0
14163,8394,20,2,8.0,19.66
14164,8395,16,1,9.97,9.97
14165,8395,4,1,6.07,6.07
14166,8396,20,1,8.0,9.06
14167,8397,15,1,4.5,4.5
14168,8397,4,1,6.07,6.07
14169,8398,17,1,8.4,8.4
14170,8399,20,1,8.0,8.0
14171,8400,17,1,8.4,8.4
14172,8401,4,1,6.07,6.07
14173,8401,2,1,5.51,5.51
14174,8401,18,1,10.5,10.5
14175,8401,7,1,6.5,6.5
14176,8402,4,1,6.07,7.32
14177,8403,14,1,3.0,3.0
14178,8404,7,2,6.5,13.84
14179,8405,4,1,6.07,6.07
14180,8405,10,1,4.0,4.0
14181,8405,3,1,4.97,4.97
14182,8405,7,1,6.5,6.5
14183,8406,7,2,6.5,13.0
14184,8406,13,2,3.68,7.36
14185,8407,5,1,6.62,9.31
14186,8408,20,1,8.0,10.46
14187,8409,25,1,20.0,20.0
14188,8409,12,1,4.2,4.2
14189,8409,20,2,8.0,16.0
14190,8409,19,1,7.0,7.0
14191,8409,7,1,6.5,6.5
14192,8410,11,1,6.07,7.2
14193,8411,6,1,3.5,5.37
14194,8412,12,1,4.2,4.2
14195,8413,17,1,8.4,10.34
14196,8414,5,2,6.62,15.7
14197,8415,8,2,6.62,13.24
14198,8416,15,1,4.5,4.5
14199,8416,10,1,4.0,5.59
14200,8417,16,1,9.97,9.97
14201,8417,5,1,6.62,6.62
14202,8418,4,1,6.07,7.32
14203,8419,2,2,5.51,11.02
14204,8420,8,1,6.62,7.92
14205,8421,14,1,3.0,3.0
14206,8422,4,1,6.07,6.07
14207,8422,5,1,6.62,6.62
14208,8422,20,1,8.0,8.0
14209,8422,16,1,9.97,9.97
14210,8422,16,2,9.97,19.94
14211,8423,20,1,8.0,9.15
14212,8424,4,1,6.07,6.07
14213,8425,17,1,8.4,11.35
14214,8426,13,1,3.68,4.83
14215,8427,3,2,4.97,9.94
14216,8427,16,1,9.97,9.97
14217,8427,7,1,6.5,6.5
14218,8427,25,1,20.0,20.0
14219,8427,15,1,4.5,4.5
14220,8428,4,2,6.07,13.59
14221,8429,22,1,8.0,8.0
14222,8429,4,2,6.07,12.14
14223,8430,17,1,8.4,8.4
14224,8430,20,2,8.0,16.0
14225,8431,20,1,8.0,8.0
14226,8431,13,1,3.68,3.68
14227,8432,16,1,9.97,9.97
14228,8433,9,2,4.0,8.0
14229,8434,10,1,4.0,4.0
14230,8435,11,2,6.07,12.14
14231,8435,4,1,6.07,7.72
14232,8436,19,1,7.0,10.12
14233,8437,9,2,4.0,8.0
14234,8438,4,1,6.07,6.07
14235,8439,12,1,4.2,4.2
14236,8439,1,1,6.07,6.07
14237,8439,4,1,6.07,6.07
14238,8439,12,1,4.2,4.2
14239,8440,18,1,10.5,11.65
14240,8441,12,2,4.2,9.48
14241,8442,20,1,8.0,8.0
14242,8442,7,1,6.5,7.98
14243,8443,15,1,4.5,4.5
14244,8444,20,1,8.0,9.15
14245,8445,20,1,8.0,8.0
14246,8446,20,1,8.0,9.41
14247,8447,7,1,6.5,6.5
14248,8448,20,1,8.0,8.77
14249,8449,20,1,8.0,8.0
14250,8449,10,1,4.0,4.0
14251,8450,9,1,4.0,4.0
14252,8450,8,2,6.62,13.24
14253,8451,6,1,3.5,3.5
14254,8452,20,1,8.0,9.06
14255,8453,17,1,8.4,8.4
14256,8453,11,1,6.07,6.07
14257,8453,23,1,15.0,15.0
14258,8454,13,1,3.68,3.68
14259,8454,7,1,6.5,6.5
14260,8454,12,1,4.2,4.96
14261,8455,14,1,3.0,4.45
14262,8456,20,1,8.0,8.0
14263,8456,12,1,4.2,4.2
14264,8457,16,1,9.97,11.05
14265,8458,20,1,8.0,8.0
14266,8458,7,2,6.5,13.0
14267,8459,20,1,8.0,11.66
14268,8460,17,2,8.4,18.03
14269,8461,18,1,10.5,10.5
14270,8462,2,2,5.51,11.02
14271,8463,12,2,4.2,8.4
14272,8463,19,1,7.0,8.15
14273,8464,4,2,6.07,12.14
14274,8465,25,1,20.0,20.0
14275,8465,19,1,7.0,7.0
14276,8465,14,1,3.0,3.0
14277,8465,4,1,6.07,6.83
14278,8466,20,1,8.0,8.0
14279,8466,13,2,3.68,7.36
14280,8466,16,1,9.97,9.97
14281,8466,4,1,6.07,6.07
14282,8466,15,1,4.5,4.5
14283,8467,24,1,18.0,18.0
14284,8468,14,1,3.0,3.0
14285,8469,3,1,4.97,6.07
14286,8470,7,2,6.5,13.0
14287,8471,2,1,5.51,5.51
14288,8472,14,1,3.0,3.0
14289,8473,13,2,3.68,7.36
14290,8474,9,1,4.0,4.0
14291,8474,15,1,4.5,4.5
14292,8474,14,1,3.0,3.0
14293,8474,17,1,8.4,9.42
14294,8475,25,1,20.0,22.95
14295,8476,17,1,8.4,9.24
14296,8477,4,1,6.07,6.07
14297,8478,16,1,9.97,9.97
14298,8479,19,1,7.0,7.0
14299,8480,20,1,8.0,8.0
14300,8481,10,2,4.0,8.0
14301,8481,19,1,7.0,7.0
14302,8482,4,1,6.07,6.07
14303,8482,16,1,9.97,9.97
14304,8482,18,1,10.5,10.5
14305,8482,1,1,6.07,6.07
14306,8482,7,1,6.5,6.5
14307,8483,20,1,8.0,9.59
14308,8484,13,2,3.68,7.36
14309,8485,15,1,4.5,5.61
14310,8486,13,1,3.68,3.68
14311,8487,10,1,4.0,5.21
14312,8488,4,1,6.07,6.07
14313,8489,19,1,7.0,7.0
14314,8490,8,1,6.62,7.65
14315,8491,4,2,6.07,12.14
14316,8491,25,1,20.0,20.0
14317,8491,5,1,6.62,6.62
14318,8491,16,1,9.97,9.97
14319,8491,11,1,6.07,7.37
14320,8492,15,1,4.5,7.47
14321,8493,20,1,8.0,11.07
14322,8494,12,1,4.2,5.17
14323,8495,25,1,20.0,20.0
14324,8496,18,2,10.5,21.0
14325,8497,5,1,6.62,6.62
14326,8497,2,1,5.51,5.51
14327,8498,15,2,4.5,9.0
14328,8499,1,1,6.07,6.07
14329,8500,18,1,10.5,11.94
14330,8501,8,1,6.62,7.83
14331,8502,3,1,4.97,4.97
14332,8502,1,1,6.07,6.07
14333,8502,17,1,8.4,8.4
14334,8502,13,1,3.68,3.68
14335,8502,7,1,6.5,6.5
14336,8503,20,1,8.0,8.0
14337,8504,7,1,6.5,6.5
14338,8505,4,1,6.07,7.04
14339,8506,4,1,6.07,6.07
14340,8506,20,2,8.0,19.28
14341,8507,6,2,3.5,7.0
14342,8508,20,1,8.0,10.95
14343,8509,20,1,8.0,8.0
14344,8509,13,1,3.68,3.68
14345,8509,6,2,3.5,8.44
14346,8510,7,1,6.5,6.5
14347,8511,20,1,8.0,8.0
14348,8512,12,1,4.2,4.2
14349,8513,4,2,6.07,12.14
14350,8514,8,1,6.62,7.77
14351,8515,18,1,10.5,10.5
14352,8515,20,1,8.0,8.0
14353,8515,15,1,4.5,4.5
14354,8515,14,1,3.0,5.34
14355,8516,13,1,3.68,3.68
14356,8516,4,1,6.07,6.07
14357,8517,8,1,6.62,6.62
14358,8518,14,1,3.0,3.0
14359,8519,7,1,6.5,6.5
14360,8519,13,2,3.68,7.36
14361,8520,20,2,8.0,16.0
14362,8520,9,1,4.0,4.0
14363,8520,20,1,8.0,8.0
14364,8521,13,2,3.68,7.36
14365,8522,4,1,6.07,6.07
14366,8522,3,1,4.97,4.97
14367,8523,15,1,4.5,4.5
14368,8524,20,1,8.0,8.0
14369,8525,7,2,6.5,13.0
14370,8525,11,1,6.07,6.07
14371,8526,4,1,6.07,6.07
14372,8526,8,2,6.62,13.24
14373,8527,10,1,4.0,4.0
14374,8527,18,1,10.5,10.5
14375,8527,1,1,6.07,6.07
14376,8527,7,1,6.5,6.5
14377,8527,7,1,6.5,7.71
14378,8528,16,2,9.97,19.94
14379,8529,12,1,4.2,4.2
14380,8529,20,1,8.0,8.0
14381,8529,4,1,6.07,6.07
14382,8530,11,2,6.07,12.14
14383,8530,7,1,6.5,6.5
14384,8530,8,2,6.62,13.24
14385,8530,2,1,5.51,5.51
14386,8531,20,1,8.0,8.0
14387,8531,8,1,6.62,6.62
14388,8531,12,1,4.2,4.2
14389,8531,14,1,3.0,3.0
14390,8531,5,2,6.62,13.24
14391,8532,4,1,6.07,6.07
14392,8532,12,1,4.2,4.2
14393,8533,4,1,6.07,6.07
14394,8534,12,1,4.2,4.2
14395,8535,8,1,6.62,6.62
14396,8535,2,2,5.51,11.02
14397,8535,5,1,6.62,6.62
14398,8535,15,2,4.5,9.0
14399,8535,19,1,7.0,8.51
14400,8536,16,2,9.97,19.94
14401,8536,6,1,3.5,3.5
14402,8537,25,1,20.0,20.0
14403,8538,3,1,4.97,4.97
14404,8539,7,1,6.5,6.5
14405,8540,25,1,20.0,20.0
14406,8540,20,2,8.0,16.0
14407,8540,16,1,9.97,9.97
14408,8541,20,1,8.0,9.3
14409,8542,6,2,3.5,8.48
14410,8543,4,1,6.07,6.07
14411,8544,12,1,4.2,4.2
14412,8544,3,1,4.97,4.97
14413,8544,21,1,25.0,25.0
14414,8545,1,1,6.07,7.28
14415,8546,18,1,10.5,10.5
14416,8547,5,1,6.62,6.62
14417,8548,7,2,6.5,13.0
14418,8548,11,1,6.07,6.07
14419,8548,14,1,3.0,3.0
14420,8548,14,1,3.0,3.0
14421,8549,20,1,8.0,8.0
14422,8549,23,1,15.0,15.0
14423,8549,19,1,7.0,7.0
14424,8549,19,2,7.0,15.11
14425,8550,2,1,5.51,6.66
14426,8551,7,1,6.5,6.5
14427,8551,7,2,6.5,13.0
14428,8551,9,1,4.0,4.0
14429,8551,7,1,6.5,6.5
14430,8551,14,1,3.0,3.0
14431,8552,20,1,8.0,8.0
14432,8553,19,1,7.0,8.44
14433,8554,4,1,6.07,6.07
14434,8555,2,1,5.51,5.51
14435,8556,11,1,6.07,6.07
14436,8557,20,1,8.0,8.0
14437,8558,20,1,8.0,8.0
14438,8559,20,1,8.0,8.0
14439,8559,19,1,7.0,7.0
14440,8559,4,1,6.07,6.07
14441,8560,17,2,8.4,20.46
14442,8561,18,1,10.5,10.5
14443,8562,4,2,6.07,12.9
14444,8563,15,1,4.5,6.07
14445,8564,3,2,4.97,9.94
14446,8564,17,1,8.4,8.4
14447,8564,11,2,6.07,12.14
14448,8564,7,1,6.5,6.5
14449,8565,20,1,8.0,8.0
14450,8566,18,1,10.5,10.5
14451,8567,9,1,4.0,6.46
14452,8568,20,1,8.0,8.0
14453,8568,1,2,6.07,12.14
14454,8568,2,1,5.51,5.51
14455,8568,20,1,8.0,8.0
14456,8569,19,1,7.0,7.0
14457,8569,19,1,7.0,7.0
14458,8570,13,1,3.68,3.68
14459,8570,1,1,6.07,6.07
14460,8571,23,1,15.0,16.15
14461,8572,20,1,8.0,8.0
14462,8573,8,1,6.62,6.62
14463,8574,5,1,6.62,6.62
14464,8574,12,1,4.2,4.2
14465,8575,15,1,4.5,6.92
14466,8576,7,1,6.5,6.5
14467,8576,20,1,8.0,8.0
14468,8577,10,1,4.0,4.0
14469,8578,11,1,6.07,6.07
14470,8579,4,1,6.07,6.07
14471,8580,4,1,6.07,6.07
14472,8580,15,1,4.5,4.5
14473,8580,4,1,6.07,6.07
14474,8580,14,1,3.0,3.0
14475,8580,15,1,4.5,5.66
14476,8581,4,1,6.07,6.07
14477,8582,7,2,6.5,13.0
14478,8583,16,1,9.97,9.97
14479,8584,3,1,4.97,6.03
14480,8585,15,2,4.5,11.34
14481,8586,7,1,6.5,6.5
14482,8587,4,1,6.07,6.07
14483,8588,16,1,9.97,9.97
14484,8589,15,1,4.5,5.91
14485,8590,19,1,7.0,10.66
14486,8591,5,1,6.62,6.62
14487,8591,10,1,4.0,4.0
14488,8591,20,1,8.0,8.0
14489,8591,12,1,4.2,4.2
14490,8591,4,1,6.07,6.07
14491,8592,7,1,6.5,6.5
14492,8592,20,1,8.0,8.0
14493,8592,3,2,4.97,9.94
14494,8593,17,1,8.4,8.4
14495,8593,12,1,4.2,4.2
14496,8593,4,1,6.07,6.07
14497,8593,16,1,9.97,9.97
14498,8593,7,1,6.5,6.5
14499,8594,7,2,6.5,13.0
14500,8594,7,1,6.5,6.5
14501,8594,25,1,20.0,20.0
14502,8595,7,2,6.5,13.0
14503,8596,5,1,6.62,6.62
14504,8596,4,1,6.07,6.07
14505,8596,22,1,8.0,8.0
14506,8597,14,1,3.0,4.44
14507,8598,17,1,8.4,11.76
14508,8599,17,2,8.4,16.8
14509,8600,1,1,6.07,6.07
14510,8600,18,2,10.5,21.0
14511,8600,14,1,3.0,3.0
14512,8600,20,1,8.0,11.9
14513,8601,4,1,6.07,6.07
14514,8601,6,1,3.5,3.5
14515,8601,13,1,3.68,3.68
14516,8602,7,1,6.5,6.5
14517,8602,15,1,4.5,4.5
14518,8602,20,1,8.0,9.57
14519,8603,4,1,6.07,6.07
14520,8603,20,1,8.0,8.0
14521,8603,7,1,6.5,6.5
14522,8604,23,1,15.0,15.0
14523,8604,13,1,3.68,3.68
14524,8604,7,1,6.5,6.5
14525,8605,4,1,6.07,7.94
14526,8606,20,1,8.0,8.0
14527,8607,14,2,3.0,6.0
14528,8607,10,1,4.0,4.0
14529,8607,6,2,3.5,7.0
14530,8607,10,1,4.0,4.0
14531,8608,4,1,6.07,6.07
14532,8608,15,1,4.5,4.5
14533,8608,6,2,3.5,7.0
14534,8609,12,1,4.2,5.79
14535,8610,20,1,8.0,8.0
14536,8610,4,1,6.07,6.07
14537,8610,20,1,8.0,8.0
14538,8611,4,2,6.07,12.14
14539,8611,7,1,6.5,6.5
14540,8612,8,1,6.62,6.62
14541,8613,4,1,6.07,6.07
14542,8613,9,2,4.0,10.4
14543,8614,2,2,5.51,11.02
14544,8615,20,1,8.0,8.0
14545,8615,4,1,6.07,6.07
14546,8616,5,1,6.62,7.87
14547,8617,10,1,4.0,4.0
14548,8617,2,1,5.51,5.51
14549,8617,20,1,8.0,8.0
14550,8617,19,1,7.0,8.25
14551,8618,20,1,8.0,8.0
14552,8619,16,1,9.97,9.97
14553,8620,7,1,6.5,6.5
14554,8621,3,1,4.97,4.97
14555,8622,7,1,6.5,6.5
14556,8623,14,1,3.0,4.11
14557,8624,15,2,4.5,9.0
14558,8625,12,1,4.2,4.2
14559,8626,8,1,6.62,8.66
14560,8627,19,1,7.0,10.36
14561,8628,7,1,6.5,6.5
14562,8629,4,1,6.07,6.07
14563,8630,11,1,6.07,6.07
14564,8630,19,1,7.0,7.0
14565,8631,6,2,3.5,7.0
14566,8632,13,1,3.68,3.68
14567,8633,7,1,6.5,6.5
14568,8633,6,1,3.5,3.5
14569,8633,25,1,20.0,20.0
14570,8634,20,1,8.0,8.0
14571,8634,7,2,6.5,13.0
14572,8635,11,1,6.07,6.07
14573,8635,16,1,9.97,11.0
14574,8636,20,1,8.0,8.0
14575,8637,7,1,6.5,7.47
14576,8638,13,1,3.68,3.68
14577,8638,3,1,4.97,6.13
14578,8639,14,1,3.0,4.54
14579,8640,12,1,4.2,5.3
14580,8641,15,1,4.5,7.47
14581,8642,4,1,6.07,6.07
14582,8643,4,1,6.07,6.07
14583,8643,3,1,4.97,4.97
14584,8643,17,1,8.4,8.4
14585,8643,20,1,8.0,8.0
14586,8643,12,1,4.2,5.65
14587,8644,18,1,10.5,11.35
14588,8645,5,1,6.62,6.62
14589,8646,12,2,4.2,8.4
14590,8646,14,1,3.0,3.0
14591,8646,4,1,6.07,7.17
14592,8647,12,1,4.2,4.2
14593,8647,18,1,10.5,10.5
14594,8647,20,1,8.0,8.0
14595,8647,14,1,3.0,3.0
14596,8648,5,1,6.62,7.83
14597,8649,13,1,3.68,3.68
14598,8649,16,1,9.97,9.97
14599,8650,8,1,6.62,9.57
14600,8651,14,2,3.0,6.0
14601,8652,16,2,9.97,19.94
14602,8652,20,1,8.0,8.0
14603,8652,14,1,3.0,3.0
14604,8652,17,1,8.4,8.4
14605,8652,20,1,8.0,10.97
14606,8653,19,1,7.0,7.0
14607,8654,4,1,6.07,6.07
14608,8654,19,1,7.0,7.0
14609,8654,16,1,9.97,11.18
14610,8655,20,1,8.0,8.0
14611,8655,24,1,18.0,18.0
14612,8655,14,1,3.0,3.0
14613,8656,17,1,8.4,8.4
14614,8656,8,1,6.62,9.74
14615,8657,12,1,4.2,4.2
14616,8657,13,1,3.68,3.68
14617,8657,16,1,9.97,9.97
14618,8657,4,1,6.07,6.07
14619,8658,13,1,3.68,3.68
14620,8658,19,1,7.0,7.0
14621,8658,20,1,8.0,9.21
14622,8659,20,2,8.0,18.46
14623,8660,16,1,9.97,9.97
14624,8661,4,1,6.07,6.07
14625,8662,14,1,3.0,3.0
14626,8663,11,1,6.07,7.28
14627,8664,20,1,8.0,8.0
14628,8665,20,1,8.0,8.0
14629,8666,13,1,3.68,3.68
14630,8667,19,1,7.0,8.11
14631,8668,12,1,4.2,4.2
14632,8668,10,1,4.0,4.0
14633,8669,10,1,4.0,4.0
14634,8670,17,1,8.4,8.4
14635,8671,7,1,6.5,6.5
14636,8672,15,1,4.5,5.71
14637,8673,15,1,4.5,4.5
14638,8674,20,2,8.0,16.0
14639,8674,20,1,8.0,8.0
14640,8674,19,1,7.0,7.0
14641,8675,16,1,9.97,9.97
14642,8676,11,1,6.07,7.28
14643,8677,23,1,15.0,15.0
14644,8678,3,1,4.97,4.97
14645,8678,20,1,8.0,8.0
14646,8679,20,1,8.0,8.0
14647,8679,18,1,10.5,10.5
14648,8679,8,1,6.62,6.62
14649,8679,8,1,6.62,6.62
14650,8679,20,1,8.0,8.0
14651,8680,4,2,6.07,14.6
14652,8681,9,1,4.0,4.0
14653,8681,20,1,8.0,8.0
14654,8681,19,2,7.0,14.0
14655,8681,11,1,6.07,6.07
14656,8681,4,2,6.07,12.14
14657,8682,22,1,8.0,8.0
14658,8683,1,1,6.07,6.07
14659,8683,8,2,6.62,13.24
14660,8684,21,1,25.0,25.0
14661,8685,15,1,4.5,4.5
14662,8686,4,1,6.07,7.04
14663,8687,24,1,18.0,18.0
14664,8688,20,1,8.0,8.0
14665,8689,20,1,8.0,8.0
14666,8689,12,1,4.2,4.2
14667,8689,11,1,6.07,6.07
14668,8690,7,1,6.5,6.5
14669,8691,2,1,5.51,5.51
14670,8692,7,1,6.5,6.5
14671,8692,14,2,3.0,6.0
14672,8692,20,1,8.0,8.0
14673,8692,7,2,6.5,13.0
14674,8693,2,2,5.51,11.02
14675,8694,10,1,4.0,6.04
14676,8695,20,1,8.0,8.0
14677,8695,2,1,5.51,5.51
14678,8696,10,1,4.0,4.0
14679,8697,20,1,8.0,8.0
14680,8698,18,1,10.5,10.5
14681,8698,20,2,8.0,17.6
14682,8699,12,1,4.2,4.2
14683,8700,11,1,6.07,7.13
14684,8701,16,2,9.97,19.94
14685,8701,10,1,4.0,4.0
14686,8701,15,1,4.5,4.5
14687,8701,12,1,4.2,4.2
14688,8702,7,1,6.5,6.5
14689,8703,11,2,6.07,12.14
14690,8703,20,1,8.0,8.0
14691,8704,14,2,3.0,6.0
14692,8705,15,1,4.5,4.5
14693,8706,7,1,6.5,6.5
14694,8706,24,1,18.0,18.0
14695,8706,8,1,6.62,6.62
14696,8707,5,1,6.62,6.62
14697,8708,21,1,25.0,25.0
14698,8708,11,1,6.07,6.07
14699,8709,20,1,8.0,9.11
14700,8710,5,1,6.62,6.62
14701,8710,17,1,8.4,8.4
14702,8711,9,1,4.0,4.0
14703,8711,10,1,4.0,4.0
14704,8711,15,1,4.5,5.48
14705,8712,13,1,3.68,5.13
14706,8713,4,1,6.07,6.07
14707,8713,4,1,6.07,6.07
14708,8713,3,1,4.97,4.97
14709,8713,20,2,8.0,17.87
14710,8714,16,1,9.97,9.97
14711,8715,4,1,6.07,6.07
14712,8715,7,1,6.5,6.5
14713,8715,2,1,5.51,5.51
14714,8715,17,1,8.4,8.4
14715,8715,11,1,6.07,6.07
14716,8716,8,1,6.62,6.62
14717,8716,2,2,5.51,11.02
14718,8716,15,1,4.5,4.5
14719,8717,3,1,4.97,4.97
14720,8718,7,1,6.5,7.61
14721,8719,13,1,3.68,6.1
14722,8720,19,1,7.0,8.21
14723,8721,4,1,6.07,6.07
14724,8722,4,2,6.07,12.14
14725,8722,20,1,8.0,8.0
14726,8723,4,1,6.07,6.07
14727,8723,16,1,9.97,9.97
14728,8723,9,1,4.0,4.0
14729,8723,13,2,3.68,7.36
14730,8724,4,1,6.07,7.1
14731,8725,21,1,25.0,25.0
14732,8726,7,2,6.5,13.0
14733,8727,4,2,6.07,12.14
14734,8728,5,1,6.62,6.62
14735,8728,4,1,6.07,7.75
14736,8729,4,1,6.07,6.07
14737,8729,20,2,8.0,16.0
14738,8729,2,1,5.51,8.08
14739,8730,16,2,9.97,19.94
14740,8731,20,1,8.0,8.0
14741,8732,16,1,9.97,9.97
14742,8732,17,1,8.4,8.4
14743,8732,4,2,6.07,12.14
14744,8733,12,1,4.2,4.2
14745,8733,20,1,8.0,8.0
14746,8733,4,1,6.07,6.07
14747,8734,4,1,6.07,7.22
14748,8735,16,1,9.97,9.97
14749,8736,5,1,6.62,6.62
14750,8737,21,1,25.0,25.0
14751,8737,16,1,9.97,11.22
14752,8738,17,2,8.4,16.8
14753,8739,17,2,8.4,16.8
14754,8740,11,1,6.07,6.07
14755,8741,20,1,8.0,8.0
14756,8742,15,1,4.5,4.5
14757,8742,12,1,4.2,5.79
14758,8743,7,2,6.5,13.0
14759,8743,20,1,8.0,8.0
14760,8744,3,2,4.97,9.94
14761,8745,15,1,4.5,5.75
14762,8746,13,1,3.68,3.68
14763,8747,20,1,8.0,8.0
14764,8747,4,1,6.07,6.07
14765,8747,18,1,10.5,10.5
14766,8748,4,1,6.07,6.07
14767,8748,20,2,8.0,16.0
14768,8748,1,1,6.07,6.07
14769,8748,20,1,8.0,8.0
14770,8748,18,1,10.5,10.5
14771,8749,18,2,10.5,22.66
14772,8750,15,1,4.5,4.5
14773,8750,4,1,6.07,6.07
14774,8751,17,1,8.4,9.55
14775,8752,9,2,4.0,9.65
14776,8753,12,1,4.2,5.45
14777,8754,20,1,8.0,8.0
14778,8755,15,1,4.5,4.5
14779,8756,13,1,3.68,3.68
14780,8756,5,1,6.62,6.62
14781,8756,9,1,4.0,4.0
14782,8757,16,2,9.97,19.94
14783,8757,4,2,6.07,12.14
14784,8758,4,1,6.07,6.07
14785,8759,6,1,3.5,5.04
14786,8760,17,2,8.4,16.8
14787,8761,20,1,8.0,8.0
14788,8762,24,1,18.0,18.0
14789,8762,2,2,5.51,11.02
14790,8763,1,1,6.07,6.07
14791,8763,22,1,8.0,8.0
14792,8763,9,1,4.0,4.0
14793,8763,16,1,9.97,12.37
14794,8764,18,2,10.5,21.0
14795,8764,18,2,10.5,21.0
14796,8764,11,1,6.07,6.07
14797,8765,17,1,8.4,8.4
14798,8766,20,1,8.0,8.0
14799,8766,2,2,5.51,12.23
14800,8767,20,1,8.0,8.0
14801,8768,19,1,7.0,8.68
14802,8769,7,2,6.5,13.0
14803,8770,18,1,10.5,12.29
14804,8771,4,1,6.07,6.07
14805,8772,7,1,6.5,6.5
14806,8773,3,1,4.97,6.22
14807,8774,20,1,8.0,8.0
14808,8774,10,1,4.0,5.15
14809,8775,15,2,4.5,9.0
14810,8776,1,1,6.07,6.07
14811,8777,20,1,8.0,8.0
14812,8778,15,1,4.5,4.5
14813,8779,18,1,10.5,10.5
14814,8779,4,1,6.07,6.07
14815,8779,9,1,4.0,4.0
14816,8779,7,1,6.5,6.5
14817,8779,19,1,7.0,7.0
14818,8780,12,2,4.2,8.4
14819,8780,16,1,9.97,9.97
14820,8780,11,1,6.07,6.07
14821,8780,7,1,6.5,6.5
14822,8780,19,1,7.0,9.34
14823,8781,9,1,4.0,4.84
14824,8782,5,1,6.62,6.62
14825,8783,12,1,4.2,4.2
14826,8784,16,1,9.97,9.97
14827,8784,5,1,6.62,6.62
14828,8784,4,1,6.07,6.07
14829,8785,13,1,3.68,3.68
14830,8785,20,2,8.0,16.0
14831,8785,19,1,7.0,7.0
14832,8785,20,1,8.0,8.0
14833,8785,4,1,6.07,6.07
14834,8786,25,1,20.0,20.0
14835,8787,19,1,7.0,7.0
14836,8788,15,2,4.5,9.0
14837,8788,8,1,6.62,6.62
14838,8788,20,1,8.0,8.0
14839,8788,7,1,6.5,6.5
14840,8789,4,1,6.07,6.07
14841,8790,7,1,6.5,6.5
14842,8791,3,1,4.97,4.97
14843,8792,20,1,8.0,8.0
14844,8792,6,1,3.5,3.5
14845,8793,17,1,8.4,10.44
14846,8794,15,1,4.5,4.5
14847,8795,4,1,6.07,6.07
14848,8796,11,1,6.07,6.07
14849,8797,2,1,5.51,5.51
14850,8798,21,1,25.0,25.0
14851,8798,17,1,8.4,8.4
14852,8798,4,1,6.07,6.07
14853,8798,17,1,8.4,8.4
14854,8798,9,1,4.0,4.0
14855,8799,13,1,3.68,6.63
14856,8800,13,1,3.68,3.68
14857,8800,16,1,9.97,9.97
14858,8800,19,1,7.0,10.36
14859,8801,20,1,8.0,8.0
14860,8802,16,1,9.97,9.97
14861,8802,13,1,3.68,3.68
14862,8803,12,1,4.2,6.6
14863,8804,18,1,10.5,10.5
14864,8804,19,1,7.0,8.48
14865,8805,6,1,3.5,3.5
14866,8806,5,1,6.62,6.62
14867,8807,16,1,9.97,9.97
14868,8807,7,1,6.5,6.5
14869,8807,19,2,7.0,14.0
14870,8807,14,1,3.0,3.0
14871,8808,15,1,4.5,4.5
14872,8809,20,1,8.0,8.0
14873,8809,12,2,4.2,8.4
14874,8809,16,1,9.97,9.97
14875,8809,19,2,7.0,15.15
14876,8810,23,1,15.0,15.0
14877,8811,4,1,6.07,8.53
14878,8812,18,1,10.5,10.5
14879,8813,4,1,6.07,8.53
14880,8814,16,1,9.97,9.97
14881,8814,13,2,3.68,7.36
14882,8814,3,1,4.97,4.97
14883,8814,17,1,8.4,8.4
14884,8815,4,2,6.07,12.14
14885,8815,16,1,9.97,9.97
14886,8815,16,2,9.97,19.94
14887,8815,9,1,4.0,4.0
14888,8816,20,1,8.0,8.0
14889,8816,10,1,4.0,5.79
14890,8817,11,1,6.07,6.07
14891,8818,13,1,3.68,3.68
14892,8818,1,1,6.07,6.07
14893,8819,4,1,6.07,6.07
14894,8820,7,1,6.5,6.5
14895,8820,9,2,4.0,10.34
14896,8821,17,1,8.4,9.85
14897,8822,1,1,6.07,6.07
14898,8822,17,1,8.4,8.4
14899,8822,19,1,7.0,7.0
14900,8823,14,1,3.0,4.25
14901,8824,3,1,4.97,4.97
14902,8825,3,1,4.97,4.97
14903,8826,20,1,8.0,8.0
14904,8827,19,1,7.0,7.0
14905,8828,3,1,4.97,4.97
14906,8829,4,1,6.07,6.07
14907,8829,7,1,6.5,6.5
14908,8829,10,1,4.0,4.0
14909,8829,15,1,4.5,4.5
14910,8829,5,2,6.62,13.24
14911,8830,17,1,8.4,8.4
14912,8831,7,1,6.5,6.5
14913,8831,7,1,6.5,6.5
14914,8831,11,1,6.07,6.07
14915,8831,20,1,8.0,8.0
14916,8831,16,1,9.97,10.94
14917,8832,4,1,6.07,6.07
14918,8832,8,2,6.62,13.24
14919,8833,11,1,6.07,6.07
14920,8834,15,1,4.5,6.54
14921,8835,13,2,3.68,8.33
14922,8836,7,1,6.5,6.5
14923,8836,20,1,8.0,8.0
14924,8836,14,1,3.0,3.0
14925,8836,5,1,6.62,6.62
14926,8836,2,1,5.51,5.51
14927,8837,4,1,6.07,6.07
14928,8838,9,1,4.0,5.94
14929,8839,4,1,6.07,6.07
14930,8839,11,1,6.07,6.07
14931,8839,18,1,10.5,10.5
14932,8839,11,1,6.07,6.07
14933,8840,20,1,8.0,8.0
14934,8840,5,1,6.62,6.62
14935,8840,14,1,3.0,4.25
14936,8841,18,2,10.5,21.0
14937,8841,20,1,8.0,8.0
14938,8841,19,1,7.0,7.0
14939,8842,16,1,9.97,9.97
14940,8842,15,1,4.5,5.6
14941,8843,14,1,3.0,4.31
14942,8844,18,2,10.5,21.0
14943,8845,7,1,6.5,6.5
14944,8845,14,1,3.0,3.0
14945,8845,14,1,3.0,3.0
14946,8846,13,1,3.68,5.27
14947,8847,15,2,4.5,9.0
14948,8847,2,1,5.51,5.51
14949,8847,19,1,7.0,7.0
14950,8848,15,1,4.5,4.5
14951,8849,17,1,8.4,8.4
14952,8849,18,1,10.5,10.5
14953,8849,20,1,8.0,8.0
14954,8849,20,1,8.0,8.0
14955,8850,7,2,6.5,13.0
14956,8851,20,1,8.0,8.0
14957,8852,3,1,4.97,4.97
14958,8853,7,1,6.5,6.5
14959,8853,4,1,6.07,6.07
14960,8853,14,1,3.0,3.0
14961,8853,3,2,4.97,9.94
14962,8854,13,1,3.68,3.68
14963,8854,20,1,8.0,8.0
14964,8855,10,1,4.0,4.0
14965,8856,15,1,4.5,6.84
14966,8857,4,1,6.07,6.07
14967,8857,1,1,6.07,6.07
14968,8858,13,2,3.68,8.52
14969,8859,20,1,8.0,9.21
14970,8860,21,1,25.0,25.0
14971,8861,12,1,4.2,4.2
14972,8861,17,2,8.4,18.39
14973,8862,20,1,8.0,11.5
14974,8863,14,1,3.0,3.0
14975,8864,15,1,4.5,5.52
14976,8865,24,1,18.0,18.0
14977,8866,20,1,8.0,8.0
14978,8866,7,1,6.5,6.5
14979,8867,4,1,6.07,7.22
14980,8868,11,1,6.07,6.07
14981,8868,7,1,6.5,6.5
14982,8868,11,1,6.07,6.07
14983,8869,16,1,9.97,12.01
14984,8870,10,1,4.0,5.13
14985,8871,4,1,6.07,6.07
14986,8872,8,1,6.62,6.62
14987,8872,5,1,6.62,6.62
14988,8872,4,1,6.07,6.07
14989,8872,13,1,3.68,4.93
14990,8873,8,1,6.62,6.62
14991,8874,4,2,6.07,12.14
14992,8874,2,1,5.51,5.51
14993,8875,4,2,6.07,12.14
14994,8875,11,1,6.07,6.83
14995,8876,15,2,4.5,9.0
14996,8876,20,1,8.0,8.0
14997,8876,15,2,4.5,9.0
14998,8877,19,2,7.0,14.0
14999,8878,1,1,6.07,6.07
15000,8879,20,1,8.0,8.0
15001,8880,15,2,4.5,9.0
15002,8880,2,2,5.51,11.02
15003,8880,6,2,3.5,7.0
15004,8880,20,1,8.0,8.0
15005,8880,18,1,10.5,10.5
15006,8881,3,1,4.97,5.73
15007,8882,20,1,8.0,8.0
15008,8883,15,2,4.5,10.59
15009,8884,7,1,6.5,9.74
15010,8885,5,1,6.62,6.62
15011,8886,21,1,25.0,25.0
15012,8887,13,1,3.68,3.68
15013,8888,7,1,6.5,6.5
15014,8888,15,1,4.5,4.5
15015,8888,10,1,4.0,4.0
15016,8888,9,2,4.0,8.0
15017,8889,20,1,8.0,8.0
15018,8889,19,1,7.0,7.0
15019,8889,19,1,7.0,7.0
15020,8889,20,1,8.0,8.0
15021,8889,10,1,4.0,5.03
15022,8890,12,1,4.2,4.2
15023,8891,2,1,5.51,5.51
15024,8892,10,1,4.0,4.8
15025,8893,14,1,3.0,3.0
15026,8894,21,1,25.0,25.0
15027,8895,19,1,7.0,7.0
15028,8896,1,1,6.07,6.07
15029,8896,7,1,6.5,6.5
15030,8896,11,1,6.07,6.07
15031,8896,15,1,4.5,4.5
15032,8897,13,1,3.68,5.55
15033,8898,1,1,6.07,6.07
15034,8899,4,1,6.07,6.07
15035,8899,4,1,6.07,9.19
15036,8900,7,1,6.5,6.5
15037,8901,3,1,4.97,4.97
15038,8901,4,1,6.07,6.07
15039,8901,9,1,4.0,4.0
15040,8901,11,1,6.07,6.07
15041,8902,16,1,9.97,11.18
15042,8903,6,2,3.5,7.0
15043,8904,5,1,6.62,6.62
15044,8905,10,1,4.0,4.0
15045,8905,7,1,6.5,7.3
15046,8906,10,1,4.0,4.0
15047,8906,7,1,6.5,6.5
15048,8907,15,1,4.5,5.75
15049,8908,20,1,8.0,8.76
15050,8909,17,1,8.4,11.64
15051,8910,8,1,6.62,6.62
15052,8911,4,2,6.07,13.58
15053,8912,15,1,4.5,4.5
15054,8913,18,1,10.5,10.5
15055,8914,3,2,4.97,9.94
15056,8915,19,1,7.0,7.0
15057,8916,12,1,4.2,4.2
15058,8917,20,1,8.0,8.0
15059,8918,2,1,5.51,5.51
15060,8919,18,1,10.5,10.5
15061,8919,11,1,6.07,6.07
15062,8920,12,2,4.2,8.4
15063,8921,11,1,6.07,6.07
15064,8922,17,1,8.4,8.4
15065,8922,4,1,6.07,6.07
15066,8923,17,2,8.4,18.05
15067,8924,3,1,4.97,4.97
15068,8925,4,1,6.07,7.22
15069,8926,15,1,4.5,4.5
15070,8926,4,1,6.07,6.07
15071,8927,20,1,8.0,8.0
15072,8927,13,1,3.68,5.28
15073,8928,20,1,8.0,8.0
15074,8929,15,1,4.5,7.19
15075,8930,20,1,8.0,9.03
15076,8931,7,1,6.5,6.5
15077,8932,11,2,6.07,12.14
15078,8933,20,1,8.0,9.21
15079,8934,24,1,18.0,18.98
15080,8935,20,1,8.0,8.0
15081,8935,13,1,3.68,3.68
15082,8936,20,1,8.0,8.0
15083,8937,18,1,10.5,13.74
15084,8938,14,1,3.0,3.0
15085,8938,18,2,10.5,21.0
15086,8939,13,2,3.68,7.36
15087,8940,20,1,8.0,8.0
15088,8941,16,1,9.97,9.97
15089,8942,20,1,8.0,8.0
15090,8943,19,2,7.0,14.0
15091,8944,7,1,6.5,6.5
15092,8944,7,2,6.5,13.0
15093,8945,20,1,8.0,8.0
15094,8946,16,2,9.97,19.94
15095,8947,7,1,6.5,7.8
15096,8948,19,1,7.0,7.0
15097,8948,11,1,6.07,6.07
15098,8948,7,1,6.5,6.5
15099,8948,16,1,9.97,9.97
15100,8949,5,1,6.62,6.62
15101,8949,20,1,8.0,8.0
15102,8949,4,1,6.07,6.07
15103,8949,15,2,4.5,9.0
15104,8949,18,1,10.5,10.5
15105,8950,14,1,3.0,3.0
15106,8950,13,2,3.68,7.36
15107,8950,3,1,4.97,4.97
15108,8950,20,1,8.0,8.0
15109,8951,8,1,6.62,8.04
15110,8952,9,1,4.0,5.11
15111,8953,7,1,6.5,6.5
15112,8954,1,1,6.07,6.07
15113,8954,16,1,9.97,9.97
15114,8954,15,2,4.5,9.0
15115,8954,17,1,8.4,8.4
15116,8954,9,1,4.0,4.0
15117,8955,7,1,6.5,6.5
15118,8956,15,2,4.5,9.0
15119,8956,13,1,3.68,3.68
15120,8956,11,1,6.07,6.07
15121,8956,11,1,6.07,6.07
15122,8956,21,1,25.0,25.0
15123,8957,16,1,9.97,9.97
15124,8958,7,1,6.5,6.5
15125,8959,13,1,3.68,3.68
15126,8959,5,1,6.62,6.62
15127,8960,7,1,6.5,7.35
15128,8961,4,1,6.07,6.07
15129,8962,15,1,4.5,4.5
15130,8962,20,2,8.0,16.0
15131,8963,3,1,4.97,6.36
15132,8964,10,1,4.0,4.0
15133,8964,12,1,4.2,4.2
15134,8964,25,1,20.0,23.07
15135,8965,8,1,6.62,7.87
15136,8966,5,1,6.62,6.62
15137,8966,20,1,8.0,8.0
15138,8966,20,1,8.0,8.0
15139,8967,6,1,3.5,3.5
15140,8967,10,1,4.0,4.0
15141,8967,10,1,4.0,4.0
15142,8967,10,1,4.0,4.0
15143,8967,13,1,3.68,3.68
15144,8968,6,2,3.5,7.0
15145,8969,18,1,10.5,10.5
15146,8970,20,2,8.0,17.13
15147,8971,4,2,6.07,12.14
15148,8971,4,1,6.07,6.07
15149,8971,9,1,4.0,5.06
15150,8972,20,1,8.0,8.0
15151,8972,20,2,8.0,16.0
15152,8973,9,1,4.0,4.0
15153,8973,15,1,4.5,4.5
15154,8973,20,1,8.0,8.0
15155,8974,13,1,3.68,3.68
15156,8975,20,1,8.0,8.0
15157,8976,19,1,7.0,7.0
15158,8976,20,1,8.0,8.0
15159,8976,6,1,3.5,3.5
15160,8977,13,1,3.68,4.93
15161,8978,15,1,4.5,4.5
15162,8978,20,2,8.0,17.3
15163,8979,20,1,8.0,8.8
15164,8980,7,1,6.5,6.5
15165,8981,10,2,4.0,10.69
15166,8982,4,1,6.07,6.07
15167,8982,12,1,4.2,7.7
15168,8983,4,1,6.07,7.32
15169,8984,4,1,6.07,6.07
15170,8984,13,1,3.68,3.68
15171,8984,18,1,10.5,11.34
15172,8985,20,1,8.0,8.0
15173,8985,16,1,9.97,9.97
15174,8985,4,1,6.07,6.07
15175,8985,7,1,6.5,6.5
15176,8985,2,2,5.51,11.02
15177,8986,20,1,8.0,8.0
15178,8987,20,1,8.0,8.0
15179,8988,10,1,4.0,4.0
15180,8989,12,1,4.2,5.23
15181,8990,13,1,3.68,4.84
15182,8991,2,1,5.51,7.19
15183,8992,18,1,10.5,10.5
15184,8992,17,1,8.4,8.4
15185,8993,18,1,10.5,10.5
15186,8994,1,1,6.07,6.07
15187,8994,9,1,4.0,4.0
15188,8994,16,1,9.97,9.97
15189,8994,19,1,7.0,7.0
15190,8994,17,1,8.4,9.25
15191,8995,20,2,8.0,16.0
15192,8996,12,1,4.2,4.2
15193,8997,5,1,6.62,6.62
15194,8998,7,1,6.5,6.5
15195,8998,4,1,6.07,6.07
15196,8998,4,1,6.07,6.07
15197,8999,21,1,25.0,25.0
15198,8999,20,1,8.0,8.0
15199,8999,1,2,6.07,12.14
15200,8999,15,1,4.5,4.5
15201,8999,20,1,8.0,8.0
15202,9000,12,1,4.2,4.2
15203,9001,20,1,8.0,9.13
15204,9002,17,2,8.4,17.86
15205,9003,3,1,4.97,4.97
15206,9003,18,1,10.5,11.75
15207,9004,1,2,6.07,12.14
15208,9005,16,1,9.97,9.97
15209,9006,13,1,3.68,3.68
15210,9007,17,1,8.4,8.4
15211,9008,16,1,9.97,11.0
15212,9009,15,1,4.5,4.5
15213,9010,20,1,8.0,8.0
15214,9010,20,1,8.0,8.0
15215,9010,4,2,6.07,12.14
15216,9010,12,1,4.2,4.2
15217,9010,4,1,6.07,6.07
15218,9011,12,1,4.2,4.2
15219,9011,3,1,4.97,4.97
15220,9011,18,1,10.5,13.57
15221,9012,7,1,6.5,7.47
15222,9013,20,2,8.0,16.0
15223,9013,7,1,6.5,6.5
15224,9013,18,2,10.5,21.0
15225,9013,9,2,4.0,8.0
15226,9013,15,1,4.5,4.5
15227,9014,14,1,3.0,3.0
15228,9014,10,1,4.0,4.0
15229,9014,12,1,4.2,4.2
15230,9015,20,1,8.0,8.0
15231,9016,4,1,6.07,6.07
15232,9017,12,1,4.2,5.64
15233,9018,5,1,6.62,7.46
15234,9019,1,1,6.07,6.07
15235,9020,15,2,4.5,9.0
15236,9021,4,1,6.07,6.83
15237,9022,17,1,8.4,8.4
15238,9023,5,1,6.62,6.62
15239,9023,11,1,6.07,6.07
15240,9023,11,1,6.07,6.07
15241,9024,20,1,8.0,8.0
15242,9025,18,2,10.5,21.0
15243,9025,2,1,5.51,5.51
15244,9025,13,2,3.68,7.36
15245,9025,1,1,6.07,6.07
15246,9025,15,1,4.5,4.5
15247,9026,14,1,3.0,3.0
15248,9026,8,1,6.62,6.62
15249,9027,19,1,7.0,7.0
15250,9027,4,2,6.07,12.14
15251,9027,18,1,10.5,10.5
15252,9028,20,1,8.0,8.0
15253,9028,7,1,6.5,6.5
15254,9028,20,1,8.0,9.03
15255,9029,19,1,7.0,7.0
15256,9030,3,1,4.97,6.42
15257,9031,20,1,8.0,8.0
15258,9031,5,1,6.62,6.62
15259,9032,13,1,3.68,3.68
15260,9032,4,1,6.07,6.07
15261,9033,12,1,4.2,4.97
15262,9034,18,1,10.5,10.5
15263,9034,7,1,6.5,6.5
15264,9034,15,1,4.5,4.5
15265,9035,11,1,6.07,6.07
15266,9036,4,1,6.07,7.32
15267,9037,4,1,6.07,7.66
15268,9038,16,2,9.97,19.94
15269,9039,12,1,4.2,4.2
15270,9039,5,1,6.62,6.62
15271,9040,19,1,7.0,7.0
15272,9040,20,2,8.0,16.0
15273,9040,20,1,8.0,8.0
15274,9040,21,1,25.0,25.0
15275,9040,19,1,7.0,7.8
15276,9041,20,1,8.0,9.1
15277,9042,11,2,6.07,12.14
15278,9043,20,1,8.0,8.0
15279,9044,9,1,4.0,4.0
15280,9044,4,1,6.07,6.07
15281,9045,20,1,8.0,8.0
15282,9045,11,2,6.07,12.14
15283,9045,4,1,6.07,6.07
15284,9045,8,1,6.62,6.62
15285,9046,5,1,6.62,6.62
15286,9047,20,1,8.0,8.0
15287,9047,18,1,10.5,10.5
15288,9047,7,2,6.5,13.0
15289,9048,6,1,3.5,3.5
15290,9048,7,1,6.5,6.5
15291,9048,12,1,4.2,4.2
15292,9049,11,1,6.07,6.07
15293,9050,9,2,4.0,10.4
15294,9051,4,2,6.07,12.14
15295,9052,4,1,6.07,6.07
15296,9053,20,1,8.0,8.0
15297,9054,14,1,3.0,3.85
15298,9055,18,1,10.5,10.5
15299,9056,5,1,6.62,9.69
15300,9057,7,2,6.5,13.0
15301,9057,7,1,6.5,6.5
15302,9057,20,1,8.0,8.0
15303,9057,4,1,6.07,6.07
15304,9058,11,1,6.07,6.07
15305,9059,13,2,3.68,7.36
15306,9060,14,1,3.0,3.0
15307,9060,20,2,8.0,16.0
15308,9060,1,1,6.07,6.07
15309,9060,1,1,6.07,6.07
15310,9060,20,2,8.0,16.0
15311,9061,16,1,9.97,9.97
15312,9061,7,1,6.5,6.5
15313,9061,2,1,5.51,5.51
15314,9061,14,1,3.0,3.0
15315,9062,20,2,8.0,16.8
15316,9063,16,2,9.97,19.94
15317,9064,4,1,6.07,7.09
15318,9065,4,2,6.07,12.14
15319,9066,20,2,8.0,16.0
15320,9066,20,2,8.0,16.97
15321,9067,18,1,10.5,10.5
15322,9068,12,1,4.2,4.2
15323,9069,24,1,18.0,18.0
15324,9069,15,1,4.5,4.5
15325,9069,6,1,3.5,3.5
15326,9070,20,1,8.0,8.0
15327,9071,1,1,6.07,6.07
15328,9071,9,1,4.0,4.0
15329,9071,19,1,7.0,7.0
15330,9071,20,2,8.0,16.0
15331,9072,20,2,8.0,16.0
15332,9072,13,1,3.68,4.98
15333,9073,5,1,6.62,6.62
15334,9073,10,1,4.0,4.0
15335,9073,3,1,4.97,5.95
15336,9074,18,2,10.5,21.0
15337,9074,19,1,7.0,7.0
15338,9075,7,1,6.5,6.5
15339,9075,2,1,5.51,5.51
15340,9075,8,1,6.62,6.62
15341,9075,20,1,8.0,8.0
15342,9076,4,1,6.07,6.07
15343,9076,20,1,8.0,8.0
15344,9076,5,1,6.62,6.62
15345,9077,12,1,4.2,4.2
15346,9078,17,1,8.4,8.4
15347,9079,9,1,4.0,5.21
15348,9080,17,1,8.4,8.4
15349,9081,12,2,4.2,8.4
15350,9081,4,1,6.07,6.07
15351,9082,15,1,4.5,7.62
15352,9083,20,1,8.0,8.0
15353,9084,11,1,6.07,6.07
15354,9085,5,1,6.62,6.62
15355,9085,16,2,9.97,19.94
15356,9085,24,1,18.0,18.97
15357,9086,20,1,8.0,8.0
15358,9086,18,1,10.5,10.5
15359,9087,7,1,6.5,6.5
15360,9087,18,1,10.5,10.5
15361,9087,4,1,6.07,6.07
15362,9088,10,1,4.0,4.0
15363,9088,11,1,6.07,7.51
15364,9089,18,1,10.5,10.5
15365,9090,8,1,6.62,6.62
15366,9091,16,1,9.97,11.54
15367,9092,5,2,6.62,13.24
15368,9093,4,1,6.07,6.07
15369,9093,11,1,6.07,6.07
15370,9094,10,1,4.0,6.34
15371,9095,20,1,8.0,9.02
15372,9096,6,1,3.5,3.5
15373,9096,8,1,6.62,6.62
15374,9096,20,1,8.0,8.0
15375,9096,1,1,6.07,6.07
15376,9096,15,1,4.5,4.5
15377,9097,22,1,8.0,9.21
15378,9098,20,1,8.0,8.0
15379,9098,16,1,9.97,9.97
15380,9098,12,1,4.2,5.88
15381,9099,18,1,10.5,10.5
15382,9100,18,1,10.5,11.53
15383,9101,13,1,3.68,3.68
15384,9101,15,1,4.5,4.5
15385,9101,14,1,3.0,3.8
15386,9102,4,1,6.07,7.18
15387,9103,13,1,3.68,6.14
15388,9104,12,1,4.2,4.2
15389,9105,7,1,6.5,6.5
15390,9105,18,1,10.5,10.5
15391,9105,13,1,3.68,3.68
15392,9105,22,1,8.0,8.0
15393,9105,20,1,8.0,8.0
15394,9106,20,2,8.0,16.0
15395,9107,4,1,6.07,7.66
15396,9108,7,2,6.5,13.0
15397,9109,18,2,10.5,22.44
15398,9110,15,1,4.5,4.5
15399,9110,9,1,4.0,4.0
15400,9110,1,2,6.07,14.83
15401,9111,7,1,6.5,6.5
15402,9112,6,1,3.5,3.5
15403,9113,15,1,4.5,4.5
15404,9113,12,1,4.2,4.2
15405,9113,14,1,3.0,4.25
15406,9114,16,1,9.97,9.97
15407,9115,17,2,8.4,16.8
15408,9116,4,1,6.07,6.07
15409,9117,20,1,8.0,8.0
15410,9117,14,1,3.0,4.79
15411,9118,6,1,3.5,3.5
15412,9118,16,1,9.97,9.97
15413,9119,20,1,8.0,8.0
15414,9120,5,1,6.62,6.62
15415,9121,24,1,18.0,20.4
15416,9122,7,1,6.5,6.5
15417,9123,19,2,7.0,14.0
15418,9124,20,1,8.0,8.0
15419,9125,7,1,6.5,6.5
15420,9126,7,1,6.5,8.09
15421,9127,18,1,10.5,10.5
15422,9128,18,2,10.5,21.0
15423,9128,18,1,10.5,10.5
15424,9128,20,1,8.0,8.0
15425,9129,6,1,3.5,3.5
15426,9130,13,2,3.68,7.36
15427,9131,18,1,10.5,10.5
15428,9132,20,1,8.0,8.0
15429,9132,7,1,6.5,8.35
15430,9133,4,1,6.07,7.9
15431,9134,4,1,6.07,6.07
15432,9135,7,1,6.5,8.96
15433,9136,12,1,4.2,5.45
15434,9137,24,1,18.0,20.27
15435,9138,7,1,6.5,6.5
15436,9138,17,1,8.4,8.4
15437,9138,3,1,4.97,4.97
15438,9138,8,1,6.62,6.62
15439,9138,15,1,4.5,4.5
15440,9139,12,1,4.2,4.2
15441,9139,20,1,8.0,10.4
15442,9140,20,1,8.0,8.0
15443,9140,20,1,8.0,8.0
15444,9141,6,1,3.5,4.3
15445,9142,4,1,6.07,6.07
15446,9143,1,1,6.07,7.15
15447,9144,13,2,3.68,7.36
15448,9144,16,2,9.97,21.73
15449,9145,6,1,3.5,3.5
15450,9146,13,1,3.68,7.04
15451,9147,1,1,6.07,6.07
15452,9147,17,1,8.4,8.4
15453,9147,2,1,5.51,5.51
15454,9147,7,1,6.5,6.5
15455,9147,7,1,6.5,6.5
15456,9148,20,1,8.0,8.0
15457,9149,20,2,8.0,16.0
15458,9149,11,1,6.07,6.07
15459,9149,15,1,4.5,4.5
15460,9149,20,1,8.0,8.0
15461,9149,23,1,15.0,15.0
15462,9150,4,1,6.07,6.07
15463,9151,19,1,7.0,7.0
15464,9152,4,1,6.07,7.22
15465,9153,24,1,18.0,18.0
15466,9153,7,1,6.5,6.5
15467,9153,1,1,6.07,7.18
15468,9154,19,1,7.0,7.0
15469,9155,4,2,6.07,12.14
15470,9156,4,1,6.07,6.07
15471,9156,3,1,4.97,6.22
15472,9157,14,1,3.0,4.21
15473,9158,2,1,5.51,5.51
15474,9158,4,1,6.07,6.07
15475,9158,5,1,6.62,9.69
15476,9159,4,2,6.07,12.14
15477,9159,15,1,4.5,6.77
15478,9160,17,1,8.4,8.4
15479,9161,17,2,8.4,16.8
15480,9162,17,1,8.4,8.4
15481,9163,19,1,7.0,7.0
15482,9163,18,1,10.5,10.5
15483,9164,10,1,4.0,4.0
15484,9165,16,1,9.97,9.97
15485,9165,12,2,4.2,8.4
15486,9165,15,1,4.5,4.5
15487,9165,4,1,6.07,6.07
15488,9165,15,1,4.5,4.5
15489,9166,16,1,9.97,9.97
15490,9167,13,1,3.68,3.68
15491,9167,18,1,10.5,13.86
15492,9168,15,2,4.5,9.0
15493,9169,15,1,4.5,4.5
15494,9170,13,2,3.68,7.36
15495,9171,17,1,8.4,8.4
15496,9172,20,1,8.0,8.0
15497,9173,17,1,8.4,11.68
15498,9174,5,1,6.62,7.92
15499,9175,7,1,6.5,6.5
15500,9175,13,1,3.68,3.68
15501,9175,4,2,6.07,12.14
15502,9175,18,2,10.5,21.0
15503,9175,7,1,6.5,6.5
15504,9176,2,1,5.51,5.51
15505,9177,20,1,8.0,8.0
15506,9178,16,1,9.97,11.42
15507,9179,11,1,6.07,6.07
15508,9180,12,1,4.2,4.2
15509,9180,2,1,5.51,5.51
15510,9180,15,1,4.5,4.5
15511,9180,4,1,6.07,6.07
15512,9180,20,1,8.0,8.0
15513,9181,6,1,3.5,3.5
15514,9181,4,1,6.07,6.07
15515,9181,12,1,4.2,4.2
15516,9181,2,1,5.51,6.48
15517,9182,5,2,6.62,13.24
15518,9182,18,1,10.5,10.5
15519,9182,5,1,6.62,6.62
15520,9182,21,1,25.0,26.59
15521,9183,17,1,8.4,9.79
15522,9184,20,2,8.0,16.0
15523,9185,7,1,6.5,6.5
15524,9185,1,2,6.07,12.14
15525,9186,24,1,18.0,18.0
15526,9187,19,1,7.0,8.16
15527,9188,11,1,6.07,7.13
15528,9189,14,2,3.0,7.85
15529,9190,19,1,7.0,8.48
15530,9191,10,1,4.0,4.0
15531,9192,3,1,4.97,4.97
15532,9192,4,1,6.07,6.07
15533,9192,18,2,10.5,21.0
15534,9192,10,1,4.0,4.0
15535,9192,13,1,3.68,4.93
15536,9193,12,1,4.2,5.3
15537,9194,19,1,7.0,7.0
15538,9194,4,1,6.07,6.07
15539,9194,14,1,3.0,3.0
15540,9194,17,1,8.4,8.4
15541,9194,15,1,4.5,4.5
15542,9195,5,1,6.62,6.62
15543,9195,8,1,6.62,6.62
15544,9195,14,1,3.0,3.0
15545,9196,17,1,8.4,9.85
15546,9197,13,1,3.68,4.89
15547,9198,20,1,8.0,8.0
15548,9198,5,1,6.62,6.62
15549,9198,20,2,8.0,17.21
15550,9199,20,1,8.0,8.0
15551,9199,7,1,6.5,6.5
15552,9199,1,1,6.07,6.07
15553,9199,20,1,8.0,8.0
15554,9199,6,1,3.5,3.5
15555,9200,19,1,7.0,7.0
15556,9201,20,1,8.0,8.0
15557,9202,4,1,6.07,6.07
15558,9202,18,2,10.5,22.51
15559,9203,12,1,4.2,5.41
15560,9204,7,1,6.5,9.74
15561,9205,24,1,18.0,18.0
15562,9205,4,2,6.07,12.14
15563,9206,18,1,10.5,10.5
15564,9206,17,1,8.4,10.8
15565,9207,11,1,6.07,6.07
15566,9207,18,1,10.5,10.5
15567,9207,4,1,6.07,6.07
15568,9208,15,1,4.5,5.75
15569,9209,4,1,6.07,6.07
15570,9209,9,1,4.0,4.0
15571,9209,16,1,9.97,9.97
15572,9210,14,1,3.0,3.0
15573,9211,14,1,3.0,3.0
15574,9212,10,1,4.0,4.0
15575,9212,9,1,4.0,4.0
15576,9213,20,1,8.0,9.15
15577,9214,20,1,8.0,8.0
15578,9214,8,2,6.62,14.34
15579,9215,9,1,4.0,4.0
15580,9216,19,1,7.0,7.0
15581,9216,10,1,4.0,4.0
15582,9217,20,1,8.0,8.0
15583,9217,17,2,8.4,16.8
15584,9218,4,2,6.07,12.14
15585,9218,4,1,6.07,6.07
15586,9219,8,2,6.62,16.52
15587,9220,18,1,10.5,10.5
15588,9221,14,1,3.0,5.69
15589,9222,7,1,6.5,6.5
15590,9223,3,1,4.97,4.97
15591,9223,8,1,6.62,6.62
15592,9224,18,1,10.5,10.5
15593,9224,20,1,8.0,8.0
15594,9225,10,1,4.0,4.0
15595,9226,13,1,3.68,3.68
15596,9227,7,1,6.5,6.5
15597,9228,19,1,7.0,7.0
15598,9228,7,1,6.5,7.61
15599,9229,6,1,3.5,3.5
15600,9229,4,2,6.07,12.14
15601,9230,22,1,8.0,8.0
15602,9231,7,2,6.5,13.0
15603,9231,11,1,6.07,6.07
15604,9231,1,1,6.07,6.07
15605,9231,7,1,6.5,8.07
15606,9232,18,1,10.5,10.5
15607,9232,20,1,8.0,8.0
15608,9233,10,1,4.0,4.0
15609,9234,15,1,4.5,5.95
15610,9235,4,1,6.07,6.07
15611,9236,19,1,7.0,7.0
15612,9237,20,1,8.0,8.0
15613,9237,20,1,8.0,9.03
15614,9238,4,1,6.07,6.07
15615,9238,5,1,6.62,6.62
15616,9239,2,1,5.51,5.51
15617,9239,20,1,8.0,8.0
15618,9239,14,1,3.0,3.0
15619,9240,8,1,6.62,8.07
15620,9241,14,1,3.0,4.02
15621,9242,15,1,4.5,4.5
15622,9243,4,1,6.07,6.07
15623,9243,9,1,4.0,5.65
15624,9244,11,1,6.07,6.07
15625,9245,2,1,5.51,5.51
15626,9246,4,1,6.07,7.67
15627,9247,18,1,10.5,10.5
15628,9248,9,1,4.0,4.0
15629,9248,12,1,4.2,4.2
15630,9248,20,1,8.0,8.0
15631,9249,17,1,8.4,8.4
15632,9250,16,2,9.97,19.94
15633,9251,8,1,6.62,6.62
15634,9252,19,1,7.0,7.0
15635,9253,12,1,4.2,6.14
15636,9254,7,1,6.5,8.29
15637,9255,3,1,4.97,4.97
15638,9256,3,1,4.97,4.97
15639,9257,7,1,6.5,8.33
15640,9258,20,2,8.0,16.0
15641,9258,5,1,6.62,6.62
15642,9258,15,1,4.5,4.5
15643,9258,20,1,8.0,8.0
15644,9258,13,2,3.68,7.36
15645,9259,4,1,6.07,8.47
15646,9260,2,1,5.51,5.51
15647,9261,19,1,7.0,7.0
15648,9262,7,1,6.5,6.5
15649,9263,20,1,8.0,8.0
15650,9263,12,1,4.2,4.2
15651,9264,11,1,6.07,6.87
15652,9265,11,1,6.07,6.07
15653,9266,20,1,8.0,8.0
15654,9267,5,1,6.62,6.62
15655,9268,20,2,8.0,16.0
15656,9269,13,2,3.68,7.36
15657,9269,7,2,6.5,13.0
15658,9269,4,1,6.07,6.07
15659,9269,7,1,6.5,6.5
15660,9269,10,1,4.0,5.03
15661,9270,14,1,3.0,3.8
15662,9271,20,1,8.0,8.0
15663,9272,6,2,3.5,7.0
15664,9273,3,1,4.97,6.12
15665,9274,14,2,3.0,7.08
15666,9275,23,1,15.0,15.0
15667,9276,7,1,6.5,7.71
15668,9277,12,1,4.2,4.2
15669,9278,5,1,6.62,6.62
15670,9279,14,1,3.0,3.0
15671,9280,13,2,3.68,7.36
15672,9280,1,1,6.07,6.07
15673,9281,4,2,6.07,12.14
15674,9282,20,2,8.0,16.0
15675,9282,2,2,5.51,11.02
15676,9283,14,1,3.0,3.94
15677,9284,20,2,8.0,16.0
15678,9284,20,2,8.0,16.0
15679,9284,7,1,6.5,6.5
15680,9284,7,1,6.5,6.5
15681,9285,7,1,6.5,6.5
15682,9285,16,1,9.97,11.42
15683,9286,2,1,5.51,5.51
15684,9287,4,1,6.07,6.87
15685,9288,20,1,8.0,10.69
15686,9289,13,1,3.68,3.68
15687,9290,2,1,5.51,5.51
15688,9291,19,2,7.0,14.0
15689,9291,5,1,6.62,6.62
15690,9291,14,1,3.0,4.68
15691,9292,20,1,8.0,8.0
15692,9293,7,2,6.5,13.0
15693,9294,12,1,4.2,4.2
15694,9295,14,1,3.0,3.0
15695,9295,20,1,8.0,8.0
15696,9296,16,2,9.97,19.94
15697,9296,6,1,3.5,3.5
15698,9296,18,1,10.5,10.5
15699,9296,16,1,9.97,11.45
15700,9297,24,1,18.0,18.0
15701,9297,14,1,3.0,3.0
15702,9297,5,1,6.62,6.62
15703,9297,15,1,4.5,4.5
15704,9297,19,2,7.0,14.0
15705,9298,16,1,9.97,9.97
15706,9298,14,2,3.0,6.0
15707,9298,4,1,6.07,6.07
15708,9298,17,1,8.4,9.61
15709,9299,6,1,3.5,3.5
15710,9300,4,1,6.07,7.32
15711,9301,3,1,4.97,5.77
15712,9302,17,1,8.4,8.4
15713,9302,3,1,4.97,4.97
15714,9302,8,1,6.62,6.62
15715,9302,5,1,6.62,6.62
15716,9303,15,2,4.5,10.25
15717,9304,4,1,6.07,6.07
15718,9304,7,2,6.5,15.4
15719,9305,14,2,3.0,6.0
15720,9306,19,2,7.0,15.87
15721,9307,8,1,6.62,7.87
15722,9308,7,1,6.5,6.5
15723,9308,19,1,7.0,7.0
15724,9309,19,1,7.0,9.97
15725,9310,20,1,8.0,8.0
15726,9311,19,1,7.0,7.0
15727,9311,7,1,6.5,6.5
15728,9312,12,1,4.2,5.3
15729,9313,16,2,9.97,21.17
15730,9314,7,1,6.5,7.53
15731,9315,7,1,6.5,8.18
15732,9316,4,1,6.07,6.07
15733,9316,13,1,3.68,3.68
15734,9317,7,2,6.5,13.0
15735,9318,20,1,8.0,9.45
15736,9319,7,1,6.5,6.5
15737,9319,13,1,3.68,3.68
15738,9319,20,1,8.0,8.0
15739,9319,5,1,6.62,6.62
15740,9319,19,1,7.0,8.21
15741,9320,16,1,9.97,9.97
15742,9321,7,1,6.5,8.37
15743,9322,6,1,3.5,4.71
15744,9323,2,2,5.51,11.02
15745,9324,9,1,4.0,7.07
15746,9325,9,1,4.0,4.0
15747,9325,17,1,8.4,9.5
15748,9326,14,1,3.0,3.76
15749,9327,4,2,6.07,13.29
15750,9328,10,1,4.0,4.0
15751,9329,15,1,4.5,4.5
15752,9329,4,1,6.07,6.07
15753,9329,7,1,6.5,6.5
15754,9329,24,1,18.0,18.0
15755,9329,4,1,6.07,6.07
15756,9330,20,1,8.0,8.0
15757,9331,12,1,4.2,4.2
15758,9331,4,1,6.07,6.07
15759,9331,14,1,3.0,3.0
15760,9331,20,1,8.0,8.0
15761,9331,5,1,6.62,6.62
15762,9332,7,1,6.5,7.71
15763,9333,20,1,8.0,8.0
15764,9334,2,2,5.51,11.02
15765,9335,25,1,20.0,20.0
15766,9336,20,1,8.0,10.46
15767,9337,16,2,9.97,19.94
15768,9338,4,1,6.07,6.07
15769,9338,9,1,4.0,4.0
15770,9339,18,1,10.5,10.5
15771,9339,25,1,20.0,20.0
15772,9340,22,1,8.0,8.0
15773,9341,14,2,3.0,6.0
15774,9342,4,1,6.07,6.07
15775,9342,22,1,8.0,8.0
15776,9343,8,1,6.62,6.62
15777,9343,20,2,8.0,16.0
15778,9343,11,1,6.07,6.07
15779,9344,20,1,8.0,8.0
15780,9345,9,1,4.0,4.0
15781,9346,10,1,4.0,4.0
15782,9347,6,2,3.5,7.0
15783,9348,8,1,6.62,6.62
15784,9349,8,1,6.62,6.62
15785,9349,11,1,6.07,6.07
15786,9350,3,1,4.97,6.62
15787,9351,11,2,6.07,12.14
15788,9352,22,1,8.0,8.0
15789,9352,16,1,9.97,11.0
15790,9353,4,1,6.07,6.07
15791,9353,7,1,6.5,6.5
15792,9353,2,1,5.51,5.51
15793,9353,7,1,6.5,6.5
15794,9354,19,1,7.0,7.0
15795,9355,13,1,3.68,3.68
15796,9355,1,1,6.07,6.07
15797,9355,11,1,6.07,7.75
15798,9356,22,1,8.0,8.0
15799,9356,3,2,4.97,9.94
15800,9356,25,1,20.0,20.0
15801,9356,9,2,4.0,8.0
15802,9356,20,2,8.0,16.0
15803,9357,20,1,8.0,8.0
15804,9357,19,1,7.0,7.0
15805,9357,2,1,5.51,5.51
15806,9358,15,1,4.5,7.45
15807,9359,4,2,6.07,12.14
15808,9360,7,1,6.5,7.3
15809,9361,4,1,6.07,6.07
15810,9362,18,1,10.5,10.5
15811,9363,20,1,8.0,8.76
15812,9364,20,1,8.0,8.0
15813,9365,1,1,6.07,7.52
15814,9366,6,1,3.5,4.75
15815,9367,4,1,6.07,6.07
15816,9368,7,1,6.5,6.5
15817,9369,18,1,10.5,10.5
15818,9369,15,1,4.5,5.56
15819,9370,10,1,4.0,4.0
15820,9371,16,1,9.97,12.43
15821,9372,15,1,4.5,4.5
15822,9372,20,1,8.0,9.39
15823,9373,20,1,8.0,9.3
15824,9374,7,2,6.5,13.0
15825,9374,15,1,4.5,4.5
15826,9375,2,1,5.51,7.02
15827,9376,2,1,5.51,5.51
15828,9377,7,1,6.5,6.5
15829,9377,9,1,4.0,4.0
15830,9377,4,1,6.07,6.07
15831,9377,4,1,6.07,6.07
15832,9377,20,1,8.0,8.0
15833,9378,18,1,10.5,10.5
15834,9378,20,1,8.0,8.0
15835,9378,10,1,4.0,4.0
15836,9378,8,1,6.62,6.62
15837,9379,19,1,7.0,7.0
15838,9380,14,1,3.0,3.0
15839,9381,24,1,18.0,18.0
15840,9381,14,2,3.0,6.0
15841,9382,16,1,9.97,10.79
15842,9383,13,1,3.68,3.68
15843,9384,20,1,8.0,8.0
15844,9384,19,1,7.0,7.0
15845,9385,12,1,4.2,5.65
15846,9386,16,2,9.97,19.94
15847,9386,20,1,8.0,8.0
15848,9387,17,1,8.4,8.4
15849,9388,15,1,4.5,4.5
15850,9388,2,1,5.51,5.51
15851,9389,12,1,4.2,4.2
15852,9390,15,1,4.5,4.5
15853,9390,17,2,8.4,18.25
15854,9391,20,1,8.0,8.0
15855,9391,6,1,3.5,3.5
15856,9392,1,1,6.07,9.14
15857,9393,7,1,6.5,10.16
15858,9394,12,1,4.2,4.2
15859,9395,16,1,9.97,9.97
15860,9395,4,2,6.07,13.73
15861,9396,15,1,4.5,4.5
15862,9397,18,2,10.5,21.0
15863,9397,17,1,8.4,9.46
15864,9398,18,1,10.5,13.19
15865,9399,7,1,6.5,6.5
15866,9399,20,1,8.0,8.0
15867,9399,12,1,4.2,4.2
15868,9399,3,2,4.97,9.94
15869,9400,14,1,3.0,4.21
15870,9401,15,1,4.5,7.19
15871,9402,20,1,8.0,10.34
15872,9403,15,1,4.5,4.5
15873,9403,16,1,9.97,10.77
15874,9404,18,2,10.5,21.0
15875,9404,4,1,6.07,6.07
15876,9405,15,1,4.5,4.5
15877,9406,14,1,3.0,3.0
15878,9407,20,1,8.0,10.65
15879,9408,6,1,3.5,3.5
15880,9409,19,1,7.0,7.0
15881,9410,20,2,8.0,16.0
15882,9410,1,2,6.07,12.14
15883,9410,24,1,18.0,18.0
15884,9410,4,1,6.07,6.07
15885,9410,13,1,3.68,3.68
15886,9411,4,1,6.07,9.14
15887,9412,2,1,5.51,6.54
15888,9413,15,1,4.5,4.5
15889,9414,20,1,8.0,8.0
15890,9415,5,1,6.62,8.21
15891,9416,17,1,8.4,8.4
15892,9416,1,1,6.07,9.14
15893,9417,9,1,4.0,4.0
15894,9417,4,1,6.07,6.07
15895,9418,20,1,8.0,8.97
15896,9419,22,1,8.0,8.0
15897,9419,20,2,8.0,16.0
15898,9419,15,1,4.5,4.5
15899,9420,7,1,6.5,6.5
15900,9421,13,1,3.68,3.68
15901,9421,14,1,3.0,3.0
15902,9421,20,1,8.0,8.0
15903,9421,2,1,5.51,5.51
15904,9422,20,1,8.0,8.0
15905,9423,4,1,6.07,7.52
15906,9424,13,1,3.68,3.68
15907,9424,7,1,6.5,6.5
15908,9424,17,1,8.4,8.4
15909,9424,17,2,8.4,16.8
15910,9424,15,1,4.5,4.5
15911,9425,20,1,8.0,8.0
15912,9425,15,1,4.5,4.5
15913,9425,20,1,8.0,8.0
15914,9425,15,1,4.5,4.5
15915,9425,17,1,8.4,8.4
15916,9426,20,1,8.0,9.25
15917,9427,12,1,4.2,4.2
15918,9427,15,1,4.5,4.5
15919,9427,4,1,6.07,7.1
15920,9428,13,2,3.68,7.36
15921,9429,6,1,3.5,3.5
15922,9430,13,2,3.68,7.36
15923,9431,3,1,4.97,6.62
15924,9432,8,1,6.62,9.08
15925,9433,19,1,7.0,7.0
15926,9433,13,2,3.68,7.36
15927,9433,18,2,10.5,21.82
15928,9434,17,1,8.4,8.4
15929,9434,1,1,6.07,6.07
15930,9435,18,1,10.5,13.78
15931,9436,4,2,6.07,12.14
15932,9436,1,1,6.07,6.07
15933,9437,4,1,6.07,6.07
15934,9438,18,1,10.5,10.5
15935,9438,19,1,7.0,7.0
15936,9438,14,1,3.0,3.0
15937,9438,2,1,5.51,5.51
15938,9438,15,1,4.5,5.94
15939,9439,20,1,8.0,8.0
15940,9439,5,1,6.62,6.62
15941,9440,7,1,6.5,6.5
15942,9440,21,1,25.0,25.0
15943,9440,16,1,9.97,9.97
15944,9440,9,1,4.0,4.0
15945,9440,20,1,8.0,8.0
15946,9441,17,1,8.4,8.4
15947,9441,4,2,6.07,12.14
15948,9441,17,1,8.4,8.4
15949,9441,15,1,4.5,4.5
15950,9441,4,1,6.07,6.07
15951,9442,11,1,6.07,9.73
15952,9443,20,1,8.0,8.0
15953,9444,13,1,3.68,6.25
15954,9445,8,1,6.62,6.62
15955,9446,2,1,5.51,5.51
15956,9447,19,1,7.0,7.0
15957,9447,10,2,4.0,8.0
15958,9448,7,2,6.5,13.0
15959,9449,17,1,8.4,9.71
15960,9450,17,1,8.4,8.4
15961,9450,14,2,3.0,6.0
15962,9450,11,1,6.07,6.07
15963,9451,15,2,4.5,9.0
15964,9451,16,1,9.97,9.97
15965,9451,20,1,8.0,8.0
15966,9451,3,1,4.97,4.97
15967,9451,20,1,8.0,9.11
15968,9452,19,1,7.0,8.3
15969,9453,20,1,8.0,8.0
15970,9453,15,2,4.5,10.21
15971,9454,7,1,6.5,6.5
15972,9455,20,2,8.0,16.0
15973,9455,12,1,4.2,5.65
15974,9456,7,1,6.5,6.5
15975,9456,12,2,4.2,8.4
15976,9456,20,2,8.0,16.0
15977,9456,17,1,8.4,8.4
15978,9456,2,1,5.51,5.51
15979,9457,2,2,5.51,11.02
15980,9458,4,1,6.07,6.07
15981,9458,14,2,3.0,6.0
15982,9458,17,1,8.4,8.4
15983,9459,19,1,7.0,7.0
15984,9460,13,1,3.68,3.68
15985,9461,6,1,3.5,3.5
15986,9462,9,1,4.0,5.02
15987,9463,18,1,10.5,10.5
15988,9463,15,1,4.5,4.5
15989,9464,10,1,4.0,4.0
15990,9465,14,1,3.0,5.97
15991,9466,9,1,4.0,4.0
15992,9466,8,1,6.62,6.62
15993,9466,15,1,4.5,4.5
15994,9466,5,1,6.62,6.62
15995,9466,10,1,4.0,4.0
15996,9467,15,1,4.5,4.5
15997,9468,16,1,9.97,9.97
15998,9469,12,1,4.2,5.45
15999,9470,8,1,6.62,6.62
16000,9471,10,1,4.0,4.0
16001,9472,2,1,5.51,5.51
16002,9473,13,1,3.68,3.68
16003,9474,9,1,4.0,4.0
16004,9474,7,2,6.5,13.0
16005,9474,17,2,8.4,16.8
16006,9474,14,1,3.0,3.0
16007,9474,12,1,4.2,4.2
16008,9475,19,1,7.0,7.0
16009,9476,20,1,8.0,8.0
16010,9476,9,1,4.0,5.15
16011,9477,16,1,9.97,9.97
16012,9477,5,1,6.62,6.62
16013,9478,4,1,6.07,7.15
16014,9479,8,2,6.62,13.24
16015,9480,20,1,8.0,8.0
16016,9481,8,1,6.62,6.62
16017,9481,12,2,4.2,9.99
16018,9482,14,1,3.0,3.0
16019,9482,8,1,6.62,6.62
16020,9482,17,1,8.4,8.4
16021,9483,2,2,5.51,11.02
16022,9484,18,2,10.5,22.45
16023,9485,7,1,6.5,6.5
16024,9485,16,1,9.97,9.97
16025,9485,18,1,10.5,10.5
16026,9485,12,1,4.2,4.2
16027,9485,16,2,9.97,19.94
16028,9486,6,1,3.5,3.5
16029,9487,7,1,6.5,6.5
16030,9488,20,2,8.0,16.0
16031,9488,3,1,4.97,4.97
16032,9489,14,1,3.0,4.21
16033,9490,12,1,4.2,4.2
16034,9490,19,1,7.0,8.79
16035,9491,18,2,10.5,21.0
16036,9492,7,2,6.5,14.1
16037,9493,10,1,4.0,4.0
16038,9494,10,1,4.0,4.97
16039,9495,23,1,15.0,15.0
16040,9496,7,2,6.5,14.83
16041,9497,11,1,6.07,8.69
16042,9498,8,1,6.62,8.1
16043,9499,20,1,8.0,8.0
16044,9499,9,1,4.0,7.24
16045,9500,15,1,4.5,4.5
16046,9500,6,1,3.5,3.5
16047,9501,19,1,7.0,7.0
16048,9502,8,1,6.62,6.62
16049,9503,1,1,6.07,9.14
16050,9504,10,1,4.0,4.0
16051,9504,7,1,6.5,6.5
16052,9504,19,1,7.0,7.0
16053,9504,2,1,5.51,5.51
16054,9505,20,2,8.0,19.07
16055,9506,14,2,3.0,6.0
16056,9506,11,1,6.07,9.73
16057,9507,5,1,6.62,8.49
16058,9508,10,1,4.0,4.0
16059,9508,14,1,3.0,3.0
16060,9509,18,1,10.5,10.5
16061,9509,20,2,8.0,16.0
16062,9509,1,1,6.07,6.07
16063,9510,18,1,10.5,10.5
16064,9510,20,1,8.0,8.0
16065,9510,5,1,6.62,6.62
16066,9510,20,1,8.0,8.0
16067,9510,7,1,6.5,7.94
16068,9511,5,1,6.62,6.62
16069,9512,7,1,6.5,6.5
16070,9513,7,1,6.5,6.5
16071,9513,20,1,8.0,11.07
16072,9514,14,2,3.0,6.0
16073,9514,23,1,15.0,15.0
16074,9514,3,2,4.97,9.94
16075,9514,20,1,8.0,8.0
16076,9515,6,1,3.5,3.5
16077,9515,12,1,4.2,4.2
16078,9515,12,2,4.2,8.4
16079,9516,2,1,5.51,7.97
16080,9517,19,1,7.0,7.0
16081,9517,11,1,6.07,9.73
16082,9518,2,1,5.51,5.51
16083,9519,20,1,8.0,9.25
16084,9520,11,1,6.07,6.07
16085,9520,17,1,8.4,8.4
16086,9521,18,1,10.5,10.5
16087,9522,4,2,6.07,12.14
16088,9523,3,1,4.97,8.04
16089,9524,11,1,6.07,6.07
16090,9525,4,1,6.07,7.28
16091,9526,20,1,8.0,8.0
16092,9526,16,1,9.97,9.97
16093,9526,18,1,10.5,10.5
16094,9526,12,1,4.2,4.2
16095,9526,11,1,6.07,7.55
16096,9527,19,1,7.0,7.0
16097,9528,17,1,8.4,8.4
16098,9529,11,2,6.07,12.14
16099,9529,3,1,4.97,4.97
16100,9529,6,1,3.5,3.5
16101,9530,15,1,4.5,5.94
16102,9531,5,1,6.62,6.62
16103,9532,15,1,4.5,4.5
16104,9533,13,1,3.68,3.68
16105,9534,17,1,8.4,9.55
16106,9535,22,1,8.0,8.0
16107,9536,15,1,4.5,4.5
16108,9537,20,1,8.0,8.0
16109,9538,9,1,4.0,4.0
16110,9538,8,1,6.62,6.62
16111,9539,6,1,3.5,3.5
16112,9540,14,1,3.0,3.0
16113,9541,13,2,3.68,7.36
16114,9542,13,1,3.68,3.68
16115,9543,4,2,6.07,12.14
16116,9544,19,1,7.0,7.0
16117,9545,20,1,8.0,8.0
16118,9545,16,1,9.97,9.97
16119,9546,7,1,6.5,6.5
16120,9546,15,1,4.5,4.5
16121,9546,20,1,8.0,8.0
16122,9546,18,2,10.5,21.0
16123,9547,7,1,6.5,6.5
16124,9547,2,1,5.51,7.1
16125,9548,5,1,6.62,6.62
16126,9548,19,2,7.0,14.0
16127,9548,5,1,6.62,6.62
16128,9549,8,2,6.62,13.24
16129,9550,20,1,8.0,8.0
16130,9551,2,1,5.51,6.76
16131,9552,7,1,6.5,8.35
16132,9553,19,1,7.0,10.12
16133,9554,6,1,3.5,3.5
16134,9555,9,1,4.0,4.0
16135,9556,20,1,8.0,8.0
16136,9557,15,1,4.5,6.01
16137,9558,15,1,4.5,4.5
16138,9559,6,1,3.5,3.5
16139,9559,19,1,7.0,7.0
16140,9559,25,1,20.0,20.0
16141,9559,11,1,6.07,6.07
16142,9559,9,1,4.0,5.15
16143,9560,16,1,9.97,11.84
16144,9561,15,1,4.5,4.5
16145,9562,11,1,6.07,7.51
16146,9563,3,1,4.97,4.97
16147,9564,13,1,3.68,3.68
16148,9565,18,1,10.5,10.5
16149,9565,3,1,4.97,6.91
16150,9566,7,1,6.5,7.66
16151,9567,3,1,4.97,4.97
16152,9568,18,1,10.5,10.5
16153,9568,15,1,4.5,6.29
16154,9569,19,2,7.0,15.11
16155,9570,7,1,6.5,6.5
16156,9571,20,1,8.0,8.0
16157,9571,8,1,6.62,6.62
16158,9572,17,1,8.4,8.4
16159,9573,3,1,4.97,4.97
16160,9574,2,1,5.51,5.51
16161,9575,15,1,4.5,4.5
16162,9576,15,1,4.5,4.5
16163,9577,7,1,6.5,6.5
16164,9577,7,1,6.5,6.5
16165,9577,13,1,3.68,3.68
16166,9577,17,2,8.4,16.8
16167,9578,8,1,6.62,6.62
16168,9578,5,1,6.62,6.62
16169,9578,22,1,8.0,8.0
16170,9578,17,1,8.4,12.3
16171,9579,6,2,3.5,10.66
16172,9580,12,1,4.2,4.2
16173,9581,5,1,6.62,6.62
16174,9582,10,1,4.0,5.03
16175,9583,16,1,9.97,9.97
16176,9584,11,1,6.07,6.07
16177,9584,11,2,6.07,12.14
16178,9585,7,1,6.5,6.5
16179,9586,10,1,4.0,5.11
16180,9587,20,1,8.0,8.0
16181,9588,1,2,6.07,12.14
16182,9589,10,1,4.0,5.45
16183,9590,20,1,8.0,9.15
16184,9591,12,1,4.2,4.2
16185,9592,3,2,4.97,9.94
16186,9593,9,1,4.0,4.0
16187,9594,20,1,8.0,9.03
16188,9595,8,1,6.62,6.62
16189,9596,23,1,15.0,15.0
16190,9596,16,1,9.97,9.97
16191,9597,19,1,7.0,7.0
16192,9597,4,1,6.07,6.07
16193,9598,5,1,6.62,6.62
16194,9598,19,1,7.0,7.0
16195,9598,15,1,4.5,4.5
16196,9599,15,1,4.5,4.5
16197,9599,15,1,4.5,4.5
16198,9599,18,1,10.5,11.95
16199,9600,7,1,6.5,6.5
16200,9601,21,1,25.0,25.0
16201,9601,19,1,7.0,7.0
16202,9601,9,1,4.0,6.69
16203,9602,15,1,4.5,4.5
16204,9602,7,2,6.5,16.07
16205,9603,2,1,5.51,5.51
16206,9604,7,1,6.5,6.5
16207,9605,5,1,6.62,6.62
16208,9606,4,1,6.07,6.07
16209,9607,19,1,7.0,7.0
16210,9608,19,2,7.0,14.0
16211,9609,7,2,6.5,13.0
16212,9610,7,1,6.5,6.5
16213,9611,15,1,4.5,4.5
16214,9612,6,1,3.5,3.5
16215,9613,16,2,9.97,20.97
16216,9614,4,1,6.07,6.07
16217,9615,14,1,3.0,3.0
16218,9616,20,1,8.0,8.0
16219,9616,11,1,6.07,6.07
16220,9616,6,1,3.5,3.5
16221,9617,9,1,4.0,5.59
16222,9618,20,1,8.0,8.0
16223,9619,13,1,3.68,3.68
16224,9619,12,1,4.2,4.2
16225,9620,10,2,4.0,8.0
16226,9621,19,1,7.0,8.59
16227,9622,11,1,6.07,6.07
16228,9622,3,1,4.97,4.97
16229,9622,13,1,3.68,3.68
16230,9622,10,1,4.0,4.0
16231,9623,19,1,7.0,7.76
16232,9624,17,1,8.4,10.86
16233,9625,9,1,4.0,4.0
16234,9626,8,1,6.62,6.62
16235,9626,14,1,3.0,4.45
16236,9627,14,1,3.0,3.0
16237,9627,19,1,7.0,7.0
16238,9628,1,1,6.07,6.07
16239,9628,19,1,7.0,7.0
16240,9628,7,1,6.5,6.5
16241,9629,18,2,10.5,21.0
16242,9630,3,1,4.97,4.97
16243,9631,7,1,6.5,6.5
16244,9631,16,1,9.97,9.97
16245,9631,20,1,8.0,8.0
16246,9631,7,1,6.5,7.95
16247,9632,7,1,6.5,6.5
16248,9632,13,1,3.68,3.68
16249,9632,13,1,3.68,4.52
16250,9633,11,1,6.07,7.55
16251,9634,4,1,6.07,6.07
16252,9635,7,1,6.5,6.5
16253,9635,7,1,6.5,6.5
16254,9636,14,1,3.0,3.0
16255,9637,5,2,6.62,13.24
16256,9638,6,1,3.5,3.5
16257,9639,16,1,9.97,9.97
16258,9640,11,1,6.07,6.83
16259,9641,5,1,6.62,6.62
16260,9642,7,1,6.5,6.5
16261,9643,4,1,6.07,7.1
16262,9644,17,1,8.4,8.4
16263,9645,14,1,3.0,3.0
16264,9645,1,1,6.07,6.07
16265,9645,20,1,8.0,8.0
16266,9646,20,1,8.0,8.0
16267,9646,20,1,8.0,8.0
16268,9647,12,1,4.2,6.62
16269,9648,10,2,4.0,8.0
16270,9648,16,1,9.97,9.97
16271,9648,20,1,8.0,8.0
16272,9648,20,1,8.0,8.0
16273,9648,1,1,6.07,8.49
16274,9649,15,2,4.5,9.0
16275,9650,7,1,6.5,8.16
16276,9651,7,1,6.5,6.5
16277,9651,19,1,7.0,7.0
16278,9652,20,1,8.0,8.0
16279,9652,3,1,4.97,4.97
16280,9652,12,1,4.2,5.26
16281,9653,14,1,3.0,3.0
16282,9653,9,1,4.0,5.25
16283,9654,2,1,5.51,6.66
16284,9655,9,1,4.0,4.0
16285,9655,10,1,4.0,4.0
16286,9655,15,1,4.5,4.5
16287,9655,18,1,10.5,10.5
16288,9656,11,1,6.07,6.07
16289,9657,18,1,10.5,10.5
16290,9658,12,2,4.2,8.4
16291,9658,22,1,8.0,8.0
16292,9658,3,1,4.97,4.97
16293,9658,13,1,3.68,3.68
16294,9658,20,1,8.0,8.85
16295,9659,8,2,6.62,13.24
16296,9659,20,1,8.0,8.0
16297,9660,20,2,8.0,17.06
16298,9661,15,1,4.5,4.5
16299,9662,9,1,4.0,4.0
16300,9663,11,1,6.07,6.07
16301,9664,7,1,6.5,6.5
16302,9664,16,1,9.97,9.97
16303,9664,20,1,8.0,8.0
16304,9665,6,2,3.5,7.0
16305,9666,14,1,3.0,3.0
16306,9667,14,1,3.0,3.0
16307,9667,5,1,6.62,6.62
16308,9667,15,1,4.5,4.5
16309,9667,4,1,6.07,6.07
16310,9667,17,1,8.4,11.37
16311,9668,9,1,4.0,5.03
16312,9669,20,1,8.0,8.0
16313,9670,12,1,4.2,4.2
16314,9670,10,1,4.0,5.21
16315,9671,19,2,7.0,14.0
16316,9671,7,2,6.5,13.0
16317,9671,12,1,4.2,4.2
16318,9671,17,1,8.4,8.4
16319,9671,15,1,4.5,5.3
16320,9672,2,1,5.51,5.51
16321,9672,20,1,8.0,8.0
16322,9672,20,1,8.0,8.0
16323,9672,8,1,6.62,6.62
16324,9672,6,1,3.5,3.5
16325,9673,20,1,8.0,8.0
16326,9674,5,1,6.62,6.62
16327,9675,11,1,6.07,6.07
16328,9676,12,1,4.2,4.2
16329,9676,18,1,10.5,12.29
16330,9677,10,1,4.0,5.57
16331,9678,20,1,8.0,8.0
16332,9679,8,1,6.62,6.62
16333,9679,4,1,6.07,6.07
16334,9679,12,1,4.2,4.2
16335,9679,13,2,3.68,7.36
16336,9679,13,1,3.68,3.68
16337,9680,8,1,6.62,9.57
16338,9681,18,2,10.5,21.0
16339,9682,20,2,8.0,16.0
16340,9682,1,1,6.07,6.07
16341,9682,6,1,3.5,3.5
16342,9682,9,2,4.0,8.0
16343,9682,20,1,8.0,8.0
16344,9683,11,1,6.07,7.22
16345,9684,11,1,6.07,7.23
16346,9685,3,1,4.97,7.31
16347,9686,13,1,3.68,3.68
16348,9686,8,1,6.62,6.62
16349,9686,19,1,7.0,7.0
16350,9687,20,1,8.0,8.0
16351,9687,11,1,6.07,6.07
16352,9687,16,1,9.97,9.97
16353,9688,20,1,8.0,8.0
16354,9688,9,2,4.0,8.0
16355,9688,16,1,9.97,9.97
16356,9688,20,1,8.0,11.36
16357,9689,12,1,4.2,4.2
16358,9690,19,1,7.0,7.0
16359,9690,17,1,8.4,8.4
16360,9691,9,2,4.0,8.0
16361,9692,20,1,8.0,9.15
16362,9693,9,2,4.0,8.0
16363,9694,6,2,3.5,7.0
16364,9695,18,1,10.5,11.95
16365,9696,2,1,5.51,5.51
16366,9697,11,2,6.07,12.14
16367,9698,6,1,3.5,6.78
16368,9699,3,2,4.97,9.94
16369,9700,12,1,4.2,4.2
16370,9700,12,1,4.2,4.2
16371,9701,20,1,8.0,8.0
16372,9701,3,1,4.97,4.97
16373,9701,7,1,6.5,7.6
16374,9702,10,2,4.0,9.21
16375,9703,15,2,4.5,10.15
16376,9704,10,1,4.0,4.0
16377,9705,7,2,6.5,13.0
16378,9706,7,1,6.5,7.48
16379,9707,20,1,8.0,8.76
16380,9708,15,1,4.5,4.5
16381,9708,12,1,4.2,4.2
16382,9708,9,1,4.0,4.0
16383,9708,19,1,7.0,7.0
16384,9709,1,1,6.07,6.07
16385,9710,15,1,4.5,4.5
16386,9711,4,1,6.07,7.38
16387,9712,19,1,7.0,7.0
16388,9712,1,1,6.07,6.07
16389,9712,6,1,3.5,3.5
16390,9712,20,1,8.0,9.85
16391,9713,14,1,3.0,4.21
16392,9714,12,1,4.2,4.2
16393,9715,1,2,6.07,12.14
16394,9715,3,1,4.97,4.97
16395,9715,2,2,5.51,11.02
16396,9715,12,1,4.2,4.2
16397,9715,6,1,3.5,3.5
16398,9716,14,1,3.0,3.0
16399,9716,13,1,3.68,3.68
16400,9716,14,1,3.0,3.0
16401,9717,12,1,4.2,5.33
16402,9718,7,1,6.5,6.5
16403,9718,15,1,4.5,4.5
16404,9719,14,2,3.0,6.0
16405,9720,20,1,8.0,8.0
16406,9720,18,1,10.5,10.5
16407,9720,8,1,6.62,6.62
16408,9720,20,1,8.0,10.69
16409,9721,8,1,6.62,6.62
16410,9722,4,1,6.07,6.07
16411,9723,15,2,4.5,9.0
16412,9724,19,1,7.0,7.0
16413,9725,5,1,6.62,7.78
16414,9726,2,2,5.51,11.02
16415,9727,6,1,3.5,3.5
16416,9727,15,1,4.5,4.5
16417,9728,15,1,4.5,6.1
16418,9729,11,1,6.07,6.07
16419,9730,3,1,4.97,4.97
16420,9731,13,1,3.68,3.68
16421,9731,16,1,9.97,12.31
16422,9732,15,1,4.5,5.53
16423,9733,20,1,8.0,8.0
16424,9734,10,1,4.0,5.25
16425,9735,2,1,5.51,5.51
16426,9735,15,1,4.5,4.5
16427,9736,17,1,8.4,8.4
16428,9737,19,2,7.0,14.0
16429,9737,5,1,6.62,6.62
16430,9737,1,2,6.07,12.14
16431,9737,16,1,9.97,9.97
16432,9737,12,1,4.2,4.2
16433,9738,5,2,6.62,13.24
16434,9739,15,2,4.5,9.0
16435,9739,6,1,3.5,3.5
16436,9739,6,1,3.5,4.56
16437,9740,25,1,20.0,20.0
16438,9741,20,1,8.0,8.0
16439,9742,2,1,5.51,5.51
16440,9742,1,1,6.07,6.07
16441,9742,5,1,6.62,6.62
16442,9742,3,1,4.97,4.97
16443,9743,11,2,6.07,12.96
16444,9744,17,1,8.4,8.4
16445,9744,14,1,3.0,3.0
16446,9745,18,1,10.5,12.29
16447,9746,3,1,4.97,4.97
16448,9747,18,2,10.5,21.0
16449,9748,24,1,18.0,18.85
16450,9749,8,1,6.62,6.62
16451,9750,21,1,25.0,25.0
16452,9751,18,1,10.5,10.5
16453,9752,5,1,6.62,8.96
16454,9753,15,1,4.5,4.5
16455,9754,18,1,10.5,10.5
16456,9754,16,1,9.97,9.97
16457,9755,14,2,3.0,6.0
16458,9756,20,1,8.0,8.0
16459,9756,8,2,6.62,15.7
16460,9757,11,1,6.07,6.07
16461,9757,12,1,4.2,4.2
16462,9757,20,1,8.0,8.0
16463,9757,6,2,3.5,7.0
16464,9757,11,1,6.07,6.07
16465,9758,10,1,4.0,4.0
16466,9759,2,1,5.51,5.51
16467,9759,2,1,5.51,5.51
16468,9759,14,1,3.0,3.0
16469,9759,7,1,6.5,6.5
16470,9759,19,2,7.0,15.13
16471,9760,10,2,4.0,8.0
16472,9760,6,1,3.5,3.5
16473,9761,15,1,4.5,4.5
16474,9762,6,1,3.5,3.5
16475,9763,16,1,9.97,11.12
16476,9764,19,1,7.0,8.39
16477,9765,17,1,8.4,8.4
16478,9766,25,1,20.0,20.0
16479,9767,15,1,4.5,4.5
16480,9768,17,1,8.4,9.2
16481,9769,10,1,4.0,4.0
16482,9769,20,1,8.0,9.11
16483,9770,17,2,8.4,16.8
16484,9770,15,1,4.5,4.5
16485,9770,20,1,8.0,8.0
16486,9771,7,2,6.5,13.0
16487,9772,1,1,6.07,6.07
16488,9773,20,1,8.0,8.0
16489,9773,7,1,6.5,6.5
16490,9774,13,1,3.68,3.68
16491,9775,8,1,6.62,6.62
16492,9776,6,1,3.5,3.5
16493,9776,20,2,8.0,16.0
16494,9776,3,2,4.97,9.94
16495,9777,15,1,4.5,4.5
16496,9778,6,1,3.5,3.5
16497,9779,6,1,3.5,3.5
16498,9779,19,1,7.0,7.0
16499,9779,5,1,6.62,6.62
16500,9779,7,2,6.5,13.0
16501,9779,19,1,7.0,7.0
16502,9780,8,1,6.62,7.65
16503,9781,12,1,4.2,4.2
16504,9781,2,1,5.51,5.51
16505,9781,17,1,8.4,8.4
16506,9781,12,1,4.2,4.2
16507,9781,13,2,3.68,7.36
16508,9782,13,1,3.68,3.68
16509,9783,9,1,4.0,4.0
16510,9783,10,1,4.0,6.95
16511,9784,20,1,8.0,9.21
16512,9785,9,1,4.0,4.0
16513,9785,15,1,4.5,4.5
16514,9785,1,2,6.07,12.14
16515,9786,3,1,4.97,4.97
16516,9786,1,1,6.07,6.07
16517,9787,15,2,4.5,9.0
16518,9787,14,1,3.0,6.9
16519,9788,20,1,8.0,8.0
16520,9789,20,1,8.0,8.0
16521,9789,20,1,8.0,8.0
16522,9789,7,1,6.5,6.5
16523,9789,21,1,25.0,27.69
16524,9790,20,1,8.0,8.0
16525,9791,20,1,8.0,8.0
16526,9792,5,2,6.62,13.24
16527,9793,11,1,6.07,6.07
16528,9794,20,1,8.0,11.07
16529,9795,7,1,6.5,6.5
16530,9796,6,1,3.5,3.5
16531,9796,17,1,8.4,8.4
16532,9796,20,1,8.0,8.0
16533,9797,3,1,4.97,4.97
16534,9798,15,1,4.5,7.19
16535,9799,5,1,6.62,6.62
16536,9800,3,1,4.97,7.43
16537,9801,10,1,4.0,5.42
16538,9802,8,1,6.62,6.62
16539,9803,7,1,6.5,9.45
16540,9804,11,1,6.07,7.04
16541,9805,7,1,6.5,7.71
16542,9806,6,1,3.5,6.41
16543,9807,14,1,3.0,4.44
16544,9808,18,1,10.5,10.5
16545,9809,19,1,7.0,8.6
16546,9810,24,1,18.0,18.0
16547,9810,7,1,6.5,6.5
16548,9810,25,1,20.0,20.0
16549,9811,17,1,8.4,8.4
16550,9812,17,1,8.4,8.4
16551,9813,17,1,8.4,9.94
16552,9814,18,2,10.5,21.0
16553,9815,15,1,4.5,4.5
16554,9816,18,1,10.5,10.5
16555,9816,15,1,4.5,4.5
16556,9817,15,1,4.5,5.95
16557,9818,17,1,8.4,8.4
16558,9819,1,1,6.07,9.14
16559,9820,5,1,6.62,9.53
16560,9821,24,1,18.0,18.0
16561,9822,21,1,25.0,25.0
16562,9822,19,1,7.0,7.0
16563,9822,15,1,4.5,4.5
16564,9823,18,1,10.5,10.5
16565,9824,9,1,4.0,5.87
16566,9825,9,1,4.0,4.0
16567,9826,4,1,6.07,6.07
16568,9826,20,1,8.0,10.4
16569,9827,18,1,10.5,10.5
16570,9827,13,1,3.68,3.68
16571,9827,3,1,4.97,4.97
16572,9827,6,1,3.5,4.47
16573,9828,19,1,7.0,9.46
16574,9829,3,1,4.97,4.97
16575,9830,7,2,6.5,14.06
16576,9831,20,1,8.0,8.0
16577,9831,10,1,4.0,4.0
16578,9831,9,1,4.0,4.0
16579,9832,17,1,8.4,8.4
16580,9833,15,1,4.5,4.5
16581,9833,7,1,6.5,9.74
16582,9834,17,1,8.4,9.2
16583,9835,7,1,6.5,7.71
16584,9836,5,1,6.62,8.41
16585,9837,17,2,8.4,16.8
16586,9838,17,1,8.4,8.4
16587,9839,7,2,6.5,14.51
16588,9840,20,1,8.0,11.07
16589,9841,1,1,6.07,6.07
16590,9842,14,1,3.0,3.0
16591,9842,20,2,8.0,16.0
16592,9842,10,2,4.0,8.0
16593,9842,9,1,4.0,5.45
16594,9843,8,2,6.62,15.03
16595,9844,11,1,6.07,6.07
16596,9844,9,2,4.0,9.08
16597,9845,14,1,3.0,3.0
16598,9845,1,2,6.07,13.29
16599,9846,10,1,4.0,4.0
16600,9847,7,1,6.5,8.18
16601,9848,8,1,6.62,6.62
16602,9849,6,1,3.5,3.5
16603,9849,9,1,4.0,4.0
16604,9849,6,1,3.5,3.5
16605,9849,18,1,10.5,10.5
16606,9849,10,1,4.0,4.0
16607,9850,14,1,3.0,3.0
16608,9850,8,2,6.62,14.45
16609,9851,6,1,3.5,5.09
16610,9852,20,1,8.0,8.0
16611,9852,11,1,6.07,6.07
16612,9852,7,1,6.5,6.5
16613,9852,3,1,4.97,4.97
16614,9852,20,1,8.0,8.0
16615,9853,9,1,4.0,4.0
16616,9853,7,1,6.5,6.5
16617,9853,7,1,6.5,6.5
16618,9854,8,1,6.62,6.62
16619,9854,5,2,6.62,13.24
16620,9855,3,1,4.97,4.97
16621,9856,19,1,7.0,7.0
16622,9857,20,2,8.0,16.0
16623,9857,9,1,4.0,4.0
16624,9857,16,1,9.97,9.97
16625,9857,24,1,18.0,18.0
16626,9858,13,1,3.68,3.68
16627,9858,1,1,6.07,6.07
16628,9858,17,1,8.4,8.4
16629,9858,17,1,8.4,8.4
16630,9859,11,1,6.07,6.07
16631,9859,19,1,7.0,7.0
16632,9859,1,1,6.07,7.94
16633,9860,20,1,8.0,8.0
16634,9861,20,1,8.0,11.24
16635,9862,1,1,6.07,6.07
16636,9862,7,1,6.5,6.5
16637,9862,24,1,18.0,18.0
16638,9862,13,2,3.68,7.36
16639,9862,16,1,9.97,11.03
16640,9863,20,1,8.0,9.11
16641,9864,11,1,6.07,7.32
16642,9865,12,2,4.2,9.55
16643,9866,19,1,7.0,7.0
16644,9867,19,1,7.0,7.0
16645,9867,13,2,3.68,7.36
16646,9868,20,1,8.0,8.0
16647,9868,13,1,3.68,3.68
16648,9868,7,1,6.5,6.5
16649,9868,18,1,10.5,10.5
16650,9869,18,1,10.5,10.5
16651,9870,6,2,3.5,7.0
16652,9870,15,1,4.5,4.5
16653,9870,8,1,6.62,6.62
16654,9871,17,1,8.4,10.19
16655,9872,5,1,6.62,6.62
16656,9872,18,2,10.5,21.0
16657,9872,20,1,8.0,8.0
16658,9872,20,1,8.0,8.0
16659,9872,13,1,3.68,3.68
16660,9873,19,2,7.0,14.0
16661,9874,23,1,15.0,15.0
16662,9874,1,1,6.07,7.55
16663,9875,10,1,4.0,4.0
16664,9875,1,1,6.07,6.07
16665,9875,2,1,5.51,5.51
16666,9876,17,1,8.4,8.4
16667,9877,14,1,3.0,3.0
16668,9877,9,1,4.0,4.0
16669,9878,5,1,6.62,6.62
16670,9878,7,1,6.5,6.5
16671,9879,14,1,3.0,3.0
16672,9879,15,2,4.5,9.0
16673,9880,8,1,6.62,6.62
16674,9881,4,1,6.07,6.07
16675,9882,5,1,6.62,6.62
16676,9883,5,1,6.62,6.62
16677,9884,18,1,10.5,11.71
16678,9885,14,1,3.0,3.0
16679,9886,7,1,6.5,6.5
16680,9887,20,1,8.0,9.15
16681,9888,2,2,5.51,11.02
16682,9888,12,2,4.2,8.4
16683,9888,7,1,6.5,6.5
16684,9889,3,1,4.97,4.97
16685,9889,22,1,8.0,8.0
16686,9889,14,1,3.0,3.0
16687,9889,20,1,8.0,8.0
16688,9890,16,1,9.97,9.97
16689,9891,12,1,4.2,5.65
16690,9892,19,1,7.0,8.25
16691,9893,8,1,6.62,7.87
16692,9894,14,2,3.0,6.0
16693,9895,3,1,4.97,4.97
16694,9896,16,1,9.97,9.97
16695,9896,15,1,4.5,4.5
16696,9896,13,1,3.68,3.68
16697,9896,3,1,4.97,4.97
16698,9896,11,1,6.07,6.07
16699,9897,8,1,6.62,6.62
16700,9897,16,2,9.97,19.94
16701,9897,6,1,3.5,4.95
16702,9898,7,1,6.5,6.5
16703,9899,9,1,4.0,4.0
16704,9900,5,1,6.62,6.62
16705,9901,3,2,4.97,10.91
16706,9902,11,1,6.07,6.07
16707,9903,3,1,4.97,4.97
16708,9904,10,1,4.0,4.0
16709,9904,7,1,6.5,6.5
16710,9905,16,2,9.97,19.94
16711,9906,15,1,4.5,7.57
16712,9907,7,1,6.5,7.47
16713,9908,9,1,4.0,4.0
16714,9909,20,1,8.0,8.0
16715,9910,13,2,3.68,7.36
16716,9911,12,1,4.2,4.2
16717,9911,16,1,9.97,9.97
16718,9912,13,1,3.68,6.08
16719,9913,14,1,3.0,3.0
16720,9914,20,1,8.0,8.0
16721,9915,11,1,6.07,6.07
16722,9916,16,1,9.97,9.97
16723,9916,1,1,6.07,6.07
16724,9916,21,1,25.0,25.0
16725,9916,20,1,8.0,8.0
16726,9916,10,1,4.0,4.0
16727,9917,16,2,9.97,19.94
16728,9918,8,1,6.62,6.62
16729,9919,15,1,4.5,4.5
16730,9920,10,1,4.0,4.82
16731,9921,8,1,6.62,6.62
16732,9921,10,1,4.0,4.0
16733,9922,7,1,6.5,7.89
16734,9923,10,1,4.0,5.25
16735,9924,3,2,4.97,9.94
16736,9925,17,1,8.4,8.4
16737,9926,7,1,6.5,6.5
16738,9926,15,2,4.5,9.0
16739,9927,20,1,8.0,8.0
16740,9928,5,2,6.62,13.24
16741,9928,17,1,8.4,10.82
16742,9929,20,1,8.0,11.24
16743,9930,15,1,4.5,4.5
16744,9931,17,2,8.4,18.05
16745,9932,16,1,9.97,11.03
16746,9933,19,1,7.0,7.0
16747,9933,3,2,4.97,9.94
16748,9933,15,1,4.5,4.5
16749,9933,21,1,25.0,25.0
16750,9933,20,1,8.0,8.0
16751,9934,7,1,6.5,6.5
16752,9935,16,1,9.97,9.97
16753,9935,18,1,10.5,10.5
16754,9936,10,1,4.0,5.06
16755,9937,20,1,8.0,9.48
16756,9938,9,1,4.0,4.0
16757,9938,6,1,3.5,6.47
16758,9939,11,1,6.07,8.53
16759,9940,6,1,3.5,3.5
16760,9940,8,1,6.62,6.62
16761,9941,12,1,4.2,4.2
16762,9942,18,1,10.5,10.5
16763,9943,4,1,6.07,6.07
16764,9944,11,2,6.07,12.14
16765,9944,19,2,7.0,14.0
16766,9944,3,1,4.97,7.31
16767,9945,20,2,8.0,17.41
16768,9946,12,2,4.2,8.4
16769,9946,8,1,6.62,6.62
16770,9946,14,1,3.0,3.0
16771,9946,7,1,6.5,6.5
16772,9946,5,1,6.62,7.65
16773,9947,5,2,6.62,13.24
16774,9948,2,1,5.51,8.48
16775,9949,16,1,9.97,11.13
16776,9950,15,1,4.5,4.5
16777,9951,11,1,6.07,6.07
16778,9951,20,1,8.0,9.25
16779,9952,1,2,6.07,15.8
16780,9953,11,1,6.07,6.07
16781,9953,16,1,9.97,9.97
16782,9953,17,1,8.4,8.4
16783,9953,16,2,9.97,20.74
16784,9954,16,1,9.97,9.97
16785,9954,7,1,6.5,7.75
16786,9955,20,1,8.0,10.4
16787,9956,4,2,6.07,12.14
16788,9956,15,1,4.5,4.5
16789,9956,18,1,10.5,11.71
16790,9957,20,1,8.0,9.6
16791,9958,19,1,7.0,7.0
16792,9958,16,1,9.97,11.08
16793,9959,8,1,6.62,6.62
16794,9959,13,1,3.68,3.68
16795,9959,16,1,9.97,9.97
16796,9959,5,1,6.62,6.62
16797,9960,17,1,8.4,8.4
16798,9960,14,1,3.0,3.0
16799,9961,15,1,4.5,4.5
16800,9961,11,1,6.07,6.07
16801,9961,2,1,5.51,5.51
16802,9961,20,1,8.0,8.0
16803,9962,18,1,10.5,10.5
16804,9963,20,1,8.0,8.0
16805,9964,4,1,6.07,7.73
16806,9965,17,1,8.4,9.99
16807,9966,14,1,3.0,3.0
16808,9967,20,1,8.0,8.0
16809,9967,7,1,6.5,6.5
16810,9967,21,1,25.0,25.0
16811,9967,20,1,8.0,8.0
16812,9968,6,1,3.5,5.09
16813,9969,13,1,3.68,3.68
16814,9969,12,2,4.2,8.4
16815,9969,6,1,3.5,3.5
16816,9970,16,1,9.97,9.97
16817,9970,7,1,6.5,7.71
16818,9971,3,2,4.97,9.94
16819,9972,9,1,4.0,4.0
16820,9973,13,1,3.68,3.68
16821,9974,7,1,6.5,9.57
16822,9975,8,1,6.62,8.06
16823,9976,7,1,6.5,6.5
16824,9977,20,1,8.0,8.0
16825,9977,1,1,6.07,6.07
16826,9977,12,1,4.2,4.2
16827,9977,2,2,5.51,11.02
16828,9977,14,1,3.0,4.15
16829,9978,16,1,9.97,11.18
16830,9979,11,1,6.07,6.07
16831,9980,14,1,3.0,4.44
16832,9981,9,2,4.0,8.0
16833,9981,7,1,6.5,6.5
16834,9982,15,1,4.5,5.63
16835,9983,2,1,5.51,7.3
16836,9984,17,1,8.4,8.4
16837,9985,5,2,6.62,14.75
16838,9986,17,1,8.4,8.4
16839,9986,3,1,4.97,4.97
16840,9986,14,2,3.0,6.0
16841,9987,19,1,7.0,7.0
16842,9988,15,1,4.5,4.5
16843,9988,11,1,6.07,6.07
16844,9989,10,1,4.0,4.0
16845,9990,2,2,5.51,12.62
16846,9991,8,1,6.62,6.62
16847,9992,19,1,7.0,7.0
16848,9992,2,1,5.51,5.51
16849,9993,9,1,4.0,4.0
16850,9994,16,1,9.97,9.97
16851,9995,19,1,7.0,8.25
16852,9996,5,2,6.62,14.21
16853,9997,8,1,6.62,6.62
16854,9997,9,1,4.0,4.0
16855,9997,19,1,7.0,10.5
16856,9998,6,1,3.5,3.5
16857,9998,5,2,6.62,13.24
16858,9999,16,1,9.97,9.97
16859,9999,10,1,4.0,4.0
16860,10000,17,1,8.4,9.84
16861,10001,5,1,6.62,7.65
16862,10002,17,1,8.4,8.4
16863,10003,15,1,4.5,5.8
16864,10004,8,1,6.62,6.62
16865,10004,11,1,6.07,6.07
16866,10004,12,1,4.2,5.41
16867,10005,1,1,6.07,6.07
16868,10005,7,1,6.5,6.5
16869,10006,15,1,4.5,4.5
16870,10006,17,1,8.4,8.4
16871,10006,5,1,6.62,6.62
16872,10006,16,1,9.97,9.97
16873,10007,24,1,18.0,18.0
16874,10007,11,1,6.07,6.07
16875,10007,7,1,6.5,6.5
16876,10007,7,1,6.5,7.48
16877,10008,18,1,10.5,10.5
16878,10008,11,1,6.07,6.07
16879,10009,13,1,3.68,3.68
16880,10010,3,1,4.97,4.97
16881,10010,2,1,5.51,5.51
16882,10010,8,1,6.62,7.46
16883,10011,15,1,4.5,6.07
16884,10012,12,1,4.2,4.2
16885,10013,9,1,4.0,4.0
16886,10014,7,1,6.5,6.5
16887,10014,5,1,6.62,7.68
16888,10015,5,1,6.62,6.62
16889,10015,15,1,4.5,4.5
16890,10015,3,1,4.97,4.97
16891,10015,12,2,4.2,10.19
16892,10016,19,1,7.0,7.0
16893,10017,13,2,3.68,7.36
16894,10018,10,1,4.0,4.0
16895,10019,9,1,4.0,4.0
16896,10019,17,1,8.4,8.4
16897,10019,11,2,6.07,12.14
16898,10019,16,2,9.97,19.94
16899,10019,15,1,4.5,5.52
16900,10020,15,1,4.5,4.5
16901,10020,9,1,4.0,5.6
16902,10021,11,1,6.07,6.07
16903,10022,14,1,3.0,3.0
16904,10023,17,1,8.4,8.4
16905,10024,10,1,4.0,4.0
16906,10025,1,1,6.07,6.07
16907,10025,15,1,4.5,4.5
16908,10026,19,1,7.0,7.0
16909,10026,10,1,4.0,5.03
16910,10027,13,1,3.68,3.68
16911,10028,12,1,4.2,4.96
16912,10029,19,1,7.0,7.98
16913,10030,1,2,6.07,12.14
16914,10030,12,1,4.2,6.77
16915,10031,3,2,4.97,9.94
16916,10032,21,1,25.0,25.0
16917,10032,1,2,6.07,12.14
16918,10032,13,1,3.68,3.68
16919,10032,17,1,8.4,8.4
16920,10032,12,1,4.2,4.2
16921,10033,3,1,4.97,5.95
16922,10034,5,1,6.62,6.62
16923,10035,19,1,7.0,7.0
16924,10035,12,1,4.2,5.45
16925,10036,8,1,6.62,6.62
16926,10036,16,1,9.97,9.97
16927,10037,12,1,4.2,4.2
16928,10037,3,1,4.97,4.97
16929,10038,16,1,9.97,11.12
16930,10039,6,2,3.5,7.0
16931,10039,18,1,10.5,10.5
16932,10040,15,1,4.5,6.07
16933,10041,12,1,4.2,4.2
16934,10042,23,1,15.0,15.0
16935,10042,19,1,7.0,7.0
16936,10043,10,1,4.0,7.24
16937,10044,5,2,6.62,13.24
16938,10044,1,2,6.07,12.14
16939,10044,12,1,4.2,5.65
16940,10045,5,1,6.62,7.68
16941,10046,7,2,6.5,13.0
16942,10047,1,1,6.07,6.07
16943,10048,3,2,4.97,9.94
16944,10049,15,1,4.5,4.5
16945,10049,1,2,6.07,12.14
16946,10049,15,1,4.5,7.57
16947,10050,11,1,6.07,7.22
16948,10051,7,1,6.5,6.5
16949,10051,6,2,3.5,7.0
16950,10052,14,2,3.0,6.0
16951,10052,15,1,4.5,5.95
16952,10053,7,1,6.5,10.4
16953,10054,16,2,9.97,19.94
16954,10055,17,1,8.4,8.4
16955,10055,3,1,4.97,5.79
16956,10056,9,1,4.0,5.13
16957,10057,9,1,4.0,4.0
16958,10058,14,1,3.0,3.0
16959,10058,7,1,6.5,6.5
16960,10058,15,2,4.5,9.0
16961,10058,3,1,4.97,4.97
16962,10059,17,1,8.4,8.4
16963,10059,2,1,5.51,7.02
16964,10060,13,1,3.68,6.96
16965,10061,3,1,4.97,6.82
16966,10062,12,1,4.2,4.2
16967,10063,15,1,4.5,4.5
16968,10064,9,1,4.0,4.0
16969,10065,3,2,4.97,9.94
16970,10065,7,2,6.5,13.0
16971,10065,4,1,6.07,6.07
16972,10065,14,1,3.0,3.0
16973,10065,14,2,3.0,6.0
16974,10066,1,1,6.07,6.07
16975,10067,7,1,6.5,7.71
16976,10068,6,1,3.5,3.5
16977,10068,11,1,6.07,6.07
16978,10068,15,1,4.5,4.5
16979,10069,18,1,10.5,10.5
16980,10069,11,1,6.07,6.07
16981,10070,10,1,4.0,4.0
16982,10071,12,1,4.2,4.2
16983,10072,7,1,6.5,6.5
16984,10072,15,1,4.5,4.5
16985,10073,13,1,3.68,3.68
16986,10074,5,1,6.62,6.62
16987,10074,6,1,3.5,3.5
16988,10074,11,1,6.07,7.58
16989,10075,4,1,6.07,6.07
16990,10075,7,1,6.5,6.5
16991,10075,15,1,4.5,8.0
16992,10076,8,1,6.62,7.92
16993,10077,15,1,4.5,4.5
16994,10078,4,1,6.07,8.76
16995,10079,7,1,6.5,6.5
16996,10079,25,1,20.0,20.0
16997,10079,3,1,4.97,4.97
16998,10080,1,2,6.07,13.99
16999,10081,7,2,6.5,15.46
17000,10082,6,1,3.5,3.5
17001,10083,15,1,4.5,4.5
17002,10083,3,1,4.97,8.25
17003,10084,11,1,6.07,6.07
17004,10085,7,1,6.5,6.5
17005,10086,1,1,6.07,6.07
17006,10087,18,1,10.5,12.52
17007,10088,3,1,4.97,6.56
17008,10089,15,1,4.5,4.5
17009,10090,14,1,3.0,3.0
17010,10091,8,1,6.62,6.62
17011,10092,3,1,4.97,4.97
17012,10092,9,1,4.0,4.0
17013,10092,19,1,7.0,7.0
17014,10092,5,1,6.62,6.62
17015,10093,4,1,6.07,6.07
17016,10093,15,1,4.5,4.5
17017,10093,3,1,4.97,4.97
17018,10093,14,1,3.0,3.0
17019,10094,15,1,4.5,4.5
17020,10095,16,1,9.97,9.97
17021,10096,22,1,8.0,8.84
17022,10097,10,2,4.0,9.25
17023,10098,1,1,6.07,8.47
17024,10099,13,1,3.68,3.68
17025,10100,12,1,4.2,4.2
17026,10100,9,1,4.0,4.0
17027,10101,7,1,6.5,7.53
17028,10102,19,1,7.0,7.0
17029,10102,14,1,3.0,3.0
17030,10102,4,1,6.07,6.07
17031,10103,13,1,3.68,3.68
17032,10104,17,2,8.4,16.8
17033,10105,19,1,7.0,7.76
17034,10106,14,1,3.0,3.0
17035,10106,24,1,18.0,18.0
17036,10106,4,2,6.07,12.14
17037,10107,7,1,6.5,6.5
17038,10108,17,1,8.4,8.4
17039,10108,12,2,4.2,8.4
17040,10109,3,1,4.97,6.54
17041,10110,14,1,3.0,4.45
17042,10111,7,1,6.5,6.5
17043,10112,22,1,8.0,8.0
17044,10113,7,1,6.5,6.5
17045,10113,23,1,15.0,15.0
17046,10113,16,1,9.97,9.97
17047,10113,7,1,6.5,6.5
17048,10113,11,1,6.07,6.07
17049,10114,6,1,3.5,3.5
17050,10114,8,1,6.62,6.62
17051,10114,9,1,4.0,4.0
17052,10115,17,1,8.4,8.4
17053,10115,12,1,4.2,4.2
17054,10115,6,1,3.5,3.5
17055,10115,11,1,6.07,6.07
17056,10115,15,1,4.5,5.8
17057,10116,1,1,6.07,6.07
17058,10117,6,1,3.5,3.5
17059,10118,16,1,9.97,9.97
17060,10118,3,2,4.97,9.94
17061,10119,1,1,6.07,6.07
17062,10119,10,2,4.0,8.0
17063,10119,7,1,6.5,7.8
17064,10120,6,1,3.5,5.96
17065,10121,7,2,6.5,13.0
17066,10122,11,1,6.07,7.52
17067,10123,8,1,6.62,7.77
17068,10124,13,1,3.68,3.68
17069,10125,6,1,3.5,3.5
17070,10126,8,1,6.62,6.62
17071,10127,17,1,8.4,8.4
17072,10127,3,1,4.97,4.97
17073,10127,17,1,8.4,8.4
17074,10127,9,2,4.0,8.0
17075,10127,3,1,4.97,4.97
17076,10128,16,1,9.97,9.97
17077,10129,9,1,4.0,5.51
17078,10130,18,2,10.5,21.0
17079,10130,11,1,6.07,6.07
17080,10130,7,1,6.5,6.5
17081,10130,16,2,9.97,19.94
17082,10130,18,1,10.5,10.5
17083,10131,18,1,10.5,10.5
17084,10131,14,1,3.0,3.0
17085,10131,19,1,7.0,7.0
17086,10132,15,2,4.5,9.0
17087,10132,13,1,3.68,3.68
17088,10132,18,2,10.5,22.25
17089,10133,18,1,10.5,10.5
17090,10133,14,1,3.0,3.0
17091,10134,7,1,6.5,6.5
17092,10135,1,1,6.07,7.28
17093,10136,7,1,6.5,6.5
17094,10137,7,1,6.5,6.5
17095,10138,1,2,6.07,12.14
17096,10139,6,1,3.5,4.61
17097,10140,25,1,20.0,21.57
17098,10141,13,1,3.68,3.68
17099,10141,3,1,4.97,5.94
17100,10142,3,1,4.97,8.63
17101,10143,4,1,6.07,6.07
17102,10143,7,1,6.5,6.5
17103,10143,1,1,6.07,6.07
17104,10143,2,1,5.51,5.51
17105,10143,17,1,8.4,8.4
17106,10144,5,1,6.62,6.62
17107,10144,8,1,6.62,7.87
17108,10145,7,1,6.5,6.5
17109,10145,7,2,6.5,13.0
17110,10145,7,1,6.5,6.5
17111,10145,7,1,6.5,6.5
17112,10145,12,1,4.2,7.15
17113,10146,3,1,4.97,4.97
17114,10146,15,1,4.5,5.47
17115,10147,5,1,6.62,6.62
17116,10147,14,1,3.0,3.0
17117,10148,17,2,8.4,16.8
17118,10148,4,1,6.07,6.07
17119,10148,18,1,10.5,10.5
17120,10149,10,1,4.0,4.0
17121,10150,16,2,9.97,19.94
17122,10150,21,1,25.0,26.44
17123,10151,12,1,4.2,4.2
17124,10152,10,1,4.0,4.0
17125,10153,15,1,4.5,4.5
17126,10153,14,1,3.0,3.0
17127,10153,19,2,7.0,14.0
17128,10153,17,1,8.4,8.4
17129,10154,10,1,4.0,6.04
17130,10155,8,2,6.62,14.09
17131,10156,17,1,8.4,8.4
17132,10157,15,1,4.5,4.5
17133,10157,11,1,6.07,6.07
17134,10157,15,1,4.5,4.5
17135,10158,8,1,6.62,9.69
17136,10159,6,1,3.5,4.95
17137,10160,14,1,3.0,3.0
17138,10160,5,1,6.62,6.62
17139,10161,1,1,6.07,9.02
17140,10162,15,1,4.5,4.5
17141,10163,10,2,4.0,10.34
17142,10164,19,1,7.0,7.0
17143,10164,13,1,3.68,3.68
17144,10164,13,2,3.68,7.36
17145,10165,15,1,4.5,5.56
17146,10166,15,1,4.5,4.5
17147,10166,3,1,4.97,4.97
17148,10167,9,2,4.0,8.0
17149,10168,23,1,15.0,15.0
17150,10168,7,2,6.5,13.0
17151,10168,15,1,4.5,4.5
17152,10168,18,2,10.5,23.4
17153,10169,8,1,6.62,6.62
17154,10169,19,1,7.0,7.0
17155,10169,5,1,6.62,7.92
17156,10170,13,1,3.68,3.68
17157,10170,6,1,3.5,3.5
17158,10170,7,1,6.5,6.5
17159,10171,7,1,6.5,7.35
17160,10172,12,1,4.2,4.2
17161,10172,10,1,4.0,4.0
17162,10173,5,1,6.62,6.62
17163,10173,16,1,9.97,9.97
17164,10173,2,1,5.51,5.51
17165,10173,5,1,6.62,7.87
17166,10174,10,1,4.0,5.54
17167,10175,20,1,8.0,8.0
17168,10175,1,1,6.07,6.07
17169,10175,16,1,9.97,9.97
17170,10175,15,1,4.5,4.5
17171,10176,1,1,6.07,6.07
17172,10177,19,1,7.0,8.21
17173,10178,17,2,8.4,16.8
17174,10178,6,1,3.5,3.5
17175,10178,13,1,3.68,3.68
17176,10178,7,1,6.5,6.5
17177,10178,11,1,6.07,7.28
17178,10179,19,2,7.0,14.0
17179,10180,11,1,6.07,6.07
17180,10181,9,1,4.0,5.15
17181,10182,19,1,7.0,7.0
17182,10182,5,2,6.62,13.24
17183,10182,6,1,3.5,3.5
17184,10183,20,1,8.0,8.0
17185,10184,3,1,4.97,4.97
17186,10184,2,1,5.51,7.97
17187,10185,11,1,6.07,6.07
17188,10186,18,1,10.5,11.73
17189,10187,4,2,6.07,12.14
17190,10188,18,1,10.5,12.16
17191,10189,10,2,4.0,8.0
17192,10190,17,2,8.4,17.95
17193,10191,14,1,3.0,3.0
17194,10192,8,2,6.62,13.24
17195,10193,3,1,4.97,4.97
17196,10194,7,1,6.5,6.5
17197,10195,4,1,6.07,6.07
17198,10196,11,2,6.07,12.14
17199,10196,17,2,8.4,16.8
17200,10196,1,1,6.07,6.07
17201,10197,11,1,6.07,6.07
17202,10197,11,1,6.07,6.07
17203,10197,17,1,8.4,8.4
17204,10197,6,1,3.5,3.5
17205,10197,12,1,4.2,5.65
17206,10198,18,2,10.5,22.21
17207,10199,24,1,18.0,19.45
17208,10200,6,1,3.5,3.5
17209,10200,17,1,8.4,8.4
17210,10200,3,1,4.97,4.97
17211,10201,7,1,6.5,6.5
17212,10202,18,1,10.5,10.5
17213,10202,2,2,5.51,11.02
17214,10202,11,1,6.07,6.07
17215,10202,17,2,8.4,19.77
17216,10203,14,1,3.0,3.0
17217,10203,14,1,3.0,3.0
17218,10203,10,1,4.0,4.0
17219,10204,16,1,9.97,11.56
17220,10205,2,1,5.51,5.51
17221,10206,4,1,6.07,6.07
17222,10206,10,1,4.0,4.0
17223,10206,13,1,3.68,3.68
17224,10206,13,2,3.68,7.36
17225,10206,17,1,8.4,9.84
17226,10207,8,1,6.62,6.62
17227,10208,18,1,10.5,10.5
17228,10208,10,2,4.0,9.25
17229,10209,5,1,6.62,6.62
17230,10209,14,1,3.0,3.0
17231,10209,8,1,6.62,6.62
17232,10209,5,1,6.62,6.62
17233,10209,8,1,6.62,7.83
17234,10210,10,1,4.0,4.0
17235,10211,13,1,3.68,4.89
17236,10212,2,1,5.51,6.76
17237,10213,16,1,9.97,11.42
17238,10214,18,1,10.5,10.5
17239,10215,3,1,4.97,4.97
17240,10216,15,2,4.5,9.0
17241,10216,5,2,6.62,14.35
17242,10217,12,1,4.2,4.2
17243,10217,16,1,9.97,9.97
17244,10217,7,1,6.5,7.53
17245,10218,9,1,4.0,4.0
17246,10218,5,1,6.62,6.62
17247,10218,6,1,3.5,3.5
17248,10218,15,1,4.5,4.5
17249,10218,7,1,6.5,7.48
17250,10219,13,2,3.68,7.36
17251,10219,14,1,3.0,4.79
17252,10220,15,1,4.5,4.5
17253,10220,9,1,4.0,4.0
17254,10220,2,1,5.51,5.51
17255,10220,18,2,10.5,21.0
17256,10220,12,1,4.2,4.2
17257,10221,23,1,15.0,15.0
17258,10222,2,1,5.51,5.51
17259,10222,8,1,6.62,6.62
17260,10222,17,1,8.4,8.4
17261,10222,5,1,6.62,6.62
17262,10223,7,1,6.5,7.75
17263,10224,12,1,4.2,4.2
17264,10225,8,1,6.62,6.62
17265,10226,11,1,6.07,6.07
17266,10226,13,1,3.68,6.96
17267,10227,8,1,6.62,6.62
17268,10227,7,1,6.5,7.53
17269,10228,7,1,6.5,6.5
17270,10228,15,1,4.5,4.5
17271,10229,5,1,6.62,7.87
17272,10230,14,1,3.0,4.15
17273,10231,2,1,5.51,5.51
17274,10231,10,1,4.0,4.0
17275,10231,16,1,9.97,9.97
17276,10231,11,1,6.07,6.07
17277,10231,18,1,10.5,11.26
17278,10232,8,1,6.62,7.64
17279,10233,6,1,3.5,3.5
17280,10234,13,1,3.68,3.68
17281,10235,7,1,6.5,7.47
17282,10236,9,1,4.0,5.21
17283,10237,10,1,4.0,6.34
17284,10238,7,1,6.5,6.5
17285,10238,11,1,6.07,6.07
17286,10238,6,1,3.5,3.5
17287,10238,14,1,3.0,3.0
17288,10238,24,1,18.0,18.0
17289,10239,15,1,4.5,4.5
17290,10240,11,1,6.07,6.07
17291,10240,16,1,9.97,9.97
17292,10240,17,1,8.4,12.06
17293,10241,1,1,6.07,6.07
17294,10241,19,1,7.0,7.0
17295,10241,7,1,6.5,10.16
17296,10242,10,1,4.0,5.25
17297,10243,16,1,9.97,9.97
17298,10244,12,1,4.2,5.45
17299,10245,10,1,4.0,5.25
17300,10246,1,1,6.07,7.1
17301,10247,10,1,4.0,5.59
17302,10248,7,1,6.5,6.5
17303,10248,14,1,3.0,3.0
17304,10248,2,1,5.51,5.51
17305,10249,6,1,3.5,3.5
17306,10250,11,1,6.07,6.07
17307,10250,16,1,9.97,9.97
17308,10250,14,1,3.0,3.0
17309,10250,16,1,9.97,9.97
17310,10251,19,1,7.0,7.0
17311,10252,11,1,6.07,6.07
17312,10253,11,1,6.07,7.28
17313,10254,12,1,4.2,4.2
17314,10254,9,1,4.0,4.0
17315,10254,9,1,4.0,4.0
17316,10254,15,1,4.5,4.5
17317,10254,6,1,3.5,5.29
17318,10255,14,2,3.0,6.0
17319,10255,11,1,6.07,7.52
17320,10256,2,1,5.51,7.19
17321,10257,2,1,5.51,5.51
17322,10257,4,1,6.07,6.07
17323,10257,7,2,6.5,15.95
17324,10258,11,1,6.07,7.86
17325,10259,13,1,3.68,3.68
17326,10260,12,1,4.2,4.2
17327,10260,6,2,3.5,7.0
17328,10260,3,1,4.97,4.97
17329,10260,4,1,6.07,6.07
17330,10260,7,1,6.5,9.57
17331,10261,7,1,6.5,6.5
17332,10261,7,1,6.5,8.92
17333,10262,4,1,6.07,9.97
17334,10263,18,1,10.5,11.27
17335,10264,14,2,3.0,6.0
17336,10265,10,1,4.0,4.0
17337,10266,7,1,6.5,6.5
17338,10266,18,1,10.5,10.5
17339,10266,8,2,6.62,13.24
17340,10266,12,1,4.2,4.2
17341,10266,18,1,10.5,12.33
17342,10267,8,1,6.62,6.62
17343,10267,19,1,7.0,7.0
17344,10268,7,1,6.5,6.5
17345,10268,7,1,6.5,6.5
17346,10269,3,1,4.97,4.97
17347,10270,7,1,6.5,7.66
17348,10271,8,2,6.62,13.24
17349,10272,12,2,4.2,8.4
17350,10273,15,1,4.5,4.5
17351,10273,14,2,3.0,7.03
17352,10274,6,1,3.5,3.5
17353,10274,15,1,4.5,4.5
17354,10274,3,1,4.97,4.97
17355,10274,11,1,6.07,6.07
17356,10274,2,1,5.51,7.93
17357,10275,9,1,4.0,4.0
17358,10276,11,1,6.07,6.07
17359,10277,18,1,10.5,10.5
17360,10277,10,2,4.0,8.0
17361,10277,3,1,4.97,4.97
17362,10277,15,1,4.5,4.5
17363,10277,18,1,10.5,10.5
17364,10278,22,1,8.0,8.0
17365,10279,7,2,6.5,13.0
17366,10280,6,1,3.5,4.71
17367,10281,16,1,9.97,9.97
17368,10282,13,1,3.68,3.68
17369,10282,8,1,6.62,6.62
17370,10282,1,1,6.07,6.07
17371,10282,9,1,4.0,4.0
17372,10282,8,1,6.62,6.62
17373,10283,15,2,4.5,9.0
17374,10284,12,1,4.2,5.26
17375,10285,8,1,6.62,8.22
17376,10286,10,1,4.0,4.0
17377,10287,14,1,3.0,3.0
17378,10288,16,1,9.97,10.79
17379,10289,3,1,4.97,4.97
17380,10289,4,1,6.07,6.07
17381,10290,14,1,3.0,3.0
17382,10291,4,1,6.07,6.07
17383,10291,4,1,6.07,6.07
17384,10292,14,1,3.0,3.0
17385,10293,18,1,10.5,10.5
17386,10294,10,1,4.0,4.0
17387,10294,15,2,4.5,9.0
17388,10294,19,1,7.0,7.0
17389,10294,24,1,18.0,18.0
17390,10294,2,1,5.51,6.72
17391,10295,16,2,9.97,19.94
17392,10295,9,1,4.0,4.0
17393,10296,1,1,6.07,6.07
17394,10296,2,1,5.51,5.51
17395,10297,19,1,7.0,7.0
17396,10297,7,1,6.5,6.5
17397,10297,12,1,4.2,7.86
17398,10298,18,1,10.5,11.71
17399,10299,14,1,3.0,3.0
17400,10299,19,1,7.0,7.0
17401,10299,9,2,4.0,8.0
17402,10299,13,1,3.68,3.68
17403,10299,7,1,6.5,6.5
17404,10300,3,2,4.97,9.94
17405,10301,6,1,3.5,3.5
17406,10301,9,1,4.0,4.0
17407,10301,12,2,4.2,8.4
17408,10301,3,1,4.97,6.54
17409,10302,12,1,4.2,4.2
17410,10303,3,1,4.97,4.97
17411,10303,18,1,10.5,10.5
17412,10303,3,2,4.97,9.94
17413,10303,9,1,4.0,4.0
17414,10304,19,2,7.0,16.42
17415,10305,18,1,10.5,10.5
17416,10306,19,1,7.0,7.0
17417,10307,8,1,6.62,7.83
17418,10308,12,1,4.2,4.2
17419,10309,15,1,4.5,4.5
17420,10310,13,1,3.68,3.68
17421,10311,11,1,6.07,6.07
17422,10312,17,1,8.4,8.4
17423,10312,6,1,3.5,3.5
17424,10312,14,2,3.0,6.0
17425,10312,16,1,9.97,9.97
17426,10313,13,1,3.68,4.74
17427,10314,6,1,3.5,3.5
17428,10315,5,1,6.62,6.62
17429,10316,7,1,6.5,6.5
17430,10316,15,1,4.5,4.5
17431,10316,2,1,5.51,5.51
17432,10317,23,1,15.0,15.0
17433,10318,15,1,4.5,5.3
17434,10319,17,1,8.4,8.4
17435,10320,11,1,6.07,6.07
17436,10320,5,1,6.62,6.62
17437,10321,18,2,10.5,21.0
17438,10322,11,1,6.07,9.31
17439,10323,18,1,10.5,10.5
17440,10324,9,1,4.0,4.0
17441,10325,5,1,6.62,6.62
17442,10325,6,1,3.5,3.5
17443,10326,19,1,7.0,7.0
17444,10326,17,1,8.4,8.4
17445,10326,19,1,7.0,7.0
17446,10326,10,2,4.0,10.46
17447,10327,13,1,3.68,3.68
17448,10328,2,1,5.51,5.51
17449,10329,3,1,4.97,4.97
17450,10330,16,1,9.97,11.42
17451,10331,1,1,6.07,6.07
17452,10331,7,1,6.5,6.5
17453,10331,23,1,15.0,15.0
17454,10331,7,1,6.5,6.5
17455,10331,19,1,7.0,7.0
17456,10332,1,1,6.07,7.28
17457,10333,6,1,3.5,3.5
17458,10333,13,1,3.68,3.68
17459,10334,7,1,6.5,6.5
17460,10335,5,2,6.62,15.58
17461,10336,11,1,6.07,6.07
17462,10337,25,1,20.0,20.0
17463,10338,14,1,3.0,5.4
17464,10339,15,2,4.5,9.0
17465,10340,17,1,8.4,8.4
17466,10341,5,1,6.62,6.62
17467,10341,9,2,4.0,8.0
17468,10341,20,2,8.0,19.07
17469,10342,4,2,6.07,12.14
17470,10343,17,1,8.4,8.4
17471,10344,17,1,8.4,8.4
17472,10345,8,1,6.62,6.62
17473,10346,7,2,6.5,13.0
17474,10346,2,2,5.51,11.02
17475,10347,16,2,9.97,19.94
17476,10348,15,1,4.5,5.71
17477,10349,15,1,4.5,5.3
17478,10350,14,1,3.0,4.3
17479,10351,17,1,8.4,8.4
17480,10352,1,1,6.07,6.07
17481,10353,15,1,4.5,6.18
17482,10354,3,2,4.97,9.94
17483,10354,11,1,6.07,6.07
17484,10355,14,2,3.0,6.0
17485,10356,15,1,4.5,6.96
17486,10357,15,1,4.5,4.5
17487,10357,15,2,4.5,9.0
17488,10357,17,2,8.4,16.8
17489,10357,2,1,5.51,5.51
17490,10358,17,1,8.4,8.4
17491,10359,16,1,9.97,9.97
17492,10359,19,1,7.0,7.0
17493,10359,16,1,9.97,9.97
17494,10360,17,1,8.4,8.4
17495,10361,16,1,9.97,9.97
17496,10361,12,1,4.2,4.2
17497,10361,5,1,6.62,6.62
17498,10361,4,1,6.07,6.07
17499,10362,6,1,3.5,3.5
17500,10362,14,1,3.0,3.0
17501,10362,7,1,6.5,6.5
17502,10362,10,2,4.0,8.0
17503,10362,12,1,4.2,5.5
17504,10363,15,1,4.5,4.5
17505,10363,3,2,4.97,9.94
17506,10363,18,1,10.5,10.5
17507,10363,2,1,5.51,5.51
17508,10364,7,2,6.5,13.0
17509,10365,15,1,4.5,4.5
17510,10366,3,1,4.97,4.97
17511,10366,19,1,7.0,7.0
17512,10367,7,1,6.5,7.66
17513,10368,19,1,7.0,7.0
17514,10368,12,1,4.2,4.2
17515,10368,17,1,8.4,8.4
17516,10368,15,1,4.5,4.5
17517,10369,19,1,7.0,7.0
17518,10370,5,1,6.62,6.62
17519,10370,11,1,6.07,6.07
17520,10370,7,1,6.5,6.5
17521,10370,12,1,4.2,4.2
17522,10370,11,1,6.07,6.07
17523,10371,9,1,4.0,4.0
17524,10371,3,1,4.97,4.97
17525,10371,11,2,6.07,12.14
17526,10371,8,1,6.62,6.62
17527,10371,2,1,5.51,5.51
17528,10372,8,2,6.62,13.24
17529,10372,7,1,6.5,6.5
17530,10372,19,1,7.0,7.0
17531,10373,6,1,3.5,3.5
17532,10374,4,1,6.07,7.28
17533,10375,1,1,6.07,6.07
17534,10376,11,1,6.07,8.53
17535,10377,3,1,4.97,4.97
17536,10377,1,1,6.07,6.07
17537,10377,13,1,3.68,3.68
17538,10377,24,1,18.0,18.0
17539,10377,7,1,6.5,6.5
17540,10378,5,1,6.62,6.62
17541,10379,4,1,6.07,6.07
17542,10380,7,1,6.5,6.5
17543,10381,24,1,18.0,18.0
17544,10382,12,1,4.2,4.2
17545,10383,12,1,4.2,4.2
17546,10383,10,1,4.0,4.0
17547,10383,5,1,6.62,6.62
17548,10384,2,2,5.51,11.02
17549,10384,4,1,6.07,6.07
17550,10384,16,1,9.97,13.63
17551,10385,15,1,4.5,4.5
17552,10385,7,1,6.5,7.53
17553,10386,16,1,9.97,9.97
17554,10386,3,1,4.97,8.87
17555,10387,11,2,6.07,12.14
17556,10387,7,1,6.5,6.5
17557,10388,3,1,4.97,4.97
17558,10388,12,1,4.2,4.2
17559,10388,9,1,4.0,4.0
17560,10388,11,1,6.07,7.64
17561,10389,12,2,4.2,8.4
17562,10390,6,1,3.5,6.19
17563,10391,19,1,7.0,7.0
17564,10391,19,1,7.0,7.0
17565,10391,12,1,4.2,4.2
17566,10391,17,1,8.4,8.4
17567,10391,14,2,3.0,6.0
17568,10392,15,1,4.5,7.19
17569,10393,7,1,6.5,7.48
17570,10394,5,1,6.62,8.13
17571,10395,8,2,6.62,15.7
17572,10396,1,1,6.07,6.07
17573,10396,25,1,20.0,20.0
17574,10397,15,1,4.5,4.5
17575,10397,9,1,4.0,5.44
17576,10398,17,2,8.4,16.8
17577,10398,19,1,7.0,7.0
17578,10398,10,1,4.0,4.0
17579,10399,4,1,6.07,6.07
17580,10400,12,1,4.2,4.2
17581,10400,14,1,3.0,3.0
17582,10400,7,1,6.5,6.5
17583,10400,3,1,4.97,7.43
17584,10401,2,2,5.51,13.97
17585,10402,13,1,3.68,4.87
17586,10403,8,1,6.62,7.65
17587,10404,17,2,8.4,19.85
17588,10405,13,1,3.68,3.68
17589,10405,5,1,6.62,6.62
17590,10406,18,1,10.5,10.5
17591,10406,3,1,4.97,4.97
17592,10407,1,1,6.07,6.07
17593,10408,19,1,7.0,7.0
17594,10408,11,1,6.07,6.07
17595,10408,12,1,4.2,4.2
17596,10409,8,1,6.62,6.62
17597,10409,19,1,7.0,7.0
17598,10410,3,1,4.97,4.97
17599,10410,18,1,10.5,10.5
17600,10410,24,1,18.0,18.0
17601,10410,7,1,6.5,6.5
17602,10411,7,1,6.5,6.5
17603,10411,5,1,6.62,6.62
17604,10412,15,1,4.5,4.5
17605,10413,3,1,4.97,6.0
17606,10414,25,1,20.0,20.0
17607,10415,5,1,6.62,6.62
17608,10416,11,1,6.07,6.07
17609,10417,7,1,6.5,8.37
17610,10418,12,1,4.2,5.23
17611,10419,3,1,4.97,4.97
17612,10419,17,1,8.4,8.4
17613,10419,2,1,5.51,5.51
17614,10419,13,1,3.68,3.68
17615,10420,19,1,7.0,7.0
17616,10420,15,1,4.5,4.5
17617,10420,18,1,10.5,10.5
17618,10421,13,1,3.68,4.48
17619,10422,7,1,6.5,6.5
17620,10423,2,1,5.51,5.51
17621,10423,10,1,4.0,6.65
17622,10424,15,1,4.5,4.5
17623,10425,4,1,6.07,6.07
17624,10425,4,1,6.07,6.07
17625,10425,19,1,7.0,9.69
17626,10426,14,1,3.0,3.0
17627,10427,3,1,4.97,4.97
17628,10428,21,1,25.0,25.0
17629,10429,3,1,4.97,4.97
17630,10429,7,1,6.5,6.5
17631,10429,9,1,4.0,4.0
17632,10429,14,1,3.0,3.0
17633,10429,6,1,3.5,3.5
17634,10430,7,1,6.5,9.19
17635,10431,2,1,5.51,5.51
17636,10432,19,1,7.0,7.0
17637,10432,7,1,6.5,7.47
17638,10433,7,2,6.5,13.0
17639,10433,7,2,6.5,13.0
17640,10433,14,1,3.0,3.0
17641,10434,11,1,6.07,6.07
17642,10434,7,1,6.5,6.5
17643,10435,9,1,4.0,4.0
17644,10436,7,1,6.5,6.5
17645,10436,17,1,8.4,8.4
17646,10436,13,2,3.68,7.36
17647,10437,3,2,4.97,9.94
17648,10437,17,1,8.4,8.4
17649,10438,5,1,6.62,6.62
17650,10438,13,1,3.68,3.68
17651,10439,11,1,6.07,8.34
17652,10440,22,1,8.0,8.0
17653,10440,7,1,6.5,6.5
17654,10440,4,2,6.07,12.14
17655,10441,19,2,7.0,14.0
17656,10442,19,1,7.0,7.0
17657,10442,25,1,20.0,20.0
17658,10443,11,1,6.07,6.07
17659,10443,8,1,6.62,6.62
17660,10443,14,1,3.0,3.0
17661,10444,1,1,6.07,6.07
17662,10445,5,1,6.62,6.62
17663,10446,19,1,7.0,7.0
17664,10447,1,1,6.07,6.07
17665,10448,17,1,8.4,8.4
17666,10449,19,1,7.0,7.0
17667,10450,11,2,6.07,12.14
17668,10450,9,1,4.0,4.0
17669,10450,9,1,4.0,4.0
17670,10450,22,1,8.0,8.0
17671,10450,5,1,6.62,6.62
17672,10451,24,1,18.0,18.0
17673,10452,17,1,8.4,8.4
17674,10453,10,1,4.0,4.0
17675,10454,12,1,4.2,4.2
17676,10455,2,1,5.51,5.51
17677,10455,18,1,10.5,10.5
17678,10455,6,1,3.5,3.5
17679,10455,5,1,6.62,6.62
17680,10455,19,1,7.0,7.0
17681,10456,8,1,6.62,6.62
17682,10456,3,1,4.97,4.97
17683,10457,7,1,6.5,6.5
17684,10458,16,1,9.97,9.97
17685,10459,4,1,6.07,6.07
17686,10459,14,1,3.0,3.0
17687,10459,3,1,4.97,4.97
17688,10460,14,1,3.0,3.0
17689,10460,15,1,4.5,4.5
17690,10461,2,1,5.51,5.51
17691,10461,7,1,6.5,6.5
17692,10462,17,1,8.4,8.4
17693,10462,7,2,6.5,13.0
17694,10463,20,2,8.0,16.0
17695,10463,17,1,8.4,8.4
17696,10463,11,1,6.07,6.07
17697,10464,17,1,8.4,11.35
17698,10465,5,1,6.62,6.62
17699,10466,2,1,5.51,5.51
17700,10467,13,2,3.68,7.36
17701,10467,14,1,3.0,3.0
17702,10468,6,1,3.5,3.5
17703,10469,15,1,4.5,4.5
17704,10470,8,1,6.62,6.62
17705,10470,7,1,6.5,6.5
17706,10471,7,1,6.5,8.96
17707,10472,19,1,7.0,7.0
17708,10472,13,1,3.68,3.68
17709,10472,4,1,6.07,6.07
17710,10472,14,2,3.0,7.44
17711,10473,1,1,6.07,6.07
17712,10474,16,1,9.97,9.97
17713,10474,8,1,6.62,6.62
17714,10474,1,2,6.07,12.14
17715,10475,1,1,6.07,7.52
17716,10476,12,1,4.2,4.2
17717,10477,2,1,5.51,5.51
17718,10478,2,2,5.51,11.02
17719,10478,4,1,6.07,6.07
17720,10478,11,1,6.07,6.07
17721,10479,19,2,7.0,14.0
17722,10480,3,1,4.97,6.41
17723,10481,18,2,10.5,21.0
17724,10481,8,1,6.62,6.62
17725,10482,16,1,9.97,11.03
17726,10483,5,1,6.62,7.73
17727,10484,3,1,4.97,6.18
17728,10485,14,1,3.0,3.0
17729,10485,19,1,7.0,7.0
17730,10486,7,1,6.5,6.5
17731,10487,17,1,8.4,8.4
17732,10488,25,1,20.0,21.45
17733,10489,3,1,4.97,6.12
17734,10490,8,1,6.62,10.12
17735,10491,15,1,4.5,4.5
17736,10492,17,1,8.4,8.4
17737,10493,13,1,3.68,6.75
17738,10494,19,1,7.0,7.0
17739,10495,10,2,4.0,8.0
17740,10495,5,2,6.62,13.24
17741,10496,7,1,6.5,6.5
17742,10496,5,1,6.62,6.62
17743,10496,7,1,6.5,7.71
17744,10497,4,1,6.07,6.07
17745,10497,10,1,4.0,5.06
17746,10498,12,1,4.2,4.2
17747,10499,7,1,6.5,6.5
17748,10500,24,1,18.0,18.0
17749,10501,6,1,3.5,5.04
17750,10502,10,1,4.0,4.0
17751,10503,2,1,5.51,5.51
17752,10503,2,1,5.51,5.51
17753,10504,7,2,6.5,13.0
17754,10505,6,1,3.5,3.5
17755,10506,16,1,9.97,11.22
17756,10507,15,1,4.5,4.5
17757,10508,10,1,4.0,4.0
17758,10508,7,1,6.5,6.5
17759,10508,7,1,6.5,6.5
17760,10509,6,1,3.5,7.0
17761,10510,8,1,6.62,6.62
17762,10511,1,1,6.07,8.41
17763,10512,18,1,10.5,10.5
17764,10512,14,1,3.0,3.0
17765,10512,8,1,6.62,6.62
17766,10513,7,2,6.5,13.0
17767,10513,1,1,6.07,6.07
17768,10513,18,1,10.5,11.61
17769,10514,10,1,4.0,4.0
17770,10515,15,2,4.5,11.95
17771,10516,10,1,4.0,4.0
17772,10517,9,1,4.0,5.3
17773,10518,14,1,3.0,3.0
17774,10518,1,2,6.07,12.14
17775,10518,15,1,4.5,4.5
17776,10519,25,1,20.0,20.0
17777,10520,6,1,3.5,7.0
17778,10521,12,1,4.2,4.2
17779,10521,3,1,4.97,4.97
17780,10521,13,1,3.68,3.68
17781,10522,10,1,4.0,4.0
17782,10523,14,1,3.0,5.95
17783,10524,18,1,10.5,12.18
17784,10525,15,1,4.5,4.5
17785,10525,2,1,5.51,5.51
17786,10525,3,1,4.97,6.0
17787,10526,16,1,9.97,12.43
17788,10527,7,1,6.5,8.09
17789,10528,16,1,9.97,9.97
17790,10528,7,1,6.5,6.5
17791,10529,15,1,4.5,4.5
17792,10530,9,1,4.0,4.0
17793,10530,8,1,6.62,7.65
17794,10531,7,1,6.5,6.5
17795,10532,6,1,3.5,3.5
17796,10533,3,2,4.97,9.94
17797,10533,10,1,4.0,4.0
17798,10533,7,1,6.5,6.5
17799,10534,25,1,20.0,21.45
17800,10535,15,1,4.5,4.5
17801,10536,18,1,10.5,10.5
17802,10536,18,1,10.5,11.47
17803,10537,19,1,7.0,9.95
17804,10538,12,1,4.2,5.23
17805,10539,15,1,4.5,4.5
17806,10540,19,1,7.0,7.0
17807,10541,2,1,5.51,5.51
17808,10542,10,1,4.0,4.0
17809,10543,10,1,4.0,4.0
17810,10544,16,1,9.97,11.12
17811,10545,7,1,6.5,6.5
17812,10545,21,1,25.0,25.0
17813,10545,12,1,4.2,4.2
17814,10545,8,1,6.62,6.62
17815,10546,8,1,6.62,6.62
17816,10547,13,1,3.68,5.55
17817,10548,13,1,3.68,4.71
17818,10549,3,1,4.97,4.97
17819,10549,17,1,8.4,8.4
17820,10550,16,2,9.97,21.15
17821,10551,15,1,4.5,4.5
17822,10551,7,1,6.5,6.5
17823,10551,11,1,6.07,6.07
17824,10551,14,1,3.0,4.21
17825,10552,15,1,4.5,4.5
17826,10553,11,1,6.07,7.32
17827,10554,19,1,7.0,8.44
17828,10555,10,1,4.0,4.0
17829,10555,10,1,4.0,4.0
17830,10555,12,2,4.2,8.4
17831,10555,11,1,6.07,7.28
17832,10556,12,1,4.2,4.2
17833,10556,7,1,6.5,6.5
17834,10556,18,1,10.5,10.5
17835,10556,7,1,6.5,6.5
17836,10556,12,1,4.2,4.2
17837,10557,18,1,10.5,10.5
17838,10557,11,1,6.07,6.07
17839,10558,11,1,6.07,7.28
17840,10559,14,2,3.0,6.0
17841,10560,16,1,9.97,9.97
17842,10560,17,1,8.4,11.47
17843,10561,4,1,6.07,6.07
17844,10562,15,1,4.5,8.16
17845,10563,12,1,4.2,4.2
17846,10563,13,1,3.68,3.68
17847,10564,21,1,25.0,25.0
17848,10564,15,1,4.5,4.5
17849,10565,12,1,4.2,4.2
17850,10566,21,1,25.0,25.0
17851,10566,14,1,3.0,3.0
17852,10566,14,1,3.0,3.0
17853,10567,6,1,3.5,3.5
17854,10567,7,1,6.5,7.6
17855,10568,15,1,4.5,4.5
17856,10569,10,1,4.0,5.15
17857,10570,10,1,4.0,4.0
17858,10571,3,2,4.97,9.94
17859,10572,5,1,6.62,6.62
17860,10572,6,2,3.5,7.0
17861,10572,3,2,4.97,9.94
17862,10572,10,2,4.0,8.0
17863,10572,18,1,10.5,10.5
17864,10573,8,1,6.62,6.62
17865,10573,15,1,4.5,6.29
17866,10574,9,1,4.0,4.0
17867,10574,20,1,8.0,8.0
17868,10574,5,1,6.62,6.62
17869,10575,11,1,6.07,6.07
17870,10575,14,1,3.0,3.0
17871,10576,24,1,18.0,18.0
17872,10576,3,1,4.97,4.97
17873,10576,10,1,4.0,4.0
17874,10576,5,1,6.62,6.62
17875,10576,4,1,6.07,6.07
17876,10577,15,1,4.5,4.5
17877,10578,15,1,4.5,4.5
17878,10579,7,1,6.5,6.5
17879,10579,3,1,4.97,4.97
17880,10579,18,1,10.5,10.5
17881,10580,4,1,6.07,6.07
17882,10581,5,1,6.62,6.62
17883,10581,2,1,5.51,5.51
17884,10581,17,1,8.4,8.4
17885,10581,25,1,20.0,20.98
17886,10582,19,1,7.0,7.0
17887,10582,3,1,4.97,7.43
17888,10583,17,1,8.4,8.4
17889,10583,2,1,5.51,5.51
17890,10584,19,1,7.0,7.0
17891,10585,15,1,4.5,4.5
17892,10585,3,2,4.97,12.4
17893,10586,15,1,4.5,6.29
17894,10587,12,1,4.2,7.15
17895,10588,2,1,5.51,5.51
17896,10589,2,1,5.51,5.51
17897,10590,13,1,3.68,3.68
17898,10591,16,1,9.97,9.97
17899,10592,1,1,6.07,6.07
17900,10592,15,1,4.5,4.5
17901,10593,3,2,4.97,9.94
17902,10593,18,1,10.5,10.5
17903,10593,15,1,4.5,4.5
17904,10594,1,1,6.07,7.22
17905,10595,2,1,5.51,6.76
17906,10596,2,1,5.51,5.51
17907,10597,10,1,4.0,7.36
17908,10598,21,1,25.0,25.0
17909,10598,10,2,4.0,8.0
17910,10598,15,1,4.5,4.5
17911,10598,10,2,4.0,8.0
17912,10598,8,2,6.62,13.24
17913,10599,9,1,4.0,4.0
17914,10600,7,1,6.5,6.5
17915,10601,3,1,4.97,4.97
17916,10602,7,1,6.5,7.26
17917,10603,14,1,3.0,3.0
17918,10604,6,1,3.5,3.5
17919,10605,5,1,6.62,7.68
17920,10606,11,1,6.07,6.07
17921,10606,11,1,6.07,6.07
17922,10607,14,2,3.0,6.0
17923,10608,7,1,6.5,6.5
17924,10608,3,1,4.97,4.97
17925,10608,7,1,6.5,6.5
17926,10608,19,1,7.0,7.0
17927,10608,18,1,10.5,10.5
17928,10609,14,1,3.0,3.0
17929,10610,1,1,6.07,6.07
17930,10611,4,1,6.07,6.07
17931,10612,2,1,5.51,5.51
17932,10613,7,1,6.5,6.5
17933,10614,5,1,6.62,6.62
17934,10614,9,1,4.0,6.04
17935,10615,11,1,6.07,6.07
17936,10615,12,1,4.2,5.45
17937,10616,8,2,6.62,13.24
17938,10616,12,1,4.2,4.2
17939,10617,9,1,4.0,7.24
17940,10618,17,2,8.4,16.8
17941,10619,11,1,6.07,6.07
17942,10620,2,1,5.51,5.51
17943,10621,13,1,3.68,3.68
17944,10622,5,2,6.62,14.69
17945,10623,6,1,3.5,3.5
17946,10624,17,1,8.4,8.4
17947,10625,16,1,9.97,9.97
17948,10626,1,1,6.07,6.07
17949,10627,6,1,3.5,4.26
17950,10628,8,1,6.62,8.21
17951,10629,17,1,8.4,8.4
17952,10630,6,1,3.5,3.5
17953,10631,12,1,4.2,5.77
17954,10632,16,1,9.97,9.97
17955,10633,15,2,4.5,9.0
17956,10633,14,1,3.0,3.0
17957,10633,5,1,6.62,6.62
17958,10633,5,1,6.62,9.02
17959,10634,9,1,4.0,4.0
17960,10634,13,1,3.68,3.68
17961,10634,19,1,7.0,7.0
17962,10634,17,1,8.4,8.4
17963,10634,13,1,3.68,4.93
17964,10635,9,1,4.0,4.8
17965,10636,1,1,6.07,6.07
17966,10637,5,2,6.62,14.49
17967,10638,14,1,3.0,3.0
17968,10639,2,1,5.51,5.51
17969,10640,1,1,6.07,6.87
17970,10641,12,1,4.2,4.2
17971,10641,9,1,4.0,4.0
17972,10642,20,1,8.0,8.0
17973,10643,1,1,6.07,6.07
17974,10643,2,1,5.51,5.51
17975,10644,1,1,6.07,6.07
17976,10645,10,2,4.0,8.0
17977,10645,1,1,6.07,6.07
17978,10645,4,1,6.07,6.07
17979,10646,6,2,3.5,8.45
17980,10647,16,1,9.97,10.77
17981,10648,22,1,8.0,8.0
17982,10648,19,1,7.0,7.0
17983,10648,22,1,8.0,9.21
17984,10649,3,1,4.97,6.0
17985,10650,21,1,25.0,25.0
17986,10651,19,1,7.0,8.51
17987,10652,6,2,3.5,7.0
17988,10652,2,1,5.51,5.51
17989,10652,7,1,6.5,6.5
17990,10652,11,1,6.07,7.1
17991,10653,19,1,7.0,7.0
17992,10653,3,1,4.97,4.97
17993,10653,1,1,6.07,6.07
17994,10653,18,1,10.5,10.5
17995,10654,21,1,25.0,26.15
17996,10655,1,1,6.07,6.07
17997,10656,18,1,10.5,10.5
17998,10657,16,2,9.97,19.94
17999,10658,1,2,6.07,12.14
18000,10659,2,1,5.51,5.51
18001,10660,19,1,7.0,7.0
18002,10660,8,2,6.62,13.24
18003,10660,1,1,6.07,7.22
18004,10661,3,1,4.97,4.97
18005,10662,8,2,6.62,13.24
18006,10663,12,1,4.2,4.2
18007,10663,6,1,3.5,3.5
18008,10663,14,1,3.0,3.0
18009,10663,6,1,3.5,3.5
18010,10663,3,2,4.97,9.94
18011,10664,10,1,4.0,4.0
18012,10665,12,1,4.2,4.2
18013,10666,10,1,4.0,4.0
18014,10667,5,2,6.62,13.24
18015,10668,13,1,3.68,4.93
18016,10669,18,1,10.5,10.5
18017,10670,8,1,6.62,6.62
18018,10671,6,1,3.5,3.5
18019,10671,9,1,4.0,4.0
18020,10671,25,1,20.0,20.0
18021,10671,1,1,6.07,6.07
18022,10672,15,1,4.5,4.5
18023,10672,1,1,6.07,6.07
18024,10672,14,1,3.0,4.79
18025,10673,5,1,6.62,6.62
18026,10674,10,1,4.0,4.0
18027,10675,4,2,6.07,12.96
18028,10676,7,2,6.5,13.0
18029,10676,5,1,6.62,6.62
18030,10676,6,1,3.5,3.5
18031,10676,9,1,4.0,4.84
18032,10677,8,1,6.62,6.62
18033,10677,11,2,6.07,12.14
18034,10678,16,1,9.97,11.08
18035,10679,15,1,4.5,4.5
18036,10679,2,1,5.51,5.51
18037,10680,7,2,6.5,13.0
18038,10680,11,1,6.07,6.07
18039,10680,11,1,6.07,6.07
18040,10680,9,2,4.0,8.0
18041,10680,21,1,25.0,25.0
18042,10681,8,2,6.62,13.24
18043,10682,9,1,4.0,5.25
18044,10683,13,1,3.68,3.68
18045,10683,12,1,4.2,4.2
18046,10683,10,1,4.0,4.0
18047,10683,12,1,4.2,4.2
18048,10684,5,2,6.62,13.24
18049,10685,18,1,10.5,10.5
18050,10685,3,1,4.97,4.97
18051,10685,14,1,3.0,3.0
18052,10685,10,1,4.0,5.25
18053,10686,4,1,6.07,6.07
18054,10686,1,1,6.07,6.07
18055,10686,12,1,4.2,4.2
18056,10687,19,1,7.0,7.0
18057,10688,18,1,10.5,13.57
18058,10689,10,1,4.0,5.15
18059,10690,11,1,6.07,6.07
18060,10691,19,2,7.0,15.11
18061,10692,13,1,3.68,5.47
18062,10693,11,1,6.07,6.07
18063,10694,5,1,6.62,6.62
18064,10694,5,1,6.62,6.62
18065,10694,14,2,3.0,6.0
18066,10695,3,1,4.97,4.97
18067,10696,5,1,6.62,6.62
18068,10697,7,1,6.5,6.5
18069,10697,3,1,4.97,4.97
18070,10698,15,1,4.5,4.5
18071,10698,6,1,3.5,3.5
18072,10698,19,1,7.0,7.0
18073,10698,12,1,4.2,4.2
18074,10698,20,1,8.0,8.0
18075,10699,9,1,4.0,5.23
18076,10700,6,1,3.5,3.5
18077,10701,9,1,4.0,4.0
18078,10702,7,1,6.5,6.5
18079,10702,11,1,6.07,6.07
18080,10703,3,1,4.97,4.97
18081,10703,9,1,4.0,5.06
18082,10704,5,1,6.62,6.62
18083,10704,13,1,3.68,3.68
18084,10704,3,2,4.97,9.94
18085,10704,10,1,4.0,4.0
18086,10704,9,1,4.0,4.0
18087,10705,10,2,4.0,10.69
18088,10706,14,1,3.0,3.0
18089,10706,15,1,4.5,4.5
18090,10707,19,1,7.0,7.0
18091,10708,3,1,4.97,4.97
18092,10709,10,1,4.0,6.34
18093,10710,14,1,3.0,3.0
18094,10711,1,1,6.07,6.07
18095,10711,9,1,4.0,4.0
18096,10712,9,1,4.0,4.0
18097,10713,7,1,6.5,6.5
18098,10713,16,1,9.97,9.97
18099,10714,2,1,5.51,5.51
18100,10715,14,1,3.0,4.21
18101,10716,13,1,3.68,6.65
18102,10717,15,2,4.5,12.36
18103,10718,10,1,4.0,4.0
18104,10718,16,2,9.97,19.94
18105,10719,9,1,4.0,4.76
18106,10720,6,1,3.5,3.5
18107,10721,18,1,10.5,11.61
18108,10722,13,1,3.68,3.68
18109,10723,17,1,8.4,8.4
18110,10723,9,1,4.0,4.0
18111,10724,25,1,20.0,21.87
18112,10725,1,1,6.07,6.07
18113,10725,15,1,4.5,4.5
18114,10725,14,1,3.0,3.0
18115,10725,15,1,4.5,4.5
18116,10726,11,1,6.07,6.07
18117,10727,7,1,6.5,6.5
18118,10728,13,1,3.68,3.68
18119,10729,18,1,10.5,10.5
18120,10729,3,1,4.97,6.0
18121,10730,15,1,4.5,4.5
18122,10731,7,1,6.5,6.5
18123,10732,2,1,5.51,5.51
18124,10733,5,2,6.62,13.24
18125,10734,15,1,4.5,4.5
18126,10735,2,2,5.51,12.27
18127,10736,9,1,4.0,4.0
18128,10737,17,2,8.4,18.59
18129,10738,12,1,4.2,4.2
18130,10739,19,1,7.0,7.0
18131,10740,6,1,3.5,3.5
18132,10740,16,2,9.97,19.94
18133,10741,12,1,4.2,4.2
18134,10742,11,1,6.07,6.07
18135,10742,12,1,4.2,6.66
18136,10743,11,1,6.07,6.07
18137,10743,7,2,6.5,13.0
18138,10743,9,1,4.0,4.0
18139,10744,15,1,4.5,4.5
18140,10744,15,1,4.5,4.5
18141,10745,5,1,6.62,8.19
18142,10746,6,2,3.5,10.36
18143,10747,25,1,20.0,23.07
18144,10748,9,1,4.0,4.0
18145,10749,17,2,8.4,16.8
18146,10750,5,2,6.62,13.24
18147,10750,11,1,6.07,6.07
18148,10750,11,1,6.07,6.07
18149,10751,9,1,4.0,4.0
18150,10751,9,1,4.0,4.0
18151,10751,2,1,5.51,5.51
18152,10751,13,1,3.68,3.68
18153,10752,23,1,15.0,15.0
18154,10753,15,1,4.5,4.5
18155,10753,2,2,5.51,11.02
18156,10754,2,1,5.51,5.51
18157,10754,3,1,4.97,4.97
18158,10754,5,1,6.62,6.62
18159,10754,15,2,4.5,10.45
18160,10755,3,1,4.97,4.97
18161,10756,13,1,3.68,7.34
18162,10757,8,1,6.62,6.62
18163,10758,10,1,4.0,5.03
18164,10759,25,1,20.0,20.0
18165,10759,1,2,6.07,12.14
18166,10760,16,1,9.97,9.97
18167,10760,6,1,3.5,3.5
18168,10760,14,2,3.0,6.0
18169,10760,20,1,8.0,8.0
18170,10760,10,1,4.0,4.98
18171,10761,15,1,4.5,4.5
18172,10761,15,1,4.5,4.5
18173,10761,14,1,3.0,3.0
18174,10761,4,1,6.07,6.07
18175,10761,8,1,6.62,6.62
18176,10762,7,1,6.5,6.5
18177,10763,10,2,4.0,11.05
18178,10764,12,2,4.2,12.3
18179,10765,3,1,4.97,4.97
18180,10766,16,1,9.97,11.42
18181,10767,24,1,18.0,18.0
18182,10767,10,1,4.0,4.0
18183,10768,3,1,4.97,4.97
18184,10769,18,1,10.5,10.5
18185,10769,16,1,9.97,9.97
18186,10769,7,1,6.5,6.5
18187,10770,15,1,4.5,4.5
18188,10771,9,1,4.0,4.0
18189,10771,13,1,3.68,3.68
18190,10771,11,2,6.07,12.14
18191,10771,10,1,4.0,4.0
18192,10772,17,1,8.4,8.4
18193,10773,19,1,7.0,7.0
18194,10774,6,1,3.5,4.95
18195,10775,8,1,6.62,6.62
18196,10775,3,1,4.97,4.97
18197,10775,1,1,6.07,7.37
18198,10776,15,1,4.5,6.96
18199,10777,4,1,6.07,6.07
18200,10778,17,1,8.4,8.4
18201,10779,15,1,4.5,4.5
18202,10780,12,1,4.2,4.2
18203,10781,9,1,4.0,4.0
18204,10782,9,1,4.0,4.0
18205,10782,1,2,6.07,12.14
18206,10782,1,1,6.07,6.07
18207,10782,1,1,6.07,6.07
18208,10783,12,1,4.2,5.99
18209,10784,18,2,10.5,21.0
18210,10785,18,1,10.5,10.5
18211,10786,16,1,9.97,11.82
18212,10787,6,1,3.5,5.04
18213,10788,15,1,4.5,4.5
18214,10788,5,1,6.62,6.62
18215,10788,3,1,4.97,4.97
18216,10788,13,1,3.68,3.68
18217,10789,11,1,6.07,6.07
18218,10789,6,1,3.5,3.5
18219,10790,15,1,4.5,4.5
18220,10791,19,1,7.0,7.0
18221,10792,10,1,4.0,4.0
18222,10793,11,1,6.07,6.07
18223,10793,7,1,6.5,6.5
18224,10794,3,2,4.97,9.94
18225,10794,3,1,4.97,4.97
18226,10794,8,1,6.62,6.62
18227,10794,14,1,3.0,3.0
18228,10794,25,1,20.0,20.0
18229,10795,10,1,4.0,4.0
18230,10796,15,1,4.5,4.5
18231,10797,14,1,3.0,3.0
18232,10798,1,1,6.07,6.07
18233,10798,2,1,5.51,5.51
18234,10799,18,1,10.5,11.94
18235,10800,15,2,4.5,9.0
18236,10801,6,1,3.5,3.5
18237,10801,15,2,4.5,9.0
18238,10801,4,1,6.07,8.09
18239,10802,22,1,8.0,9.59
18240,10803,9,1,4.0,4.85
18241,10804,19,1,7.0,7.0
18242,10804,8,1,6.62,6.62
18243,10804,1,1,6.07,7.17
18244,10805,11,1,6.07,6.07
18245,10805,3,1,4.97,4.97
18246,10806,19,1,7.0,7.0
18247,10807,5,1,6.62,6.62
18248,10807,13,1,3.68,7.34
18249,10808,14,1,3.0,3.0
18250,10808,5,1,6.62,6.62
18251,10808,10,1,4.0,4.0
18252,10808,14,2,3.0,6.0
18253,10809,17,1,8.4,8.4
18254,10809,2,2,5.51,12.89
18255,10810,8,1,6.62,7.68
18256,10811,19,1,7.0,9.04
18257,10812,16,1,9.97,9.97
18258,10813,13,1,3.68,3.68
18259,10814,9,1,4.0,5.59
18260,10815,7,1,6.5,6.5
18261,10815,17,1,8.4,8.4
18262,10815,8,1,6.62,6.62
18263,10815,7,1,6.5,6.5
18264,10816,5,1,6.62,6.62
18265,10816,5,1,6.62,6.62
18266,10816,7,1,6.5,6.5
18267,10816,4,1,6.07,7.86
18268,10817,5,1,6.62,7.56
18269,10818,12,1,4.2,8.1
18270,10819,8,2,6.62,13.24
18271,10820,10,1,4.0,4.0
18272,10820,15,1,4.5,4.5
18273,10820,6,1,3.5,3.5
18274,10820,13,2,3.68,7.36
18275,10820,5,1,6.62,7.68
18276,10821,5,1,6.62,6.62
18277,10822,1,1,6.07,7.32
18278,10823,5,2,6.62,13.24
18279,10824,6,1,3.5,3.5
18280,10825,14,1,3.0,3.0
18281,10826,9,1,4.0,4.0
18282,10826,10,1,4.0,4.0
18283,10826,12,1,4.2,4.2
18284,10826,10,1,4.0,4.0
18285,10826,13,1,3.68,6.96
18286,10827,7,1,6.5,6.5
18287,10827,8,1,6.62,6.62
18288,10828,6,1,3.5,3.5
18289,10829,16,1,9.97,9.97
18290,10830,15,1,4.5,4.5
18291,10830,1,1,6.07,6.07
18292,10831,19,1,7.0,7.0
18293,10832,3,1,4.97,4.97
18294,10833,6,2,3.5,8.3
18295,10834,5,1,6.62,6.62
18296,10835,15,1,4.5,4.5
18297,10836,1,2,6.07,12.14
18298,10837,8,1,6.62,6.62
18299,10838,7,1,6.5,6.5
18300,10839,2,2,5.51,11.02
18301,10840,17,2,8.4,18.25
18302,10841,13,1,3.68,6.63
18303,10842,15,2,4.5,9.0
18304,10842,7,1,6.5,9.19
18305,10843,5,1,6.62,6.62
18306,10843,5,1,6.62,8.21
18307,10844,19,1,7.0,7.0
18308,10845,20,1,8.0,8.0
18309,10846,7,1,6.5,6.5
18310,10846,5,1,6.62,6.62
18311,10846,19,2,7.0,14.0
18312,10847,13,1,3.68,5.34
18313,10848,5,2,6.62,13.24
18314,10848,9,1,4.0,7.66
18315,10849,9,1,4.0,4.0
18316,10850,19,1,7.0,7.0
18317,10850,15,1,4.5,4.5
18318,10850,16,1,9.97,9.97
18319,10850,7,1,6.5,6.5
18320,10850,2,1,5.51,6.95
18321,10851,1,2,6.07,13.2
18322,10852,11,1,6.07,7.37
18323,10853,3,2,4.97,9.94
18324,10854,3,1,4.97,4.97
18325,10854,25,1,20.0,20.0
18326,10854,12,1,4.2,4.2
18327,10854,19,1,7.0,7.0
18328,10855,9,1,4.0,4.0
18329,10856,16,1,9.97,11.22
18330,10857,13,1,3.68,3.68
18331,10858,7,1,6.5,6.5
18332,10859,7,1,6.5,6.5
18333,10859,7,1,6.5,6.5
18334,10859,8,1,6.62,6.62
18335,10859,10,1,4.0,4.0
18336,10859,10,2,4.0,8.0
18337,10860,10,1,4.0,4.0
18338,10861,10,1,4.0,4.0
18339,10862,7,1,6.5,6.5
18340,10863,5,1,6.62,6.62
18341,10864,9,1,4.0,6.04
18342,10865,12,1,4.2,4.2
18343,10866,6,1,3.5,3.5
18344,10866,15,1,4.5,4.5
18345,10866,16,1,9.97,9.97
18346,10866,13,1,3.68,3.68
18347,10866,11,1,6.07,7.37
18348,10867,13,1,3.68,3.68
18349,10868,23,1,15.0,15.0
18350,10868,4,1,6.07,6.07
18351,10868,16,1,9.97,11.27
18352,10869,11,1,6.07,7.09
18353,10870,1,1,6.07,6.07
18354,10871,6,1,3.5,3.5
18355,10871,11,1,6.07,6.07
18356,10871,14,1,3.0,3.0
18357,10871,5,1,6.62,6.62
18358,10872,14,1,3.0,3.0
18359,10873,6,1,3.5,3.5
18360,10874,5,1,6.62,6.62
18361,10874,8,1,6.62,6.62
18362,10874,11,1,6.07,6.07
18363,10875,1,1,6.07,6.07
18364,10875,7,1,6.5,6.5
18365,10875,9,1,4.0,4.0
18366,10875,10,1,4.0,4.85
18367,10876,6,2,3.5,7.0
18368,10877,12,1,4.2,4.2
18369,10878,2,1,5.51,5.51
18370,10878,12,1,4.2,4.2
18371,10878,11,1,6.07,6.07
18372,10879,4,1,6.07,6.07
18373,10879,16,1,9.97,13.04
18374,10880,2,1,5.51,5.51
18375,10881,17,1,8.4,9.61
18376,10882,11,1,6.07,6.07
18377,10883,16,1,9.97,9.97
18378,10883,10,2,4.0,8.0
18379,10883,3,1,4.97,5.77
18380,10884,2,1,5.51,5.51
18381,10884,12,1,4.2,4.2
18382,10885,9,1,4.0,4.0
18383,10886,3,1,4.97,8.21
18384,10887,16,2,9.97,21.25
18385,10888,6,1,3.5,3.5
18386,10889,6,1,3.5,4.47
18387,10890,2,1,5.51,5.51
18388,10890,7,1,6.5,6.5
18389,10890,19,1,7.0,7.0
18390,10890,10,1,4.0,4.0
18391,10890,17,1,8.4,8.4
18392,10891,19,1,7.0,7.0
18393,10892,4,1,6.07,6.07
18394,10892,11,1,6.07,6.07
18395,10892,7,1,6.5,7.26
18396,10893,9,1,4.0,4.0
18397,10894,8,1,6.62,7.65
18398,10895,14,1,3.0,4.31
18399,10896,20,1,8.0,9.94
18400,10897,16,1,9.97,11.13
18401,10898,20,1,8.0,8.0
18402,10899,9,1,4.0,7.5
18403,10900,3,1,4.97,4.97
18404,10901,22,1,8.0,9.45
18405,10902,5,1,6.62,6.62
18406,10902,11,1,6.07,6.07
18407,10903,14,1,3.0,3.0
18408,10903,10,1,4.0,4.0
18409,10903,5,1,6.62,6.62
18410,10903,2,1,5.51,5.51
18411,10903,10,1,4.0,4.0
18412,10904,6,1,3.5,3.5
18413,10905,2,1,5.51,5.51
18414,10906,11,1,6.07,6.07
18415,10907,1,1,6.07,6.07
18416,10908,25,1,20.0,20.0
18417,10908,5,1,6.62,6.62
18418,10908,16,1,9.97,9.97
18419,10908,9,1,4.0,4.0
18420,10908,7,2,6.5,13.0
18421,10909,15,1,4.5,7.62
18422,10910,10,1,4.0,4.0
18423,10911,1,1,6.07,7.52
18424,10912,19,1,7.0,8.15
18425,10913,8,1,6.62,6.62
18426,10913,13,2,3.68,7.36
18427,10914,10,1,4.0,4.0
18428,10915,25,1,20.0,20.0
18429,10915,3,1,4.97,4.97
18430,10915,18,1,10.5,10.5
18431,10915,2,1,5.51,5.51
18432,10915,11,1,6.07,7.28
18433,10916,9,1,4.0,6.34
18434,10917,14,1,3.0,3.0
18435,10917,9,2,4.0,10.4
18436,10918,1,1,6.07,6.07
18437,10918,8,1,6.62,6.62
18438,10918,12,1,4.2,4.2
18439,10918,3,2,4.97,9.94
18440,10918,17,1,8.4,10.74
18441,10919,6,2,3.5,7.0
18442,10919,3,1,4.97,4.97
18443,10919,16,1,9.97,9.97
18444,10919,15,1,4.5,4.5
18445,10919,4,1,6.07,7.58
18446,10920,4,1,6.07,7.75
18447,10921,14,1,3.0,3.0
18448,10921,4,2,6.07,12.14
18449,10921,6,1,3.5,3.5
18450,10921,19,1,7.0,7.0
18451,10922,11,1,6.07,6.07
18452,10922,3,1,4.97,4.97
18453,10922,1,1,6.07,6.07
18454,10923,13,1,3.68,3.68
18455,10923,4,1,6.07,6.07
18456,10924,7,1,6.5,6.5
18457,10924,3,1,4.97,5.77
18458,10925,13,1,3.68,3.68
18459,10926,18,1,10.5,10.5
18460,10927,5,1,6.62,6.62
18461,10927,8,1,6.62,6.62
18462,10928,16,1,9.97,9.97
18463,10929,19,1,7.0,7.0
18464,10930,7,1,6.5,6.5
18465,10931,3,1,4.97,4.97
18466,10932,2,1,5.51,5.51
18467,10932,16,1,9.97,9.97
18468,10932,3,1,4.97,6.13
18469,10933,16,1,9.97,9.97
18470,10934,5,1,6.62,6.62
18471,10935,3,2,4.97,9.94
18472,10936,7,2,6.5,13.0
18473,10936,9,1,4.0,5.25
18474,10937,20,1,8.0,8.0
18475,10937,5,1,6.62,7.68
18476,10938,11,2,6.07,15.21
18477,10939,5,1,6.62,6.62
18478,10939,12,1,4.2,4.2
18479,10939,1,2,6.07,12.14
18480,10939,7,1,6.5,6.5
18481,10939,14,1,3.0,3.0
18482,10940,6,1,3.5,3.5
18483,10941,15,1,4.5,4.5
18484,10941,5,2,6.62,13.24
18485,10942,5,1,6.62,6.62
18486,10942,15,1,4.5,4.5
18487,10942,6,2,3.5,7.0
18488,10943,18,1,10.5,10.5
18489,10944,21,1,25.0,25.0
18490,10945,5,2,6.62,13.24
18491,10945,6,1,3.5,3.5
18492,10945,1,1,6.07,6.07
18493,10945,14,1,3.0,3.0
18494,10945,25,1,20.0,20.0
18495,10946,6,1,3.5,5.37
18496,10947,15,2,4.5,9.0
18497,10947,7,1,6.5,7.48
18498,10948,19,1,7.0,7.0
18499,10949,11,1,6.07,7.51
18500,10950,10,1,4.0,4.0
18501,10951,11,1,6.07,6.07
18502,10952,1,1,6.07,6.07
18503,10953,11,1,6.07,6.07
18504,10953,19,1,7.0,7.0
18505,10953,14,1,3.0,3.0
18506,10954,6,1,3.5,3.5
18507,10954,1,1,6.07,6.07
18508,10955,4,1,6.07,6.07
18509,10956,8,1,6.62,6.62
18510,10956,7,1,6.5,6.5
18511,10956,4,1,6.07,6.07
18512,10956,12,1,4.2,4.2
18513,10957,9,1,4.0,4.0
18514,10957,1,1,6.07,6.07
18515,10957,12,1,4.2,4.2
18516,10958,2,1,5.51,5.51
18517,10959,9,1,4.0,4.0
18518,10960,9,1,4.0,4.0
18519,10960,6,1,3.5,3.5
18520,10960,12,1,4.2,4.2
18521,10960,12,1,4.2,4.2
18522,10960,10,1,4.0,4.0
18523,10961,15,1,4.5,4.5
18524,10962,20,1,8.0,8.0
18525,10962,15,2,4.5,9.0
18526,10962,6,1,3.5,3.5
18527,10963,5,1,6.62,6.62
18528,10964,10,1,4.0,5.25
18529,10965,10,2,4.0,8.97
18530,10966,6,1,3.5,3.5
18531,10966,13,1,3.68,4.98
18532,10967,7,1,6.5,6.5
18533,10967,16,1,9.97,9.97
18534,10967,7,2,6.5,14.44
18535,10968,10,1,4.0,5.3
18536,10969,15,1,4.5,4.5
18537,10970,19,1,7.0,7.0
18538,10970,7,1,6.5,9.57
18539,10971,3,1,4.97,4.97
18540,10972,8,1,6.62,8.3
18541,10973,12,1,4.2,4.2
18542,10973,11,1,6.07,6.07
18543,10974,5,2,6.62,13.24
18544,10975,15,1,4.5,4.5
18545,10976,10,1,4.0,5.21
18546,10977,19,1,7.0,7.0
18547,10978,5,1,6.62,6.62
18548,10978,10,2,4.0,9.15
18549,10979,2,1,5.51,5.51
18550,10980,6,2,3.5,7.97
18551,10981,6,1,3.5,3.5
18552,10981,11,2,6.07,12.14
18553,10981,13,1,3.68,3.68
18554,10981,2,1,5.51,5.51
18555,10981,12,1,4.2,4.2
18556,10982,12,1,4.2,4.2
18557,10982,16,1,9.97,9.97
18558,10982,1,1,6.07,6.07
18559,10982,14,2,3.0,7.44
18560,10983,8,2,6.62,13.24
18561,10984,12,1,4.2,4.2
18562,10984,13,1,3.68,3.68
18563,10984,11,1,6.07,6.07
18564,10985,7,1,6.5,8.01
18565,10986,19,1,7.0,8.06
18566,10987,7,1,6.5,7.89
18567,10988,9,1,4.0,5.48
18568,10989,2,1,5.51,7.02
18569,10990,12,1,4.2,6.07
18570,10991,1,1,6.07,8.41
18571,10992,11,1,6.07,6.07
18572,10992,10,1,4.0,4.0
18573,10993,1,1,6.07,7.52
18574,10994,16,1,9.97,9.97
18575,10995,23,1,15.0,15.0
18576,10996,6,1,3.5,3.5
18577,10997,15,1,4.5,5.71
18578,10998,7,1,6.5,6.5
18579,10999,8,1,6.62,6.62
18580,11000,13,1,3.68,3.68
18581,11001,14,1,3.0,4.48
18582,11002,14,1,3.0,4.45
18583,11003,3,1,4.97,4.97
18584,11004,18,1,10.5,10.5
18585,11005,10,1,4.0,4.0
18586,11006,1,1,6.07,6.07
18587,11007,3,1,4.97,6.27
18588,11008,5,2,6.62,13.24
18589,11009,15,1,4.5,7.62
18590,11010,12,1,4.2,4.2
18591,11011,3,1,4.97,4.97
18592,11011,10,1,4.0,5.59
18593,11012,10,2,4.0,9.45
18594,11013,7,1,6.5,6.5
18595,11014,19,1,7.0,7.0
18596,11015,18,1,10.5,10.5
18597,11015,15,1,4.5,4.5
18598,11016,1,1,6.07,6.07
18599,11016,8,1,6.62,6.62
18600,11017,1,1,6.07,6.07
18601,11018,3,1,4.97,4.97
18602,11019,4,1,6.07,6.07
18603,11019,13,1,3.68,3.68
18604,11020,8,1,6.62,6.62
18605,11020,14,1,3.0,3.0
18606,11020,13,1,3.68,3.68
18607,11021,15,1,4.5,4.5
18608,11022,7,1,6.5,6.5
18609,11023,19,1,7.0,7.0
18610,11024,12,1,4.2,4.2
18611,11025,19,1,7.0,7.0
18612,11026,10,1,4.0,4.0
18613,11026,15,1,4.5,4.5
18614,11026,3,1,4.97,4.97
18615,11026,7,1,6.5,7.81
18616,11027,11,2,6.07,12.14
18617,11028,3,1,4.97,4.97
18618,11029,15,1,4.5,5.53
18619,11030,5,1,6.62,6.62
18620,11030,15,1,4.5,4.5
18621,11031,14,2,3.0,6.0
18622,11032,6,1,3.5,4.71
18623,11033,9,1,4.0,4.0
18624,11034,11,1,6.07,7.32
18625,11035,14,1,3.0,3.0
18626,11036,3,1,4.97,4.97
18627,11037,10,2,4.0,8.0
18628,11038,10,1,4.0,4.0
18629,11038,18,1,10.5,10.5
18630,11039,9,1,4.0,7.24
18631,11040,2,1,5.51,6.76
18632,11041,14,1,3.0,5.34
18633,11042,5,2,6.62,13.24
18634,11043,4,1,6.07,6.07
18635,11043,12,1,4.2,7.7
18636,11044,11,1,6.07,6.07
18637,11044,2,1,5.51,5.51
18638,11045,5,2,6.62,13.24
18639,11045,1,1,6.07,6.07
18640,11045,11,1,6.07,6.07
18641,11046,3,1,4.97,7.43
18642,11047,2,1,5.51,5.51
18643,11048,19,2,7.0,14.0
18644,11048,6,2,3.5,7.0
18645,11048,10,1,4.0,4.0
18646,11048,21,1,25.0,25.0
18647,11048,7,1,6.5,7.27
18648,11049,10,1,4.0,4.0
18649,11050,7,1,6.5,7.48
18650,11051,1,1,6.07,6.07
18651,11051,8,1,6.62,6.62
18652,11051,7,1,6.5,6.5
18653,11051,13,1,3.68,4.71
18654,11052,1,1,6.07,6.07
18655,11052,2,2,5.51,11.02
18656,11052,19,1,7.0,7.0
18657,11052,3,1,4.97,4.97
18658,11053,2,1,5.51,7.55
18659,11054,1,1,6.07,6.07
18660,11055,15,1,4.5,4.5
18661,11056,13,1,3.68,3.68
18662,11057,2,1,5.51,5.51
18663,11057,20,2,8.0,16.0
18664,11057,4,1,6.07,6.07
18665,11057,10,1,4.0,5.11
18666,11058,7,2,6.5,13.0
18667,11058,19,1,7.0,7.0
18668,11059,19,1,7.0,8.87
18669,11060,7,1,6.5,7.48
18670,11061,8,1,6.62,6.62
18671,11062,13,1,3.68,3.68
18672,11062,3,1,4.97,4.97
18673,11062,2,1,5.51,5.51
18674,11062,10,1,4.0,4.0
18675,11062,4,1,6.07,7.92
18676,11063,5,1,6.62,6.62
18677,11063,4,1,6.07,6.07
18678,11063,12,2,4.2,8.4
18679,11063,10,1,4.0,4.0
18680,11063,2,1,5.51,5.51
18681,11064,17,1,8.4,8.4
18682,11065,5,1,6.62,7.77
18683,11066,10,1,4.0,4.0
18684,11066,11,2,6.07,12.14
18685,11067,5,1,6.62,6.62
18686,11068,5,1,6.62,9.57
18687,11069,11,2,6.07,12.14
18688,11069,8,1,6.62,7.77
18689,11070,9,1,4.0,5.45
18690,11071,12,1,4.2,4.2
18691,11072,1,1,6.07,6.07
18692,11073,9,1,4.0,6.4
18693,11074,3,1,4.97,4.97
18694,11075,9,1,4.0,4.0
18695,11075,1,2,6.07,12.14
18696,11076,16,2,9.97,19.94
18697,11076,3,1,4.97,4.97
18698,11076,13,1,3.68,3.68
18699,11076,8,1,6.62,6.62
18700,11076,17,1,8.4,9.43
18701,11077,11,1,6.07,6.07
18702,11078,6,2,3.5,7.97
18703,11079,9,1,4.0,4.0
18704,11079,10,1,4.0,4.0
18705,11079,2,2,5.51,11.02
18706,11080,3,1,4.97,4.97
18707,11081,6,1,3.5,3.5
18708,11082,19,1,7.0,8.45
18709,11083,12,1,4.2,5.31
18710,11084,5,1,6.62,6.62
18711,11084,9,1,4.0,4.0
18712,11085,7,1,6.5,6.5
18713,11086,18,1,10.5,10.5
18714,11086,11,1,6.07,6.07
18715,11086,6,1,3.5,4.66
18716,11087,14,1,3.0,4.1
18717,11088,5,1,6.62,6.62
18718,11088,1,1,6.07,6.07
18719,11088,8,1,6.62,6.62
18720,11088,9,1,4.0,5.45
18721,11089,16,2,9.97,19.94
18722,11089,10,1,4.0,7.5
18723,11090,17,1,8.4,10.0
18724,11091,8,2,6.62,13.24
18725,11091,24,1,18.0,18.0
18726,11091,1,1,6.07,6.07
18727,11091,10,1,4.0,4.0
18728,11091,2,1,5.51,7.36
18729,11092,18,1,10.5,10.5
18730,11093,7,1,6.5,6.5
18731,11093,16,1,9.97,9.97
18732,11093,11,1,6.07,7.28
18733,11094,11,1,6.07,6.07
18734,11094,5,1,6.62,6.62
18735,11095,6,1,3.5,3.5
18736,11096,17,1,8.4,8.4
18737,11097,18,1,10.5,10.5
18738,11098,18,1,10.5,11.6
18739,11099,6,1,3.5,3.5
18740,11100,3,1,4.97,4.97
18741,11101,5,1,6.62,6.62
18742,11102,8,1,6.62,6.62
18743,11103,9,1,4.0,4.0
18744,11104,17,2,8.4,16.8
18745,11105,7,2,6.5,14.45
18746,11106,5,2,6.62,13.24
18747,11106,7,1,6.5,6.5
18748,11107,18,1,10.5,10.5
18749,11108,12,1,4.2,4.2
18750,11108,3,1,4.97,6.18
18751,11109,4,1,6.07,6.07
18752,11109,11,1,6.07,6.87
18753,11110,7,1,6.5,6.5
18754,11111,10,1,4.0,4.0
18755,11111,3,2,4.97,9.94
18756,11111,8,1,6.62,6.62
18757,11111,13,1,3.68,3.68
18758,11112,2,1,5.51,5.51
18759,11112,14,2,3.0,6.0
18760,11112,19,1,7.0,7.0
18761,11112,9,1,4.0,5.3
18762,11113,10,1,4.0,6.4
18763,11114,13,2,3.68,8.51
18764,11115,14,1,3.0,3.0
18765,11116,16,1,9.97,11.42
18766,11117,10,1,4.0,4.0
18767,11118,7,1,6.5,6.5
18768,11118,2,1,5.51,5.51
18769,11118,14,1,3.0,3.0
18770,11118,6,1,3.5,6.57
18771,11119,6,1,3.5,4.65
18772,11120,9,1,4.0,5.66
18773,11121,3,1,4.97,4.97
18774,11122,20,1,8.0,8.76
18775,11123,1,1,6.07,6.07
18776,11124,2,1,5.51,6.66
18777,11125,14,1,3.0,4.42
18778,11126,15,1,4.5,4.5
18779,11126,16,2,9.97,19.94
18780,11127,10,1,4.0,4.0
18781,11127,2,1,5.51,5.51
18782,11127,12,1,4.2,4.2
18783,11127,10,2,4.0,8.0
18784,11127,12,2,4.2,8.4
18785,11128,1,1,6.07,6.07
18786,11129,16,1,9.97,9.97
18787,11130,15,1,4.5,5.95
18788,11131,11,1,6.07,7.66
18789,11132,1,1,6.07,6.07
18790,11133,2,1,5.51,6.81
18791,11134,6,2,3.5,7.0
18792,11134,13,1,3.68,3.68
18793,11134,14,1,3.0,3.0
18794,11134,19,1,7.0,7.0
18795,11135,3,1,4.97,4.97
18796,11135,5,1,6.62,7.87
18797,11136,3,1,4.97,4.97
18798,11137,14,1,3.0,3.0
18799,11138,8,1,6.62,6.62
18800,11139,7,1,6.5,6.5
18801,11140,1,1,6.07,6.07
18802,11141,9,2,4.0,9.59
18803,11142,12,1,4.2,5.64
18804,11143,6,1,3.5,4.75
18805,11144,6,1,3.5,3.5
18806,11144,5,1,6.62,6.62
18807,11144,6,1,3.5,3.5
18808,11144,10,1,4.0,4.0
18809,11145,17,1,8.4,8.4
18810,11146,2,1,5.51,7.02
18811,11147,14,1,3.0,3.0
18812,11148,3,1,4.97,6.27
18813,11149,17,1,8.4,8.4
18814,11149,8,1,6.62,6.62
18815,11150,17,1,8.4,8.4
18816,11150,1,1,6.07,6.07
18817,11151,10,1,4.0,6.04
18818,11152,19,1,7.0,7.0
18819,11153,11,1,6.07,6.07
18820,11153,7,2,6.5,13.0
18821,11154,10,2,4.0,8.0
18822,11154,10,1,4.0,4.0
18823,11154,11,1,6.07,6.07
18824,11154,14,1,3.0,3.0
18825,11154,19,1,7.0,7.0
18826,11155,23,1,15.0,15.0
18827,11156,10,1,4.0,4.0
18828,11156,23,1,15.0,15.0
18829,11157,4,1,6.07,6.07
18830,11157,12,1,4.2,6.54
18831,11158,5,1,6.62,6.62
18832,11159,18,2,10.5,22.21
18833,11160,5,1,6.62,6.62
18834,11160,7,1,6.5,6.5
18835,11160,3,1,4.97,4.97
18836,11160,6,2,3.5,7.0
18837,11160,19,1,7.0,7.0
18838,11161,15,1,4.5,5.95
18839,11162,3,1,4.97,4.97
18840,11163,12,1,4.2,4.2
18841,11163,15,1,4.5,4.5
18842,11163,8,1,6.62,6.62
18843,11164,3,1,4.97,4.97
18844,11164,10,1,4.0,4.0
18845,11164,3,1,4.97,4.97
18846,11164,16,2,9.97,19.94
18847,11165,8,1,6.62,6.62
18848,11166,3,1,4.97,4.97
18849,11166,10,1,4.0,4.0
18850,11166,8,1,6.62,6.62
18851,11166,1,1,6.07,6.07
18852,11166,19,1,7.0,8.79
18853,11167,8,2,6.62,13.24
18854,11168,5,2,6.62,13.24
18855,11169,13,1,3.68,3.68
18856,11170,2,1,5.51,5.51
18857,11170,9,1,4.0,4.0
18858,11171,14,1,3.0,3.0
18859,11172,9,1,4.0,4.0
18860,11172,15,2,4.5,9.0
18861,11172,3,1,4.97,4.97
18862,11172,17,1,8.4,8.4
18863,11172,3,1,4.97,4.97
18864,11173,11,1,6.07,6.07
18865,11173,5,1,6.62,6.62
18866,11174,11,2,6.07,12.14
18867,11174,16,1,9.97,9.97
18868,11175,12,1,4.2,5.64
18869,11176,10,2,4.0,10.95
18870,11177,15,1,4.5,6.01
18871,11178,18,1,10.5,10.5
18872,11179,17,1,8.4,8.4
18873,11180,7,1,6.5,6.5
18874,11181,11,1,6.07,6.07
18875,11181,11,1,6.07,7.52
18876,11182,3,1,4.97,7.66
18877,11183,8,1,6.62,6.62
18878,11184,9,1,4.0,4.0
18879,11184,8,1,6.62,6.62
18880,11184,18,1,10.5,10.5
18881,11184,7,1,6.5,6.5
18882,11185,7,1,6.5,6.5
18883,11185,9,1,4.0,4.0
18884,11185,6,1,3.5,3.5
18885,11186,9,1,4.0,5.21
18886,11187,3,1,4.97,4.97
18887,11188,5,1,6.62,6.62
18888,11188,19,1,7.0,9.34
18889,11189,5,1,6.62,6.62
18890,11189,5,1,6.62,10.12
18891,11190,6,1,3.5,6.45
18892,11191,6,1,3.5,5.09
18893,11192,17,1,8.4,8.4
18894,11192,9,1,4.0,4.0
18895,11193,11,1,6.07,8.09
18896,11194,7,1,6.5,6.5
18897,11194,1,1,6.07,6.07
18898,11194,20,1,8.0,8.0
18899,11194,9,1,4.0,4.0
18900,11195,3,1,4.97,4.97
18901,11196,18,1,10.5,10.5
18902,11196,24,1,18.0,18.0
18903,11197,12,1,4.2,4.2
18904,11197,3,1,4.97,4.97
18905,11197,10,2,4.0,8.0
18906,11198,5,1,6.62,6.62
18907,11199,13,1,3.68,3.68
18908,11199,12,1,4.2,4.2
18909,11199,13,1,3.68,3.68
18910,11199,12,1,4.2,4.2
18911,11200,10,1,4.0,4.0
18912,11200,16,1,9.97,9.97
18913,11201,3,1,4.97,7.66
18914,11202,10,1,4.0,4.0
18915,11203,1,1,6.07,6.07
18916,11204,18,1,10.5,10.5
18917,11204,9,1,4.0,4.0
18918,11204,9,1,4.0,4.0
18919,11205,7,1,6.5,6.5
18920,11205,15,1,4.5,4.5
18921,11206,6,1,3.5,3.5
18922,11207,14,1,3.0,3.0
18923,11208,1,1,6.07,7.52
18924,11209,1,1,6.07,6.07
18925,11210,15,1,4.5,5.61
18926,11211,5,1,6.62,6.62
18927,11211,9,1,4.0,4.0
18928,11211,3,1,4.97,4.97
18929,11211,6,1,3.5,3.5
18930,11211,11,1,6.07,6.83
18931,11212,3,1,4.97,4.97
18932,11212,19,1,7.0,7.0
18933,11213,2,1,5.51,8.58
18934,11214,7,1,6.5,6.5
18935,11215,12,1,4.2,4.2
18936,11215,2,1,5.51,5.51
18937,11216,11,1,6.07,6.07
18938,11216,3,1,4.97,4.97
18939,11216,7,2,6.5,13.0
18940,11217,6,1,3.5,3.5
18941,11218,7,1,6.5,7.61
18942,11219,14,1,3.0,4.08
18943,11220,2,1,5.51,5.51
18944,11220,14,1,3.0,3.0
18945,11220,10,1,4.0,4.0
18946,11220,1,1,6.07,6.07
18947,11220,16,1,9.97,9.97
18948,11221,8,1,6.62,6.62
18949,11222,8,2,6.62,13.24
18950,11222,16,1,9.97,9.97
18951,11222,6,1,3.5,3.5
18952,11222,17,1,8.4,8.4
18953,11223,10,1,4.0,4.97
18954,11224,7,1,6.5,6.5
18955,11225,6,1,3.5,3.5
18956,11225,7,1,6.5,6.5
18957,11225,7,1,6.5,6.5
18958,11226,8,2,6.62,13.24
18959,11227,17,1,8.4,8.4
18960,11227,11,1,6.07,6.07
18961,11227,11,2,6.07,12.14
18962,11228,12,1,4.2,4.2
18963,11229,13,1,3.68,4.89
18964,11230,1,1,6.07,8.47
18965,11231,12,1,4.2,4.2
18966,11232,10,1,4.0,4.0
18967,11232,3,1,4.97,4.97
18968,11232,3,1,4.97,4.97
18969,11232,15,1,4.5,4.5
18970,11232,12,1,4.2,6.66
18971,11233,7,1,6.5,6.5
18972,11234,7,1,6.5,6.5
18973,11234,7,1,6.5,6.5
18974,11234,16,1,9.97,9.97
18975,11235,1,1,6.07,6.07
18976,11236,3,1,4.97,4.97
18977,11236,9,1,4.0,4.0
18978,11237,5,1,6.62,6.62
18979,11238,8,1,6.62,7.87
18980,11239,11,1,6.07,7.86
18981,11240,9,1,4.0,4.0
18982,11241,15,2,4.5,9.0
18983,11242,13,2,3.68,7.36
18984,11243,9,1,4.0,4.0
18985,11243,1,1,6.07,6.07
18986,11243,16,2,9.97,19.94
18987,11243,8,1,6.62,9.08
18988,11244,8,1,6.62,6.62
18989,11245,8,1,6.62,6.62
18990,11245,2,1,5.51,6.72
18991,11246,8,1,6.62,6.62
18992,11247,15,1,4.5,4.5
18993,11248,15,1,4.5,4.5
18994,11248,7,2,6.5,13.0
18995,11248,7,1,6.5,6.5
18996,11248,18,1,10.5,10.5
18997,11248,19,1,7.0,7.0
18998,11249,25,1,20.0,22.04
18999,11250,8,1,6.62,6.62
19000,11251,12,1,4.2,4.2
19001,11252,5,1,6.62,6.62
19002,11253,5,2,6.62,14.81
19003,11254,15,1,4.5,4.5
19004,11255,3,1,4.97,4.97
19005,11255,6,1,3.5,4.81
19006,11256,3,1,4.97,6.18
19007,11257,7,1,6.5,6.5
19008,11257,16,1,9.97,9.97
19009,11257,8,1,6.62,6.62
19010,11258,9,1,4.0,5.79
19011,11259,13,1,3.68,3.68
19012,11259,7,1,6.5,6.5
19013,11259,15,1,4.5,4.5
19014,11259,1,1,6.07,7.32
19015,11260,11,1,6.07,7.18
19016,11261,10,1,4.0,4.0
19017,11262,11,2,6.07,15.26
19018,11263,13,1,3.68,3.68
19019,11264,1,1,6.07,7.15
19020,11265,3,1,4.97,4.97
19021,11266,8,1,6.62,7.68
19022,11267,2,1,5.51,5.51
19023,11268,3,1,4.97,4.97
19024,11269,6,1,3.5,3.5
19025,11270,12,1,4.2,4.2
19026,11270,15,1,4.5,4.5
19027,11271,8,1,6.62,9.98
19028,11272,8,1,6.62,6.62
19029,11272,3,1,4.97,4.97
19030,11272,5,1,6.62,6.62
19031,11272,13,1,3.68,7.34
19032,11273,9,1,4.0,4.0
19033,11274,15,1,4.5,4.5
19034,11275,10,1,4.0,4.0
19035,11276,2,1,5.51,5.51
19036,11277,1,1,6.07,7.28
19037,11278,7,1,6.5,6.5
19038,11278,8,2,6.62,13.24
19039,11279,9,1,4.0,5.45
19040,11280,5,1,6.62,6.62
19041,11280,2,1,5.51,5.51
19042,11280,3,1,4.97,6.08
19043,11281,2,2,5.51,11.02
19044,11281,17,1,8.4,8.4
19045,11281,3,1,4.97,4.97
19046,11281,2,2,5.51,12.25
19047,11282,16,1,9.97,9.97
19048,11283,9,1,4.0,4.0
19049,11283,10,1,4.0,4.0
19050,11283,6,1,3.5,3.5
19051,11283,9,1,4.0,4.0
19052,11283,12,1,4.2,5.64
19053,11284,19,1,7.0,7.0
19054,11284,3,1,4.97,4.97
19055,11284,14,1,3.0,3.0
19056,11284,6,1,3.5,3.5
19057,11285,5,2,6.62,14.45
19058,11286,25,1,20.0,20.0
19059,11287,1,1,6.07,7.37
19060,11288,7,1,6.5,8.35
19061,11289,10,1,4.0,4.0
19062,11289,13,2,3.68,7.36
19063,11289,9,1,4.0,4.0
19064,11289,7,2,6.5,13.0
19065,11290,7,1,6.5,6.5
19066,11291,10,1,4.0,4.0
19067,11292,20,1,8.0,8.0
19068,11292,16,2,9.97,19.94
19069,11292,3,1,4.97,4.97
19070,11292,10,1,4.0,4.0
19071,11293,16,2,9.97,19.94
19072,11293,8,1,6.62,6.62
19073,11293,3,1,4.97,4.97
19074,11294,5,2,6.62,13.24
19075,11295,17,1,8.4,8.4
19076,11296,15,1,4.5,4.5
19077,11297,8,1,6.62,6.62
19078,11297,18,2,10.5,22.15
19079,11298,19,2,7.0,14.0
19080,11298,15,1,4.5,4.5
19081,11299,14,1,3.0,3.0
19082,11300,10,2,4.0,8.0
19083,11301,4,1,6.07,6.07
19084,11302,2,1,5.51,5.51
19085,11302,3,1,4.97,6.54
19086,11303,3,2,4.97,9.94
19087,11303,12,1,4.2,4.2
19088,11304,2,1,5.51,5.51
19089,11305,8,1,6.62,6.62
19090,11305,1,1,6.07,7.64
19091,11306,10,1,4.0,4.0
19092,11307,7,1,6.5,6.5
19093,11308,18,1,10.5,10.5
19094,11309,11,1,6.07,7.13
19095,11310,10,1,4.0,6.97
19096,11311,11,2,6.07,13.2
19097,11312,9,1,4.0,4.0
19098,11312,8,1,6.62,6.62
19099,11312,10,1,4.0,4.0
19100,11312,16,1,9.97,9.97
19101,11312,15,1,4.5,4.5
19102,11313,16,2,9.97,19.94
19103,11313,7,2,6.5,13.0
19104,11313,7,1,6.5,6.5
19105,11314,2,2,5.51,11.02
19106,11314,6,1,3.5,3.5
19107,11314,7,1,6.5,6.5
19108,11314,15,1,4.5,4.5
19109,11315,11,1,6.07,6.07
19110,11315,5,1,6.62,6.62
19111,11316,11,1,6.07,6.07
19112,11316,16,1,9.97,9.97
19113,11317,1,1,6.07,6.07
19114,11317,11,1,6.07,6.07
19115,11318,7,1,6.5,6.5
19116,11319,2,1,5.51,5.51
19117,11320,10,1,4.0,4.0
19118,11321,16,1,9.97,9.97
19119,11321,3,1,4.97,6.22
19120,11322,19,1,7.0,7.0
19121,11323,13,1,3.68,3.68
19122,11324,17,1,8.4,9.43
19123,11325,18,1,10.5,10.5
19124,11326,2,1,5.51,7.1
19125,11327,7,1,6.5,6.5
19126,11327,2,1,5.51,6.28
19127,11328,11,1,6.07,6.07
19128,11328,12,1,4.2,4.2
19129,11328,9,1,4.0,4.0
19130,11329,1,1,6.07,6.07
19131,11329,8,1,6.62,6.62
19132,11329,20,1,8.0,8.0
19133,11329,8,1,6.62,6.62
19134,11330,6,1,3.5,3.5
19135,11331,2,1,5.51,5.51
19136,11331,6,1,3.5,3.5
19137,11332,3,1,4.97,8.21
19138,11333,5,1,6.62,6.62
19139,11334,1,1,6.07,6.07
19140,11335,2,1,5.51,5.51
19141,11336,3,2,4.97,9.94
19142,11337,10,1,4.0,4.0
19143,11337,10,1,4.0,4.0
19144,11337,1,1,6.07,9.04
19145,11338,14,1,3.0,6.66
19146,11339,5,1,6.62,6.62
19147,11340,3,1,4.97,4.97
19148,11340,25,1,20.0,20.0
19149,11340,17,1,8.4,8.4
19150,11340,17,2,8.4,16.8
19151,11341,11,1,6.07,6.07
19152,11342,9,1,4.0,4.0
19153,11342,19,1,7.0,7.0
19154,11342,12,2,4.2,8.4
19155,11343,10,1,4.0,4.0
19156,11343,11,1,6.07,9.14
19157,11344,15,1,4.5,5.71
19158,11345,9,2,4.0,8.0
19159,11345,3,1,4.97,6.0
19160,11346,9,1,4.0,5.03
19161,11347,5,2,6.62,13.24
19162,11348,5,1,6.62,6.62
19163,11349,18,1,10.5,10.5
19164,11350,18,2,10.5,21.0
19165,11351,2,1,5.51,5.51
19166,11352,2,1,5.51,8.58
19167,11353,1,1,6.07,6.07
19168,11354,1,1,6.07,6.07
19169,11354,12,1,4.2,4.2
19170,11355,8,1,6.62,6.62
19171,11355,17,1,8.4,8.4
19172,11356,3,1,4.97,5.94
19173,11357,8,1,6.62,6.62
19174,11358,11,1,6.07,6.07
19175,11358,5,1,6.62,6.62
19176,11358,17,1,8.4,8.4
19177,11358,12,1,4.2,4.2
19178,11358,6,1,3.5,4.3
19179,11359,5,1,6.62,6.62
19180,11359,11,1,6.07,6.07
19181,11359,8,1,6.62,6.62
19182,11359,18,1,10.5,10.5
19183,11359,11,1,6.07,6.07
19184,11360,14,1,3.0,3.0
19185,11361,10,1,4.0,4.0
19186,11361,1,1,6.07,6.07
19187,11362,2,1,5.51,5.51
19188,11363,9,2,4.0,8.0
19189,11364,15,1,4.5,6.9
19190,11365,9,1,4.0,4.0
19191,11365,1,1,6.07,6.07
19192,11365,14,1,3.0,3.0
19193,11365,2,1,5.51,5.51
19194,11366,1,1,6.07,6.07
19195,11367,9,2,4.0,8.0
19196,11368,15,1,4.5,4.5
19197,11369,2,1,5.51,5.51
19198,11370,12,1,4.2,4.2
19199,11370,19,1,7.0,7.0
19200,11370,9,1,4.0,4.0
19201,11371,3,1,4.97,7.31
19202,11372,7,2,6.5,14.59
19203,11373,8,1,6.62,7.65
19204,11374,15,1,4.5,4.5
19205,11375,25,1,20.0,20.0
19206,11376,18,1,10.5,11.61
19207,11377,5,1,6.62,6.62
19208,11377,13,2,3.68,7.36
19209,11377,1,1,6.07,6.07
19210,11377,6,1,3.5,3.5
19211,11378,5,1,6.62,6.62
19212,11379,10,1,4.0,4.0
19213,11379,14,1,3.0,3.0
19214,11380,5,1,6.62,6.62
19215,11381,3,2,4.97,9.94
19216,11381,4,2,6.07,12.91
19217,11382,5,1,6.62,6.62
19218,11383,10,1,4.0,6.57
19219,11384,4,1,6.07,6.07
19220,11384,9,1,4.0,5.02
19221,11385,10,1,4.0,4.0
19222,11386,2,1,5.51,5.51
19223,11387,9,1,4.0,4.0
19224,11388,1,1,6.07,6.07
19225,11389,16,1,9.97,9.97
19226,11390,12,1,4.2,4.2
19227,11391,15,1,4.5,4.5
19228,11392,16,1,9.97,9.97
19229,11393,11,2,6.07,14.48
19230,11394,13,1,3.68,3.68
19231,11394,1,1,6.07,6.07
19232,11395,16,1,9.97,10.94
19233,11396,10,1,4.0,4.98
19234,11397,1,1,6.07,8.76
19235,11398,9,1,4.0,4.0
19236,11398,6,1,3.5,3.5
19237,11399,7,1,6.5,6.5
19238,11399,18,1,10.5,11.71
19239,11400,8,1,6.62,6.62
19240,11401,7,1,6.5,6.5
19241,11401,6,2,3.5,7.0
19242,11402,1,1,6.07,7.28
19243,11403,1,1,6.07,7.15
19244,11404,2,1,5.51,5.51
19245,11405,9,1,4.0,4.0
19246,11406,10,1,4.0,4.0
19247,11406,8,1,6.62,6.62
19248,11406,2,1,5.51,5.51
19249,11406,14,1,3.0,3.0
19250,11407,2,1,5.51,5.51
19251,11408,7,1,6.5,6.5
19252,11408,2,1,5.51,5.51
19253,11409,14,1,3.0,3.0
19254,11410,15,2,4.5,10.16
19255,11411,13,2,3.68,9.15
19256,11412,6,1,3.5,3.5
19257,11413,3,1,4.97,4.97
19258,11413,4,1,6.07,6.07
19259,11413,11,2,6.07,12.14
19260,11413,6,1,3.5,3.5
19261,11414,1,1,6.07,6.07
19262,11414,8,1,6.62,7.83
19263,11415,5,1,6.62,6.62
19264,11415,8,2,6.62,13.24
19265,11415,7,2,6.5,13.0
19266,11415,9,1,4.0,4.0
19267,11416,3,1,4.97,4.97
19268,11417,18,1,10.5,13.19
19269,11418,7,1,6.5,6.5
19270,11418,17,1,8.4,8.4
19271,11418,3,1,4.97,4.97
19272,11418,3,1,4.97,5.94
19273,11419,6,1,3.5,3.5
19274,11419,16,1,9.97,9.97
19275,11419,5,2,6.62,14.69
19276,11420,10,1,4.0,4.0
19277,11421,11,2,6.07,12.14
19278,11422,11,2,6.07,12.14
19279,11423,14,2,3.0,6.0
19280,11423,1,1,6.07,7.52
19281,11424,12,1,4.2,4.2
19282,11424,13,1,3.68,3.68
19283,11425,1,1,6.07,7.94
19284,11426,15,2,4.5,9.0
19285,11426,12,1,4.2,4.2
19286,11427,5,1,6.62,7.87
19287,11428,19,1,7.0,10.36
19288,11429,12,1,4.2,7.56
19289,11430,8,2,6.62,13.24
19290,11430,5,1,6.62,6.62
19291,11430,10,1,4.0,4.0
19292,11430,8,1,6.62,6.62
19293,11431,10,2,4.0,9.25
19294,11432,2,1,5.51,5.51
19295,11433,1,1,6.07,7.13
19296,11434,3,1,4.97,4.97
19297,11435,7,1,6.5,6.5
19298,11436,16,1,9.97,9.97
19299,11436,6,1,3.5,3.5
19300,11436,3,1,4.97,4.97
19301,11436,12,1,4.2,4.2
19302,11436,3,1,4.97,4.97
19303,11437,1,1,6.07,6.07
19304,11437,8,1,6.62,6.62
19305,11438,12,1,4.2,4.2
19306,11439,3,1,4.97,4.97
19307,11439,4,1,6.07,6.07
19308,11439,11,2,6.07,13.12
19309,11440,9,1,4.0,4.0
19310,11441,9,1,4.0,4.0
19311,11442,7,1,6.5,6.5
19312,11443,1,1,6.07,6.07
19313,11444,10,1,4.0,5.3
19314,11445,15,1,4.5,4.5
19315,11445,9,1,4.0,4.0
19316,11445,18,1,10.5,10.5
19317,11445,8,1,6.62,6.62
19318,11445,2,1,5.51,5.51
19319,11446,15,1,4.5,4.5
19320,11447,2,1,5.51,5.51
19321,11448,6,1,3.5,3.5
19322,11449,7,1,6.5,6.5
19323,11450,15,1,4.5,4.5
19324,11451,1,1,6.07,7.04
19325,11452,9,1,4.0,4.0
19326,11452,15,1,4.5,4.5
19327,11452,18,1,10.5,10.5
19328,11453,9,1,4.0,7.07
19329,11454,8,1,6.62,6.62
19330,11455,6,2,3.5,7.0
19331,11456,2,1,5.51,5.51
19332,11456,1,1,6.07,6.07
19333,11457,18,2,10.5,21.0
19334,11458,11,1,6.07,6.07
19335,11459,5,1,6.62,6.62
19336,11459,9,1,4.0,4.0
19337,11460,8,1,6.62,6.62
19338,11460,10,1,4.0,4.0
19339,11460,3,1,4.97,4.97
19340,11460,7,1,6.5,6.5
19341,11460,8,2,6.62,13.24
19342,11461,8,1,6.62,6.62
19343,11462,15,1,4.5,4.5
19344,11462,10,1,4.0,6.4
19345,11463,2,1,5.51,5.51
19346,11464,9,1,4.0,5.48
19347,11465,1,1,6.07,6.07
19348,11466,8,2,6.62,13.24
19349,11467,11,1,6.07,6.07
19350,11467,3,1,4.97,4.97
19351,11467,3,1,4.97,4.97
19352,11467,17,1,8.4,8.4
19353,11467,10,1,4.0,7.5
19354,11468,15,1,4.5,4.5
19355,11468,10,1,4.0,4.0
19356,11468,2,1,5.51,5.51
19357,11469,7,1,6.5,6.5
19358,11470,6,1,3.5,3.5
19359,11470,16,1,9.97,9.97
19360,11470,16,1,9.97,11.0
19361,11471,8,1,6.62,6.62
19362,11472,9,1,4.0,4.0
19363,11473,10,1,4.0,4.0
19364,11474,9,1,4.0,4.0
19365,11474,3,2,4.97,9.94
19366,11475,8,1,6.62,6.62
19367,11475,10,1,4.0,4.0
19368,11476,1,2,6.07,12.14
19369,11476,3,1,4.97,4.97
19370,11476,9,1,4.0,5.06
19371,11477,10,1,4.0,4.0
19372,11478,7,1,6.5,6.5
19373,11478,11,1,6.07,6.07
19374,11479,18,1,10.5,10.5
19375,11480,8,1,6.62,6.62
19376,11480,17,1,8.4,9.59
19377,11481,5,2,6.62,13.24
19378,11481,17,1,8.4,8.4
19379,11482,9,1,4.0,4.0
19380,11483,16,1,9.97,9.97
19381,11484,14,2,3.0,7.06
19382,11485,14,1,3.0,4.21
19383,11486,7,1,6.5,6.5
19384,11486,6,1,3.5,3.5
19385,11486,8,1,6.62,6.62
19386,11486,5,1,6.62,7.92
19387,11487,2,1,5.51,5.51
19388,11487,7,1,6.5,6.5
19389,11487,6,2,3.5,7.0
19390,11487,5,1,6.62,6.62
19391,11488,9,1,4.0,4.0
19392,11489,16,2,9.97,19.94
19393,11489,5,1,6.62,7.83
19394,11490,9,1,4.0,6.4
19395,11491,3,2,4.97,9.94
19396,11492,14,1,3.0,4.1
19397,11493,1,2,6.07,12.14
19398,11493,1,2,6.07,14.83
19399,11494,17,1,8.4,8.4
19400,11495,9,1,4.0,4.0
19401,11495,16,1,9.97,9.97
19402,11495,10,1,4.0,4.0
19403,11495,14,1,3.0,3.0
19404,11495,2,2,5.51,11.02
19405,11496,14,1,3.0,3.84
19406,11497,5,1,6.62,6.62
19407,11497,6,1,3.5,3.5
19408,11498,5,1,6.62,6.62
19409,11499,3,1,4.97,4.97
19410,11500,8,1,6.62,6.62
19411,11501,3,1,4.97,4.97
19412,11502,16,1,9.97,9.97
19413,11502,15,2,4.5,9.0
19414,11502,14,2,3.0,8.42
19415,11503,3,1,4.97,4.97
19416,11503,7,1,6.5,6.5
19417,11503,1,1,6.07,6.07
19418,11504,3,1,4.97,4.97
19419,11504,3,1,4.97,4.97
19420,11505,8,1,6.62,7.85
19421,11506,16,1,9.97,9.97
19422,11506,3,1,4.97,4.97
19423,11506,5,1,6.62,6.62
19424,11506,18,1,10.5,10.5
19425,11507,20,1,8.0,8.0
19426,11508,1,1,6.07,7.51
19427,11509,1,2,6.07,13.29
19428,11510,6,2,3.5,7.0
19429,11511,2,1,5.51,7.85
19430,11512,10,1,4.0,4.0
19431,11513,10,2,4.0,8.0
19432,11513,3,2,4.97,9.94
19433,11513,21,1,25.0,25.0
19434,11513,1,1,6.07,6.07
19435,11513,8,1,6.62,6.62
19436,11514,11,1,6.07,7.22
19437,11515,8,1,6.62,8.07
19438,11516,16,2,9.97,19.94
19439,11516,15,1,4.5,5.75
19440,11517,20,1,8.0,8.0
19441,11518,9,1,4.0,4.0
19442,11519,11,2,6.07,12.14
19443,11520,19,1,7.0,7.0
19444,11521,18,1,10.5,10.5
19445,11521,3,1,4.97,4.97
19446,11522,9,2,4.0,8.0
19447,11523,6,1,3.5,3.5
19448,11524,5,1,6.62,6.62
19449,11525,12,1,4.2,5.35
19450,11526,18,2,10.5,22.59
19451,11527,14,1,3.0,3.0
19452,11527,2,1,5.51,5.51
19453,11527,19,1,7.0,7.0
19454,11528,8,1,6.62,6.62
19455,11528,11,1,6.07,6.07
19456,11528,19,2,7.0,14.0
19457,11529,14,1,3.0,4.21
19458,11530,8,2,6.62,13.24
19459,11530,19,2,7.0,14.0
19460,11531,9,1,4.0,7.12
19461,11532,11,1,6.07,6.07
19462,11532,9,1,4.0,4.85
19463,11533,17,2,8.4,16.8
19464,11533,13,1,3.68,3.68
19465,11533,6,1,3.5,5.54
19466,11534,11,1,6.07,6.07
19467,11535,7,2,6.5,13.0
19468,11535,6,1,3.5,4.53
19469,11536,11,1,6.07,6.07
19470,11536,11,1,6.07,6.07
19471,11537,18,1,10.5,10.5
19472,11538,17,1,8.4,8.4
19473,11539,12,1,4.2,4.2
19474,11539,2,1,5.51,5.51
19475,11539,6,1,3.5,3.5
19476,11539,1,1,6.07,7.66
19477,11540,7,1,6.5,6.5
19478,11541,9,1,4.0,4.84
19479,11542,6,1,3.5,3.5
19480,11542,13,1,3.68,3.68
19481,11543,4,1,6.07,6.07
19482,11544,17,1,8.4,8.4
19483,11544,18,1,10.5,10.5
19484,11544,14,1,3.0,4.45
19485,11545,3,1,4.97,6.13
19486,11546,3,1,4.97,4.97
19487,11547,9,1,4.0,4.0
19488,11548,6,1,3.5,4.98
19489,11549,14,1,3.0,4.16
19490,11550,11,2,6.07,12.9
19491,11551,11,1,6.07,6.07
19492,11551,14,1,3.0,4.68
19493,11552,4,2,6.07,12.14
19494,11553,7,1,6.5,6.5
19495,11554,6,1,3.5,5.01
19496,11555,15,1,4.5,5.53
19497,11556,9,1,4.0,4.0
19498,11557,17,2,8.4,16.8
19499,11558,2,1,5.51,5.51
19500,11559,8,1,6.62,6.62
19501,11559,1,1,6.07,6.07
19502,11559,5,1,6.62,6.62
19503,11560,10,1,4.0,4.0
19504,11561,2,2,5.51,11.02
19505,11562,18,2,10.5,21.0
19506,11563,25,1,20.0,23.5
19507,11564,1,1,6.07,6.07
19508,11564,21,1,25.0,25.0
19509,11564,6,1,3.5,3.5
19510,11565,11,1,6.07,6.07
19511,11565,7,1,6.5,6.5
19512,11565,6,1,3.5,3.5
19513,11565,5,1,6.62,6.62
19514,11566,16,1,9.97,9.97
19515,11567,20,1,8.0,8.0
19516,11568,6,1,3.5,5.37
19517,11569,7,1,6.5,6.5
19518,11569,6,1,3.5,3.5
19519,11570,6,2,3.5,7.0
19520,11570,14,1,3.0,4.94
19521,11571,17,1,8.4,8.4
19522,11572,12,1,4.2,7.17
19523,11573,5,1,6.62,9.69
19524,11574,17,2,8.4,16.8
19525,11575,8,2,6.62,13.24
19526,11576,2,1,5.51,6.61
19527,11577,11,1,6.07,6.07
19528,11577,5,1,6.62,6.62
19529,11578,13,1,3.68,3.68
19530,11579,11,1,6.07,6.07
19531,11580,17,1,8.4,8.4
19532,11580,3,1,4.97,4.97
19533,11580,6,1,3.5,3.5
19534,11581,20,1,8.0,8.0
19535,11582,7,1,6.5,8.09
19536,11583,11,1,6.07,7.94
19537,11584,7,1,6.5,6.5
19538,11584,7,1,6.5,6.5
19539,11584,1,1,6.07,6.07
19540,11584,3,1,4.97,4.97
19541,11584,15,1,4.5,6.16
19542,11585,19,1,7.0,7.0
19543,11586,9,1,4.0,7.07
19544,11587,1,1,6.07,7.18
19545,11588,24,1,18.0,18.0
19546,11588,14,1,3.0,3.0
19547,11588,7,1,6.5,6.5
19548,11588,14,1,3.0,3.0
19549,11589,8,1,6.62,6.62
19550,11589,9,1,4.0,4.0
19551,11590,1,1,6.07,6.07
19552,11591,11,1,6.07,6.07
19553,11592,8,1,6.62,6.62
19554,11592,9,1,4.0,4.0
19555,11592,3,1,4.97,4.97
19556,11592,3,1,4.97,4.97
19557,11592,9,1,4.0,4.77
19558,11593,9,2,4.0,10.69
19559,11594,18,1,10.5,12.92
19560,11595,19,2,7.0,14.0
19561,11595,3,1,4.97,6.18
19562,11596,1,1,6.07,6.07
19563,11596,3,1,4.97,4.97
19564,11597,9,1,4.0,4.0
19565,11598,8,1,6.62,6.62
19566,11598,6,1,3.5,3.5
19567,11598,14,2,3.0,6.97
19568,11599,15,1,4.5,4.5
19569,11599,16,1,9.97,9.97
19570,11599,13,1,3.68,3.68
19571,11599,2,1,5.51,5.51
19572,11599,5,1,6.62,8.13
19573,11600,14,1,3.0,3.0
19574,11601,6,1,3.5,3.5
19575,11601,18,1,10.5,10.5
19576,11601,5,1,6.62,9.57
19577,11602,14,1,3.0,3.0
19578,11603,9,1,4.0,4.0
19579,11603,9,1,4.0,4.0
19580,11604,5,1,6.62,6.62
19581,11605,8,1,6.62,7.7
19582,11606,25,1,20.0,21.54
19583,11607,6,1,3.5,3.5
19584,11608,11,2,6.07,12.14
19585,11608,12,1,4.2,5.41
19586,11609,11,1,6.07,7.1
19587,11610,6,1,3.5,3.5
19588,11611,9,1,4.0,4.0
19589,11612,4,1,6.07,6.07
19590,11613,10,1,4.0,4.0
19591,11614,21,1,25.0,26.21
19592,11615,3,1,4.97,4.97
19593,11616,10,1,4.0,6.4
19594,11617,8,1,6.62,6.62
19595,11617,13,1,3.68,3.68
19596,11617,7,1,6.5,6.5
19597,11618,18,1,10.5,11.35
19598,11619,5,1,6.62,9.59
19599,11620,6,1,3.5,3.5
19600,11620,13,2,3.68,7.36
19601,11620,10,1,4.0,4.0
19602,11620,6,1,3.5,3.5
19603,11620,19,1,7.0,7.98
19604,11621,15,1,4.5,4.5
19605,11621,12,1,4.2,4.2
19606,11621,3,1,4.97,4.97
19607,11621,7,1,6.5,6.5
19608,11622,2,1,5.51,5.51
19609,11623,7,2,6.5,13.0
19610,11624,9,1,4.0,4.0
19611,11624,1,1,6.07,6.07
19612,11624,7,1,6.5,7.56
19613,11625,7,1,6.5,8.29
19614,11626,14,1,3.0,4.87
19615,11627,2,1,5.51,5.51
19616,11628,2,1,5.51,5.51
19617,11629,14,1,3.0,3.0
19618,11629,15,1,4.5,4.5
19619,11629,3,1,4.97,6.18
19620,11630,19,1,7.0,7.0
19621,11630,3,1,4.97,4.97
19622,11630,17,1,8.4,8.4
19623,11630,7,1,6.5,6.5
19624,11630,14,1,3.0,3.0
19625,11631,2,2,5.51,11.02
19626,11632,11,1,6.07,9.14
19627,11633,5,1,6.62,7.83
19628,11634,18,1,10.5,10.5
19629,11635,3,1,4.97,8.21
19630,11636,11,1,6.07,6.07
19631,11637,11,2,6.07,12.94
19632,11638,7,2,6.5,13.0
19633,11638,7,1,6.5,6.5
19634,11638,2,1,5.51,5.51
19635,11639,7,1,6.5,6.5
19636,11640,12,1,4.2,4.2
19637,11641,1,1,6.07,7.66
19638,11642,15,1,4.5,7.45
19639,11643,18,1,10.5,10.5
19640,11644,5,1,6.62,6.62
19641,11645,6,1,3.5,3.5
19642,11646,3,1,4.97,4.97
19643,11646,19,1,7.0,7.0
19644,11647,17,1,8.4,8.4
19645,11648,20,1,8.0,9.44
19646,11649,12,1,4.2,4.2
19647,11649,3,1,4.97,4.97
19648,11649,10,1,4.0,4.0
19649,11649,16,1,9.97,9.97
19650,11649,7,1,6.5,7.75
19651,11650,6,1,3.5,3.5
19652,11650,9,1,4.0,4.0
19653,11651,10,1,4.0,4.0
19654,11651,11,1,6.07,6.07
19655,11652,15,1,4.5,4.5
19656,11653,14,1,3.0,3.0
19657,11654,10,1,4.0,5.11
19658,11655,1,1,6.07,6.07
19659,11656,11,2,6.07,12.14
19660,11657,14,1,3.0,3.0
19661,11658,6,1,3.5,3.5
19662,11658,22,1,8.0,8.0
19663,11659,11,1,6.07,6.07
19664,11659,14,2,3.0,6.0
19665,11659,3,2,4.97,9.94
19666,11659,18,1,10.5,10.5
19667,11660,16,1,9.97,9.97
19668,11661,16,1,9.97,9.97
19669,11662,3,1,4.97,4.97
19670,11663,10,1,4.0,4.0
19671,11664,10,1,4.0,7.05
19672,11665,6,1,3.5,4.65
19673,11666,12,2,4.2,10.25
19674,11667,9,1,4.0,4.0
19675,11668,6,1,3.5,3.5
19676,11669,14,1,3.0,3.0
19677,11670,10,2,4.0,8.0
19678,11670,15,1,4.5,4.5
19679,11670,3,1,4.97,4.97
19680,11670,7,1,6.5,6.5
19681,11671,1,1,6.07,6.07
19682,11671,18,1,10.5,10.5
19683,11672,3,1,4.97,4.97
19684,11673,15,1,4.5,7.57
19685,11674,8,1,6.62,7.92
19686,11675,8,1,6.62,6.62
19687,11675,18,1,10.5,10.5
19688,11675,5,1,6.62,6.62
19689,11675,15,1,4.5,4.5
19690,11675,4,1,6.07,9.12
19691,11676,5,1,6.62,6.62
19692,11677,7,1,6.5,6.5
19693,11677,5,1,6.62,6.62
19694,11678,10,1,4.0,5.66
19695,11679,3,1,4.97,4.97
19696,11680,11,1,6.07,6.07
19697,11681,6,1,3.5,3.5
19698,11682,7,1,6.5,7.66
19699,11683,5,2,6.62,13.24
19700,11683,10,2,4.0,8.0
19701,11683,1,2,6.07,12.14
19702,11683,1,1,6.07,6.07
19703,11683,12,1,4.2,4.2
19704,11684,3,1,4.97,4.97
19705,11685,18,1,10.5,10.5
19706,11686,7,1,6.5,6.5
19707,11687,1,1,6.07,6.07
19708,11687,4,1,6.07,6.07
19709,11687,1,1,6.07,7.13
19710,11688,4,1,6.07,6.07
19711,11689,14,1,3.0,3.8
19712,11690,4,1,6.07,9.57
19713,11691,6,1,3.5,3.5
19714,11691,8,1,6.62,6.62
19715,11691,6,1,3.5,3.5
19716,11691,5,1,6.62,6.62
19717,11691,10,1,4.0,4.0
19718,11692,5,1,6.62,6.62
19719,11693,18,1,10.5,10.5
19720,11693,2,1,5.51,5.51
19721,11694,2,1,5.51,5.51
19722,11694,15,1,4.5,4.5
19723,11695,4,2,6.07,12.14
19724,11695,2,1,5.51,5.51
19725,11695,2,1,5.51,7.19
19726,11696,2,1,5.51,5.51
19727,11696,1,1,6.07,6.07
19728,11697,2,1,5.51,5.51
19729,11698,9,1,4.0,4.0
19730,11699,7,1,6.5,6.5
19731,11699,16,1,9.97,13.33
19732,11700,12,2,4.2,8.4
19733,11700,2,1,5.51,5.51
19734,11700,19,2,7.0,14.0
19735,11701,13,2,3.68,7.36
19736,11701,8,1,6.62,7.65
19737,11702,18,1,10.5,10.5
19738,11703,18,1,10.5,10.5
19739,11704,11,2,6.07,12.14
19740,11705,9,1,4.0,4.0
19741,11706,1,1,6.07,9.31
19742,11707,15,1,4.5,7.57
19743,11708,15,1,4.5,4.5
19744,11708,8,2,6.62,13.24
19745,11709,5,1,6.62,6.62
19746,11710,14,1,3.0,4.08
19747,11711,9,1,4.0,7.66
19748,11712,3,1,4.97,4.97
19749,11712,7,1,6.5,6.5
19750,11712,1,1,6.07,7.32
19751,11713,11,1,6.07,8.98
19752,11714,15,1,4.5,4.5
19753,11714,5,2,6.62,13.24
19754,11714,11,1,6.07,6.07
19755,11714,3,2,4.97,11.09
19756,11715,21,1,25.0,25.0
19757,11716,4,1,6.07,7.94
19758,11717,18,1,10.5,10.5
19759,11718,5,1,6.62,7.65
19760,11719,7,1,6.5,6.5
19761,11720,8,1,6.62,6.62
19762,11721,18,2,10.5,22.19
19763,11722,6,1,3.5,3.5
19764,11723,5,2,6.62,15.64
19765,11724,1,1,6.07,6.84
19766,11725,19,1,7.0,7.0
19767,11725,10,1,4.0,5.59
19768,11726,19,2,7.0,14.0
19769,11727,8,1,6.62,6.62
19770,11727,19,1,7.0,7.0
19771,11728,16,1,9.97,11.65
19772,11729,11,1,6.07,6.07
19773,11730,6,1,3.5,3.5
19774,11731,3,1,4.97,7.01
19775,11732,11,1,6.07,6.07
19776,11733,11,1,6.07,6.07
19777,11734,2,1,5.51,6.96
19778,11735,11,1,6.07,6.07
19779,11736,19,1,7.0,8.3
19780,11737,5,1,6.62,7.87
19781,11738,10,2,4.0,8.0
19782,11738,11,1,6.07,6.07
19783,11739,14,1,3.0,3.0
19784,11739,4,1,6.07,6.07
19785,11739,19,1,7.0,7.0
19786,11740,7,1,6.5,6.5
19787,11741,17,2,8.4,16.8
19788,11741,4,1,6.07,6.07
19789,11741,3,1,4.97,4.97
19790,11741,11,1,6.07,6.07
19791,11742,9,1,4.0,4.77
19792,11743,2,1,5.51,5.51
19793,11744,12,1,4.2,4.2
19794,11745,13,1,3.68,3.68
19795,11746,2,1,5.51,5.51
19796,11746,9,1,4.0,7.5
19797,11747,6,1,3.5,3.5
19798,11748,11,1,6.07,6.07
19799,11749,13,1,3.68,6.1
19800,11750,10,1,4.0,4.0
19801,11750,2,1,5.51,5.51
19802,11751,1,1,6.07,6.07
19803,11752,17,1,8.4,9.7
19804,11753,6,1,3.5,4.71
19805,11754,11,1,6.07,7.64
19806,11755,2,2,5.51,11.02
19807,11755,7,1,6.5,8.84
19808,11756,19,2,7.0,14.0
19809,11756,17,2,8.4,16.8
19810,11756,21,1,25.0,25.0
19811,11757,1,1,6.07,6.07
19812,11757,10,1,4.0,5.02
19813,11758,6,1,3.5,3.5
19814,11758,2,2,5.51,11.02
19815,11759,13,1,3.68,5.27
19816,11760,3,2,4.97,9.94
19817,11761,3,1,4.97,4.97
19818,11762,24,1,18.0,18.0
19819,11762,17,2,8.4,16.8
19820,11762,12,2,4.2,9.37
19821,11763,13,1,3.68,3.68
19822,11764,13,1,3.68,3.68
19823,11765,6,1,3.5,4.75
19824,11766,9,1,4.0,4.0
19825,11767,19,1,7.0,7.0
19826,11768,21,1,25.0,25.0
19827,11769,17,1,8.4,8.4
19828,11770,2,1,5.51,6.31
19829,11771,2,1,5.51,5.51
19830,11771,3,2,4.97,9.94
19831,11772,8,1,6.62,6.62
19832,11773,9,1,4.0,4.0
19833,11774,15,1,4.5,4.5
19834,11775,19,1,7.0,7.0
19835,11776,17,2,8.4,18.74
19836,11777,3,1,4.97,4.97
19837,11778,8,1,6.62,7.64
19838,11779,19,2,7.0,14.0
19839,11779,3,1,4.97,4.97
19840,11780,3,1,4.97,4.97
19841,11780,8,1,6.62,6.62
19842,11780,13,1,3.68,3.68
19843,11781,24,1,18.0,18.0
19844,11781,15,1,4.5,4.5
19845,11781,15,1,4.5,4.5
19846,11782,4,1,6.07,7.28
19847,11783,19,1,7.0,7.0
19848,11784,4,2,6.07,12.14
19849,11785,23,1,15.0,15.0
19850,11786,9,1,4.0,4.0
19851,11787,8,1,6.62,6.62
19852,11788,20,1,8.0,8.0
19853,11788,7,1,6.5,6.5
19854,11789,2,1,5.51,5.51
19855,11789,8,1,6.62,8.07
19856,11790,11,1,6.07,7.64
19857,11791,6,1,3.5,3.5
19858,11792,2,1,5.51,5.51
19859,11793,14,1,3.0,3.0
19860,11794,5,1,6.62,6.62
19861,11794,11,1,6.07,6.07
19862,11794,5,1,6.62,6.62
19863,11794,17,1,8.4,8.4
19864,11795,14,1,3.0,3.97
19865,11796,18,1,10.5,10.5
19866,11797,17,1,8.4,9.71
19867,11798,17,2,8.4,16.8
19868,11798,12,2,4.2,8.4
19869,11799,8,2,6.62,15.09
19870,11800,12,1,4.2,4.2
19871,11800,6,1,3.5,7.16
19872,11801,13,2,3.68,7.36
19873,11801,7,1,6.5,6.5
19874,11801,15,1,4.5,6.92
19875,11802,9,1,4.0,4.0
19876,11802,11,1,6.07,6.07
19877,11802,11,1,6.07,6.07
19878,11803,14,2,3.0,7.59
19879,11804,6,2,3.5,7.0
19880,11805,11,2,6.07,13.35
19881,11806,7,1,6.5,6.5
19882,11806,18,1,10.5,10.5
19883,11807,17,1,8.4,8.4
19884,11808,11,1,6.07,6.07
19885,11809,7,1,6.5,7.26
19886,11810,18,2,10.5,21.0
19887,11811,5,1,6.62,8.56
19888,11812,6,1,3.5,3.5
19889,11813,11,2,6.07,12.14
19890,11813,6,1,3.5,3.5
19891,11813,1,1,6.07,6.07
19892,11813,7,1,6.5,6.5
19893,11813,8,1,6.62,6.62
19894,11814,3,1,4.97,4.97
19895,11815,15,1,4.5,4.5
19896,11816,16,1,9.97,9.97
19897,11816,7,1,6.5,8.04
19898,11817,7,1,6.5,6.5
19899,11818,5,1,6.62,7.81
19900,11819,11,1,6.07,6.07
19901,11819,19,1,7.0,7.0
19902,11819,2,1,5.51,5.51
19903,11819,3,1,4.97,4.97
19904,11819,22,1,8.0,8.0
19905,11820,19,1,7.0,7.0
19906,11820,11,1,6.07,6.07
19907,11821,17,1,8.4,12.06
19908,11822,2,1,5.51,5.51
19909,11822,15,1,4.5,4.5
19910,11822,17,1,8.4,8.4
19911,11822,2,1,5.51,5.51
19912,11822,11,1,6.07,6.07
19913,11823,3,1,4.97,4.97
19914,11823,8,1,6.62,6.62
19915,11823,3,1,4.97,4.97
19916,11824,1,1,6.07,6.07
19917,11824,3,1,4.97,4.97
19918,11824,17,2,8.4,18.1
19919,11825,12,1,4.2,4.2
19920,11826,16,1,9.97,9.97
19921,11827,7,2,6.5,13.0
19922,11828,13,1,3.68,3.68
19923,11829,9,2,4.0,8.0
19924,11829,9,1,4.0,5.06
19925,11830,2,1,5.51,7.11
19926,11831,19,1,7.0,7.0
19927,11831,6,1,3.5,3.5
19928,11831,2,1,5.51,5.51
19929,11831,13,1,3.68,3.68
19930,11832,5,1,6.62,7.83
19931,11833,13,1,3.68,3.68
19932,11833,10,1,4.0,4.0
19933,11833,2,1,5.51,5.51
19934,11833,11,1,6.07,6.07
19935,11833,18,1,10.5,11.71
19936,11834,5,1,6.62,9.08
19937,11835,15,2,4.5,9.0
19938,11836,7,2,6.5,13.0
19939,11836,14,1,3.0,3.0
19940,11836,11,1,6.07,9.43
19941,11837,10,1,4.0,4.0
19942,11838,2,1,5.51,5.51
19943,11839,12,1,4.2,4.2
19944,11839,8,1,6.62,6.62
19945,11839,10,1,4.0,4.0
19946,11839,9,1,4.0,4.76
19947,11840,19,2,7.0,14.0
19948,11840,8,1,6.62,6.62
19949,11840,9,2,4.0,8.0
19950,11840,2,1,5.51,5.51
19951,11840,15,1,4.5,4.5
19952,11841,7,1,6.5,6.5
19953,11841,17,1,8.4,8.4
19954,11842,11,1,6.07,7.13
19955,11843,3,2,4.97,9.94
19956,11844,15,1,4.5,4.5
19957,11845,13,2,3.68,7.36
19958,11846,6,1,3.5,4.48
19959,11847,3,2,4.97,9.94
19960,11848,11,1,6.07,6.07
19961,11849,1,2,6.07,12.14
19962,11850,5,1,6.62,6.62
19963,11850,13,2,3.68,7.36
19964,11850,5,1,6.62,6.62
19965,11850,8,1,6.62,6.62
19966,11850,11,1,6.07,6.07
19967,11851,8,1,6.62,6.62
19968,11851,2,1,5.51,6.54
19969,11852,7,1,6.5,6.5
19970,11853,3,1,4.97,6.16
19971,11854,5,2,6.62,13.24
19972,11855,11,1,6.07,6.07
19973,11855,8,1,6.62,6.62
19974,11855,5,1,6.62,8.03
19975,11856,13,1,3.68,6.33
19976,11857,11,1,6.07,6.07
19977,11857,5,1,6.62,6.62
19978,11857,6,2,3.5,7.0
19979,11857,6,1,3.5,3.5
19980,11857,9,1,4.0,4.0
19981,11858,10,1,4.0,5.21
19982,11859,15,2,4.5,9.0
19983,11859,6,1,3.5,3.5
19984,11859,3,1,4.97,4.97
19985,11860,21,1,25.0,25.0
19986,11861,14,1,3.0,3.0
19987,11862,11,1,6.07,6.07
19988,11862,6,1,3.5,3.5
19989,11862,3,2,4.97,12.34
19990,11863,18,1,10.5,11.53
19991,11864,18,1,10.5,10.5
19992,11864,9,1,4.0,4.0
19993,11864,14,1,3.0,3.0
19994,11864,14,1,3.0,3.0
19995,11864,3,1,4.97,4.97
19996,11865,7,1,6.5,6.5
19997,11866,6,1,3.5,3.5
19998,11867,10,1,4.0,4.98
19999,11868,3,1,4.97,4.97
20000,11869,19,1,7.0,7.0
20001,11869,20,1,8.0,8.0
20002,11869,23,1,15.0,15.0
20003,11870,11,1,6.07,6.07
20004,11870,11,2,6.07,12.14
20005,11870,17,1,8.4,8.4
20006,11870,9,2,4.0,8.0
20007,11871,9,1,4.0,4.0
20008,11871,7,1,6.5,6.5
20009,11871,12,1,4.2,4.2
20010,11871,17,2,8.4,16.8
20011,11871,6,1,3.5,3.5
20012,11872,3,2,4.97,10.96
20013,11873,7,1,6.5,6.5
20014,11874,5,1,6.62,6.62
20015,11875,12,2,4.2,8.4
20016,11876,13,1,3.68,3.68
20017,11877,14,1,3.0,6.07
20018,11878,15,1,4.5,4.5
20019,11879,1,2,6.07,12.14
20020,11879,12,1,4.2,5.77
20021,11880,2,1,5.51,7.55
20022,11881,6,1,3.5,3.5
20023,11881,6,1,3.5,3.5
20024,11881,19,1,7.0,7.0
20025,11881,15,1,4.5,4.5
20026,11882,8,1,6.62,6.62
20027,11882,5,1,6.62,6.62
20028,11882,18,1,10.5,10.5
20029,11882,7,1,6.5,6.5
20030,11883,3,1,4.97,6.42
20031,11884,10,1,4.0,4.0
20032,11885,18,1,10.5,10.5
20033,11885,17,2,8.4,16.8
20034,11885,12,1,4.2,4.2
20035,11885,2,1,5.51,5.51
20036,11885,1,1,6.07,6.07
20037,11886,7,1,6.5,6.5
20038,11887,8,1,6.62,7.38
20039,11888,2,1,5.51,5.51
20040,11888,11,1,6.07,7.22
20041,11889,1,1,6.07,6.07
20042,11890,18,1,10.5,14.4
20043,11891,8,1,6.62,6.62
20044,11892,10,1,4.0,4.0
20045,11893,1,2,6.07,12.14
20046,11893,15,2,4.5,9.0
20047,11894,7,1,6.5,6.5
20048,11895,3,1,4.97,4.97
20049,11895,10,1,4.0,4.0
20050,11896,7,1,6.5,6.5
20051,11896,11,2,6.07,12.14
20052,11896,9,1,4.0,4.0
20053,11896,9,1,4.0,4.0
20054,11897,2,1,5.51,5.51
20055,11897,14,1,3.0,3.0
20056,11898,18,1,10.5,10.5
20057,11899,5,1,6.62,7.39
20058,11900,9,1,4.0,4.0
20059,11900,7,1,6.5,6.5
20060,11901,8,1,6.62,6.62
20061,11902,9,1,4.0,4.0
20062,11903,13,2,3.68,7.36
20063,11903,15,1,4.5,4.5
20064,11903,5,1,6.62,6.62
20065,11904,5,2,6.62,13.24
20066,11905,7,1,6.5,6.5
20067,11906,11,1,6.07,6.07
20068,11906,9,2,4.0,8.0
20069,11907,1,1,6.07,6.07
20070,11908,3,1,4.97,4.97
20071,11909,7,1,6.5,7.6
20072,11910,18,1,10.5,10.5
20073,11910,17,2,8.4,16.8
20074,11911,8,1,6.62,6.62
20075,11912,10,1,4.0,4.0
20076,11912,16,1,9.97,9.97
20077,11913,1,2,6.07,12.14
20078,11914,17,1,8.4,8.4
20079,11915,15,2,4.5,10.03
20080,11916,1,1,6.07,6.07
20081,11916,17,2,8.4,16.8
20082,11917,14,1,3.0,3.0
20083,11917,8,2,6.62,13.24
20084,11918,1,1,6.07,6.07
20085,11918,13,1,3.68,3.68
20086,11919,13,1,3.68,5.13
20087,11920,1,1,6.07,7.09
20088,11921,5,1,6.62,6.62
20089,11921,15,1,4.5,4.5
20090,11921,2,2,5.51,12.27
20091,11922,10,1,4.0,4.0
20092,11923,5,1,6.62,6.62
20093,11923,18,1,10.5,10.5
20094,11923,6,1,3.5,3.5
20095,11923,8,1,6.62,6.62
20096,11923,11,1,6.07,6.07
20097,11924,18,1,10.5,10.5
20098,11924,13,1,3.68,3.68
20099,11924,19,1,7.0,7.98
20100,11925,7,1,6.5,6.5
20101,11926,3,2,4.97,9.94
20102,11926,5,1,6.62,6.62
20103,11926,14,1,3.0,3.0
20104,11926,2,1,5.51,5.51
20105,11927,19,2,7.0,14.0
20106,11927,10,1,4.0,4.0
20107,11927,13,1,3.68,3.68
20108,11927,7,1,6.5,6.5
20109,11928,7,1,6.5,6.5
20110,11929,9,1,4.0,4.0
20111,11930,8,1,6.62,6.62
20112,11930,15,1,4.5,4.5
20113,11930,8,1,6.62,6.62
20114,11930,5,1,6.62,6.62
20115,11930,9,1,4.0,4.0
20116,11931,5,1,6.62,6.62
20117,11931,10,1,4.0,4.0
20118,11931,15,2,4.5,9.0
20119,11931,3,1,4.97,4.97
20120,11931,13,2,3.68,7.36
20121,11932,7,1,6.5,6.5
20122,11933,2,1,5.51,8.2
20123,11934,3,1,4.97,6.22
20124,11935,13,1,3.68,3.68
20125,11935,7,1,6.5,6.5
20126,11935,1,1,6.07,6.07
20127,11935,17,1,8.4,8.4
20128,11935,3,2,4.97,9.94
20129,11936,5,1,6.62,7.59
20130,11937,7,1,6.5,6.5
20131,11937,1,1,6.07,7.28
20132,11938,12,1,4.2,4.2
20133,11939,11,1,6.07,7.28
20134,11940,13,1,3.68,3.68
20135,11940,10,2,4.0,8.0
20136,11940,7,1,6.5,6.5
20137,11941,5,2,6.62,13.24
20138,11942,3,1,4.97,6.42
20139,11943,5,1,6.62,6.62
20140,11943,6,1,3.5,3.5
20141,11943,15,2,4.5,9.0
20142,11943,2,1,5.51,5.51
20143,11943,15,2,4.5,9.0
20144,11944,6,1,3.5,5.84
20145,11945,6,1,3.5,3.5
20146,11945,10,2,4.0,8.0
20147,11945,7,1,6.5,6.5
20148,11945,9,2,4.0,9.45
20149,11946,19,1,7.0,7.0
20150,11947,16,2,9.97,19.94
20151,11947,14,1,3.0,3.0
20152,11947,12,1,4.2,4.2
20153,11947,8,1,6.62,6.62
20154,11947,7,1,6.5,7.65
20155,11948,8,1,6.62,6.62
20156,11949,19,1,7.0,7.0
20157,11949,2,2,5.51,11.02
20158,11949,16,1,9.97,9.97
20159,11949,9,1,4.0,4.0
20160,11950,7,1,6.5,6.5
20161,11951,6,2,3.5,7.0
20162,11952,16,1,9.97,9.97
20163,11953,6,1,3.5,4.65
20164,11954,19,1,7.0,7.0
20165,11955,10,1,4.0,4.0
20166,11955,1,1,6.07,6.07
20167,11955,2,1,5.51,5.51
20168,11955,2,1,5.51,5.51
20169,11955,6,1,3.5,3.5
20170,11956,8,1,6.62,6.62
20171,11956,10,1,4.0,4.0
20172,11957,7,1,6.5,6.5
20173,11957,19,1,7.0,7.0
20174,11957,17,1,8.4,8.4
20175,11958,5,2,6.62,13.24
20176,11959,5,2,6.62,13.24
20177,11959,15,1,4.5,4.5
20178,11959,18,1,10.5,10.5
20179,11959,1,1,6.07,6.07
20180,11959,2,1,5.51,5.51
20181,11960,3,1,4.97,4.97
20182,11961,11,1,6.07,6.07
20183,11962,3,2,4.97,10.97
20184,11963,19,1,7.0,7.0
20185,11964,5,1,6.62,6.62
20186,11964,8,1,6.62,6.62
20187,11964,10,1,4.0,6.95
20188,11965,4,1,6.07,6.07
20189,11965,9,2,4.0,8.0
20190,11965,16,1,9.97,10.94
20191,11966,4,1,6.07,6.07
20192,11966,11,1,6.07,6.07
20193,11967,2,1,5.51,5.51
20194,11968,19,1,7.0,7.0
20195,11968,9,1,4.0,5.68
20196,11969,10,1,4.0,5.21
20197,11970,11,2,6.07,13.44
20198,11971,25,1,20.0,20.0
20199,11971,11,1,6.07,6.07
20200,11971,3,2,4.97,9.94
20201,11972,17,1,8.4,8.4
20202,11972,7,1,6.5,6.5
20203,11972,17,1,8.4,8.4
20204,11972,2,2,5.51,11.02
20205,11972,18,1,10.5,10.5
20206,11973,9,1,4.0,4.0
20207,11973,14,1,3.0,3.0
20208,11973,2,1,5.51,5.51
20209,11974,8,2,6.62,13.24
20210,11975,11,2,6.07,15.21
20211,11976,10,1,4.0,4.0
20212,11977,1,2,6.07,12.14
20213,11978,12,1,4.2,4.2
20214,11978,16,1,9.97,9.97
20215,11978,1,1,6.07,6.07
20216,11978,22,1,8.0,9.21
20217,11979,15,1,4.5,4.5
20218,11979,10,1,4.0,4.0
20219,11980,20,1,8.0,8.0
20220,11981,11,1,6.07,7.86
20221,11982,6,1,3.5,3.5
20222,11983,12,1,4.2,4.2
20223,11984,5,2,6.62,13.24
20224,11985,2,1,5.51,5.51
20225,11986,2,1,5.51,5.51
20226,11987,2,1,5.51,6.54
20227,11988,12,1,4.2,4.2
20228,11988,17,2,8.4,16.8
20229,11989,8,1,6.62,6.62
20230,11990,11,1,6.07,6.07
20231,11990,8,1,6.62,6.62
20232,11990,3,1,4.97,4.97
20233,11991,16,2,9.97,21.15
20234,11992,6,1,3.5,3.5
20235,11992,4,1,6.07,6.07
20236,11993,16,1,9.97,9.97
20237,11994,7,1,6.5,6.5
20238,11994,11,1,6.07,6.07
20239,11995,16,1,9.97,9.97
20240,11996,7,1,6.5,7.69
20241,11997,8,1,6.62,7.92
20242,11998,10,2,4.0,8.0
20243,11998,15,2,4.5,9.0
20244,11999,18,1,10.5,10.5
20245,11999,13,1,3.68,3.68
20246,11999,10,1,4.0,4.0
20247,11999,9,1,4.0,4.0
20248,11999,5,2,6.62,16.74
20249,12000,1,1,6.07,6.07
20250,12000,17,2,8.4,16.8
20251,12000,11,1,6.07,6.07
20252,12000,5,1,6.62,6.62
20253,12000,15,2,4.5,11.69
20254,12001,11,1,6.07,6.07
20255,12002,3,1,4.97,7.92
20256,12003,7,1,6.5,6.5
20257,12004,8,2,6.62,13.24
20258,12005,23,1,15.0,15.0
20259,12006,5,2,6.62,13.24
20260,12006,11,1,6.07,6.07
20261,12006,5,1,6.62,6.62
20262,12007,9,1,4.0,4.0
20263,12007,7,1,6.5,6.5
20264,12008,2,1,5.51,5.51
20265,12009,13,2,3.68,7.36
20266,12010,5,1,6.62,6.62
20267,12011,8,1,6.62,6.62
20268,12012,7,1,6.5,6.5
20269,12013,1,1,6.07,7.94
20270,12014,3,1,4.97,4.97
20271,12014,6,2,3.5,7.0
20272,12015,17,2,8.4,17.65
20273,12016,17,1,8.4,8.4
20274,12017,7,1,6.5,6.5
20275,12017,13,2,3.68,7.36
20276,12018,5,1,6.62,6.62
20277,12018,8,1,6.62,6.62
20278,12019,9,2,4.0,8.0
20279,12019,2,1,5.51,6.96
20280,12020,2,1,5.51,5.51
20281,12020,12,1,4.2,4.2
20282,12020,10,1,4.0,4.0
20283,12020,10,1,4.0,4.0
20284,12020,3,1,4.97,4.97
20285,12021,14,1,3.0,4.21
20286,12022,9,2,4.0,8.0
20287,12023,18,1,10.5,10.5
20288,12023,2,1,5.51,5.51
20289,12024,12,1,4.2,4.2
20290,12025,6,1,3.5,4.65
20291,12026,19,1,7.0,7.0
20292,12026,10,1,4.0,4.0
20293,12026,6,1,3.5,3.5
20294,12026,17,2,8.4,16.8
20295,12027,3,2,4.97,9.94
20296,12027,16,1,9.97,9.97
20297,12027,19,2,7.0,14.0
20298,12028,11,1,6.07,6.07
20299,12028,15,1,4.5,4.5
20300,12028,2,1,5.51,5.51
20301,12028,10,1,4.0,4.0
20302,12028,15,1,4.5,5.3
20303,12029,3,2,4.97,11.98
20304,12030,2,1,5.51,5.51
