visit_id,customer_id,visit_date,check_in_time,check_out_time,staff_id,cover_charge,discount_applied,notes
1,1,2022-06-15,14:00:00,15:30:00,1,15.0,6.0,Grand opening day! Maya was first customer.
2,2,2022-06-15,14:30:00,16:00:00,1,15.0,6.0,Grand opening day.
3,1,2022-06-22,10:00:00,11:30:00,2,15.0,6.0,
4,3,2022-08-20,13:00:00,14:30:00,3,15.0,3.75,First visit after joining as premium member.
5,1,2022-09-10,11:00:00,12:30:00,2,15.0,6.0,
6,2,2022-09-17,14:00:00,15:00:00,3,15.0,6.0,
7,4,2022-10-08,10:30:00,12:00:00,2,15.0,3.75,Interested in Shadow.
8,1,2022-10-15,14:00:00,16:00:00,1,15.0,6.0,Brought a friend.
9,4,2022-10-29,11:00:00,13:00:00,2,15.0,3.75,Long visit with Shadow.
10,3,2022-11-05,13:00:00,14:00:00,3,15.0,3.75,
11,4,2022-11-12,10:00:00,12:00:00,4,15.0,3.75,Completed adoption paperwork for Shadow!
12,1,2022-11-19,14:00:00,15:30:00,2,15.0,6.0,
13,2,2022-12-03,11:00:00,12:30:00,3,15.0,6.0,
14,1,2022-12-17,10:00:00,11:30:00,1,15.0,6.0,Holiday visit.
15,1,2023-01-07,14:00:00,15:30:00,2,15.0,6.0,New year visit.
16,3,2023-01-14,11:00:00,12:30:00,3,15.0,3.75,
17,2,2023-01-21,13:00:00,14:30:00,2,15.0,6.0,
18,5,2023-02-14,15:00:00,17:00:00,1,15.0,3.75,Valentine Day date! Joined as premium.
19,1,2023-02-18,10:00:00,11:30:00,2,15.0,6.0,
20,3,2023-02-25,14:00:00,15:30:00,3,15.0,3.75,Brought boyfriend.
21,11,2023-03-11,12:00:00,13:00:00,3,15.0,0.0,"First visit, walk-in."
22,1,2023-03-18,11:00:00,12:30:00,2,15.0,6.0,
23,6,2023-04-01,14:00:00,15:30:00,1,15.0,1.5,First visit as basic member.
24,5,2023-04-08,10:00:00,12:00:00,2,15.0,3.75,Photo session with multiple cats.
25,1,2023-04-15,13:00:00,14:30:00,3,15.0,6.0,
26,2,2023-04-22,11:00:00,12:30:00,2,15.0,6.0,
27,3,2023-05-06,14:00:00,16:00:00,1,15.0,3.75,
28,11,2023-05-13,12:00:00,13:30:00,3,15.0,0.0,
29,1,2023-05-20,10:00:00,11:30:00,2,15.0,6.0,
30,7,2023-06-17,14:00:00,15:00:00,3,15.0,1.5,First visit.
31,6,2023-06-24,11:00:00,12:30:00,2,15.0,1.5,
32,1,2023-07-01,13:00:00,14:30:00,1,15.0,6.0,
33,5,2023-07-08,10:00:00,12:00:00,2,15.0,3.75,
34,12,2023-07-22,15:00:00,16:30:00,3,15.0,0.0,"First visit, very enthusiastic."
35,3,2023-07-29,14:00:00,15:30:00,2,15.0,3.75,
36,1,2023-08-05,11:00:00,12:30:00,1,15.0,6.0,
37,8,2023-09-02,13:00:00,14:30:00,3,15.0,1.5,First visit as basic member.
38,6,2023-09-09,10:00:00,11:30:00,2,15.0,1.5,
39,1,2023-09-16,14:00:00,15:30:00,1,15.0,6.0,
40,12,2023-09-23,11:00:00,13:00:00,2,15.0,0.0,
41,7,2023-10-07,14:00:00,15:00:00,3,15.0,1.5,
42,5,2023-10-14,10:00:00,11:30:00,2,15.0,3.75,
43,1,2023-10-21,13:00:00,14:30:00,1,15.0,6.0,
44,3,2023-10-28,15:00:00,16:30:00,3,15.0,3.75,Halloween event visit.
45,8,2023-11-04,11:00:00,12:30:00,2,15.0,1.5,
46,13,2023-11-18,14:00:00,15:30:00,1,15.0,0.0,First visit.
47,1,2023-11-25,10:00:00,11:30:00,2,15.0,6.0,Post-Thanksgiving visit.
48,6,2023-12-02,13:00:00,14:30:00,3,15.0,1.5,
49,12,2023-12-09,14:00:00,15:30:00,2,15.0,0.0,
50,5,2023-12-16,11:00:00,12:30:00,1,15.0,3.75,
51,1,2023-12-23,10:00:00,11:00:00,2,15.0,6.0,Quick holiday visit.
52,9,2024-01-13,14:00:00,15:30:00,3,15.0,1.5,First visit as basic member.
53,1,2024-01-20,11:00:00,12:30:00,2,15.0,6.0,
54,8,2024-01-27,13:00:00,14:30:00,1,15.0,1.5,
55,6,2024-02-03,10:00:00,11:30:00,2,15.0,1.5,
56,5,2024-02-10,14:00:00,16:00:00,3,15.0,3.75,Valentine week special.
57,14,2024-02-28,15:00:00,16:30:00,2,15.0,0.0,First visit.
58,1,2024-03-02,11:00:00,12:30:00,1,15.0,6.0,
59,3,2024-03-09,14:00:00,15:30:00,3,15.0,3.75,
60,9,2024-03-16,10:00:00,12:00:00,2,15.0,1.5,Worked from cafe.
61,12,2024-03-23,13:00:00,14:30:00,1,15.0,0.0,
62,7,2024-03-30,14:00:00,15:30:00,3,15.0,1.5,
63,1,2024-04-06,11:00:00,12:30:00,2,15.0,6.0,
64,6,2024-04-13,10:00:00,11:30:00,1,15.0,1.5,
65,8,2024-04-20,14:00:00,15:30:00,3,15.0,1.5,
66,5,2024-04-27,13:00:00,14:30:00,2,15.0,3.75,
67,10,2024-05-04,11:00:00,12:30:00,1,15.0,1.5,First visit.
68,1,2024-05-11,14:00:00,15:30:00,3,15.0,6.0,Mother Day weekend.
69,3,2024-05-18,10:00:00,12:00:00,2,15.0,3.75,
70,10,2024-05-25,13:00:00,14:30:00,1,15.0,1.5,Photo session.
71,9,2024-06-01,14:00:00,15:30:00,3,15.0,1.5,
72,15,2024-06-08,11:00:00,13:00:00,2,15.0,0.0,First visit. Loves Pumpkin!
73,1,2024-06-15,10:00:00,11:30:00,1,15.0,6.0,Anniversary visit - 2 years!
74,6,2024-06-22,14:00:00,15:30:00,3,15.0,1.5,
75,15,2024-06-29,13:00:00,14:30:00,2,15.0,0.0,
76,12,2024-07-06,11:00:00,12:30:00,1,15.0,0.0,
77,8,2024-07-13,14:00:00,16:00:00,3,15.0,1.5,
78,15,2024-07-20,10:00:00,12:00:00,2,15.0,0.0,Adopted Pumpkin today!
79,1,2024-07-27,13:00:00,14:30:00,1,15.0,6.0,
80,16,2024-08-03,14:00:00,15:30:00,3,15.0,15.0,"Tourist, first visit."
81,5,2024-08-10,11:00:00,12:30:00,2,15.0,3.75,
82,9,2024-08-17,10:00:00,11:30:00,1,15.0,1.5,
83,3,2024-08-24,14:00:00,15:30:00,3,15.0,3.75,
84,7,2024-08-31,13:00:00,14:30:00,2,15.0,1.5,
85,17,2024-09-07,11:00:00,12:30:00,1,15.0,15.0,First visit.
86,1,2024-09-14,14:00:00,15:30:00,3,15.0,6.0,
87,10,2024-09-21,10:00:00,12:00:00,2,15.0,1.5,Photographed Nugget.
88,6,2024-09-28,13:00:00,14:30:00,1,15.0,1.5,
89,8,2024-10-05,14:00:00,15:30:00,3,15.0,1.5,
90,12,2024-10-12,11:00:00,12:30:00,2,15.0,0.0,
91,5,2024-10-19,10:00:00,11:30:00,1,15.0,3.75,
92,1,2024-10-26,14:00:00,16:00:00,3,15.0,6.0,Halloween event.
93,18,2024-11-02,13:00:00,14:30:00,2,15.0,15.0,First visit. Referred by friend.
94,9,2024-11-09,11:00:00,12:30:00,1,15.0,1.5,
95,3,2024-11-16,14:00:00,15:30:00,3,15.0,3.75,
96,17,2024-11-23,10:00:00,11:30:00,2,15.0,15.0,
97,1,2024-11-30,13:00:00,14:30:00,1,15.0,6.0,
98,6,2024-12-07,14:00:00,15:30:00,3,15.0,1.5,
99,5,2024-12-14,11:00:00,13:00:00,2,15.0,3.75,Holiday photos.
100,10,2024-12-21,10:00:00,11:30:00,1,15.0,1.5,
101,1,2024-12-28,14:00:00,15:30:00,3,15.0,6.0,
102,19,2025-01-04,11:00:00,12:30:00,2,15.0,15.0,"First visit, very enthusiastic!"
103,8,2025-01-04,13:00:00,14:30:00,2,15.0,1.5,
104,1,2025-01-11,14:00:00,15:30:00,1,15.0,6.0,
105,3,2025-01-11,10:00:00,11:30:00,1,15.0,3.75,
106,19,2025-01-11,15:30:00,17:00:00,1,15.0,15.0,Second visit already!
107,2,2022-06-15,16:45:00,17:35:00,5,15.0,6.0,
108,4,2022-06-15,10:15:00,11:00:00,13,15.0,3.75,
109,1,2022-06-15,11:45:00,14:03:00,5,15.0,6.0,
110,6,2022-06-15,12:30:00,14:33:00,2,15.0,1.5,
111,8,2022-06-16,14:00:00,16:03:00,4,15.0,1.5,
112,4,2022-06-16,13:45:00,14:36:00,6,15.0,3.75,
113,6,2022-06-16,10:00:00,11:22:00,1,15.0,1.5,
114,2,2022-06-16,12:15:00,13:35:00,10,15.0,6.0,
115,2,2022-06-16,09:30:00,10:22:00,2,15.0,6.0,
116,3,2022-06-16,14:30:00,16:20:00,11,15.0,3.75,
117,1,2022-06-16,15:00:00,16:59:00,13,15.0,6.0,
118,3,2022-06-16,14:30:00,15:30:00,14,15.0,3.75,
119,11,2022-06-16,09:00:00,10:04:00,13,15.0,0.0,
120,1,2022-06-16,10:30:00,11:58:00,4,15.0,6.0,
121,2,2022-06-17,12:45:00,14:50:00,11,15.0,6.0,
122,2,2022-06-17,15:30:00,16:15:00,1,15.0,6.0,
123,7,2022-06-17,12:15:00,13:09:00,11,15.0,1.5,
124,2,2022-06-17,11:45:00,13:21:00,3,15.0,6.0,
125,3,2022-06-17,13:30:00,14:33:00,4,15.0,3.75,
126,5,2022-06-17,15:45:00,17:50:00,5,15.0,3.75,
127,2,2022-06-18,15:15:00,17:38:00,5,15.0,6.0,
128,8,2022-06-18,11:45:00,13:33:00,7,15.0,1.5,
129,1,2022-06-18,14:45:00,17:13:00,6,15.0,6.0,
130,6,2022-06-18,10:15:00,12:24:00,5,15.0,1.5,
131,4,2022-06-18,16:30:00,17:41:00,4,15.0,3.75,
132,14,2022-06-18,15:45:00,16:56:00,5,15.0,0.0,
133,7,2022-06-18,10:15:00,11:56:00,12,15.0,1.5,
134,1,2022-06-18,14:30:00,16:00:00,13,15.0,6.0,
135,1,2022-06-18,14:15:00,16:32:00,12,15.0,6.0,
136,2,2022-06-18,13:45:00,16:06:00,13,15.0,6.0,
137,1,2022-06-18,09:00:00,09:54:00,10,15.0,6.0,
138,8,2022-06-18,12:15:00,13:43:00,6,15.0,1.5,
139,5,2022-06-18,12:15:00,13:06:00,4,15.0,3.75,
140,2,2022-06-18,09:15:00,10:32:00,11,15.0,6.0,
141,5,2022-06-18,10:45:00,12:05:00,14,15.0,3.75,
142,8,2022-06-18,09:45:00,10:57:00,7,15.0,1.5,
143,4,2022-06-19,14:45:00,16:45:00,5,15.0,3.75,
144,1,2022-06-19,16:15:00,18:41:00,12,15.0,6.0,
145,1,2022-06-19,15:00:00,16:19:00,11,15.0,6.0,
146,7,2022-06-19,09:30:00,10:22:00,4,15.0,1.5,
147,11,2022-06-19,11:15:00,13:36:00,2,15.0,0.0,
148,10,2022-06-19,11:15:00,12:07:00,10,15.0,1.5,
149,2,2022-06-19,15:00:00,16:37:00,3,15.0,6.0,
150,1,2022-06-19,13:30:00,14:29:00,13,15.0,6.0,
151,13,2022-06-19,09:00:00,10:37:00,13,15.0,0.0,
152,8,2022-06-19,15:30:00,16:16:00,11,15.0,1.5,
153,1,2022-06-19,11:45:00,12:45:00,4,15.0,6.0,
154,2,2022-06-20,15:30:00,16:46:00,3,15.0,6.0,
155,11,2022-06-20,13:30:00,15:06:00,10,15.0,0.0,
156,5,2022-06-20,09:30:00,10:31:00,3,15.0,3.75,
157,9,2022-06-20,14:30:00,16:10:00,4,15.0,1.5,
158,15,2022-06-20,15:15:00,16:15:00,12,15.0,0.0,
159,10,2022-06-20,12:15:00,14:18:00,7,15.0,1.5,
160,1,2022-06-20,15:00:00,15:48:00,5,15.0,6.0,
161,10,2022-06-20,15:00:00,17:16:00,1,15.0,1.5,
162,9,2022-06-20,13:00:00,14:56:00,3,15.0,1.5,
163,6,2022-06-21,12:15:00,13:57:00,5,15.0,1.5,
164,2,2022-06-21,13:30:00,15:06:00,11,15.0,6.0,
165,3,2022-06-21,16:45:00,18:39:00,13,15.0,3.75,
166,2,2022-06-21,13:45:00,15:04:00,10,15.0,6.0,
167,11,2022-06-21,09:45:00,10:45:00,3,15.0,0.0,
168,2,2022-06-22,10:30:00,12:14:00,4,15.0,6.0,
169,2,2022-06-22,12:45:00,13:32:00,6,15.0,6.0,
170,8,2022-06-22,09:30:00,10:34:00,12,15.0,1.5,
171,5,2022-06-22,13:30:00,15:01:00,12,15.0,3.75,
172,2,2022-06-22,15:15:00,16:57:00,3,15.0,6.0,
173,1,2022-06-22,09:00:00,10:53:00,10,15.0,6.0,
174,3,2022-06-23,16:15:00,18:20:00,4,15.0,3.75,
175,1,2022-06-23,15:15:00,16:23:00,10,15.0,6.0,
176,15,2022-06-23,12:15:00,14:04:00,5,15.0,0.0,
177,11,2022-06-23,11:15:00,12:07:00,13,15.0,0.0,
178,2,2022-06-23,11:00:00,13:15:00,11,15.0,6.0,
179,2,2022-06-23,16:30:00,18:29:00,13,15.0,6.0,
180,1,2022-06-23,09:45:00,11:53:00,14,15.0,6.0,
181,7,2022-06-23,16:15:00,18:31:00,2,15.0,1.5,
182,11,2022-06-24,15:30:00,16:39:00,2,15.0,0.0,
183,6,2022-06-24,09:00:00,10:19:00,6,15.0,1.5,
184,5,2022-06-24,12:45:00,13:58:00,2,15.0,3.75,
185,8,2022-06-24,09:15:00,10:50:00,3,15.0,1.5,
186,8,2022-06-24,16:15:00,17:22:00,12,15.0,1.5,
187,4,2022-06-24,16:30:00,17:15:00,13,15.0,3.75,
188,2,2022-06-24,11:15:00,12:18:00,2,15.0,6.0,
189,6,2022-06-24,16:00:00,16:45:00,3,15.0,1.5,
190,5,2022-06-24,15:00:00,16:08:00,12,15.0,3.75,
191,8,2022-06-24,13:00:00,15:22:00,11,15.0,1.5,
192,2,2022-06-25,10:45:00,11:56:00,13,15.0,6.0,
193,2,2022-06-25,14:30:00,15:37:00,11,15.0,6.0,
194,8,2022-06-25,11:15:00,12:25:00,7,15.0,1.5,
195,3,2022-06-25,12:00:00,13:44:00,14,15.0,3.75,
196,2,2022-06-25,10:30:00,12:22:00,2,15.0,6.0,
197,1,2022-06-25,15:45:00,16:37:00,5,15.0,6.0,
198,6,2022-06-25,11:15:00,12:28:00,5,15.0,1.5,
199,7,2022-06-25,12:15:00,14:41:00,3,15.0,1.5,
200,1,2022-06-25,10:45:00,13:12:00,11,15.0,6.0,
201,1,2022-06-25,09:15:00,10:08:00,14,15.0,6.0,
202,4,2022-06-25,10:00:00,10:55:00,4,15.0,3.75,
203,2,2022-06-25,15:15:00,16:04:00,3,15.0,6.0,
204,6,2022-06-25,14:30:00,15:18:00,10,15.0,1.5,
205,8,2022-06-25,15:15:00,17:32:00,1,15.0,1.5,
206,9,2022-06-26,09:15:00,10:05:00,14,15.0,1.5,
207,3,2022-06-26,16:00:00,18:19:00,2,15.0,3.75,
208,10,2022-06-26,11:45:00,12:32:00,2,15.0,1.5,
209,3,2022-06-26,16:30:00,17:58:00,4,15.0,3.75,
210,2,2022-06-26,11:15:00,13:22:00,4,15.0,6.0,
211,6,2022-06-26,11:45:00,12:31:00,14,15.0,1.5,
212,2,2022-06-26,11:45:00,13:20:00,7,15.0,6.0,
213,2,2022-06-26,11:45:00,12:45:00,11,15.0,6.0,
214,1,2022-06-26,13:45:00,15:11:00,4,15.0,6.0,
215,3,2022-06-26,11:45:00,13:58:00,2,15.0,3.75,
216,14,2022-06-26,10:15:00,12:07:00,14,15.0,0.0,
217,1,2022-06-27,12:45:00,13:58:00,7,15.0,6.0,
218,4,2022-06-27,14:15:00,16:16:00,11,15.0,3.75,
219,5,2022-06-27,14:15:00,16:22:00,4,15.0,3.75,
220,1,2022-06-27,11:30:00,12:44:00,10,15.0,6.0,
221,10,2022-06-27,16:30:00,17:21:00,14,15.0,1.5,
222,5,2022-06-27,12:30:00,14:09:00,7,15.0,3.75,
223,4,2022-06-28,16:45:00,18:40:00,10,15.0,3.75,
224,1,2022-06-28,11:30:00,13:01:00,5,15.0,6.0,
225,5,2022-06-28,12:45:00,14:31:00,11,15.0,3.75,
226,1,2022-06-28,12:30:00,14:25:00,7,15.0,6.0,
227,1,2022-06-28,10:00:00,12:03:00,12,15.0,6.0,
228,4,2022-06-28,16:45:00,18:45:00,2,15.0,3.75,
229,1,2022-06-29,14:30:00,15:23:00,7,15.0,6.0,
230,6,2022-06-29,12:00:00,13:41:00,1,15.0,1.5,
231,5,2022-06-29,14:15:00,15:19:00,2,15.0,3.75,
232,3,2022-06-29,12:00:00,14:20:00,14,15.0,3.75,
233,2,2022-06-29,11:45:00,13:41:00,6,15.0,6.0,
234,5,2022-06-29,11:15:00,12:19:00,7,15.0,3.75,
235,1,2022-06-30,12:45:00,14:04:00,7,15.0,6.0,
236,3,2022-06-30,16:45:00,18:02:00,5,15.0,3.75,
237,1,2022-06-30,10:45:00,12:30:00,11,15.0,6.0,
238,4,2022-06-30,09:15:00,11:32:00,13,15.0,3.75,
239,1,2022-06-30,16:45:00,18:13:00,11,15.0,6.0,
240,2,2022-06-30,11:15:00,13:25:00,10,15.0,6.0,
241,5,2022-06-30,12:30:00,13:22:00,14,15.0,3.75,
242,4,2022-07-01,10:30:00,11:48:00,2,15.0,3.75,
243,5,2022-07-01,15:00:00,15:46:00,2,15.0,3.75,
244,12,2022-07-01,15:15:00,17:15:00,5,15.0,0.0,
245,3,2022-07-01,12:15:00,13:20:00,12,15.0,3.75,
246,2,2022-07-01,12:00:00,13:17:00,14,15.0,6.0,
247,2,2022-07-01,12:00:00,13:25:00,7,15.0,6.0,
248,5,2022-07-01,16:45:00,19:04:00,14,15.0,3.75,
249,17,2022-07-02,10:45:00,12:44:00,3,15.0,0.0,
250,2,2022-07-02,16:15:00,17:19:00,12,15.0,6.0,
251,4,2022-07-02,12:30:00,14:51:00,13,15.0,3.75,
252,8,2022-07-02,16:30:00,17:47:00,4,15.0,1.5,
253,1,2022-07-02,09:30:00,11:38:00,7,15.0,6.0,
254,8,2022-07-02,11:00:00,11:58:00,1,15.0,1.5,
255,1,2022-07-02,16:30:00,17:58:00,11,15.0,6.0,
256,4,2022-07-02,13:45:00,15:26:00,11,15.0,3.75,
257,8,2022-07-02,10:30:00,11:30:00,6,15.0,1.5,
258,2,2022-07-02,13:30:00,15:08:00,13,15.0,6.0,
259,12,2022-07-02,14:00:00,16:09:00,4,15.0,0.0,
260,2,2022-07-03,16:15:00,17:53:00,5,15.0,6.0,
261,1,2022-07-03,14:15:00,15:08:00,4,15.0,6.0,
262,5,2022-07-03,11:15:00,12:35:00,10,15.0,3.75,
263,1,2022-07-03,10:15:00,11:40:00,10,15.0,6.0,
264,18,2022-07-03,14:45:00,16:13:00,12,15.0,0.0,
265,3,2022-07-03,10:45:00,12:53:00,2,15.0,3.75,
266,8,2022-07-03,10:30:00,12:33:00,2,15.0,1.5,
267,10,2022-07-03,14:15:00,15:28:00,10,15.0,1.5,
268,2,2022-07-03,11:30:00,12:30:00,7,15.0,6.0,
269,14,2022-07-03,10:15:00,11:41:00,1,15.0,0.0,
270,4,2022-07-03,13:30:00,15:36:00,6,15.0,3.75,
271,4,2022-07-03,14:45:00,15:46:00,13,15.0,3.75,
272,11,2022-07-04,16:00:00,16:58:00,7,15.0,0.0,
273,2,2022-07-04,16:30:00,18:50:00,5,15.0,6.0,
274,1,2022-07-04,14:15:00,15:19:00,6,15.0,6.0,
275,9,2022-07-04,09:15:00,10:03:00,4,15.0,1.5,
276,2,2022-07-04,11:45:00,12:42:00,7,15.0,6.0,
277,1,2022-07-04,13:15:00,15:20:00,12,15.0,6.0,
278,3,2022-07-04,13:30:00,15:47:00,13,15.0,3.75,
279,1,2022-07-04,12:45:00,13:34:00,11,15.0,6.0,
280,7,2022-07-04,12:45:00,13:39:00,13,15.0,1.5,
281,1,2022-07-05,09:00:00,10:13:00,14,15.0,6.0,
282,8,2022-07-05,10:00:00,12:05:00,12,15.0,1.5,
283,5,2022-07-05,10:30:00,11:41:00,4,15.0,3.75,
284,4,2022-07-05,11:00:00,12:56:00,4,15.0,3.75,
285,1,2022-07-05,14:15:00,15:07:00,5,15.0,6.0,
286,3,2022-07-06,13:45:00,14:58:00,11,15.0,3.75,
287,3,2022-07-06,10:15:00,12:20:00,2,15.0,3.75,
288,1,2022-07-06,12:45:00,14:48:00,6,15.0,6.0,
289,2,2022-07-06,13:45:00,15:21:00,12,15.0,6.0,
290,11,2022-07-07,16:45:00,18:17:00,14,15.0,0.0,
291,6,2022-07-07,11:30:00,13:18:00,11,15.0,1.5,
292,3,2022-07-07,12:15:00,13:21:00,12,15.0,3.75,
293,10,2022-07-07,12:15:00,14:34:00,5,15.0,1.5,
294,4,2022-07-07,09:15:00,10:34:00,14,15.0,3.75,
295,7,2022-07-07,10:00:00,11:01:00,12,15.0,1.5,
296,3,2022-07-07,14:15:00,16:45:00,2,15.0,3.75,
297,2,2022-07-07,14:45:00,15:38:00,11,15.0,6.0,
298,1,2022-07-07,10:45:00,12:45:00,2,15.0,6.0,
299,3,2022-07-08,14:15:00,15:54:00,5,15.0,3.75,
300,11,2022-07-08,12:45:00,14:27:00,7,15.0,0.0,
301,3,2022-07-08,09:45:00,10:44:00,5,15.0,3.75,
302,19,2022-07-08,11:15:00,13:28:00,13,15.0,0.0,
303,2,2022-07-08,09:30:00,11:39:00,1,15.0,6.0,
304,4,2022-07-08,11:00:00,12:27:00,6,15.0,3.75,
305,4,2022-07-08,10:00:00,11:39:00,12,15.0,3.75,
306,2,2022-07-09,09:45:00,11:38:00,1,15.0,6.0,
307,5,2022-07-09,10:15:00,12:07:00,10,15.0,3.75,
308,4,2022-07-09,12:15:00,14:10:00,12,15.0,3.75,
309,17,2022-07-09,12:30:00,15:00:00,12,15.0,0.0,
310,14,2022-07-09,09:30:00,10:49:00,10,15.0,0.0,
311,16,2022-07-09,13:00:00,14:16:00,13,15.0,0.0,
312,2,2022-07-09,14:15:00,15:25:00,1,15.0,6.0,
313,4,2022-07-09,10:30:00,12:22:00,2,15.0,3.75,
314,9,2022-07-09,13:15:00,14:50:00,13,15.0,1.5,
315,2,2022-07-09,09:15:00,11:21:00,6,15.0,6.0,
316,2,2022-07-09,12:45:00,15:12:00,5,15.0,6.0,
317,8,2022-07-09,11:00:00,12:57:00,7,15.0,1.5,
318,3,2022-07-10,11:15:00,12:34:00,2,15.0,3.75,
319,5,2022-07-10,14:30:00,16:02:00,10,15.0,3.75,
320,196,2022-07-10,11:00:00,12:43:00,13,15.0,1.5,
321,10,2022-07-10,16:45:00,18:06:00,13,15.0,1.5,
322,11,2022-07-10,14:15:00,15:58:00,2,15.0,0.0,
323,2,2022-07-10,10:15:00,11:49:00,1,15.0,6.0,
324,10,2022-07-10,16:45:00,17:58:00,10,15.0,1.5,
325,13,2022-07-10,10:15:00,11:15:00,14,15.0,0.0,
326,8,2022-07-10,13:45:00,14:42:00,6,15.0,1.5,
327,3,2022-07-10,09:30:00,11:29:00,3,15.0,3.75,
328,5,2022-07-10,13:30:00,14:40:00,4,15.0,3.75,
329,6,2022-07-10,11:30:00,12:25:00,12,15.0,1.5,
330,13,2022-07-10,15:45:00,17:11:00,10,15.0,0.0,
331,1,2022-07-11,12:30:00,13:29:00,6,15.0,6.0,
332,2,2022-07-11,10:15:00,12:15:00,10,15.0,6.0,
333,8,2022-07-11,09:30:00,11:11:00,7,15.0,1.5,
334,8,2022-07-11,13:45:00,15:55:00,2,15.0,1.5,
335,2,2022-07-11,09:45:00,12:13:00,7,15.0,6.0,
336,5,2022-07-11,16:30:00,17:36:00,13,15.0,3.75,
337,8,2022-07-11,09:15:00,11:33:00,5,15.0,1.5,
338,7,2022-07-11,16:45:00,17:47:00,12,15.0,1.5,
339,1,2022-07-12,12:00:00,13:22:00,2,15.0,6.0,
340,3,2022-07-12,14:45:00,17:03:00,3,15.0,3.75,
341,7,2022-07-12,15:45:00,17:15:00,12,15.0,1.5,
342,196,2022-07-12,09:15:00,10:41:00,14,15.0,1.5,
343,1,2022-07-12,13:30:00,14:34:00,12,15.0,6.0,
344,2,2022-07-13,15:00:00,16:27:00,2,15.0,6.0,
345,4,2022-07-13,12:45:00,14:36:00,10,15.0,3.75,
346,13,2022-07-13,10:30:00,12:41:00,1,15.0,0.0,
347,2,2022-07-13,10:15:00,11:33:00,11,15.0,6.0,
348,16,2022-07-13,16:45:00,18:22:00,4,15.0,0.0,
349,2,2022-07-13,16:00:00,17:07:00,13,15.0,6.0,
350,10,2022-07-13,15:45:00,16:50:00,12,15.0,1.5,
351,3,2022-07-13,14:00:00,16:15:00,14,15.0,3.75,
352,8,2022-07-13,14:00:00,15:45:00,1,15.0,1.5,
353,2,2022-07-13,15:15:00,17:02:00,6,15.0,6.0,
354,3,2022-07-14,10:30:00,12:17:00,1,15.0,3.75,
355,1,2022-07-14,14:30:00,16:17:00,3,15.0,6.0,
356,7,2022-07-14,15:00:00,16:39:00,14,15.0,1.5,
357,4,2022-07-14,12:00:00,14:23:00,4,15.0,3.75,
358,5,2022-07-14,10:45:00,12:07:00,10,15.0,3.75,
359,13,2022-07-14,09:45:00,10:37:00,10,15.0,0.0,
360,2,2022-07-14,12:45:00,14:18:00,12,15.0,6.0,
361,3,2022-07-15,16:00:00,16:54:00,2,15.0,3.75,
362,7,2022-07-15,14:00:00,15:21:00,7,15.0,1.5,
363,1,2022-07-15,13:00:00,13:46:00,14,15.0,6.0,
364,3,2022-07-15,12:15:00,14:26:00,7,15.0,3.75,
365,4,2022-07-15,13:00:00,13:50:00,3,15.0,3.75,
366,2,2022-07-15,10:45:00,11:32:00,1,15.0,6.0,
367,1,2022-07-15,10:00:00,11:05:00,14,15.0,6.0,
368,2,2022-07-16,11:30:00,12:40:00,1,15.0,6.0,
369,1,2022-07-16,14:45:00,16:43:00,13,15.0,6.0,
370,2,2022-07-16,16:15:00,18:37:00,10,15.0,6.0,
371,11,2022-07-16,09:15:00,11:39:00,6,15.0,0.0,
372,6,2022-07-16,13:00:00,13:58:00,14,15.0,1.5,
373,4,2022-07-16,11:15:00,13:38:00,11,15.0,3.75,
374,196,2022-07-16,09:15:00,10:43:00,6,15.0,1.5,
375,5,2022-07-16,11:45:00,13:29:00,5,15.0,3.75,
376,2,2022-07-16,11:30:00,13:45:00,2,15.0,6.0,
377,11,2022-07-16,11:30:00,13:49:00,11,15.0,0.0,
378,7,2022-07-16,14:30:00,16:39:00,10,15.0,1.5,
379,1,2022-07-17,14:45:00,15:41:00,5,15.0,6.0,
380,4,2022-07-17,14:45:00,15:48:00,4,15.0,3.75,
381,8,2022-07-17,11:00:00,12:29:00,5,15.0,1.5,
382,1,2022-07-17,09:15:00,10:46:00,1,15.0,6.0,
383,5,2022-07-17,16:30:00,18:04:00,10,15.0,3.75,
384,2,2022-07-17,12:00:00,13:42:00,7,15.0,6.0,
385,4,2022-07-17,14:45:00,17:05:00,14,15.0,3.75,
386,14,2022-07-17,10:30:00,12:52:00,12,15.0,0.0,
387,3,2022-07-17,12:00:00,13:51:00,6,15.0,3.75,
388,13,2022-07-17,11:45:00,14:12:00,11,15.0,0.0,
389,2,2022-07-17,16:30:00,18:03:00,13,15.0,6.0,
390,1,2022-07-17,15:15:00,16:42:00,14,15.0,6.0,
391,2,2022-07-18,12:45:00,14:20:00,13,15.0,6.0,
392,1,2022-07-18,12:30:00,14:35:00,13,15.0,6.0,
393,3,2022-07-18,14:15:00,15:06:00,1,15.0,3.75,
394,2,2022-07-18,09:15:00,10:04:00,3,15.0,6.0,
395,11,2022-07-18,12:15:00,14:19:00,4,15.0,0.0,
396,10,2022-07-18,11:30:00,13:04:00,10,15.0,1.5,
397,11,2022-07-18,16:15:00,17:18:00,7,15.0,0.0,
398,4,2022-07-18,10:15:00,11:32:00,2,15.0,3.75,
399,11,2022-07-19,16:15:00,18:14:00,13,15.0,0.0,
400,8,2022-07-19,12:15:00,14:20:00,1,15.0,1.5,
401,9,2022-07-19,15:45:00,16:38:00,10,15.0,1.5,
402,11,2022-07-19,09:00:00,10:02:00,6,15.0,0.0,
403,196,2022-07-19,14:00:00,16:13:00,4,15.0,1.5,
404,4,2022-07-19,09:00:00,11:29:00,13,15.0,3.75,
405,4,2022-07-19,11:00:00,12:12:00,7,15.0,3.75,
406,5,2022-07-19,14:45:00,16:01:00,7,15.0,3.75,
407,10,2022-07-20,12:45:00,13:42:00,1,15.0,1.5,
408,7,2022-07-20,11:00:00,11:53:00,10,15.0,1.5,
409,1,2022-07-20,12:30:00,13:56:00,12,15.0,6.0,
410,1,2022-07-20,15:30:00,17:18:00,5,15.0,6.0,
411,2,2022-07-20,09:45:00,11:28:00,13,15.0,6.0,
412,2,2022-07-20,11:45:00,14:04:00,4,15.0,6.0,
413,5,2022-07-20,14:30:00,15:30:00,11,15.0,3.75,
414,2,2022-07-21,12:45:00,13:33:00,7,15.0,6.0,
415,5,2022-07-21,14:00:00,15:52:00,5,15.0,3.75,
416,2,2022-07-21,15:00:00,16:54:00,2,15.0,6.0,
417,1,2022-07-21,14:30:00,16:19:00,14,15.0,6.0,
418,13,2022-07-21,10:30:00,12:30:00,4,15.0,0.0,
419,7,2022-07-22,14:15:00,15:56:00,2,15.0,1.5,
420,2,2022-07-22,09:15:00,11:44:00,11,15.0,6.0,
421,5,2022-07-22,16:15:00,18:42:00,3,15.0,3.75,
422,5,2022-07-22,16:15:00,17:39:00,13,15.0,3.75,
423,8,2022-07-22,12:45:00,14:31:00,5,15.0,1.5,
424,1,2022-07-22,14:00:00,15:23:00,3,15.0,6.0,
425,5,2022-07-23,14:30:00,16:22:00,13,15.0,3.75,
426,1,2022-07-23,14:00:00,15:08:00,3,15.0,6.0,
427,4,2022-07-23,15:45:00,18:14:00,3,15.0,3.75,
428,5,2022-07-23,16:15:00,18:19:00,4,15.0,3.75,
429,1,2022-07-23,09:00:00,09:47:00,2,15.0,6.0,
430,8,2022-07-23,14:00:00,15:27:00,11,15.0,1.5,
431,2,2022-07-23,11:45:00,13:24:00,3,15.0,6.0,
432,4,2022-07-23,09:15:00,10:00:00,12,15.0,3.75,
433,103,2022-07-23,13:00:00,14:28:00,1,15.0,1.5,
434,2,2022-07-23,12:45:00,14:22:00,12,15.0,6.0,
435,11,2022-07-23,13:00:00,14:59:00,13,15.0,0.0,
436,15,2022-07-24,10:30:00,11:37:00,2,15.0,0.0,
437,5,2022-07-24,12:45:00,15:05:00,7,15.0,3.75,
438,2,2022-07-24,13:30:00,15:44:00,14,15.0,6.0,
439,11,2022-07-24,12:45:00,13:34:00,12,15.0,0.0,
440,3,2022-07-24,14:00:00,15:44:00,2,15.0,3.75,
441,8,2022-07-24,14:45:00,17:05:00,6,15.0,1.5,
442,7,2022-07-24,13:30:00,15:34:00,5,15.0,1.5,
443,1,2022-07-24,10:00:00,11:46:00,3,15.0,6.0,
444,7,2022-07-25,10:45:00,11:42:00,3,15.0,1.5,
445,11,2022-07-25,11:45:00,13:51:00,7,15.0,0.0,
446,8,2022-07-25,12:15:00,14:10:00,10,15.0,1.5,
447,17,2022-07-25,15:15:00,16:44:00,13,15.0,0.0,
448,1,2022-07-25,10:15:00,12:20:00,7,15.0,6.0,
449,103,2022-07-26,10:30:00,11:20:00,2,15.0,1.5,
450,15,2022-07-26,12:00:00,13:55:00,1,15.0,0.0,
451,13,2022-07-26,10:45:00,12:34:00,7,15.0,0.0,
452,103,2022-07-26,10:15:00,11:12:00,3,15.0,1.5,
453,2,2022-07-26,16:45:00,18:40:00,5,15.0,6.0,
454,3,2022-07-26,15:00:00,16:36:00,7,15.0,3.75,
455,103,2022-07-27,13:15:00,14:28:00,14,15.0,1.5,
456,2,2022-07-27,09:15:00,11:33:00,13,15.0,6.0,
457,1,2022-07-27,09:00:00,10:01:00,13,15.0,6.0,
458,8,2022-07-27,16:45:00,18:10:00,13,15.0,1.5,
459,5,2022-07-27,11:15:00,12:13:00,4,15.0,3.75,
460,4,2022-07-27,09:45:00,11:00:00,7,15.0,3.75,
461,4,2022-07-28,16:45:00,19:02:00,2,15.0,3.75,
462,4,2022-07-28,09:45:00,11:02:00,10,15.0,3.75,
463,103,2022-07-28,14:15:00,16:10:00,6,15.0,1.5,
464,4,2022-07-28,12:45:00,13:34:00,13,15.0,3.75,
465,5,2022-07-28,16:00:00,18:12:00,3,15.0,3.75,
466,5,2022-07-28,14:00:00,14:55:00,14,15.0,3.75,
467,13,2022-07-28,15:30:00,17:07:00,12,15.0,0.0,
468,2,2022-07-28,09:30:00,11:14:00,11,15.0,6.0,
469,196,2022-07-28,13:00:00,14:40:00,1,15.0,1.5,
470,4,2022-07-28,09:45:00,12:09:00,12,15.0,3.75,
471,103,2022-07-28,12:00:00,13:33:00,10,15.0,1.5,
472,3,2022-07-28,14:30:00,16:02:00,4,15.0,3.75,
473,1,2022-07-29,15:45:00,16:40:00,11,15.0,6.0,
474,5,2022-07-29,09:45:00,11:26:00,13,15.0,3.75,
475,9,2022-07-29,16:15:00,18:28:00,13,15.0,1.5,
476,12,2022-07-29,14:15:00,16:07:00,11,15.0,0.0,
477,103,2022-07-29,10:45:00,13:11:00,6,15.0,1.5,
478,248,2022-07-29,09:15:00,10:46:00,10,15.0,0.0,
479,13,2022-07-29,12:30:00,14:14:00,10,15.0,0.0,
480,103,2022-07-29,15:15:00,16:23:00,14,15.0,1.5,
481,5,2022-07-29,15:00:00,16:32:00,13,15.0,3.75,
482,5,2022-07-30,14:00:00,15:59:00,7,15.0,3.75,
483,8,2022-07-30,16:30:00,18:42:00,14,15.0,1.5,
484,15,2022-07-30,15:45:00,17:53:00,10,15.0,0.0,
485,8,2022-07-30,13:15:00,14:14:00,10,15.0,1.5,
486,4,2022-07-30,14:45:00,16:22:00,14,15.0,3.75,
487,11,2022-07-30,10:15:00,12:07:00,3,15.0,0.0,
488,9,2022-07-30,09:15:00,10:31:00,1,15.0,1.5,
489,1,2022-07-31,16:15:00,17:44:00,7,15.0,6.0,
490,2,2022-07-31,14:00:00,15:13:00,2,15.0,6.0,
491,2,2022-07-31,14:00:00,14:53:00,2,15.0,6.0,
492,6,2022-07-31,10:00:00,11:05:00,10,15.0,1.5,
493,6,2022-08-01,10:00:00,11:37:00,10,15.0,1.5,
494,11,2022-08-01,09:00:00,10:21:00,14,15.0,0.0,
495,103,2022-08-01,12:45:00,14:12:00,7,15.0,1.5,
496,2,2022-08-01,13:45:00,16:03:00,13,15.0,6.0,
497,67,2022-08-01,15:45:00,16:31:00,13,15.0,3.75,
498,2,2022-08-01,16:15:00,17:22:00,2,15.0,6.0,
499,8,2022-08-01,15:45:00,17:00:00,12,15.0,1.5,
500,10,2022-08-01,13:15:00,15:34:00,7,15.0,1.5,
501,2,2022-08-02,15:00:00,16:34:00,11,15.0,6.0,
502,3,2022-08-02,14:45:00,17:10:00,2,15.0,3.75,
503,3,2022-08-02,15:15:00,16:18:00,5,15.0,3.75,
504,4,2022-08-02,13:30:00,15:46:00,3,15.0,3.75,
505,3,2022-08-02,16:00:00,17:14:00,4,15.0,3.75,
506,15,2022-08-02,09:30:00,11:21:00,10,15.0,0.0,
507,10,2022-08-03,09:30:00,11:28:00,6,15.0,1.5,
508,1,2022-08-03,16:45:00,18:20:00,4,15.0,6.0,
509,3,2022-08-03,09:00:00,10:13:00,6,15.0,3.75,
510,5,2022-08-03,09:15:00,11:12:00,14,15.0,3.75,
511,248,2022-08-03,13:30:00,15:56:00,6,15.0,0.0,
512,3,2022-08-04,13:30:00,15:09:00,3,15.0,3.75,
513,103,2022-08-04,10:45:00,12:00:00,5,15.0,1.5,
514,4,2022-08-04,09:45:00,10:56:00,12,15.0,3.75,
515,6,2022-08-04,12:45:00,14:26:00,10,15.0,1.5,
516,9,2022-08-04,16:00:00,17:23:00,12,15.0,1.5,
517,67,2022-08-04,12:15:00,13:05:00,12,15.0,3.75,
518,5,2022-08-04,11:15:00,12:32:00,2,15.0,3.75,
519,11,2022-08-04,13:15:00,14:13:00,11,15.0,0.0,
520,3,2022-08-04,12:30:00,13:25:00,14,15.0,3.75,
521,2,2022-08-04,10:30:00,11:18:00,11,15.0,6.0,
522,2,2022-08-05,11:30:00,13:38:00,7,15.0,6.0,
523,5,2022-08-05,14:45:00,15:37:00,2,15.0,3.75,
524,1,2022-08-05,14:45:00,17:07:00,3,15.0,6.0,
525,1,2022-08-05,13:30:00,15:32:00,12,15.0,6.0,
526,2,2022-08-05,09:15:00,11:00:00,7,15.0,6.0,
527,11,2022-08-05,12:30:00,13:18:00,1,15.0,0.0,
528,3,2022-08-05,14:45:00,15:51:00,5,15.0,3.75,
529,5,2022-08-05,14:00:00,15:39:00,14,15.0,3.75,
530,5,2022-08-05,10:30:00,12:23:00,1,15.0,3.75,
531,10,2022-08-05,09:45:00,11:59:00,7,15.0,1.5,
532,2,2022-08-05,13:30:00,14:15:00,7,15.0,6.0,
533,2,2022-08-06,15:30:00,17:13:00,14,15.0,6.0,
534,8,2022-08-06,12:30:00,14:13:00,7,15.0,1.5,
535,1,2022-08-06,09:30:00,10:32:00,7,15.0,6.0,
536,1,2022-08-06,09:15:00,10:43:00,11,15.0,6.0,
537,1,2022-08-06,16:45:00,18:55:00,3,15.0,6.0,
538,11,2022-08-06,13:30:00,15:57:00,1,15.0,0.0,
539,2,2022-08-06,15:30:00,17:06:00,10,15.0,6.0,
540,2,2022-08-06,16:30:00,18:15:00,12,15.0,6.0,
541,3,2022-08-06,09:30:00,11:51:00,5,15.0,3.75,
542,67,2022-08-06,09:15:00,10:21:00,2,15.0,3.75,
543,67,2022-08-06,10:15:00,12:33:00,6,15.0,3.75,
544,196,2022-08-06,11:15:00,13:02:00,4,15.0,1.5,
545,15,2022-08-06,09:15:00,10:45:00,12,15.0,0.0,
546,103,2022-08-07,11:00:00,12:57:00,10,15.0,1.5,
547,2,2022-08-07,13:15:00,14:24:00,6,15.0,6.0,
548,10,2022-08-07,12:30:00,14:41:00,11,15.0,1.5,
549,103,2022-08-07,14:30:00,15:45:00,7,15.0,1.5,
550,3,2022-08-07,10:00:00,10:49:00,2,15.0,3.75,
551,14,2022-08-07,16:45:00,17:54:00,3,15.0,0.0,
552,1,2022-08-07,15:15:00,16:24:00,7,15.0,6.0,
553,11,2022-08-07,09:30:00,11:33:00,10,15.0,0.0,
554,11,2022-08-07,15:30:00,16:47:00,11,15.0,0.0,
555,4,2022-08-07,11:00:00,11:51:00,14,15.0,3.75,
556,1,2022-08-07,09:30:00,11:40:00,13,15.0,6.0,
557,16,2022-08-07,13:15:00,14:27:00,13,15.0,0.0,
558,1,2022-08-07,13:15:00,14:34:00,4,15.0,6.0,
559,67,2022-08-08,16:45:00,17:36:00,2,15.0,3.75,
560,2,2022-08-08,15:45:00,18:07:00,14,15.0,6.0,
561,10,2022-08-08,14:30:00,15:47:00,14,15.0,1.5,
562,3,2022-08-08,12:30:00,13:44:00,1,15.0,3.75,
563,7,2022-08-08,14:30:00,15:40:00,12,15.0,1.5,
564,3,2022-08-08,14:15:00,16:00:00,13,15.0,3.75,
565,4,2022-08-08,11:30:00,12:16:00,13,15.0,3.75,
566,198,2022-08-08,14:15:00,15:21:00,3,15.0,3.75,
567,39,2022-08-08,11:00:00,12:32:00,10,15.0,1.5,
568,8,2022-08-09,11:45:00,12:58:00,6,15.0,1.5,
569,4,2022-08-09,14:15:00,16:12:00,1,15.0,3.75,
570,103,2022-08-09,10:15:00,12:29:00,12,15.0,1.5,
571,3,2022-08-09,11:15:00,13:37:00,2,15.0,3.75,
572,2,2022-08-09,16:30:00,18:29:00,3,15.0,6.0,
573,10,2022-08-09,16:30:00,18:52:00,6,15.0,1.5,
574,1,2022-08-09,12:45:00,14:17:00,13,15.0,6.0,
575,3,2022-08-09,11:00:00,12:00:00,2,15.0,3.75,
576,39,2022-08-09,16:15:00,17:09:00,1,15.0,1.5,
577,3,2022-08-10,11:45:00,13:04:00,12,15.0,3.75,
578,2,2022-08-10,10:30:00,12:54:00,6,15.0,6.0,
579,1,2022-08-10,10:30:00,12:42:00,5,15.0,6.0,
580,11,2022-08-10,10:30:00,11:50:00,7,15.0,0.0,
581,67,2022-08-10,11:45:00,13:05:00,7,15.0,3.75,
582,4,2022-08-10,13:30:00,15:02:00,4,15.0,3.75,
583,9,2022-08-11,14:00:00,15:49:00,13,15.0,1.5,
584,8,2022-08-11,14:15:00,15:22:00,10,15.0,1.5,
585,67,2022-08-11,11:15:00,13:37:00,1,15.0,3.75,
586,2,2022-08-11,16:45:00,18:31:00,6,15.0,6.0,
587,1,2022-08-12,14:45:00,16:01:00,6,15.0,6.0,
588,13,2022-08-12,09:30:00,10:37:00,7,15.0,0.0,
589,8,2022-08-12,11:00:00,12:18:00,13,15.0,1.5,
590,67,2022-08-12,15:15:00,16:33:00,3,15.0,3.75,
591,3,2022-08-12,12:45:00,14:23:00,4,15.0,3.75,
592,4,2022-08-12,15:15:00,17:05:00,1,15.0,3.75,
593,4,2022-08-12,16:45:00,19:00:00,14,15.0,3.75,
594,11,2022-08-12,09:15:00,10:13:00,2,15.0,0.0,
595,5,2022-08-13,12:15:00,14:15:00,1,15.0,3.75,
596,5,2022-08-13,16:30:00,17:50:00,13,15.0,3.75,
597,198,2022-08-13,14:00:00,15:07:00,3,15.0,3.75,
598,2,2022-08-13,14:30:00,15:59:00,13,15.0,6.0,
599,11,2022-08-13,16:15:00,18:04:00,1,15.0,0.0,
600,13,2022-08-13,14:00:00,15:44:00,12,15.0,0.0,
601,10,2022-08-13,15:30:00,17:51:00,6,15.0,1.5,
602,3,2022-08-13,11:15:00,12:42:00,12,15.0,3.75,
603,5,2022-08-13,09:00:00,10:55:00,13,15.0,3.75,
604,1,2022-08-13,11:45:00,13:54:00,11,15.0,6.0,
605,39,2022-08-13,10:30:00,12:42:00,12,15.0,1.5,
606,39,2022-08-13,14:30:00,16:03:00,10,15.0,1.5,
607,248,2022-08-14,16:45:00,18:28:00,13,15.0,0.0,
608,8,2022-08-14,11:00:00,12:03:00,6,15.0,1.5,
609,5,2022-08-14,16:15:00,17:53:00,3,15.0,3.75,
610,9,2022-08-14,10:30:00,12:08:00,2,15.0,1.5,
611,248,2022-08-14,16:00:00,16:52:00,5,15.0,0.0,
612,4,2022-08-14,16:15:00,18:35:00,11,15.0,3.75,
613,14,2022-08-14,14:30:00,16:58:00,6,15.0,0.0,
614,5,2022-08-15,13:45:00,14:50:00,7,15.0,3.75,
615,4,2022-08-15,15:30:00,17:28:00,5,15.0,3.75,
616,4,2022-08-15,16:30:00,18:08:00,3,15.0,3.75,
617,5,2022-08-15,10:00:00,11:31:00,7,15.0,3.75,
618,2,2022-08-15,12:15:00,13:52:00,3,15.0,6.0,
619,7,2022-08-15,10:00:00,11:03:00,10,15.0,1.5,
620,1,2022-08-16,16:00:00,17:05:00,5,15.0,6.0,
621,1,2022-08-16,09:45:00,11:05:00,7,15.0,6.0,
622,79,2022-08-16,12:15:00,14:38:00,13,15.0,0.0,
623,8,2022-08-16,14:45:00,15:56:00,6,15.0,1.5,
624,6,2022-08-16,10:30:00,12:22:00,7,15.0,1.5,
625,5,2022-08-16,09:00:00,10:31:00,13,15.0,3.75,
626,196,2022-08-17,16:15:00,17:26:00,5,15.0,1.5,
627,1,2022-08-17,15:45:00,17:28:00,6,15.0,6.0,
628,3,2022-08-17,14:45:00,15:42:00,12,15.0,3.75,
629,2,2022-08-17,14:30:00,16:07:00,13,15.0,6.0,
630,68,2022-08-17,11:15:00,13:37:00,6,15.0,0.0,
631,6,2022-08-18,13:45:00,15:26:00,6,15.0,1.5,
632,2,2022-08-18,10:45:00,12:25:00,3,15.0,6.0,
633,2,2022-08-18,13:45:00,16:11:00,1,15.0,6.0,
634,3,2022-08-18,11:15:00,13:11:00,5,15.0,3.75,
635,17,2022-08-18,13:00:00,13:47:00,14,15.0,0.0,
636,9,2022-08-18,14:15:00,15:52:00,6,15.0,1.5,
637,2,2022-08-18,10:30:00,12:39:00,11,15.0,6.0,
638,5,2022-08-18,11:15:00,12:15:00,1,15.0,3.75,
639,39,2022-08-19,15:45:00,18:01:00,5,15.0,1.5,
640,11,2022-08-19,16:45:00,19:00:00,4,15.0,0.0,
641,15,2022-08-19,14:30:00,15:37:00,14,15.0,0.0,
642,103,2022-08-19,16:15:00,17:51:00,12,15.0,1.5,
643,10,2022-08-19,13:15:00,14:18:00,10,15.0,1.5,
644,5,2022-08-20,10:45:00,13:02:00,10,15.0,3.75,
645,11,2022-08-20,13:15:00,15:45:00,6,15.0,0.0,
646,3,2022-08-20,13:15:00,14:08:00,2,15.0,3.75,
647,6,2022-08-20,11:30:00,13:02:00,10,15.0,1.5,
648,3,2022-08-20,11:00:00,12:08:00,13,15.0,3.75,
649,198,2022-08-20,13:00:00,14:41:00,3,15.0,3.75,
650,196,2022-08-20,13:30:00,15:23:00,5,15.0,1.5,
651,2,2022-08-20,12:30:00,14:07:00,14,15.0,6.0,
652,2,2022-08-21,09:45:00,11:42:00,10,15.0,6.0,
653,1,2022-08-21,16:30:00,17:27:00,13,15.0,6.0,
654,103,2022-08-21,12:15:00,13:06:00,7,15.0,1.5,
655,1,2022-08-21,10:00:00,11:04:00,12,15.0,6.0,
656,67,2022-08-21,11:30:00,13:39:00,14,15.0,3.75,
657,2,2022-08-21,14:00:00,16:07:00,5,15.0,6.0,
658,39,2022-08-21,10:15:00,12:12:00,3,15.0,1.5,
659,4,2022-08-21,15:15:00,16:32:00,7,15.0,3.75,
660,10,2022-08-21,10:45:00,12:23:00,10,15.0,1.5,
661,3,2022-08-21,15:15:00,17:38:00,11,15.0,3.75,
662,2,2022-08-22,13:00:00,14:28:00,12,15.0,6.0,
663,7,2022-08-22,09:15:00,11:00:00,10,15.0,1.5,
664,4,2022-08-22,13:45:00,15:32:00,14,15.0,3.75,
665,5,2022-08-23,09:30:00,11:43:00,1,15.0,3.75,
666,67,2022-08-23,15:15:00,16:38:00,11,15.0,3.75,
667,103,2022-08-23,15:45:00,16:34:00,5,15.0,1.5,
668,7,2022-08-23,14:30:00,15:59:00,11,15.0,1.5,
669,1,2022-08-23,13:30:00,14:25:00,1,15.0,6.0,
670,67,2022-08-23,14:15:00,16:03:00,5,15.0,3.75,
671,4,2022-08-23,14:30:00,16:49:00,13,15.0,3.75,
672,1,2022-08-23,16:30:00,18:09:00,11,15.0,6.0,
673,6,2022-08-24,16:30:00,17:33:00,12,15.0,1.5,
674,14,2022-08-24,12:45:00,15:05:00,5,15.0,0.0,
675,39,2022-08-24,15:15:00,16:47:00,7,15.0,1.5,
676,103,2022-08-24,11:15:00,12:55:00,5,15.0,1.5,
677,67,2022-08-24,10:30:00,12:10:00,10,15.0,3.75,
678,39,2022-08-24,10:45:00,12:56:00,10,15.0,1.5,
679,10,2022-08-25,10:00:00,12:09:00,13,15.0,1.5,
680,6,2022-08-25,10:00:00,12:26:00,10,15.0,1.5,
681,12,2022-08-25,10:00:00,11:23:00,14,15.0,0.0,
682,67,2022-08-25,10:30:00,11:30:00,1,15.0,3.75,
683,4,2022-08-25,10:00:00,12:29:00,10,15.0,3.75,
684,6,2022-08-25,09:15:00,10:15:00,4,15.0,1.5,
685,9,2022-08-25,14:00:00,16:00:00,10,15.0,1.5,
686,1,2022-08-26,15:30:00,16:19:00,12,15.0,6.0,
687,10,2022-08-26,12:45:00,14:37:00,2,15.0,1.5,
688,1,2022-08-26,12:30:00,14:35:00,4,15.0,6.0,
689,103,2022-08-26,10:30:00,12:44:00,10,15.0,1.5,
690,1,2022-08-26,15:30:00,17:26:00,3,15.0,6.0,
691,8,2022-08-26,10:30:00,12:38:00,2,15.0,1.5,
692,11,2022-08-26,12:00:00,14:05:00,6,15.0,0.0,
693,8,2022-08-26,12:30:00,13:51:00,5,15.0,1.5,
694,3,2022-08-27,10:30:00,11:36:00,11,15.0,3.75,
695,1,2022-08-27,16:00:00,18:20:00,12,15.0,6.0,
696,5,2022-08-27,11:15:00,12:01:00,2,15.0,3.75,
697,103,2022-08-27,13:30:00,15:58:00,10,15.0,1.5,
698,4,2022-08-27,15:00:00,17:30:00,6,15.0,3.75,
699,4,2022-08-27,10:00:00,12:17:00,1,15.0,3.75,
700,67,2022-08-27,16:30:00,18:02:00,1,15.0,3.75,
701,2,2022-08-27,10:00:00,12:13:00,10,15.0,6.0,
702,11,2022-08-27,12:30:00,14:26:00,12,15.0,0.0,
703,1,2022-08-27,13:15:00,14:09:00,7,15.0,6.0,
704,7,2022-08-27,11:00:00,13:13:00,3,15.0,1.5,
705,3,2022-08-27,13:15:00,15:32:00,10,15.0,3.75,
706,5,2022-08-27,11:45:00,13:31:00,1,15.0,3.75,
707,10,2022-08-27,15:30:00,17:34:00,7,15.0,1.5,
708,2,2022-08-27,10:45:00,12:34:00,4,15.0,6.0,
709,1,2022-08-27,09:45:00,12:08:00,5,15.0,6.0,
710,13,2022-08-28,14:15:00,15:50:00,12,15.0,0.0,
711,5,2022-08-28,10:15:00,11:00:00,11,15.0,3.75,
712,248,2022-08-28,15:15:00,17:39:00,5,15.0,0.0,
713,67,2022-08-28,12:30:00,13:19:00,10,15.0,3.75,
714,2,2022-08-28,11:45:00,13:42:00,7,15.0,6.0,
715,8,2022-08-28,11:30:00,13:26:00,2,15.0,1.5,
716,196,2022-08-28,09:30:00,11:38:00,12,15.0,1.5,
717,15,2022-08-29,13:30:00,15:42:00,7,15.0,0.0,
718,8,2022-08-29,10:00:00,11:41:00,10,15.0,1.5,
719,39,2022-08-29,12:00:00,14:15:00,14,15.0,1.5,
720,198,2022-08-29,12:00:00,14:03:00,13,15.0,3.75,
721,2,2022-08-29,12:30:00,14:24:00,4,15.0,6.0,
722,103,2022-08-30,14:45:00,17:01:00,14,15.0,1.5,
723,68,2022-08-30,12:30:00,14:09:00,5,15.0,0.0,
724,4,2022-08-30,12:00:00,14:28:00,10,15.0,3.75,
725,15,2022-08-30,14:45:00,17:08:00,12,15.0,0.0,
726,3,2022-08-30,13:30:00,15:44:00,14,15.0,3.75,
727,2,2022-08-30,16:45:00,18:23:00,4,15.0,6.0,
728,2,2022-08-30,12:30:00,13:37:00,4,15.0,6.0,
729,103,2022-08-30,14:30:00,16:12:00,2,15.0,1.5,
730,3,2022-08-31,15:45:00,16:58:00,13,15.0,3.75,
731,68,2022-08-31,16:30:00,18:59:00,4,15.0,0.0,
732,149,2022-08-31,09:15:00,10:44:00,6,15.0,1.5,
733,5,2022-08-31,10:45:00,12:55:00,3,15.0,3.75,
734,10,2022-08-31,12:45:00,13:59:00,3,15.0,1.5,
735,7,2022-08-31,11:00:00,12:56:00,12,15.0,1.5,
736,5,2022-09-01,12:45:00,13:49:00,3,15.0,3.75,
737,3,2022-09-01,16:30:00,18:03:00,13,15.0,3.75,
738,3,2022-09-01,13:15:00,15:33:00,13,15.0,3.75,
739,4,2022-09-01,13:00:00,13:51:00,13,15.0,3.75,
740,1,2022-09-01,10:45:00,12:29:00,12,15.0,6.0,
741,2,2022-09-01,15:00:00,16:20:00,14,15.0,6.0,
742,2,2022-09-01,14:30:00,15:44:00,11,15.0,6.0,
743,67,2022-09-01,09:30:00,11:41:00,13,15.0,3.75,
744,4,2022-09-01,16:15:00,18:21:00,1,15.0,3.75,
745,8,2022-09-01,15:45:00,16:59:00,4,15.0,1.5,
746,196,2022-09-01,11:15:00,12:19:00,14,15.0,1.5,
747,12,2022-09-01,11:15:00,12:26:00,10,15.0,0.0,
748,1,2022-09-01,10:00:00,12:01:00,6,15.0,6.0,
749,2,2022-09-01,13:00:00,14:03:00,12,15.0,6.0,
750,248,2022-09-02,14:00:00,15:25:00,11,15.0,0.0,
751,2,2022-09-02,09:00:00,10:09:00,7,15.0,6.0,
752,7,2022-09-02,12:15:00,13:32:00,7,15.0,1.5,
753,5,2022-09-02,11:30:00,12:59:00,13,15.0,3.75,
754,2,2022-09-02,12:45:00,14:42:00,12,15.0,6.0,
755,11,2022-09-02,16:45:00,17:52:00,5,15.0,0.0,
756,8,2022-09-03,15:45:00,17:58:00,13,15.0,1.5,
757,8,2022-09-03,09:30:00,11:13:00,7,15.0,1.5,
758,248,2022-09-03,13:00:00,14:40:00,1,15.0,0.0,
759,5,2022-09-03,16:00:00,17:20:00,4,15.0,3.75,
760,5,2022-09-03,13:45:00,16:08:00,5,15.0,3.75,
761,198,2022-09-03,15:30:00,17:41:00,12,15.0,3.75,
762,6,2022-09-03,10:15:00,12:26:00,4,15.0,1.5,
763,5,2022-09-03,13:00:00,15:08:00,2,15.0,3.75,
764,9,2022-09-03,09:15:00,11:24:00,1,15.0,1.5,
765,8,2022-09-04,09:00:00,10:56:00,4,15.0,1.5,
766,4,2022-09-04,09:30:00,11:53:00,1,15.0,3.75,
767,198,2022-09-04,15:15:00,17:25:00,7,15.0,3.75,
768,1,2022-09-04,09:00:00,11:00:00,11,15.0,6.0,
769,2,2022-09-04,10:15:00,12:14:00,10,15.0,6.0,
770,11,2022-09-04,15:30:00,16:36:00,7,15.0,0.0,
771,3,2022-09-04,14:30:00,15:45:00,7,15.0,3.75,
772,2,2022-09-04,15:45:00,16:50:00,3,15.0,6.0,
773,14,2022-09-04,11:45:00,13:22:00,10,15.0,0.0,
774,3,2022-09-04,13:15:00,15:37:00,11,15.0,3.75,
775,2,2022-09-05,13:30:00,14:59:00,12,15.0,6.0,
776,68,2022-09-05,16:00:00,18:29:00,1,15.0,0.0,
777,198,2022-09-05,14:45:00,15:33:00,3,15.0,3.75,
778,103,2022-09-05,16:30:00,18:09:00,2,15.0,1.5,
779,2,2022-09-05,15:15:00,16:20:00,14,15.0,6.0,
780,1,2022-09-05,13:45:00,15:46:00,6,15.0,6.0,
781,198,2022-09-05,12:30:00,13:19:00,13,15.0,3.75,
782,11,2022-09-05,09:30:00,11:49:00,6,15.0,0.0,
783,16,2022-09-05,13:45:00,15:40:00,1,15.0,0.0,
784,6,2022-09-05,11:30:00,12:16:00,7,15.0,1.5,
785,7,2022-09-05,11:15:00,12:25:00,4,15.0,1.5,
786,1,2022-09-06,15:15:00,16:49:00,3,15.0,6.0,
787,4,2022-09-06,12:45:00,14:42:00,13,15.0,3.75,
788,5,2022-09-06,10:15:00,11:10:00,2,15.0,3.75,
789,67,2022-09-06,16:30:00,17:20:00,5,15.0,3.75,
790,3,2022-09-06,11:15:00,13:06:00,11,15.0,3.75,
791,2,2022-09-06,10:30:00,11:35:00,12,15.0,6.0,
792,8,2022-09-06,13:15:00,15:21:00,11,15.0,1.5,
793,39,2022-09-06,15:30:00,16:30:00,6,15.0,1.5,
794,1,2022-09-07,14:00:00,14:59:00,10,15.0,6.0,
795,2,2022-09-07,14:30:00,15:37:00,13,15.0,6.0,
796,67,2022-09-07,10:15:00,12:29:00,4,15.0,3.75,
797,8,2022-09-07,10:30:00,12:45:00,5,15.0,1.5,
798,10,2022-09-07,13:15:00,14:31:00,10,15.0,1.5,
799,14,2022-09-07,15:15:00,16:54:00,1,15.0,0.0,
800,4,2022-09-07,09:15:00,10:56:00,2,15.0,3.75,
801,4,2022-09-07,10:30:00,11:54:00,4,15.0,3.75,
802,2,2022-09-07,12:30:00,14:00:00,13,15.0,6.0,
803,4,2022-09-07,11:30:00,13:18:00,14,15.0,3.75,
804,103,2022-09-07,13:00:00,14:33:00,3,15.0,1.5,
805,3,2022-09-07,09:00:00,11:06:00,7,15.0,3.75,
806,9,2022-09-08,16:15:00,18:38:00,6,15.0,1.5,
807,2,2022-09-08,11:45:00,13:23:00,6,15.0,6.0,
808,4,2022-09-08,10:00:00,10:46:00,11,15.0,3.75,
809,103,2022-09-08,14:15:00,15:39:00,3,15.0,1.5,
810,5,2022-09-08,16:00:00,17:00:00,7,15.0,3.75,
811,2,2022-09-08,15:15:00,17:41:00,12,15.0,6.0,
812,3,2022-09-08,14:45:00,16:14:00,13,15.0,3.75,
813,3,2022-09-09,09:45:00,11:00:00,2,15.0,3.75,
814,5,2022-09-09,10:30:00,11:18:00,14,15.0,3.75,
815,68,2022-09-09,09:30:00,11:28:00,4,15.0,0.0,
816,4,2022-09-09,11:30:00,12:17:00,13,15.0,3.75,
817,103,2022-09-09,10:45:00,12:36:00,5,15.0,1.5,
818,14,2022-09-09,14:15:00,15:52:00,6,15.0,0.0,
819,4,2022-09-09,14:15:00,16:00:00,6,15.0,3.75,
820,10,2022-09-09,12:00:00,14:03:00,13,15.0,1.5,
821,39,2022-09-09,15:30:00,17:55:00,2,15.0,1.5,
822,2,2022-09-09,14:00:00,15:58:00,10,15.0,6.0,
823,5,2022-09-10,14:45:00,17:02:00,3,15.0,3.75,
824,103,2022-09-10,13:30:00,15:30:00,1,15.0,1.5,
825,103,2022-09-10,10:15:00,11:44:00,7,15.0,1.5,
826,15,2022-09-10,12:15:00,13:19:00,6,15.0,0.0,
827,8,2022-09-10,15:15:00,17:26:00,14,15.0,1.5,
828,3,2022-09-10,14:00:00,15:49:00,5,15.0,3.75,
829,68,2022-09-10,09:00:00,11:14:00,4,15.0,0.0,
830,5,2022-09-10,14:30:00,15:28:00,5,15.0,3.75,
831,2,2022-09-10,15:30:00,16:46:00,3,15.0,6.0,
832,2,2022-09-10,16:00:00,17:36:00,3,15.0,6.0,
833,2,2022-09-10,15:45:00,16:35:00,14,15.0,6.0,
834,39,2022-09-10,12:45:00,15:14:00,1,15.0,1.5,
835,243,2022-09-10,10:45:00,12:15:00,1,15.0,0.0,
836,17,2022-09-10,11:15:00,12:47:00,11,15.0,0.0,
837,2,2022-09-10,13:15:00,14:45:00,12,15.0,6.0,
838,14,2022-09-10,11:45:00,14:13:00,6,15.0,0.0,
839,8,2022-09-10,11:15:00,13:08:00,12,15.0,1.5,
840,2,2022-09-11,14:15:00,15:53:00,4,15.0,6.0,
841,2,2022-09-11,10:45:00,12:37:00,4,15.0,6.0,
842,2,2022-09-11,11:00:00,12:00:00,4,15.0,6.0,
843,4,2022-09-11,13:45:00,15:59:00,6,15.0,3.75,
844,2,2022-09-11,12:30:00,13:55:00,3,15.0,6.0,
845,1,2022-09-11,10:15:00,11:47:00,10,15.0,6.0,
846,10,2022-09-11,09:15:00,10:13:00,2,15.0,1.5,
847,103,2022-09-11,15:45:00,17:02:00,10,15.0,1.5,
848,1,2022-09-11,14:30:00,15:36:00,3,15.0,6.0,
849,3,2022-09-11,13:00:00,14:00:00,5,15.0,3.75,
850,68,2022-09-12,14:30:00,16:32:00,7,15.0,0.0,
851,198,2022-09-12,14:45:00,15:46:00,4,15.0,3.75,
852,4,2022-09-12,09:30:00,10:24:00,14,15.0,3.75,
853,2,2022-09-12,11:15:00,13:06:00,7,15.0,6.0,
854,1,2022-09-12,12:15:00,13:36:00,6,15.0,6.0,
855,5,2022-09-12,11:45:00,13:13:00,3,15.0,3.75,
856,3,2022-09-12,11:30:00,13:14:00,2,15.0,3.75,
857,8,2022-09-12,16:15:00,18:40:00,6,15.0,1.5,
858,1,2022-09-13,15:30:00,16:41:00,5,15.0,6.0,
859,1,2022-09-13,10:15:00,11:36:00,4,15.0,6.0,
860,1,2022-09-13,14:00:00,15:38:00,10,15.0,6.0,
861,2,2022-09-13,09:30:00,11:42:00,4,15.0,6.0,
862,9,2022-09-13,09:00:00,10:54:00,13,15.0,1.5,
863,3,2022-09-13,13:15:00,15:29:00,10,15.0,3.75,
864,103,2022-09-13,11:30:00,12:41:00,13,15.0,1.5,
865,1,2022-09-13,13:15:00,14:27:00,10,15.0,6.0,
866,5,2022-09-13,11:00:00,12:40:00,13,15.0,3.75,
867,1,2022-09-14,14:45:00,16:29:00,2,15.0,6.0,
868,2,2022-09-14,16:15:00,17:10:00,11,15.0,6.0,
869,8,2022-09-14,12:45:00,14:11:00,11,15.0,1.5,
870,68,2022-09-14,13:45:00,16:14:00,3,15.0,0.0,
871,2,2022-09-14,13:45:00,15:41:00,1,15.0,6.0,
872,39,2022-09-14,13:30:00,15:59:00,5,15.0,1.5,
873,4,2022-09-14,09:00:00,09:53:00,3,15.0,3.75,
874,5,2022-09-14,12:15:00,14:18:00,10,15.0,3.75,
875,3,2022-09-14,13:00:00,15:28:00,3,15.0,3.75,
876,18,2022-09-14,11:30:00,13:35:00,5,15.0,0.0,
877,4,2022-09-14,14:45:00,17:13:00,3,15.0,3.75,
878,17,2022-09-15,12:45:00,14:09:00,4,15.0,0.0,
879,5,2022-09-15,11:45:00,13:45:00,3,15.0,3.75,
880,5,2022-09-15,13:45:00,14:52:00,14,15.0,3.75,
881,4,2022-09-15,11:45:00,14:08:00,14,15.0,3.75,
882,8,2022-09-15,10:45:00,11:54:00,3,15.0,1.5,
883,2,2022-09-15,14:45:00,16:54:00,10,15.0,6.0,
884,8,2022-09-15,14:15:00,16:15:00,14,15.0,1.5,
885,68,2022-09-15,09:45:00,11:31:00,13,15.0,0.0,
886,6,2022-09-15,12:00:00,13:01:00,3,15.0,1.5,
887,1,2022-09-15,12:15:00,14:21:00,6,15.0,6.0,
888,2,2022-09-16,12:00:00,14:21:00,2,15.0,6.0,
889,3,2022-09-16,16:00:00,17:44:00,6,15.0,3.75,
890,8,2022-09-16,09:30:00,11:34:00,5,15.0,1.5,
891,15,2022-09-16,16:45:00,18:12:00,5,15.0,0.0,
892,2,2022-09-16,13:30:00,14:51:00,12,15.0,6.0,
893,8,2022-09-16,09:00:00,09:56:00,4,15.0,1.5,
894,11,2022-09-16,16:45:00,17:45:00,1,15.0,0.0,
895,2,2022-09-16,16:45:00,18:46:00,2,15.0,6.0,
896,67,2022-09-16,13:00:00,14:54:00,11,15.0,3.75,
897,5,2022-09-16,16:00:00,18:11:00,1,15.0,3.75,
898,39,2022-09-16,10:30:00,11:51:00,4,15.0,1.5,
899,3,2022-09-17,10:30:00,12:40:00,5,15.0,3.75,
900,10,2022-09-17,16:30:00,18:42:00,1,15.0,1.5,
901,97,2022-09-17,14:00:00,15:21:00,4,15.0,1.5,
902,8,2022-09-17,14:30:00,16:08:00,10,15.0,1.5,
903,7,2022-09-17,12:00:00,12:51:00,7,15.0,1.5,
904,15,2022-09-17,10:00:00,11:02:00,14,15.0,0.0,
905,5,2022-09-17,09:15:00,11:33:00,3,15.0,3.75,
906,3,2022-09-17,12:00:00,14:19:00,14,15.0,3.75,
907,13,2022-09-17,10:15:00,11:31:00,12,15.0,0.0,
908,5,2022-09-17,15:45:00,17:25:00,5,15.0,3.75,
909,1,2022-09-17,11:00:00,12:18:00,11,15.0,6.0,
910,103,2022-09-17,15:00:00,16:39:00,10,15.0,1.5,
911,7,2022-09-17,13:00:00,14:56:00,12,15.0,1.5,
912,103,2022-09-17,13:00:00,13:56:00,6,15.0,1.5,
913,1,2022-09-17,13:15:00,14:18:00,5,15.0,6.0,
914,11,2022-09-17,15:00:00,16:15:00,1,15.0,0.0,
915,39,2022-09-17,14:45:00,17:13:00,13,15.0,1.5,
916,39,2022-09-17,15:15:00,17:05:00,4,15.0,1.5,
917,2,2022-09-17,12:30:00,13:17:00,2,15.0,6.0,
918,4,2022-09-17,14:30:00,16:04:00,10,15.0,3.75,
919,3,2022-09-17,12:15:00,14:23:00,4,15.0,3.75,
920,7,2022-09-17,14:45:00,17:11:00,6,15.0,1.5,
921,198,2022-09-17,15:45:00,16:47:00,7,15.0,3.75,
922,8,2022-09-18,09:00:00,10:23:00,12,15.0,1.5,
923,5,2022-09-18,09:15:00,10:37:00,13,15.0,3.75,
924,8,2022-09-18,09:00:00,10:46:00,12,15.0,1.5,
925,11,2022-09-18,13:30:00,15:11:00,1,15.0,0.0,
926,13,2022-09-18,14:45:00,17:04:00,4,15.0,0.0,
927,103,2022-09-18,10:15:00,11:48:00,1,15.0,1.5,
928,9,2022-09-18,11:30:00,12:38:00,6,15.0,1.5,
929,5,2022-09-18,11:30:00,13:39:00,12,15.0,3.75,
930,2,2022-09-18,15:15:00,17:26:00,11,15.0,6.0,
931,3,2022-09-18,15:00:00,17:05:00,1,15.0,3.75,
932,120,2022-09-19,11:45:00,13:10:00,12,15.0,1.5,
933,17,2022-09-19,11:45:00,12:52:00,2,15.0,0.0,
934,3,2022-09-19,15:30:00,16:24:00,3,15.0,3.75,
935,196,2022-09-19,09:30:00,11:34:00,2,15.0,1.5,
936,2,2022-09-19,16:45:00,17:44:00,10,15.0,6.0,
937,4,2022-09-19,14:30:00,16:50:00,14,15.0,3.75,
938,17,2022-09-19,15:30:00,17:41:00,3,15.0,0.0,
939,4,2022-09-19,15:45:00,17:24:00,2,15.0,3.75,
940,39,2022-09-20,11:15:00,13:15:00,2,15.0,1.5,
941,198,2022-09-20,11:45:00,12:45:00,10,15.0,3.75,
942,1,2022-09-20,16:00:00,18:19:00,6,15.0,6.0,
943,97,2022-09-20,10:45:00,12:20:00,13,15.0,1.5,
944,14,2022-09-21,10:15:00,12:08:00,11,15.0,0.0,
945,103,2022-09-21,16:30:00,18:03:00,1,15.0,1.5,
946,149,2022-09-21,12:45:00,15:13:00,5,15.0,1.5,
947,2,2022-09-21,16:15:00,17:36:00,11,15.0,6.0,
948,11,2022-09-21,14:30:00,16:40:00,3,15.0,0.0,
949,2,2022-09-21,09:30:00,10:26:00,6,15.0,6.0,
950,13,2022-09-21,10:00:00,11:06:00,3,15.0,0.0,
951,11,2022-09-21,12:00:00,13:23:00,5,15.0,0.0,
952,11,2022-09-22,15:45:00,16:42:00,7,15.0,0.0,
953,11,2022-09-22,16:45:00,17:56:00,4,15.0,0.0,
954,10,2022-09-22,09:45:00,12:06:00,13,15.0,1.5,
955,2,2022-09-22,10:15:00,12:27:00,12,15.0,6.0,
956,79,2022-09-22,13:45:00,15:26:00,7,15.0,0.0,
957,15,2022-09-22,11:00:00,12:55:00,12,15.0,0.0,
958,2,2022-09-22,11:45:00,12:37:00,5,15.0,6.0,
959,198,2022-09-22,09:30:00,11:01:00,10,15.0,3.75,
960,196,2022-09-22,09:15:00,10:22:00,4,15.0,1.5,
961,5,2022-09-22,11:45:00,13:21:00,4,15.0,3.75,
962,2,2022-09-22,15:00:00,16:25:00,14,15.0,6.0,
963,1,2022-09-23,11:45:00,12:30:00,10,15.0,6.0,
964,6,2022-09-23,11:15:00,13:19:00,11,15.0,1.5,
965,68,2022-09-23,16:15:00,17:06:00,4,15.0,0.0,
966,191,2022-09-23,11:00:00,13:30:00,6,15.0,0.0,
967,3,2022-09-23,15:15:00,17:10:00,7,15.0,3.75,
968,5,2022-09-23,09:00:00,10:21:00,14,15.0,3.75,
969,1,2022-09-23,11:30:00,13:56:00,11,15.0,6.0,
970,248,2022-09-23,11:45:00,13:58:00,7,15.0,0.0,
971,11,2022-09-23,16:30:00,17:55:00,7,15.0,0.0,
972,196,2022-09-23,12:00:00,13:55:00,2,15.0,1.5,
973,3,2022-09-23,16:30:00,18:58:00,10,15.0,3.75,
974,1,2022-09-23,09:15:00,11:16:00,13,15.0,6.0,
975,2,2022-09-24,11:15:00,13:44:00,2,15.0,6.0,
976,8,2022-09-24,16:30:00,18:50:00,12,15.0,1.5,
977,3,2022-09-24,12:00:00,14:29:00,5,15.0,3.75,
978,1,2022-09-24,10:45:00,11:30:00,5,15.0,6.0,
979,5,2022-09-24,10:45:00,11:44:00,12,15.0,3.75,
980,103,2022-09-24,11:45:00,13:41:00,2,15.0,1.5,
981,1,2022-09-24,13:30:00,15:28:00,1,15.0,6.0,
982,1,2022-09-24,14:00:00,16:29:00,1,15.0,6.0,
983,116,2022-09-24,16:45:00,18:22:00,12,15.0,0.0,
984,8,2022-09-24,14:45:00,15:48:00,4,15.0,1.5,
985,120,2022-09-25,15:00:00,16:10:00,10,15.0,1.5,
986,8,2022-09-25,13:00:00,15:07:00,3,15.0,1.5,
987,5,2022-09-25,10:15:00,12:02:00,10,15.0,3.75,
988,2,2022-09-25,09:00:00,10:20:00,5,15.0,6.0,
989,149,2022-09-25,16:30:00,17:41:00,1,15.0,1.5,
990,2,2022-09-25,09:15:00,10:43:00,2,15.0,6.0,
991,6,2022-09-25,13:30:00,15:51:00,11,15.0,1.5,
992,3,2022-09-25,14:00:00,15:51:00,7,15.0,3.75,
993,4,2022-09-25,10:00:00,11:23:00,10,15.0,3.75,
994,243,2022-09-25,16:30:00,18:55:00,10,15.0,0.0,
995,67,2022-09-25,15:45:00,17:22:00,10,15.0,3.75,
996,3,2022-09-25,13:30:00,15:35:00,4,15.0,3.75,
997,4,2022-09-26,15:30:00,17:23:00,1,15.0,3.75,
998,11,2022-09-26,14:15:00,16:26:00,6,15.0,0.0,
999,10,2022-09-26,10:00:00,10:47:00,13,15.0,1.5,
1000,8,2022-09-26,13:30:00,15:09:00,6,15.0,1.5,
1001,196,2022-09-26,13:45:00,15:56:00,3,15.0,1.5,
1002,11,2022-09-26,12:15:00,13:57:00,2,15.0,0.0,
1003,68,2022-09-26,10:15:00,11:49:00,3,15.0,0.0,
1004,198,2022-09-26,10:00:00,10:59:00,7,15.0,3.75,
1005,120,2022-09-26,11:15:00,12:36:00,2,15.0,1.5,
1006,3,2022-09-26,11:00:00,12:31:00,3,15.0,3.75,
1007,1,2022-09-27,12:30:00,13:33:00,4,15.0,6.0,
1008,2,2022-09-27,16:30:00,18:28:00,11,15.0,6.0,
1009,2,2022-09-27,16:45:00,18:39:00,7,15.0,6.0,
1010,39,2022-09-27,13:45:00,15:09:00,4,15.0,1.5,
1011,11,2022-09-27,13:15:00,15:24:00,13,15.0,0.0,
1012,5,2022-09-27,09:30:00,11:46:00,13,15.0,3.75,
1013,5,2022-09-27,13:00:00,15:24:00,1,15.0,3.75,
1014,7,2022-09-28,14:45:00,15:32:00,13,15.0,1.5,
1015,3,2022-09-28,09:15:00,10:23:00,2,15.0,3.75,
1016,8,2022-09-28,15:45:00,18:11:00,14,15.0,1.5,
1017,2,2022-09-28,16:15:00,17:24:00,7,15.0,6.0,
1018,17,2022-09-28,09:00:00,10:00:00,2,15.0,0.0,
1019,68,2022-09-28,11:15:00,12:18:00,6,15.0,0.0,
1020,149,2022-09-28,12:15:00,13:02:00,14,15.0,1.5,
1021,2,2022-09-28,14:15:00,16:02:00,12,15.0,6.0,
1022,4,2022-09-28,11:30:00,13:02:00,3,15.0,3.75,
1023,4,2022-09-28,15:00:00,16:54:00,7,15.0,3.75,
1024,8,2022-09-28,13:45:00,14:42:00,5,15.0,1.5,
1025,3,2022-09-29,14:30:00,16:13:00,3,15.0,3.75,
1026,4,2022-09-29,09:15:00,10:16:00,14,15.0,3.75,
1027,8,2022-09-29,15:15:00,17:33:00,4,15.0,1.5,
1028,2,2022-09-29,12:45:00,14:27:00,10,15.0,6.0,
1029,149,2022-09-29,09:00:00,10:13:00,5,15.0,1.5,
1030,1,2022-09-29,16:45:00,19:13:00,1,15.0,6.0,
1031,1,2022-09-29,13:30:00,14:26:00,3,15.0,6.0,
1032,2,2022-09-29,09:00:00,10:36:00,2,15.0,6.0,
1033,13,2022-09-29,14:15:00,15:29:00,5,15.0,0.0,
1034,11,2022-09-29,13:00:00,14:42:00,10,15.0,0.0,
1035,97,2022-09-29,15:00:00,17:17:00,10,15.0,1.5,
1036,103,2022-09-30,09:30:00,11:48:00,4,15.0,1.5,
1037,120,2022-09-30,14:00:00,16:26:00,5,15.0,1.5,
1038,7,2022-09-30,12:30:00,13:32:00,14,15.0,1.5,
1039,197,2022-09-30,09:30:00,11:52:00,5,15.0,1.5,
1040,68,2022-09-30,13:45:00,14:46:00,7,15.0,0.0,
1041,11,2022-09-30,13:15:00,14:52:00,13,15.0,0.0,
1042,149,2022-09-30,09:15:00,10:36:00,10,15.0,1.5,
1043,2,2022-09-30,10:15:00,11:42:00,3,15.0,6.0,
1044,243,2022-09-30,15:45:00,18:01:00,10,15.0,0.0,
1045,2,2022-09-30,15:15:00,16:31:00,1,15.0,6.0,
1046,3,2022-09-30,12:45:00,14:54:00,4,15.0,3.75,
1047,39,2022-10-01,16:00:00,17:48:00,3,15.0,1.5,
1048,1,2022-10-01,13:15:00,15:45:00,4,15.0,6.0,
1049,5,2022-10-01,15:15:00,17:08:00,6,15.0,3.75,
1050,9,2022-10-01,10:15:00,11:13:00,13,15.0,1.5,
1051,120,2022-10-01,10:00:00,11:27:00,3,15.0,1.5,
1052,1,2022-10-01,14:30:00,16:03:00,14,15.0,6.0,
1053,12,2022-10-01,15:00:00,15:46:00,3,15.0,0.0,
1054,198,2022-10-01,12:30:00,14:09:00,12,15.0,3.75,
1055,8,2022-10-01,16:00:00,16:47:00,11,15.0,1.5,
1056,11,2022-10-01,11:00:00,13:24:00,6,15.0,0.0,
1057,103,2022-10-01,12:30:00,14:52:00,5,15.0,1.5,
1058,1,2022-10-01,14:15:00,15:00:00,14,15.0,6.0,
1059,198,2022-10-01,15:45:00,18:07:00,5,15.0,3.75,
1060,67,2022-10-02,12:00:00,13:11:00,11,15.0,3.75,
1061,1,2022-10-02,11:15:00,12:38:00,11,15.0,6.0,
1062,197,2022-10-02,14:45:00,16:46:00,14,15.0,1.5,
1063,5,2022-10-02,11:00:00,12:06:00,6,15.0,3.75,
1064,11,2022-10-02,16:45:00,18:31:00,1,15.0,0.0,
1065,11,2022-10-02,12:45:00,14:11:00,11,15.0,0.0,
1066,191,2022-10-02,09:15:00,10:47:00,4,15.0,0.0,
1067,5,2022-10-02,14:45:00,16:19:00,10,15.0,3.75,
1068,2,2022-10-02,15:15:00,16:37:00,12,15.0,6.0,
1069,186,2022-10-02,11:00:00,13:05:00,2,15.0,1.5,
1070,6,2022-10-02,14:00:00,15:58:00,4,15.0,1.5,
1071,1,2022-10-03,12:45:00,14:55:00,5,15.0,6.0,
1072,5,2022-10-03,09:00:00,10:31:00,13,15.0,3.75,
1073,3,2022-10-03,11:45:00,13:48:00,3,15.0,3.75,
1074,9,2022-10-03,15:30:00,16:30:00,5,15.0,1.5,
1075,2,2022-10-03,16:30:00,18:38:00,13,15.0,6.0,
1076,120,2022-10-03,12:15:00,14:11:00,3,15.0,1.5,
1077,79,2022-10-03,16:45:00,18:07:00,12,15.0,0.0,
1078,120,2022-10-03,10:00:00,10:57:00,6,15.0,1.5,
1079,10,2022-10-04,13:00:00,14:04:00,11,15.0,1.5,
1080,11,2022-10-04,16:15:00,17:17:00,11,15.0,0.0,
1081,6,2022-10-04,11:00:00,13:06:00,6,15.0,1.5,
1082,2,2022-10-04,09:45:00,11:08:00,14,15.0,6.0,
1083,5,2022-10-04,12:00:00,13:30:00,5,15.0,3.75,
1084,3,2022-10-04,14:15:00,16:22:00,12,15.0,3.75,
1085,4,2022-10-04,13:00:00,14:33:00,4,15.0,3.75,
1086,1,2022-10-04,09:30:00,11:55:00,10,15.0,6.0,
1087,67,2022-10-05,10:45:00,12:22:00,14,15.0,3.75,
1088,196,2022-10-05,10:45:00,12:08:00,6,15.0,1.5,
1089,39,2022-10-05,16:30:00,18:36:00,3,15.0,1.5,
1090,8,2022-10-05,10:30:00,11:34:00,1,15.0,1.5,
1091,8,2022-10-05,16:30:00,17:28:00,6,15.0,1.5,
1092,7,2022-10-05,14:45:00,15:33:00,11,15.0,1.5,
1093,120,2022-10-05,13:30:00,15:05:00,13,15.0,1.5,
1094,35,2022-10-05,11:15:00,13:06:00,11,15.0,0.0,
1095,198,2022-10-05,11:30:00,13:27:00,10,15.0,3.75,
1096,45,2022-10-05,11:15:00,13:13:00,10,15.0,0.0,
1097,67,2022-10-06,13:45:00,15:00:00,11,15.0,3.75,
1098,2,2022-10-06,15:45:00,16:53:00,14,15.0,6.0,
1099,243,2022-10-06,10:00:00,11:54:00,2,15.0,0.0,
1100,14,2022-10-06,09:45:00,11:07:00,12,15.0,0.0,
1101,1,2022-10-06,11:00:00,12:38:00,13,15.0,6.0,
1102,1,2022-10-06,14:45:00,16:40:00,3,15.0,6.0,
1103,1,2022-10-06,10:45:00,12:01:00,4,15.0,6.0,
1104,3,2022-10-06,12:30:00,13:37:00,7,15.0,3.75,
1105,67,2022-10-06,10:15:00,11:18:00,11,15.0,3.75,
1106,2,2022-10-06,10:45:00,12:23:00,3,15.0,6.0,
1107,103,2022-10-06,11:15:00,12:10:00,13,15.0,1.5,
1108,67,2022-10-06,10:30:00,11:49:00,1,15.0,3.75,
1109,11,2022-10-06,14:30:00,15:25:00,4,15.0,0.0,
1110,149,2022-10-06,09:30:00,11:05:00,2,15.0,1.5,
1111,103,2022-10-06,09:45:00,10:55:00,1,15.0,1.5,
1112,5,2022-10-06,14:45:00,15:31:00,10,15.0,3.75,
1113,3,2022-10-07,09:45:00,11:22:00,3,15.0,3.75,
1114,1,2022-10-07,16:45:00,18:32:00,1,15.0,6.0,
1115,103,2022-10-07,10:15:00,11:47:00,13,15.0,1.5,
1116,35,2022-10-07,10:45:00,13:01:00,2,15.0,0.0,
1117,2,2022-10-07,09:45:00,11:13:00,1,15.0,6.0,
1118,103,2022-10-07,10:15:00,12:35:00,6,15.0,1.5,
1119,103,2022-10-07,12:15:00,13:14:00,6,15.0,1.5,
1120,196,2022-10-07,09:00:00,10:43:00,12,15.0,1.5,
1121,35,2022-10-07,12:00:00,14:17:00,10,15.0,0.0,
1122,5,2022-10-08,12:45:00,14:43:00,12,15.0,3.75,
1123,243,2022-10-08,09:15:00,10:07:00,12,15.0,0.0,
1124,149,2022-10-08,16:45:00,19:06:00,7,15.0,1.5,
1125,3,2022-10-08,11:00:00,13:12:00,3,15.0,3.75,
1126,3,2022-10-08,12:30:00,14:18:00,5,15.0,3.75,
1127,191,2022-10-08,11:00:00,11:47:00,7,15.0,0.0,
1128,3,2022-10-08,16:45:00,18:49:00,10,15.0,3.75,
1129,97,2022-10-08,15:45:00,17:27:00,4,15.0,1.5,
1130,1,2022-10-08,12:30:00,14:02:00,5,15.0,6.0,
1131,5,2022-10-08,12:00:00,13:00:00,5,15.0,3.75,
1132,14,2022-10-08,11:30:00,12:56:00,5,15.0,0.0,
1133,2,2022-10-08,13:15:00,14:12:00,14,15.0,6.0,
1134,196,2022-10-08,09:00:00,11:22:00,12,15.0,1.5,
1135,67,2022-10-08,10:00:00,11:15:00,4,15.0,3.75,
1136,149,2022-10-08,13:15:00,15:37:00,5,15.0,1.5,
1137,7,2022-10-08,16:00:00,17:59:00,12,15.0,1.5,
1138,8,2022-10-08,11:00:00,12:09:00,1,15.0,1.5,
1139,4,2022-10-08,13:00:00,14:17:00,13,15.0,3.75,
1140,243,2022-10-08,09:15:00,10:32:00,3,15.0,0.0,
1141,2,2022-10-08,09:15:00,10:10:00,12,15.0,6.0,
1142,8,2022-10-09,16:15:00,18:39:00,13,15.0,1.5,
1143,2,2022-10-09,09:30:00,11:35:00,12,15.0,6.0,
1144,2,2022-10-09,16:00:00,17:23:00,13,15.0,6.0,
1145,1,2022-10-09,14:15:00,15:40:00,3,15.0,6.0,
1146,67,2022-10-09,10:00:00,11:04:00,14,15.0,3.75,
1147,8,2022-10-09,15:00:00,16:18:00,11,15.0,1.5,
1148,15,2022-10-09,13:30:00,15:18:00,6,15.0,0.0,
1149,68,2022-10-09,16:00:00,17:50:00,11,15.0,0.0,
1150,4,2022-10-09,14:15:00,16:28:00,12,15.0,3.75,
1151,67,2022-10-09,12:00:00,14:27:00,13,15.0,3.75,
1152,3,2022-10-09,15:15:00,16:08:00,1,15.0,3.75,
1153,8,2022-10-09,12:45:00,14:06:00,10,15.0,1.5,
1154,2,2022-10-09,11:45:00,13:07:00,4,15.0,6.0,
1155,8,2022-10-09,16:45:00,18:13:00,2,15.0,1.5,
1156,9,2022-10-09,15:00:00,16:25:00,10,15.0,1.5,
1157,2,2022-10-09,09:30:00,11:26:00,6,15.0,6.0,
1158,6,2022-10-09,14:00:00,15:15:00,12,15.0,1.5,
1159,1,2022-10-09,09:15:00,10:49:00,5,15.0,6.0,
1160,8,2022-10-09,13:00:00,14:00:00,4,15.0,1.5,
1161,3,2022-10-09,09:15:00,11:04:00,13,15.0,3.75,
1162,8,2022-10-09,12:30:00,13:40:00,2,15.0,1.5,
1163,9,2022-10-10,13:30:00,14:57:00,13,15.0,1.5,
1164,39,2022-10-10,11:30:00,13:12:00,7,15.0,1.5,
1165,35,2022-10-10,11:00:00,11:59:00,13,15.0,0.0,
1166,2,2022-10-10,16:30:00,18:02:00,2,15.0,6.0,
1167,67,2022-10-10,16:45:00,17:41:00,10,15.0,3.75,
1168,4,2022-10-10,13:00:00,14:12:00,7,15.0,3.75,
1169,1,2022-10-10,10:45:00,13:10:00,3,15.0,6.0,
1170,2,2022-10-10,12:45:00,14:50:00,10,15.0,6.0,
1171,3,2022-10-10,15:00:00,17:06:00,11,15.0,3.75,
1172,15,2022-10-10,16:00:00,17:25:00,1,15.0,0.0,
1173,11,2022-10-10,13:45:00,16:02:00,11,15.0,0.0,
1174,9,2022-10-11,16:15:00,17:27:00,5,15.0,1.5,
1175,3,2022-10-11,12:00:00,13:14:00,2,15.0,3.75,
1176,97,2022-10-11,15:15:00,16:36:00,1,15.0,1.5,
1177,3,2022-10-11,10:00:00,10:51:00,10,15.0,3.75,
1178,7,2022-10-11,14:45:00,17:11:00,2,15.0,1.5,
1179,5,2022-10-11,16:45:00,19:00:00,7,15.0,3.75,
1180,4,2022-10-11,11:45:00,12:46:00,14,15.0,3.75,
1181,1,2022-10-11,12:15:00,14:27:00,4,15.0,6.0,
1182,67,2022-10-11,10:45:00,11:42:00,5,15.0,3.75,
1183,191,2022-10-11,12:45:00,13:33:00,5,15.0,0.0,
1184,186,2022-10-11,10:45:00,13:14:00,11,15.0,1.5,
1185,2,2022-10-11,09:30:00,10:42:00,6,15.0,6.0,
1186,2,2022-10-12,12:00:00,13:09:00,3,15.0,6.0,
1187,197,2022-10-12,16:30:00,18:22:00,3,15.0,1.5,
1188,2,2022-10-12,12:00:00,14:00:00,10,15.0,6.0,
1189,120,2022-10-12,13:30:00,14:58:00,14,15.0,1.5,
1190,7,2022-10-12,13:30:00,15:29:00,6,15.0,1.5,
1191,4,2022-10-13,16:45:00,18:18:00,1,15.0,3.75,
1192,5,2022-10-13,11:00:00,12:19:00,12,15.0,3.75,
1193,191,2022-10-13,14:45:00,16:52:00,12,15.0,0.0,
1194,149,2022-10-13,15:45:00,16:50:00,1,15.0,1.5,
1195,11,2022-10-13,15:30:00,16:46:00,11,15.0,0.0,
1196,248,2022-10-13,10:15:00,11:35:00,5,15.0,0.0,
1197,13,2022-10-13,13:45:00,15:43:00,6,15.0,0.0,
1198,3,2022-10-13,16:45:00,17:48:00,2,15.0,3.75,
1199,4,2022-10-13,16:00:00,17:39:00,13,15.0,3.75,
1200,120,2022-10-14,11:00:00,12:59:00,10,15.0,1.5,
1201,5,2022-10-14,12:15:00,14:10:00,4,15.0,3.75,
1202,2,2022-10-14,14:15:00,16:02:00,1,15.0,6.0,
1203,8,2022-10-14,12:00:00,14:17:00,1,15.0,1.5,
1204,7,2022-10-14,15:00:00,16:18:00,14,15.0,1.5,
1205,2,2022-10-14,11:00:00,11:50:00,10,15.0,6.0,
1206,5,2022-10-14,14:00:00,15:45:00,5,15.0,3.75,
1207,3,2022-10-14,09:15:00,11:07:00,12,15.0,3.75,
1208,8,2022-10-15,11:30:00,12:52:00,6,15.0,1.5,
1209,2,2022-10-15,12:45:00,13:59:00,14,15.0,6.0,
1210,4,2022-10-15,14:00:00,14:48:00,11,15.0,3.75,
1211,7,2022-10-15,15:30:00,17:37:00,4,15.0,1.5,
1212,14,2022-10-15,14:15:00,15:13:00,7,15.0,0.0,
1213,186,2022-10-15,15:45:00,18:04:00,12,15.0,1.5,
1214,3,2022-10-15,14:30:00,16:28:00,7,15.0,3.75,
1215,2,2022-10-15,15:45:00,18:03:00,3,15.0,6.0,
1216,8,2022-10-15,16:15:00,17:26:00,10,15.0,1.5,
1217,197,2022-10-15,14:15:00,15:44:00,6,15.0,1.5,
1218,97,2022-10-15,09:30:00,10:49:00,3,15.0,1.5,
1219,103,2022-10-15,16:30:00,18:11:00,3,15.0,1.5,
1220,4,2022-10-15,13:15:00,14:09:00,13,15.0,3.75,
1221,2,2022-10-16,14:30:00,16:51:00,11,15.0,6.0,
1222,2,2022-10-16,15:15:00,16:23:00,4,15.0,6.0,
1223,198,2022-10-16,11:30:00,13:53:00,7,15.0,3.75,
1224,186,2022-10-16,13:15:00,14:44:00,7,15.0,1.5,
1225,120,2022-10-16,09:15:00,10:59:00,14,15.0,1.5,
1226,1,2022-10-16,14:00:00,15:41:00,13,15.0,6.0,
1227,8,2022-10-16,10:00:00,12:11:00,5,15.0,1.5,
1228,103,2022-10-16,10:15:00,12:38:00,6,15.0,1.5,
1229,5,2022-10-16,16:15:00,17:00:00,3,15.0,3.75,
1230,1,2022-10-17,09:15:00,11:41:00,7,15.0,6.0,
1231,67,2022-10-17,09:45:00,11:25:00,3,15.0,3.75,
1232,68,2022-10-17,14:15:00,16:13:00,3,15.0,0.0,
1233,6,2022-10-17,11:45:00,14:09:00,10,15.0,1.5,
1234,10,2022-10-17,13:30:00,15:29:00,2,15.0,1.5,
1235,1,2022-10-17,10:15:00,11:36:00,13,15.0,6.0,
1236,243,2022-10-17,11:30:00,13:43:00,13,15.0,0.0,
1237,45,2022-10-17,15:30:00,17:12:00,1,15.0,0.0,
1238,3,2022-10-17,10:00:00,11:58:00,2,15.0,3.75,
1239,45,2022-10-17,15:30:00,17:20:00,3,15.0,0.0,
1240,248,2022-10-17,10:00:00,12:00:00,7,15.0,0.0,
1241,35,2022-10-18,09:45:00,10:54:00,13,15.0,0.0,
1242,191,2022-10-18,11:45:00,13:59:00,4,15.0,0.0,
1243,103,2022-10-18,12:00:00,13:01:00,13,15.0,1.5,
1244,5,2022-10-18,10:00:00,11:29:00,13,15.0,3.75,
1245,1,2022-10-18,16:15:00,18:40:00,4,15.0,6.0,
1246,197,2022-10-18,11:15:00,12:04:00,11,15.0,1.5,
1247,1,2022-10-18,11:15:00,12:28:00,1,15.0,6.0,
1248,39,2022-10-18,16:00:00,16:47:00,2,15.0,1.5,
1249,3,2022-10-18,14:30:00,15:25:00,4,15.0,3.75,
1250,3,2022-10-18,13:00:00,14:33:00,2,15.0,3.75,
1251,3,2022-10-18,09:45:00,10:49:00,10,15.0,3.75,
1252,67,2022-10-18,13:30:00,15:17:00,10,15.0,3.75,
1253,103,2022-10-18,16:00:00,18:13:00,14,15.0,1.5,
1254,2,2022-10-19,13:00:00,14:40:00,5,15.0,6.0,
1255,6,2022-10-19,11:00:00,13:22:00,3,15.0,1.5,
1256,1,2022-10-19,12:00:00,13:55:00,1,15.0,6.0,
1257,103,2022-10-19,11:15:00,13:30:00,7,15.0,1.5,
1258,5,2022-10-19,14:45:00,16:33:00,11,15.0,3.75,
1259,17,2022-10-19,09:30:00,11:25:00,10,15.0,0.0,
1260,10,2022-10-20,13:30:00,15:41:00,7,15.0,1.5,
1261,120,2022-10-20,15:00:00,17:18:00,7,15.0,1.5,
1262,7,2022-10-20,13:15:00,15:04:00,4,15.0,1.5,
1263,2,2022-10-20,15:15:00,17:01:00,1,15.0,6.0,
1264,2,2022-10-20,15:15:00,17:17:00,2,15.0,6.0,
1265,5,2022-10-20,09:30:00,11:41:00,11,15.0,3.75,
1266,2,2022-10-20,10:15:00,11:23:00,4,15.0,6.0,
1267,149,2022-10-20,12:00:00,14:17:00,3,15.0,1.5,
1268,197,2022-10-20,11:00:00,13:26:00,7,15.0,1.5,
1269,103,2022-10-20,09:30:00,10:16:00,2,15.0,1.5,
1270,11,2022-10-20,13:45:00,14:42:00,6,15.0,0.0,
1271,39,2022-10-20,09:45:00,11:21:00,1,15.0,1.5,
1272,2,2022-10-20,15:15:00,16:18:00,1,15.0,6.0,
1273,2,2022-10-20,14:45:00,16:07:00,10,15.0,6.0,
1274,8,2022-10-21,13:15:00,15:29:00,6,15.0,1.5,
1275,3,2022-10-21,09:00:00,10:16:00,2,15.0,3.75,
1276,5,2022-10-21,16:15:00,18:01:00,10,15.0,3.75,
1277,1,2022-10-21,09:45:00,11:28:00,4,15.0,6.0,
1278,3,2022-10-21,09:00:00,11:18:00,11,15.0,3.75,
1279,8,2022-10-21,10:00:00,11:52:00,12,15.0,1.5,
1280,1,2022-10-21,10:45:00,12:54:00,5,15.0,6.0,
1281,1,2022-10-21,10:30:00,11:57:00,11,15.0,6.0,
1282,2,2022-10-21,11:00:00,12:09:00,7,15.0,6.0,
1283,5,2022-10-22,11:15:00,12:04:00,13,15.0,3.75,
1284,198,2022-10-22,14:45:00,16:41:00,14,15.0,3.75,
1285,186,2022-10-22,15:45:00,16:59:00,4,15.0,1.5,
1286,197,2022-10-22,10:30:00,11:31:00,2,15.0,1.5,
1287,233,2022-10-22,15:00:00,17:13:00,13,15.0,3.75,
1288,2,2022-10-22,14:00:00,15:34:00,10,15.0,6.0,
1289,2,2022-10-22,15:00:00,16:20:00,5,15.0,6.0,
1290,14,2022-10-22,10:15:00,11:04:00,5,15.0,0.0,
1291,5,2022-10-22,13:30:00,15:55:00,13,15.0,3.75,
1292,39,2022-10-22,16:45:00,18:28:00,13,15.0,1.5,
1293,16,2022-10-22,16:15:00,17:42:00,1,15.0,0.0,
1294,233,2022-10-22,14:15:00,16:01:00,2,15.0,3.75,
1295,243,2022-10-22,16:00:00,17:10:00,10,15.0,0.0,
1296,196,2022-10-22,13:30:00,15:46:00,1,15.0,1.5,
1297,1,2022-10-22,12:45:00,14:43:00,3,15.0,6.0,
1298,9,2022-10-22,14:45:00,15:47:00,11,15.0,1.5,
1299,186,2022-10-22,13:00:00,13:48:00,4,15.0,1.5,
1300,4,2022-10-23,15:30:00,16:15:00,3,15.0,3.75,
1301,2,2022-10-23,14:15:00,16:24:00,6,15.0,6.0,
1302,35,2022-10-23,09:30:00,11:59:00,10,15.0,0.0,
1303,1,2022-10-23,09:30:00,10:48:00,11,15.0,6.0,
1304,186,2022-10-23,14:30:00,16:35:00,12,15.0,1.5,
1305,1,2022-10-23,11:30:00,12:43:00,6,15.0,6.0,
1306,6,2022-10-23,11:45:00,12:30:00,14,15.0,1.5,
1307,5,2022-10-23,11:15:00,12:03:00,4,15.0,3.75,
1308,7,2022-10-23,11:30:00,13:20:00,14,15.0,1.5,
1309,233,2022-10-23,15:45:00,16:32:00,6,15.0,3.75,
1310,186,2022-10-23,12:45:00,14:47:00,4,15.0,1.5,
1311,3,2022-10-23,15:15:00,16:18:00,5,15.0,3.75,
1312,1,2022-10-23,12:00:00,13:38:00,11,15.0,6.0,
1313,233,2022-10-23,13:45:00,15:55:00,14,15.0,3.75,
1314,67,2022-10-23,13:45:00,16:13:00,4,15.0,3.75,
1315,233,2022-10-23,13:45:00,14:49:00,14,15.0,3.75,
1316,13,2022-10-23,12:30:00,14:35:00,11,15.0,0.0,
1317,120,2022-10-23,13:00:00,14:57:00,11,15.0,1.5,
1318,3,2022-10-24,13:45:00,15:24:00,2,15.0,3.75,
1319,7,2022-10-24,12:15:00,13:52:00,14,15.0,1.5,
1320,67,2022-10-24,14:30:00,16:48:00,11,15.0,3.75,
1321,2,2022-10-24,14:45:00,15:33:00,1,15.0,6.0,
1322,2,2022-10-24,16:15:00,17:44:00,7,15.0,6.0,
1323,2,2022-10-24,14:15:00,15:55:00,11,15.0,6.0,
1324,186,2022-10-24,15:45:00,17:46:00,5,15.0,1.5,
1325,3,2022-10-24,11:45:00,13:26:00,14,15.0,3.75,
1326,116,2022-10-25,10:45:00,11:49:00,5,15.0,0.0,
1327,8,2022-10-25,14:30:00,15:30:00,3,15.0,1.5,
1328,2,2022-10-25,16:30:00,18:58:00,7,15.0,6.0,
1329,120,2022-10-25,12:00:00,14:21:00,7,15.0,1.5,
1330,67,2022-10-25,16:45:00,18:42:00,3,15.0,3.75,
1331,1,2022-10-25,09:30:00,11:47:00,14,15.0,6.0,
1332,2,2022-10-25,11:45:00,14:12:00,1,15.0,6.0,
1333,7,2022-10-25,15:00:00,17:23:00,7,15.0,1.5,
1334,35,2022-10-25,15:45:00,17:09:00,6,15.0,0.0,
1335,9,2022-10-25,13:15:00,15:25:00,12,15.0,1.5,
1336,198,2022-10-25,10:30:00,11:43:00,3,15.0,3.75,
1337,103,2022-10-26,14:15:00,16:00:00,5,15.0,1.5,
1338,2,2022-10-26,16:45:00,17:44:00,12,15.0,6.0,
1339,191,2022-10-26,15:00:00,17:11:00,13,15.0,0.0,
1340,120,2022-10-26,13:15:00,14:07:00,2,15.0,1.5,
1341,1,2022-10-26,11:45:00,13:38:00,7,15.0,6.0,
1342,8,2022-10-26,16:45:00,19:10:00,4,15.0,1.5,
1343,196,2022-10-26,09:00:00,10:59:00,13,15.0,1.5,
1344,7,2022-10-26,14:30:00,16:06:00,2,15.0,1.5,
1345,2,2022-10-27,12:00:00,13:58:00,7,15.0,6.0,
1346,73,2022-10-27,16:30:00,18:02:00,12,15.0,3.75,
1347,73,2022-10-27,16:00:00,16:48:00,4,15.0,3.75,
1348,231,2022-10-27,14:15:00,15:32:00,6,15.0,1.5,
1349,233,2022-10-27,16:15:00,17:37:00,14,15.0,3.75,
1350,4,2022-10-27,13:00:00,15:18:00,7,15.0,3.75,
1351,68,2022-10-27,13:30:00,14:35:00,7,15.0,0.0,
1352,186,2022-10-27,13:00:00,14:37:00,12,15.0,1.5,
1353,2,2022-10-27,13:00:00,15:13:00,2,15.0,6.0,
1354,103,2022-10-27,14:00:00,15:34:00,6,15.0,1.5,
1355,4,2022-10-28,11:30:00,13:53:00,6,15.0,3.75,
1356,67,2022-10-28,10:30:00,12:26:00,14,15.0,3.75,
1357,5,2022-10-28,13:15:00,14:27:00,10,15.0,3.75,
1358,243,2022-10-28,15:30:00,16:17:00,13,15.0,0.0,
1359,1,2022-10-28,09:45:00,11:25:00,5,15.0,6.0,
1360,14,2022-10-28,16:30:00,17:59:00,6,15.0,0.0,
1361,186,2022-10-28,11:30:00,13:18:00,1,15.0,1.5,
1362,1,2022-10-28,12:45:00,14:43:00,12,15.0,6.0,
1363,103,2022-10-28,16:45:00,17:37:00,1,15.0,1.5,
1364,73,2022-10-29,13:30:00,15:42:00,4,15.0,3.75,
1365,73,2022-10-29,14:30:00,16:46:00,6,15.0,3.75,
1366,171,2022-10-29,09:30:00,11:24:00,6,15.0,0.0,
1367,6,2022-10-29,15:15:00,17:38:00,1,15.0,1.5,
1368,35,2022-10-29,10:15:00,12:34:00,14,15.0,0.0,
1369,11,2022-10-29,12:30:00,14:49:00,14,15.0,0.0,
1370,13,2022-10-29,16:30:00,18:46:00,2,15.0,0.0,
1371,3,2022-10-29,15:30:00,17:56:00,5,15.0,3.75,
1372,4,2022-10-29,15:15:00,17:19:00,2,15.0,3.75,
1373,73,2022-10-29,16:30:00,18:25:00,3,15.0,3.75,
1374,73,2022-10-29,15:00:00,17:24:00,10,15.0,3.75,
1375,2,2022-10-29,14:30:00,16:25:00,12,15.0,6.0,
1376,73,2022-10-29,10:30:00,11:17:00,11,15.0,3.75,
1377,4,2022-10-29,15:30:00,17:38:00,2,15.0,3.75,
1378,103,2022-10-29,13:15:00,15:00:00,7,15.0,1.5,
1379,4,2022-10-29,13:45:00,15:37:00,13,15.0,3.75,
1380,2,2022-10-29,12:30:00,13:52:00,13,15.0,6.0,
1381,2,2022-10-29,10:00:00,10:56:00,3,15.0,6.0,
1382,11,2022-10-29,15:15:00,16:07:00,13,15.0,0.0,
1383,73,2022-10-29,13:15:00,15:30:00,11,15.0,3.75,
1384,4,2022-10-29,16:00:00,18:00:00,2,15.0,3.75,
1385,3,2022-10-29,12:30:00,13:17:00,3,15.0,3.75,
1386,233,2022-10-29,12:45:00,13:58:00,13,15.0,3.75,
1387,171,2022-10-29,09:45:00,10:43:00,1,15.0,0.0,
1388,1,2022-10-29,15:00:00,16:35:00,3,15.0,6.0,
1389,1,2022-10-29,16:00:00,18:08:00,11,15.0,6.0,
1390,67,2022-10-30,15:00:00,16:48:00,5,15.0,3.75,
1391,5,2022-10-30,11:30:00,12:15:00,1,15.0,3.75,
1392,67,2022-10-30,09:00:00,11:09:00,4,15.0,3.75,
1393,231,2022-10-30,10:45:00,13:12:00,2,15.0,1.5,
1394,35,2022-10-30,13:30:00,15:14:00,11,15.0,0.0,
1395,103,2022-10-30,11:15:00,13:41:00,3,15.0,1.5,
1396,191,2022-10-30,14:00:00,15:39:00,2,15.0,0.0,
1397,13,2022-10-30,14:45:00,17:05:00,13,15.0,0.0,
1398,120,2022-10-30,11:15:00,12:46:00,4,15.0,1.5,
1399,120,2022-10-30,15:30:00,16:37:00,5,15.0,1.5,
1400,2,2022-10-30,12:45:00,13:31:00,6,15.0,6.0,
1401,15,2022-10-30,10:15:00,12:30:00,12,15.0,0.0,
1402,67,2022-10-30,09:00:00,10:36:00,14,15.0,3.75,
1403,4,2022-10-30,11:45:00,14:13:00,5,15.0,3.75,
1404,1,2022-10-31,12:45:00,14:46:00,12,15.0,6.0,
1405,186,2022-10-31,12:45:00,14:00:00,2,15.0,1.5,
1406,10,2022-10-31,13:30:00,14:59:00,6,15.0,1.5,
1407,1,2022-10-31,09:45:00,12:06:00,13,15.0,6.0,
1408,73,2022-10-31,14:15:00,15:19:00,5,15.0,3.75,
1409,73,2022-10-31,13:30:00,15:21:00,7,15.0,3.75,
1410,191,2022-10-31,09:00:00,11:00:00,7,15.0,0.0,
1411,3,2022-10-31,13:30:00,15:09:00,4,15.0,3.75,
1412,67,2022-10-31,13:15:00,14:04:00,3,15.0,3.75,
1413,11,2022-10-31,10:15:00,11:05:00,5,15.0,0.0,
1414,67,2022-10-31,15:45:00,18:07:00,7,15.0,3.75,
1415,204,2022-10-31,10:15:00,11:44:00,3,15.0,0.0,
1416,6,2022-10-31,14:45:00,15:35:00,13,15.0,1.5,
1417,2,2022-11-01,10:00:00,11:58:00,12,15.0,6.0,
1418,2,2022-11-01,16:15:00,17:55:00,10,15.0,6.0,
1419,68,2022-11-01,16:45:00,19:03:00,5,15.0,0.0,
1420,6,2022-11-01,09:45:00,11:14:00,13,15.0,1.5,
1421,4,2022-11-01,10:15:00,11:08:00,13,15.0,3.75,
1422,2,2022-11-01,11:00:00,13:21:00,6,15.0,6.0,
1423,179,2022-11-01,14:30:00,15:40:00,11,15.0,3.75,
1424,149,2022-11-01,15:30:00,16:20:00,10,15.0,1.5,
1425,35,2022-11-02,09:45:00,12:13:00,2,15.0,0.0,
1426,3,2022-11-02,12:45:00,14:29:00,10,15.0,3.75,
1427,3,2022-11-02,11:45:00,13:52:00,1,15.0,3.75,
1428,73,2022-11-02,16:15:00,18:20:00,14,15.0,3.75,
1429,5,2022-11-02,09:00:00,11:22:00,11,15.0,3.75,
1430,2,2022-11-02,09:15:00,10:50:00,1,15.0,6.0,
1431,103,2022-11-02,09:30:00,11:54:00,7,15.0,1.5,
1432,2,2022-11-02,12:30:00,13:31:00,13,15.0,6.0,
1433,196,2022-11-02,10:45:00,12:11:00,14,15.0,1.5,
1434,2,2022-11-02,11:15:00,13:02:00,14,15.0,6.0,
1435,2,2022-11-03,15:15:00,16:09:00,12,15.0,6.0,
1436,73,2022-11-03,09:45:00,10:53:00,7,15.0,3.75,
1437,120,2022-11-03,09:15:00,10:32:00,6,15.0,1.5,
1438,8,2022-11-03,13:00:00,13:55:00,6,15.0,1.5,
1439,4,2022-11-03,09:30:00,10:41:00,13,15.0,3.75,
1440,103,2022-11-03,13:00:00,13:48:00,5,15.0,1.5,
1441,1,2022-11-03,10:15:00,11:49:00,12,15.0,6.0,
1442,3,2022-11-03,14:30:00,16:21:00,2,15.0,3.75,
1443,8,2022-11-03,09:45:00,11:53:00,14,15.0,1.5,
1444,97,2022-11-03,13:00:00,15:04:00,5,15.0,1.5,
1445,73,2022-11-03,09:00:00,11:09:00,1,15.0,3.75,
1446,178,2022-11-04,11:30:00,12:46:00,12,15.0,0.0,
1447,3,2022-11-04,13:45:00,16:05:00,13,15.0,3.75,
1448,179,2022-11-04,10:30:00,12:57:00,13,15.0,3.75,
1449,120,2022-11-04,15:30:00,17:58:00,11,15.0,1.5,
1450,148,2022-11-04,10:15:00,11:18:00,6,15.0,1.5,
1451,2,2022-11-04,15:15:00,17:27:00,4,15.0,6.0,
1452,204,2022-11-04,15:00:00,15:52:00,12,15.0,0.0,
1453,148,2022-11-04,09:45:00,10:33:00,3,15.0,1.5,
1454,2,2022-11-04,09:00:00,11:26:00,10,15.0,6.0,
1455,191,2022-11-04,14:45:00,15:45:00,14,15.0,0.0,
1456,197,2022-11-05,11:00:00,13:12:00,14,15.0,1.5,
1457,18,2022-11-05,13:15:00,14:38:00,13,15.0,0.0,
1458,39,2022-11-05,11:00:00,13:14:00,10,15.0,1.5,
1459,2,2022-11-05,16:15:00,18:35:00,4,15.0,6.0,
1460,35,2022-11-05,14:00:00,15:09:00,1,15.0,0.0,
1461,1,2022-11-05,16:00:00,17:25:00,5,15.0,6.0,
1462,73,2022-11-05,14:45:00,16:24:00,12,15.0,3.75,
1463,18,2022-11-05,11:00:00,13:00:00,4,15.0,0.0,
1464,11,2022-11-05,16:15:00,17:22:00,4,15.0,0.0,
1465,1,2022-11-05,14:00:00,15:16:00,6,15.0,6.0,
1466,179,2022-11-05,14:15:00,16:32:00,1,15.0,3.75,
1467,31,2022-11-05,09:00:00,10:22:00,2,15.0,1.5,
1468,148,2022-11-05,12:45:00,14:48:00,6,15.0,1.5,
1469,232,2022-11-06,12:15:00,13:19:00,2,15.0,3.75,
1470,45,2022-11-06,12:30:00,14:50:00,3,15.0,0.0,
1471,1,2022-11-06,13:30:00,15:50:00,7,15.0,6.0,
1472,2,2022-11-06,11:45:00,14:03:00,10,15.0,6.0,
1473,197,2022-11-06,10:00:00,11:44:00,3,15.0,1.5,
1474,3,2022-11-06,15:00:00,16:25:00,3,15.0,3.75,
1475,3,2022-11-06,12:30:00,13:21:00,12,15.0,3.75,
1476,186,2022-11-06,13:15:00,14:58:00,6,15.0,1.5,
1477,10,2022-11-06,12:00:00,13:15:00,3,15.0,1.5,
1478,2,2022-11-06,11:45:00,13:43:00,13,15.0,6.0,
1479,152,2022-11-06,09:00:00,10:24:00,6,15.0,3.75,
1480,2,2022-11-07,09:00:00,10:07:00,1,15.0,6.0,
1481,45,2022-11-07,14:15:00,15:54:00,10,15.0,0.0,
1482,120,2022-11-07,10:15:00,11:02:00,5,15.0,1.5,
1483,2,2022-11-07,09:45:00,11:54:00,1,15.0,6.0,
1484,231,2022-11-07,15:00:00,15:49:00,13,15.0,1.5,
1485,3,2022-11-07,09:15:00,11:21:00,4,15.0,3.75,
1486,4,2022-11-07,10:45:00,11:43:00,14,15.0,3.75,
1487,6,2022-11-07,15:00:00,16:19:00,13,15.0,1.5,
1488,204,2022-11-08,13:30:00,15:06:00,4,15.0,0.0,
1489,120,2022-11-08,13:45:00,14:59:00,10,15.0,1.5,
1490,2,2022-11-08,14:15:00,16:17:00,10,15.0,6.0,
1491,31,2022-11-08,09:45:00,10:39:00,11,15.0,1.5,
1492,6,2022-11-08,15:15:00,17:32:00,5,15.0,1.5,
1493,233,2022-11-08,11:45:00,12:57:00,6,15.0,3.75,
1494,196,2022-11-08,09:15:00,10:30:00,12,15.0,1.5,
1495,165,2022-11-08,14:45:00,17:08:00,14,15.0,6.0,
1496,8,2022-11-08,10:00:00,11:59:00,6,15.0,1.5,
1497,120,2022-11-08,11:30:00,13:37:00,7,15.0,1.5,
1498,152,2022-11-09,14:30:00,15:21:00,2,15.0,3.75,
1499,103,2022-11-09,12:00:00,13:09:00,1,15.0,1.5,
1500,179,2022-11-09,14:45:00,15:38:00,5,15.0,3.75,
1501,2,2022-11-09,10:00:00,11:38:00,6,15.0,6.0,
1502,5,2022-11-09,16:45:00,17:52:00,4,15.0,3.75,
1503,73,2022-11-09,09:45:00,11:18:00,11,15.0,3.75,
1504,165,2022-11-09,11:45:00,13:29:00,3,15.0,6.0,
1505,15,2022-11-09,15:00:00,16:35:00,13,15.0,0.0,
1506,2,2022-11-09,11:15:00,13:12:00,12,15.0,6.0,
1507,2,2022-11-09,10:00:00,12:09:00,13,15.0,6.0,
1508,73,2022-11-09,10:00:00,11:47:00,13,15.0,3.75,
1509,2,2022-11-09,12:45:00,14:59:00,1,15.0,6.0,
1510,3,2022-11-10,11:30:00,13:53:00,6,15.0,3.75,
1511,165,2022-11-10,14:30:00,16:54:00,12,15.0,6.0,
1512,73,2022-11-10,16:45:00,17:58:00,12,15.0,3.75,
1513,198,2022-11-10,10:15:00,11:03:00,1,15.0,3.75,
1514,17,2022-11-10,10:45:00,12:35:00,13,15.0,0.0,
1515,11,2022-11-10,11:45:00,13:44:00,11,15.0,0.0,
1516,13,2022-11-10,11:30:00,13:48:00,1,15.0,0.0,
1517,165,2022-11-11,11:45:00,13:12:00,3,15.0,6.0,
1518,148,2022-11-11,09:15:00,11:07:00,4,15.0,1.5,
1519,149,2022-11-11,13:45:00,16:02:00,7,15.0,1.5,
1520,2,2022-11-11,10:30:00,12:53:00,5,15.0,6.0,
1521,11,2022-11-11,12:00:00,13:00:00,10,15.0,0.0,
1522,5,2022-11-11,16:30:00,17:34:00,14,15.0,3.75,
1523,9,2022-11-11,14:45:00,16:39:00,3,15.0,1.5,
1524,73,2022-11-11,16:45:00,18:45:00,5,15.0,3.75,
1525,248,2022-11-11,10:30:00,12:06:00,2,15.0,0.0,
1526,9,2022-11-11,13:15:00,14:51:00,7,15.0,1.5,
1527,5,2022-11-11,13:45:00,15:37:00,13,15.0,3.75,
1528,231,2022-11-12,14:15:00,16:36:00,4,15.0,1.5,
1529,73,2022-11-12,12:30:00,14:58:00,7,15.0,3.75,
1530,179,2022-11-12,10:30:00,12:10:00,6,15.0,3.75,
1531,233,2022-11-12,09:30:00,11:08:00,11,15.0,3.75,
1532,179,2022-11-12,12:00:00,12:52:00,14,15.0,3.75,
1533,4,2022-11-12,14:15:00,16:33:00,3,15.0,3.75,
1534,11,2022-11-12,11:30:00,12:57:00,11,15.0,0.0,
1535,248,2022-11-12,13:15:00,14:13:00,2,15.0,0.0,
1536,4,2022-11-12,09:45:00,11:53:00,10,15.0,3.75,
1537,2,2022-11-12,09:45:00,11:24:00,4,15.0,6.0,
1538,231,2022-11-12,13:15:00,14:29:00,7,15.0,1.5,
1539,148,2022-11-12,15:45:00,17:56:00,2,15.0,1.5,
1540,7,2022-11-12,12:30:00,14:36:00,13,15.0,1.5,
1541,2,2022-11-12,09:45:00,11:48:00,13,15.0,6.0,
1542,232,2022-11-12,11:30:00,13:36:00,2,15.0,3.75,
1543,1,2022-11-13,15:30:00,16:31:00,7,15.0,6.0,
1544,2,2022-11-13,09:30:00,11:47:00,1,15.0,6.0,
1545,97,2022-11-13,09:00:00,10:13:00,7,15.0,1.5,
1546,5,2022-11-13,10:30:00,12:27:00,4,15.0,3.75,
1547,196,2022-11-13,13:45:00,15:10:00,3,15.0,1.5,
1548,5,2022-11-13,15:15:00,17:20:00,3,15.0,3.75,
1549,248,2022-11-13,15:00:00,16:31:00,4,15.0,0.0,
1550,1,2022-11-13,15:30:00,16:22:00,4,15.0,6.0,
1551,13,2022-11-13,12:15:00,13:49:00,1,15.0,0.0,
1552,2,2022-11-13,14:45:00,16:50:00,11,15.0,6.0,
1553,39,2022-11-13,13:30:00,14:34:00,5,15.0,1.5,
1554,196,2022-11-13,16:15:00,17:04:00,5,15.0,1.5,
1555,2,2022-11-14,15:00:00,16:04:00,11,15.0,6.0,
1556,4,2022-11-14,14:45:00,15:34:00,1,15.0,3.75,
1557,1,2022-11-14,13:45:00,14:39:00,1,15.0,6.0,
1558,2,2022-11-14,09:45:00,11:11:00,14,15.0,6.0,
1559,196,2022-11-14,13:30:00,15:06:00,7,15.0,1.5,
1560,2,2022-11-14,11:00:00,13:28:00,3,15.0,6.0,
1561,1,2022-11-14,09:00:00,10:59:00,11,15.0,6.0,
1562,148,2022-11-14,16:15:00,18:11:00,12,15.0,1.5,
1563,3,2022-11-14,09:45:00,11:40:00,14,15.0,3.75,
1564,7,2022-11-15,16:00:00,17:04:00,5,15.0,1.5,
1565,116,2022-11-15,16:15:00,17:11:00,6,15.0,0.0,
1566,2,2022-11-15,16:15:00,18:41:00,2,15.0,6.0,
1567,1,2022-11-15,10:30:00,12:33:00,14,15.0,6.0,
1568,179,2022-11-15,11:45:00,12:59:00,12,15.0,3.75,
1569,2,2022-11-15,12:00:00,12:55:00,5,15.0,6.0,
1570,3,2022-11-15,14:00:00,16:16:00,6,15.0,3.75,
1571,103,2022-11-15,12:30:00,13:52:00,4,15.0,1.5,
1572,148,2022-11-15,14:30:00,16:47:00,3,15.0,1.5,
1573,204,2022-11-16,16:45:00,18:29:00,5,15.0,0.0,
1574,10,2022-11-16,14:45:00,16:27:00,14,15.0,1.5,
1575,232,2022-11-16,13:30:00,14:41:00,13,15.0,3.75,
1576,196,2022-11-16,10:45:00,11:43:00,7,15.0,1.5,
1577,2,2022-11-16,15:45:00,18:05:00,3,15.0,6.0,
1578,11,2022-11-16,16:30:00,17:45:00,2,15.0,0.0,
1579,9,2022-11-16,11:30:00,13:21:00,1,15.0,1.5,
1580,165,2022-11-16,09:30:00,11:48:00,13,15.0,6.0,
1581,5,2022-11-17,09:30:00,10:31:00,12,15.0,3.75,
1582,2,2022-11-17,12:00:00,13:57:00,5,15.0,6.0,
1583,2,2022-11-17,13:45:00,15:00:00,1,15.0,6.0,
1584,3,2022-11-17,10:30:00,12:02:00,6,15.0,3.75,
1585,68,2022-11-17,10:15:00,12:22:00,3,15.0,0.0,
1586,165,2022-11-17,15:45:00,18:03:00,3,15.0,6.0,
1587,3,2022-11-17,12:00:00,13:43:00,2,15.0,3.75,
1588,7,2022-11-17,10:30:00,11:45:00,6,15.0,1.5,
1589,232,2022-11-17,16:45:00,17:55:00,13,15.0,3.75,
1590,5,2022-11-18,14:00:00,15:00:00,14,15.0,3.75,
1591,198,2022-11-18,13:45:00,15:18:00,3,15.0,3.75,
1592,3,2022-11-18,16:45:00,18:37:00,4,15.0,3.75,
1593,8,2022-11-18,10:00:00,11:58:00,7,15.0,1.5,
1594,2,2022-11-18,10:30:00,12:20:00,1,15.0,6.0,
1595,10,2022-11-18,11:00:00,12:19:00,6,15.0,1.5,
1596,4,2022-11-18,11:45:00,13:27:00,11,15.0,3.75,
1597,13,2022-11-18,12:45:00,15:13:00,5,15.0,0.0,
1598,243,2022-11-18,14:15:00,15:51:00,2,15.0,0.0,
1599,4,2022-11-18,14:15:00,15:26:00,4,15.0,3.75,
1600,231,2022-11-18,16:45:00,18:11:00,4,15.0,1.5,
1601,171,2022-11-19,13:00:00,14:41:00,11,15.0,0.0,
1602,196,2022-11-19,14:00:00,16:26:00,3,15.0,1.5,
1603,165,2022-11-19,15:30:00,16:22:00,3,15.0,6.0,
1604,2,2022-11-19,11:30:00,13:16:00,1,15.0,6.0,
1605,73,2022-11-19,10:00:00,12:10:00,13,15.0,3.75,
1606,1,2022-11-19,09:00:00,10:44:00,13,15.0,6.0,
1607,186,2022-11-19,15:15:00,16:51:00,10,15.0,1.5,
1608,191,2022-11-19,12:00:00,13:23:00,14,15.0,0.0,
1609,6,2022-11-19,13:15:00,14:33:00,14,15.0,1.5,
1610,14,2022-11-19,13:00:00,14:03:00,7,15.0,0.0,
1611,35,2022-11-19,14:30:00,16:09:00,7,15.0,0.0,
1612,3,2022-11-19,10:45:00,13:08:00,3,15.0,3.75,
1613,191,2022-11-20,11:30:00,13:55:00,7,15.0,0.0,
1614,152,2022-11-20,14:15:00,15:49:00,4,15.0,3.75,
1615,197,2022-11-20,16:00:00,16:45:00,7,15.0,1.5,
1616,231,2022-11-20,16:00:00,18:23:00,1,15.0,1.5,
1617,165,2022-11-20,16:45:00,18:57:00,2,15.0,6.0,
1618,2,2022-11-20,09:30:00,10:36:00,11,15.0,6.0,
1619,186,2022-11-20,13:45:00,14:56:00,11,15.0,1.5,
1620,198,2022-11-20,15:45:00,16:59:00,5,15.0,3.75,
1621,149,2022-11-20,13:30:00,15:27:00,13,15.0,1.5,
1622,165,2022-11-20,15:15:00,16:39:00,7,15.0,6.0,
1623,186,2022-11-20,13:45:00,15:30:00,3,15.0,1.5,
1624,1,2022-11-20,14:45:00,15:50:00,13,15.0,6.0,
1625,2,2022-11-20,16:15:00,17:34:00,12,15.0,6.0,
1626,5,2022-11-21,13:15:00,14:41:00,5,15.0,3.75,
1627,8,2022-11-21,11:15:00,13:01:00,3,15.0,1.5,
1628,231,2022-11-21,09:00:00,09:47:00,7,15.0,1.5,
1629,5,2022-11-21,09:45:00,10:54:00,6,15.0,3.75,
1630,232,2022-11-21,14:30:00,15:28:00,13,15.0,3.75,
1631,196,2022-11-21,11:45:00,12:46:00,1,15.0,1.5,
1632,1,2022-11-21,13:30:00,14:47:00,11,15.0,6.0,
1633,1,2022-11-21,11:30:00,12:56:00,14,15.0,6.0,
1634,6,2022-11-21,15:00:00,17:02:00,6,15.0,1.5,
1635,11,2022-11-22,16:00:00,17:56:00,4,15.0,0.0,
1636,165,2022-11-22,15:45:00,16:45:00,6,15.0,6.0,
1637,171,2022-11-22,13:45:00,15:33:00,6,15.0,0.0,
1638,2,2022-11-22,13:45:00,16:03:00,3,15.0,6.0,
1639,8,2022-11-22,13:45:00,15:49:00,10,15.0,1.5,
1640,4,2022-11-22,15:00:00,15:50:00,6,15.0,3.75,
1641,8,2022-11-22,12:15:00,13:17:00,14,15.0,1.5,
1642,17,2022-11-22,16:45:00,18:35:00,13,15.0,0.0,
1643,4,2022-11-22,15:30:00,16:21:00,6,15.0,3.75,
1644,3,2022-11-23,15:00:00,17:16:00,10,15.0,3.75,
1645,73,2022-11-23,09:15:00,10:14:00,4,15.0,3.75,
1646,3,2022-11-23,10:15:00,12:09:00,12,15.0,3.75,
1647,1,2022-11-23,14:15:00,16:28:00,13,15.0,6.0,
1648,13,2022-11-23,15:45:00,17:24:00,3,15.0,0.0,
1649,1,2022-11-23,16:30:00,18:44:00,12,15.0,6.0,
1650,121,2022-11-23,15:00:00,16:09:00,14,15.0,1.5,
1651,73,2022-11-23,11:15:00,12:28:00,2,15.0,3.75,
1652,239,2022-11-23,10:15:00,12:42:00,14,15.0,0.0,
1653,73,2022-11-23,10:15:00,11:19:00,5,15.0,3.75,
1654,3,2022-11-24,13:45:00,16:06:00,13,15.0,3.75,
1655,2,2022-11-24,09:45:00,10:38:00,13,15.0,6.0,
1656,13,2022-11-24,13:30:00,14:16:00,5,15.0,0.0,
1657,2,2022-11-24,11:45:00,12:47:00,11,15.0,6.0,
1658,120,2022-11-24,15:30:00,16:16:00,2,15.0,1.5,
1659,197,2022-11-24,14:15:00,15:06:00,7,15.0,1.5,
1660,232,2022-11-24,16:15:00,18:02:00,3,15.0,3.75,
1661,186,2022-11-24,10:30:00,12:29:00,3,15.0,1.5,
1662,1,2022-11-25,12:45:00,14:23:00,14,15.0,6.0,
1663,5,2022-11-25,14:00:00,15:02:00,4,15.0,3.75,
1664,73,2022-11-25,11:30:00,12:30:00,4,15.0,3.75,
1665,179,2022-11-25,11:00:00,11:59:00,2,15.0,3.75,
1666,3,2022-11-25,14:00:00,15:25:00,3,15.0,3.75,
1667,67,2022-11-25,09:00:00,11:28:00,13,15.0,3.75,
1668,11,2022-11-25,16:30:00,17:53:00,2,15.0,0.0,
1669,165,2022-11-25,10:15:00,11:16:00,2,15.0,6.0,
1670,165,2022-11-25,11:15:00,12:25:00,4,15.0,6.0,
1671,3,2022-11-25,14:00:00,15:33:00,12,15.0,3.75,
1672,5,2022-11-26,09:00:00,10:46:00,1,15.0,3.75,
1673,103,2022-11-26,16:30:00,17:39:00,14,15.0,1.5,
1674,67,2022-11-26,10:30:00,12:14:00,10,15.0,3.75,
1675,2,2022-11-26,13:00:00,13:51:00,1,15.0,6.0,
1676,196,2022-11-26,14:30:00,15:20:00,12,15.0,1.5,
1677,67,2022-11-26,13:45:00,15:12:00,5,15.0,3.75,
1678,126,2022-11-26,11:00:00,13:30:00,5,15.0,1.5,
1679,128,2022-11-26,09:30:00,11:28:00,1,15.0,1.5,
1680,73,2022-11-26,09:15:00,11:33:00,2,15.0,3.75,
1681,121,2022-11-26,12:45:00,14:50:00,14,15.0,1.5,
1682,165,2022-11-26,09:30:00,10:26:00,3,15.0,6.0,
1683,8,2022-11-26,16:45:00,18:04:00,3,15.0,1.5,
1684,35,2022-11-26,14:30:00,15:47:00,13,15.0,0.0,
1685,121,2022-11-26,16:45:00,18:08:00,6,15.0,1.5,
1686,2,2022-11-26,12:45:00,13:53:00,6,15.0,6.0,
1687,126,2022-11-26,10:00:00,12:06:00,11,15.0,1.5,
1688,103,2022-11-26,15:00:00,16:21:00,2,15.0,1.5,
1689,1,2022-11-26,14:30:00,16:06:00,4,15.0,6.0,
1690,5,2022-11-26,11:30:00,12:57:00,10,15.0,3.75,
1691,231,2022-11-26,14:45:00,17:11:00,11,15.0,1.5,
1692,4,2022-11-27,15:30:00,17:12:00,7,15.0,3.75,
1693,233,2022-11-27,14:00:00,16:17:00,2,15.0,3.75,
1694,196,2022-11-27,09:15:00,11:41:00,4,15.0,1.5,
1695,2,2022-11-27,12:00:00,13:25:00,7,15.0,6.0,
1696,232,2022-11-27,13:15:00,15:17:00,3,15.0,3.75,
1697,248,2022-11-27,11:00:00,12:13:00,2,15.0,0.0,
1698,31,2022-11-27,09:45:00,11:56:00,12,15.0,1.5,
1699,2,2022-11-27,09:45:00,11:24:00,10,15.0,6.0,
1700,231,2022-11-27,11:00:00,12:59:00,6,15.0,1.5,
1701,5,2022-11-27,09:00:00,09:46:00,11,15.0,3.75,
1702,73,2022-11-27,15:00:00,16:48:00,14,15.0,3.75,
1703,2,2022-11-27,11:15:00,12:35:00,13,15.0,6.0,
1704,2,2022-11-27,09:15:00,11:38:00,6,15.0,6.0,
1705,97,2022-11-28,11:00:00,11:59:00,3,15.0,1.5,
1706,232,2022-11-28,14:00:00,15:07:00,14,15.0,3.75,
1707,165,2022-11-28,12:15:00,13:36:00,3,15.0,6.0,
1708,15,2022-11-28,12:45:00,14:55:00,5,15.0,0.0,
1709,5,2022-11-28,16:15:00,17:18:00,1,15.0,3.75,
1710,67,2022-11-28,11:30:00,13:44:00,2,15.0,3.75,
1711,67,2022-11-28,16:45:00,17:47:00,14,15.0,3.75,
1712,73,2022-11-28,14:15:00,15:50:00,7,15.0,3.75,
1713,88,2022-11-28,09:00:00,11:23:00,4,15.0,0.0,
1714,231,2022-11-28,10:15:00,11:27:00,14,15.0,1.5,
1715,120,2022-11-29,09:15:00,10:22:00,13,15.0,1.5,
1716,232,2022-11-29,10:45:00,12:19:00,3,15.0,3.75,
1717,232,2022-11-29,11:45:00,12:34:00,11,15.0,3.75,
1718,5,2022-11-29,10:00:00,11:10:00,10,15.0,3.75,
1719,6,2022-11-29,15:00:00,16:13:00,1,15.0,1.5,
1720,68,2022-11-29,11:30:00,13:54:00,7,15.0,0.0,
1721,4,2022-11-29,13:00:00,13:59:00,12,15.0,3.75,
1722,165,2022-11-29,15:15:00,16:55:00,11,15.0,6.0,
1723,120,2022-11-29,11:15:00,13:23:00,2,15.0,1.5,
1724,3,2022-11-29,11:00:00,12:16:00,3,15.0,3.75,
1725,8,2022-11-29,11:30:00,12:25:00,5,15.0,1.5,
1726,67,2022-11-30,12:45:00,13:39:00,1,15.0,3.75,
1727,13,2022-11-30,09:30:00,11:40:00,6,15.0,0.0,
1728,8,2022-11-30,09:00:00,10:24:00,14,15.0,1.5,
1729,3,2022-11-30,10:45:00,12:20:00,2,15.0,3.75,
1730,4,2022-11-30,10:30:00,12:34:00,3,15.0,3.75,
1731,126,2022-11-30,10:45:00,11:47:00,11,15.0,1.5,
1732,116,2022-11-30,11:30:00,12:28:00,3,15.0,0.0,
1733,233,2022-11-30,14:00:00,15:02:00,10,15.0,3.75,
1734,97,2022-11-30,13:45:00,15:06:00,14,15.0,1.5,
1735,121,2022-12-01,12:00:00,14:17:00,11,15.0,1.5,
1736,191,2022-12-01,16:30:00,18:38:00,4,15.0,0.0,
1737,179,2022-12-01,09:00:00,09:50:00,7,15.0,3.75,
1738,11,2022-12-01,10:30:00,12:43:00,2,15.0,0.0,
1739,165,2022-12-01,12:15:00,14:31:00,11,15.0,6.0,
1740,232,2022-12-01,15:15:00,17:06:00,7,15.0,3.75,
1741,2,2022-12-01,12:15:00,14:22:00,14,15.0,6.0,
1742,233,2022-12-01,09:30:00,10:55:00,11,15.0,3.75,
1743,165,2022-12-01,14:00:00,15:54:00,1,15.0,6.0,
1744,165,2022-12-01,16:15:00,18:26:00,6,15.0,6.0,
1745,88,2022-12-01,14:30:00,15:59:00,4,15.0,0.0,
1746,1,2022-12-01,11:30:00,13:42:00,12,15.0,6.0,
1747,35,2022-12-01,10:45:00,12:35:00,5,15.0,0.0,
1748,97,2022-12-01,09:15:00,10:23:00,4,15.0,1.5,
1749,73,2022-12-01,12:00:00,12:59:00,12,15.0,3.75,
1750,3,2022-12-01,11:15:00,13:12:00,2,15.0,3.75,
1751,197,2022-12-01,16:00:00,17:29:00,12,15.0,1.5,
1752,2,2022-12-01,14:15:00,15:29:00,1,15.0,6.0,
1753,7,2022-12-01,15:45:00,17:00:00,13,15.0,1.5,
1754,126,2022-12-02,16:00:00,17:45:00,4,15.0,1.5,
1755,103,2022-12-02,09:00:00,10:36:00,13,15.0,1.5,
1756,3,2022-12-02,14:45:00,16:07:00,14,15.0,3.75,
1757,2,2022-12-02,09:00:00,10:38:00,12,15.0,6.0,
1758,5,2022-12-02,14:15:00,15:10:00,7,15.0,3.75,
1759,97,2022-12-02,12:30:00,13:58:00,11,15.0,1.5,
1760,67,2022-12-02,11:30:00,13:24:00,12,15.0,3.75,
1761,120,2022-12-02,15:15:00,16:30:00,12,15.0,1.5,
1762,179,2022-12-02,13:00:00,14:01:00,3,15.0,3.75,
1763,3,2022-12-02,09:30:00,11:27:00,2,15.0,3.75,
1764,3,2022-12-02,10:45:00,11:53:00,13,15.0,3.75,
1765,149,2022-12-02,10:15:00,12:26:00,1,15.0,1.5,
1766,165,2022-12-02,09:30:00,11:43:00,13,15.0,6.0,
1767,191,2022-12-03,15:00:00,16:39:00,13,15.0,0.0,
1768,18,2022-12-03,12:15:00,13:50:00,11,15.0,0.0,
1769,233,2022-12-03,16:15:00,17:49:00,12,15.0,3.75,
1770,73,2022-12-03,09:30:00,10:48:00,14,15.0,3.75,
1771,126,2022-12-03,11:15:00,12:21:00,2,15.0,1.5,
1772,1,2022-12-03,12:15:00,14:30:00,1,15.0,6.0,
1773,233,2022-12-03,09:00:00,10:34:00,6,15.0,3.75,
1774,198,2022-12-03,16:45:00,18:37:00,14,15.0,3.75,
1775,5,2022-12-03,12:00:00,13:24:00,13,15.0,3.75,
1776,179,2022-12-03,13:30:00,14:28:00,10,15.0,3.75,
1777,103,2022-12-03,13:45:00,15:53:00,5,15.0,1.5,
1778,233,2022-12-03,10:30:00,12:10:00,4,15.0,3.75,
1779,5,2022-12-03,13:15:00,15:18:00,11,15.0,3.75,
1780,1,2022-12-03,12:45:00,14:47:00,14,15.0,6.0,
1781,2,2022-12-03,10:45:00,12:47:00,6,15.0,6.0,
1782,2,2022-12-03,16:00:00,17:36:00,2,15.0,6.0,
1783,2,2022-12-04,14:30:00,16:46:00,14,15.0,6.0,
1784,165,2022-12-04,16:15:00,18:03:00,12,15.0,6.0,
1785,197,2022-12-04,15:45:00,17:58:00,11,15.0,1.5,
1786,2,2022-12-04,14:45:00,17:06:00,12,15.0,6.0,
1787,239,2022-12-04,10:30:00,12:33:00,10,15.0,0.0,
1788,8,2022-12-04,10:15:00,11:26:00,7,15.0,1.5,
1789,231,2022-12-04,09:00:00,10:29:00,7,15.0,1.5,
1790,232,2022-12-04,16:15:00,18:20:00,3,15.0,3.75,
1791,2,2022-12-04,14:30:00,15:21:00,4,15.0,6.0,
1792,103,2022-12-04,14:45:00,15:59:00,11,15.0,1.5,
1793,149,2022-12-04,11:15:00,12:08:00,1,15.0,1.5,
1794,186,2022-12-04,09:15:00,10:03:00,1,15.0,1.5,
1795,3,2022-12-04,13:45:00,15:43:00,3,15.0,3.75,
1796,232,2022-12-04,09:45:00,10:54:00,3,15.0,3.75,
1797,2,2022-12-04,14:30:00,15:37:00,6,15.0,6.0,
1798,11,2022-12-04,11:45:00,12:47:00,13,15.0,0.0,
1799,7,2022-12-05,16:30:00,18:44:00,10,15.0,1.5,
1800,1,2022-12-05,11:45:00,13:27:00,1,15.0,6.0,
1801,179,2022-12-05,11:00:00,12:32:00,14,15.0,3.75,
1802,231,2022-12-05,12:00:00,13:10:00,4,15.0,1.5,
1803,2,2022-12-05,15:00:00,16:50:00,1,15.0,6.0,
1804,73,2022-12-05,09:15:00,10:17:00,4,15.0,3.75,
1805,8,2022-12-05,16:45:00,17:41:00,5,15.0,1.5,
1806,7,2022-12-05,16:00:00,16:52:00,2,15.0,1.5,
1807,4,2022-12-05,11:45:00,13:14:00,2,15.0,3.75,
1808,73,2022-12-05,13:45:00,15:10:00,3,15.0,3.75,
1809,152,2022-12-05,09:15:00,11:21:00,3,15.0,3.75,
1810,165,2022-12-05,10:15:00,11:57:00,1,15.0,6.0,
1811,171,2022-12-06,10:45:00,13:03:00,14,15.0,0.0,
1812,196,2022-12-06,16:15:00,17:50:00,2,15.0,1.5,
1813,45,2022-12-06,10:45:00,12:48:00,14,15.0,0.0,
1814,31,2022-12-06,13:15:00,15:12:00,5,15.0,1.5,
1815,165,2022-12-06,16:30:00,17:33:00,5,15.0,6.0,
1816,171,2022-12-07,09:30:00,11:28:00,1,15.0,0.0,
1817,126,2022-12-07,10:00:00,11:58:00,1,15.0,1.5,
1818,165,2022-12-07,15:30:00,16:57:00,14,15.0,6.0,
1819,197,2022-12-07,10:00:00,11:59:00,4,15.0,1.5,
1820,152,2022-12-07,09:00:00,10:38:00,10,15.0,3.75,
1821,232,2022-12-07,09:45:00,11:31:00,7,15.0,3.75,
1822,73,2022-12-07,13:30:00,14:18:00,14,15.0,3.75,
1823,121,2022-12-07,14:15:00,16:17:00,7,15.0,1.5,
1824,165,2022-12-07,11:15:00,13:18:00,7,15.0,6.0,
1825,186,2022-12-07,13:15:00,14:04:00,6,15.0,1.5,
1826,39,2022-12-07,16:30:00,17:36:00,3,15.0,1.5,
1827,128,2022-12-07,15:45:00,17:45:00,14,15.0,1.5,
1828,120,2022-12-07,10:30:00,12:46:00,7,15.0,1.5,
1829,2,2022-12-08,16:45:00,18:08:00,7,15.0,6.0,
1830,165,2022-12-08,09:45:00,11:02:00,5,15.0,6.0,
1831,14,2022-12-08,09:15:00,10:34:00,5,15.0,0.0,
1832,2,2022-12-08,12:15:00,13:07:00,10,15.0,6.0,
1833,14,2022-12-08,09:30:00,10:59:00,12,15.0,0.0,
1834,4,2022-12-08,12:00:00,13:25:00,5,15.0,3.75,
1835,103,2022-12-08,11:30:00,13:23:00,7,15.0,1.5,
1836,165,2022-12-08,16:15:00,18:44:00,6,15.0,6.0,
1837,31,2022-12-08,14:00:00,15:20:00,1,15.0,1.5,
1838,231,2022-12-08,16:15:00,18:10:00,10,15.0,1.5,
1839,233,2022-12-08,09:00:00,11:19:00,1,15.0,3.75,
1840,148,2022-12-08,13:00:00,14:50:00,13,15.0,1.5,
1841,165,2022-12-08,09:00:00,10:18:00,12,15.0,6.0,
1842,8,2022-12-08,14:15:00,15:48:00,6,15.0,1.5,
1843,126,2022-12-09,09:15:00,11:15:00,6,15.0,1.5,
1844,233,2022-12-09,13:15:00,15:45:00,5,15.0,3.75,
1845,103,2022-12-09,14:15:00,16:09:00,2,15.0,1.5,
1846,73,2022-12-09,11:30:00,13:17:00,3,15.0,3.75,
1847,6,2022-12-09,16:30:00,18:56:00,7,15.0,1.5,
1848,101,2022-12-09,12:00:00,13:24:00,7,15.0,0.0,
1849,73,2022-12-09,14:45:00,16:09:00,12,15.0,3.75,
1850,11,2022-12-09,12:45:00,14:53:00,2,15.0,0.0,
1851,11,2022-12-09,14:30:00,16:02:00,7,15.0,0.0,
1852,68,2022-12-09,15:15:00,17:13:00,4,15.0,0.0,
1853,4,2022-12-10,13:45:00,15:29:00,12,15.0,3.75,
1854,1,2022-12-10,11:30:00,13:14:00,3,15.0,6.0,
1855,79,2022-12-10,13:30:00,14:40:00,5,15.0,0.0,
1856,9,2022-12-10,10:30:00,11:55:00,1,15.0,1.5,
1857,179,2022-12-10,14:45:00,16:17:00,5,15.0,3.75,
1858,12,2022-12-10,11:00:00,13:24:00,14,15.0,0.0,
1859,233,2022-12-10,11:00:00,13:16:00,7,15.0,3.75,
1860,67,2022-12-10,09:15:00,10:02:00,11,15.0,3.75,
1861,186,2022-12-10,13:45:00,16:06:00,11,15.0,1.5,
1862,2,2022-12-10,11:45:00,13:34:00,13,15.0,6.0,
1863,149,2022-12-10,10:15:00,11:53:00,14,15.0,1.5,
1864,2,2022-12-10,14:15:00,16:13:00,1,15.0,6.0,
1865,4,2022-12-10,11:30:00,13:08:00,3,15.0,3.75,
1866,233,2022-12-10,14:45:00,16:31:00,13,15.0,3.75,
1867,103,2022-12-10,11:45:00,13:34:00,4,15.0,1.5,
1868,186,2022-12-10,15:00:00,17:21:00,10,15.0,1.5,
1869,186,2022-12-10,13:15:00,14:53:00,4,15.0,1.5,
1870,197,2022-12-10,13:15:00,14:07:00,3,15.0,1.5,
1871,186,2022-12-10,10:45:00,11:42:00,11,15.0,1.5,
1872,13,2022-12-10,14:45:00,17:11:00,7,15.0,0.0,
1873,73,2022-12-10,15:00:00,16:22:00,1,15.0,3.75,
1874,2,2022-12-11,11:45:00,13:51:00,2,15.0,6.0,
1875,2,2022-12-11,14:00:00,16:02:00,7,15.0,6.0,
1876,7,2022-12-11,15:00:00,17:12:00,14,15.0,1.5,
1877,6,2022-12-11,12:45:00,14:13:00,12,15.0,1.5,
1878,126,2022-12-11,15:45:00,17:31:00,3,15.0,1.5,
1879,11,2022-12-11,13:00:00,14:21:00,4,15.0,0.0,
1880,39,2022-12-11,09:45:00,11:34:00,5,15.0,1.5,
1881,179,2022-12-11,12:30:00,13:18:00,12,15.0,3.75,
1882,13,2022-12-11,09:00:00,09:56:00,7,15.0,0.0,
1883,120,2022-12-11,15:45:00,18:11:00,12,15.0,1.5,
1884,2,2022-12-12,14:15:00,15:45:00,6,15.0,6.0,
1885,120,2022-12-12,14:00:00,15:50:00,3,15.0,1.5,
1886,1,2022-12-12,14:00:00,14:56:00,10,15.0,6.0,
1887,2,2022-12-12,12:30:00,13:18:00,11,15.0,6.0,
1888,165,2022-12-12,11:30:00,13:36:00,6,15.0,6.0,
1889,179,2022-12-12,14:15:00,15:32:00,14,15.0,3.75,
1890,186,2022-12-13,11:00:00,12:46:00,14,15.0,1.5,
1891,39,2022-12-13,10:45:00,12:49:00,4,15.0,1.5,
1892,3,2022-12-13,09:00:00,10:16:00,5,15.0,3.75,
1893,171,2022-12-13,16:45:00,18:09:00,3,15.0,0.0,
1894,2,2022-12-13,11:45:00,12:38:00,4,15.0,6.0,
1895,10,2022-12-13,09:15:00,10:32:00,4,15.0,1.5,
1896,3,2022-12-13,13:00:00,14:36:00,14,15.0,3.75,
1897,120,2022-12-13,13:45:00,15:37:00,3,15.0,1.5,
1898,186,2022-12-13,14:45:00,16:37:00,3,15.0,1.5,
1899,186,2022-12-13,13:45:00,15:36:00,4,15.0,1.5,
1900,39,2022-12-13,11:15:00,12:54:00,12,15.0,1.5,
1901,97,2022-12-13,11:45:00,13:51:00,1,15.0,1.5,
1902,14,2022-12-13,13:15:00,14:17:00,4,15.0,0.0,
1903,148,2022-12-13,12:30:00,14:43:00,12,15.0,1.5,
1904,120,2022-12-14,11:15:00,13:32:00,4,15.0,1.5,
1905,39,2022-12-14,14:00:00,14:59:00,10,15.0,1.5,
1906,201,2022-12-14,15:15:00,16:09:00,2,15.0,1.5,
1907,9,2022-12-14,14:30:00,15:22:00,5,15.0,1.5,
1908,128,2022-12-14,14:30:00,15:15:00,14,15.0,1.5,
1909,232,2022-12-14,09:30:00,10:59:00,12,15.0,3.75,
1910,5,2022-12-14,13:45:00,15:33:00,2,15.0,3.75,
1911,233,2022-12-14,12:45:00,13:40:00,13,15.0,3.75,
1912,126,2022-12-14,12:30:00,14:23:00,14,15.0,1.5,
1913,2,2022-12-15,09:30:00,11:39:00,14,15.0,6.0,
1914,237,2022-12-15,12:45:00,14:57:00,14,15.0,3.75,
1915,121,2022-12-15,12:15:00,13:18:00,2,15.0,1.5,
1916,103,2022-12-15,11:15:00,13:37:00,11,15.0,1.5,
1917,198,2022-12-15,12:45:00,14:31:00,13,15.0,3.75,
1918,165,2022-12-15,11:15:00,13:29:00,14,15.0,6.0,
1919,1,2022-12-15,12:00:00,13:16:00,10,15.0,6.0,
1920,121,2022-12-15,09:45:00,11:20:00,12,15.0,1.5,
1921,126,2022-12-15,11:30:00,13:50:00,6,15.0,1.5,
1922,101,2022-12-15,12:00:00,13:31:00,7,15.0,0.0,
1923,2,2022-12-15,14:15:00,15:17:00,1,15.0,6.0,
1924,73,2022-12-16,16:30:00,17:55:00,1,15.0,3.75,
1925,148,2022-12-16,16:00:00,17:55:00,13,15.0,1.5,
1926,103,2022-12-16,10:15:00,11:51:00,7,15.0,1.5,
1927,10,2022-12-16,16:45:00,19:09:00,3,15.0,1.5,
1928,179,2022-12-16,10:45:00,12:18:00,11,15.0,3.75,
1929,97,2022-12-16,15:15:00,16:47:00,13,15.0,1.5,
1930,2,2022-12-16,16:30:00,17:24:00,2,15.0,6.0,
1931,152,2022-12-17,11:00:00,12:34:00,11,15.0,3.75,
1932,10,2022-12-17,11:00:00,13:30:00,12,15.0,1.5,
1933,233,2022-12-17,16:30:00,18:03:00,12,15.0,3.75,
1934,3,2022-12-17,15:45:00,16:59:00,2,15.0,3.75,
1935,204,2022-12-17,14:00:00,15:21:00,14,15.0,0.0,
1936,126,2022-12-17,10:45:00,12:45:00,5,15.0,1.5,
1937,8,2022-12-17,15:30:00,17:58:00,4,15.0,1.5,
1938,4,2022-12-17,10:15:00,11:49:00,4,15.0,3.75,
1939,35,2022-12-17,11:00:00,12:29:00,12,15.0,0.0,
1940,179,2022-12-17,16:45:00,17:52:00,3,15.0,3.75,
1941,73,2022-12-17,14:45:00,16:40:00,14,15.0,3.75,
1942,39,2022-12-17,16:30:00,18:27:00,10,15.0,1.5,
1943,1,2022-12-17,16:00:00,18:12:00,10,15.0,6.0,
1944,3,2022-12-17,13:45:00,15:20:00,3,15.0,3.75,
1945,6,2022-12-17,14:15:00,16:28:00,10,15.0,1.5,
1946,8,2022-12-17,16:00:00,18:27:00,6,15.0,1.5,
1947,165,2022-12-17,14:30:00,16:02:00,1,15.0,6.0,
1948,234,2022-12-17,16:15:00,17:38:00,5,15.0,0.0,
1949,1,2022-12-17,16:15:00,17:52:00,5,15.0,6.0,
1950,1,2022-12-18,15:15:00,17:39:00,10,15.0,6.0,
1951,67,2022-12-18,16:30:00,18:41:00,2,15.0,3.75,
1952,237,2022-12-18,12:30:00,14:48:00,13,15.0,3.75,
1953,165,2022-12-18,09:30:00,11:08:00,12,15.0,6.0,
1954,179,2022-12-18,09:45:00,10:53:00,5,15.0,3.75,
1955,197,2022-12-18,15:45:00,17:57:00,4,15.0,1.5,
1956,120,2022-12-18,12:45:00,14:08:00,2,15.0,1.5,
1957,4,2022-12-18,11:00:00,13:23:00,1,15.0,3.75,
1958,237,2022-12-18,15:15:00,16:00:00,5,15.0,3.75,
1959,231,2022-12-18,12:00:00,14:30:00,3,15.0,1.5,
1960,231,2022-12-19,12:00:00,13:54:00,5,15.0,1.5,
1961,6,2022-12-19,15:45:00,17:35:00,3,15.0,1.5,
1962,126,2022-12-19,12:45:00,14:48:00,10,15.0,1.5,
1963,232,2022-12-19,16:15:00,18:02:00,7,15.0,3.75,
1964,239,2022-12-19,16:30:00,18:12:00,4,15.0,0.0,
1965,103,2022-12-19,16:30:00,18:06:00,12,15.0,1.5,
1966,6,2022-12-19,13:00:00,14:16:00,1,15.0,1.5,
1967,237,2022-12-19,12:15:00,13:50:00,2,15.0,3.75,
1968,14,2022-12-20,16:15:00,18:04:00,4,15.0,0.0,
1969,165,2022-12-20,14:30:00,15:40:00,7,15.0,6.0,
1970,1,2022-12-20,10:15:00,11:06:00,1,15.0,6.0,
1971,237,2022-12-20,16:30:00,17:21:00,5,15.0,3.75,
1972,165,2022-12-20,12:30:00,14:56:00,14,15.0,6.0,
1973,103,2022-12-20,16:00:00,17:12:00,13,15.0,1.5,
1974,121,2022-12-20,12:30:00,13:24:00,3,15.0,1.5,
1975,14,2022-12-20,10:45:00,11:31:00,11,15.0,0.0,
1976,165,2022-12-20,11:15:00,12:58:00,6,15.0,6.0,
1977,9,2022-12-21,10:45:00,11:35:00,1,15.0,1.5,
1978,186,2022-12-21,16:15:00,17:51:00,12,15.0,1.5,
1979,35,2022-12-21,16:15:00,17:17:00,6,15.0,0.0,
1980,179,2022-12-21,10:45:00,11:33:00,12,15.0,3.75,
1981,3,2022-12-21,16:30:00,18:15:00,7,15.0,3.75,
1982,10,2022-12-21,09:30:00,10:48:00,2,15.0,1.5,
1983,165,2022-12-21,14:00:00,14:59:00,10,15.0,6.0,
1984,1,2022-12-21,12:15:00,14:33:00,10,15.0,6.0,
1985,165,2022-12-21,10:45:00,12:44:00,13,15.0,6.0,
1986,232,2022-12-21,12:45:00,13:49:00,12,15.0,3.75,
1987,206,2022-12-21,14:15:00,16:34:00,5,15.0,0.0,
1988,101,2022-12-21,14:30:00,16:35:00,13,15.0,0.0,
1989,1,2022-12-21,15:30:00,16:49:00,11,15.0,6.0,
1990,165,2022-12-22,10:30:00,11:54:00,2,15.0,6.0,
1991,165,2022-12-22,13:45:00,15:53:00,2,15.0,6.0,
1992,179,2022-12-22,10:45:00,12:31:00,3,15.0,3.75,
1993,165,2022-12-22,11:45:00,13:53:00,3,15.0,6.0,
1994,73,2022-12-22,16:45:00,17:48:00,5,15.0,3.75,
1995,8,2022-12-22,15:00:00,16:53:00,11,15.0,1.5,
1996,1,2022-12-22,16:00:00,17:12:00,6,15.0,6.0,
1997,8,2022-12-22,09:00:00,10:39:00,11,15.0,1.5,
1998,101,2022-12-22,14:00:00,15:22:00,12,15.0,0.0,
1999,165,2022-12-22,12:45:00,13:52:00,4,15.0,6.0,
2000,7,2022-12-22,12:30:00,14:38:00,6,15.0,1.5,
2001,186,2022-12-23,16:45:00,18:17:00,13,15.0,1.5,
2002,2,2022-12-23,15:15:00,16:31:00,7,15.0,6.0,
2003,82,2022-12-23,12:15:00,13:37:00,10,15.0,1.5,
2004,2,2022-12-23,16:30:00,17:21:00,7,15.0,6.0,
2005,237,2022-12-23,16:15:00,17:59:00,14,15.0,3.75,
2006,231,2022-12-23,13:45:00,14:56:00,4,15.0,1.5,
2007,197,2022-12-23,09:30:00,11:37:00,4,15.0,1.5,
2008,31,2022-12-23,12:00:00,13:54:00,14,15.0,1.5,
2009,73,2022-12-23,11:30:00,12:42:00,1,15.0,3.75,
2010,5,2022-12-23,12:15:00,14:39:00,3,15.0,3.75,
2011,8,2022-12-24,16:30:00,17:49:00,6,15.0,1.5,
2012,3,2022-12-24,11:30:00,13:57:00,3,15.0,3.75,
2013,179,2022-12-24,11:15:00,13:25:00,10,15.0,3.75,
2014,97,2022-12-24,09:45:00,11:24:00,1,15.0,1.5,
2015,35,2022-12-24,12:45:00,15:03:00,6,15.0,0.0,
2016,120,2022-12-24,10:15:00,11:37:00,14,15.0,1.5,
2017,2,2022-12-24,11:45:00,13:48:00,5,15.0,6.0,
2018,68,2022-12-24,09:00:00,10:00:00,2,15.0,0.0,
2019,2,2022-12-24,16:30:00,18:18:00,3,15.0,6.0,
2020,165,2022-12-24,12:15:00,13:21:00,2,15.0,6.0,
2021,98,2022-12-24,14:45:00,16:48:00,3,15.0,3.75,
2022,2,2022-12-24,12:30:00,14:22:00,13,15.0,6.0,
2023,14,2022-12-26,11:15:00,12:25:00,6,15.0,0.0,
2024,201,2022-12-26,12:00:00,13:49:00,12,15.0,1.5,
2025,204,2022-12-26,13:00:00,14:12:00,3,15.0,0.0,
2026,73,2022-12-26,13:15:00,15:18:00,5,15.0,3.75,
2027,120,2022-12-26,14:45:00,16:21:00,11,15.0,1.5,
2028,1,2022-12-26,12:00:00,14:19:00,3,15.0,6.0,
2029,103,2022-12-26,12:30:00,13:56:00,2,15.0,1.5,
2030,8,2022-12-26,15:45:00,16:31:00,14,15.0,1.5,
2031,14,2022-12-26,16:45:00,18:04:00,12,15.0,0.0,
2032,178,2022-12-26,12:45:00,14:30:00,2,15.0,0.0,
2033,232,2022-12-26,13:30:00,15:16:00,14,15.0,3.75,
2034,171,2022-12-26,14:45:00,15:37:00,13,15.0,0.0,
2035,3,2022-12-26,09:45:00,11:56:00,7,15.0,3.75,
2036,2,2022-12-26,12:30:00,13:48:00,6,15.0,6.0,
2037,165,2022-12-27,16:15:00,18:29:00,12,15.0,6.0,
2038,179,2022-12-27,09:45:00,10:57:00,4,15.0,3.75,
2039,10,2022-12-27,14:15:00,15:27:00,14,15.0,1.5,
2040,120,2022-12-27,09:00:00,10:17:00,14,15.0,1.5,
2041,4,2022-12-27,13:15:00,14:19:00,5,15.0,3.75,
2042,6,2022-12-27,15:00:00,15:47:00,12,15.0,1.5,
2043,197,2022-12-27,13:45:00,15:13:00,13,15.0,1.5,
2044,1,2022-12-27,10:45:00,12:27:00,5,15.0,6.0,
2045,2,2022-12-27,13:30:00,14:18:00,10,15.0,6.0,
2046,1,2022-12-28,10:45:00,12:02:00,4,15.0,6.0,
2047,237,2022-12-28,14:30:00,16:14:00,5,15.0,3.75,
2048,8,2022-12-28,13:45:00,15:13:00,10,15.0,1.5,
2049,8,2022-12-28,13:15:00,15:18:00,2,15.0,1.5,
2050,11,2022-12-28,12:15:00,13:17:00,1,15.0,0.0,
2051,126,2022-12-28,09:15:00,10:14:00,11,15.0,1.5,
2052,2,2022-12-28,10:45:00,12:12:00,11,15.0,6.0,
2053,11,2022-12-28,11:45:00,13:35:00,2,15.0,0.0,
2054,152,2022-12-28,16:45:00,18:08:00,11,15.0,3.75,
2055,233,2022-12-29,10:30:00,12:54:00,3,15.0,3.75,
2056,98,2022-12-29,12:30:00,14:07:00,13,15.0,3.75,
2057,6,2022-12-29,11:30:00,13:46:00,4,15.0,1.5,
2058,2,2022-12-29,13:30:00,15:56:00,11,15.0,6.0,
2059,2,2022-12-29,12:00:00,13:07:00,1,15.0,6.0,
2060,98,2022-12-29,10:30:00,11:21:00,2,15.0,3.75,
2061,98,2022-12-29,09:30:00,10:34:00,5,15.0,3.75,
2062,179,2022-12-29,11:45:00,13:22:00,11,15.0,3.75,
2063,4,2022-12-29,09:15:00,10:15:00,13,15.0,3.75,
2064,232,2022-12-30,12:30:00,13:22:00,5,15.0,3.75,
2065,121,2022-12-30,11:30:00,13:59:00,13,15.0,1.5,
2066,234,2022-12-30,13:15:00,15:27:00,4,15.0,0.0,
2067,97,2022-12-30,16:30:00,18:02:00,4,15.0,1.5,
2068,232,2022-12-30,11:45:00,14:09:00,13,15.0,3.75,
2069,73,2022-12-30,12:30:00,13:16:00,6,15.0,3.75,
2070,149,2022-12-30,14:15:00,16:28:00,13,15.0,1.5,
2071,11,2022-12-30,16:15:00,18:25:00,7,15.0,0.0,
2072,98,2022-12-30,11:15:00,12:17:00,3,15.0,3.75,
2073,149,2022-12-30,10:15:00,12:27:00,6,15.0,1.5,
2074,2,2022-12-31,15:15:00,17:34:00,4,15.0,6.0,
2075,243,2022-12-31,11:00:00,12:44:00,7,15.0,0.0,
2076,1,2022-12-31,15:00:00,15:46:00,7,15.0,6.0,
2077,12,2022-12-31,14:00:00,15:58:00,1,15.0,0.0,
2078,82,2022-12-31,09:30:00,11:21:00,5,15.0,1.5,
2079,12,2022-12-31,12:00:00,14:22:00,14,15.0,0.0,
2080,6,2022-12-31,12:30:00,13:52:00,12,15.0,1.5,
2081,165,2022-12-31,09:15:00,10:08:00,13,15.0,6.0,
2082,165,2022-12-31,12:45:00,13:46:00,10,15.0,6.0,
2083,232,2022-12-31,09:30:00,10:53:00,10,15.0,3.75,
2084,120,2022-12-31,11:15:00,12:16:00,11,15.0,1.5,
2085,11,2022-12-31,09:45:00,10:38:00,6,15.0,0.0,
2086,165,2023-01-02,12:00:00,13:00:00,12,15.0,6.0,
2087,237,2023-01-02,14:30:00,16:17:00,13,15.0,3.75,
2088,17,2023-01-02,15:45:00,17:22:00,6,15.0,0.0,
2089,8,2023-01-02,12:15:00,14:22:00,2,15.0,1.5,
2090,165,2023-01-02,10:00:00,11:25:00,3,15.0,6.0,
2091,8,2023-01-02,16:45:00,18:28:00,3,15.0,1.5,
2092,52,2023-01-02,13:00:00,15:05:00,3,15.0,1.5,
2093,1,2023-01-02,09:30:00,12:00:00,5,15.0,6.0,
2094,2,2023-01-02,12:15:00,14:08:00,13,15.0,6.0,
2095,165,2023-01-03,10:30:00,11:26:00,7,15.0,6.0,
2096,4,2023-01-03,11:15:00,13:03:00,12,15.0,3.75,
2097,233,2023-01-03,14:15:00,16:22:00,14,15.0,3.75,
2098,88,2023-01-03,11:00:00,11:55:00,10,15.0,0.0,
2099,1,2023-01-03,12:45:00,13:57:00,6,15.0,6.0,
2100,165,2023-01-03,12:00:00,14:02:00,2,15.0,6.0,
2101,232,2023-01-03,09:45:00,10:50:00,3,15.0,3.75,
2102,11,2023-01-03,15:15:00,17:35:00,2,15.0,0.0,
2103,243,2023-01-03,13:30:00,15:29:00,6,15.0,0.0,
2104,10,2023-01-04,11:15:00,13:12:00,3,15.0,1.5,
2105,103,2023-01-04,15:30:00,17:04:00,11,15.0,1.5,
2106,237,2023-01-04,09:45:00,11:37:00,7,15.0,3.75,
2107,2,2023-01-04,15:30:00,17:36:00,3,15.0,6.0,
2108,198,2023-01-04,14:30:00,16:47:00,11,15.0,3.75,
2109,9,2023-01-04,12:15:00,14:28:00,6,15.0,1.5,
2110,233,2023-01-04,11:45:00,14:11:00,1,15.0,3.75,
2111,237,2023-01-04,13:15:00,15:37:00,4,15.0,3.75,
2112,31,2023-01-05,09:30:00,10:30:00,13,15.0,1.5,
2113,45,2023-01-05,16:00:00,18:02:00,3,15.0,0.0,
2114,232,2023-01-05,09:45:00,11:09:00,14,15.0,3.75,
2115,179,2023-01-05,13:15:00,14:45:00,11,15.0,3.75,
2116,165,2023-01-05,15:15:00,16:10:00,2,15.0,6.0,
2117,237,2023-01-05,13:00:00,14:10:00,1,15.0,3.75,
2118,52,2023-01-05,12:15:00,13:09:00,14,15.0,1.5,
2119,67,2023-01-05,09:30:00,10:18:00,6,15.0,3.75,
2120,126,2023-01-05,16:30:00,17:59:00,4,15.0,1.5,
2121,73,2023-01-05,14:15:00,15:29:00,13,15.0,3.75,
2122,165,2023-01-05,13:00:00,15:27:00,12,15.0,6.0,
2123,68,2023-01-06,14:00:00,16:14:00,1,15.0,0.0,
2124,9,2023-01-06,13:30:00,15:21:00,5,15.0,1.5,
2125,2,2023-01-06,09:45:00,11:54:00,4,15.0,6.0,
2126,232,2023-01-06,14:00:00,15:45:00,2,15.0,3.75,
2127,165,2023-01-06,13:00:00,14:49:00,10,15.0,6.0,
2128,68,2023-01-06,12:15:00,13:10:00,2,15.0,0.0,
2129,73,2023-01-06,12:00:00,12:48:00,13,15.0,3.75,
2130,201,2023-01-06,16:00:00,16:50:00,10,15.0,1.5,
2131,171,2023-01-07,12:30:00,14:39:00,4,15.0,0.0,
2132,231,2023-01-07,15:45:00,18:12:00,10,15.0,1.5,
2133,165,2023-01-07,16:00:00,18:00:00,4,15.0,6.0,
2134,39,2023-01-07,13:15:00,15:34:00,1,15.0,1.5,
2135,31,2023-01-07,12:15:00,13:58:00,5,15.0,1.5,
2136,10,2023-01-07,12:30:00,14:17:00,12,15.0,1.5,
2137,2,2023-01-07,15:00:00,16:02:00,6,15.0,6.0,
2138,13,2023-01-08,12:00:00,13:41:00,6,15.0,0.0,
2139,12,2023-01-08,14:15:00,16:07:00,3,15.0,0.0,
2140,63,2023-01-08,16:00:00,17:53:00,4,15.0,1.5,
2141,4,2023-01-08,10:30:00,11:26:00,4,15.0,3.75,
2142,121,2023-01-08,09:00:00,10:43:00,10,15.0,1.5,
2143,4,2023-01-08,13:45:00,15:42:00,2,15.0,3.75,
2144,126,2023-01-08,13:00:00,14:33:00,7,15.0,1.5,
2145,121,2023-01-08,10:15:00,11:05:00,13,15.0,1.5,
2146,201,2023-01-08,14:15:00,15:14:00,7,15.0,1.5,
2147,2,2023-01-08,15:00:00,16:46:00,14,15.0,6.0,
2148,4,2023-01-08,16:45:00,18:17:00,4,15.0,3.75,
2149,233,2023-01-08,12:45:00,13:34:00,3,15.0,3.75,
2150,201,2023-01-08,13:00:00,15:09:00,1,15.0,1.5,
2151,103,2023-01-08,13:30:00,15:12:00,7,15.0,1.5,
2152,9,2023-01-08,09:45:00,11:53:00,1,15.0,1.5,
2153,9,2023-01-08,11:30:00,12:25:00,5,15.0,1.5,
2154,214,2023-01-08,15:15:00,17:44:00,3,15.0,0.0,
2155,243,2023-01-09,13:45:00,15:36:00,13,15.0,0.0,
2156,5,2023-01-09,16:00:00,18:11:00,14,15.0,3.75,
2157,52,2023-01-09,11:15:00,13:41:00,14,15.0,1.5,
2158,2,2023-01-09,14:15:00,16:31:00,4,15.0,6.0,
2159,67,2023-01-09,13:45:00,15:10:00,11,15.0,3.75,
2160,4,2023-01-09,14:15:00,16:02:00,4,15.0,3.75,
2161,237,2023-01-09,13:45:00,15:33:00,13,15.0,3.75,
2162,2,2023-01-10,10:45:00,12:11:00,3,15.0,6.0,
2163,3,2023-01-10,09:15:00,10:41:00,10,15.0,3.75,
2164,63,2023-01-10,09:00:00,10:53:00,1,15.0,1.5,
2165,3,2023-01-10,14:30:00,15:40:00,3,15.0,3.75,
2166,121,2023-01-10,09:30:00,10:43:00,12,15.0,1.5,
2167,8,2023-01-10,11:00:00,13:00:00,2,15.0,1.5,
2168,35,2023-01-10,11:00:00,11:58:00,4,15.0,0.0,
2169,128,2023-01-11,09:45:00,10:47:00,2,15.0,1.5,
2170,231,2023-01-11,10:15:00,11:33:00,2,15.0,1.5,
2171,3,2023-01-11,13:15:00,15:38:00,13,15.0,3.75,
2172,10,2023-01-11,14:45:00,15:45:00,12,15.0,1.5,
2173,239,2023-01-11,12:45:00,14:27:00,4,15.0,0.0,
2174,232,2023-01-11,10:45:00,11:52:00,13,15.0,3.75,
2175,171,2023-01-12,14:45:00,16:35:00,6,15.0,0.0,
2176,201,2023-01-12,14:30:00,15:37:00,4,15.0,1.5,
2177,6,2023-01-12,10:15:00,11:30:00,7,15.0,1.5,
2178,4,2023-01-12,09:15:00,10:19:00,14,15.0,3.75,
2179,237,2023-01-12,15:30:00,17:25:00,12,15.0,3.75,
2180,237,2023-01-12,11:30:00,12:37:00,11,15.0,3.75,
2181,2,2023-01-12,13:00:00,13:51:00,4,15.0,6.0,
2182,39,2023-01-12,13:45:00,15:15:00,10,15.0,1.5,
2183,165,2023-01-13,16:15:00,17:05:00,11,15.0,6.0,
2184,165,2023-01-13,09:00:00,09:50:00,12,15.0,6.0,
2185,206,2023-01-13,13:30:00,15:05:00,13,15.0,0.0,
2186,103,2023-01-13,15:30:00,16:15:00,14,15.0,1.5,
2187,179,2023-01-14,10:00:00,12:28:00,4,15.0,3.75,
2188,67,2023-01-14,13:45:00,14:56:00,1,15.0,3.75,
2189,52,2023-01-14,15:30:00,16:27:00,7,15.0,1.5,
2190,179,2023-01-14,14:00:00,15:36:00,7,15.0,3.75,
2191,3,2023-01-14,11:00:00,12:12:00,12,15.0,3.75,
2192,2,2023-01-14,13:45:00,15:35:00,2,15.0,6.0,
2193,79,2023-01-14,15:00:00,17:04:00,1,15.0,0.0,
2194,2,2023-01-14,14:00:00,15:24:00,12,15.0,6.0,
2195,186,2023-01-14,12:15:00,14:07:00,3,15.0,1.5,
2196,2,2023-01-14,16:15:00,17:56:00,4,15.0,6.0,
2197,73,2023-01-14,15:00:00,16:13:00,2,15.0,3.75,
2198,63,2023-01-14,15:00:00,16:49:00,5,15.0,1.5,
2199,8,2023-01-15,15:15:00,17:29:00,10,15.0,1.5,
2200,98,2023-01-15,11:00:00,13:23:00,7,15.0,3.75,
2201,73,2023-01-15,13:00:00,14:17:00,10,15.0,3.75,
2202,5,2023-01-15,10:30:00,12:46:00,1,15.0,3.75,
2203,1,2023-01-15,14:45:00,16:02:00,11,15.0,6.0,
2204,5,2023-01-15,11:15:00,13:40:00,12,15.0,3.75,
2205,2,2023-01-15,13:45:00,16:14:00,13,15.0,6.0,
2206,68,2023-01-15,16:45:00,18:15:00,10,15.0,0.0,
2207,179,2023-01-15,16:15:00,17:33:00,7,15.0,3.75,
2208,196,2023-01-15,11:15:00,13:20:00,5,15.0,1.5,
2209,2,2023-01-15,13:45:00,14:58:00,1,15.0,6.0,
2210,3,2023-01-15,16:45:00,19:11:00,11,15.0,3.75,
2211,9,2023-01-15,13:15:00,15:36:00,5,15.0,1.5,
2212,213,2023-01-16,09:00:00,11:03:00,7,15.0,1.5,
2213,3,2023-01-16,15:00:00,16:56:00,13,15.0,3.75,
2214,4,2023-01-16,10:15:00,11:11:00,12,15.0,3.75,
2215,5,2023-01-16,10:15:00,11:34:00,3,15.0,3.75,
2216,8,2023-01-16,16:00:00,17:44:00,2,15.0,1.5,
2217,196,2023-01-16,14:15:00,15:45:00,12,15.0,1.5,
2218,197,2023-01-17,10:00:00,11:54:00,12,15.0,1.5,
2219,3,2023-01-17,13:45:00,14:47:00,5,15.0,3.75,
2220,2,2023-01-17,10:45:00,11:33:00,6,15.0,6.0,
2221,1,2023-01-17,15:30:00,17:56:00,2,15.0,6.0,
2222,1,2023-01-17,14:15:00,15:06:00,11,15.0,6.0,
2223,8,2023-01-17,16:30:00,17:34:00,14,15.0,1.5,
2224,149,2023-01-17,13:30:00,15:23:00,10,15.0,1.5,
2225,8,2023-01-17,16:00:00,18:24:00,2,15.0,1.5,
2226,165,2023-01-17,15:15:00,16:01:00,4,15.0,6.0,
2227,237,2023-01-17,12:15:00,14:03:00,12,15.0,3.75,
2228,14,2023-01-17,09:00:00,10:41:00,12,15.0,0.0,
2229,233,2023-01-17,13:00:00,14:45:00,2,15.0,3.75,
2230,2,2023-01-18,15:00:00,17:29:00,2,15.0,6.0,
2231,128,2023-01-18,16:45:00,17:43:00,3,15.0,1.5,
2232,148,2023-01-18,12:00:00,13:40:00,13,15.0,1.5,
2233,98,2023-01-18,13:30:00,15:27:00,12,15.0,3.75,
2234,237,2023-01-18,09:15:00,11:00:00,6,15.0,3.75,
2235,39,2023-01-18,09:00:00,10:30:00,12,15.0,1.5,
2236,5,2023-01-18,11:00:00,11:59:00,2,15.0,3.75,
2237,8,2023-01-18,15:15:00,16:26:00,3,15.0,1.5,
2238,17,2023-01-19,12:30:00,13:50:00,11,15.0,0.0,
2239,197,2023-01-19,14:15:00,15:22:00,10,15.0,1.5,
2240,103,2023-01-19,09:30:00,11:51:00,6,15.0,1.5,
2241,126,2023-01-19,15:00:00,17:10:00,14,15.0,1.5,
2242,103,2023-01-19,09:15:00,11:17:00,13,15.0,1.5,
2243,232,2023-01-19,10:45:00,13:14:00,14,15.0,3.75,
2244,237,2023-01-19,10:45:00,11:42:00,2,15.0,3.75,
2245,126,2023-01-20,10:30:00,12:34:00,1,15.0,1.5,
2246,191,2023-01-20,12:00:00,13:44:00,5,15.0,0.0,
2247,172,2023-01-20,09:45:00,11:31:00,11,15.0,1.5,
2248,82,2023-01-20,15:15:00,16:45:00,13,15.0,1.5,
2249,5,2023-01-20,14:15:00,15:53:00,1,15.0,3.75,
2250,3,2023-01-20,10:30:00,11:26:00,1,15.0,3.75,
2251,148,2023-01-20,15:15:00,16:04:00,7,15.0,1.5,
2252,165,2023-01-20,09:30:00,11:53:00,6,15.0,6.0,
2253,1,2023-01-20,10:30:00,12:51:00,11,15.0,6.0,
2254,4,2023-01-20,13:45:00,14:33:00,11,15.0,3.75,
2255,97,2023-01-21,15:45:00,16:48:00,11,15.0,1.5,
2256,233,2023-01-21,13:00:00,14:12:00,13,15.0,3.75,
2257,148,2023-01-21,13:00:00,15:09:00,7,15.0,1.5,
2258,191,2023-01-21,16:30:00,18:17:00,2,15.0,0.0,
2259,126,2023-01-21,16:00:00,18:00:00,1,15.0,1.5,
2260,2,2023-01-21,11:30:00,13:46:00,11,15.0,6.0,
2261,15,2023-01-21,15:45:00,17:19:00,3,15.0,0.0,
2262,237,2023-01-21,10:45:00,12:23:00,2,15.0,3.75,
2263,103,2023-01-21,12:15:00,13:08:00,13,15.0,1.5,
2264,2,2023-01-21,12:45:00,15:14:00,5,15.0,6.0,
2265,196,2023-01-22,11:15:00,12:33:00,3,15.0,1.5,
2266,198,2023-01-22,10:45:00,12:27:00,14,15.0,3.75,
2267,73,2023-01-22,11:00:00,11:46:00,7,15.0,3.75,
2268,1,2023-01-22,13:00:00,13:49:00,7,15.0,6.0,
2269,218,2023-01-22,16:45:00,18:11:00,13,15.0,1.5,
2270,218,2023-01-22,15:15:00,16:54:00,10,15.0,1.5,
2271,126,2023-01-22,11:45:00,14:15:00,1,15.0,1.5,
2272,3,2023-01-22,09:00:00,11:07:00,4,15.0,3.75,
2273,232,2023-01-22,12:30:00,14:45:00,3,15.0,3.75,
2274,154,2023-01-22,15:15:00,17:09:00,10,15.0,0.0,
2275,232,2023-01-23,13:15:00,15:22:00,12,15.0,3.75,
2276,218,2023-01-23,14:15:00,16:41:00,4,15.0,1.5,
2277,233,2023-01-23,12:15:00,14:29:00,11,15.0,3.75,
2278,126,2023-01-23,11:45:00,12:31:00,12,15.0,1.5,
2279,196,2023-01-23,10:00:00,10:48:00,13,15.0,1.5,
2280,218,2023-01-23,15:45:00,17:14:00,7,15.0,1.5,
2281,3,2023-01-23,13:30:00,15:17:00,12,15.0,3.75,
2282,17,2023-01-23,14:00:00,15:29:00,4,15.0,0.0,
2283,5,2023-01-23,12:30:00,14:34:00,6,15.0,3.75,
2284,218,2023-01-23,15:30:00,16:16:00,10,15.0,1.5,
2285,67,2023-01-24,15:30:00,16:56:00,5,15.0,3.75,
2286,35,2023-01-24,15:00:00,17:13:00,10,15.0,0.0,
2287,3,2023-01-24,15:45:00,16:51:00,5,15.0,3.75,
2288,172,2023-01-24,11:30:00,12:37:00,1,15.0,1.5,
2289,172,2023-01-24,15:15:00,16:25:00,14,15.0,1.5,
2290,237,2023-01-24,14:00:00,15:25:00,14,15.0,3.75,
2291,165,2023-01-24,15:15:00,16:19:00,12,15.0,6.0,
2292,186,2023-01-24,15:15:00,16:47:00,3,15.0,1.5,
2293,4,2023-01-25,15:30:00,17:36:00,6,15.0,3.75,
2294,198,2023-01-25,10:15:00,12:20:00,3,15.0,3.75,
2295,7,2023-01-25,15:45:00,17:25:00,3,15.0,1.5,
2296,120,2023-01-25,16:00:00,17:15:00,5,15.0,1.5,
2297,172,2023-01-26,14:30:00,15:48:00,13,15.0,1.5,
2298,67,2023-01-26,11:45:00,13:40:00,14,15.0,3.75,
2299,10,2023-01-26,16:15:00,18:01:00,13,15.0,1.5,
2300,73,2023-01-26,14:30:00,15:57:00,12,15.0,3.75,
2301,88,2023-01-26,15:30:00,17:53:00,3,15.0,0.0,
2302,68,2023-01-26,10:30:00,11:54:00,11,15.0,0.0,
2303,47,2023-01-27,14:45:00,15:42:00,12,15.0,1.5,
2304,98,2023-01-27,15:15:00,16:31:00,3,15.0,3.75,
2305,11,2023-01-27,16:45:00,18:46:00,14,15.0,0.0,
2306,4,2023-01-27,10:15:00,12:22:00,13,15.0,3.75,
2307,186,2023-01-27,12:30:00,14:17:00,10,15.0,1.5,
2308,3,2023-01-28,09:30:00,10:52:00,3,15.0,3.75,
2309,232,2023-01-28,16:15:00,17:42:00,5,15.0,3.75,
2310,11,2023-01-28,14:45:00,17:04:00,3,15.0,0.0,
2311,248,2023-01-28,11:00:00,13:18:00,13,15.0,0.0,
2312,233,2023-01-28,13:00:00,14:38:00,5,15.0,3.75,
2313,243,2023-01-28,09:45:00,10:36:00,1,15.0,0.0,
2314,73,2023-01-28,09:45:00,12:07:00,14,15.0,3.75,
2315,4,2023-01-28,16:30:00,18:02:00,3,15.0,3.75,
2316,52,2023-01-28,12:30:00,14:58:00,2,15.0,1.5,
2317,98,2023-01-28,12:45:00,13:46:00,10,15.0,3.75,
2318,116,2023-01-28,11:15:00,12:49:00,3,15.0,0.0,
2319,196,2023-01-28,16:15:00,17:17:00,3,15.0,1.5,
2320,156,2023-01-28,12:00:00,14:15:00,2,15.0,0.0,
2321,10,2023-01-28,10:00:00,12:25:00,4,15.0,1.5,
2322,218,2023-01-28,11:00:00,13:21:00,11,15.0,1.5,
2323,82,2023-01-28,15:30:00,16:36:00,14,15.0,1.5,
2324,186,2023-01-28,12:15:00,14:43:00,11,15.0,1.5,
2325,232,2023-01-28,10:45:00,12:50:00,11,15.0,3.75,
2326,15,2023-01-29,14:45:00,16:36:00,3,15.0,0.0,
2327,39,2023-01-29,12:00:00,13:15:00,6,15.0,1.5,
2328,154,2023-01-29,13:15:00,14:26:00,7,15.0,0.0,
2329,237,2023-01-29,13:45:00,15:12:00,10,15.0,3.75,
2330,3,2023-01-29,11:00:00,12:40:00,2,15.0,3.75,
2331,3,2023-01-29,14:00:00,15:17:00,10,15.0,3.75,
2332,82,2023-01-29,09:45:00,11:38:00,7,15.0,1.5,
2333,3,2023-01-29,09:45:00,11:04:00,1,15.0,3.75,
2334,2,2023-01-29,14:45:00,16:15:00,6,15.0,6.0,
2335,73,2023-01-29,12:00:00,14:25:00,4,15.0,3.75,
2336,1,2023-01-29,10:15:00,11:14:00,5,15.0,6.0,
2337,126,2023-01-29,10:45:00,12:14:00,7,15.0,1.5,
2338,3,2023-01-29,10:45:00,11:57:00,1,15.0,3.75,
2339,126,2023-01-29,16:15:00,18:37:00,4,15.0,1.5,
2340,82,2023-01-29,11:15:00,13:20:00,4,15.0,1.5,
2341,237,2023-01-30,14:00:00,15:48:00,10,15.0,3.75,
2342,52,2023-01-30,16:15:00,18:16:00,10,15.0,1.5,
2343,47,2023-01-30,14:30:00,16:00:00,12,15.0,1.5,
2344,7,2023-01-30,10:00:00,11:58:00,10,15.0,1.5,
2345,73,2023-01-30,14:00:00,15:05:00,11,15.0,3.75,
2346,2,2023-01-30,15:30:00,17:07:00,3,15.0,6.0,
2347,2,2023-01-30,14:15:00,15:18:00,10,15.0,6.0,
2348,5,2023-01-30,15:45:00,18:15:00,3,15.0,3.75,
2349,149,2023-01-30,14:00:00,15:09:00,6,15.0,1.5,
2350,1,2023-01-31,15:30:00,16:52:00,11,15.0,6.0,
2351,8,2023-01-31,09:45:00,11:29:00,14,15.0,1.5,
2352,248,2023-01-31,09:00:00,10:07:00,10,15.0,0.0,
2353,8,2023-01-31,14:30:00,15:20:00,2,15.0,1.5,
2354,98,2023-01-31,09:30:00,11:34:00,12,15.0,3.75,
2355,4,2023-01-31,12:30:00,14:49:00,7,15.0,3.75,
2356,1,2023-01-31,16:15:00,17:38:00,6,15.0,6.0,
2357,11,2023-01-31,13:15:00,14:39:00,4,15.0,0.0,
2358,98,2023-02-01,12:00:00,13:30:00,11,15.0,3.75,
2359,233,2023-02-01,16:00:00,17:56:00,11,15.0,3.75,
2360,3,2023-02-01,10:45:00,12:36:00,10,15.0,3.75,
2361,73,2023-02-01,09:30:00,11:05:00,4,15.0,3.75,
2362,156,2023-02-01,13:30:00,15:51:00,14,15.0,0.0,
2363,9,2023-02-01,10:30:00,12:00:00,5,15.0,1.5,
2364,1,2023-02-01,10:45:00,12:39:00,11,15.0,6.0,
2365,160,2023-02-01,13:00:00,13:49:00,12,15.0,3.75,
2366,98,2023-02-01,16:30:00,17:51:00,6,15.0,3.75,
2367,68,2023-02-01,16:00:00,18:20:00,3,15.0,0.0,
2368,2,2023-02-01,12:45:00,13:31:00,5,15.0,6.0,
2369,10,2023-02-02,16:45:00,18:33:00,2,15.0,1.5,
2370,98,2023-02-02,14:15:00,16:36:00,2,15.0,3.75,
2371,198,2023-02-02,16:30:00,18:25:00,14,15.0,3.75,
2372,165,2023-02-02,10:30:00,12:03:00,11,15.0,6.0,
2373,154,2023-02-02,14:15:00,15:36:00,14,15.0,0.0,
2374,82,2023-02-02,11:00:00,13:04:00,13,15.0,1.5,
2375,179,2023-02-02,09:15:00,10:23:00,12,15.0,3.75,
2376,2,2023-02-02,13:15:00,14:53:00,3,15.0,6.0,
2377,233,2023-02-02,14:15:00,15:02:00,14,15.0,3.75,
2378,71,2023-02-02,12:45:00,14:00:00,10,15.0,1.5,
2379,237,2023-02-02,11:45:00,12:43:00,10,15.0,3.75,
2380,179,2023-02-02,15:30:00,17:33:00,12,15.0,3.75,
2381,35,2023-02-02,11:00:00,13:26:00,3,15.0,0.0,
2382,47,2023-02-02,10:15:00,11:29:00,1,15.0,1.5,
2383,165,2023-02-02,16:15:00,18:39:00,1,15.0,6.0,
2384,148,2023-02-02,16:45:00,18:08:00,11,15.0,1.5,
2385,73,2023-02-02,16:45:00,18:58:00,12,15.0,3.75,
2386,214,2023-02-02,14:15:00,16:29:00,11,15.0,0.0,
2387,7,2023-02-03,09:30:00,11:09:00,7,15.0,1.5,
2388,98,2023-02-03,14:15:00,16:44:00,5,15.0,3.75,
2389,1,2023-02-03,12:00:00,13:57:00,7,15.0,6.0,
2390,4,2023-02-03,14:45:00,16:29:00,11,15.0,3.75,
2391,3,2023-02-03,12:00:00,14:19:00,12,15.0,3.75,
2392,97,2023-02-03,11:45:00,12:32:00,1,15.0,1.5,
2393,2,2023-02-03,16:30:00,18:17:00,5,15.0,6.0,
2394,5,2023-02-03,11:45:00,12:37:00,2,15.0,3.75,
2395,179,2023-02-03,15:45:00,17:27:00,2,15.0,3.75,
2396,68,2023-02-03,11:15:00,12:30:00,11,15.0,0.0,
2397,172,2023-02-03,14:00:00,16:30:00,5,15.0,1.5,
2398,35,2023-02-03,12:15:00,13:33:00,14,15.0,0.0,
2399,73,2023-02-03,15:45:00,17:50:00,6,15.0,3.75,
2400,206,2023-02-04,15:30:00,17:32:00,12,15.0,0.0,
2401,3,2023-02-04,09:15:00,11:37:00,11,15.0,3.75,
2402,231,2023-02-04,11:30:00,12:51:00,10,15.0,1.5,
2403,63,2023-02-04,10:15:00,12:42:00,11,15.0,1.5,
2404,197,2023-02-04,12:45:00,14:31:00,2,15.0,1.5,
2405,103,2023-02-04,10:15:00,11:20:00,4,15.0,1.5,
2406,121,2023-02-04,11:30:00,12:56:00,2,15.0,1.5,
2407,165,2023-02-04,11:15:00,13:06:00,6,15.0,6.0,
2408,103,2023-02-04,12:00:00,14:23:00,10,15.0,1.5,
2409,7,2023-02-04,14:00:00,15:26:00,1,15.0,1.5,
2410,198,2023-02-04,13:15:00,15:13:00,4,15.0,3.75,
2411,232,2023-02-04,13:30:00,14:18:00,5,15.0,3.75,
2412,186,2023-02-04,15:45:00,16:33:00,12,15.0,1.5,
2413,160,2023-02-04,15:15:00,16:07:00,4,15.0,3.75,
2414,14,2023-02-04,14:45:00,16:24:00,4,15.0,0.0,
2415,98,2023-02-05,10:15:00,12:17:00,3,15.0,3.75,
2416,98,2023-02-05,11:45:00,13:23:00,14,15.0,3.75,
2417,126,2023-02-05,14:45:00,16:54:00,2,15.0,1.5,
2418,2,2023-02-05,10:45:00,11:33:00,3,15.0,6.0,
2419,5,2023-02-05,10:15:00,12:41:00,5,15.0,3.75,
2420,232,2023-02-05,09:45:00,11:10:00,12,15.0,3.75,
2421,52,2023-02-05,12:45:00,13:43:00,7,15.0,1.5,
2422,5,2023-02-05,15:15:00,16:06:00,13,15.0,3.75,
2423,165,2023-02-05,14:00:00,15:16:00,12,15.0,6.0,
2424,2,2023-02-05,15:45:00,17:14:00,10,15.0,6.0,
2425,160,2023-02-05,13:30:00,14:35:00,1,15.0,3.75,
2426,237,2023-02-06,15:00:00,16:09:00,13,15.0,3.75,
2427,236,2023-02-06,16:30:00,18:49:00,14,15.0,1.5,
2428,237,2023-02-06,16:30:00,18:25:00,1,15.0,3.75,
2429,243,2023-02-06,13:30:00,16:00:00,14,15.0,0.0,
2430,179,2023-02-06,16:00:00,17:40:00,4,15.0,3.75,
2431,10,2023-02-06,15:30:00,17:37:00,7,15.0,1.5,
2432,165,2023-02-06,16:00:00,16:57:00,4,15.0,6.0,
2433,165,2023-02-06,14:30:00,16:50:00,3,15.0,6.0,
2434,8,2023-02-06,09:30:00,10:16:00,10,15.0,1.5,
2435,101,2023-02-06,09:30:00,10:42:00,2,15.0,0.0,
2436,196,2023-02-07,10:45:00,11:31:00,11,15.0,1.5,
2437,165,2023-02-07,12:45:00,15:07:00,5,15.0,6.0,
2438,2,2023-02-07,14:15:00,16:23:00,4,15.0,6.0,
2439,3,2023-02-07,09:00:00,11:28:00,14,15.0,3.75,
2440,8,2023-02-07,16:00:00,16:46:00,5,15.0,1.5,
2441,35,2023-02-07,09:45:00,11:51:00,13,15.0,0.0,
2442,232,2023-02-07,09:30:00,11:59:00,7,15.0,3.75,
2443,172,2023-02-07,13:30:00,14:56:00,6,15.0,1.5,
2444,35,2023-02-08,15:45:00,17:54:00,2,15.0,0.0,
2445,4,2023-02-08,14:15:00,15:13:00,5,15.0,3.75,
2446,71,2023-02-08,13:45:00,14:35:00,11,15.0,1.5,
2447,39,2023-02-08,09:15:00,10:41:00,6,15.0,1.5,
2448,3,2023-02-08,14:00:00,15:50:00,10,15.0,3.75,
2449,121,2023-02-08,14:15:00,16:22:00,6,15.0,1.5,
2450,47,2023-02-08,09:15:00,10:00:00,6,15.0,1.5,
2451,2,2023-02-08,15:00:00,15:46:00,10,15.0,6.0,
2452,243,2023-02-08,10:30:00,11:50:00,5,15.0,0.0,
2453,234,2023-02-09,12:00:00,13:54:00,6,15.0,0.0,
2454,11,2023-02-09,13:00:00,14:04:00,1,15.0,0.0,
2455,4,2023-02-09,09:00:00,10:31:00,11,15.0,3.75,
2456,8,2023-02-09,16:45:00,17:55:00,10,15.0,1.5,
2457,179,2023-02-09,13:15:00,14:21:00,13,15.0,3.75,
2458,237,2023-02-09,10:15:00,11:02:00,3,15.0,3.75,
2459,73,2023-02-09,11:30:00,13:10:00,6,15.0,3.75,
2460,191,2023-02-09,13:45:00,14:31:00,1,15.0,0.0,
2461,1,2023-02-09,13:15:00,15:18:00,6,15.0,6.0,
2462,2,2023-02-10,13:45:00,15:48:00,7,15.0,6.0,
2463,63,2023-02-10,11:15:00,12:57:00,12,15.0,1.5,
2464,4,2023-02-10,10:30:00,11:20:00,14,15.0,3.75,
2465,47,2023-02-10,14:15:00,15:57:00,14,15.0,1.5,
2466,160,2023-02-10,12:15:00,13:14:00,7,15.0,3.75,
2467,1,2023-02-10,10:00:00,11:54:00,4,15.0,6.0,
2468,103,2023-02-11,13:45:00,15:57:00,12,15.0,1.5,
2469,172,2023-02-11,12:30:00,14:35:00,12,15.0,1.5,
2470,179,2023-02-11,14:15:00,16:04:00,14,15.0,3.75,
2471,143,2023-02-11,11:45:00,13:36:00,12,15.0,3.75,
2472,18,2023-02-11,15:30:00,17:08:00,14,15.0,0.0,
2473,3,2023-02-11,09:00:00,09:45:00,6,15.0,3.75,
2474,10,2023-02-11,14:00:00,15:16:00,2,15.0,1.5,
2475,1,2023-02-11,09:45:00,10:35:00,2,15.0,6.0,
2476,149,2023-02-11,15:45:00,18:14:00,4,15.0,1.5,
2477,103,2023-02-11,10:00:00,11:47:00,1,15.0,1.5,
2478,73,2023-02-11,09:45:00,11:28:00,3,15.0,3.75,
2479,31,2023-02-11,09:30:00,10:35:00,6,15.0,1.5,
2480,43,2023-02-11,15:30:00,16:43:00,2,15.0,3.75,
2481,120,2023-02-12,16:30:00,18:48:00,1,15.0,1.5,
2482,200,2023-02-12,09:15:00,10:13:00,13,15.0,0.0,
2483,71,2023-02-12,15:30:00,17:03:00,6,15.0,1.5,
2484,194,2023-02-12,09:45:00,10:49:00,6,15.0,1.5,
2485,10,2023-02-12,15:30:00,17:20:00,12,15.0,1.5,
2486,5,2023-02-12,13:45:00,15:22:00,12,15.0,3.75,
2487,237,2023-02-12,15:00:00,16:02:00,3,15.0,3.75,
2488,143,2023-02-12,11:45:00,14:14:00,6,15.0,3.75,
2489,1,2023-02-12,15:00:00,15:47:00,13,15.0,6.0,
2490,9,2023-02-12,12:45:00,14:40:00,10,15.0,1.5,
2491,236,2023-02-12,12:30:00,14:42:00,6,15.0,1.5,
2492,165,2023-02-12,16:30:00,18:51:00,11,15.0,6.0,
2493,237,2023-02-12,10:15:00,11:58:00,10,15.0,3.75,
2494,165,2023-02-13,14:30:00,16:20:00,4,15.0,6.0,
2495,213,2023-02-13,12:00:00,14:20:00,5,15.0,1.5,
2496,10,2023-02-13,10:30:00,11:42:00,14,15.0,1.5,
2497,47,2023-02-13,15:15:00,16:17:00,2,15.0,1.5,
2498,98,2023-02-13,16:15:00,18:33:00,3,15.0,3.75,
2499,161,2023-02-13,13:45:00,15:36:00,3,15.0,0.0,
2500,223,2023-02-13,15:30:00,17:02:00,7,15.0,1.5,
2501,232,2023-02-13,16:15:00,18:01:00,2,15.0,3.75,
2502,103,2023-02-13,13:00:00,14:36:00,10,15.0,1.5,
2503,13,2023-02-14,13:45:00,15:33:00,14,15.0,0.0,
2504,160,2023-02-14,11:15:00,12:20:00,12,15.0,3.75,
2505,4,2023-02-14,10:15:00,11:35:00,11,15.0,3.75,
2506,208,2023-02-14,16:00:00,17:09:00,2,15.0,0.0,
2507,198,2023-02-14,12:00:00,13:00:00,14,15.0,3.75,
2508,120,2023-02-14,14:15:00,15:17:00,10,15.0,1.5,
2509,165,2023-02-14,13:00:00,15:27:00,7,15.0,6.0,
2510,82,2023-02-14,13:00:00,15:29:00,6,15.0,1.5,
2511,179,2023-02-14,14:00:00,15:20:00,5,15.0,3.75,
2512,160,2023-02-14,14:15:00,16:04:00,5,15.0,3.75,
2513,196,2023-02-14,14:15:00,15:59:00,6,15.0,1.5,
2514,71,2023-02-14,09:45:00,11:56:00,3,15.0,1.5,
2515,15,2023-02-14,11:15:00,13:13:00,3,15.0,0.0,
2516,56,2023-02-15,12:30:00,14:12:00,7,15.0,3.75,
2517,98,2023-02-15,15:00:00,16:47:00,13,15.0,3.75,
2518,73,2023-02-15,15:30:00,16:34:00,2,15.0,3.75,
2519,63,2023-02-15,12:30:00,14:15:00,1,15.0,1.5,
2520,179,2023-02-15,09:30:00,10:49:00,12,15.0,3.75,
2521,5,2023-02-16,16:15:00,18:14:00,14,15.0,3.75,
2522,148,2023-02-16,16:30:00,18:12:00,1,15.0,1.5,
2523,121,2023-02-16,09:45:00,11:28:00,6,15.0,1.5,
2524,103,2023-02-16,16:00:00,18:29:00,6,15.0,1.5,
2525,172,2023-02-16,15:15:00,16:44:00,13,15.0,1.5,
2526,198,2023-02-16,16:15:00,17:26:00,14,15.0,3.75,
2527,237,2023-02-16,10:15:00,12:34:00,11,15.0,3.75,
2528,3,2023-02-16,14:45:00,15:47:00,3,15.0,3.75,
2529,1,2023-02-16,16:45:00,18:08:00,11,15.0,6.0,
2530,13,2023-02-16,15:45:00,17:26:00,13,15.0,0.0,
2531,3,2023-02-16,16:45:00,18:36:00,7,15.0,3.75,
2532,165,2023-02-17,13:45:00,16:02:00,14,15.0,6.0,
2533,103,2023-02-17,15:00:00,16:37:00,10,15.0,1.5,
2534,186,2023-02-17,14:30:00,15:22:00,4,15.0,1.5,
2535,82,2023-02-17,12:45:00,13:32:00,2,15.0,1.5,
2536,179,2023-02-17,12:00:00,13:46:00,12,15.0,3.75,
2537,3,2023-02-17,10:00:00,10:57:00,6,15.0,3.75,
2538,2,2023-02-17,13:15:00,14:16:00,11,15.0,6.0,
2539,128,2023-02-17,11:30:00,13:48:00,11,15.0,1.5,
2540,11,2023-02-17,12:00:00,13:50:00,14,15.0,0.0,
2541,165,2023-02-17,13:30:00,15:52:00,14,15.0,6.0,
2542,71,2023-02-18,09:00:00,11:22:00,2,15.0,1.5,
2543,7,2023-02-18,11:15:00,12:29:00,10,15.0,1.5,
2544,2,2023-02-18,15:30:00,18:00:00,10,15.0,6.0,
2545,4,2023-02-18,15:00:00,16:50:00,4,15.0,3.75,
2546,179,2023-02-18,11:45:00,13:42:00,12,15.0,3.75,
2547,13,2023-02-18,14:00:00,16:15:00,12,15.0,0.0,
2548,126,2023-02-18,09:45:00,10:33:00,10,15.0,1.5,
2549,8,2023-02-18,11:00:00,13:19:00,2,15.0,1.5,
2550,73,2023-02-18,11:45:00,13:23:00,12,15.0,3.75,
2551,52,2023-02-18,09:00:00,11:27:00,4,15.0,1.5,
2552,237,2023-02-18,13:45:00,15:08:00,2,15.0,3.75,
2553,233,2023-02-18,09:15:00,10:26:00,12,15.0,3.75,
2554,14,2023-02-18,13:15:00,14:50:00,10,15.0,0.0,
2555,73,2023-02-18,13:15:00,14:01:00,1,15.0,3.75,
2556,43,2023-02-19,15:30:00,17:17:00,4,15.0,3.75,
2557,243,2023-02-19,11:00:00,13:23:00,1,15.0,0.0,
2558,3,2023-02-19,13:45:00,14:36:00,4,15.0,3.75,
2559,25,2023-02-19,13:00:00,15:09:00,13,15.0,1.5,
2560,204,2023-02-19,15:15:00,17:34:00,10,15.0,0.0,
2561,120,2023-02-19,14:15:00,15:54:00,2,15.0,1.5,
2562,120,2023-02-19,13:45:00,14:37:00,1,15.0,1.5,
2563,31,2023-02-19,14:30:00,15:51:00,4,15.0,1.5,
2564,196,2023-02-19,14:45:00,17:12:00,13,15.0,1.5,
2565,160,2023-02-19,13:45:00,15:32:00,7,15.0,3.75,
2566,78,2023-02-19,11:45:00,13:02:00,5,15.0,0.0,
2567,126,2023-02-19,12:15:00,13:19:00,11,15.0,1.5,
2568,2,2023-02-19,13:15:00,14:48:00,1,15.0,6.0,
2569,5,2023-02-19,11:45:00,12:51:00,3,15.0,3.75,
2570,160,2023-02-19,12:45:00,13:50:00,11,15.0,3.75,
2571,165,2023-02-19,11:30:00,13:33:00,6,15.0,6.0,
2572,165,2023-02-20,09:15:00,10:38:00,4,15.0,6.0,
2573,165,2023-02-20,12:45:00,14:19:00,5,15.0,6.0,
2574,2,2023-02-20,12:00:00,13:42:00,6,15.0,6.0,
2575,121,2023-02-20,15:15:00,16:32:00,11,15.0,1.5,
2576,223,2023-02-20,15:15:00,17:02:00,12,15.0,1.5,
2577,196,2023-02-20,12:45:00,15:00:00,5,15.0,1.5,
2578,197,2023-02-20,10:15:00,11:19:00,1,15.0,1.5,
2579,148,2023-02-20,11:00:00,12:01:00,1,15.0,1.5,
2580,128,2023-02-21,15:45:00,16:47:00,14,15.0,1.5,
2581,4,2023-02-21,13:15:00,14:44:00,14,15.0,3.75,
2582,234,2023-02-21,12:30:00,14:05:00,14,15.0,0.0,
2583,56,2023-02-21,11:15:00,13:44:00,11,15.0,3.75,
2584,248,2023-02-21,10:30:00,11:58:00,14,15.0,0.0,
2585,231,2023-02-21,12:00:00,13:25:00,6,15.0,1.5,
2586,152,2023-02-21,11:00:00,12:11:00,7,15.0,3.75,
2587,97,2023-02-22,12:45:00,15:14:00,12,15.0,1.5,
2588,143,2023-02-22,15:45:00,17:18:00,13,15.0,3.75,
2589,160,2023-02-22,10:30:00,12:02:00,13,15.0,3.75,
2590,73,2023-02-22,10:45:00,11:48:00,1,15.0,3.75,
2591,52,2023-02-22,11:45:00,14:15:00,4,15.0,1.5,
2592,232,2023-02-22,15:30:00,16:32:00,5,15.0,3.75,
2593,198,2023-02-22,12:15:00,14:44:00,7,15.0,3.75,
2594,208,2023-02-23,10:15:00,11:25:00,10,15.0,0.0,
2595,186,2023-02-23,10:30:00,11:53:00,14,15.0,1.5,
2596,240,2023-02-23,16:45:00,18:37:00,4,15.0,6.0,
2597,71,2023-02-23,15:45:00,17:48:00,10,15.0,1.5,
2598,2,2023-02-23,12:45:00,14:38:00,13,15.0,6.0,
2599,15,2023-02-23,10:00:00,11:56:00,5,15.0,0.0,
2600,63,2023-02-23,12:30:00,14:15:00,10,15.0,1.5,
2601,231,2023-02-23,16:00:00,17:47:00,10,15.0,1.5,
2602,1,2023-02-23,14:15:00,16:13:00,1,15.0,6.0,
2603,165,2023-02-23,12:30:00,14:09:00,11,15.0,6.0,
2604,200,2023-02-24,12:30:00,13:58:00,12,15.0,0.0,
2605,98,2023-02-24,15:45:00,18:06:00,11,15.0,3.75,
2606,236,2023-02-24,15:45:00,17:21:00,2,15.0,1.5,
2607,4,2023-02-24,16:45:00,18:05:00,5,15.0,3.75,
2608,204,2023-02-24,13:30:00,14:19:00,13,15.0,0.0,
2609,4,2023-02-24,10:15:00,12:27:00,1,15.0,3.75,
2610,10,2023-02-24,09:45:00,10:35:00,6,15.0,1.5,
2611,73,2023-02-24,11:15:00,13:33:00,12,15.0,3.75,
2612,143,2023-02-24,16:15:00,18:14:00,6,15.0,3.75,
2613,240,2023-02-24,12:00:00,13:23:00,14,15.0,6.0,
2614,82,2023-02-24,16:30:00,17:39:00,5,15.0,1.5,
2615,165,2023-02-25,09:30:00,11:42:00,13,15.0,6.0,
2616,121,2023-02-25,13:00:00,15:07:00,3,15.0,1.5,
2617,7,2023-02-25,14:45:00,16:13:00,5,15.0,1.5,
2618,5,2023-02-25,16:00:00,16:52:00,11,15.0,3.75,
2619,98,2023-02-25,12:15:00,13:29:00,11,15.0,3.75,
2620,2,2023-02-25,13:15:00,14:36:00,6,15.0,6.0,
2621,74,2023-02-25,09:45:00,11:47:00,4,15.0,3.75,
2622,98,2023-02-25,11:30:00,13:39:00,2,15.0,3.75,
2623,2,2023-02-25,10:00:00,10:50:00,14,15.0,6.0,
2624,154,2023-02-25,13:30:00,14:51:00,7,15.0,0.0,
2625,4,2023-02-25,09:45:00,11:21:00,7,15.0,3.75,
2626,1,2023-02-25,11:00:00,13:13:00,5,15.0,6.0,
2627,2,2023-02-25,11:00:00,11:57:00,1,15.0,6.0,
2628,15,2023-02-25,11:00:00,12:36:00,13,15.0,0.0,
2629,120,2023-02-25,16:30:00,17:38:00,11,15.0,1.5,
2630,218,2023-02-25,16:00:00,18:05:00,13,15.0,1.5,
2631,73,2023-02-25,10:30:00,11:48:00,6,15.0,3.75,
2632,196,2023-02-25,15:45:00,17:03:00,12,15.0,1.5,
2633,71,2023-02-25,12:15:00,14:06:00,1,15.0,1.5,
2634,5,2023-02-25,11:30:00,13:01:00,2,15.0,3.75,
2635,172,2023-02-25,14:45:00,16:24:00,11,15.0,1.5,
2636,17,2023-02-25,14:15:00,16:44:00,11,15.0,0.0,
2637,73,2023-02-25,12:00:00,13:44:00,14,15.0,3.75,
2638,39,2023-02-25,11:15:00,13:45:00,6,15.0,1.5,
2639,143,2023-02-26,15:30:00,16:57:00,13,15.0,3.75,
2640,165,2023-02-26,14:15:00,16:26:00,12,15.0,6.0,
2641,73,2023-02-26,10:15:00,11:29:00,14,15.0,3.75,
2642,1,2023-02-26,13:15:00,15:17:00,11,15.0,6.0,
2643,172,2023-02-26,14:15:00,16:25:00,6,15.0,1.5,
2644,1,2023-02-26,14:00:00,16:09:00,13,15.0,6.0,
2645,120,2023-02-26,14:30:00,16:56:00,5,15.0,1.5,
2646,74,2023-02-26,16:30:00,18:06:00,13,15.0,3.75,
2647,67,2023-02-26,10:45:00,11:57:00,10,15.0,3.75,
2648,82,2023-02-26,10:45:00,11:49:00,1,15.0,1.5,
2649,237,2023-02-26,15:15:00,17:45:00,10,15.0,3.75,
2650,125,2023-02-26,10:30:00,11:25:00,1,15.0,0.0,
2651,232,2023-02-26,12:30:00,14:16:00,13,15.0,3.75,
2652,197,2023-02-26,09:15:00,11:02:00,10,15.0,1.5,
2653,39,2023-02-26,11:15:00,12:38:00,11,15.0,1.5,
2654,57,2023-02-26,14:30:00,15:40:00,3,15.0,1.5,
2655,25,2023-02-26,15:30:00,17:11:00,2,15.0,1.5,
2656,74,2023-02-27,10:30:00,12:21:00,11,15.0,3.75,
2657,201,2023-02-27,15:45:00,17:17:00,6,15.0,1.5,
2658,11,2023-02-27,11:00:00,11:47:00,7,15.0,0.0,
2659,67,2023-02-27,13:15:00,14:28:00,13,15.0,3.75,
2660,2,2023-02-27,14:45:00,16:01:00,1,15.0,6.0,
2661,194,2023-02-27,12:30:00,14:58:00,13,15.0,1.5,
2662,17,2023-02-27,11:00:00,12:50:00,11,15.0,0.0,
2663,148,2023-02-27,12:30:00,14:43:00,2,15.0,1.5,
2664,39,2023-02-27,16:30:00,17:40:00,4,15.0,1.5,
2665,25,2023-02-27,12:45:00,14:12:00,13,15.0,1.5,
2666,74,2023-02-28,16:00:00,17:52:00,3,15.0,3.75,
2667,196,2023-02-28,15:15:00,16:02:00,11,15.0,1.5,
2668,7,2023-02-28,11:15:00,13:15:00,12,15.0,1.5,
2669,233,2023-02-28,15:00:00,16:11:00,13,15.0,3.75,
2670,117,2023-02-28,09:30:00,11:58:00,3,15.0,0.0,
2671,5,2023-02-28,16:00:00,16:57:00,11,15.0,3.75,
2672,9,2023-03-01,13:15:00,14:51:00,13,15.0,1.5,
2673,47,2023-03-01,12:00:00,12:48:00,2,15.0,1.5,
2674,31,2023-03-01,10:30:00,11:28:00,6,15.0,1.5,
2675,223,2023-03-01,14:00:00,15:15:00,1,15.0,1.5,
2676,10,2023-03-01,12:00:00,12:56:00,3,15.0,1.5,
2677,47,2023-03-01,10:45:00,13:14:00,6,15.0,1.5,
2678,240,2023-03-01,14:30:00,16:17:00,4,15.0,6.0,
2679,78,2023-03-01,12:45:00,13:42:00,14,15.0,0.0,
2680,172,2023-03-01,12:00:00,13:17:00,11,15.0,1.5,
2681,15,2023-03-01,16:00:00,17:29:00,6,15.0,0.0,
2682,201,2023-03-02,12:15:00,14:18:00,2,15.0,1.5,
2683,204,2023-03-02,10:30:00,13:00:00,10,15.0,0.0,
2684,67,2023-03-02,09:00:00,11:16:00,2,15.0,3.75,
2685,4,2023-03-02,14:00:00,15:36:00,4,15.0,3.75,
2686,194,2023-03-02,11:30:00,13:26:00,11,15.0,1.5,
2687,1,2023-03-02,14:15:00,16:07:00,4,15.0,6.0,
2688,73,2023-03-02,11:30:00,12:49:00,10,15.0,3.75,
2689,233,2023-03-02,10:45:00,13:12:00,13,15.0,3.75,
2690,82,2023-03-02,10:45:00,13:10:00,10,15.0,1.5,
2691,21,2023-03-02,10:45:00,12:54:00,3,15.0,1.5,
2692,75,2023-03-02,12:45:00,13:57:00,3,15.0,1.5,
2693,78,2023-03-03,11:15:00,12:14:00,11,15.0,0.0,
2694,39,2023-03-03,15:15:00,17:24:00,6,15.0,1.5,
2695,120,2023-03-03,16:45:00,17:53:00,2,15.0,1.5,
2696,218,2023-03-03,16:30:00,18:33:00,1,15.0,1.5,
2697,45,2023-03-03,15:30:00,16:35:00,13,15.0,0.0,
2698,98,2023-03-03,09:15:00,11:45:00,7,15.0,3.75,
2699,8,2023-03-03,16:15:00,18:07:00,11,15.0,1.5,
2700,71,2023-03-03,14:15:00,15:07:00,14,15.0,1.5,
2701,179,2023-03-03,13:30:00,15:05:00,2,15.0,3.75,
2702,71,2023-03-03,16:30:00,17:15:00,13,15.0,1.5,
2703,39,2023-03-03,11:15:00,13:14:00,7,15.0,1.5,
2704,88,2023-03-03,10:45:00,11:30:00,1,15.0,0.0,
2705,25,2023-03-04,13:30:00,14:53:00,1,15.0,1.5,
2706,160,2023-03-04,12:00:00,13:54:00,12,15.0,3.75,
2707,165,2023-03-04,15:00:00,17:12:00,7,15.0,6.0,
2708,3,2023-03-04,11:45:00,13:09:00,10,15.0,3.75,
2709,25,2023-03-04,16:45:00,18:05:00,5,15.0,1.5,
2710,2,2023-03-04,11:30:00,13:11:00,11,15.0,6.0,
2711,125,2023-03-04,15:15:00,16:53:00,3,15.0,0.0,
2712,15,2023-03-04,12:15:00,14:34:00,7,15.0,0.0,
2713,240,2023-03-04,14:45:00,16:31:00,6,15.0,6.0,
2714,56,2023-03-04,13:30:00,14:42:00,1,15.0,3.75,
2715,56,2023-03-04,14:00:00,15:11:00,1,15.0,3.75,
2716,200,2023-03-04,12:00:00,13:16:00,6,15.0,0.0,
2717,237,2023-03-04,13:45:00,15:03:00,4,15.0,3.75,
2718,101,2023-03-04,16:15:00,18:24:00,14,15.0,0.0,
2719,4,2023-03-04,09:45:00,11:14:00,4,15.0,3.75,
2720,143,2023-03-05,11:45:00,13:45:00,14,15.0,3.75,
2721,200,2023-03-05,15:45:00,17:27:00,4,15.0,0.0,
2722,8,2023-03-05,12:45:00,15:13:00,14,15.0,1.5,
2723,35,2023-03-05,14:15:00,15:35:00,5,15.0,0.0,
2724,179,2023-03-05,10:00:00,12:26:00,3,15.0,3.75,
2725,161,2023-03-05,15:30:00,17:52:00,11,15.0,0.0,
2726,240,2023-03-05,10:15:00,11:53:00,12,15.0,6.0,
2727,103,2023-03-05,14:15:00,15:59:00,3,15.0,1.5,
2728,116,2023-03-05,09:00:00,11:22:00,3,15.0,0.0,
2729,237,2023-03-05,13:30:00,14:48:00,3,15.0,3.75,
2730,165,2023-03-05,10:15:00,12:03:00,1,15.0,6.0,
2731,2,2023-03-05,13:00:00,14:04:00,5,15.0,6.0,
2732,128,2023-03-05,09:00:00,10:07:00,12,15.0,1.5,
2733,43,2023-03-05,13:15:00,14:20:00,7,15.0,3.75,
2734,98,2023-03-05,11:00:00,12:00:00,13,15.0,3.75,
2735,74,2023-03-06,10:00:00,11:42:00,1,15.0,3.75,
2736,237,2023-03-06,14:30:00,15:53:00,6,15.0,3.75,
2737,10,2023-03-06,16:15:00,18:09:00,5,15.0,1.5,
2738,39,2023-03-06,09:45:00,11:43:00,11,15.0,1.5,
2739,9,2023-03-06,13:00:00,14:33:00,5,15.0,1.5,
2740,25,2023-03-06,10:30:00,12:29:00,2,15.0,1.5,
2741,186,2023-03-06,09:00:00,10:44:00,14,15.0,1.5,
2742,1,2023-03-06,10:00:00,11:22:00,2,15.0,6.0,
2743,74,2023-03-06,16:45:00,18:21:00,7,15.0,3.75,
2744,1,2023-03-06,10:00:00,11:35:00,10,15.0,6.0,
2745,2,2023-03-07,10:00:00,12:10:00,1,15.0,6.0,
2746,10,2023-03-07,13:15:00,15:15:00,11,15.0,1.5,
2747,75,2023-03-07,12:45:00,14:13:00,6,15.0,1.5,
2748,11,2023-03-07,10:15:00,11:18:00,3,15.0,0.0,
2749,10,2023-03-07,09:15:00,10:21:00,5,15.0,1.5,
2750,8,2023-03-07,10:30:00,11:39:00,12,15.0,1.5,
2751,160,2023-03-07,09:45:00,11:41:00,5,15.0,3.75,
2752,152,2023-03-07,16:00:00,18:09:00,11,15.0,3.75,
2753,111,2023-03-07,13:15:00,15:14:00,2,15.0,1.5,
2754,67,2023-03-07,13:15:00,15:00:00,2,15.0,3.75,
2755,172,2023-03-07,09:30:00,11:49:00,5,15.0,1.5,
2756,231,2023-03-08,13:00:00,15:03:00,13,15.0,1.5,
2757,126,2023-03-08,12:00:00,14:15:00,1,15.0,1.5,
2758,18,2023-03-08,14:30:00,15:30:00,7,15.0,0.0,
2759,1,2023-03-08,13:45:00,15:23:00,10,15.0,6.0,
2760,7,2023-03-08,10:00:00,11:32:00,11,15.0,1.5,
2761,172,2023-03-08,12:30:00,13:44:00,5,15.0,1.5,
2762,223,2023-03-08,14:15:00,15:58:00,13,15.0,1.5,
2763,63,2023-03-08,15:15:00,16:44:00,7,15.0,1.5,
2764,98,2023-03-08,16:00:00,17:34:00,7,15.0,3.75,
2765,111,2023-03-08,09:30:00,10:20:00,1,15.0,1.5,
2766,2,2023-03-08,10:30:00,12:31:00,7,15.0,6.0,
2767,198,2023-03-08,15:15:00,17:22:00,1,15.0,3.75,
2768,67,2023-03-08,14:30:00,16:56:00,14,15.0,3.75,
2769,4,2023-03-08,14:30:00,16:47:00,7,15.0,3.75,
2770,67,2023-03-08,12:30:00,14:55:00,4,15.0,3.75,
2771,1,2023-03-08,16:15:00,18:39:00,5,15.0,6.0,
2772,3,2023-03-08,15:15:00,17:01:00,7,15.0,3.75,
2773,74,2023-03-09,12:30:00,13:47:00,6,15.0,3.75,
2774,5,2023-03-09,15:00:00,16:37:00,7,15.0,3.75,
2775,67,2023-03-09,15:00:00,17:08:00,13,15.0,3.75,
2776,232,2023-03-09,09:00:00,10:41:00,10,15.0,3.75,
2777,98,2023-03-09,12:45:00,13:35:00,1,15.0,3.75,
2778,165,2023-03-09,13:15:00,14:13:00,2,15.0,6.0,
2779,7,2023-03-09,09:30:00,11:32:00,14,15.0,1.5,
2780,2,2023-03-09,13:15:00,15:10:00,2,15.0,6.0,
2781,197,2023-03-09,11:30:00,12:58:00,5,15.0,1.5,
2782,98,2023-03-09,16:45:00,18:02:00,5,15.0,3.75,
2783,143,2023-03-10,11:30:00,12:48:00,14,15.0,3.75,
2784,73,2023-03-10,11:30:00,13:35:00,11,15.0,3.75,
2785,14,2023-03-10,14:30:00,15:54:00,5,15.0,0.0,
2786,98,2023-03-10,10:15:00,12:26:00,13,15.0,3.75,
2787,243,2023-03-10,14:30:00,16:51:00,5,15.0,0.0,
2788,88,2023-03-10,15:30:00,17:05:00,6,15.0,0.0,
2789,2,2023-03-10,09:30:00,10:37:00,7,15.0,6.0,
2790,179,2023-03-10,09:15:00,10:42:00,4,15.0,3.75,
2791,47,2023-03-10,13:45:00,14:55:00,14,15.0,1.5,
2792,232,2023-03-10,12:15:00,13:38:00,11,15.0,3.75,
2793,236,2023-03-10,15:00:00,16:23:00,13,15.0,1.5,
2794,148,2023-03-10,16:30:00,17:58:00,6,15.0,1.5,
2795,218,2023-03-10,14:30:00,16:23:00,3,15.0,1.5,
2796,111,2023-03-10,11:45:00,14:02:00,6,15.0,1.5,
2797,43,2023-03-10,11:30:00,12:58:00,11,15.0,3.75,
2798,149,2023-03-11,12:00:00,13:53:00,7,15.0,1.5,
2799,74,2023-03-11,12:30:00,14:06:00,11,15.0,3.75,
2800,67,2023-03-11,10:30:00,12:33:00,3,15.0,3.75,
2801,75,2023-03-11,09:30:00,10:59:00,11,15.0,1.5,
2802,73,2023-03-11,11:45:00,12:30:00,4,15.0,3.75,
2803,231,2023-03-11,11:15:00,13:12:00,7,15.0,1.5,
2804,4,2023-03-11,13:45:00,15:45:00,6,15.0,3.75,
2805,4,2023-03-11,13:30:00,14:23:00,12,15.0,3.75,
2806,4,2023-03-11,11:00:00,13:00:00,10,15.0,3.75,
2807,56,2023-03-11,15:00:00,16:00:00,4,15.0,3.75,
2808,143,2023-03-11,10:15:00,12:42:00,6,15.0,3.75,
2809,73,2023-03-11,12:30:00,14:15:00,4,15.0,3.75,
2810,154,2023-03-11,16:45:00,19:04:00,11,15.0,0.0,
2811,198,2023-03-11,15:30:00,17:47:00,13,15.0,3.75,
2812,35,2023-03-11,12:45:00,14:22:00,13,15.0,0.0,
2813,186,2023-03-11,16:30:00,17:34:00,7,15.0,1.5,
2814,237,2023-03-12,15:00:00,16:35:00,12,15.0,3.75,
2815,98,2023-03-12,16:15:00,18:30:00,1,15.0,3.75,
2816,5,2023-03-12,10:00:00,11:38:00,5,15.0,3.75,
2817,7,2023-03-12,14:00:00,15:14:00,3,15.0,1.5,
2818,3,2023-03-12,12:15:00,13:08:00,13,15.0,3.75,
2819,9,2023-03-12,12:15:00,13:04:00,14,15.0,1.5,
2820,120,2023-03-12,13:00:00,15:27:00,2,15.0,1.5,
2821,52,2023-03-12,14:00:00,15:00:00,3,15.0,1.5,
2822,56,2023-03-12,10:00:00,12:19:00,12,15.0,3.75,
2823,236,2023-03-12,09:15:00,11:28:00,1,15.0,1.5,
2824,121,2023-03-12,14:15:00,15:52:00,4,15.0,1.5,
2825,31,2023-03-12,09:30:00,10:59:00,1,15.0,1.5,
2826,74,2023-03-12,14:30:00,16:02:00,14,15.0,3.75,
2827,143,2023-03-12,10:45:00,11:41:00,13,15.0,3.75,
2828,143,2023-03-12,12:00:00,14:02:00,13,15.0,3.75,
2829,71,2023-03-12,13:45:00,14:55:00,5,15.0,1.5,
2830,223,2023-03-12,15:15:00,17:40:00,11,15.0,1.5,
2831,237,2023-03-12,09:15:00,10:57:00,7,15.0,3.75,
2832,47,2023-03-12,09:15:00,11:42:00,1,15.0,1.5,
2833,39,2023-03-12,10:45:00,12:56:00,13,15.0,1.5,
2834,212,2023-03-12,12:00:00,14:28:00,2,15.0,0.0,
2835,160,2023-03-13,13:15:00,15:31:00,2,15.0,3.75,
2836,92,2023-03-13,11:00:00,12:07:00,11,15.0,0.0,
2837,196,2023-03-13,11:45:00,12:36:00,13,15.0,1.5,
2838,1,2023-03-13,09:15:00,11:06:00,2,15.0,6.0,
2839,179,2023-03-13,12:45:00,14:48:00,6,15.0,3.75,
2840,1,2023-03-14,10:15:00,11:01:00,7,15.0,6.0,
2841,2,2023-03-14,13:45:00,16:10:00,4,15.0,6.0,
2842,186,2023-03-14,10:15:00,11:34:00,13,15.0,1.5,
2843,57,2023-03-14,12:30:00,14:31:00,11,15.0,1.5,
2844,1,2023-03-14,14:00:00,15:28:00,4,15.0,6.0,
2845,5,2023-03-14,15:00:00,16:48:00,14,15.0,3.75,
2846,161,2023-03-14,12:30:00,13:48:00,1,15.0,0.0,
2847,69,2023-03-14,10:45:00,11:33:00,5,15.0,3.75,
2848,126,2023-03-14,15:30:00,17:21:00,14,15.0,1.5,
2849,232,2023-03-15,13:45:00,16:14:00,2,15.0,3.75,
2850,39,2023-03-15,13:00:00,13:51:00,13,15.0,1.5,
2851,223,2023-03-15,14:30:00,16:03:00,7,15.0,1.5,
2852,237,2023-03-15,12:30:00,13:36:00,4,15.0,3.75,
2853,233,2023-03-15,11:30:00,13:35:00,5,15.0,3.75,
2854,71,2023-03-15,11:30:00,13:50:00,14,15.0,1.5,
2855,198,2023-03-15,09:30:00,10:37:00,14,15.0,3.75,
2856,39,2023-03-15,09:45:00,11:15:00,14,15.0,1.5,
2857,63,2023-03-15,11:45:00,14:02:00,13,15.0,1.5,
2858,233,2023-03-15,09:45:00,10:38:00,7,15.0,3.75,
2859,8,2023-03-15,12:45:00,14:59:00,12,15.0,1.5,
2860,47,2023-03-16,15:15:00,16:47:00,11,15.0,1.5,
2861,5,2023-03-16,12:45:00,15:05:00,2,15.0,3.75,
2862,121,2023-03-16,16:00:00,16:47:00,14,15.0,1.5,
2863,5,2023-03-16,14:45:00,16:30:00,14,15.0,3.75,
2864,75,2023-03-16,12:15:00,14:34:00,3,15.0,1.5,
2865,189,2023-03-16,13:45:00,16:13:00,12,15.0,3.75,
2866,143,2023-03-16,10:15:00,11:09:00,5,15.0,3.75,
2867,4,2023-03-17,12:15:00,14:01:00,1,15.0,3.75,
2868,74,2023-03-17,16:30:00,17:59:00,11,15.0,3.75,
2869,186,2023-03-17,14:00:00,15:01:00,7,15.0,1.5,
2870,165,2023-03-17,15:45:00,17:29:00,14,15.0,6.0,
2871,38,2023-03-17,15:15:00,16:09:00,7,15.0,1.5,
2872,8,2023-03-17,12:15:00,14:45:00,13,15.0,1.5,
2873,237,2023-03-17,15:30:00,16:26:00,4,15.0,3.75,
2874,82,2023-03-17,15:15:00,16:03:00,7,15.0,1.5,
2875,186,2023-03-17,11:30:00,12:28:00,7,15.0,1.5,
2876,4,2023-03-17,14:00:00,15:12:00,11,15.0,3.75,
2877,63,2023-03-17,15:00:00,15:54:00,13,15.0,1.5,
2878,143,2023-03-17,09:15:00,10:55:00,2,15.0,3.75,
2879,52,2023-03-18,14:45:00,16:26:00,2,15.0,1.5,
2880,175,2023-03-18,10:00:00,11:53:00,6,15.0,0.0,
2881,1,2023-03-18,11:45:00,13:37:00,5,15.0,6.0,
2882,221,2023-03-18,10:15:00,11:15:00,4,15.0,0.0,
2883,38,2023-03-18,16:00:00,18:05:00,5,15.0,1.5,
2884,69,2023-03-18,13:30:00,14:31:00,3,15.0,3.75,
2885,118,2023-03-18,09:15:00,11:27:00,7,15.0,3.75,
2886,64,2023-03-18,10:45:00,12:45:00,5,15.0,1.5,
2887,194,2023-03-18,10:00:00,10:56:00,13,15.0,1.5,
2888,52,2023-03-18,14:30:00,15:56:00,12,15.0,1.5,
2889,73,2023-03-18,11:45:00,12:36:00,14,15.0,3.75,
2890,143,2023-03-18,11:00:00,13:08:00,1,15.0,3.75,
2891,148,2023-03-18,12:15:00,13:38:00,10,15.0,1.5,
2892,234,2023-03-18,16:15:00,18:16:00,2,15.0,0.0,
2893,248,2023-03-18,15:00:00,16:56:00,14,15.0,0.0,
2894,143,2023-03-18,13:45:00,15:39:00,1,15.0,3.75,
2895,10,2023-03-18,13:15:00,15:17:00,4,15.0,1.5,
2896,4,2023-03-18,15:45:00,17:37:00,13,15.0,3.75,
2897,31,2023-03-18,15:30:00,16:17:00,11,15.0,1.5,
2898,197,2023-03-19,15:15:00,17:26:00,6,15.0,1.5,
2899,172,2023-03-19,12:30:00,13:16:00,13,15.0,1.5,
2900,237,2023-03-19,16:00:00,18:10:00,1,15.0,3.75,
2901,128,2023-03-19,09:00:00,11:20:00,7,15.0,1.5,
2902,240,2023-03-19,14:45:00,16:15:00,10,15.0,6.0,
2903,21,2023-03-19,11:30:00,13:28:00,3,15.0,1.5,
2904,2,2023-03-19,16:30:00,18:43:00,10,15.0,6.0,
2905,4,2023-03-19,12:45:00,15:06:00,12,15.0,3.75,
2906,240,2023-03-19,15:45:00,16:52:00,14,15.0,6.0,
2907,74,2023-03-19,09:30:00,11:28:00,6,15.0,3.75,
2908,69,2023-03-19,13:00:00,14:10:00,2,15.0,3.75,
2909,52,2023-03-20,10:15:00,11:20:00,13,15.0,1.5,
2910,160,2023-03-20,09:45:00,11:38:00,13,15.0,3.75,
2911,73,2023-03-20,13:45:00,14:51:00,4,15.0,3.75,
2912,25,2023-03-20,10:00:00,11:44:00,3,15.0,1.5,
2913,235,2023-03-20,14:15:00,15:34:00,12,15.0,0.0,
2914,179,2023-03-20,10:30:00,12:15:00,6,15.0,3.75,
2915,103,2023-03-20,10:45:00,13:00:00,1,15.0,1.5,
2916,73,2023-03-20,10:00:00,10:54:00,4,15.0,3.75,
2917,56,2023-03-20,16:30:00,17:22:00,2,15.0,3.75,
2918,237,2023-03-20,10:15:00,11:39:00,5,15.0,3.75,
2919,74,2023-03-21,16:30:00,18:09:00,14,15.0,3.75,
2920,39,2023-03-21,16:45:00,18:19:00,2,15.0,1.5,
2921,78,2023-03-21,16:15:00,18:10:00,12,15.0,0.0,
2922,31,2023-03-21,10:00:00,12:19:00,1,15.0,1.5,
2923,2,2023-03-21,09:00:00,10:08:00,4,15.0,6.0,
2924,92,2023-03-21,09:45:00,11:49:00,14,15.0,0.0,
2925,149,2023-03-21,16:45:00,19:04:00,3,15.0,1.5,
2926,3,2023-03-21,16:00:00,18:23:00,2,15.0,3.75,
2927,175,2023-03-21,10:00:00,12:02:00,4,15.0,0.0,
2928,75,2023-03-21,14:15:00,16:38:00,1,15.0,1.5,
2929,189,2023-03-21,13:00:00,15:21:00,13,15.0,3.75,
2930,97,2023-03-21,11:45:00,13:58:00,6,15.0,1.5,
2931,165,2023-03-22,10:15:00,12:08:00,2,15.0,6.0,
2932,111,2023-03-22,16:45:00,17:30:00,13,15.0,1.5,
2933,179,2023-03-22,15:00:00,17:05:00,12,15.0,3.75,
2934,120,2023-03-22,13:15:00,14:12:00,14,15.0,1.5,
2935,52,2023-03-22,09:15:00,10:50:00,2,15.0,1.5,
2936,237,2023-03-22,11:15:00,13:28:00,5,15.0,3.75,
2937,25,2023-03-22,13:15:00,15:20:00,14,15.0,1.5,
2938,2,2023-03-22,11:30:00,13:25:00,13,15.0,6.0,
2939,74,2023-03-22,09:00:00,11:06:00,7,15.0,3.75,
2940,8,2023-03-22,13:30:00,15:36:00,12,15.0,1.5,
2941,74,2023-03-22,09:15:00,11:37:00,5,15.0,3.75,
2942,179,2023-03-23,16:45:00,19:06:00,11,15.0,3.75,
2943,234,2023-03-23,16:30:00,17:47:00,13,15.0,0.0,
2944,1,2023-03-23,13:30:00,14:23:00,2,15.0,6.0,
2945,235,2023-03-23,15:15:00,16:25:00,1,15.0,0.0,
2946,92,2023-03-23,13:15:00,14:17:00,3,15.0,0.0,
2947,2,2023-03-23,09:30:00,11:25:00,3,15.0,6.0,
2948,236,2023-03-23,16:30:00,17:38:00,7,15.0,1.5,
2949,196,2023-03-23,16:00:00,17:28:00,1,15.0,1.5,
2950,201,2023-03-23,14:45:00,16:47:00,12,15.0,1.5,
2951,98,2023-03-23,16:15:00,18:18:00,7,15.0,3.75,
2952,47,2023-03-23,15:30:00,16:25:00,10,15.0,1.5,
2953,121,2023-03-23,12:15:00,14:06:00,3,15.0,1.5,
2954,179,2023-03-23,09:45:00,12:15:00,14,15.0,3.75,
2955,101,2023-03-23,14:30:00,15:57:00,10,15.0,0.0,
2956,1,2023-03-24,09:30:00,10:36:00,10,15.0,6.0,
2957,5,2023-03-24,09:00:00,10:29:00,11,15.0,3.75,
2958,186,2023-03-24,13:45:00,15:19:00,6,15.0,1.5,
2959,223,2023-03-24,16:45:00,17:50:00,11,15.0,1.5,
2960,2,2023-03-24,13:30:00,15:34:00,5,15.0,6.0,
2961,234,2023-03-24,13:15:00,15:02:00,14,15.0,0.0,
2962,73,2023-03-24,13:30:00,15:23:00,2,15.0,3.75,
2963,39,2023-03-24,13:15:00,14:08:00,11,15.0,1.5,
2964,165,2023-03-24,12:15:00,13:47:00,4,15.0,6.0,
2965,125,2023-03-24,10:45:00,11:32:00,2,15.0,0.0,
2966,103,2023-03-24,10:00:00,11:30:00,1,15.0,1.5,
2967,57,2023-03-24,13:30:00,14:51:00,5,15.0,1.5,
2968,7,2023-03-24,12:00:00,13:21:00,5,15.0,1.5,
2969,160,2023-03-24,15:00:00,17:13:00,13,15.0,3.75,
2970,198,2023-03-25,10:45:00,13:10:00,7,15.0,3.75,
2971,75,2023-03-25,16:30:00,17:17:00,12,15.0,1.5,
2972,161,2023-03-25,13:00:00,14:16:00,1,15.0,0.0,
2973,218,2023-03-25,13:30:00,15:00:00,14,15.0,1.5,
2974,152,2023-03-25,16:15:00,18:08:00,7,15.0,3.75,
2975,2,2023-03-25,15:00:00,16:20:00,3,15.0,6.0,
2976,73,2023-03-25,15:30:00,17:05:00,11,15.0,3.75,
2977,189,2023-03-25,09:00:00,09:46:00,6,15.0,3.75,
2978,213,2023-03-25,12:45:00,13:55:00,5,15.0,1.5,
2979,20,2023-03-25,09:45:00,11:11:00,2,15.0,0.0,
2980,143,2023-03-25,10:45:00,11:50:00,11,15.0,3.75,
2981,232,2023-03-25,12:30:00,14:45:00,7,15.0,3.75,
2982,165,2023-03-25,15:00:00,15:48:00,3,15.0,6.0,
2983,237,2023-03-25,09:45:00,11:30:00,12,15.0,3.75,
2984,71,2023-03-25,10:45:00,12:22:00,12,15.0,1.5,
2985,189,2023-03-25,10:45:00,12:08:00,2,15.0,3.75,
2986,128,2023-03-25,15:15:00,16:51:00,7,15.0,1.5,
2987,73,2023-03-25,16:15:00,17:53:00,7,15.0,3.75,
2988,10,2023-03-25,10:30:00,12:10:00,13,15.0,1.5,
2989,1,2023-03-25,14:45:00,15:54:00,14,15.0,6.0,
2990,143,2023-03-25,15:00:00,15:57:00,13,15.0,3.75,
2991,1,2023-03-26,15:45:00,16:57:00,5,15.0,6.0,
2992,17,2023-03-26,11:00:00,12:17:00,13,15.0,0.0,
2993,69,2023-03-26,14:30:00,16:37:00,14,15.0,3.75,
2994,18,2023-03-26,15:45:00,17:41:00,1,15.0,0.0,
2995,172,2023-03-26,10:00:00,12:25:00,10,15.0,1.5,
2996,1,2023-03-26,10:45:00,12:26:00,3,15.0,6.0,
2997,143,2023-03-26,13:45:00,15:21:00,13,15.0,3.75,
2998,3,2023-03-26,12:00:00,14:14:00,1,15.0,3.75,
2999,57,2023-03-26,13:15:00,14:34:00,5,15.0,1.5,
3000,69,2023-03-26,11:15:00,13:01:00,10,15.0,3.75,
3001,69,2023-03-26,13:30:00,14:16:00,11,15.0,3.75,
3002,154,2023-03-26,16:15:00,18:29:00,6,15.0,0.0,
3003,3,2023-03-26,12:45:00,13:37:00,12,15.0,3.75,
3004,143,2023-03-26,09:30:00,11:07:00,13,15.0,3.75,
3005,194,2023-03-26,14:45:00,15:44:00,1,15.0,1.5,
3006,191,2023-03-26,10:00:00,10:46:00,12,15.0,0.0,
3007,9,2023-03-27,11:30:00,13:32:00,11,15.0,1.5,
3008,206,2023-03-27,15:30:00,17:55:00,6,15.0,0.0,
3009,194,2023-03-27,10:45:00,12:01:00,3,15.0,1.5,
3010,161,2023-03-27,11:45:00,14:06:00,4,15.0,0.0,
3011,172,2023-03-27,16:15:00,17:15:00,7,15.0,1.5,
3012,179,2023-03-27,14:45:00,15:46:00,11,15.0,3.75,
3013,2,2023-03-27,10:15:00,12:33:00,5,15.0,6.0,
3014,4,2023-03-27,16:00:00,18:04:00,10,15.0,3.75,
3015,1,2023-03-27,10:30:00,11:26:00,12,15.0,6.0,
3016,52,2023-03-27,09:30:00,11:35:00,1,15.0,1.5,
3017,21,2023-03-27,16:45:00,18:50:00,5,15.0,1.5,
3018,239,2023-03-27,16:30:00,18:51:00,12,15.0,0.0,
3019,69,2023-03-28,10:45:00,12:07:00,4,15.0,3.75,
3020,179,2023-03-28,10:00:00,11:29:00,2,15.0,3.75,
3021,103,2023-03-28,14:45:00,16:53:00,7,15.0,1.5,
3022,125,2023-03-28,10:15:00,11:48:00,1,15.0,0.0,
3023,1,2023-03-28,10:30:00,12:12:00,4,15.0,6.0,
3024,166,2023-03-28,14:00:00,15:14:00,11,15.0,0.0,
3025,152,2023-03-28,14:45:00,16:12:00,3,15.0,3.75,
3026,45,2023-03-28,13:45:00,15:49:00,12,15.0,0.0,
3027,208,2023-03-28,13:15:00,14:38:00,7,15.0,0.0,
3028,171,2023-03-29,16:00:00,17:18:00,1,15.0,0.0,
3029,125,2023-03-29,12:30:00,13:33:00,10,15.0,0.0,
3030,116,2023-03-29,09:15:00,11:30:00,1,15.0,0.0,
3031,97,2023-03-29,15:30:00,16:41:00,2,15.0,1.5,
3032,25,2023-03-29,12:30:00,14:46:00,6,15.0,1.5,
3033,103,2023-03-29,11:45:00,13:22:00,2,15.0,1.5,
3034,179,2023-03-29,14:30:00,15:48:00,12,15.0,3.75,
3035,56,2023-03-29,12:15:00,14:45:00,14,15.0,3.75,
3036,149,2023-03-29,11:15:00,13:19:00,3,15.0,1.5,
3037,198,2023-03-29,16:00:00,18:10:00,4,15.0,3.75,
3038,39,2023-03-30,10:30:00,12:01:00,1,15.0,1.5,
3039,74,2023-03-30,12:45:00,14:10:00,7,15.0,3.75,
3040,68,2023-03-30,16:15:00,18:41:00,14,15.0,0.0,
3041,75,2023-03-30,14:15:00,15:26:00,5,15.0,1.5,
3042,128,2023-03-30,12:45:00,15:12:00,14,15.0,1.5,
3043,17,2023-03-30,11:30:00,13:25:00,10,15.0,0.0,
3044,75,2023-03-30,16:00:00,17:03:00,5,15.0,1.5,
3045,19,2023-03-30,13:00:00,14:23:00,13,15.0,0.0,
3046,196,2023-03-30,16:00:00,17:08:00,14,15.0,1.5,
3047,179,2023-03-31,12:30:00,13:57:00,10,15.0,3.75,
3048,161,2023-03-31,11:45:00,12:42:00,5,15.0,0.0,
3049,217,2023-03-31,15:30:00,17:34:00,11,15.0,1.5,
3050,217,2023-03-31,10:00:00,12:04:00,14,15.0,1.5,
3051,194,2023-03-31,16:00:00,17:26:00,1,15.0,1.5,
3052,161,2023-03-31,16:00:00,16:58:00,5,15.0,0.0,
3053,73,2023-03-31,16:45:00,18:18:00,1,15.0,3.75,
3054,165,2023-03-31,10:45:00,12:22:00,6,15.0,6.0,
3055,15,2023-03-31,14:00:00,15:02:00,6,15.0,0.0,
3056,64,2023-04-01,09:30:00,11:10:00,7,15.0,1.5,
3057,67,2023-04-01,14:00:00,16:14:00,7,15.0,3.75,
3058,161,2023-04-01,13:15:00,14:00:00,12,15.0,0.0,
3059,74,2023-04-01,12:15:00,14:21:00,11,15.0,3.75,
3060,4,2023-04-01,15:15:00,16:40:00,4,15.0,3.75,
3061,73,2023-04-01,11:15:00,12:12:00,12,15.0,3.75,
3062,172,2023-04-01,16:30:00,18:04:00,3,15.0,1.5,
3063,179,2023-04-01,11:15:00,12:34:00,6,15.0,3.75,
3064,165,2023-04-01,15:00:00,15:49:00,1,15.0,6.0,
3065,73,2023-04-01,14:30:00,16:01:00,1,15.0,3.75,
3066,189,2023-04-01,09:15:00,11:39:00,10,15.0,3.75,
3067,97,2023-04-01,13:00:00,15:07:00,12,15.0,1.5,
3068,1,2023-04-01,14:15:00,15:51:00,6,15.0,6.0,
3069,160,2023-04-01,13:00:00,14:22:00,6,15.0,3.75,
3070,194,2023-04-01,14:45:00,16:50:00,1,15.0,1.5,
3071,103,2023-04-01,09:30:00,11:25:00,4,15.0,1.5,
3072,92,2023-04-01,16:45:00,18:18:00,11,15.0,0.0,
3073,2,2023-04-01,14:45:00,17:01:00,10,15.0,6.0,
3074,25,2023-04-01,10:30:00,11:29:00,13,15.0,1.5,
3075,4,2023-04-01,12:00:00,14:04:00,4,15.0,3.75,
3076,160,2023-04-01,09:15:00,11:32:00,10,15.0,3.75,
3077,165,2023-04-01,14:00:00,15:10:00,12,15.0,6.0,
3078,5,2023-04-01,15:15:00,16:27:00,11,15.0,3.75,
3079,198,2023-04-02,10:15:00,12:06:00,7,15.0,3.75,
3080,240,2023-04-02,12:00:00,14:12:00,14,15.0,6.0,
3081,2,2023-04-02,12:15:00,13:14:00,6,15.0,6.0,
3082,179,2023-04-02,15:30:00,16:22:00,6,15.0,3.75,
3083,11,2023-04-02,11:45:00,14:06:00,5,15.0,0.0,
3084,4,2023-04-02,14:30:00,15:29:00,3,15.0,3.75,
3085,4,2023-04-02,16:45:00,18:00:00,10,15.0,3.75,
3086,237,2023-04-02,15:30:00,16:56:00,1,15.0,3.75,
3087,148,2023-04-02,09:30:00,11:55:00,4,15.0,1.5,
3088,189,2023-04-02,16:00:00,18:09:00,3,15.0,3.75,
3089,47,2023-04-02,15:45:00,16:58:00,12,15.0,1.5,
3090,240,2023-04-02,13:15:00,14:28:00,12,15.0,6.0,
3091,189,2023-04-02,13:00:00,13:53:00,12,15.0,3.75,
3092,204,2023-04-02,15:30:00,17:42:00,6,15.0,0.0,
3093,2,2023-04-02,14:30:00,15:27:00,10,15.0,6.0,
3094,63,2023-04-02,11:15:00,12:10:00,14,15.0,1.5,
3095,56,2023-04-02,12:15:00,14:30:00,3,15.0,3.75,
3096,128,2023-04-02,12:00:00,13:24:00,3,15.0,1.5,
3097,21,2023-04-03,12:30:00,14:39:00,1,15.0,1.5,
3098,2,2023-04-03,14:30:00,15:35:00,10,15.0,6.0,
3099,160,2023-04-03,14:00:00,14:52:00,2,15.0,3.75,
3100,98,2023-04-03,10:30:00,11:37:00,4,15.0,3.75,
3101,2,2023-04-03,13:00:00,15:26:00,7,15.0,6.0,
3102,217,2023-04-03,14:30:00,16:44:00,2,15.0,1.5,
3103,101,2023-04-03,15:15:00,17:21:00,2,15.0,0.0,
3104,217,2023-04-03,09:15:00,11:36:00,5,15.0,1.5,
3105,103,2023-04-03,12:15:00,14:38:00,6,15.0,1.5,
3106,197,2023-04-03,14:30:00,15:42:00,5,15.0,1.5,
3107,126,2023-04-03,12:30:00,13:29:00,14,15.0,1.5,
3108,3,2023-04-03,15:00:00,17:15:00,1,15.0,3.75,
3109,179,2023-04-03,09:30:00,11:08:00,10,15.0,3.75,
3110,82,2023-04-04,16:45:00,18:17:00,12,15.0,1.5,
3111,2,2023-04-04,10:30:00,12:52:00,2,15.0,6.0,
3112,197,2023-04-04,10:30:00,11:52:00,14,15.0,1.5,
3113,5,2023-04-04,11:45:00,13:10:00,7,15.0,3.75,
3114,75,2023-04-04,12:00:00,13:14:00,1,15.0,1.5,
3115,5,2023-04-04,12:45:00,14:09:00,10,15.0,3.75,
3116,8,2023-04-04,13:00:00,15:30:00,1,15.0,1.5,
3117,165,2023-04-04,11:00:00,12:55:00,5,15.0,6.0,
3118,73,2023-04-04,14:00:00,15:09:00,5,15.0,3.75,
3119,121,2023-04-04,09:45:00,11:39:00,2,15.0,1.5,
3120,25,2023-04-04,09:45:00,10:45:00,14,15.0,1.5,
3121,67,2023-04-04,15:00:00,16:22:00,1,15.0,3.75,
3122,183,2023-04-04,14:45:00,15:52:00,11,15.0,1.5,
3123,2,2023-04-05,13:00:00,14:51:00,6,15.0,6.0,
3124,2,2023-04-05,12:30:00,14:44:00,6,15.0,6.0,
3125,69,2023-04-05,14:45:00,16:08:00,6,15.0,3.75,
3126,88,2023-04-05,13:30:00,15:53:00,13,15.0,0.0,
3127,74,2023-04-05,14:30:00,15:31:00,12,15.0,3.75,
3128,38,2023-04-05,12:00:00,14:13:00,5,15.0,1.5,
3129,67,2023-04-05,15:45:00,17:53:00,2,15.0,3.75,
3130,233,2023-04-05,16:30:00,18:46:00,4,15.0,3.75,
3131,25,2023-04-05,12:45:00,13:51:00,6,15.0,1.5,
3132,213,2023-04-05,11:45:00,14:00:00,1,15.0,1.5,
3133,103,2023-04-05,14:45:00,15:42:00,13,15.0,1.5,
3134,73,2023-04-05,16:45:00,19:12:00,13,15.0,3.75,
3135,172,2023-04-05,15:00:00,15:47:00,11,15.0,1.5,
3136,98,2023-04-05,12:45:00,14:49:00,6,15.0,3.75,
3137,67,2023-04-06,09:45:00,11:39:00,10,15.0,3.75,
3138,92,2023-04-06,14:15:00,15:39:00,7,15.0,0.0,
3139,64,2023-04-06,15:30:00,17:48:00,10,15.0,1.5,
3140,240,2023-04-06,09:45:00,12:01:00,3,15.0,6.0,
3141,35,2023-04-06,10:30:00,12:32:00,1,15.0,0.0,
3142,69,2023-04-06,10:30:00,12:51:00,12,15.0,3.75,
3143,2,2023-04-06,14:45:00,15:59:00,11,15.0,6.0,
3144,125,2023-04-06,15:15:00,16:15:00,14,15.0,0.0,
3145,38,2023-04-06,14:45:00,16:14:00,12,15.0,1.5,
3146,233,2023-04-06,13:00:00,15:14:00,6,15.0,3.75,
3147,118,2023-04-07,13:30:00,15:13:00,10,15.0,3.75,
3148,111,2023-04-07,16:00:00,16:50:00,10,15.0,1.5,
3149,186,2023-04-07,16:00:00,17:28:00,10,15.0,1.5,
3150,69,2023-04-07,11:45:00,12:40:00,14,15.0,3.75,
3151,2,2023-04-07,16:00:00,17:11:00,6,15.0,6.0,
3152,165,2023-04-07,10:45:00,12:29:00,2,15.0,6.0,
3153,6,2023-04-07,16:30:00,18:06:00,14,15.0,1.5,
3154,172,2023-04-07,11:30:00,13:31:00,5,15.0,1.5,
3155,4,2023-04-07,11:00:00,13:07:00,5,15.0,3.75,
3156,67,2023-04-07,15:30:00,17:37:00,2,15.0,3.75,
3157,2,2023-04-07,10:15:00,12:30:00,14,15.0,6.0,
3158,4,2023-04-07,13:15:00,15:08:00,10,15.0,3.75,
3159,56,2023-04-07,12:30:00,13:46:00,7,15.0,3.75,
3160,232,2023-04-07,09:00:00,10:44:00,14,15.0,3.75,
3161,75,2023-04-07,10:15:00,12:35:00,5,15.0,1.5,
3162,231,2023-04-07,10:00:00,10:55:00,14,15.0,1.5,
3163,2,2023-04-07,09:45:00,11:24:00,10,15.0,6.0,
3164,105,2023-04-07,16:45:00,18:11:00,1,15.0,0.0,
3165,232,2023-04-07,11:15:00,12:32:00,11,15.0,3.75,
3166,9,2023-04-07,13:15:00,15:33:00,14,15.0,1.5,
3167,56,2023-04-07,15:45:00,17:44:00,2,15.0,3.75,
3168,1,2023-04-07,11:00:00,12:27:00,2,15.0,6.0,
3169,178,2023-04-08,12:00:00,14:20:00,14,15.0,0.0,
3170,74,2023-04-08,16:15:00,18:45:00,5,15.0,3.75,
3171,189,2023-04-08,10:00:00,12:07:00,6,15.0,3.75,
3172,43,2023-04-08,13:45:00,15:48:00,4,15.0,3.75,
3173,25,2023-04-08,16:45:00,18:33:00,11,15.0,1.5,
3174,236,2023-04-08,14:00:00,15:20:00,1,15.0,1.5,
3175,53,2023-04-08,10:15:00,11:39:00,6,15.0,1.5,
3176,236,2023-04-08,09:45:00,11:09:00,5,15.0,1.5,
3177,165,2023-04-08,14:30:00,17:00:00,11,15.0,6.0,
3178,8,2023-04-08,14:30:00,16:23:00,1,15.0,1.5,
3179,240,2023-04-08,13:15:00,15:20:00,12,15.0,6.0,
3180,21,2023-04-08,15:45:00,16:35:00,4,15.0,1.5,
3181,82,2023-04-08,13:15:00,14:56:00,3,15.0,1.5,
3182,69,2023-04-08,15:00:00,16:21:00,3,15.0,3.75,
3183,117,2023-04-08,10:15:00,11:37:00,5,15.0,0.0,
3184,74,2023-04-08,15:45:00,17:29:00,10,15.0,3.75,
3185,240,2023-04-08,15:45:00,18:07:00,10,15.0,6.0,
3186,11,2023-04-08,11:45:00,13:16:00,3,15.0,0.0,
3187,232,2023-04-08,15:30:00,16:33:00,3,15.0,3.75,
3188,237,2023-04-08,16:00:00,17:44:00,12,15.0,3.75,
3189,56,2023-04-08,11:30:00,13:08:00,10,15.0,3.75,
3190,20,2023-04-08,14:30:00,16:42:00,10,15.0,0.0,
3191,160,2023-04-08,10:00:00,10:51:00,4,15.0,3.75,
3192,98,2023-04-08,16:15:00,18:39:00,6,15.0,3.75,
3193,74,2023-04-08,11:30:00,13:50:00,10,15.0,3.75,
3194,4,2023-04-08,13:15:00,14:41:00,7,15.0,3.75,
3195,71,2023-04-08,16:45:00,17:32:00,11,15.0,1.5,
3196,179,2023-04-08,13:45:00,15:25:00,5,15.0,3.75,
3197,223,2023-04-09,13:45:00,15:25:00,12,15.0,1.5,
3198,56,2023-04-09,13:30:00,14:45:00,5,15.0,3.75,
3199,11,2023-04-09,15:45:00,16:50:00,10,15.0,0.0,
3200,232,2023-04-09,12:30:00,14:17:00,13,15.0,3.75,
3201,2,2023-04-09,10:45:00,12:08:00,2,15.0,6.0,
3202,69,2023-04-09,13:30:00,15:43:00,7,15.0,3.75,
3203,143,2023-04-09,16:30:00,17:19:00,14,15.0,3.75,
3204,80,2023-04-09,13:30:00,15:31:00,3,15.0,0.0,
3205,53,2023-04-09,12:45:00,13:39:00,14,15.0,1.5,
3206,189,2023-04-09,13:00:00,14:21:00,7,15.0,3.75,
3207,71,2023-04-09,16:30:00,17:49:00,10,15.0,1.5,
3208,1,2023-04-09,14:00:00,15:55:00,5,15.0,6.0,
3209,120,2023-04-09,14:15:00,16:40:00,3,15.0,1.5,
3210,6,2023-04-09,13:00:00,14:34:00,11,15.0,1.5,
3211,206,2023-04-09,11:45:00,14:06:00,7,15.0,0.0,
3212,111,2023-04-09,09:30:00,11:15:00,13,15.0,1.5,
3213,125,2023-04-09,09:45:00,10:42:00,11,15.0,0.0,
3214,233,2023-04-09,12:15:00,14:38:00,11,15.0,3.75,
3215,171,2023-04-09,11:00:00,12:05:00,1,15.0,0.0,
3216,25,2023-04-09,16:15:00,18:43:00,5,15.0,1.5,
3217,221,2023-04-09,11:00:00,12:47:00,2,15.0,0.0,
3218,189,2023-04-09,12:15:00,14:07:00,12,15.0,3.75,
3219,128,2023-04-09,12:30:00,13:40:00,4,15.0,1.5,
3220,233,2023-04-09,09:30:00,11:35:00,2,15.0,3.75,
3221,165,2023-04-09,13:00:00,14:01:00,12,15.0,6.0,
3222,98,2023-04-09,11:45:00,12:56:00,5,15.0,3.75,
3223,68,2023-04-10,16:00:00,17:47:00,10,15.0,0.0,
3224,11,2023-04-10,10:45:00,12:01:00,14,15.0,0.0,
3225,200,2023-04-10,09:30:00,11:33:00,4,15.0,0.0,
3226,21,2023-04-10,14:45:00,16:37:00,10,15.0,1.5,
3227,233,2023-04-10,10:30:00,12:27:00,12,15.0,3.75,
3228,57,2023-04-10,12:30:00,14:59:00,7,15.0,1.5,
3229,189,2023-04-10,12:00:00,14:09:00,14,15.0,3.75,
3230,126,2023-04-10,10:30:00,11:32:00,10,15.0,1.5,
3231,236,2023-04-10,16:15:00,17:26:00,7,15.0,1.5,
3232,82,2023-04-10,15:30:00,17:47:00,14,15.0,1.5,
3233,38,2023-04-10,13:15:00,14:52:00,12,15.0,1.5,
3234,5,2023-04-10,09:45:00,11:04:00,7,15.0,3.75,
3235,18,2023-04-10,10:15:00,12:21:00,2,15.0,0.0,
3236,43,2023-04-10,14:00:00,15:04:00,10,15.0,3.75,
3237,7,2023-04-11,11:15:00,12:19:00,13,15.0,1.5,
3238,160,2023-04-11,11:30:00,12:26:00,6,15.0,3.75,
3239,197,2023-04-11,13:30:00,14:55:00,12,15.0,1.5,
3240,78,2023-04-11,12:30:00,13:21:00,6,15.0,0.0,
3241,82,2023-04-11,15:15:00,17:12:00,3,15.0,1.5,
3242,69,2023-04-11,11:45:00,12:37:00,2,15.0,3.75,
3243,1,2023-04-11,10:00:00,11:55:00,2,15.0,6.0,
3244,233,2023-04-11,13:45:00,15:26:00,7,15.0,3.75,
3245,39,2023-04-11,12:30:00,14:54:00,12,15.0,1.5,
3246,74,2023-04-11,09:00:00,11:16:00,10,15.0,3.75,
3247,7,2023-04-12,09:30:00,11:19:00,11,15.0,1.5,
3248,4,2023-04-12,11:00:00,12:13:00,11,15.0,3.75,
3249,17,2023-04-12,16:45:00,18:37:00,13,15.0,0.0,
3250,189,2023-04-12,15:00:00,16:21:00,10,15.0,3.75,
3251,116,2023-04-12,09:45:00,10:49:00,4,15.0,0.0,
3252,160,2023-04-12,15:15:00,16:23:00,14,15.0,3.75,
3253,189,2023-04-12,16:00:00,16:47:00,4,15.0,3.75,
3254,8,2023-04-12,16:00:00,17:02:00,13,15.0,1.5,
3255,2,2023-04-12,10:30:00,11:37:00,12,15.0,6.0,
3256,165,2023-04-12,10:00:00,12:14:00,13,15.0,6.0,
3257,92,2023-04-12,09:15:00,11:21:00,4,15.0,0.0,
3258,3,2023-04-12,16:45:00,18:48:00,6,15.0,3.75,
3259,240,2023-04-12,10:45:00,11:38:00,14,15.0,6.0,
3260,7,2023-04-12,15:30:00,17:05:00,13,15.0,1.5,
3261,1,2023-04-12,11:45:00,13:49:00,5,15.0,6.0,
3262,10,2023-04-12,10:30:00,11:32:00,3,15.0,1.5,
3263,57,2023-04-12,11:15:00,13:04:00,12,15.0,1.5,
3264,69,2023-04-12,13:45:00,16:01:00,3,15.0,3.75,
3265,206,2023-04-12,11:15:00,12:08:00,13,15.0,0.0,
3266,57,2023-04-13,16:30:00,18:36:00,14,15.0,1.5,
3267,238,2023-04-13,13:15:00,14:27:00,7,15.0,1.5,
3268,240,2023-04-13,09:00:00,10:28:00,1,15.0,6.0,
3269,31,2023-04-13,13:45:00,15:45:00,4,15.0,1.5,
3270,111,2023-04-13,09:00:00,10:31:00,7,15.0,1.5,
3271,3,2023-04-13,13:30:00,15:11:00,5,15.0,3.75,
3272,248,2023-04-13,15:45:00,17:10:00,7,15.0,0.0,
3273,200,2023-04-13,11:15:00,12:55:00,14,15.0,0.0,
3274,3,2023-04-13,14:30:00,15:43:00,4,15.0,3.75,
3275,118,2023-04-13,12:45:00,14:12:00,13,15.0,3.75,
3276,67,2023-04-13,12:00:00,13:03:00,1,15.0,3.75,
3277,218,2023-04-13,14:15:00,15:42:00,10,15.0,1.5,
3278,110,2023-04-13,13:45:00,15:28:00,2,15.0,3.75,
3279,197,2023-04-13,10:00:00,10:45:00,1,15.0,1.5,
3280,3,2023-04-13,16:15:00,17:37:00,3,15.0,3.75,
3281,69,2023-04-13,09:15:00,11:17:00,5,15.0,3.75,
3282,111,2023-04-14,16:30:00,17:59:00,3,15.0,1.5,
3283,73,2023-04-14,12:00:00,13:28:00,10,15.0,3.75,
3284,217,2023-04-14,16:30:00,17:46:00,3,15.0,1.5,
3285,235,2023-04-14,12:30:00,14:14:00,3,15.0,0.0,
3286,148,2023-04-14,10:30:00,12:37:00,5,15.0,1.5,
3287,110,2023-04-14,09:45:00,12:06:00,1,15.0,3.75,
3288,101,2023-04-14,16:15:00,18:02:00,10,15.0,0.0,
3289,92,2023-04-14,11:45:00,12:51:00,5,15.0,0.0,
3290,238,2023-04-14,16:30:00,18:08:00,14,15.0,1.5,
3291,75,2023-04-14,14:00:00,15:31:00,11,15.0,1.5,
3292,98,2023-04-14,11:30:00,13:48:00,1,15.0,3.75,
3293,120,2023-04-14,11:30:00,12:16:00,4,15.0,1.5,
3294,165,2023-04-14,13:30:00,15:05:00,7,15.0,6.0,
3295,20,2023-04-15,13:45:00,14:45:00,3,15.0,0.0,
3296,156,2023-04-15,12:30:00,14:29:00,11,15.0,0.0,
3297,1,2023-04-15,16:45:00,17:40:00,12,15.0,6.0,
3298,63,2023-04-15,10:15:00,12:07:00,6,15.0,1.5,
3299,4,2023-04-15,14:30:00,15:26:00,2,15.0,3.75,
3300,125,2023-04-15,11:30:00,12:34:00,12,15.0,0.0,
3301,69,2023-04-15,14:15:00,16:31:00,13,15.0,3.75,
3302,223,2023-04-15,13:15:00,14:15:00,3,15.0,1.5,
3303,88,2023-04-15,10:45:00,11:34:00,6,15.0,0.0,
3304,166,2023-04-15,11:45:00,12:52:00,14,15.0,0.0,
3305,71,2023-04-15,09:15:00,11:06:00,4,15.0,1.5,
3306,8,2023-04-15,16:00:00,16:46:00,6,15.0,1.5,
3307,233,2023-04-15,14:15:00,15:36:00,5,15.0,3.75,
3308,171,2023-04-15,09:45:00,11:32:00,11,15.0,0.0,
3309,77,2023-04-15,11:00:00,12:18:00,5,15.0,1.5,
3310,165,2023-04-15,10:30:00,12:55:00,3,15.0,6.0,
3311,232,2023-04-15,15:45:00,17:23:00,14,15.0,3.75,
3312,223,2023-04-15,10:30:00,12:43:00,2,15.0,1.5,
3313,143,2023-04-16,15:45:00,16:30:00,6,15.0,3.75,
3314,4,2023-04-16,14:15:00,16:32:00,4,15.0,3.75,
3315,78,2023-04-16,13:15:00,14:35:00,11,15.0,0.0,
3316,213,2023-04-16,14:15:00,15:45:00,5,15.0,1.5,
3317,232,2023-04-16,14:15:00,15:44:00,7,15.0,3.75,
3318,194,2023-04-16,14:45:00,16:31:00,4,15.0,1.5,
3319,217,2023-04-16,12:00:00,14:30:00,3,15.0,1.5,
3320,103,2023-04-16,15:00:00,17:27:00,3,15.0,1.5,
3321,38,2023-04-16,09:00:00,11:24:00,4,15.0,1.5,
3322,143,2023-04-16,13:45:00,15:44:00,13,15.0,3.75,
3323,64,2023-04-16,12:00:00,13:21:00,10,15.0,1.5,
3324,2,2023-04-16,11:00:00,12:47:00,4,15.0,6.0,
3325,231,2023-04-16,14:00:00,15:57:00,13,15.0,1.5,
3326,69,2023-04-16,13:45:00,15:35:00,12,15.0,3.75,
3327,56,2023-04-16,16:30:00,18:17:00,3,15.0,3.75,
3328,189,2023-04-16,15:30:00,16:59:00,11,15.0,3.75,
3329,217,2023-04-16,16:15:00,17:01:00,3,15.0,1.5,
3330,77,2023-04-16,13:45:00,14:50:00,6,15.0,1.5,
3331,143,2023-04-16,14:15:00,16:20:00,12,15.0,3.75,
3332,179,2023-04-17,11:00:00,12:50:00,6,15.0,3.75,
3333,128,2023-04-17,14:45:00,16:19:00,7,15.0,1.5,
3334,237,2023-04-17,09:15:00,10:49:00,2,15.0,3.75,
3335,56,2023-04-17,13:30:00,15:33:00,7,15.0,3.75,
3336,4,2023-04-17,12:15:00,13:09:00,5,15.0,3.75,
3337,240,2023-04-17,15:15:00,17:25:00,5,15.0,6.0,
3338,1,2023-04-17,14:45:00,16:54:00,13,15.0,6.0,
3339,56,2023-04-17,16:45:00,17:52:00,7,15.0,3.75,
3340,8,2023-04-17,14:45:00,15:32:00,6,15.0,1.5,
3341,126,2023-04-17,14:15:00,16:08:00,3,15.0,1.5,
3342,42,2023-04-17,16:45:00,18:07:00,7,15.0,1.5,
3343,77,2023-04-17,10:30:00,12:56:00,4,15.0,1.5,
3344,204,2023-04-17,16:15:00,17:10:00,1,15.0,0.0,
3345,82,2023-04-17,15:15:00,17:23:00,2,15.0,1.5,
3346,217,2023-04-17,15:30:00,17:49:00,7,15.0,1.5,
3347,35,2023-04-17,13:30:00,14:26:00,13,15.0,0.0,
3348,2,2023-04-17,15:30:00,16:21:00,11,15.0,6.0,
3349,206,2023-04-17,15:30:00,16:51:00,13,15.0,0.0,
3350,11,2023-04-18,10:00:00,11:09:00,3,15.0,0.0,
3351,235,2023-04-18,14:00:00,16:11:00,3,15.0,0.0,
3352,237,2023-04-18,12:45:00,15:10:00,2,15.0,3.75,
3353,80,2023-04-18,11:00:00,12:39:00,11,15.0,0.0,
3354,105,2023-04-18,16:45:00,18:46:00,5,15.0,0.0,
3355,27,2023-04-18,14:45:00,16:33:00,7,15.0,6.0,
3356,21,2023-04-18,11:15:00,12:07:00,7,15.0,1.5,
3357,206,2023-04-18,13:15:00,14:09:00,5,15.0,0.0,
3358,5,2023-04-18,09:00:00,11:00:00,2,15.0,3.75,
3359,82,2023-04-18,14:45:00,16:27:00,14,15.0,1.5,
3360,149,2023-04-18,13:30:00,14:26:00,2,15.0,1.5,
3361,92,2023-04-18,16:30:00,18:46:00,2,15.0,0.0,
3362,6,2023-04-18,11:30:00,13:40:00,7,15.0,1.5,
3363,60,2023-04-19,13:30:00,15:47:00,14,15.0,0.0,
3364,11,2023-04-19,11:00:00,13:28:00,2,15.0,0.0,
3365,2,2023-04-19,15:45:00,18:13:00,13,15.0,6.0,
3366,27,2023-04-19,14:45:00,15:50:00,1,15.0,6.0,
3367,148,2023-04-19,12:15:00,14:32:00,7,15.0,1.5,
3368,105,2023-04-19,09:30:00,11:03:00,5,15.0,0.0,
3369,2,2023-04-19,11:00:00,11:54:00,6,15.0,6.0,
3370,149,2023-04-19,12:45:00,15:13:00,13,15.0,1.5,
3371,166,2023-04-19,12:30:00,13:27:00,3,15.0,0.0,
3372,73,2023-04-19,10:00:00,12:30:00,2,15.0,3.75,
3373,56,2023-04-20,11:00:00,12:14:00,6,15.0,3.75,
3374,233,2023-04-20,16:45:00,18:09:00,10,15.0,3.75,
3375,165,2023-04-20,16:30:00,18:48:00,10,15.0,6.0,
3376,233,2023-04-20,11:00:00,11:46:00,14,15.0,3.75,
3377,39,2023-04-20,15:15:00,16:13:00,6,15.0,1.5,
3378,111,2023-04-20,12:15:00,13:19:00,6,15.0,1.5,
3379,121,2023-04-20,15:00:00,15:53:00,6,15.0,1.5,
3380,223,2023-04-20,10:30:00,12:44:00,12,15.0,1.5,
3381,38,2023-04-20,16:30:00,18:20:00,7,15.0,1.5,
3382,197,2023-04-20,09:30:00,11:27:00,2,15.0,1.5,
3383,240,2023-04-20,15:15:00,17:19:00,7,15.0,6.0,
3384,165,2023-04-20,11:30:00,13:01:00,3,15.0,6.0,
3385,14,2023-04-20,15:00:00,16:06:00,1,15.0,0.0,
3386,3,2023-04-20,10:00:00,11:34:00,12,15.0,3.75,
3387,186,2023-04-20,13:30:00,15:26:00,14,15.0,1.5,
3388,98,2023-04-20,15:00:00,15:56:00,3,15.0,3.75,
3389,240,2023-04-21,12:00:00,13:02:00,10,15.0,6.0,
3390,38,2023-04-21,16:15:00,17:46:00,5,15.0,1.5,
3391,52,2023-04-21,12:15:00,14:16:00,12,15.0,1.5,
3392,5,2023-04-21,16:00:00,17:33:00,6,15.0,3.75,
3393,73,2023-04-21,16:15:00,18:42:00,12,15.0,3.75,
3394,120,2023-04-21,09:30:00,11:37:00,11,15.0,1.5,
3395,73,2023-04-21,14:30:00,16:51:00,1,15.0,3.75,
3396,17,2023-04-21,14:45:00,16:06:00,13,15.0,0.0,
3397,63,2023-04-21,09:15:00,10:19:00,14,15.0,1.5,
3398,189,2023-04-21,14:30:00,15:29:00,2,15.0,3.75,
3399,186,2023-04-21,09:30:00,10:57:00,11,15.0,1.5,
3400,74,2023-04-21,09:45:00,12:04:00,6,15.0,3.75,
3401,233,2023-04-21,16:30:00,18:54:00,13,15.0,3.75,
3402,56,2023-04-21,09:15:00,11:30:00,10,15.0,3.75,
3403,98,2023-04-22,13:15:00,15:18:00,1,15.0,3.75,
3404,82,2023-04-22,09:45:00,12:05:00,5,15.0,1.5,
3405,27,2023-04-22,09:15:00,10:58:00,2,15.0,6.0,
3406,194,2023-04-22,16:15:00,17:02:00,13,15.0,1.5,
3407,3,2023-04-22,15:15:00,17:10:00,13,15.0,3.75,
3408,121,2023-04-22,10:30:00,12:25:00,13,15.0,1.5,
3409,110,2023-04-22,13:15:00,15:03:00,3,15.0,3.75,
3410,208,2023-04-22,11:45:00,13:47:00,12,15.0,0.0,
3411,110,2023-04-22,11:45:00,13:35:00,2,15.0,3.75,
3412,237,2023-04-22,10:45:00,12:39:00,6,15.0,3.75,
3413,56,2023-04-22,09:45:00,11:22:00,11,15.0,3.75,
3414,97,2023-04-22,13:45:00,15:09:00,12,15.0,1.5,
3415,2,2023-04-22,09:00:00,10:01:00,1,15.0,6.0,
3416,234,2023-04-22,15:00:00,17:17:00,13,15.0,0.0,
3417,38,2023-04-22,12:15:00,13:16:00,3,15.0,1.5,
3418,21,2023-04-22,11:45:00,14:11:00,4,15.0,1.5,
3419,75,2023-04-23,11:00:00,12:12:00,7,15.0,1.5,
3420,38,2023-04-23,12:30:00,14:24:00,2,15.0,1.5,
3421,7,2023-04-23,12:15:00,13:46:00,10,15.0,1.5,
3422,8,2023-04-23,16:00:00,17:18:00,13,15.0,1.5,
3423,236,2023-04-23,11:45:00,13:03:00,11,15.0,1.5,
3424,2,2023-04-23,10:45:00,11:51:00,7,15.0,6.0,
3425,7,2023-04-23,12:45:00,15:09:00,7,15.0,1.5,
3426,20,2023-04-23,09:15:00,10:26:00,14,15.0,0.0,
3427,68,2023-04-23,12:30:00,14:59:00,5,15.0,0.0,
3428,27,2023-04-23,10:15:00,11:07:00,5,15.0,6.0,
3429,67,2023-04-23,11:15:00,12:38:00,5,15.0,3.75,
3430,3,2023-04-23,11:30:00,13:57:00,5,15.0,3.75,
3431,2,2023-04-23,13:30:00,14:38:00,4,15.0,6.0,
3432,240,2023-04-23,16:30:00,18:33:00,1,15.0,6.0,
3433,39,2023-04-23,16:00:00,17:27:00,5,15.0,1.5,
3434,126,2023-04-24,14:30:00,15:53:00,11,15.0,1.5,
3435,165,2023-04-24,15:15:00,16:05:00,13,15.0,6.0,
3436,126,2023-04-24,10:15:00,12:30:00,14,15.0,1.5,
3437,82,2023-04-24,10:45:00,11:35:00,2,15.0,1.5,
3438,143,2023-04-24,12:15:00,14:38:00,3,15.0,3.75,
3439,165,2023-04-24,09:45:00,11:13:00,3,15.0,6.0,
3440,4,2023-04-24,11:45:00,12:49:00,13,15.0,3.75,
3441,110,2023-04-24,15:30:00,17:16:00,6,15.0,3.75,
3442,98,2023-04-24,11:15:00,13:36:00,14,15.0,3.75,
3443,161,2023-04-24,14:00:00,15:29:00,10,15.0,0.0,
3444,8,2023-04-24,14:45:00,16:10:00,1,15.0,1.5,
3445,43,2023-04-25,13:00:00,14:04:00,7,15.0,3.75,
3446,105,2023-04-25,16:00:00,17:38:00,4,15.0,0.0,
3447,166,2023-04-25,13:30:00,14:43:00,13,15.0,0.0,
3448,235,2023-04-25,15:30:00,17:33:00,6,15.0,0.0,
3449,235,2023-04-25,13:30:00,14:33:00,7,15.0,0.0,
3450,35,2023-04-25,13:00:00,14:17:00,4,15.0,0.0,
3451,238,2023-04-25,13:00:00,14:54:00,2,15.0,1.5,
3452,2,2023-04-26,16:30:00,18:08:00,3,15.0,6.0,
3453,92,2023-04-26,16:45:00,18:15:00,14,15.0,0.0,
3454,154,2023-04-26,14:15:00,16:30:00,11,15.0,0.0,
3455,231,2023-04-26,15:30:00,17:42:00,2,15.0,1.5,
3456,179,2023-04-26,09:00:00,10:40:00,10,15.0,3.75,
3457,234,2023-04-26,11:45:00,13:21:00,6,15.0,0.0,
3458,39,2023-04-26,09:45:00,11:35:00,14,15.0,1.5,
3459,232,2023-04-26,13:15:00,14:03:00,1,15.0,3.75,
3460,82,2023-04-26,11:15:00,12:41:00,3,15.0,1.5,
3461,189,2023-04-26,16:00:00,18:16:00,5,15.0,3.75,
3462,197,2023-04-27,11:30:00,12:24:00,12,15.0,1.5,
3463,74,2023-04-27,10:00:00,11:17:00,13,15.0,3.75,
3464,2,2023-04-27,12:30:00,13:59:00,13,15.0,6.0,
3465,189,2023-04-27,09:45:00,10:52:00,1,15.0,3.75,
3466,165,2023-04-27,15:30:00,16:37:00,13,15.0,6.0,
3467,27,2023-04-27,15:30:00,17:27:00,7,15.0,6.0,
3468,3,2023-04-27,15:45:00,18:05:00,12,15.0,3.75,
3469,110,2023-04-27,14:45:00,16:27:00,4,15.0,3.75,
3470,3,2023-04-27,09:30:00,10:35:00,11,15.0,3.75,
3471,240,2023-04-27,16:00:00,16:51:00,10,15.0,6.0,
3472,179,2023-04-27,10:00:00,11:03:00,4,15.0,3.75,
3473,233,2023-04-27,10:15:00,12:26:00,5,15.0,3.75,
3474,71,2023-04-27,14:30:00,15:41:00,12,15.0,1.5,
3475,74,2023-04-27,12:15:00,13:07:00,6,15.0,3.75,
3476,196,2023-04-27,16:30:00,18:03:00,7,15.0,1.5,
3477,64,2023-04-27,09:00:00,10:02:00,13,15.0,1.5,
3478,56,2023-04-28,16:30:00,17:33:00,10,15.0,3.75,
3479,2,2023-04-28,14:30:00,16:06:00,5,15.0,6.0,
3480,52,2023-04-28,11:30:00,13:41:00,7,15.0,1.5,
3481,238,2023-04-28,14:15:00,16:40:00,12,15.0,1.5,
3482,25,2023-04-28,15:45:00,17:04:00,14,15.0,1.5,
3483,180,2023-04-29,13:30:00,14:57:00,14,15.0,0.0,
3484,5,2023-04-29,13:30:00,14:27:00,11,15.0,3.75,
3485,213,2023-04-29,11:15:00,13:37:00,14,15.0,1.5,
3486,71,2023-04-29,15:15:00,16:56:00,14,15.0,1.5,
3487,43,2023-04-29,09:45:00,11:26:00,6,15.0,3.75,
3488,233,2023-04-29,14:15:00,15:46:00,7,15.0,3.75,
3489,148,2023-04-29,12:45:00,14:57:00,2,15.0,1.5,
3490,3,2023-04-29,13:15:00,14:02:00,12,15.0,3.75,
3491,208,2023-04-29,13:45:00,15:43:00,1,15.0,0.0,
3492,143,2023-04-29,13:00:00,15:04:00,11,15.0,3.75,
3493,73,2023-04-29,12:00:00,13:13:00,12,15.0,3.75,
3494,71,2023-04-29,10:15:00,11:24:00,7,15.0,1.5,
3495,237,2023-04-29,12:15:00,13:34:00,2,15.0,3.75,
3496,39,2023-04-29,16:15:00,17:28:00,1,15.0,1.5,
3497,78,2023-04-29,09:30:00,11:40:00,6,15.0,0.0,
3498,77,2023-04-29,15:45:00,18:06:00,3,15.0,1.5,
3499,240,2023-04-29,15:30:00,16:39:00,7,15.0,6.0,
3500,59,2023-04-29,14:45:00,17:03:00,14,15.0,1.5,
3501,56,2023-04-29,14:30:00,17:00:00,11,15.0,3.75,
3502,154,2023-04-29,15:00:00,15:52:00,12,15.0,0.0,
3503,217,2023-04-29,13:45:00,15:05:00,11,15.0,1.5,
3504,218,2023-04-30,15:30:00,17:17:00,5,15.0,1.5,
3505,6,2023-04-30,13:30:00,15:16:00,4,15.0,1.5,
3506,196,2023-04-30,09:00:00,11:25:00,4,15.0,1.5,
3507,9,2023-04-30,16:00:00,18:26:00,7,15.0,1.5,
3508,71,2023-04-30,10:00:00,10:51:00,13,15.0,1.5,
3509,7,2023-04-30,16:30:00,17:41:00,5,15.0,1.5,
3510,21,2023-04-30,15:45:00,17:16:00,6,15.0,1.5,
3511,111,2023-04-30,10:45:00,12:11:00,3,15.0,1.5,
3512,8,2023-04-30,14:30:00,15:39:00,1,15.0,1.5,
3513,103,2023-04-30,13:15:00,14:12:00,3,15.0,1.5,
3514,143,2023-04-30,11:00:00,13:07:00,10,15.0,3.75,
3515,196,2023-04-30,09:15:00,10:12:00,12,15.0,1.5,
3516,38,2023-04-30,15:00:00,16:37:00,1,15.0,1.5,
3517,186,2023-04-30,13:30:00,14:25:00,10,15.0,1.5,
3518,58,2023-04-30,14:45:00,15:55:00,10,15.0,0.0,
3519,57,2023-05-01,13:30:00,15:12:00,7,15.0,1.5,
3520,238,2023-05-01,13:30:00,15:30:00,12,15.0,1.5,
3521,165,2023-05-01,14:30:00,15:34:00,6,15.0,6.0,
3522,165,2023-05-01,16:00:00,17:52:00,3,15.0,6.0,
3523,204,2023-05-01,16:45:00,18:06:00,13,15.0,0.0,
3524,189,2023-05-01,14:15:00,15:59:00,11,15.0,3.75,
3525,3,2023-05-01,15:30:00,17:07:00,13,15.0,3.75,
3526,152,2023-05-01,14:00:00,15:28:00,2,15.0,3.75,
3527,97,2023-05-01,15:15:00,17:06:00,7,15.0,1.5,
3528,206,2023-05-01,09:45:00,12:07:00,7,15.0,0.0,
3529,27,2023-05-01,11:15:00,12:32:00,6,15.0,6.0,
3530,189,2023-05-01,12:45:00,14:07:00,7,15.0,3.75,
3531,103,2023-05-01,12:30:00,14:14:00,6,15.0,1.5,
3532,11,2023-05-01,12:00:00,14:30:00,13,15.0,0.0,
3533,231,2023-05-01,09:30:00,11:05:00,12,15.0,1.5,
3534,103,2023-05-02,12:30:00,14:41:00,1,15.0,1.5,
3535,71,2023-05-02,13:30:00,14:48:00,13,15.0,1.5,
3536,154,2023-05-02,12:45:00,14:25:00,14,15.0,0.0,
3537,179,2023-05-02,13:00:00,15:07:00,3,15.0,3.75,
3538,9,2023-05-02,13:00:00,13:59:00,12,15.0,1.5,
3539,25,2023-05-02,13:00:00,15:08:00,11,15.0,1.5,
3540,110,2023-05-02,16:45:00,17:37:00,1,15.0,3.75,
3541,42,2023-05-02,13:30:00,14:23:00,7,15.0,1.5,
3542,43,2023-05-02,09:15:00,10:16:00,7,15.0,3.75,
3543,92,2023-05-02,15:45:00,17:18:00,2,15.0,0.0,
3544,103,2023-05-02,13:45:00,15:24:00,2,15.0,1.5,
3545,56,2023-05-02,15:15:00,16:39:00,10,15.0,3.75,
3546,232,2023-05-02,09:30:00,10:41:00,11,15.0,3.75,
3547,73,2023-05-02,15:00:00,16:02:00,4,15.0,3.75,
3548,121,2023-05-02,15:00:00,16:09:00,4,15.0,1.5,
3549,111,2023-05-03,09:30:00,11:51:00,6,15.0,1.5,
3550,165,2023-05-03,13:00:00,14:00:00,14,15.0,6.0,
3551,2,2023-05-03,13:45:00,15:49:00,12,15.0,6.0,
3552,160,2023-05-03,11:45:00,13:46:00,11,15.0,3.75,
3553,77,2023-05-03,14:00:00,15:27:00,2,15.0,1.5,
3554,186,2023-05-03,13:00:00,14:07:00,13,15.0,1.5,
3555,59,2023-05-03,12:00:00,13:18:00,11,15.0,1.5,
3556,60,2023-05-03,16:15:00,17:35:00,7,15.0,0.0,
3557,75,2023-05-03,12:30:00,14:11:00,11,15.0,1.5,
3558,69,2023-05-03,16:30:00,17:48:00,4,15.0,3.75,
3559,239,2023-05-03,13:45:00,14:53:00,10,15.0,0.0,
3560,110,2023-05-03,16:30:00,18:32:00,1,15.0,3.75,
3561,183,2023-05-03,10:45:00,13:08:00,5,15.0,1.5,
3562,217,2023-05-03,16:15:00,18:27:00,7,15.0,1.5,
3563,234,2023-05-03,10:30:00,11:49:00,11,15.0,0.0,
3564,237,2023-05-03,09:30:00,10:20:00,11,15.0,3.75,
3565,2,2023-05-03,13:00:00,14:36:00,14,15.0,6.0,
3566,172,2023-05-03,11:30:00,13:36:00,3,15.0,1.5,
3567,1,2023-05-03,15:15:00,17:04:00,4,15.0,6.0,
3568,204,2023-05-03,14:30:00,15:34:00,4,15.0,0.0,
3569,126,2023-05-03,13:15:00,14:21:00,13,15.0,1.5,
3570,248,2023-05-04,10:00:00,11:18:00,11,15.0,0.0,
3571,172,2023-05-04,09:45:00,11:36:00,6,15.0,1.5,
3572,240,2023-05-04,15:00:00,17:04:00,1,15.0,6.0,
3573,71,2023-05-04,11:30:00,12:15:00,7,15.0,1.5,
3574,217,2023-05-04,14:45:00,16:06:00,4,15.0,1.5,
3575,47,2023-05-04,10:45:00,11:48:00,1,15.0,1.5,
3576,69,2023-05-04,15:30:00,16:34:00,12,15.0,3.75,
3577,27,2023-05-04,12:45:00,14:04:00,5,15.0,6.0,
3578,197,2023-05-04,12:30:00,13:29:00,2,15.0,1.5,
3579,42,2023-05-04,09:45:00,11:21:00,12,15.0,1.5,
3580,5,2023-05-04,14:15:00,16:13:00,12,15.0,3.75,
3581,110,2023-05-04,11:30:00,12:50:00,2,15.0,3.75,
3582,232,2023-05-04,13:00:00,15:27:00,10,15.0,3.75,
3583,76,2023-05-04,12:30:00,14:54:00,7,15.0,3.75,
3584,207,2023-05-04,10:15:00,12:35:00,1,15.0,6.0,
3585,236,2023-05-04,14:00:00,15:18:00,1,15.0,1.5,
3586,67,2023-05-04,11:15:00,12:17:00,3,15.0,3.75,
3587,3,2023-05-04,11:45:00,13:31:00,5,15.0,3.75,
3588,69,2023-05-04,13:30:00,14:55:00,3,15.0,3.75,
3589,2,2023-05-04,09:15:00,11:10:00,13,15.0,6.0,
3590,172,2023-05-04,12:30:00,13:40:00,10,15.0,1.5,
3591,218,2023-05-04,12:00:00,13:54:00,13,15.0,1.5,
3592,2,2023-05-04,16:15:00,18:28:00,7,15.0,6.0,
3593,143,2023-05-05,14:00:00,14:59:00,3,15.0,3.75,
3594,165,2023-05-05,16:15:00,17:26:00,13,15.0,6.0,
3595,5,2023-05-05,10:45:00,11:52:00,10,15.0,3.75,
3596,27,2023-05-05,16:45:00,17:47:00,6,15.0,6.0,
3597,154,2023-05-05,13:15:00,14:04:00,3,15.0,0.0,
3598,73,2023-05-05,13:45:00,15:29:00,13,15.0,3.75,
3599,16,2023-05-05,10:00:00,11:38:00,2,15.0,0.0,
3600,207,2023-05-05,11:00:00,11:58:00,3,15.0,6.0,
3601,191,2023-05-05,12:00:00,13:21:00,11,15.0,0.0,
3602,166,2023-05-05,15:30:00,18:00:00,10,15.0,0.0,
3603,73,2023-05-05,16:45:00,18:35:00,12,15.0,3.75,
3604,5,2023-05-05,15:45:00,17:29:00,13,15.0,3.75,
3605,237,2023-05-05,09:30:00,11:17:00,7,15.0,3.75,
3606,25,2023-05-05,11:15:00,12:00:00,3,15.0,1.5,
3607,101,2023-05-06,13:15:00,15:00:00,2,15.0,0.0,
3608,152,2023-05-06,15:00:00,17:25:00,6,15.0,3.75,
3609,27,2023-05-06,11:30:00,12:34:00,13,15.0,6.0,
3610,59,2023-05-06,11:15:00,12:19:00,14,15.0,1.5,
3611,103,2023-05-06,09:45:00,11:47:00,3,15.0,1.5,
3612,103,2023-05-06,15:45:00,16:39:00,2,15.0,1.5,
3613,194,2023-05-06,13:15:00,14:25:00,2,15.0,1.5,
3614,165,2023-05-06,11:45:00,13:52:00,7,15.0,6.0,
3615,4,2023-05-06,12:30:00,14:14:00,11,15.0,3.75,
3616,238,2023-05-06,11:45:00,13:12:00,4,15.0,1.5,
3617,198,2023-05-06,15:45:00,17:44:00,14,15.0,3.75,
3618,3,2023-05-06,15:15:00,17:35:00,1,15.0,3.75,
3619,143,2023-05-06,11:15:00,13:41:00,13,15.0,3.75,
3620,238,2023-05-06,11:15:00,13:35:00,14,15.0,1.5,
3621,240,2023-05-06,14:00:00,15:52:00,14,15.0,6.0,
3622,103,2023-05-06,12:00:00,13:17:00,12,15.0,1.5,
3623,4,2023-05-06,13:00:00,13:52:00,3,15.0,3.75,
3624,121,2023-05-06,15:30:00,16:42:00,11,15.0,1.5,
3625,78,2023-05-06,14:00:00,15:15:00,1,15.0,0.0,
3626,237,2023-05-06,13:15:00,14:50:00,11,15.0,3.75,
3627,233,2023-05-06,09:15:00,11:00:00,14,15.0,3.75,
3628,128,2023-05-06,11:45:00,13:45:00,13,15.0,1.5,
3629,6,2023-05-07,16:45:00,18:51:00,4,15.0,1.5,
3630,14,2023-05-07,09:00:00,10:45:00,14,15.0,0.0,
3631,77,2023-05-07,15:00:00,15:48:00,10,15.0,1.5,
3632,165,2023-05-07,10:45:00,12:17:00,7,15.0,6.0,
3633,101,2023-05-07,10:45:00,12:09:00,14,15.0,0.0,
3634,218,2023-05-07,10:45:00,11:57:00,1,15.0,1.5,
3635,84,2023-05-07,12:15:00,14:35:00,5,15.0,0.0,
3636,184,2023-05-07,15:30:00,16:15:00,2,15.0,0.0,
3637,233,2023-05-07,13:45:00,15:10:00,14,15.0,3.75,
3638,9,2023-05-07,09:30:00,12:00:00,12,15.0,1.5,
3639,4,2023-05-07,10:30:00,11:27:00,10,15.0,3.75,
3640,233,2023-05-07,12:00:00,13:38:00,10,15.0,3.75,
3641,71,2023-05-07,12:30:00,13:57:00,12,15.0,1.5,
3642,189,2023-05-07,09:30:00,11:42:00,4,15.0,3.75,
3643,43,2023-05-07,14:45:00,16:15:00,12,15.0,3.75,
3644,26,2023-05-08,15:00:00,16:28:00,13,15.0,0.0,
3645,208,2023-05-08,16:15:00,17:14:00,6,15.0,0.0,
3646,47,2023-05-08,09:30:00,11:21:00,10,15.0,1.5,
3647,110,2023-05-08,14:00:00,16:14:00,11,15.0,3.75,
3648,38,2023-05-08,14:00:00,16:04:00,2,15.0,1.5,
3649,69,2023-05-08,13:30:00,15:18:00,7,15.0,3.75,
3650,98,2023-05-08,12:45:00,14:13:00,4,15.0,3.75,
3651,25,2023-05-08,10:15:00,11:13:00,6,15.0,1.5,
3652,27,2023-05-08,11:30:00,14:00:00,14,15.0,6.0,
3653,198,2023-05-08,09:00:00,09:48:00,13,15.0,3.75,
3654,217,2023-05-08,11:30:00,12:59:00,11,15.0,1.5,
3655,7,2023-05-08,15:30:00,16:30:00,3,15.0,1.5,
3656,40,2023-05-08,13:30:00,15:25:00,11,15.0,0.0,
3657,191,2023-05-08,14:00:00,15:15:00,4,15.0,0.0,
3658,88,2023-05-08,10:15:00,12:38:00,1,15.0,0.0,
3659,88,2023-05-08,11:00:00,12:34:00,3,15.0,0.0,
3660,110,2023-05-08,09:30:00,11:00:00,5,15.0,3.75,
3661,143,2023-05-08,15:00:00,16:31:00,13,15.0,3.75,
3662,5,2023-05-08,12:15:00,13:34:00,5,15.0,3.75,
3663,196,2023-05-08,09:15:00,10:38:00,14,15.0,1.5,
3664,175,2023-05-08,14:45:00,16:10:00,2,15.0,0.0,
3665,206,2023-05-09,15:45:00,18:09:00,14,15.0,0.0,
3666,198,2023-05-09,14:30:00,15:52:00,2,15.0,3.75,
3667,237,2023-05-09,14:45:00,16:25:00,1,15.0,3.75,
3668,172,2023-05-09,15:45:00,17:30:00,6,15.0,1.5,
3669,42,2023-05-09,15:00:00,16:39:00,3,15.0,1.5,
3670,1,2023-05-09,13:15:00,14:55:00,1,15.0,6.0,
3671,110,2023-05-09,11:45:00,13:46:00,6,15.0,3.75,
3672,237,2023-05-09,10:00:00,11:08:00,4,15.0,3.75,
3673,128,2023-05-09,14:00:00,14:49:00,14,15.0,1.5,
3674,184,2023-05-09,15:00:00,16:58:00,5,15.0,0.0,
3675,8,2023-05-09,16:00:00,16:57:00,13,15.0,1.5,
3676,43,2023-05-09,10:00:00,12:00:00,11,15.0,3.75,
3677,76,2023-05-10,15:30:00,16:42:00,5,15.0,3.75,
3678,234,2023-05-10,15:00:00,16:20:00,12,15.0,0.0,
3679,11,2023-05-10,10:30:00,11:56:00,14,15.0,0.0,
3680,56,2023-05-10,11:00:00,12:07:00,10,15.0,3.75,
3681,27,2023-05-10,12:30:00,14:39:00,2,15.0,6.0,
3682,189,2023-05-10,14:00:00,14:50:00,2,15.0,3.75,
3683,2,2023-05-10,09:15:00,10:32:00,10,15.0,6.0,
3684,8,2023-05-10,14:00:00,16:17:00,7,15.0,1.5,
3685,25,2023-05-10,09:15:00,10:01:00,2,15.0,1.5,
3686,8,2023-05-10,10:45:00,12:41:00,7,15.0,1.5,
3687,2,2023-05-10,15:45:00,17:25:00,13,15.0,6.0,
3688,3,2023-05-10,11:15:00,13:36:00,13,15.0,3.75,
3689,11,2023-05-10,09:00:00,11:12:00,6,15.0,0.0,
3690,238,2023-05-10,15:00:00,17:24:00,6,15.0,1.5,
3691,3,2023-05-10,09:30:00,11:59:00,11,15.0,3.75,
3692,103,2023-05-10,09:45:00,10:59:00,1,15.0,1.5,
3693,69,2023-05-10,14:45:00,15:43:00,5,15.0,3.75,
3694,232,2023-05-10,09:45:00,11:01:00,5,15.0,3.75,
3695,5,2023-05-11,11:00:00,13:11:00,1,15.0,3.75,
3696,148,2023-05-11,13:15:00,15:14:00,13,15.0,1.5,
3697,9,2023-05-11,12:45:00,14:04:00,7,15.0,1.5,
3698,237,2023-05-11,14:45:00,16:38:00,6,15.0,3.75,
3699,38,2023-05-11,10:30:00,11:44:00,10,15.0,1.5,
3700,232,2023-05-11,11:00:00,12:11:00,13,15.0,3.75,
3701,4,2023-05-11,11:30:00,12:46:00,13,15.0,3.75,
3702,232,2023-05-11,16:00:00,17:39:00,14,15.0,3.75,
3703,69,2023-05-11,11:00:00,11:57:00,12,15.0,3.75,
3704,71,2023-05-11,16:15:00,18:43:00,11,15.0,1.5,
3705,1,2023-05-11,10:30:00,12:52:00,6,15.0,6.0,
3706,3,2023-05-11,10:30:00,11:39:00,6,15.0,3.75,
3707,53,2023-05-11,12:15:00,13:38:00,7,15.0,1.5,
3708,116,2023-05-11,15:30:00,17:01:00,3,15.0,0.0,
3709,27,2023-05-12,13:45:00,15:10:00,10,15.0,6.0,
3710,183,2023-05-12,15:00:00,16:37:00,1,15.0,1.5,
3711,45,2023-05-12,14:00:00,14:58:00,11,15.0,0.0,
3712,103,2023-05-12,09:15:00,10:28:00,11,15.0,1.5,
3713,126,2023-05-12,12:15:00,14:01:00,5,15.0,1.5,
3714,12,2023-05-12,16:30:00,18:46:00,7,15.0,0.0,
3715,194,2023-05-12,09:15:00,11:14:00,11,15.0,1.5,
3716,84,2023-05-12,14:00:00,14:58:00,11,15.0,0.0,
3717,38,2023-05-12,10:15:00,11:53:00,10,15.0,1.5,
3718,5,2023-05-12,10:30:00,12:48:00,4,15.0,3.75,
3719,221,2023-05-12,15:00:00,16:43:00,7,15.0,0.0,
3720,82,2023-05-12,16:15:00,18:34:00,12,15.0,1.5,
3721,74,2023-05-12,09:30:00,11:05:00,4,15.0,3.75,
3722,56,2023-05-12,15:00:00,16:56:00,2,15.0,3.75,
3723,88,2023-05-13,11:00:00,13:19:00,3,15.0,0.0,
3724,149,2023-05-13,10:15:00,11:08:00,4,15.0,1.5,
3725,165,2023-05-13,12:15:00,13:48:00,3,15.0,6.0,
3726,166,2023-05-13,16:00:00,17:57:00,14,15.0,0.0,
3727,75,2023-05-13,12:00:00,14:24:00,11,15.0,1.5,
3728,207,2023-05-13,09:15:00,10:38:00,6,15.0,6.0,
3729,92,2023-05-13,16:00:00,18:27:00,3,15.0,0.0,
3730,5,2023-05-13,10:00:00,12:13:00,3,15.0,3.75,
3731,103,2023-05-13,15:15:00,16:54:00,7,15.0,1.5,
3732,231,2023-05-13,09:45:00,10:58:00,7,15.0,1.5,
3733,243,2023-05-13,15:00:00,17:11:00,5,15.0,0.0,
3734,218,2023-05-13,13:45:00,15:48:00,10,15.0,1.5,
3735,64,2023-05-13,16:15:00,18:19:00,3,15.0,1.5,
3736,2,2023-05-13,12:15:00,13:24:00,6,15.0,6.0,
3737,8,2023-05-13,11:00:00,12:11:00,2,15.0,1.5,
3738,207,2023-05-13,13:15:00,15:15:00,13,15.0,6.0,
3739,121,2023-05-13,14:30:00,15:56:00,4,15.0,1.5,
3740,39,2023-05-13,15:00:00,17:08:00,13,15.0,1.5,
3741,217,2023-05-13,12:45:00,15:10:00,1,15.0,1.5,
3742,73,2023-05-13,14:45:00,16:39:00,5,15.0,3.75,
3743,165,2023-05-13,12:00:00,12:58:00,5,15.0,6.0,
3744,75,2023-05-13,12:15:00,13:46:00,5,15.0,1.5,
3745,47,2023-05-13,16:30:00,18:37:00,10,15.0,1.5,
3746,238,2023-05-13,10:30:00,11:42:00,7,15.0,1.5,
3747,3,2023-05-13,09:45:00,10:48:00,13,15.0,3.75,
3748,121,2023-05-13,16:15:00,18:36:00,7,15.0,1.5,
3749,207,2023-05-13,16:45:00,18:36:00,10,15.0,6.0,
3750,103,2023-05-14,14:45:00,15:47:00,1,15.0,1.5,
3751,240,2023-05-14,10:45:00,12:36:00,3,15.0,6.0,
3752,128,2023-05-14,09:00:00,10:21:00,1,15.0,1.5,
3753,8,2023-05-14,10:00:00,11:24:00,7,15.0,1.5,
3754,35,2023-05-14,10:45:00,11:47:00,11,15.0,0.0,
3755,125,2023-05-14,14:00:00,15:57:00,5,15.0,0.0,
3756,31,2023-05-14,10:45:00,13:14:00,2,15.0,1.5,
3757,43,2023-05-14,09:15:00,10:19:00,7,15.0,3.75,
3758,121,2023-05-14,16:00:00,18:28:00,5,15.0,1.5,
3759,2,2023-05-14,16:30:00,18:43:00,6,15.0,6.0,
3760,4,2023-05-14,12:00:00,13:47:00,10,15.0,3.75,
3761,143,2023-05-14,12:45:00,14:19:00,5,15.0,3.75,
3762,3,2023-05-14,09:30:00,11:37:00,5,15.0,3.75,
3763,175,2023-05-14,12:30:00,13:32:00,7,15.0,0.0,
3764,154,2023-05-14,10:45:00,12:01:00,4,15.0,0.0,
3765,2,2023-05-14,13:15:00,14:21:00,13,15.0,6.0,
3766,11,2023-05-14,10:15:00,11:27:00,14,15.0,0.0,
3767,148,2023-05-14,09:15:00,10:15:00,3,15.0,1.5,
3768,111,2023-05-14,11:00:00,12:14:00,11,15.0,1.5,
3769,126,2023-05-14,10:45:00,12:50:00,14,15.0,1.5,
3770,11,2023-05-14,12:00:00,13:52:00,6,15.0,0.0,
3771,7,2023-05-14,10:30:00,12:32:00,3,15.0,1.5,
3772,114,2023-05-14,16:00:00,17:23:00,6,15.0,1.5,
3773,175,2023-05-14,09:15:00,11:17:00,10,15.0,0.0,
3774,77,2023-05-14,13:45:00,15:12:00,7,15.0,1.5,
3775,184,2023-05-14,12:15:00,14:15:00,12,15.0,0.0,
3776,160,2023-05-14,13:45:00,14:34:00,7,15.0,3.75,
3777,10,2023-05-15,11:00:00,13:01:00,4,15.0,1.5,
3778,236,2023-05-15,15:45:00,16:35:00,14,15.0,1.5,
3779,56,2023-05-15,13:30:00,14:31:00,14,15.0,3.75,
3780,27,2023-05-15,10:45:00,12:31:00,7,15.0,6.0,
3781,160,2023-05-15,09:15:00,11:40:00,3,15.0,3.75,
3782,1,2023-05-15,15:00:00,16:40:00,4,15.0,6.0,
3783,240,2023-05-15,11:00:00,13:04:00,12,15.0,6.0,
3784,4,2023-05-15,13:45:00,15:31:00,4,15.0,3.75,
3785,25,2023-05-15,12:15:00,14:15:00,11,15.0,1.5,
3786,59,2023-05-15,12:45:00,14:16:00,7,15.0,1.5,
3787,207,2023-05-15,15:00:00,16:46:00,11,15.0,6.0,
3788,73,2023-05-15,14:45:00,16:07:00,3,15.0,3.75,
3789,126,2023-05-16,09:30:00,11:44:00,5,15.0,1.5,
3790,179,2023-05-16,15:30:00,17:54:00,2,15.0,3.75,
3791,2,2023-05-16,15:30:00,17:42:00,5,15.0,6.0,
3792,71,2023-05-16,13:00:00,14:52:00,12,15.0,1.5,
3793,9,2023-05-16,09:30:00,10:16:00,13,15.0,1.5,
3794,183,2023-05-16,14:00:00,15:40:00,11,15.0,1.5,
3795,189,2023-05-16,09:30:00,10:50:00,3,15.0,3.75,
3796,240,2023-05-16,16:30:00,18:51:00,6,15.0,6.0,
3797,126,2023-05-16,13:00:00,14:16:00,10,15.0,1.5,
3798,2,2023-05-16,11:45:00,13:26:00,11,15.0,6.0,
3799,165,2023-05-16,16:45:00,18:11:00,6,15.0,6.0,
3800,234,2023-05-16,11:15:00,12:17:00,3,15.0,0.0,
3801,204,2023-05-16,13:30:00,14:43:00,13,15.0,0.0,
3802,194,2023-05-16,11:00:00,11:55:00,3,15.0,1.5,
3803,2,2023-05-16,09:00:00,10:13:00,10,15.0,6.0,
3804,39,2023-05-16,09:15:00,11:09:00,1,15.0,1.5,
3805,82,2023-05-16,14:15:00,15:13:00,13,15.0,1.5,
3806,204,2023-05-16,12:15:00,14:12:00,4,15.0,0.0,
3807,207,2023-05-16,10:45:00,11:57:00,13,15.0,6.0,
3808,238,2023-05-16,10:15:00,12:20:00,5,15.0,1.5,
3809,206,2023-05-16,15:30:00,17:17:00,6,15.0,0.0,
3810,240,2023-05-17,16:45:00,18:33:00,14,15.0,6.0,
3811,172,2023-05-17,15:45:00,16:35:00,1,15.0,1.5,
3812,1,2023-05-17,13:00:00,14:12:00,6,15.0,6.0,
3813,53,2023-05-17,14:15:00,15:34:00,7,15.0,1.5,
3814,197,2023-05-17,15:45:00,17:50:00,3,15.0,1.5,
3815,179,2023-05-17,16:30:00,17:59:00,1,15.0,3.75,
3816,25,2023-05-17,10:30:00,11:30:00,3,15.0,1.5,
3817,198,2023-05-17,11:45:00,13:33:00,12,15.0,3.75,
3818,149,2023-05-17,12:45:00,14:41:00,3,15.0,1.5,
3819,186,2023-05-17,10:00:00,11:22:00,10,15.0,1.5,
3820,166,2023-05-17,14:30:00,15:40:00,1,15.0,0.0,
3821,4,2023-05-18,16:15:00,18:04:00,7,15.0,3.75,
3822,1,2023-05-18,15:45:00,17:07:00,3,15.0,6.0,
3823,2,2023-05-18,10:45:00,12:41:00,4,15.0,6.0,
3824,27,2023-05-18,11:15:00,13:34:00,12,15.0,6.0,
3825,15,2023-05-18,13:15:00,14:15:00,11,15.0,0.0,
3826,38,2023-05-18,14:00:00,14:57:00,11,15.0,1.5,
3827,73,2023-05-18,09:45:00,11:21:00,2,15.0,3.75,
3828,194,2023-05-18,15:30:00,17:34:00,1,15.0,1.5,
3829,69,2023-05-18,15:15:00,16:53:00,1,15.0,3.75,
3830,110,2023-05-18,13:00:00,14:09:00,14,15.0,3.75,
3831,232,2023-05-18,14:45:00,16:13:00,11,15.0,3.75,
3832,238,2023-05-18,12:15:00,14:16:00,10,15.0,1.5,
3833,179,2023-05-18,10:30:00,12:28:00,13,15.0,3.75,
3834,118,2023-05-18,15:15:00,16:40:00,4,15.0,3.75,
3835,67,2023-05-18,14:00:00,15:45:00,14,15.0,3.75,
3836,186,2023-05-18,12:45:00,14:26:00,12,15.0,1.5,
3837,56,2023-05-18,10:15:00,12:29:00,14,15.0,3.75,
3838,27,2023-05-19,09:15:00,10:01:00,3,15.0,6.0,
3839,92,2023-05-19,14:30:00,16:21:00,10,15.0,0.0,
3840,217,2023-05-19,14:00:00,16:05:00,5,15.0,1.5,
3841,97,2023-05-19,11:45:00,13:43:00,1,15.0,1.5,
3842,184,2023-05-19,16:30:00,18:16:00,1,15.0,0.0,
3843,52,2023-05-19,11:45:00,12:52:00,2,15.0,1.5,
3844,107,2023-05-19,13:30:00,15:14:00,6,15.0,3.75,
3845,8,2023-05-19,10:30:00,12:57:00,12,15.0,1.5,
3846,73,2023-05-19,15:45:00,16:41:00,5,15.0,3.75,
3847,126,2023-05-19,11:00:00,13:18:00,4,15.0,1.5,
3848,5,2023-05-19,09:30:00,11:51:00,10,15.0,3.75,
3849,236,2023-05-19,14:45:00,15:35:00,12,15.0,1.5,
3850,111,2023-05-20,14:45:00,16:12:00,5,15.0,1.5,
3851,207,2023-05-20,12:00:00,14:17:00,6,15.0,6.0,
3852,217,2023-05-20,12:45:00,13:32:00,1,15.0,1.5,
3853,232,2023-05-20,11:45:00,14:06:00,1,15.0,3.75,
3854,64,2023-05-20,16:15:00,17:18:00,6,15.0,1.5,
3855,98,2023-05-20,14:45:00,17:01:00,6,15.0,3.75,
3856,5,2023-05-20,14:00:00,15:19:00,13,15.0,3.75,
3857,240,2023-05-20,10:30:00,12:36:00,13,15.0,6.0,
3858,2,2023-05-20,13:45:00,14:37:00,10,15.0,6.0,
3859,233,2023-05-20,10:30:00,11:50:00,4,15.0,3.75,
3860,67,2023-05-20,16:30:00,17:39:00,12,15.0,3.75,
3861,126,2023-05-20,12:00:00,12:53:00,7,15.0,1.5,
3862,4,2023-05-20,13:00:00,14:27:00,11,15.0,3.75,
3863,204,2023-05-20,16:30:00,18:29:00,12,15.0,0.0,
3864,1,2023-05-20,14:30:00,16:13:00,1,15.0,6.0,
3865,189,2023-05-20,10:00:00,12:18:00,5,15.0,3.75,
3866,200,2023-05-20,16:30:00,17:45:00,2,15.0,0.0,
3867,9,2023-05-21,11:00:00,11:47:00,12,15.0,1.5,
3868,52,2023-05-21,10:45:00,11:57:00,13,15.0,1.5,
3869,231,2023-05-21,16:15:00,17:41:00,12,15.0,1.5,
3870,107,2023-05-21,12:15:00,14:17:00,10,15.0,3.75,
3871,194,2023-05-21,13:45:00,14:35:00,14,15.0,1.5,
3872,92,2023-05-21,16:30:00,18:52:00,11,15.0,0.0,
3873,179,2023-05-21,14:30:00,15:26:00,10,15.0,3.75,
3874,2,2023-05-21,16:30:00,18:27:00,2,15.0,6.0,
3875,56,2023-05-21,12:45:00,14:52:00,12,15.0,3.75,
3876,47,2023-05-21,12:00:00,12:50:00,6,15.0,1.5,
3877,172,2023-05-21,11:15:00,12:08:00,10,15.0,1.5,
3878,110,2023-05-21,13:15:00,14:49:00,7,15.0,3.75,
3879,11,2023-05-21,13:45:00,15:33:00,14,15.0,0.0,
3880,165,2023-05-21,16:45:00,18:32:00,13,15.0,6.0,
3881,128,2023-05-21,13:15:00,14:50:00,13,15.0,1.5,
3882,63,2023-05-21,14:45:00,16:45:00,3,15.0,1.5,
3883,207,2023-05-21,13:45:00,14:52:00,13,15.0,6.0,
3884,243,2023-05-22,10:30:00,11:50:00,13,15.0,0.0,
3885,97,2023-05-22,16:15:00,18:38:00,3,15.0,1.5,
3886,27,2023-05-22,13:00:00,14:13:00,5,15.0,6.0,
3887,165,2023-05-22,10:30:00,12:47:00,4,15.0,6.0,
3888,27,2023-05-22,10:30:00,12:22:00,6,15.0,6.0,
3889,57,2023-05-22,15:00:00,16:21:00,3,15.0,1.5,
3890,38,2023-05-22,11:45:00,14:11:00,4,15.0,1.5,
3891,42,2023-05-22,14:30:00,16:09:00,13,15.0,1.5,
3892,71,2023-05-22,13:15:00,14:52:00,6,15.0,1.5,
3893,2,2023-05-22,11:45:00,13:46:00,2,15.0,6.0,
3894,217,2023-05-22,11:45:00,14:12:00,14,15.0,1.5,
3895,2,2023-05-22,09:30:00,11:41:00,10,15.0,6.0,
3896,2,2023-05-22,10:30:00,12:47:00,2,15.0,6.0,
3897,110,2023-05-22,12:30:00,14:55:00,11,15.0,3.75,
3898,71,2023-05-23,09:15:00,10:20:00,3,15.0,1.5,
3899,111,2023-05-23,09:15:00,10:30:00,1,15.0,1.5,
3900,68,2023-05-23,11:00:00,12:38:00,12,15.0,0.0,
3901,1,2023-05-23,15:30:00,16:23:00,14,15.0,6.0,
3902,25,2023-05-23,13:30:00,15:03:00,13,15.0,1.5,
3903,36,2023-05-23,16:15:00,17:08:00,13,15.0,3.75,
3904,217,2023-05-23,09:00:00,11:00:00,7,15.0,1.5,
3905,118,2023-05-23,15:30:00,16:52:00,14,15.0,3.75,
3906,208,2023-05-23,09:15:00,10:01:00,7,15.0,0.0,
3907,43,2023-05-23,13:45:00,15:52:00,5,15.0,3.75,
3908,71,2023-05-23,12:30:00,14:12:00,2,15.0,1.5,
3909,5,2023-05-24,16:45:00,17:55:00,3,15.0,3.75,
3910,71,2023-05-24,11:45:00,12:33:00,2,15.0,1.5,
3911,118,2023-05-24,13:15:00,15:32:00,3,15.0,3.75,
3912,120,2023-05-24,12:30:00,13:42:00,1,15.0,1.5,
3913,2,2023-05-24,12:00:00,13:38:00,2,15.0,6.0,
3914,217,2023-05-24,16:30:00,17:35:00,10,15.0,1.5,
3915,1,2023-05-24,14:15:00,16:38:00,1,15.0,6.0,
3916,179,2023-05-24,13:00:00,14:40:00,5,15.0,3.75,
3917,82,2023-05-24,11:30:00,13:27:00,4,15.0,1.5,
3918,240,2023-05-24,16:30:00,17:52:00,5,15.0,6.0,
3919,82,2023-05-24,11:15:00,12:15:00,2,15.0,1.5,
3920,186,2023-05-24,13:15:00,14:50:00,13,15.0,1.5,
3921,2,2023-05-24,10:45:00,12:36:00,4,15.0,6.0,
3922,9,2023-05-24,14:30:00,16:38:00,10,15.0,1.5,
3923,21,2023-05-25,15:30:00,16:26:00,14,15.0,1.5,
3924,165,2023-05-25,12:00:00,13:58:00,7,15.0,6.0,
3925,52,2023-05-25,12:30:00,14:29:00,13,15.0,1.5,
3926,126,2023-05-25,12:00:00,13:03:00,1,15.0,1.5,
3927,218,2023-05-25,11:30:00,13:53:00,10,15.0,1.5,
3928,75,2023-05-25,11:45:00,13:05:00,7,15.0,1.5,
3929,179,2023-05-25,13:00:00,14:59:00,6,15.0,3.75,
3930,98,2023-05-25,15:00:00,16:08:00,7,15.0,3.75,
3931,110,2023-05-25,16:15:00,18:41:00,1,15.0,3.75,
3932,128,2023-05-26,16:15:00,18:08:00,10,15.0,1.5,
3933,1,2023-05-26,10:45:00,11:41:00,5,15.0,6.0,
3934,206,2023-05-26,09:00:00,10:29:00,10,15.0,0.0,
3935,172,2023-05-26,14:15:00,16:39:00,4,15.0,1.5,
3936,52,2023-05-26,11:00:00,11:50:00,3,15.0,1.5,
3937,189,2023-05-26,12:00:00,13:04:00,14,15.0,3.75,
3938,42,2023-05-26,12:45:00,13:32:00,13,15.0,1.5,
3939,204,2023-05-26,09:30:00,10:52:00,4,15.0,0.0,
3940,237,2023-05-26,13:00:00,13:47:00,6,15.0,3.75,
3941,2,2023-05-26,16:15:00,17:42:00,6,15.0,6.0,
3942,238,2023-05-26,16:30:00,17:37:00,14,15.0,1.5,
3943,179,2023-05-26,12:15:00,13:27:00,4,15.0,3.75,
3944,110,2023-05-26,11:45:00,13:02:00,10,15.0,3.75,
3945,186,2023-05-27,15:45:00,17:51:00,4,15.0,1.5,
3946,186,2023-05-27,11:15:00,13:37:00,14,15.0,1.5,
3947,218,2023-05-27,15:30:00,16:46:00,2,15.0,1.5,
3948,67,2023-05-27,14:45:00,16:38:00,11,15.0,3.75,
3949,121,2023-05-27,11:15:00,12:53:00,11,15.0,1.5,
3950,189,2023-05-27,11:00:00,13:04:00,6,15.0,3.75,
3951,165,2023-05-27,12:45:00,14:19:00,6,15.0,6.0,
3952,47,2023-05-27,16:00:00,17:00:00,11,15.0,1.5,
3953,237,2023-05-27,12:30:00,13:57:00,5,15.0,3.75,
3954,120,2023-05-27,12:45:00,13:57:00,13,15.0,1.5,
3955,8,2023-05-27,14:00:00,16:04:00,2,15.0,1.5,
3956,179,2023-05-27,11:00:00,12:20:00,5,15.0,3.75,
3957,180,2023-05-27,11:45:00,13:09:00,12,15.0,0.0,
3958,5,2023-05-27,10:15:00,11:46:00,10,15.0,3.75,
3959,5,2023-05-27,10:15:00,12:21:00,2,15.0,3.75,
3960,179,2023-05-27,11:15:00,12:27:00,10,15.0,3.75,
3961,15,2023-05-27,14:30:00,16:48:00,12,15.0,0.0,
3962,232,2023-05-27,13:45:00,14:54:00,7,15.0,3.75,
3963,178,2023-05-27,09:00:00,10:34:00,2,15.0,0.0,
3964,73,2023-05-27,13:15:00,15:20:00,4,15.0,3.75,
3965,13,2023-05-27,15:45:00,18:00:00,5,15.0,0.0,
3966,118,2023-05-27,16:30:00,18:12:00,13,15.0,3.75,
3967,189,2023-05-27,12:30:00,13:43:00,2,15.0,3.75,
3968,13,2023-05-27,14:30:00,15:52:00,5,15.0,0.0,
3969,43,2023-05-27,16:00:00,17:44:00,7,15.0,3.75,
3970,15,2023-05-27,16:30:00,17:53:00,6,15.0,0.0,
3971,107,2023-05-27,12:00:00,12:50:00,2,15.0,3.75,
3972,7,2023-05-27,11:15:00,13:02:00,12,15.0,1.5,
3973,111,2023-05-27,09:00:00,10:46:00,12,15.0,1.5,
3974,8,2023-05-28,10:30:00,12:56:00,14,15.0,1.5,
3975,120,2023-05-28,14:15:00,16:20:00,2,15.0,1.5,
3976,107,2023-05-28,16:45:00,19:00:00,5,15.0,3.75,
3977,52,2023-05-28,11:15:00,13:21:00,7,15.0,1.5,
3978,235,2023-05-28,13:15:00,15:18:00,3,15.0,0.0,
3979,243,2023-05-28,09:30:00,10:54:00,2,15.0,0.0,
3980,208,2023-05-28,16:45:00,17:55:00,14,15.0,0.0,
3981,2,2023-05-28,10:00:00,11:07:00,13,15.0,6.0,
3982,1,2023-05-28,14:15:00,16:00:00,6,15.0,6.0,
3983,31,2023-05-28,14:00:00,15:04:00,3,15.0,1.5,
3984,223,2023-05-28,15:45:00,16:47:00,2,15.0,1.5,
3985,240,2023-05-28,15:45:00,17:43:00,13,15.0,6.0,
3986,92,2023-05-28,10:00:00,11:28:00,14,15.0,0.0,
3987,103,2023-05-28,14:15:00,15:23:00,14,15.0,1.5,
3988,240,2023-05-28,14:30:00,15:25:00,12,15.0,6.0,
3989,35,2023-05-28,16:45:00,18:04:00,10,15.0,0.0,
3990,92,2023-05-28,12:15:00,13:00:00,4,15.0,0.0,
3991,27,2023-05-28,15:45:00,18:02:00,14,15.0,6.0,
3992,200,2023-05-28,10:15:00,12:07:00,1,15.0,0.0,
3993,105,2023-05-28,14:00:00,15:50:00,2,15.0,0.0,
3994,3,2023-05-28,16:15:00,17:56:00,2,15.0,3.75,
3995,88,2023-05-28,14:30:00,16:35:00,12,15.0,0.0,
3996,38,2023-05-28,13:45:00,15:40:00,11,15.0,1.5,
3997,175,2023-05-28,11:00:00,11:48:00,1,15.0,0.0,
3998,186,2023-05-28,15:15:00,16:40:00,3,15.0,1.5,
3999,57,2023-05-29,10:45:00,12:29:00,5,15.0,1.5,
4000,180,2023-05-29,11:15:00,12:35:00,10,15.0,0.0,
4001,9,2023-05-29,14:30:00,15:52:00,14,15.0,1.5,
4002,114,2023-05-29,16:00:00,18:23:00,13,15.0,1.5,
4003,92,2023-05-29,14:15:00,15:12:00,14,15.0,0.0,
4004,197,2023-05-29,15:15:00,17:45:00,4,15.0,1.5,
4005,101,2023-05-29,16:15:00,17:40:00,5,15.0,0.0,
4006,92,2023-05-29,11:15:00,12:56:00,11,15.0,0.0,
4007,107,2023-05-29,16:30:00,17:38:00,5,15.0,3.75,
4008,25,2023-05-29,16:00:00,18:04:00,14,15.0,1.5,
4009,56,2023-05-29,10:30:00,12:20:00,6,15.0,3.75,
4010,103,2023-05-29,16:30:00,17:48:00,2,15.0,1.5,
4011,74,2023-05-29,13:15:00,15:11:00,6,15.0,3.75,
4012,98,2023-05-29,15:15:00,16:43:00,7,15.0,3.75,
4013,248,2023-05-29,09:15:00,10:13:00,6,15.0,0.0,
4014,73,2023-05-29,11:30:00,13:43:00,14,15.0,3.75,
4015,59,2023-05-29,10:45:00,11:36:00,6,15.0,1.5,
4016,231,2023-05-29,14:30:00,16:33:00,13,15.0,1.5,
4017,2,2023-05-30,10:00:00,11:04:00,12,15.0,6.0,
4018,56,2023-05-30,10:15:00,11:42:00,12,15.0,3.75,
4019,6,2023-05-30,13:00:00,14:53:00,7,15.0,1.5,
4020,115,2023-05-30,16:00:00,18:23:00,10,15.0,0.0,
4021,183,2023-05-30,14:45:00,17:11:00,13,15.0,1.5,
4022,4,2023-05-30,15:15:00,17:45:00,5,15.0,3.75,
4023,217,2023-05-30,13:30:00,14:23:00,10,15.0,1.5,
4024,114,2023-05-30,14:00:00,15:05:00,7,15.0,1.5,
4025,160,2023-05-30,15:30:00,17:04:00,2,15.0,3.75,
4026,189,2023-05-30,13:30:00,14:53:00,4,15.0,3.75,
4027,69,2023-05-30,11:00:00,12:43:00,4,15.0,3.75,
4028,6,2023-05-30,11:15:00,12:06:00,14,15.0,1.5,
4029,52,2023-05-30,13:30:00,15:30:00,10,15.0,1.5,
4030,217,2023-05-30,09:45:00,12:03:00,12,15.0,1.5,
4031,38,2023-05-30,16:45:00,17:50:00,6,15.0,1.5,
4032,118,2023-05-30,16:30:00,18:15:00,3,15.0,3.75,
4033,4,2023-05-30,12:45:00,14:51:00,6,15.0,3.75,
4034,110,2023-05-31,11:30:00,12:23:00,7,15.0,3.75,
4035,240,2023-05-31,16:30:00,18:42:00,11,15.0,6.0,
4036,236,2023-05-31,09:45:00,11:23:00,6,15.0,1.5,
4037,11,2023-05-31,10:15:00,12:07:00,6,15.0,0.0,
4038,217,2023-05-31,12:30:00,14:43:00,5,15.0,1.5,
4039,235,2023-05-31,13:15:00,15:11:00,3,15.0,0.0,
4040,1,2023-05-31,16:15:00,17:45:00,12,15.0,6.0,
4041,27,2023-05-31,09:30:00,10:38:00,1,15.0,6.0,
4042,1,2023-05-31,15:45:00,17:17:00,2,15.0,6.0,
4043,184,2023-05-31,15:30:00,16:53:00,6,15.0,0.0,
4044,180,2023-05-31,12:45:00,14:23:00,1,15.0,0.0,
4045,121,2023-05-31,14:15:00,15:51:00,7,15.0,1.5,
4046,92,2023-05-31,10:45:00,12:56:00,11,15.0,0.0,
4047,232,2023-06-01,12:00:00,13:50:00,13,15.0,3.75,
4048,107,2023-06-01,13:45:00,15:58:00,3,15.0,3.75,
4049,166,2023-06-01,14:00:00,15:19:00,10,15.0,0.0,
4050,76,2023-06-01,15:45:00,17:30:00,7,15.0,3.75,
4051,231,2023-06-01,11:00:00,13:12:00,14,15.0,1.5,
4052,6,2023-06-01,12:00:00,14:12:00,1,15.0,1.5,
4053,4,2023-06-01,12:30:00,13:29:00,14,15.0,3.75,
4054,184,2023-06-01,14:45:00,16:38:00,11,15.0,0.0,
4055,233,2023-06-01,12:15:00,13:45:00,7,15.0,3.75,
4056,56,2023-06-01,10:45:00,12:31:00,10,15.0,3.75,
4057,237,2023-06-01,12:15:00,13:44:00,12,15.0,3.75,
4058,74,2023-06-01,14:15:00,15:11:00,7,15.0,3.75,
4059,105,2023-06-01,12:45:00,13:43:00,11,15.0,0.0,
4060,110,2023-06-01,15:45:00,17:01:00,1,15.0,3.75,
4061,21,2023-06-02,11:30:00,13:28:00,11,15.0,1.5,
4062,103,2023-06-02,12:45:00,14:22:00,4,15.0,1.5,
4063,160,2023-06-02,14:45:00,16:01:00,14,15.0,3.75,
4064,118,2023-06-02,09:00:00,11:02:00,5,15.0,3.75,
4065,218,2023-06-02,13:45:00,15:35:00,2,15.0,1.5,
4066,13,2023-06-02,12:45:00,14:49:00,13,15.0,0.0,
4067,27,2023-06-02,16:45:00,17:39:00,2,15.0,6.0,
4068,110,2023-06-02,16:30:00,18:10:00,10,15.0,3.75,
4069,189,2023-06-02,14:45:00,16:43:00,2,15.0,3.75,
4070,204,2023-06-02,14:45:00,16:42:00,2,15.0,0.0,
4071,2,2023-06-02,11:00:00,12:36:00,13,15.0,6.0,
4072,40,2023-06-02,16:30:00,18:17:00,6,15.0,0.0,
4073,115,2023-06-02,14:00:00,16:00:00,10,15.0,0.0,
4074,63,2023-06-03,12:30:00,14:15:00,2,15.0,1.5,
4075,189,2023-06-03,11:45:00,13:52:00,3,15.0,3.75,
4076,235,2023-06-03,12:45:00,13:33:00,13,15.0,0.0,
4077,74,2023-06-03,13:00:00,14:06:00,11,15.0,3.75,
4078,71,2023-06-03,09:00:00,10:51:00,11,15.0,1.5,
4079,200,2023-06-03,13:30:00,15:31:00,10,15.0,0.0,
4080,3,2023-06-03,16:15:00,17:26:00,12,15.0,3.75,
4081,126,2023-06-03,15:00:00,16:41:00,10,15.0,1.5,
4082,165,2023-06-03,16:15:00,18:23:00,14,15.0,6.0,
4083,98,2023-06-03,16:30:00,18:00:00,7,15.0,3.75,
4084,217,2023-06-03,13:30:00,15:18:00,14,15.0,1.5,
4085,3,2023-06-03,13:15:00,15:02:00,2,15.0,3.75,
4086,189,2023-06-03,11:30:00,13:44:00,11,15.0,3.75,
4087,15,2023-06-03,12:15:00,14:17:00,14,15.0,0.0,
4088,82,2023-06-03,09:45:00,11:40:00,1,15.0,1.5,
4089,13,2023-06-03,09:15:00,10:26:00,6,15.0,0.0,
4090,3,2023-06-03,14:00:00,15:12:00,1,15.0,3.75,
4091,103,2023-06-03,16:15:00,17:21:00,14,15.0,1.5,
4092,238,2023-06-03,10:45:00,12:06:00,4,15.0,1.5,
4093,165,2023-06-03,14:45:00,16:57:00,4,15.0,6.0,
4094,25,2023-06-03,16:30:00,18:27:00,13,15.0,1.5,
4095,11,2023-06-03,15:00:00,17:12:00,4,15.0,0.0,
4096,4,2023-06-04,16:15:00,18:08:00,3,15.0,3.75,
4097,25,2023-06-04,14:45:00,15:59:00,1,15.0,1.5,
4098,73,2023-06-04,16:15:00,17:24:00,3,15.0,3.75,
4099,207,2023-06-04,10:00:00,10:49:00,1,15.0,6.0,
4100,213,2023-06-04,12:15:00,14:12:00,3,15.0,1.5,
4101,63,2023-06-04,13:30:00,14:23:00,13,15.0,1.5,
4102,107,2023-06-04,13:45:00,15:58:00,7,15.0,3.75,
4103,68,2023-06-04,10:45:00,12:43:00,7,15.0,0.0,
4104,98,2023-06-04,11:45:00,13:00:00,13,15.0,3.75,
4105,98,2023-06-04,12:30:00,14:58:00,11,15.0,3.75,
4106,2,2023-06-04,13:15:00,14:51:00,1,15.0,6.0,
4107,189,2023-06-04,13:45:00,16:04:00,11,15.0,3.75,
4108,8,2023-06-04,11:45:00,12:38:00,2,15.0,1.5,
4109,27,2023-06-04,10:45:00,12:34:00,7,15.0,6.0,
4110,25,2023-06-04,12:30:00,14:58:00,14,15.0,1.5,
4111,172,2023-06-04,11:00:00,11:49:00,12,15.0,1.5,
4112,15,2023-06-04,16:00:00,18:10:00,3,15.0,0.0,
4113,196,2023-06-04,15:30:00,16:49:00,10,15.0,1.5,
4114,107,2023-06-05,13:30:00,14:19:00,14,15.0,3.75,
4115,186,2023-06-05,12:30:00,13:19:00,7,15.0,1.5,
4116,64,2023-06-05,13:00:00,14:26:00,14,15.0,1.5,
4117,233,2023-06-05,16:00:00,17:49:00,11,15.0,3.75,
4118,73,2023-06-05,11:00:00,13:19:00,4,15.0,3.75,
4119,125,2023-06-05,16:45:00,19:11:00,2,15.0,0.0,
4120,165,2023-06-05,11:00:00,12:11:00,12,15.0,6.0,
4121,126,2023-06-05,11:15:00,12:25:00,6,15.0,1.5,
4122,186,2023-06-05,10:45:00,11:32:00,2,15.0,1.5,
4123,208,2023-06-05,13:15:00,14:22:00,6,15.0,0.0,
4124,137,2023-06-05,12:30:00,14:22:00,1,15.0,0.0,
4125,2,2023-06-05,15:15:00,16:13:00,6,15.0,6.0,
4126,14,2023-06-05,10:45:00,13:00:00,11,15.0,0.0,
4127,233,2023-06-06,10:15:00,12:33:00,10,15.0,3.75,
4128,56,2023-06-06,15:30:00,16:44:00,11,15.0,3.75,
4129,69,2023-06-06,14:15:00,16:26:00,5,15.0,3.75,
4130,75,2023-06-06,13:30:00,14:58:00,13,15.0,1.5,
4131,43,2023-06-06,09:15:00,11:24:00,12,15.0,3.75,
4132,27,2023-06-06,15:15:00,16:05:00,13,15.0,6.0,
4133,148,2023-06-06,13:00:00,14:26:00,6,15.0,1.5,
4134,207,2023-06-06,11:15:00,12:21:00,5,15.0,6.0,
4135,2,2023-06-06,10:30:00,12:00:00,1,15.0,6.0,
4136,110,2023-06-06,16:30:00,18:33:00,2,15.0,3.75,
4137,143,2023-06-06,12:00:00,13:35:00,11,15.0,3.75,
4138,238,2023-06-06,13:00:00,14:45:00,7,15.0,1.5,
4139,237,2023-06-06,15:00:00,15:53:00,4,15.0,3.75,
4140,218,2023-06-06,12:45:00,13:59:00,1,15.0,1.5,
4141,39,2023-06-06,14:00:00,15:14:00,12,15.0,1.5,
4142,36,2023-06-07,15:15:00,16:54:00,6,15.0,3.75,
4143,92,2023-06-07,14:15:00,15:36:00,11,15.0,0.0,
4144,4,2023-06-07,09:15:00,10:02:00,2,15.0,3.75,
4145,4,2023-06-07,12:15:00,13:07:00,11,15.0,3.75,
4146,92,2023-06-07,13:30:00,14:18:00,14,15.0,0.0,
4147,27,2023-06-07,15:30:00,17:30:00,6,15.0,6.0,
4148,2,2023-06-07,10:00:00,12:12:00,13,15.0,6.0,
4149,9,2023-06-07,12:15:00,14:41:00,7,15.0,1.5,
4150,165,2023-06-07,16:15:00,17:33:00,1,15.0,6.0,
4151,234,2023-06-07,16:45:00,18:40:00,2,15.0,0.0,
4152,1,2023-06-07,11:15:00,13:08:00,3,15.0,6.0,
4153,73,2023-06-07,13:00:00,14:22:00,3,15.0,3.75,
4154,186,2023-06-07,12:00:00,14:01:00,4,15.0,1.5,
4155,3,2023-06-07,15:30:00,16:52:00,10,15.0,3.75,
4156,165,2023-06-07,12:30:00,14:31:00,1,15.0,6.0,
4157,128,2023-06-08,16:15:00,17:25:00,10,15.0,1.5,
4158,67,2023-06-08,11:30:00,13:23:00,4,15.0,3.75,
4159,1,2023-06-08,09:45:00,11:02:00,6,15.0,6.0,
4160,58,2023-06-08,15:30:00,17:33:00,4,15.0,0.0,
4161,64,2023-06-08,11:15:00,12:19:00,10,15.0,1.5,
4162,128,2023-06-08,10:00:00,10:59:00,2,15.0,1.5,
4163,2,2023-06-08,16:45:00,17:31:00,3,15.0,6.0,
4164,10,2023-06-08,15:45:00,18:10:00,7,15.0,1.5,
4165,107,2023-06-08,16:30:00,17:15:00,3,15.0,3.75,
4166,98,2023-06-08,11:00:00,11:49:00,5,15.0,3.75,
4167,73,2023-06-08,10:30:00,11:20:00,12,15.0,3.75,
4168,1,2023-06-08,09:00:00,11:21:00,13,15.0,6.0,
4169,13,2023-06-08,10:45:00,12:43:00,6,15.0,0.0,
4170,7,2023-06-08,16:30:00,18:30:00,6,15.0,1.5,
4171,11,2023-06-08,10:45:00,11:31:00,13,15.0,0.0,
4172,183,2023-06-08,11:15:00,12:31:00,3,15.0,1.5,
4173,238,2023-06-08,16:30:00,17:52:00,6,15.0,1.5,
4174,218,2023-06-08,12:15:00,13:20:00,7,15.0,1.5,
4175,56,2023-06-08,10:30:00,11:38:00,4,15.0,3.75,
4176,148,2023-06-08,14:45:00,16:24:00,12,15.0,1.5,
4177,107,2023-06-08,12:00:00,14:05:00,14,15.0,3.75,
4178,7,2023-06-08,14:15:00,15:56:00,10,15.0,1.5,
4179,56,2023-06-09,09:15:00,11:40:00,4,15.0,3.75,
4180,2,2023-06-09,10:00:00,12:12:00,11,15.0,6.0,
4181,92,2023-06-09,14:45:00,15:32:00,11,15.0,0.0,
4182,217,2023-06-09,11:15:00,13:11:00,1,15.0,1.5,
4183,194,2023-06-09,13:15:00,14:40:00,12,15.0,1.5,
4184,217,2023-06-09,12:30:00,13:58:00,5,15.0,1.5,
4185,189,2023-06-09,13:00:00,14:24:00,12,15.0,3.75,
4186,120,2023-06-09,16:00:00,17:22:00,6,15.0,1.5,
4187,53,2023-06-09,09:45:00,11:01:00,10,15.0,1.5,
4188,69,2023-06-09,12:30:00,14:05:00,1,15.0,3.75,
4189,218,2023-06-09,13:30:00,14:35:00,13,15.0,1.5,
4190,101,2023-06-09,11:45:00,13:05:00,13,15.0,0.0,
4191,75,2023-06-09,15:30:00,17:19:00,2,15.0,1.5,
4192,69,2023-06-09,15:30:00,17:26:00,10,15.0,3.75,
4193,120,2023-06-10,16:00:00,17:47:00,2,15.0,1.5,
4194,118,2023-06-10,09:30:00,11:15:00,2,15.0,3.75,
4195,233,2023-06-10,11:15:00,12:20:00,14,15.0,3.75,
4196,198,2023-06-10,15:00:00,16:13:00,1,15.0,3.75,
4197,218,2023-06-10,12:45:00,15:05:00,11,15.0,1.5,
4198,240,2023-06-10,14:45:00,17:06:00,7,15.0,6.0,
4199,56,2023-06-10,09:30:00,11:03:00,13,15.0,3.75,
4200,165,2023-06-10,15:30:00,18:00:00,5,15.0,6.0,
4201,69,2023-06-10,11:30:00,12:38:00,13,15.0,3.75,
4202,36,2023-06-10,09:15:00,11:34:00,11,15.0,3.75,
4203,223,2023-06-10,12:00:00,14:08:00,4,15.0,1.5,
4204,238,2023-06-10,13:15:00,14:43:00,10,15.0,1.5,
4205,68,2023-06-10,12:00:00,13:56:00,11,15.0,0.0,
4206,92,2023-06-10,14:00:00,15:13:00,6,15.0,0.0,
4207,223,2023-06-10,13:30:00,15:46:00,5,15.0,1.5,
4208,110,2023-06-10,12:45:00,14:18:00,12,15.0,3.75,
4209,82,2023-06-10,12:00:00,14:13:00,5,15.0,1.5,
4210,15,2023-06-10,09:45:00,10:39:00,6,15.0,0.0,
4211,69,2023-06-10,11:15:00,13:11:00,1,15.0,3.75,
4212,76,2023-06-10,14:30:00,15:42:00,2,15.0,3.75,
4213,107,2023-06-10,09:15:00,10:55:00,5,15.0,3.75,
4214,118,2023-06-10,12:15:00,13:49:00,5,15.0,3.75,
4215,233,2023-06-10,16:00:00,18:07:00,12,15.0,3.75,
4216,233,2023-06-10,14:15:00,16:13:00,5,15.0,3.75,
4217,183,2023-06-10,10:15:00,11:49:00,4,15.0,1.5,
4218,118,2023-06-10,16:00:00,17:56:00,12,15.0,3.75,
4219,165,2023-06-10,10:15:00,11:08:00,4,15.0,6.0,
4220,235,2023-06-10,10:15:00,11:42:00,11,15.0,0.0,
4221,8,2023-06-10,12:30:00,13:21:00,1,15.0,1.5,
4222,4,2023-06-11,15:00:00,17:17:00,11,15.0,3.75,
4223,68,2023-06-11,09:45:00,12:02:00,13,15.0,0.0,
4224,3,2023-06-11,16:30:00,18:30:00,11,15.0,3.75,
4225,121,2023-06-11,10:15:00,12:16:00,10,15.0,1.5,
4226,27,2023-06-11,16:30:00,18:12:00,14,15.0,6.0,
4227,56,2023-06-11,14:45:00,15:57:00,13,15.0,3.75,
4228,165,2023-06-11,12:30:00,13:42:00,13,15.0,6.0,
4229,27,2023-06-11,10:45:00,12:21:00,10,15.0,6.0,
4230,235,2023-06-11,14:00:00,15:50:00,5,15.0,0.0,
4231,57,2023-06-11,10:15:00,11:18:00,2,15.0,1.5,
4232,3,2023-06-11,14:00:00,16:16:00,7,15.0,3.75,
4233,118,2023-06-11,10:30:00,11:43:00,5,15.0,3.75,
4234,82,2023-06-11,15:15:00,17:41:00,7,15.0,1.5,
4235,3,2023-06-11,09:45:00,11:45:00,4,15.0,3.75,
4236,143,2023-06-11,15:45:00,17:48:00,13,15.0,3.75,
4237,121,2023-06-11,16:30:00,18:33:00,4,15.0,1.5,
4238,1,2023-06-11,16:45:00,18:29:00,12,15.0,6.0,
4239,5,2023-06-11,14:15:00,16:39:00,11,15.0,3.75,
4240,7,2023-06-12,11:15:00,13:08:00,10,15.0,1.5,
4241,11,2023-06-12,10:15:00,12:20:00,13,15.0,0.0,
4242,114,2023-06-12,15:00:00,16:36:00,5,15.0,1.5,
4243,118,2023-06-12,15:30:00,16:54:00,14,15.0,3.75,
4244,148,2023-06-12,12:15:00,13:50:00,6,15.0,1.5,
4245,8,2023-06-12,12:15:00,13:53:00,11,15.0,1.5,
4246,5,2023-06-12,15:00:00,16:52:00,14,15.0,3.75,
4247,8,2023-06-12,14:15:00,16:04:00,3,15.0,1.5,
4248,189,2023-06-12,14:15:00,15:23:00,13,15.0,3.75,
4249,13,2023-06-12,10:00:00,11:19:00,11,15.0,0.0,
4250,73,2023-06-12,15:45:00,18:08:00,10,15.0,3.75,
4251,236,2023-06-12,16:00:00,18:23:00,12,15.0,1.5,
4252,64,2023-06-12,15:45:00,17:05:00,6,15.0,1.5,
4253,107,2023-06-12,11:30:00,13:45:00,7,15.0,3.75,
4254,137,2023-06-13,16:00:00,17:27:00,14,15.0,0.0,
4255,3,2023-06-13,16:15:00,17:46:00,2,15.0,3.75,
4256,231,2023-06-13,10:15:00,11:13:00,4,15.0,1.5,
4257,69,2023-06-13,14:30:00,15:42:00,6,15.0,3.75,
4258,204,2023-06-13,12:30:00,14:40:00,1,15.0,0.0,
4259,217,2023-06-13,10:00:00,12:20:00,1,15.0,1.5,
4260,8,2023-06-13,15:45:00,17:02:00,1,15.0,1.5,
4261,154,2023-06-13,11:15:00,12:14:00,13,15.0,0.0,
4262,77,2023-06-13,11:30:00,13:49:00,5,15.0,1.5,
4263,143,2023-06-14,14:30:00,16:05:00,1,15.0,3.75,
4264,172,2023-06-14,16:15:00,18:03:00,10,15.0,1.5,
4265,239,2023-06-14,10:15:00,11:29:00,13,15.0,0.0,
4266,179,2023-06-14,12:30:00,14:14:00,1,15.0,3.75,
4267,2,2023-06-14,12:00:00,13:25:00,3,15.0,6.0,
4268,92,2023-06-14,14:15:00,15:12:00,3,15.0,0.0,
4269,128,2023-06-14,09:30:00,11:56:00,12,15.0,1.5,
4270,77,2023-06-14,14:15:00,16:27:00,13,15.0,1.5,
4271,207,2023-06-14,16:00:00,18:25:00,3,15.0,6.0,
4272,179,2023-06-14,10:30:00,11:18:00,5,15.0,3.75,
4273,189,2023-06-14,15:45:00,18:05:00,14,15.0,3.75,
4274,47,2023-06-14,10:45:00,12:27:00,13,15.0,1.5,
4275,110,2023-06-14,10:00:00,11:47:00,11,15.0,3.75,
4276,63,2023-06-14,14:30:00,16:02:00,3,15.0,1.5,
4277,27,2023-06-14,11:15:00,12:08:00,12,15.0,6.0,
4278,110,2023-06-14,11:45:00,13:18:00,4,15.0,3.75,
4279,165,2023-06-14,13:30:00,15:07:00,7,15.0,6.0,
4280,189,2023-06-15,09:00:00,10:28:00,12,15.0,3.75,
4281,47,2023-06-15,10:15:00,11:45:00,5,15.0,1.5,
4282,217,2023-06-15,16:30:00,17:43:00,1,15.0,1.5,
4283,52,2023-06-15,11:00:00,13:18:00,11,15.0,1.5,
4284,5,2023-06-15,15:45:00,16:36:00,5,15.0,3.75,
4285,160,2023-06-15,15:00:00,17:12:00,4,15.0,3.75,
4286,92,2023-06-15,14:30:00,16:43:00,10,15.0,0.0,
4287,240,2023-06-15,14:45:00,15:53:00,11,15.0,6.0,
4288,207,2023-06-15,14:00:00,16:04:00,10,15.0,6.0,
4289,69,2023-06-15,11:45:00,14:10:00,2,15.0,3.75,
4290,8,2023-06-15,11:00:00,12:17:00,3,15.0,1.5,
4291,233,2023-06-15,14:45:00,16:25:00,7,15.0,3.75,
4292,165,2023-06-15,10:15:00,12:33:00,4,15.0,6.0,
4293,143,2023-06-16,09:45:00,10:32:00,2,15.0,3.75,
4294,107,2023-06-16,10:45:00,12:43:00,5,15.0,3.75,
4295,160,2023-06-16,09:45:00,10:30:00,2,15.0,3.75,
4296,3,2023-06-16,15:00:00,17:19:00,2,15.0,3.75,
4297,47,2023-06-16,12:45:00,14:04:00,11,15.0,1.5,
4298,74,2023-06-16,10:15:00,11:45:00,2,15.0,3.75,
4299,238,2023-06-16,15:15:00,17:32:00,7,15.0,1.5,
4300,2,2023-06-16,09:15:00,10:21:00,6,15.0,6.0,
4301,97,2023-06-16,15:45:00,17:20:00,1,15.0,1.5,
4302,2,2023-06-16,15:30:00,16:40:00,12,15.0,6.0,
4303,217,2023-06-16,12:15:00,13:07:00,4,15.0,1.5,
4304,98,2023-06-17,09:00:00,11:10:00,5,15.0,3.75,
4305,232,2023-06-17,09:45:00,10:33:00,3,15.0,3.75,
4306,75,2023-06-17,09:30:00,10:16:00,13,15.0,1.5,
4307,26,2023-06-17,11:00:00,12:18:00,12,15.0,0.0,
4308,92,2023-06-17,09:30:00,11:20:00,3,15.0,0.0,
4309,236,2023-06-17,13:15:00,14:26:00,11,15.0,1.5,
4310,165,2023-06-17,15:15:00,16:39:00,11,15.0,6.0,
4311,186,2023-06-17,10:00:00,11:35:00,2,15.0,1.5,
4312,64,2023-06-17,10:45:00,11:54:00,14,15.0,1.5,
4313,160,2023-06-17,12:00:00,14:07:00,2,15.0,3.75,
4314,233,2023-06-17,12:15:00,14:13:00,5,15.0,3.75,
4315,27,2023-06-17,09:45:00,12:05:00,13,15.0,6.0,
4316,240,2023-06-17,10:45:00,12:55:00,1,15.0,6.0,
4317,204,2023-06-17,13:00:00,13:50:00,2,15.0,0.0,
4318,63,2023-06-17,15:45:00,17:42:00,11,15.0,1.5,
4319,1,2023-06-17,16:00:00,16:58:00,6,15.0,6.0,
4320,103,2023-06-17,14:45:00,16:25:00,14,15.0,1.5,
4321,175,2023-06-17,13:15:00,14:10:00,2,15.0,0.0,
4322,172,2023-06-17,16:00:00,17:46:00,10,15.0,1.5,
4323,36,2023-06-17,13:15:00,15:01:00,4,15.0,3.75,
4324,13,2023-06-17,11:00:00,13:02:00,2,15.0,0.0,
4325,27,2023-06-17,09:30:00,11:32:00,12,15.0,6.0,
4326,107,2023-06-17,14:30:00,15:23:00,1,15.0,3.75,
4327,237,2023-06-18,14:45:00,16:56:00,6,15.0,3.75,
4328,232,2023-06-18,10:30:00,11:53:00,3,15.0,3.75,
4329,156,2023-06-18,15:15:00,17:06:00,6,15.0,0.0,
4330,52,2023-06-18,10:15:00,11:11:00,13,15.0,1.5,
4331,69,2023-06-18,10:15:00,12:28:00,1,15.0,3.75,
4332,240,2023-06-18,09:30:00,10:52:00,1,15.0,6.0,
4333,2,2023-06-18,14:00:00,15:11:00,14,15.0,6.0,
4334,56,2023-06-18,10:30:00,12:01:00,5,15.0,3.75,
4335,160,2023-06-18,10:00:00,11:07:00,7,15.0,3.75,
4336,27,2023-06-18,15:45:00,18:13:00,6,15.0,6.0,
4337,77,2023-06-18,11:00:00,13:07:00,4,15.0,1.5,
4338,172,2023-06-18,12:30:00,14:38:00,2,15.0,1.5,
4339,2,2023-06-18,16:15:00,17:28:00,6,15.0,6.0,
4340,68,2023-06-18,15:00:00,16:05:00,1,15.0,0.0,
4341,43,2023-06-18,14:00:00,14:57:00,5,15.0,3.75,
4342,18,2023-06-18,15:15:00,16:34:00,11,15.0,0.0,
4343,20,2023-06-18,10:30:00,12:02:00,11,15.0,0.0,
4344,69,2023-06-18,16:00:00,16:46:00,14,15.0,3.75,
4345,179,2023-06-18,10:00:00,11:06:00,6,15.0,3.75,
4346,223,2023-06-19,09:30:00,10:48:00,1,15.0,1.5,
4347,9,2023-06-19,12:30:00,13:23:00,5,15.0,1.5,
4348,196,2023-06-19,12:45:00,14:15:00,10,15.0,1.5,
4349,189,2023-06-19,11:00:00,12:41:00,6,15.0,3.75,
4350,4,2023-06-19,13:45:00,15:04:00,7,15.0,3.75,
4351,160,2023-06-19,09:30:00,10:25:00,3,15.0,3.75,
4352,43,2023-06-19,15:45:00,18:02:00,3,15.0,3.75,
4353,52,2023-06-19,12:00:00,14:20:00,3,15.0,1.5,
4354,2,2023-06-19,09:30:00,10:29:00,5,15.0,6.0,
4355,165,2023-06-19,09:15:00,10:44:00,13,15.0,6.0,
4356,43,2023-06-19,11:45:00,13:41:00,10,15.0,3.75,
4357,59,2023-06-19,13:45:00,14:34:00,2,15.0,1.5,
4358,189,2023-06-19,15:00:00,17:24:00,2,15.0,3.75,
4359,13,2023-06-20,10:30:00,12:58:00,5,15.0,0.0,
4360,2,2023-06-20,11:00:00,11:48:00,3,15.0,6.0,
4361,67,2023-06-20,10:45:00,12:13:00,10,15.0,3.75,
4362,5,2023-06-20,15:30:00,18:00:00,2,15.0,3.75,
4363,27,2023-06-20,11:00:00,13:21:00,4,15.0,6.0,
4364,233,2023-06-20,11:45:00,12:34:00,2,15.0,3.75,
4365,240,2023-06-20,09:15:00,10:15:00,13,15.0,6.0,
4366,84,2023-06-20,13:00:00,14:46:00,12,15.0,0.0,
4367,12,2023-06-20,16:30:00,18:26:00,6,15.0,0.0,
4368,2,2023-06-20,10:15:00,12:06:00,12,15.0,6.0,
4369,27,2023-06-20,12:30:00,14:49:00,3,15.0,6.0,
4370,98,2023-06-20,10:00:00,12:01:00,13,15.0,3.75,
4371,240,2023-06-20,09:30:00,11:12:00,10,15.0,6.0,
4372,237,2023-06-20,10:45:00,13:06:00,11,15.0,3.75,
4373,222,2023-06-21,15:15:00,16:01:00,3,15.0,0.0,
4374,74,2023-06-21,11:00:00,13:08:00,5,15.0,3.75,
4375,143,2023-06-21,14:00:00,15:53:00,14,15.0,3.75,
4376,111,2023-06-21,11:00:00,12:49:00,12,15.0,1.5,
4377,5,2023-06-21,13:15:00,15:42:00,1,15.0,3.75,
4378,2,2023-06-21,09:45:00,11:53:00,5,15.0,6.0,
4379,196,2023-06-21,10:45:00,11:46:00,12,15.0,1.5,
4380,4,2023-06-21,10:45:00,12:15:00,3,15.0,3.75,
4381,154,2023-06-21,14:30:00,16:48:00,13,15.0,0.0,
4382,237,2023-06-21,16:00:00,17:09:00,1,15.0,3.75,
4383,120,2023-06-21,13:15:00,14:52:00,3,15.0,1.5,
4384,13,2023-06-21,16:30:00,18:47:00,1,15.0,0.0,
4385,18,2023-06-21,11:30:00,12:49:00,13,15.0,0.0,
4386,47,2023-06-21,11:00:00,12:01:00,7,15.0,1.5,
4387,235,2023-06-21,13:30:00,15:33:00,12,15.0,0.0,
4388,207,2023-06-21,11:00:00,12:00:00,7,15.0,6.0,
4389,218,2023-06-21,14:45:00,16:41:00,13,15.0,1.5,
4390,98,2023-06-21,09:15:00,10:18:00,13,15.0,3.75,
4391,6,2023-06-21,09:30:00,11:10:00,13,15.0,1.5,
4392,5,2023-06-21,13:15:00,15:27:00,6,15.0,3.75,
4393,64,2023-06-21,14:45:00,16:31:00,4,15.0,1.5,
4394,2,2023-06-22,12:15:00,14:36:00,6,15.0,6.0,
4395,68,2023-06-22,11:00:00,12:36:00,5,15.0,0.0,
4396,237,2023-06-22,13:45:00,15:44:00,4,15.0,3.75,
4397,82,2023-06-22,15:45:00,17:18:00,11,15.0,1.5,
4398,101,2023-06-22,11:15:00,13:17:00,6,15.0,0.0,
4399,180,2023-06-22,10:15:00,11:26:00,14,15.0,0.0,
4400,189,2023-06-22,12:30:00,14:11:00,12,15.0,3.75,
4401,38,2023-06-23,15:15:00,17:04:00,7,15.0,1.5,
4402,183,2023-06-23,11:15:00,13:25:00,11,15.0,1.5,
4403,47,2023-06-23,16:45:00,18:50:00,6,15.0,1.5,
4404,27,2023-06-23,11:45:00,13:23:00,13,15.0,6.0,
4405,5,2023-06-23,12:00:00,13:13:00,13,15.0,3.75,
4406,118,2023-06-23,14:15:00,16:09:00,11,15.0,3.75,
4407,26,2023-06-23,12:00:00,13:42:00,4,15.0,0.0,
4408,72,2023-06-23,14:00:00,15:53:00,11,15.0,0.0,
4409,74,2023-06-23,12:45:00,15:05:00,13,15.0,3.75,
4410,82,2023-06-23,13:30:00,14:52:00,6,15.0,1.5,
4411,92,2023-06-23,10:00:00,10:52:00,10,15.0,0.0,
4412,5,2023-06-23,13:30:00,15:02:00,14,15.0,3.75,
4413,179,2023-06-24,15:15:00,17:25:00,13,15.0,3.75,
4414,98,2023-06-24,15:00:00,17:19:00,1,15.0,3.75,
4415,223,2023-06-24,11:45:00,13:10:00,4,15.0,1.5,
4416,8,2023-06-24,15:00:00,17:21:00,12,15.0,1.5,
4417,43,2023-06-24,09:30:00,11:53:00,4,15.0,3.75,
4418,165,2023-06-24,09:00:00,10:18:00,7,15.0,6.0,
4419,129,2023-06-24,13:30:00,15:35:00,13,15.0,0.0,
4420,38,2023-06-24,10:00:00,10:51:00,5,15.0,1.5,
4421,58,2023-06-24,14:15:00,16:11:00,7,15.0,0.0,
4422,74,2023-06-24,10:00:00,12:06:00,2,15.0,3.75,
4423,75,2023-06-24,16:30:00,17:17:00,12,15.0,1.5,
4424,184,2023-06-24,12:45:00,13:48:00,14,15.0,0.0,
4425,25,2023-06-24,15:30:00,17:13:00,14,15.0,1.5,
4426,232,2023-06-24,09:45:00,11:07:00,12,15.0,3.75,
4427,98,2023-06-24,13:15:00,15:14:00,6,15.0,3.75,
4428,179,2023-06-24,14:45:00,16:55:00,10,15.0,3.75,
4429,111,2023-06-24,14:00:00,15:38:00,5,15.0,1.5,
4430,237,2023-06-25,14:45:00,16:24:00,14,15.0,3.75,
4431,74,2023-06-25,14:30:00,16:35:00,5,15.0,3.75,
4432,237,2023-06-25,16:00:00,18:10:00,4,15.0,3.75,
4433,107,2023-06-25,10:45:00,13:14:00,10,15.0,3.75,
4434,5,2023-06-25,14:30:00,15:52:00,1,15.0,3.75,
4435,189,2023-06-25,10:45:00,12:08:00,1,15.0,3.75,
4436,189,2023-06-25,16:00:00,17:13:00,4,15.0,3.75,
4437,27,2023-06-25,15:45:00,17:16:00,7,15.0,6.0,
4438,1,2023-06-25,14:30:00,16:53:00,5,15.0,6.0,
4439,237,2023-06-25,11:15:00,13:30:00,13,15.0,3.75,
4440,64,2023-06-25,12:00:00,13:06:00,1,15.0,1.5,
4441,1,2023-06-25,15:15:00,17:15:00,14,15.0,6.0,
4442,52,2023-06-25,10:30:00,12:34:00,3,15.0,1.5,
4443,5,2023-06-25,15:15:00,16:43:00,7,15.0,3.75,
4444,232,2023-06-25,13:45:00,16:09:00,2,15.0,3.75,
4445,236,2023-06-25,12:45:00,15:05:00,1,15.0,1.5,
4446,218,2023-06-25,15:00:00,16:13:00,12,15.0,1.5,
4447,1,2023-06-25,16:30:00,18:44:00,10,15.0,6.0,
4448,197,2023-06-25,14:00:00,16:23:00,2,15.0,1.5,
4449,111,2023-06-25,15:30:00,16:30:00,1,15.0,1.5,
4450,121,2023-06-25,15:45:00,18:09:00,6,15.0,1.5,
4451,77,2023-06-25,10:45:00,11:34:00,14,15.0,1.5,
4452,238,2023-06-25,15:30:00,17:11:00,13,15.0,1.5,
4453,143,2023-06-25,11:00:00,12:34:00,4,15.0,3.75,
4454,114,2023-06-25,15:45:00,17:05:00,4,15.0,1.5,
4455,126,2023-06-25,14:15:00,15:54:00,12,15.0,1.5,
4456,3,2023-06-25,14:00:00,15:29:00,4,15.0,3.75,
4457,74,2023-06-26,10:45:00,11:58:00,5,15.0,3.75,
4458,201,2023-06-26,10:00:00,12:25:00,6,15.0,1.5,
4459,11,2023-06-26,10:15:00,12:31:00,7,15.0,0.0,
4460,74,2023-06-26,13:15:00,15:16:00,14,15.0,3.75,
4461,2,2023-06-26,09:45:00,10:46:00,12,15.0,6.0,
4462,74,2023-06-26,15:00:00,15:49:00,10,15.0,3.75,
4463,27,2023-06-26,10:00:00,11:28:00,7,15.0,6.0,
4464,8,2023-06-26,12:00:00,13:13:00,3,15.0,1.5,
4465,9,2023-06-26,13:30:00,15:49:00,14,15.0,1.5,
4466,71,2023-06-26,14:45:00,16:23:00,2,15.0,1.5,
4467,2,2023-06-26,13:15:00,14:47:00,6,15.0,6.0,
4468,233,2023-06-26,10:15:00,11:59:00,14,15.0,3.75,
4469,73,2023-06-26,12:30:00,13:59:00,5,15.0,3.75,
4470,240,2023-06-26,10:00:00,10:46:00,5,15.0,6.0,
4471,189,2023-06-26,15:30:00,16:50:00,10,15.0,3.75,
4472,56,2023-06-27,11:15:00,12:26:00,12,15.0,3.75,
4473,103,2023-06-27,15:00:00,16:35:00,6,15.0,1.5,
4474,161,2023-06-27,13:45:00,14:44:00,6,15.0,0.0,
4475,143,2023-06-27,14:30:00,16:28:00,4,15.0,3.75,
4476,31,2023-06-27,09:45:00,11:49:00,10,15.0,1.5,
4477,3,2023-06-27,12:00:00,14:18:00,6,15.0,3.75,
4478,160,2023-06-27,16:45:00,18:07:00,2,15.0,3.75,
4479,240,2023-06-27,14:15:00,15:03:00,7,15.0,6.0,
4480,8,2023-06-27,09:15:00,11:23:00,12,15.0,1.5,
4481,39,2023-06-27,16:45:00,18:01:00,13,15.0,1.5,
4482,248,2023-06-27,12:45:00,13:32:00,5,15.0,0.0,
4483,36,2023-06-27,14:45:00,15:47:00,5,15.0,3.75,
4484,217,2023-06-28,11:30:00,12:50:00,6,15.0,1.5,
4485,6,2023-06-28,16:15:00,18:02:00,7,15.0,1.5,
4486,120,2023-06-28,15:00:00,17:30:00,5,15.0,1.5,
4487,201,2023-06-28,09:00:00,10:13:00,11,15.0,1.5,
4488,35,2023-06-28,10:00:00,10:53:00,11,15.0,0.0,
4489,235,2023-06-28,09:30:00,10:49:00,4,15.0,0.0,
4490,217,2023-06-28,10:15:00,11:31:00,6,15.0,1.5,
4491,21,2023-06-28,10:00:00,11:06:00,10,15.0,1.5,
4492,2,2023-06-28,13:30:00,15:44:00,12,15.0,6.0,
4493,2,2023-06-28,09:00:00,10:54:00,14,15.0,6.0,
4494,186,2023-06-28,10:00:00,12:08:00,6,15.0,1.5,
4495,57,2023-06-28,11:45:00,12:55:00,11,15.0,1.5,
4496,165,2023-06-28,10:30:00,11:55:00,14,15.0,6.0,
4497,197,2023-06-28,10:15:00,11:30:00,14,15.0,1.5,
4498,38,2023-06-28,15:15:00,17:33:00,5,15.0,1.5,
4499,52,2023-06-29,16:00:00,17:07:00,2,15.0,1.5,
4500,240,2023-06-29,10:30:00,11:36:00,1,15.0,6.0,
4501,73,2023-06-29,15:15:00,16:23:00,7,15.0,3.75,
4502,240,2023-06-29,11:15:00,12:30:00,2,15.0,6.0,
4503,25,2023-06-29,13:00:00,14:03:00,13,15.0,1.5,
4504,82,2023-06-29,09:15:00,10:41:00,4,15.0,1.5,
4505,218,2023-06-29,16:15:00,17:21:00,11,15.0,1.5,
4506,92,2023-06-29,14:15:00,16:10:00,14,15.0,0.0,
4507,231,2023-06-29,11:00:00,12:42:00,7,15.0,1.5,
4508,78,2023-06-29,09:30:00,11:42:00,14,15.0,0.0,
4509,53,2023-06-30,14:45:00,16:41:00,6,15.0,1.5,
4510,4,2023-06-30,12:15:00,14:15:00,2,15.0,3.75,
4511,67,2023-06-30,12:15:00,14:24:00,1,15.0,3.75,
4512,69,2023-06-30,10:00:00,11:55:00,14,15.0,3.75,
4513,110,2023-06-30,13:30:00,14:18:00,3,15.0,3.75,
4514,39,2023-06-30,12:30:00,13:16:00,14,15.0,1.5,
4515,15,2023-06-30,11:00:00,12:11:00,12,15.0,0.0,
4516,1,2023-06-30,15:45:00,16:43:00,10,15.0,6.0,
4517,236,2023-06-30,11:15:00,12:34:00,12,15.0,1.5,
4518,98,2023-06-30,15:00:00,17:08:00,11,15.0,3.75,
4519,46,2023-06-30,16:00:00,18:15:00,10,15.0,0.0,
4520,107,2023-06-30,14:30:00,15:51:00,3,15.0,3.75,
4521,128,2023-06-30,14:15:00,15:30:00,5,15.0,1.5,
4522,189,2023-06-30,10:45:00,11:42:00,7,15.0,3.75,
4523,189,2023-06-30,16:00:00,18:16:00,11,15.0,3.75,
4524,4,2023-07-01,12:15:00,14:14:00,2,15.0,3.75,
4525,69,2023-07-01,12:30:00,14:00:00,7,15.0,3.75,
4526,2,2023-07-01,12:00:00,13:27:00,1,15.0,6.0,
4527,237,2023-07-01,10:45:00,12:24:00,3,15.0,3.75,
4528,82,2023-07-01,12:30:00,13:42:00,2,15.0,1.5,
4529,1,2023-07-01,16:15:00,18:42:00,7,15.0,6.0,
4530,142,2023-07-01,14:45:00,15:40:00,11,15.0,1.5,
4531,160,2023-07-01,14:45:00,16:06:00,5,15.0,3.75,
4532,214,2023-07-01,11:30:00,12:59:00,12,15.0,0.0,
4533,43,2023-07-01,10:30:00,12:44:00,14,15.0,3.75,
4534,9,2023-07-01,09:00:00,10:48:00,3,15.0,1.5,
4535,172,2023-07-01,16:30:00,17:35:00,13,15.0,1.5,
4536,103,2023-07-01,16:15:00,18:35:00,10,15.0,1.5,
4537,2,2023-07-01,10:45:00,12:12:00,14,15.0,6.0,
4538,75,2023-07-01,10:00:00,12:02:00,2,15.0,1.5,
4539,192,2023-07-01,12:30:00,13:42:00,13,15.0,0.0,
4540,236,2023-07-01,13:00:00,13:57:00,11,15.0,1.5,
4541,217,2023-07-01,16:00:00,17:09:00,14,15.0,1.5,
4542,37,2023-07-01,16:15:00,17:10:00,5,15.0,0.0,
4543,137,2023-07-01,10:45:00,11:47:00,12,15.0,0.0,
4544,10,2023-07-01,16:30:00,17:29:00,10,15.0,1.5,
4545,179,2023-07-01,16:00:00,18:24:00,3,15.0,3.75,
4546,74,2023-07-01,13:45:00,15:40:00,7,15.0,3.75,
4547,31,2023-07-02,14:15:00,16:26:00,13,15.0,1.5,
4548,107,2023-07-02,15:15:00,17:14:00,6,15.0,3.75,
4549,63,2023-07-02,09:15:00,10:24:00,3,15.0,1.5,
4550,59,2023-07-02,12:15:00,14:07:00,12,15.0,1.5,
4551,229,2023-07-02,15:30:00,16:15:00,1,15.0,0.0,
4552,75,2023-07-02,15:30:00,17:59:00,1,15.0,1.5,
4553,2,2023-07-02,14:15:00,15:35:00,11,15.0,6.0,
4554,233,2023-07-02,11:45:00,13:21:00,13,15.0,3.75,
4555,25,2023-07-02,09:45:00,11:38:00,11,15.0,1.5,
4556,236,2023-07-02,13:45:00,16:08:00,5,15.0,1.5,
4557,223,2023-07-02,16:30:00,18:31:00,14,15.0,1.5,
4558,107,2023-07-02,10:30:00,12:59:00,6,15.0,3.75,
4559,17,2023-07-02,10:15:00,11:29:00,1,15.0,0.0,
4560,71,2023-07-02,14:45:00,15:40:00,5,15.0,1.5,
4561,38,2023-07-02,13:45:00,15:57:00,2,15.0,1.5,
4562,4,2023-07-02,09:00:00,11:26:00,12,15.0,3.75,
4563,88,2023-07-03,14:00:00,15:24:00,14,15.0,0.0,
4564,82,2023-07-03,09:00:00,10:17:00,5,15.0,1.5,
4565,186,2023-07-03,12:30:00,14:45:00,10,15.0,1.5,
4566,60,2023-07-03,16:00:00,18:12:00,4,15.0,0.0,
4567,218,2023-07-03,16:45:00,18:00:00,5,15.0,1.5,
4568,67,2023-07-03,11:00:00,13:00:00,12,15.0,3.75,
4569,3,2023-07-03,12:15:00,13:28:00,2,15.0,3.75,
4570,243,2023-07-04,12:15:00,13:00:00,7,15.0,0.0,
4571,4,2023-07-04,14:45:00,16:41:00,6,15.0,3.75,
4572,5,2023-07-04,09:15:00,11:41:00,11,15.0,3.75,
4573,3,2023-07-04,15:15:00,16:24:00,2,15.0,3.75,
4574,27,2023-07-04,09:30:00,10:28:00,2,15.0,6.0,
4575,238,2023-07-04,13:30:00,14:47:00,2,15.0,1.5,
4576,75,2023-07-04,10:45:00,12:35:00,13,15.0,1.5,
4577,31,2023-07-04,10:00:00,11:42:00,10,15.0,1.5,
4578,68,2023-07-04,10:45:00,12:00:00,4,15.0,0.0,
4579,103,2023-07-04,11:00:00,13:02:00,4,15.0,1.5,
4580,73,2023-07-04,16:45:00,18:17:00,1,15.0,3.75,
4581,38,2023-07-04,15:15:00,16:10:00,4,15.0,1.5,
4582,36,2023-07-04,13:30:00,14:31:00,10,15.0,3.75,
4583,103,2023-07-05,11:30:00,12:20:00,2,15.0,1.5,
4584,232,2023-07-05,10:15:00,12:43:00,2,15.0,3.75,
4585,67,2023-07-05,11:00:00,13:08:00,2,15.0,3.75,
4586,8,2023-07-05,16:30:00,18:52:00,12,15.0,1.5,
4587,248,2023-07-05,11:00:00,13:04:00,6,15.0,0.0,
4588,148,2023-07-05,09:15:00,10:26:00,11,15.0,1.5,
4589,8,2023-07-05,16:00:00,17:25:00,11,15.0,1.5,
4590,143,2023-07-05,13:15:00,14:35:00,7,15.0,3.75,
4591,233,2023-07-05,14:30:00,16:52:00,10,15.0,3.75,
4592,16,2023-07-05,14:00:00,15:51:00,13,15.0,0.0,
4593,103,2023-07-05,11:15:00,13:44:00,3,15.0,1.5,
4594,21,2023-07-05,13:45:00,15:30:00,2,15.0,1.5,
4595,98,2023-07-05,10:45:00,12:15:00,2,15.0,3.75,
4596,198,2023-07-05,13:00:00,13:47:00,1,15.0,3.75,
4597,110,2023-07-05,13:00:00,14:23:00,10,15.0,3.75,
4598,27,2023-07-05,09:00:00,10:41:00,1,15.0,6.0,
4599,74,2023-07-06,12:00:00,12:57:00,5,15.0,3.75,
4600,47,2023-07-06,16:30:00,17:47:00,5,15.0,1.5,
4601,101,2023-07-06,10:15:00,11:24:00,6,15.0,0.0,
4602,165,2023-07-06,09:15:00,11:02:00,2,15.0,6.0,
4603,7,2023-07-06,13:00:00,14:53:00,2,15.0,1.5,
4604,98,2023-07-06,16:00:00,16:51:00,11,15.0,3.75,
4605,125,2023-07-06,12:30:00,15:00:00,4,15.0,0.0,
4606,26,2023-07-06,13:45:00,15:06:00,11,15.0,0.0,
4607,236,2023-07-06,12:00:00,13:51:00,3,15.0,1.5,
4608,92,2023-07-06,14:30:00,15:35:00,2,15.0,0.0,
4609,123,2023-07-06,10:00:00,11:35:00,4,15.0,0.0,
4610,179,2023-07-06,12:45:00,14:39:00,2,15.0,3.75,
4611,214,2023-07-06,10:15:00,12:02:00,4,15.0,0.0,
4612,64,2023-07-06,10:30:00,12:45:00,7,15.0,1.5,
4613,42,2023-07-06,16:00:00,18:18:00,12,15.0,1.5,
4614,56,2023-07-06,16:15:00,17:05:00,12,15.0,3.75,
4615,182,2023-07-06,14:30:00,16:40:00,4,15.0,1.5,
4616,179,2023-07-06,13:15:00,14:15:00,1,15.0,3.75,
4617,165,2023-07-06,10:00:00,11:12:00,10,15.0,6.0,
4618,11,2023-07-06,12:30:00,14:54:00,13,15.0,0.0,
4619,207,2023-07-07,13:45:00,14:44:00,7,15.0,6.0,
4620,204,2023-07-07,12:00:00,13:25:00,3,15.0,0.0,
4621,92,2023-07-07,13:00:00,14:57:00,11,15.0,0.0,
4622,78,2023-07-07,10:15:00,12:26:00,3,15.0,0.0,
4623,196,2023-07-07,16:00:00,18:23:00,1,15.0,1.5,
4624,2,2023-07-07,13:00:00,15:09:00,6,15.0,6.0,
4625,74,2023-07-07,12:00:00,12:50:00,1,15.0,3.75,
4626,98,2023-07-07,13:45:00,15:21:00,11,15.0,3.75,
4627,10,2023-07-07,16:45:00,19:15:00,4,15.0,1.5,
4628,201,2023-07-08,14:45:00,15:34:00,2,15.0,1.5,
4629,126,2023-07-08,15:45:00,18:00:00,5,15.0,1.5,
4630,8,2023-07-08,15:45:00,16:46:00,1,15.0,1.5,
4631,243,2023-07-08,15:45:00,18:15:00,2,15.0,0.0,
4632,47,2023-07-08,09:45:00,11:41:00,12,15.0,1.5,
4633,165,2023-07-08,15:30:00,16:16:00,14,15.0,6.0,
4634,14,2023-07-08,13:45:00,15:50:00,6,15.0,0.0,
4635,36,2023-07-08,09:30:00,10:47:00,4,15.0,3.75,
4636,123,2023-07-08,14:15:00,15:53:00,1,15.0,0.0,
4637,8,2023-07-08,09:30:00,11:26:00,3,15.0,1.5,
4638,197,2023-07-08,14:00:00,14:52:00,5,15.0,1.5,
4639,143,2023-07-08,15:30:00,17:02:00,10,15.0,3.75,
4640,103,2023-07-08,09:15:00,10:17:00,11,15.0,1.5,
4641,197,2023-07-08,12:45:00,14:56:00,7,15.0,1.5,
4642,98,2023-07-08,09:45:00,11:30:00,4,15.0,3.75,
4643,236,2023-07-08,14:00:00,15:54:00,11,15.0,1.5,
4644,7,2023-07-08,15:00:00,16:37:00,2,15.0,1.5,
4645,15,2023-07-09,09:30:00,11:28:00,10,15.0,0.0,
4646,8,2023-07-09,15:45:00,16:31:00,14,15.0,1.5,
4647,189,2023-07-09,10:30:00,11:37:00,11,15.0,3.75,
4648,175,2023-07-09,11:30:00,12:16:00,3,15.0,0.0,
4649,17,2023-07-09,15:00:00,17:13:00,12,15.0,0.0,
4650,15,2023-07-09,15:00:00,16:58:00,1,15.0,0.0,
4651,118,2023-07-09,10:45:00,12:51:00,1,15.0,3.75,
4652,175,2023-07-09,11:15:00,12:58:00,12,15.0,0.0,
4653,44,2023-07-09,16:15:00,18:11:00,14,15.0,1.5,
4654,11,2023-07-09,09:30:00,11:26:00,7,15.0,0.0,
4655,148,2023-07-09,14:15:00,16:32:00,13,15.0,1.5,
4656,217,2023-07-09,16:45:00,17:49:00,2,15.0,1.5,
4657,235,2023-07-09,10:30:00,11:41:00,12,15.0,0.0,
4658,42,2023-07-09,15:15:00,16:22:00,13,15.0,1.5,
4659,197,2023-07-09,15:15:00,16:00:00,2,15.0,1.5,
4660,186,2023-07-09,14:00:00,14:56:00,5,15.0,1.5,
4661,126,2023-07-09,16:45:00,19:14:00,1,15.0,1.5,
4662,197,2023-07-09,15:15:00,17:24:00,5,15.0,1.5,
4663,7,2023-07-09,12:45:00,14:37:00,11,15.0,1.5,
4664,4,2023-07-09,10:30:00,11:44:00,12,15.0,3.75,
4665,208,2023-07-09,09:15:00,10:00:00,1,15.0,0.0,
4666,75,2023-07-10,13:45:00,15:24:00,13,15.0,1.5,
4667,56,2023-07-10,16:45:00,18:14:00,13,15.0,3.75,
4668,3,2023-07-10,16:00:00,17:42:00,5,15.0,3.75,
4669,8,2023-07-10,14:30:00,15:19:00,2,15.0,1.5,
4670,107,2023-07-10,10:30:00,11:49:00,11,15.0,3.75,
4671,237,2023-07-10,14:45:00,17:14:00,7,15.0,3.75,
4672,26,2023-07-10,11:30:00,14:00:00,12,15.0,0.0,
4673,238,2023-07-10,09:00:00,10:43:00,4,15.0,1.5,
4674,27,2023-07-10,11:00:00,12:48:00,6,15.0,6.0,
4675,56,2023-07-10,15:30:00,17:03:00,11,15.0,3.75,
4676,77,2023-07-11,11:45:00,13:11:00,2,15.0,1.5,
4677,121,2023-07-11,09:30:00,10:38:00,2,15.0,1.5,
4678,214,2023-07-11,15:00:00,15:50:00,1,15.0,0.0,
4679,236,2023-07-11,10:30:00,12:11:00,1,15.0,1.5,
4680,43,2023-07-11,14:30:00,15:44:00,5,15.0,3.75,
4681,35,2023-07-11,13:45:00,15:32:00,5,15.0,0.0,
4682,160,2023-07-11,11:30:00,12:23:00,11,15.0,3.75,
4683,5,2023-07-11,16:15:00,18:40:00,13,15.0,3.75,
4684,42,2023-07-11,14:45:00,15:35:00,6,15.0,1.5,
4685,57,2023-07-11,09:00:00,10:26:00,11,15.0,1.5,
4686,237,2023-07-11,16:45:00,18:58:00,3,15.0,3.75,
4687,218,2023-07-11,15:15:00,17:29:00,4,15.0,1.5,
4688,207,2023-07-11,15:00:00,16:11:00,11,15.0,6.0,
4689,22,2023-07-12,10:00:00,11:07:00,12,15.0,0.0,
4690,35,2023-07-12,09:00:00,09:56:00,5,15.0,0.0,
4691,189,2023-07-12,09:45:00,11:44:00,12,15.0,3.75,
4692,27,2023-07-12,15:30:00,16:29:00,2,15.0,6.0,
4693,25,2023-07-12,16:30:00,18:46:00,12,15.0,1.5,
4694,98,2023-07-12,16:45:00,18:04:00,7,15.0,3.75,
4695,76,2023-07-12,13:00:00,13:53:00,1,15.0,3.75,
4696,67,2023-07-13,10:15:00,11:46:00,3,15.0,3.75,
4697,64,2023-07-13,16:45:00,18:51:00,6,15.0,1.5,
4698,143,2023-07-13,14:15:00,16:05:00,2,15.0,3.75,
4699,1,2023-07-13,10:15:00,11:49:00,14,15.0,6.0,
4700,237,2023-07-13,14:30:00,16:28:00,12,15.0,3.75,
4701,56,2023-07-13,13:45:00,15:24:00,3,15.0,3.75,
4702,11,2023-07-13,13:45:00,15:28:00,10,15.0,0.0,
4703,27,2023-07-13,09:00:00,09:57:00,2,15.0,6.0,
4704,232,2023-07-13,13:30:00,15:07:00,11,15.0,3.75,
4705,2,2023-07-13,10:45:00,12:49:00,1,15.0,6.0,
4706,165,2023-07-13,16:15:00,17:29:00,1,15.0,6.0,
4707,149,2023-07-13,13:45:00,14:53:00,1,15.0,1.5,
4708,5,2023-07-13,15:15:00,16:01:00,13,15.0,3.75,
4709,118,2023-07-13,16:45:00,17:40:00,6,15.0,3.75,
4710,180,2023-07-13,12:00:00,14:10:00,1,15.0,0.0,
4711,69,2023-07-13,09:30:00,11:39:00,11,15.0,3.75,
4712,74,2023-07-13,13:00:00,15:12:00,11,15.0,3.75,
4713,68,2023-07-14,11:30:00,12:57:00,12,15.0,0.0,
4714,5,2023-07-14,16:30:00,17:19:00,11,15.0,3.75,
4715,3,2023-07-14,09:30:00,11:42:00,10,15.0,3.75,
4716,221,2023-07-14,09:15:00,11:15:00,1,15.0,0.0,
4717,56,2023-07-14,14:00:00,15:32:00,12,15.0,3.75,
4718,78,2023-07-14,12:15:00,13:06:00,7,15.0,0.0,
4719,78,2023-07-14,11:45:00,12:58:00,10,15.0,0.0,
4720,97,2023-07-14,16:15:00,17:56:00,2,15.0,1.5,
4721,172,2023-07-14,11:45:00,14:09:00,10,15.0,1.5,
4722,21,2023-07-14,13:00:00,14:39:00,11,15.0,1.5,
4723,137,2023-07-14,13:00:00,15:21:00,6,15.0,0.0,
4724,103,2023-07-14,09:15:00,11:23:00,1,15.0,1.5,
4725,237,2023-07-14,13:15:00,15:03:00,10,15.0,3.75,
4726,165,2023-07-14,14:45:00,17:07:00,1,15.0,6.0,
4727,43,2023-07-14,14:30:00,16:01:00,14,15.0,3.75,
4728,35,2023-07-14,12:30:00,13:16:00,10,15.0,0.0,
4729,137,2023-07-15,09:15:00,11:42:00,13,15.0,0.0,
4730,5,2023-07-15,15:00:00,16:04:00,5,15.0,3.75,
4731,123,2023-07-15,10:30:00,11:16:00,3,15.0,0.0,
4732,115,2023-07-15,14:45:00,16:07:00,3,15.0,0.0,
4733,172,2023-07-15,09:45:00,12:15:00,5,15.0,1.5,
4734,5,2023-07-15,10:15:00,11:09:00,11,15.0,3.75,
4735,35,2023-07-15,13:00:00,15:29:00,3,15.0,0.0,
4736,180,2023-07-15,11:30:00,13:56:00,13,15.0,0.0,
4737,1,2023-07-15,09:30:00,10:16:00,10,15.0,6.0,
4738,42,2023-07-15,09:15:00,10:58:00,14,15.0,1.5,
4739,237,2023-07-15,13:30:00,14:55:00,1,15.0,3.75,
4740,71,2023-07-15,12:15:00,14:13:00,11,15.0,1.5,
4741,114,2023-07-15,11:30:00,13:17:00,11,15.0,1.5,
4742,5,2023-07-15,09:15:00,10:48:00,6,15.0,3.75,
4743,72,2023-07-15,10:15:00,11:01:00,13,15.0,0.0,
4744,110,2023-07-15,16:45:00,17:42:00,14,15.0,3.75,
4745,57,2023-07-15,12:30:00,13:49:00,11,15.0,1.5,
4746,74,2023-07-15,12:15:00,13:44:00,1,15.0,3.75,
4747,165,2023-07-15,15:45:00,17:45:00,1,15.0,6.0,
4748,175,2023-07-15,11:30:00,12:57:00,2,15.0,0.0,
4749,236,2023-07-15,15:15:00,16:26:00,4,15.0,1.5,
4750,20,2023-07-16,10:00:00,11:38:00,14,15.0,0.0,
4751,8,2023-07-16,12:45:00,13:39:00,10,15.0,1.5,
4752,6,2023-07-16,11:15:00,12:21:00,6,15.0,1.5,
4753,103,2023-07-16,10:45:00,11:59:00,13,15.0,1.5,
4754,107,2023-07-16,11:15:00,12:30:00,1,15.0,3.75,
4755,189,2023-07-16,11:30:00,13:11:00,11,15.0,3.75,
4756,56,2023-07-16,15:00:00,16:04:00,5,15.0,3.75,
4757,69,2023-07-16,12:15:00,13:21:00,10,15.0,3.75,
4758,179,2023-07-16,09:45:00,11:42:00,14,15.0,3.75,
4759,80,2023-07-16,12:30:00,13:59:00,2,15.0,0.0,
4760,35,2023-07-16,10:00:00,12:25:00,7,15.0,0.0,
4761,13,2023-07-16,13:15:00,14:56:00,7,15.0,0.0,
4762,179,2023-07-16,13:45:00,15:04:00,11,15.0,3.75,
4763,208,2023-07-16,15:00:00,16:08:00,5,15.0,0.0,
4764,46,2023-07-16,09:15:00,10:01:00,6,15.0,0.0,
4765,69,2023-07-16,13:45:00,15:47:00,2,15.0,3.75,
4766,118,2023-07-16,15:30:00,16:55:00,11,15.0,3.75,
4767,2,2023-07-16,13:00:00,14:48:00,3,15.0,6.0,
4768,60,2023-07-17,15:45:00,17:27:00,3,15.0,0.0,
4769,236,2023-07-17,14:15:00,16:10:00,3,15.0,1.5,
4770,27,2023-07-17,09:15:00,10:16:00,12,15.0,6.0,
4771,123,2023-07-17,10:45:00,11:45:00,10,15.0,0.0,
4772,120,2023-07-17,11:45:00,14:13:00,13,15.0,1.5,
4773,2,2023-07-17,13:15:00,15:09:00,7,15.0,6.0,
4774,6,2023-07-17,14:15:00,15:00:00,7,15.0,1.5,
4775,5,2023-07-17,12:30:00,14:11:00,14,15.0,3.75,
4776,64,2023-07-17,12:00:00,14:19:00,6,15.0,1.5,
4777,179,2023-07-17,09:45:00,12:04:00,11,15.0,3.75,
4778,47,2023-07-17,15:15:00,16:22:00,5,15.0,1.5,
4779,9,2023-07-18,09:45:00,11:19:00,13,15.0,1.5,
4780,114,2023-07-18,09:30:00,10:40:00,2,15.0,1.5,
4781,182,2023-07-18,15:30:00,17:25:00,6,15.0,1.5,
4782,189,2023-07-18,10:45:00,13:06:00,2,15.0,3.75,
4783,231,2023-07-18,12:45:00,13:50:00,11,15.0,1.5,
4784,160,2023-07-18,16:15:00,18:31:00,2,15.0,3.75,
4785,26,2023-07-18,15:15:00,16:49:00,3,15.0,0.0,
4786,3,2023-07-18,12:15:00,13:46:00,5,15.0,3.75,
4787,217,2023-07-18,14:45:00,15:52:00,7,15.0,1.5,
4788,27,2023-07-18,15:30:00,16:31:00,3,15.0,6.0,
4789,5,2023-07-18,15:00:00,16:49:00,4,15.0,3.75,
4790,5,2023-07-18,16:45:00,18:15:00,7,15.0,3.75,
4791,186,2023-07-18,16:30:00,18:59:00,10,15.0,1.5,
4792,38,2023-07-18,11:30:00,12:46:00,3,15.0,1.5,
4793,137,2023-07-19,10:30:00,11:22:00,11,15.0,0.0,
4794,11,2023-07-19,11:45:00,12:42:00,1,15.0,0.0,
4795,69,2023-07-19,09:00:00,11:05:00,7,15.0,3.75,
4796,38,2023-07-19,09:30:00,11:04:00,12,15.0,1.5,
4797,111,2023-07-19,15:15:00,16:09:00,10,15.0,1.5,
4798,3,2023-07-19,12:00:00,13:11:00,1,15.0,3.75,
4799,105,2023-07-19,10:15:00,12:38:00,14,15.0,0.0,
4800,2,2023-07-19,15:00:00,16:07:00,14,15.0,6.0,
4801,238,2023-07-19,09:00:00,10:18:00,7,15.0,1.5,
4802,123,2023-07-19,15:00:00,16:59:00,14,15.0,0.0,
4803,26,2023-07-19,11:15:00,12:11:00,1,15.0,0.0,
4804,120,2023-07-19,14:00:00,15:54:00,2,15.0,1.5,
4805,21,2023-07-19,15:15:00,16:14:00,4,15.0,1.5,
4806,195,2023-07-19,12:15:00,13:08:00,14,15.0,3.75,
4807,56,2023-07-20,11:00:00,11:53:00,1,15.0,3.75,
4808,5,2023-07-20,15:30:00,16:25:00,7,15.0,3.75,
4809,75,2023-07-20,15:30:00,17:55:00,14,15.0,1.5,
4810,153,2023-07-20,10:30:00,12:21:00,10,15.0,0.0,
4811,1,2023-07-20,10:15:00,11:54:00,2,15.0,6.0,
4812,207,2023-07-20,15:00:00,17:02:00,2,15.0,6.0,
4813,56,2023-07-20,12:30:00,14:40:00,6,15.0,3.75,
4814,195,2023-07-20,12:00:00,13:53:00,10,15.0,3.75,
4815,69,2023-07-20,10:45:00,12:12:00,12,15.0,3.75,
4816,8,2023-07-20,13:00:00,14:49:00,10,15.0,1.5,
4817,165,2023-07-20,13:30:00,15:03:00,3,15.0,6.0,
4818,189,2023-07-20,14:00:00,15:22:00,11,15.0,3.75,
4819,103,2023-07-20,15:00:00,15:55:00,1,15.0,1.5,
4820,26,2023-07-20,09:15:00,10:54:00,7,15.0,0.0,
4821,235,2023-07-20,09:15:00,10:02:00,11,15.0,0.0,
4822,2,2023-07-20,12:00:00,13:33:00,12,15.0,6.0,
4823,123,2023-07-20,13:30:00,15:12:00,4,15.0,0.0,
4824,9,2023-07-21,14:00:00,15:59:00,1,15.0,1.5,
4825,15,2023-07-21,14:30:00,16:10:00,7,15.0,0.0,
4826,110,2023-07-21,12:30:00,14:21:00,5,15.0,3.75,
4827,9,2023-07-21,10:00:00,11:18:00,1,15.0,1.5,
4828,4,2023-07-21,10:15:00,12:16:00,14,15.0,3.75,
4829,10,2023-07-21,12:15:00,13:18:00,2,15.0,1.5,
4830,76,2023-07-21,14:15:00,15:06:00,11,15.0,3.75,
4831,111,2023-07-21,13:15:00,14:44:00,13,15.0,1.5,
4832,36,2023-07-21,15:15:00,17:32:00,13,15.0,3.75,
4833,198,2023-07-21,15:30:00,17:40:00,12,15.0,3.75,
4834,126,2023-07-21,15:30:00,16:33:00,7,15.0,1.5,
4835,165,2023-07-21,11:45:00,14:15:00,7,15.0,6.0,
4836,2,2023-07-22,09:30:00,11:08:00,10,15.0,6.0,
4837,201,2023-07-22,11:45:00,12:30:00,12,15.0,1.5,
4838,112,2023-07-22,13:00:00,14:11:00,5,15.0,1.5,
4839,67,2023-07-22,09:15:00,11:04:00,12,15.0,3.75,
4840,110,2023-07-22,10:15:00,11:29:00,10,15.0,3.75,
4841,21,2023-07-22,11:00:00,12:19:00,2,15.0,1.5,
4842,44,2023-07-22,12:45:00,14:50:00,11,15.0,1.5,
4843,200,2023-07-22,09:30:00,11:53:00,3,15.0,0.0,
4844,217,2023-07-22,15:45:00,16:43:00,1,15.0,1.5,
4845,128,2023-07-22,14:30:00,16:04:00,5,15.0,1.5,
4846,217,2023-07-22,15:15:00,16:06:00,4,15.0,1.5,
4847,165,2023-07-22,11:30:00,13:59:00,12,15.0,6.0,
4848,76,2023-07-22,16:45:00,18:02:00,4,15.0,3.75,
4849,37,2023-07-22,15:30:00,16:55:00,11,15.0,0.0,
4850,196,2023-07-22,13:30:00,15:03:00,5,15.0,1.5,
4851,110,2023-07-23,15:30:00,16:52:00,1,15.0,3.75,
4852,71,2023-07-23,16:30:00,17:19:00,1,15.0,1.5,
4853,15,2023-07-23,14:30:00,16:56:00,11,15.0,0.0,
4854,186,2023-07-23,15:00:00,16:51:00,13,15.0,1.5,
4855,240,2023-07-23,12:00:00,13:45:00,10,15.0,6.0,
4856,160,2023-07-23,09:15:00,10:13:00,7,15.0,3.75,
4857,110,2023-07-23,15:00:00,15:46:00,14,15.0,3.75,
4858,238,2023-07-23,14:30:00,16:15:00,10,15.0,1.5,
4859,20,2023-07-23,10:15:00,11:54:00,14,15.0,0.0,
4860,128,2023-07-23,16:30:00,18:35:00,14,15.0,1.5,
4861,195,2023-07-23,12:15:00,13:29:00,3,15.0,3.75,
4862,1,2023-07-23,15:45:00,16:46:00,3,15.0,6.0,
4863,76,2023-07-23,16:45:00,19:08:00,10,15.0,3.75,
4864,39,2023-07-23,14:30:00,16:46:00,7,15.0,1.5,
4865,192,2023-07-23,11:30:00,12:53:00,2,15.0,0.0,
4866,73,2023-07-23,12:45:00,14:31:00,10,15.0,3.75,
4867,189,2023-07-23,12:00:00,14:25:00,6,15.0,3.75,
4868,149,2023-07-23,12:00:00,13:01:00,1,15.0,1.5,
4869,8,2023-07-23,13:00:00,15:10:00,2,15.0,1.5,
4870,186,2023-07-23,13:15:00,15:32:00,12,15.0,1.5,
4871,39,2023-07-23,09:30:00,11:10:00,14,15.0,1.5,
4872,114,2023-07-24,15:30:00,17:02:00,13,15.0,1.5,
4873,179,2023-07-24,13:15:00,14:47:00,1,15.0,3.75,
4874,172,2023-07-24,10:45:00,13:00:00,3,15.0,1.5,
4875,64,2023-07-24,16:00:00,18:16:00,5,15.0,1.5,
4876,73,2023-07-24,11:30:00,12:34:00,11,15.0,3.75,
4877,56,2023-07-24,09:15:00,11:25:00,7,15.0,3.75,
4878,172,2023-07-24,13:45:00,16:00:00,11,15.0,1.5,
4879,237,2023-07-24,14:00:00,15:23:00,11,15.0,3.75,
4880,117,2023-07-24,10:15:00,11:09:00,13,15.0,0.0,
4881,43,2023-07-24,14:30:00,15:55:00,10,15.0,3.75,
4882,41,2023-07-24,09:15:00,10:13:00,12,15.0,1.5,
4883,191,2023-07-24,13:30:00,15:04:00,3,15.0,0.0,
4884,9,2023-07-24,11:15:00,12:46:00,13,15.0,1.5,
4885,82,2023-07-24,12:15:00,13:08:00,13,15.0,1.5,
4886,111,2023-07-24,11:00:00,12:22:00,4,15.0,1.5,
4887,72,2023-07-24,15:30:00,16:20:00,1,15.0,0.0,
4888,59,2023-07-24,11:45:00,12:36:00,12,15.0,1.5,
4889,43,2023-07-25,13:15:00,15:43:00,10,15.0,3.75,
4890,92,2023-07-25,15:45:00,17:39:00,14,15.0,0.0,
4891,217,2023-07-25,12:45:00,14:22:00,11,15.0,1.5,
4892,238,2023-07-25,09:45:00,11:24:00,14,15.0,1.5,
4893,21,2023-07-25,16:00:00,18:03:00,10,15.0,1.5,
4894,22,2023-07-25,12:00:00,13:45:00,1,15.0,0.0,
4895,27,2023-07-25,14:15:00,16:10:00,7,15.0,6.0,
4896,68,2023-07-25,15:00:00,15:49:00,2,15.0,0.0,
4897,8,2023-07-25,10:15:00,12:18:00,5,15.0,1.5,
4898,160,2023-07-25,16:15:00,17:31:00,6,15.0,3.75,
4899,233,2023-07-25,09:15:00,10:23:00,3,15.0,3.75,
4900,105,2023-07-25,10:00:00,11:15:00,3,15.0,0.0,
4901,3,2023-07-25,16:45:00,18:39:00,12,15.0,3.75,
4902,73,2023-07-26,15:15:00,16:03:00,5,15.0,3.75,
4903,3,2023-07-26,10:00:00,11:44:00,4,15.0,3.75,
4904,78,2023-07-26,16:45:00,18:58:00,14,15.0,0.0,
4905,2,2023-07-26,14:30:00,16:57:00,1,15.0,6.0,
4906,56,2023-07-26,13:00:00,14:07:00,12,15.0,3.75,
4907,239,2023-07-26,14:15:00,16:40:00,1,15.0,0.0,
4908,243,2023-07-26,13:45:00,16:14:00,7,15.0,0.0,
4909,238,2023-07-26,12:45:00,14:20:00,1,15.0,1.5,
4910,2,2023-07-27,13:15:00,14:05:00,14,15.0,6.0,
4911,110,2023-07-27,09:45:00,10:34:00,10,15.0,3.75,
4912,31,2023-07-27,13:45:00,15:29:00,2,15.0,1.5,
4913,101,2023-07-27,12:00:00,13:25:00,4,15.0,0.0,
4914,74,2023-07-27,09:00:00,11:22:00,4,15.0,3.75,
4915,36,2023-07-27,10:45:00,11:35:00,13,15.0,3.75,
4916,187,2023-07-27,14:15:00,15:49:00,4,15.0,0.0,
4917,125,2023-07-27,15:00:00,16:00:00,7,15.0,0.0,
4918,207,2023-07-27,09:30:00,10:26:00,6,15.0,6.0,
4919,56,2023-07-27,10:45:00,11:49:00,3,15.0,3.75,
4920,128,2023-07-27,13:00:00,15:30:00,13,15.0,1.5,
4921,10,2023-07-27,12:45:00,14:08:00,5,15.0,1.5,
4922,56,2023-07-27,10:45:00,12:11:00,5,15.0,3.75,
4923,237,2023-07-27,13:30:00,14:18:00,10,15.0,3.75,
4924,240,2023-07-28,10:45:00,12:33:00,4,15.0,6.0,
4925,111,2023-07-28,12:15:00,14:26:00,5,15.0,1.5,
4926,38,2023-07-28,14:45:00,16:41:00,3,15.0,1.5,
4927,3,2023-07-28,15:45:00,17:36:00,3,15.0,3.75,
4928,207,2023-07-28,16:30:00,18:43:00,6,15.0,6.0,
4929,164,2023-07-28,16:15:00,18:13:00,10,15.0,1.5,
4930,98,2023-07-28,16:45:00,18:22:00,12,15.0,3.75,
4931,39,2023-07-28,16:00:00,18:14:00,2,15.0,1.5,
4932,172,2023-07-28,10:00:00,11:01:00,11,15.0,1.5,
4933,56,2023-07-28,10:30:00,11:42:00,6,15.0,3.75,
4934,9,2023-07-28,16:00:00,16:54:00,6,15.0,1.5,
4935,233,2023-07-28,13:45:00,15:56:00,10,15.0,3.75,
4936,179,2023-07-28,10:15:00,11:09:00,5,15.0,3.75,
4937,160,2023-07-28,15:30:00,16:59:00,3,15.0,3.75,
4938,107,2023-07-29,09:00:00,10:55:00,5,15.0,3.75,
4939,112,2023-07-29,11:45:00,14:03:00,12,15.0,1.5,
4940,3,2023-07-29,12:45:00,15:12:00,1,15.0,3.75,
4941,5,2023-07-29,14:45:00,15:34:00,13,15.0,3.75,
4942,186,2023-07-29,11:30:00,12:22:00,6,15.0,1.5,
4943,192,2023-07-29,15:30:00,17:09:00,2,15.0,0.0,
4944,10,2023-07-29,09:45:00,12:02:00,5,15.0,1.5,
4945,7,2023-07-29,14:00:00,15:29:00,7,15.0,1.5,
4946,2,2023-07-29,09:30:00,10:57:00,6,15.0,6.0,
4947,114,2023-07-29,12:15:00,13:41:00,7,15.0,1.5,
4948,38,2023-07-29,11:00:00,13:16:00,4,15.0,1.5,
4949,75,2023-07-29,15:45:00,16:51:00,1,15.0,1.5,
4950,233,2023-07-29,10:45:00,11:45:00,3,15.0,3.75,
4951,186,2023-07-29,09:30:00,11:13:00,4,15.0,1.5,
4952,120,2023-07-29,15:30:00,17:26:00,1,15.0,1.5,
4953,179,2023-07-29,09:00:00,10:31:00,1,15.0,3.75,
4954,75,2023-07-29,09:45:00,11:51:00,3,15.0,1.5,
4955,189,2023-07-29,14:30:00,15:49:00,7,15.0,3.75,
4956,41,2023-07-29,12:30:00,14:05:00,14,15.0,1.5,
4957,17,2023-07-29,10:45:00,12:14:00,13,15.0,0.0,
4958,248,2023-07-29,15:45:00,16:43:00,11,15.0,0.0,
4959,27,2023-07-29,15:00:00,15:52:00,13,15.0,6.0,
4960,194,2023-07-29,13:30:00,15:20:00,13,15.0,1.5,
4961,1,2023-07-29,13:30:00,15:23:00,12,15.0,6.0,
4962,64,2023-07-29,09:45:00,11:15:00,10,15.0,1.5,
4963,74,2023-07-30,13:30:00,14:45:00,10,15.0,3.75,
4964,56,2023-07-30,14:00:00,15:58:00,5,15.0,3.75,
4965,154,2023-07-30,14:30:00,15:50:00,4,15.0,0.0,
4966,164,2023-07-30,13:30:00,15:51:00,3,15.0,1.5,
4967,103,2023-07-30,16:15:00,17:49:00,4,15.0,1.5,
4968,189,2023-07-30,11:30:00,12:23:00,7,15.0,3.75,
4969,53,2023-07-30,12:45:00,14:19:00,5,15.0,1.5,
4970,22,2023-07-30,11:30:00,12:30:00,2,15.0,0.0,
4971,207,2023-07-30,14:30:00,15:22:00,14,15.0,6.0,
4972,182,2023-07-30,16:15:00,17:02:00,14,15.0,1.5,
4973,110,2023-07-30,14:30:00,16:57:00,6,15.0,3.75,
4974,156,2023-07-30,13:45:00,15:39:00,5,15.0,0.0,
4975,5,2023-07-30,12:15:00,14:22:00,7,15.0,3.75,
4976,239,2023-07-30,13:15:00,14:08:00,11,15.0,0.0,
4977,43,2023-07-30,11:45:00,13:55:00,14,15.0,3.75,
4978,154,2023-07-30,12:30:00,14:52:00,14,15.0,0.0,
4979,237,2023-07-30,15:30:00,17:48:00,7,15.0,3.75,
4980,74,2023-07-30,14:15:00,15:28:00,10,15.0,3.75,
4981,2,2023-07-30,09:30:00,11:52:00,14,15.0,6.0,
4982,114,2023-07-30,15:00:00,16:16:00,5,15.0,1.5,
4983,74,2023-07-31,09:30:00,11:10:00,10,15.0,3.75,
4984,232,2023-07-31,13:00:00,13:59:00,11,15.0,3.75,
4985,27,2023-07-31,14:45:00,15:47:00,12,15.0,6.0,
4986,56,2023-07-31,14:00:00,15:04:00,10,15.0,3.75,
4987,27,2023-07-31,11:00:00,13:01:00,13,15.0,6.0,
4988,116,2023-07-31,14:00:00,15:16:00,14,15.0,0.0,
4989,165,2023-07-31,10:00:00,10:51:00,13,15.0,6.0,
4990,72,2023-07-31,12:45:00,14:15:00,5,15.0,0.0,
4991,4,2023-07-31,09:15:00,11:41:00,12,15.0,3.75,
4992,31,2023-07-31,10:30:00,11:25:00,12,15.0,1.5,
4993,74,2023-07-31,12:15:00,13:19:00,5,15.0,3.75,
4994,110,2023-07-31,09:15:00,10:49:00,13,15.0,3.75,
4995,156,2023-07-31,13:00:00,14:14:00,2,15.0,0.0,
4996,26,2023-07-31,16:45:00,18:27:00,1,15.0,0.0,
4997,120,2023-08-01,11:45:00,13:54:00,4,15.0,1.5,
4998,43,2023-08-01,09:15:00,10:31:00,14,15.0,3.75,
4999,74,2023-08-01,11:00:00,12:17:00,14,15.0,3.75,
5000,121,2023-08-01,15:00:00,16:35:00,14,15.0,1.5,
5001,35,2023-08-01,10:00:00,11:49:00,10,18.0,0.0,
5002,26,2023-08-01,09:45:00,11:32:00,14,18.0,0.0,
5003,53,2023-08-01,10:15:00,11:07:00,6,15.0,1.5,
5004,180,2023-08-01,11:15:00,13:06:00,13,18.0,0.0,
5005,223,2023-08-01,14:00:00,15:08:00,3,15.0,1.5,
5006,77,2023-08-01,13:45:00,14:42:00,4,15.0,1.5,
5007,7,2023-08-02,09:30:00,11:15:00,6,15.0,1.5,
5008,171,2023-08-02,12:30:00,13:24:00,13,18.0,0.0,
5009,236,2023-08-02,10:30:00,12:12:00,2,15.0,1.5,
5010,5,2023-08-02,11:30:00,13:12:00,3,15.0,3.75,
5011,186,2023-08-02,14:15:00,16:20:00,5,15.0,1.5,
5012,160,2023-08-02,09:15:00,10:28:00,4,15.0,3.75,
5013,63,2023-08-02,13:30:00,15:05:00,12,15.0,1.5,
5014,3,2023-08-02,13:45:00,16:15:00,10,15.0,3.75,
5015,121,2023-08-02,16:45:00,19:15:00,13,15.0,1.5,
5016,92,2023-08-02,13:00:00,14:07:00,7,18.0,0.0,
5017,116,2023-08-02,15:30:00,16:41:00,10,18.0,0.0,
5018,1,2023-08-03,16:45:00,17:46:00,1,15.0,6.0,
5019,235,2023-08-03,11:30:00,12:43:00,4,18.0,0.0,
5020,67,2023-08-03,10:15:00,11:14:00,7,15.0,3.75,
5021,103,2023-08-03,16:15:00,17:59:00,6,15.0,1.5,
5022,187,2023-08-03,12:45:00,13:46:00,2,18.0,0.0,
5023,207,2023-08-03,13:30:00,14:16:00,5,15.0,6.0,
5024,78,2023-08-03,14:30:00,16:15:00,6,18.0,0.0,
5025,110,2023-08-03,13:15:00,14:58:00,2,15.0,3.75,
5026,143,2023-08-03,16:45:00,17:49:00,10,15.0,3.75,
5027,21,2023-08-03,09:15:00,11:22:00,14,15.0,1.5,
5028,7,2023-08-03,16:30:00,18:44:00,10,15.0,1.5,
5029,189,2023-08-03,11:00:00,13:15:00,6,15.0,3.75,
5030,5,2023-08-03,10:15:00,11:50:00,2,15.0,3.75,
5031,208,2023-08-03,12:30:00,14:31:00,2,18.0,0.0,
5032,118,2023-08-04,16:15:00,17:52:00,1,15.0,3.75,
5033,97,2023-08-04,14:45:00,16:30:00,13,15.0,1.5,
5034,3,2023-08-04,12:15:00,13:54:00,5,15.0,3.75,
5035,52,2023-08-04,11:30:00,12:21:00,10,15.0,1.5,
5036,27,2023-08-04,13:30:00,14:39:00,2,15.0,6.0,
5037,160,2023-08-04,11:15:00,13:05:00,11,15.0,3.75,
5038,107,2023-08-04,09:30:00,10:53:00,14,15.0,3.75,
5039,156,2023-08-04,14:00:00,16:21:00,4,18.0,0.0,
5040,27,2023-08-04,11:45:00,13:05:00,12,15.0,6.0,
5041,3,2023-08-04,09:45:00,12:12:00,1,15.0,3.75,
5042,9,2023-08-04,09:00:00,11:16:00,2,15.0,1.5,
5043,31,2023-08-04,16:15:00,17:22:00,11,15.0,1.5,
5044,172,2023-08-04,13:30:00,15:56:00,3,15.0,1.5,
5045,57,2023-08-04,14:00:00,16:03:00,14,15.0,1.5,
5046,231,2023-08-04,09:45:00,11:23:00,4,15.0,1.5,
5047,199,2023-08-04,10:45:00,11:43:00,7,15.0,1.5,
5048,207,2023-08-04,12:15:00,14:35:00,12,15.0,6.0,
5049,171,2023-08-05,14:00:00,15:06:00,14,18.0,0.0,
5050,6,2023-08-05,15:15:00,17:45:00,13,15.0,1.5,
5051,207,2023-08-05,12:00:00,13:33:00,7,15.0,6.0,
5052,11,2023-08-05,13:15:00,14:45:00,3,18.0,0.0,
5053,123,2023-08-05,11:15:00,13:09:00,12,18.0,0.0,
5054,97,2023-08-05,15:30:00,17:32:00,12,15.0,1.5,
5055,143,2023-08-05,11:45:00,12:41:00,7,15.0,3.75,
5056,23,2023-08-05,13:15:00,15:39:00,10,15.0,6.0,
5057,92,2023-08-05,12:15:00,13:46:00,14,18.0,0.0,
5058,107,2023-08-05,12:30:00,13:30:00,4,15.0,3.75,
5059,11,2023-08-05,11:15:00,12:46:00,14,18.0,0.0,
5060,114,2023-08-05,13:00:00,14:09:00,6,15.0,1.5,
5061,217,2023-08-05,16:30:00,18:29:00,3,15.0,1.5,
5062,74,2023-08-05,10:45:00,11:46:00,7,15.0,3.75,
5063,235,2023-08-05,15:15:00,17:35:00,7,18.0,0.0,
5064,73,2023-08-05,15:30:00,16:35:00,14,15.0,3.75,
5065,143,2023-08-05,14:45:00,16:26:00,6,15.0,3.75,
5066,240,2023-08-05,09:15:00,10:33:00,2,15.0,6.0,
5067,57,2023-08-05,10:15:00,11:10:00,13,15.0,1.5,
5068,238,2023-08-05,10:00:00,11:24:00,14,15.0,1.5,
5069,27,2023-08-05,14:30:00,15:54:00,6,15.0,6.0,
5070,98,2023-08-05,14:30:00,15:51:00,4,15.0,3.75,
5071,3,2023-08-05,14:45:00,17:11:00,14,15.0,3.75,
5072,195,2023-08-06,11:30:00,12:33:00,12,15.0,3.75,
5073,73,2023-08-06,16:00:00,17:27:00,6,15.0,3.75,
5074,8,2023-08-06,09:45:00,10:42:00,5,15.0,1.5,
5075,1,2023-08-06,11:30:00,13:40:00,10,15.0,6.0,
5076,2,2023-08-06,09:00:00,10:28:00,11,15.0,6.0,
5077,137,2023-08-06,15:45:00,16:33:00,6,18.0,0.0,
5078,165,2023-08-06,11:15:00,13:37:00,12,15.0,6.0,
5079,27,2023-08-06,12:30:00,13:18:00,1,15.0,6.0,
5080,82,2023-08-06,12:45:00,14:26:00,4,15.0,1.5,
5081,186,2023-08-06,16:15:00,18:26:00,10,15.0,1.5,
5082,27,2023-08-06,13:30:00,15:50:00,12,15.0,6.0,
5083,118,2023-08-06,13:45:00,14:58:00,5,15.0,3.75,
5084,236,2023-08-06,11:15:00,13:16:00,1,15.0,1.5,
5085,107,2023-08-06,10:15:00,11:59:00,4,15.0,3.75,
5086,207,2023-08-06,14:00:00,16:23:00,13,15.0,6.0,
5087,240,2023-08-06,10:45:00,13:05:00,10,15.0,6.0,
5088,53,2023-08-06,12:15:00,14:00:00,13,15.0,1.5,
5089,8,2023-08-06,09:00:00,10:57:00,6,15.0,1.5,
5090,3,2023-08-06,14:45:00,15:59:00,11,15.0,3.75,
5091,2,2023-08-06,11:45:00,13:02:00,13,15.0,6.0,
5092,110,2023-08-06,12:00:00,14:18:00,5,15.0,3.75,
5093,126,2023-08-06,12:00:00,13:21:00,4,15.0,1.5,
5094,52,2023-08-06,12:30:00,14:24:00,14,15.0,1.5,
5095,74,2023-08-06,15:30:00,16:51:00,7,15.0,3.75,
5096,6,2023-08-06,13:30:00,15:11:00,1,15.0,1.5,
5097,103,2023-08-06,11:45:00,14:11:00,12,15.0,1.5,
5098,4,2023-08-06,13:30:00,15:08:00,4,15.0,3.75,
5099,37,2023-08-06,15:30:00,17:18:00,14,18.0,0.0,
5100,75,2023-08-06,13:30:00,15:04:00,13,15.0,1.5,
5101,114,2023-08-07,14:30:00,16:52:00,4,15.0,1.5,
5102,179,2023-08-07,13:30:00,15:06:00,7,15.0,3.75,
5103,233,2023-08-07,09:15:00,10:08:00,11,15.0,3.75,
5104,110,2023-08-07,11:30:00,13:11:00,12,15.0,3.75,
5105,45,2023-08-07,12:15:00,14:41:00,13,18.0,0.0,
5106,161,2023-08-07,13:00:00,14:54:00,12,18.0,0.0,
5107,107,2023-08-07,14:30:00,17:00:00,14,15.0,3.75,
5108,60,2023-08-07,16:15:00,17:45:00,14,18.0,0.0,
5109,103,2023-08-07,16:30:00,18:19:00,10,15.0,1.5,
5110,69,2023-08-07,09:00:00,11:09:00,3,15.0,3.75,
5111,143,2023-08-07,12:45:00,14:39:00,5,15.0,3.75,
5112,189,2023-08-07,09:30:00,11:27:00,2,15.0,3.75,
5113,76,2023-08-07,15:45:00,16:56:00,12,15.0,3.75,
5114,149,2023-08-07,12:00:00,13:27:00,5,15.0,1.5,
5115,39,2023-08-07,12:30:00,14:40:00,14,15.0,1.5,
5116,223,2023-08-07,11:00:00,12:56:00,2,15.0,1.5,
5117,182,2023-08-07,11:30:00,13:36:00,3,15.0,1.5,
5118,67,2023-08-07,10:30:00,11:59:00,11,15.0,3.75,
5119,63,2023-08-07,09:15:00,11:15:00,2,15.0,1.5,
5120,175,2023-08-08,12:15:00,14:15:00,4,18.0,0.0,
5121,207,2023-08-08,15:45:00,17:22:00,13,15.0,6.0,
5122,69,2023-08-08,15:45:00,17:14:00,4,15.0,3.75,
5123,46,2023-08-08,12:00:00,13:25:00,13,18.0,0.0,
5124,1,2023-08-08,14:45:00,15:56:00,12,15.0,6.0,
5125,240,2023-08-09,10:45:00,11:35:00,1,15.0,6.0,
5126,118,2023-08-09,13:30:00,15:16:00,1,15.0,3.75,
5127,47,2023-08-09,13:45:00,14:32:00,11,15.0,1.5,
5128,1,2023-08-09,11:30:00,12:58:00,12,15.0,6.0,
5129,233,2023-08-09,09:00:00,10:08:00,5,15.0,3.75,
5130,39,2023-08-09,16:30:00,17:37:00,7,15.0,1.5,
5131,184,2023-08-09,12:45:00,14:26:00,6,18.0,0.0,
5132,35,2023-08-09,15:15:00,17:08:00,2,18.0,0.0,
5133,165,2023-08-09,11:30:00,13:20:00,12,15.0,6.0,
5134,38,2023-08-09,13:45:00,14:40:00,7,15.0,1.5,
5135,149,2023-08-09,10:45:00,11:52:00,4,15.0,1.5,
5136,56,2023-08-09,14:45:00,15:47:00,5,15.0,3.75,
5137,172,2023-08-09,15:00:00,16:03:00,2,15.0,1.5,
5138,248,2023-08-09,12:45:00,13:37:00,10,18.0,0.0,
5139,195,2023-08-09,15:15:00,16:15:00,11,15.0,3.75,
5140,27,2023-08-10,11:00:00,12:32:00,3,15.0,6.0,
5141,64,2023-08-10,11:15:00,12:08:00,11,15.0,1.5,
5142,195,2023-08-10,16:15:00,18:23:00,6,15.0,3.75,
5143,217,2023-08-10,16:30:00,17:38:00,5,15.0,1.5,
5144,176,2023-08-10,16:15:00,17:29:00,14,18.0,0.0,
5145,110,2023-08-10,15:30:00,16:38:00,5,15.0,3.75,
5146,11,2023-08-10,09:15:00,11:20:00,6,18.0,0.0,
5147,64,2023-08-10,12:00:00,13:25:00,6,15.0,1.5,
5148,22,2023-08-10,12:45:00,13:48:00,10,18.0,0.0,
5149,243,2023-08-11,10:45:00,12:10:00,12,18.0,0.0,
5150,223,2023-08-11,13:15:00,14:26:00,1,15.0,1.5,
5151,201,2023-08-11,12:45:00,14:42:00,11,15.0,1.5,
5152,186,2023-08-11,09:45:00,12:00:00,14,15.0,1.5,
5153,3,2023-08-11,14:15:00,16:11:00,11,15.0,3.75,
5154,118,2023-08-11,13:30:00,15:07:00,12,15.0,3.75,
5155,98,2023-08-11,14:15:00,16:06:00,13,15.0,3.75,
5156,111,2023-08-11,09:00:00,11:30:00,4,15.0,1.5,
5157,64,2023-08-11,15:30:00,17:31:00,7,15.0,1.5,
5158,56,2023-08-11,14:45:00,16:34:00,14,15.0,3.75,
5159,98,2023-08-11,10:00:00,10:56:00,13,15.0,3.75,
5160,240,2023-08-11,13:45:00,15:00:00,1,15.0,6.0,
5161,56,2023-08-12,15:15:00,17:21:00,6,15.0,3.75,
5162,98,2023-08-12,11:15:00,12:05:00,1,15.0,3.75,
5163,5,2023-08-12,16:15:00,17:52:00,2,15.0,3.75,
5164,4,2023-08-12,16:00:00,18:18:00,13,15.0,3.75,
5165,44,2023-08-12,09:15:00,10:03:00,14,15.0,1.5,
5166,179,2023-08-12,12:30:00,14:14:00,11,15.0,3.75,
5167,78,2023-08-12,11:45:00,13:06:00,3,18.0,0.0,
5168,98,2023-08-12,10:30:00,12:47:00,3,15.0,3.75,
5169,165,2023-08-12,13:45:00,15:58:00,10,15.0,6.0,
5170,104,2023-08-12,09:45:00,10:49:00,6,18.0,0.0,
5171,137,2023-08-12,09:30:00,10:18:00,4,18.0,0.0,
5172,39,2023-08-12,11:15:00,12:33:00,13,15.0,1.5,
5173,71,2023-08-12,09:30:00,11:37:00,2,15.0,1.5,
5174,4,2023-08-12,11:00:00,12:19:00,2,15.0,3.75,
5175,154,2023-08-12,11:00:00,13:01:00,10,18.0,0.0,
5176,8,2023-08-12,15:45:00,18:10:00,1,15.0,1.5,
5177,69,2023-08-12,14:00:00,15:58:00,1,15.0,3.75,
5178,143,2023-08-12,14:30:00,16:07:00,6,15.0,3.75,
5179,189,2023-08-12,13:00:00,14:10:00,13,15.0,3.75,
5180,107,2023-08-12,12:00:00,14:11:00,13,15.0,3.75,
5181,217,2023-08-12,13:30:00,15:31:00,13,15.0,1.5,
5182,98,2023-08-12,12:15:00,13:14:00,10,15.0,3.75,
5183,47,2023-08-12,16:15:00,17:16:00,11,15.0,1.5,
5184,26,2023-08-12,16:00:00,16:45:00,4,18.0,0.0,
5185,11,2023-08-12,16:30:00,17:20:00,11,18.0,0.0,
5186,3,2023-08-12,11:45:00,13:34:00,14,15.0,3.75,
5187,82,2023-08-12,11:15:00,13:45:00,1,15.0,1.5,
5188,164,2023-08-12,09:00:00,11:09:00,14,15.0,1.5,
5189,44,2023-08-12,16:00:00,16:46:00,1,15.0,1.5,
5190,27,2023-08-13,10:00:00,12:16:00,13,15.0,6.0,
5191,238,2023-08-13,12:30:00,13:34:00,12,15.0,1.5,
5192,57,2023-08-13,14:15:00,15:14:00,10,15.0,1.5,
5193,152,2023-08-13,13:30:00,14:17:00,4,15.0,3.75,
5194,195,2023-08-13,09:15:00,10:00:00,4,15.0,3.75,
5195,110,2023-08-13,10:15:00,12:16:00,11,15.0,3.75,
5196,47,2023-08-13,14:45:00,15:33:00,2,15.0,1.5,
5197,206,2023-08-13,14:00:00,16:07:00,11,18.0,0.0,
5198,82,2023-08-14,16:00:00,17:02:00,6,15.0,1.5,
5199,5,2023-08-14,11:30:00,13:04:00,10,15.0,3.75,
5200,112,2023-08-14,13:00:00,13:45:00,1,15.0,1.5,
5201,172,2023-08-14,13:15:00,14:03:00,10,15.0,1.5,
5202,236,2023-08-14,10:00:00,11:48:00,1,15.0,1.5,
5203,182,2023-08-14,12:15:00,13:30:00,3,15.0,1.5,
5204,186,2023-08-14,09:15:00,11:39:00,12,15.0,1.5,
5205,112,2023-08-14,16:15:00,18:19:00,14,15.0,1.5,
5206,69,2023-08-14,13:00:00,14:29:00,4,15.0,3.75,
5207,165,2023-08-14,09:30:00,10:52:00,10,15.0,6.0,
5208,75,2023-08-14,11:30:00,12:51:00,13,15.0,1.5,
5209,104,2023-08-14,16:15:00,17:13:00,14,18.0,0.0,
5210,3,2023-08-14,11:00:00,13:01:00,3,15.0,3.75,
5211,47,2023-08-14,12:30:00,14:38:00,12,15.0,1.5,
5212,165,2023-08-14,11:30:00,13:17:00,2,15.0,6.0,
5213,5,2023-08-14,09:00:00,10:25:00,12,15.0,3.75,
5214,121,2023-08-14,16:00:00,17:33:00,3,15.0,1.5,
5215,194,2023-08-14,09:00:00,09:47:00,13,15.0,1.5,
5216,3,2023-08-14,12:15:00,13:56:00,7,15.0,3.75,
5217,105,2023-08-14,10:45:00,12:24:00,14,18.0,0.0,
5218,142,2023-08-15,13:15:00,14:13:00,10,15.0,1.5,
5219,3,2023-08-15,13:45:00,16:15:00,10,15.0,3.75,
5220,128,2023-08-15,16:15:00,17:20:00,12,15.0,1.5,
5221,172,2023-08-15,12:15:00,14:31:00,3,15.0,1.5,
5222,160,2023-08-15,12:45:00,13:38:00,7,15.0,3.75,
5223,98,2023-08-15,09:45:00,11:13:00,11,15.0,3.75,
5224,104,2023-08-15,16:15:00,18:04:00,14,18.0,0.0,
5225,29,2023-08-15,14:00:00,15:24:00,11,18.0,0.0,
5226,4,2023-08-15,10:45:00,12:13:00,6,15.0,3.75,
5227,7,2023-08-15,09:15:00,11:17:00,5,15.0,1.5,
5228,184,2023-08-15,09:00:00,10:56:00,6,18.0,0.0,
5229,126,2023-08-15,10:00:00,11:49:00,4,15.0,1.5,
5230,187,2023-08-15,16:15:00,18:02:00,6,18.0,0.0,
5231,194,2023-08-15,14:30:00,16:36:00,3,15.0,1.5,
5232,186,2023-08-15,16:00:00,18:17:00,11,15.0,1.5,
5233,189,2023-08-15,14:45:00,17:10:00,1,15.0,3.75,
5234,179,2023-08-15,14:45:00,15:33:00,3,15.0,3.75,
5235,238,2023-08-15,10:00:00,11:09:00,12,15.0,1.5,
5236,56,2023-08-16,10:15:00,12:37:00,12,15.0,3.75,
5237,23,2023-08-16,13:15:00,14:48:00,5,15.0,6.0,
5238,207,2023-08-16,09:15:00,11:33:00,1,15.0,6.0,
5239,223,2023-08-16,15:00:00,17:11:00,1,15.0,1.5,
5240,143,2023-08-16,11:00:00,13:25:00,2,15.0,3.75,
5241,196,2023-08-16,16:00:00,17:14:00,13,15.0,1.5,
5242,5,2023-08-16,10:00:00,11:30:00,7,15.0,3.75,
5243,160,2023-08-16,14:45:00,15:43:00,6,15.0,3.75,
5244,194,2023-08-16,12:15:00,14:36:00,12,15.0,1.5,
5245,237,2023-08-16,13:30:00,15:26:00,4,15.0,3.75,
5246,207,2023-08-16,10:45:00,12:58:00,3,15.0,6.0,
5247,217,2023-08-16,10:00:00,11:39:00,2,15.0,1.5,
5248,2,2023-08-16,15:15:00,17:05:00,14,15.0,6.0,
5249,73,2023-08-17,14:30:00,16:07:00,5,15.0,3.75,
5250,104,2023-08-17,12:15:00,14:29:00,10,18.0,0.0,
5251,23,2023-08-17,13:45:00,15:12:00,3,15.0,6.0,
5252,189,2023-08-17,12:00:00,13:55:00,5,15.0,3.75,
5253,38,2023-08-17,16:45:00,18:54:00,4,15.0,1.5,
5254,73,2023-08-17,15:15:00,17:05:00,14,15.0,3.75,
5255,237,2023-08-17,13:00:00,15:19:00,4,15.0,3.75,
5256,248,2023-08-17,15:30:00,17:13:00,11,18.0,0.0,
5257,114,2023-08-17,14:00:00,14:49:00,3,15.0,1.5,
5258,179,2023-08-17,14:45:00,16:22:00,7,15.0,3.75,
5259,73,2023-08-18,13:15:00,14:04:00,4,15.0,3.75,
5260,174,2023-08-18,12:15:00,14:07:00,3,15.0,1.5,
5261,8,2023-08-18,15:30:00,17:20:00,7,15.0,1.5,
5262,196,2023-08-18,15:45:00,17:17:00,7,15.0,1.5,
5263,71,2023-08-18,12:00:00,14:19:00,14,15.0,1.5,
5264,206,2023-08-18,09:30:00,10:45:00,2,18.0,0.0,
5265,121,2023-08-18,10:45:00,13:14:00,14,15.0,1.5,
5266,1,2023-08-18,12:45:00,14:48:00,5,15.0,6.0,
5267,148,2023-08-18,13:15:00,15:43:00,6,15.0,1.5,
5268,105,2023-08-18,10:15:00,11:46:00,3,18.0,0.0,
5269,160,2023-08-18,13:45:00,15:10:00,12,15.0,3.75,
5270,1,2023-08-18,11:30:00,13:29:00,14,15.0,6.0,
5271,111,2023-08-18,15:00:00,15:50:00,4,15.0,1.5,
5272,182,2023-08-19,11:00:00,13:02:00,7,15.0,1.5,
5273,123,2023-08-19,15:30:00,16:15:00,7,18.0,0.0,
5274,71,2023-08-19,13:15:00,15:04:00,11,15.0,1.5,
5275,233,2023-08-19,11:00:00,13:18:00,4,15.0,3.75,
5276,182,2023-08-19,11:00:00,13:29:00,3,15.0,1.5,
5277,195,2023-08-19,16:45:00,18:08:00,5,15.0,3.75,
5278,107,2023-08-19,10:15:00,12:19:00,13,15.0,3.75,
5279,76,2023-08-19,13:30:00,15:32:00,10,15.0,3.75,
5280,56,2023-08-19,10:00:00,11:22:00,3,15.0,3.75,
5281,191,2023-08-19,13:00:00,14:30:00,3,18.0,0.0,
5282,53,2023-08-19,13:15:00,15:45:00,10,15.0,1.5,
5283,240,2023-08-19,11:45:00,13:49:00,12,15.0,6.0,
5284,47,2023-08-19,15:30:00,17:34:00,3,15.0,1.5,
5285,233,2023-08-19,10:00:00,11:11:00,11,15.0,3.75,
5286,179,2023-08-19,10:30:00,12:26:00,7,15.0,3.75,
5287,186,2023-08-19,12:30:00,13:36:00,10,15.0,1.5,
5288,143,2023-08-19,09:45:00,10:58:00,2,15.0,3.75,
5289,23,2023-08-19,15:45:00,17:37:00,3,15.0,6.0,
5290,197,2023-08-19,15:30:00,16:29:00,11,15.0,1.5,
5291,82,2023-08-19,09:45:00,12:06:00,1,15.0,1.5,
5292,207,2023-08-19,14:00:00,16:03:00,12,15.0,6.0,
5293,107,2023-08-19,12:15:00,14:21:00,2,15.0,3.75,
5294,232,2023-08-19,14:15:00,16:24:00,13,15.0,3.75,
5295,10,2023-08-19,14:45:00,15:30:00,11,15.0,1.5,
5296,23,2023-08-19,14:15:00,16:25:00,5,15.0,6.0,
5297,107,2023-08-19,16:45:00,19:14:00,7,15.0,3.75,
5298,27,2023-08-20,12:15:00,14:35:00,7,15.0,6.0,
5299,118,2023-08-20,12:00:00,13:11:00,2,15.0,3.75,
5300,23,2023-08-20,14:45:00,16:06:00,13,15.0,6.0,
5301,236,2023-08-20,13:45:00,16:09:00,3,15.0,1.5,
5302,118,2023-08-20,12:30:00,14:51:00,7,15.0,3.75,
5303,121,2023-08-20,12:30:00,13:59:00,2,15.0,1.5,
5304,182,2023-08-20,16:15:00,18:26:00,12,15.0,1.5,
5305,10,2023-08-20,16:15:00,18:23:00,4,15.0,1.5,
5306,208,2023-08-20,11:45:00,13:16:00,1,18.0,0.0,
5307,172,2023-08-20,09:00:00,10:23:00,10,15.0,1.5,
5308,71,2023-08-20,15:15:00,16:29:00,11,15.0,1.5,
5309,165,2023-08-20,09:00:00,10:24:00,5,15.0,6.0,
5310,53,2023-08-20,14:00:00,15:43:00,5,15.0,1.5,
5311,107,2023-08-20,09:15:00,10:19:00,2,15.0,3.75,
5312,29,2023-08-20,10:15:00,12:16:00,2,18.0,0.0,
5313,197,2023-08-20,10:30:00,11:17:00,13,15.0,1.5,
5314,237,2023-08-20,12:30:00,13:16:00,4,15.0,3.75,
5315,200,2023-08-20,12:30:00,14:59:00,14,18.0,0.0,
5316,143,2023-08-20,10:30:00,11:30:00,1,15.0,3.75,
5317,182,2023-08-20,16:30:00,18:10:00,1,15.0,1.5,
5318,27,2023-08-21,14:15:00,16:19:00,10,15.0,6.0,
5319,126,2023-08-21,14:15:00,15:14:00,14,15.0,1.5,
5320,179,2023-08-21,14:00:00,16:05:00,13,15.0,3.75,
5321,47,2023-08-21,16:45:00,17:42:00,11,15.0,1.5,
5322,240,2023-08-21,13:15:00,15:15:00,5,15.0,6.0,
5323,125,2023-08-21,16:45:00,18:30:00,3,18.0,0.0,
5324,237,2023-08-21,16:00:00,18:30:00,14,15.0,3.75,
5325,78,2023-08-21,15:00:00,16:00:00,13,18.0,0.0,
5326,8,2023-08-21,10:00:00,11:37:00,13,15.0,1.5,
5327,27,2023-08-21,13:45:00,15:17:00,13,15.0,6.0,
5328,174,2023-08-21,10:30:00,11:28:00,5,15.0,1.5,
5329,240,2023-08-21,13:15:00,15:37:00,11,15.0,6.0,
5330,76,2023-08-21,10:15:00,11:23:00,7,15.0,3.75,
5331,236,2023-08-21,09:15:00,10:52:00,14,15.0,1.5,
5332,44,2023-08-21,14:00:00,16:24:00,6,15.0,1.5,
5333,2,2023-08-21,16:00:00,17:22:00,7,15.0,6.0,
5334,1,2023-08-22,14:15:00,16:28:00,5,15.0,6.0,
5335,126,2023-08-22,15:30:00,16:27:00,2,15.0,1.5,
5336,5,2023-08-22,16:00:00,16:54:00,13,15.0,3.75,
5337,189,2023-08-22,14:45:00,15:46:00,13,15.0,3.75,
5338,184,2023-08-22,16:30:00,18:38:00,5,18.0,0.0,
5339,128,2023-08-22,09:00:00,10:56:00,7,15.0,1.5,
5340,38,2023-08-22,15:45:00,16:34:00,12,15.0,1.5,
5341,115,2023-08-22,11:45:00,13:36:00,6,18.0,0.0,
5342,121,2023-08-22,11:30:00,13:12:00,6,15.0,1.5,
5343,42,2023-08-22,13:30:00,15:40:00,5,15.0,1.5,
5344,74,2023-08-22,14:30:00,15:16:00,10,15.0,3.75,
5345,13,2023-08-22,11:30:00,13:06:00,14,18.0,0.0,
5346,182,2023-08-22,10:45:00,11:53:00,7,15.0,1.5,
5347,121,2023-08-22,09:15:00,11:35:00,14,15.0,1.5,
5348,240,2023-08-22,09:15:00,11:30:00,5,15.0,6.0,
5349,218,2023-08-22,09:45:00,10:59:00,12,15.0,1.5,
5350,56,2023-08-23,14:15:00,16:40:00,12,15.0,3.75,
5351,23,2023-08-23,09:45:00,11:07:00,5,15.0,6.0,
5352,56,2023-08-23,15:30:00,16:51:00,13,15.0,3.75,
5353,11,2023-08-23,10:45:00,12:51:00,3,18.0,0.0,
5354,232,2023-08-23,10:45:00,12:59:00,4,15.0,3.75,
5355,4,2023-08-23,09:00:00,11:07:00,2,15.0,3.75,
5356,237,2023-08-23,12:30:00,13:39:00,1,15.0,3.75,
5357,240,2023-08-23,14:30:00,16:26:00,5,15.0,6.0,
5358,128,2023-08-23,11:15:00,12:00:00,12,15.0,1.5,
5359,56,2023-08-23,13:00:00,14:35:00,2,15.0,3.75,
5360,23,2023-08-23,11:15:00,12:40:00,3,15.0,6.0,
5361,237,2023-08-23,10:00:00,11:22:00,13,15.0,3.75,
5362,231,2023-08-23,10:45:00,12:27:00,2,15.0,1.5,
5363,44,2023-08-23,16:30:00,17:51:00,12,15.0,1.5,
5364,165,2023-08-23,12:45:00,13:51:00,12,15.0,6.0,
5365,112,2023-08-23,12:00:00,13:28:00,7,15.0,1.5,
5366,82,2023-08-23,16:30:00,18:42:00,13,15.0,1.5,
5367,240,2023-08-23,12:30:00,14:54:00,10,15.0,6.0,
5368,179,2023-08-24,09:45:00,11:58:00,5,15.0,3.75,
5369,10,2023-08-24,13:45:00,14:42:00,10,15.0,1.5,
5370,118,2023-08-24,15:00:00,17:25:00,13,15.0,3.75,
5371,69,2023-08-24,11:45:00,13:08:00,10,15.0,3.75,
5372,194,2023-08-24,15:30:00,17:34:00,10,15.0,1.5,
5373,11,2023-08-24,16:15:00,17:35:00,5,18.0,0.0,
5374,217,2023-08-24,09:45:00,10:43:00,13,15.0,1.5,
5375,41,2023-08-24,15:15:00,16:45:00,2,15.0,1.5,
5376,2,2023-08-24,16:30:00,17:25:00,14,15.0,6.0,
5377,98,2023-08-24,15:45:00,16:55:00,7,15.0,3.75,
5378,120,2023-08-24,11:00:00,13:11:00,11,15.0,1.5,
5379,15,2023-08-24,15:15:00,17:14:00,14,18.0,0.0,
5380,73,2023-08-24,14:00:00,15:24:00,12,15.0,3.75,
5381,57,2023-08-24,09:45:00,11:24:00,2,15.0,1.5,
5382,165,2023-08-24,10:30:00,11:39:00,14,15.0,6.0,
5383,123,2023-08-24,16:00:00,17:16:00,12,18.0,0.0,
5384,2,2023-08-24,11:15:00,13:22:00,3,15.0,6.0,
5385,36,2023-08-24,09:15:00,10:57:00,11,15.0,3.75,
5386,5,2023-08-24,12:00:00,14:15:00,14,15.0,3.75,
5387,223,2023-08-25,11:00:00,13:06:00,4,15.0,1.5,
5388,143,2023-08-25,13:15:00,15:35:00,5,15.0,3.75,
5389,107,2023-08-25,13:15:00,14:52:00,4,15.0,3.75,
5390,59,2023-08-25,13:30:00,14:51:00,3,15.0,1.5,
5391,126,2023-08-25,10:45:00,11:49:00,2,15.0,1.5,
5392,196,2023-08-25,11:00:00,12:28:00,10,15.0,1.5,
5393,26,2023-08-25,10:15:00,11:19:00,7,18.0,0.0,
5394,68,2023-08-25,10:15:00,11:56:00,13,18.0,0.0,
5395,237,2023-08-25,15:15:00,16:00:00,1,15.0,3.75,
5396,186,2023-08-25,09:30:00,10:50:00,12,15.0,1.5,
5397,4,2023-08-25,16:00:00,17:16:00,5,15.0,3.75,
5398,171,2023-08-25,16:30:00,18:12:00,2,18.0,0.0,
5399,98,2023-08-26,10:45:00,12:02:00,13,15.0,3.75,
5400,98,2023-08-26,10:15:00,12:39:00,4,15.0,3.75,
5401,223,2023-08-26,11:30:00,13:09:00,11,15.0,1.5,
5402,165,2023-08-26,09:00:00,10:03:00,7,15.0,6.0,
5403,64,2023-08-26,10:15:00,11:36:00,1,15.0,1.5,
5404,59,2023-08-26,14:45:00,16:16:00,14,15.0,1.5,
5405,73,2023-08-26,09:00:00,10:42:00,4,15.0,3.75,
5406,217,2023-08-26,09:30:00,11:30:00,13,15.0,1.5,
5407,69,2023-08-26,15:15:00,16:52:00,1,15.0,3.75,
5408,41,2023-08-26,13:45:00,14:51:00,11,15.0,1.5,
5409,39,2023-08-26,14:45:00,17:10:00,5,15.0,1.5,
5410,235,2023-08-26,10:30:00,12:51:00,7,18.0,0.0,
5411,10,2023-08-26,09:30:00,11:46:00,14,15.0,1.5,
5412,143,2023-08-26,15:15:00,17:25:00,11,15.0,3.75,
5413,98,2023-08-26,12:45:00,13:37:00,4,15.0,3.75,
5414,73,2023-08-26,16:45:00,18:23:00,7,15.0,3.75,
5415,240,2023-08-26,16:30:00,18:58:00,7,15.0,6.0,
5416,218,2023-08-26,13:15:00,14:03:00,11,15.0,1.5,
5417,36,2023-08-26,13:15:00,15:34:00,4,15.0,3.75,
5418,52,2023-08-26,15:45:00,17:39:00,4,15.0,1.5,
5419,19,2023-08-26,12:00:00,14:00:00,14,18.0,0.0,
5420,3,2023-08-26,14:45:00,15:35:00,10,15.0,3.75,
5421,192,2023-08-26,13:30:00,14:40:00,1,18.0,0.0,
5422,25,2023-08-26,15:15:00,16:24:00,11,15.0,1.5,
5423,165,2023-08-26,16:00:00,18:04:00,4,15.0,6.0,
5424,69,2023-08-26,13:30:00,14:57:00,11,15.0,3.75,
5425,75,2023-08-27,11:00:00,11:45:00,6,15.0,1.5,
5426,240,2023-08-27,12:45:00,14:05:00,6,15.0,6.0,
5427,174,2023-08-27,14:15:00,16:43:00,1,15.0,1.5,
5428,76,2023-08-27,14:15:00,16:43:00,11,15.0,3.75,
5429,35,2023-08-27,14:15:00,16:18:00,6,18.0,0.0,
5430,2,2023-08-27,15:30:00,16:34:00,12,15.0,6.0,
5431,207,2023-08-27,13:45:00,14:52:00,11,15.0,6.0,
5432,44,2023-08-27,13:45:00,15:32:00,14,15.0,1.5,
5433,69,2023-08-27,16:30:00,17:17:00,12,15.0,3.75,
5434,27,2023-08-27,15:30:00,17:53:00,4,15.0,6.0,
5435,120,2023-08-27,09:45:00,11:54:00,1,15.0,1.5,
5436,97,2023-08-27,11:15:00,12:14:00,1,15.0,1.5,
5437,197,2023-08-27,16:45:00,17:53:00,7,15.0,1.5,
5438,207,2023-08-27,15:00:00,15:56:00,14,15.0,6.0,
5439,8,2023-08-27,13:15:00,15:24:00,14,15.0,1.5,
5440,197,2023-08-27,09:15:00,10:07:00,4,15.0,1.5,
5441,3,2023-08-27,11:00:00,13:13:00,12,15.0,3.75,
5442,175,2023-08-27,10:30:00,12:58:00,2,18.0,0.0,
5443,27,2023-08-27,15:30:00,17:58:00,4,15.0,6.0,
5444,27,2023-08-28,15:00:00,17:08:00,13,15.0,6.0,
5445,71,2023-08-28,11:15:00,13:11:00,11,15.0,1.5,
5446,41,2023-08-28,11:45:00,13:06:00,11,15.0,1.5,
5447,189,2023-08-28,09:00:00,10:10:00,1,15.0,3.75,
5448,121,2023-08-28,13:45:00,15:26:00,12,15.0,1.5,
5449,172,2023-08-28,16:30:00,18:38:00,3,15.0,1.5,
5450,107,2023-08-28,10:00:00,11:46:00,5,15.0,3.75,
5451,3,2023-08-28,09:15:00,10:02:00,7,15.0,3.75,
5452,101,2023-08-28,10:45:00,11:42:00,6,18.0,0.0,
5453,198,2023-08-28,10:30:00,11:28:00,2,15.0,3.75,
5454,120,2023-08-28,15:15:00,16:09:00,14,15.0,1.5,
5455,235,2023-08-28,13:00:00,13:46:00,11,18.0,0.0,
5456,54,2023-08-28,13:30:00,14:32:00,5,18.0,0.0,
5457,67,2023-08-28,10:15:00,11:57:00,4,15.0,3.75,
5458,149,2023-08-28,16:45:00,18:37:00,5,15.0,1.5,
5459,1,2023-08-28,16:15:00,17:26:00,14,15.0,6.0,
5460,238,2023-08-28,09:30:00,10:22:00,14,15.0,1.5,
5461,71,2023-08-28,13:30:00,14:34:00,1,15.0,1.5,
5462,47,2023-08-29,13:15:00,14:06:00,7,15.0,1.5,
5463,38,2023-08-29,11:30:00,13:11:00,12,15.0,1.5,
5464,128,2023-08-29,10:30:00,11:54:00,1,15.0,1.5,
5465,75,2023-08-29,16:15:00,17:23:00,12,15.0,1.5,
5466,39,2023-08-29,11:15:00,12:16:00,11,15.0,1.5,
5467,82,2023-08-29,13:30:00,15:53:00,12,15.0,1.5,
5468,5,2023-08-29,10:15:00,12:19:00,1,15.0,3.75,
5469,240,2023-08-29,10:30:00,12:57:00,6,15.0,6.0,
5470,111,2023-08-29,09:45:00,12:06:00,14,15.0,1.5,
5471,35,2023-08-29,12:00:00,13:17:00,4,18.0,0.0,
5472,43,2023-08-29,09:30:00,11:36:00,5,15.0,3.75,
5473,232,2023-08-29,13:45:00,15:06:00,10,15.0,3.75,
5474,27,2023-08-29,11:45:00,13:09:00,6,15.0,6.0,
5475,112,2023-08-29,14:45:00,16:57:00,13,15.0,1.5,
5476,98,2023-08-30,09:30:00,10:36:00,10,15.0,3.75,
5477,115,2023-08-30,09:15:00,11:33:00,12,18.0,0.0,
5478,6,2023-08-30,16:15:00,17:20:00,2,15.0,1.5,
5479,5,2023-08-30,12:15:00,14:38:00,7,15.0,3.75,
5480,236,2023-08-30,10:45:00,12:51:00,12,15.0,1.5,
5481,120,2023-08-30,12:00:00,13:19:00,11,15.0,1.5,
5482,72,2023-08-30,12:45:00,15:13:00,6,18.0,0.0,
5483,74,2023-08-30,12:30:00,14:39:00,4,15.0,3.75,
5484,74,2023-08-30,09:15:00,11:44:00,5,15.0,3.75,
5485,74,2023-08-30,11:00:00,12:59:00,4,15.0,3.75,
5486,160,2023-08-30,11:45:00,14:15:00,11,15.0,3.75,
5487,82,2023-08-30,10:15:00,11:10:00,6,15.0,1.5,
5488,26,2023-08-30,10:15:00,11:21:00,14,18.0,0.0,
5489,148,2023-08-30,13:45:00,15:30:00,14,15.0,1.5,
5490,5,2023-08-30,14:45:00,16:10:00,13,15.0,3.75,
5491,195,2023-08-30,12:45:00,15:05:00,11,15.0,3.75,
5492,126,2023-08-30,12:30:00,14:56:00,2,15.0,1.5,
5493,43,2023-08-30,14:15:00,16:00:00,3,15.0,3.75,
5494,74,2023-08-31,09:30:00,11:44:00,13,15.0,3.75,
5495,182,2023-08-31,09:15:00,11:42:00,4,15.0,1.5,
5496,4,2023-08-31,14:30:00,15:34:00,7,15.0,3.75,
5497,54,2023-08-31,12:00:00,14:16:00,12,18.0,0.0,
5498,2,2023-08-31,15:45:00,16:30:00,4,15.0,6.0,
5499,8,2023-08-31,09:15:00,10:33:00,11,15.0,1.5,
5500,235,2023-08-31,09:45:00,10:59:00,14,18.0,0.0,
5501,8,2023-08-31,10:00:00,10:55:00,13,15.0,1.5,
5502,86,2023-08-31,15:15:00,17:07:00,14,18.0,0.0,
5503,232,2023-08-31,11:30:00,13:10:00,6,15.0,3.75,
5504,5,2023-08-31,14:00:00,16:25:00,11,15.0,3.75,
5505,23,2023-08-31,16:15:00,18:12:00,5,15.0,6.0,
5506,42,2023-08-31,14:00:00,15:14:00,2,15.0,1.5,
5507,237,2023-09-01,16:15:00,18:15:00,13,15.0,3.75,
5508,115,2023-09-01,12:15:00,14:08:00,11,18.0,0.0,
5509,1,2023-09-01,14:30:00,16:39:00,6,15.0,6.0,
5510,67,2023-09-01,11:45:00,13:20:00,5,15.0,3.75,
5511,78,2023-09-01,16:45:00,18:19:00,13,18.0,0.0,
5512,36,2023-09-01,11:00:00,11:56:00,6,15.0,3.75,
5513,165,2023-09-01,15:15:00,16:14:00,5,15.0,6.0,
5514,233,2023-09-01,13:30:00,14:17:00,6,15.0,3.75,
5515,218,2023-09-01,13:30:00,14:32:00,11,15.0,1.5,
5516,182,2023-09-01,10:45:00,12:16:00,7,15.0,1.5,
5517,238,2023-09-01,16:00:00,18:03:00,4,15.0,1.5,
5518,8,2023-09-01,11:30:00,13:39:00,10,15.0,1.5,
5519,236,2023-09-01,09:00:00,09:46:00,11,15.0,1.5,
5520,238,2023-09-01,13:15:00,15:14:00,11,15.0,1.5,
5521,52,2023-09-01,15:00:00,16:33:00,10,15.0,1.5,
5522,165,2023-09-02,09:45:00,10:54:00,5,15.0,6.0,
5523,2,2023-09-02,16:45:00,18:21:00,7,15.0,6.0,
5524,59,2023-09-02,10:15:00,11:43:00,12,15.0,1.5,
5525,107,2023-09-02,10:30:00,12:41:00,10,15.0,3.75,
5526,7,2023-09-02,09:15:00,11:05:00,4,15.0,1.5,
5527,42,2023-09-02,15:15:00,17:10:00,11,15.0,1.5,
5528,126,2023-09-02,14:00:00,16:23:00,14,15.0,1.5,
5529,182,2023-09-02,16:45:00,18:21:00,10,15.0,1.5,
5530,125,2023-09-02,13:15:00,15:26:00,14,18.0,0.0,
5531,56,2023-09-02,13:15:00,14:41:00,10,15.0,3.75,
5532,2,2023-09-02,09:00:00,10:29:00,5,15.0,6.0,
5533,73,2023-09-02,15:15:00,16:21:00,13,15.0,3.75,
5534,31,2023-09-02,16:45:00,18:40:00,2,15.0,1.5,
5535,92,2023-09-02,09:45:00,12:14:00,1,18.0,0.0,
5536,3,2023-09-02,13:00:00,14:58:00,13,15.0,3.75,
5537,38,2023-09-02,13:00:00,13:58:00,10,15.0,1.5,
5538,218,2023-09-02,11:45:00,12:55:00,14,15.0,1.5,
5539,228,2023-09-02,14:00:00,16:18:00,6,15.0,1.5,
5540,56,2023-09-02,11:00:00,13:19:00,7,15.0,3.75,
5541,5,2023-09-03,09:30:00,11:25:00,7,15.0,3.75,
5542,233,2023-09-03,14:30:00,16:57:00,7,15.0,3.75,
5543,180,2023-09-03,09:30:00,11:14:00,5,18.0,0.0,
5544,53,2023-09-03,10:00:00,11:08:00,3,15.0,1.5,
5545,198,2023-09-03,13:15:00,15:45:00,7,15.0,3.75,
5546,45,2023-09-03,10:00:00,11:16:00,14,18.0,0.0,
5547,164,2023-09-03,14:00:00,14:53:00,11,15.0,1.5,
5548,4,2023-09-03,16:30:00,18:06:00,10,15.0,3.75,
5549,72,2023-09-03,12:45:00,14:44:00,13,18.0,0.0,
5550,163,2023-09-03,12:30:00,15:00:00,10,18.0,0.0,
5551,233,2023-09-03,09:15:00,10:07:00,14,15.0,3.75,
5552,110,2023-09-03,13:15:00,14:14:00,11,15.0,3.75,
5553,120,2023-09-03,12:45:00,14:40:00,2,15.0,1.5,
5554,27,2023-09-03,12:15:00,13:06:00,1,15.0,6.0,
5555,22,2023-09-03,12:15:00,13:21:00,4,18.0,0.0,
5556,5,2023-09-03,16:45:00,17:49:00,10,15.0,3.75,
5557,64,2023-09-03,09:00:00,11:20:00,14,15.0,1.5,
5558,56,2023-09-03,13:00:00,14:23:00,3,15.0,3.75,
5559,25,2023-09-03,10:00:00,11:20:00,14,15.0,1.5,
5560,2,2023-09-03,16:00:00,18:10:00,4,15.0,6.0,
5561,123,2023-09-04,15:45:00,18:03:00,10,18.0,0.0,
5562,10,2023-09-04,14:45:00,17:14:00,2,15.0,1.5,
5563,69,2023-09-04,13:30:00,15:16:00,6,15.0,3.75,
5564,27,2023-09-04,16:30:00,17:32:00,11,15.0,6.0,
5565,2,2023-09-04,11:00:00,12:24:00,5,15.0,6.0,
5566,232,2023-09-04,11:15:00,12:42:00,4,15.0,3.75,
5567,44,2023-09-04,10:30:00,11:31:00,11,15.0,1.5,
5568,154,2023-09-04,09:15:00,10:46:00,3,18.0,0.0,
5569,152,2023-09-04,14:30:00,16:17:00,13,15.0,3.75,
5570,75,2023-09-04,09:30:00,10:53:00,2,15.0,1.5,
5571,143,2023-09-04,13:30:00,15:16:00,6,15.0,3.75,
5572,234,2023-09-04,16:45:00,18:22:00,7,18.0,0.0,
5573,233,2023-09-04,10:00:00,12:11:00,1,15.0,3.75,
5574,192,2023-09-04,15:45:00,18:01:00,13,18.0,0.0,
5575,143,2023-09-04,11:00:00,13:01:00,2,15.0,3.75,
5576,68,2023-09-04,09:00:00,09:52:00,3,18.0,0.0,
5577,204,2023-09-04,11:00:00,12:50:00,4,18.0,0.0,
5578,98,2023-09-04,14:30:00,16:52:00,2,15.0,3.75,
5579,237,2023-09-04,16:00:00,17:34:00,13,15.0,3.75,
5580,98,2023-09-04,16:15:00,18:39:00,10,15.0,3.75,
5581,1,2023-09-04,10:15:00,11:42:00,10,15.0,6.0,
5582,29,2023-09-05,15:00:00,16:54:00,1,18.0,0.0,
5583,238,2023-09-05,11:00:00,12:33:00,3,15.0,1.5,
5584,107,2023-09-05,16:30:00,18:02:00,7,15.0,3.75,
5585,232,2023-09-05,13:45:00,15:48:00,1,15.0,3.75,
5586,73,2023-09-05,13:45:00,16:11:00,10,15.0,3.75,
5587,148,2023-09-05,12:30:00,14:15:00,4,15.0,1.5,
5588,68,2023-09-05,13:15:00,14:16:00,3,18.0,0.0,
5589,208,2023-09-05,09:45:00,11:02:00,6,18.0,0.0,
5590,74,2023-09-05,15:30:00,16:41:00,3,15.0,3.75,
5591,164,2023-09-05,12:30:00,14:10:00,12,15.0,1.5,
5592,10,2023-09-05,13:15:00,15:28:00,4,15.0,1.5,
5593,189,2023-09-05,16:00:00,17:17:00,1,15.0,3.75,
5594,162,2023-09-05,16:45:00,19:00:00,5,15.0,3.75,
5595,68,2023-09-05,14:30:00,15:45:00,7,18.0,0.0,
5596,53,2023-09-05,11:00:00,12:20:00,6,15.0,1.5,
5597,104,2023-09-05,11:15:00,12:00:00,2,18.0,0.0,
5598,152,2023-09-05,10:30:00,12:30:00,13,15.0,3.75,
5599,171,2023-09-05,14:30:00,15:39:00,14,18.0,0.0,
5600,198,2023-09-06,11:00:00,12:19:00,13,15.0,3.75,
5601,178,2023-09-06,16:45:00,18:35:00,3,18.0,0.0,
5602,1,2023-09-06,09:45:00,12:09:00,7,15.0,6.0,
5603,160,2023-09-06,10:15:00,12:19:00,12,15.0,3.75,
5604,197,2023-09-06,11:00:00,13:04:00,6,15.0,1.5,
5605,27,2023-09-06,11:45:00,13:55:00,12,15.0,6.0,
5606,161,2023-09-06,16:45:00,19:12:00,3,18.0,0.0,
5607,237,2023-09-06,13:45:00,14:52:00,5,15.0,3.75,
5608,189,2023-09-06,09:15:00,11:38:00,10,15.0,3.75,
5609,73,2023-09-06,16:45:00,19:04:00,13,15.0,3.75,
5610,217,2023-09-06,14:30:00,15:33:00,6,15.0,1.5,
5611,38,2023-09-06,15:00:00,17:11:00,2,15.0,1.5,
5612,110,2023-09-06,10:30:00,12:57:00,4,15.0,3.75,
5613,27,2023-09-06,15:15:00,16:47:00,7,15.0,6.0,
5614,27,2023-09-06,11:30:00,13:58:00,11,15.0,6.0,
5615,128,2023-09-06,12:45:00,14:11:00,12,15.0,1.5,
5616,82,2023-09-06,10:30:00,12:39:00,5,15.0,1.5,
5617,217,2023-09-06,09:30:00,10:54:00,10,15.0,1.5,
5618,4,2023-09-06,10:00:00,11:33:00,2,15.0,3.75,
5619,20,2023-09-06,15:30:00,17:36:00,4,18.0,0.0,
5620,217,2023-09-06,10:30:00,12:07:00,1,15.0,1.5,
5621,164,2023-09-06,14:45:00,16:11:00,4,15.0,1.5,
5622,23,2023-09-07,15:00:00,16:44:00,7,15.0,6.0,
5623,98,2023-09-07,13:30:00,14:16:00,5,15.0,3.75,
5624,2,2023-09-07,16:45:00,19:02:00,3,15.0,6.0,
5625,1,2023-09-07,16:15:00,17:09:00,6,15.0,6.0,
5626,103,2023-09-07,09:45:00,11:44:00,13,15.0,1.5,
5627,121,2023-09-07,10:45:00,12:44:00,2,15.0,1.5,
5628,38,2023-09-07,16:45:00,19:07:00,11,15.0,1.5,
5629,162,2023-09-07,10:45:00,13:11:00,3,15.0,3.75,
5630,207,2023-09-07,11:45:00,13:28:00,11,15.0,6.0,
5631,98,2023-09-07,10:15:00,12:17:00,1,15.0,3.75,
5632,111,2023-09-07,13:15:00,15:43:00,2,15.0,1.5,
5633,174,2023-09-07,14:45:00,16:27:00,1,15.0,1.5,
5634,8,2023-09-07,09:45:00,10:55:00,2,15.0,1.5,
5635,23,2023-09-07,13:45:00,14:50:00,3,15.0,6.0,
5636,74,2023-09-07,13:15:00,15:05:00,3,15.0,3.75,
5637,38,2023-09-07,12:30:00,14:16:00,12,15.0,1.5,
5638,8,2023-09-07,16:00:00,16:47:00,2,15.0,1.5,
5639,103,2023-09-07,15:30:00,17:02:00,10,15.0,1.5,
5640,214,2023-09-07,12:45:00,13:53:00,2,18.0,0.0,
5641,149,2023-09-07,09:30:00,11:09:00,11,15.0,1.5,
5642,217,2023-09-07,12:30:00,13:19:00,5,15.0,1.5,
5643,56,2023-09-07,11:30:00,13:18:00,14,15.0,3.75,
5644,217,2023-09-08,09:45:00,10:42:00,11,15.0,1.5,
5645,110,2023-09-08,12:45:00,13:51:00,6,15.0,3.75,
5646,192,2023-09-08,10:45:00,12:29:00,5,18.0,0.0,
5647,69,2023-09-08,10:00:00,12:28:00,3,15.0,3.75,
5648,42,2023-09-08,16:45:00,18:37:00,1,15.0,1.5,
5649,73,2023-09-08,16:00:00,18:07:00,5,15.0,3.75,
5650,73,2023-09-08,09:45:00,10:30:00,12,15.0,3.75,
5651,229,2023-09-08,16:00:00,18:29:00,7,18.0,0.0,
5652,5,2023-09-08,16:30:00,17:30:00,12,15.0,3.75,
5653,98,2023-09-08,15:15:00,16:55:00,1,15.0,3.75,
5654,143,2023-09-08,10:30:00,12:30:00,12,15.0,3.75,
5655,248,2023-09-08,09:30:00,10:43:00,2,18.0,0.0,
5656,110,2023-09-08,14:15:00,15:22:00,12,15.0,3.75,
5657,128,2023-09-08,10:30:00,12:33:00,5,15.0,1.5,
5658,126,2023-09-08,09:45:00,10:49:00,4,15.0,1.5,
5659,98,2023-09-08,09:15:00,10:22:00,10,15.0,3.75,
5660,174,2023-09-08,10:15:00,12:34:00,6,15.0,1.5,
5661,107,2023-09-08,16:00:00,16:52:00,13,15.0,3.75,
5662,2,2023-09-09,09:45:00,11:46:00,14,15.0,6.0,
5663,1,2023-09-09,10:15:00,11:04:00,11,15.0,6.0,
5664,77,2023-09-09,14:15:00,16:27:00,2,15.0,1.5,
5665,184,2023-09-09,11:30:00,13:06:00,10,18.0,0.0,
5666,2,2023-09-09,15:15:00,16:06:00,5,15.0,6.0,
5667,5,2023-09-09,13:15:00,14:25:00,7,15.0,3.75,
5668,233,2023-09-09,16:30:00,17:33:00,11,15.0,3.75,
5669,112,2023-09-09,12:00:00,13:05:00,10,15.0,1.5,
5670,2,2023-09-09,16:30:00,18:45:00,12,15.0,6.0,
5671,206,2023-09-09,10:30:00,11:26:00,7,18.0,0.0,
5672,162,2023-09-09,15:45:00,17:59:00,4,15.0,3.75,
5673,77,2023-09-09,12:15:00,13:33:00,4,15.0,1.5,
5674,99,2023-09-09,11:30:00,13:01:00,5,18.0,0.0,
5675,165,2023-09-09,11:30:00,13:57:00,12,15.0,6.0,
5676,8,2023-09-09,16:30:00,18:53:00,4,15.0,1.5,
5677,121,2023-09-09,09:30:00,11:01:00,1,15.0,1.5,
5678,120,2023-09-09,13:00:00,14:35:00,12,15.0,1.5,
5679,179,2023-09-09,11:15:00,12:44:00,13,15.0,3.75,
5680,43,2023-09-09,13:15:00,14:00:00,7,15.0,3.75,
5681,207,2023-09-09,09:45:00,11:05:00,3,15.0,6.0,
5682,107,2023-09-09,09:45:00,11:37:00,10,15.0,3.75,
5683,77,2023-09-09,11:15:00,12:49:00,10,15.0,1.5,
5684,162,2023-09-09,16:15:00,18:41:00,14,15.0,3.75,
5685,53,2023-09-09,16:00:00,17:07:00,10,15.0,1.5,
5686,74,2023-09-09,15:45:00,17:03:00,13,15.0,3.75,
5687,121,2023-09-09,10:15:00,12:24:00,5,15.0,1.5,
5688,67,2023-09-09,12:00:00,13:22:00,7,15.0,3.75,
5689,2,2023-09-09,16:45:00,18:55:00,7,15.0,6.0,
5690,111,2023-09-09,10:30:00,12:36:00,10,15.0,1.5,
5691,149,2023-09-10,15:45:00,16:47:00,4,15.0,1.5,
5692,174,2023-09-10,14:00:00,16:28:00,7,15.0,1.5,
5693,71,2023-09-10,10:45:00,12:58:00,3,15.0,1.5,
5694,237,2023-09-10,14:15:00,16:41:00,3,15.0,3.75,
5695,74,2023-09-10,11:00:00,12:53:00,4,15.0,3.75,
5696,172,2023-09-10,14:45:00,17:11:00,10,15.0,1.5,
5697,201,2023-09-10,15:15:00,16:05:00,13,15.0,1.5,
5698,164,2023-09-10,16:45:00,19:15:00,10,15.0,1.5,
5699,72,2023-09-10,09:30:00,11:00:00,10,18.0,0.0,
5700,160,2023-09-10,11:30:00,12:37:00,12,15.0,3.75,
5701,126,2023-09-10,14:30:00,16:43:00,12,15.0,1.5,
5702,207,2023-09-10,14:45:00,15:52:00,13,15.0,6.0,
5703,194,2023-09-10,12:30:00,13:56:00,12,15.0,1.5,
5704,213,2023-09-10,14:30:00,15:57:00,1,15.0,1.5,
5705,69,2023-09-10,13:15:00,15:43:00,7,15.0,3.75,
5706,44,2023-09-10,10:00:00,12:01:00,1,15.0,1.5,
5707,2,2023-09-10,16:45:00,18:21:00,14,15.0,6.0,
5708,7,2023-09-10,15:30:00,17:58:00,13,15.0,1.5,
5709,125,2023-09-10,14:15:00,16:18:00,5,18.0,0.0,
5710,165,2023-09-10,11:15:00,13:01:00,3,15.0,6.0,
5711,104,2023-09-10,14:15:00,16:15:00,11,18.0,0.0,
5712,92,2023-09-10,12:30:00,13:41:00,3,18.0,0.0,
5713,126,2023-09-10,15:15:00,17:22:00,7,15.0,1.5,
5714,44,2023-09-11,09:15:00,11:12:00,5,15.0,1.5,
5715,1,2023-09-11,09:15:00,11:08:00,3,15.0,6.0,
5716,240,2023-09-11,13:15:00,15:17:00,1,15.0,6.0,
5717,199,2023-09-11,09:30:00,11:26:00,5,15.0,1.5,
5718,2,2023-09-11,10:15:00,11:21:00,6,15.0,6.0,
5719,44,2023-09-11,11:15:00,13:09:00,14,15.0,1.5,
5720,38,2023-09-11,16:30:00,17:55:00,13,15.0,1.5,
5721,179,2023-09-11,16:00:00,17:18:00,2,15.0,3.75,
5722,189,2023-09-11,12:00:00,14:12:00,4,15.0,3.75,
5723,27,2023-09-12,14:30:00,16:31:00,14,15.0,6.0,
5724,56,2023-09-12,13:30:00,15:24:00,14,15.0,3.75,
5725,189,2023-09-12,11:00:00,12:56:00,3,15.0,3.75,
5726,160,2023-09-12,09:45:00,11:12:00,12,15.0,3.75,
5727,2,2023-09-12,12:00:00,13:50:00,5,15.0,6.0,
5728,143,2023-09-12,09:45:00,11:09:00,5,15.0,3.75,
5729,11,2023-09-12,10:15:00,12:25:00,6,18.0,0.0,
5730,3,2023-09-12,10:30:00,12:06:00,5,15.0,3.75,
5731,228,2023-09-12,10:45:00,12:38:00,11,15.0,1.5,
5732,69,2023-09-12,09:45:00,10:44:00,7,15.0,3.75,
5733,5,2023-09-12,16:30:00,17:57:00,14,15.0,3.75,
5734,218,2023-09-12,11:30:00,13:25:00,5,15.0,1.5,
5735,191,2023-09-12,12:00:00,13:39:00,3,18.0,0.0,
5736,3,2023-09-12,16:00:00,18:18:00,2,15.0,3.75,
5737,179,2023-09-12,16:30:00,18:59:00,10,15.0,3.75,
5738,56,2023-09-12,16:30:00,18:02:00,13,15.0,3.75,
5739,174,2023-09-12,14:00:00,16:07:00,4,15.0,1.5,
5740,25,2023-09-12,10:00:00,12:05:00,4,15.0,1.5,
5741,74,2023-09-12,16:30:00,18:40:00,7,15.0,3.75,
5742,182,2023-09-12,14:30:00,15:28:00,3,15.0,1.5,
5743,27,2023-09-12,12:45:00,14:01:00,12,15.0,6.0,
5744,197,2023-09-13,12:30:00,14:33:00,1,15.0,1.5,
5745,156,2023-09-13,09:00:00,09:45:00,4,18.0,0.0,
5746,44,2023-09-13,15:00:00,16:27:00,4,15.0,1.5,
5747,104,2023-09-13,14:00:00,15:42:00,3,18.0,0.0,
5748,228,2023-09-13,10:00:00,12:24:00,7,15.0,1.5,
5749,88,2023-09-13,11:45:00,13:38:00,4,18.0,0.0,
5750,172,2023-09-13,16:00:00,17:55:00,2,15.0,1.5,
5751,31,2023-09-13,10:00:00,12:24:00,10,15.0,1.5,
5752,92,2023-09-13,15:15:00,17:43:00,7,18.0,0.0,
5753,110,2023-09-13,14:45:00,15:52:00,4,15.0,3.75,
5754,107,2023-09-13,10:30:00,12:16:00,2,15.0,3.75,
5755,172,2023-09-13,16:00:00,17:14:00,5,15.0,1.5,
5756,44,2023-09-13,16:15:00,18:19:00,6,15.0,1.5,
5757,17,2023-09-13,15:15:00,16:55:00,5,18.0,0.0,
5758,44,2023-09-14,12:30:00,13:22:00,3,15.0,1.5,
5759,237,2023-09-14,12:00:00,13:35:00,3,15.0,3.75,
5760,47,2023-09-14,09:45:00,10:46:00,5,15.0,1.5,
5761,237,2023-09-14,10:15:00,11:57:00,10,15.0,3.75,
5762,36,2023-09-14,13:00:00,15:05:00,12,15.0,3.75,
5763,92,2023-09-14,10:00:00,11:35:00,6,18.0,0.0,
5764,97,2023-09-14,10:00:00,11:09:00,3,15.0,1.5,
5765,2,2023-09-14,16:45:00,19:09:00,2,15.0,6.0,
5766,186,2023-09-14,09:15:00,10:10:00,11,15.0,1.5,
5767,69,2023-09-14,16:45:00,18:32:00,3,15.0,3.75,
5768,97,2023-09-14,10:45:00,12:25:00,4,15.0,1.5,
5769,3,2023-09-14,14:15:00,16:42:00,4,15.0,3.75,
5770,160,2023-09-14,10:45:00,11:38:00,14,15.0,3.75,
5771,10,2023-09-14,12:45:00,13:37:00,4,15.0,1.5,
5772,114,2023-09-14,14:15:00,15:18:00,13,15.0,1.5,
5773,98,2023-09-15,12:00:00,14:05:00,3,15.0,3.75,
5774,72,2023-09-15,12:15:00,13:03:00,2,18.0,0.0,
5775,11,2023-09-15,10:15:00,11:47:00,12,18.0,0.0,
5776,27,2023-09-15,15:00:00,16:03:00,3,15.0,6.0,
5777,128,2023-09-15,16:15:00,17:00:00,3,15.0,1.5,
5778,5,2023-09-15,16:45:00,19:00:00,14,15.0,3.75,
5779,9,2023-09-15,12:15:00,13:33:00,11,15.0,1.5,
5780,5,2023-09-15,11:15:00,13:29:00,12,15.0,3.75,
5781,38,2023-09-15,10:45:00,11:39:00,4,15.0,1.5,
5782,232,2023-09-15,13:30:00,15:04:00,1,15.0,3.75,
5783,57,2023-09-15,16:30:00,17:29:00,5,15.0,1.5,
5784,63,2023-09-15,16:30:00,17:23:00,13,15.0,1.5,
5785,207,2023-09-15,09:15:00,10:20:00,11,15.0,6.0,
5786,73,2023-09-15,12:30:00,13:55:00,2,15.0,3.75,
5787,126,2023-09-15,10:15:00,11:56:00,4,15.0,1.5,
5788,75,2023-09-15,10:15:00,11:17:00,2,15.0,1.5,
5789,59,2023-09-15,10:30:00,12:39:00,14,15.0,1.5,
5790,143,2023-09-15,11:15:00,13:26:00,7,15.0,3.75,
5791,67,2023-09-15,09:00:00,09:58:00,12,15.0,3.75,
5792,25,2023-09-15,11:00:00,12:14:00,2,15.0,1.5,
5793,23,2023-09-16,12:15:00,14:42:00,10,15.0,6.0,
5794,41,2023-09-16,12:00:00,14:17:00,6,15.0,1.5,
5795,186,2023-09-16,15:45:00,17:44:00,6,15.0,1.5,
5796,162,2023-09-16,10:30:00,12:39:00,12,15.0,3.75,
5797,213,2023-09-16,10:00:00,10:59:00,5,15.0,1.5,
5798,240,2023-09-16,16:45:00,18:56:00,3,15.0,6.0,
5799,126,2023-09-16,15:45:00,17:39:00,6,15.0,1.5,
5800,231,2023-09-16,10:45:00,12:13:00,1,15.0,1.5,
5801,9,2023-09-16,10:45:00,11:53:00,3,15.0,1.5,
5802,73,2023-09-16,09:00:00,10:27:00,2,15.0,3.75,
5803,165,2023-09-16,11:45:00,13:24:00,11,15.0,6.0,
5804,228,2023-09-16,10:00:00,11:15:00,3,15.0,1.5,
5805,1,2023-09-16,14:15:00,15:15:00,4,15.0,6.0,
5806,88,2023-09-16,13:45:00,14:35:00,4,18.0,0.0,
5807,43,2023-09-16,12:15:00,13:49:00,13,15.0,3.75,
5808,160,2023-09-16,12:00:00,14:23:00,13,15.0,3.75,
5809,165,2023-09-16,09:15:00,10:58:00,4,15.0,6.0,
5810,27,2023-09-16,11:45:00,12:54:00,6,15.0,6.0,
5811,162,2023-09-16,14:00:00,16:04:00,7,15.0,3.75,
5812,184,2023-09-16,16:00:00,17:46:00,14,18.0,0.0,
5813,2,2023-09-16,12:00:00,12:59:00,4,15.0,6.0,
5814,189,2023-09-16,16:15:00,18:45:00,11,15.0,3.75,
5815,107,2023-09-16,09:45:00,11:20:00,14,15.0,3.75,
5816,2,2023-09-16,14:00:00,15:22:00,11,15.0,6.0,
5817,75,2023-09-16,15:00:00,16:34:00,7,15.0,1.5,
5818,64,2023-09-16,16:30:00,18:44:00,7,15.0,1.5,
5819,165,2023-09-16,10:00:00,12:28:00,4,15.0,6.0,
5820,2,2023-09-16,13:30:00,14:29:00,3,15.0,6.0,
5821,3,2023-09-16,10:15:00,12:31:00,7,15.0,3.75,
5822,172,2023-09-17,09:30:00,10:20:00,5,15.0,1.5,
5823,101,2023-09-17,15:15:00,17:06:00,12,18.0,0.0,
5824,164,2023-09-17,15:15:00,16:48:00,5,15.0,1.5,
5825,2,2023-09-17,10:30:00,12:34:00,2,15.0,6.0,
5826,99,2023-09-17,14:15:00,16:40:00,1,18.0,0.0,
5827,149,2023-09-17,11:15:00,13:31:00,5,15.0,1.5,
5828,67,2023-09-17,14:15:00,15:28:00,11,15.0,3.75,
5829,182,2023-09-17,13:00:00,14:29:00,2,15.0,1.5,
5830,27,2023-09-17,14:45:00,16:45:00,6,15.0,6.0,
5831,5,2023-09-17,16:15:00,17:50:00,13,15.0,3.75,
5832,67,2023-09-17,11:30:00,13:08:00,4,15.0,3.75,
5833,1,2023-09-17,15:15:00,16:26:00,2,15.0,6.0,
5834,34,2023-09-17,12:00:00,14:28:00,4,18.0,0.0,
5835,91,2023-09-17,09:15:00,10:45:00,2,15.0,3.75,
5836,192,2023-09-17,09:30:00,11:18:00,2,18.0,0.0,
5837,238,2023-09-17,10:00:00,12:17:00,7,15.0,1.5,
5838,64,2023-09-17,15:00:00,17:12:00,1,15.0,1.5,
5839,118,2023-09-17,11:45:00,13:58:00,6,15.0,3.75,
5840,2,2023-09-17,15:15:00,16:32:00,13,15.0,6.0,
5841,189,2023-09-17,10:15:00,11:58:00,4,15.0,3.75,
5842,231,2023-09-17,12:00:00,12:50:00,7,15.0,1.5,
5843,184,2023-09-17,15:30:00,17:28:00,7,18.0,0.0,
5844,107,2023-09-17,10:45:00,11:46:00,7,15.0,3.75,
5845,56,2023-09-17,16:00:00,16:47:00,10,15.0,3.75,
5846,162,2023-09-17,12:45:00,14:09:00,14,15.0,3.75,
5847,33,2023-09-17,14:45:00,15:43:00,14,15.0,3.75,
5848,218,2023-09-18,09:30:00,11:36:00,10,15.0,1.5,
5849,56,2023-09-18,13:00:00,15:30:00,5,15.0,3.75,
5850,237,2023-09-18,13:30:00,14:52:00,5,15.0,3.75,
5851,1,2023-09-18,13:00:00,15:14:00,4,15.0,6.0,
5852,189,2023-09-18,13:15:00,15:04:00,4,15.0,3.75,
5853,176,2023-09-18,10:30:00,13:00:00,6,18.0,0.0,
5854,10,2023-09-18,11:30:00,13:22:00,5,15.0,1.5,
5855,104,2023-09-18,09:30:00,10:32:00,2,18.0,0.0,
5856,196,2023-09-18,10:00:00,12:09:00,10,15.0,1.5,
5857,237,2023-09-18,09:30:00,10:42:00,10,15.0,3.75,
5858,47,2023-09-18,11:45:00,14:03:00,12,15.0,1.5,
5859,111,2023-09-18,15:45:00,18:09:00,6,15.0,1.5,
5860,201,2023-09-19,15:30:00,16:28:00,1,15.0,1.5,
5861,162,2023-09-19,14:15:00,15:25:00,6,15.0,3.75,
5862,2,2023-09-19,10:00:00,11:30:00,13,15.0,6.0,
5863,182,2023-09-19,12:15:00,14:13:00,2,15.0,1.5,
5864,71,2023-09-19,16:15:00,17:58:00,1,15.0,1.5,
5865,249,2023-09-19,09:15:00,10:15:00,5,18.0,0.0,
5866,191,2023-09-19,12:45:00,15:06:00,2,18.0,0.0,
5867,3,2023-09-19,14:30:00,15:56:00,6,15.0,3.75,
5868,148,2023-09-19,11:45:00,13:50:00,5,15.0,1.5,
5869,43,2023-09-19,13:45:00,15:51:00,13,15.0,3.75,
5870,36,2023-09-19,11:30:00,13:24:00,5,15.0,3.75,
5871,194,2023-09-19,16:15:00,18:09:00,3,15.0,1.5,
5872,235,2023-09-19,14:45:00,16:23:00,4,18.0,0.0,
5873,3,2023-09-19,10:30:00,12:01:00,6,15.0,3.75,
5874,3,2023-09-19,13:30:00,15:03:00,13,15.0,3.75,
5875,47,2023-09-19,13:45:00,15:35:00,13,15.0,1.5,
5876,82,2023-09-19,09:15:00,10:46:00,13,15.0,1.5,
5877,174,2023-09-19,11:30:00,12:51:00,11,15.0,1.5,
5878,92,2023-09-19,16:30:00,18:01:00,10,18.0,0.0,
5879,114,2023-09-19,09:00:00,11:29:00,4,15.0,1.5,
5880,23,2023-09-20,10:15:00,12:21:00,12,15.0,6.0,
5881,236,2023-09-20,15:00:00,16:28:00,11,15.0,1.5,
5882,110,2023-09-20,16:15:00,18:08:00,12,15.0,3.75,
5883,3,2023-09-20,10:30:00,11:23:00,10,15.0,3.75,
5884,191,2023-09-20,12:15:00,13:43:00,5,18.0,0.0,
5885,213,2023-09-20,15:30:00,17:11:00,12,15.0,1.5,
5886,245,2023-09-20,15:15:00,16:16:00,12,18.0,0.0,
5887,25,2023-09-20,09:45:00,11:47:00,11,15.0,1.5,
5888,207,2023-09-20,16:00:00,17:37:00,14,15.0,6.0,
5889,27,2023-09-20,12:30:00,14:16:00,12,15.0,6.0,
5890,237,2023-09-20,11:15:00,12:46:00,6,15.0,3.75,
5891,222,2023-09-20,12:30:00,14:27:00,7,18.0,0.0,
5892,165,2023-09-20,15:15:00,17:15:00,7,15.0,6.0,
5893,19,2023-09-20,13:30:00,14:32:00,5,18.0,0.0,
5894,64,2023-09-20,09:15:00,10:37:00,14,15.0,1.5,
5895,120,2023-09-21,11:30:00,12:37:00,13,15.0,1.5,
5896,229,2023-09-21,11:30:00,13:13:00,4,18.0,0.0,
5897,56,2023-09-21,09:45:00,10:43:00,13,15.0,3.75,
5898,233,2023-09-21,12:45:00,14:09:00,13,15.0,3.75,
5899,9,2023-09-21,12:30:00,14:08:00,3,15.0,1.5,
5900,8,2023-09-21,15:00:00,15:54:00,5,15.0,1.5,
5901,21,2023-09-21,14:00:00,15:00:00,11,15.0,1.5,
5902,88,2023-09-21,10:45:00,12:48:00,1,18.0,0.0,
5903,2,2023-09-21,15:15:00,16:52:00,4,15.0,6.0,
5904,104,2023-09-21,15:30:00,17:32:00,13,18.0,0.0,
5905,212,2023-09-21,10:30:00,12:28:00,6,18.0,0.0,
5906,92,2023-09-21,14:45:00,15:57:00,5,18.0,0.0,
5907,179,2023-09-21,10:00:00,12:22:00,12,15.0,3.75,
5908,44,2023-09-21,13:15:00,15:22:00,6,15.0,1.5,
5909,25,2023-09-21,13:00:00,14:49:00,7,15.0,1.5,
5910,218,2023-09-21,12:00:00,13:11:00,14,15.0,1.5,
5911,228,2023-09-21,11:45:00,13:29:00,5,15.0,1.5,
5912,143,2023-09-21,11:45:00,13:53:00,4,15.0,3.75,
5913,110,2023-09-21,13:00:00,14:00:00,13,15.0,3.75,
5914,34,2023-09-22,15:15:00,17:38:00,5,18.0,0.0,
5915,107,2023-09-22,11:15:00,13:00:00,4,15.0,3.75,
5916,189,2023-09-22,11:30:00,13:22:00,14,15.0,3.75,
5917,64,2023-09-22,13:00:00,13:57:00,3,15.0,1.5,
5918,27,2023-09-22,11:45:00,14:14:00,3,15.0,6.0,
5919,2,2023-09-22,15:45:00,17:34:00,13,15.0,6.0,
5920,73,2023-09-22,15:00:00,16:14:00,10,15.0,3.75,
5921,98,2023-09-22,13:45:00,15:51:00,2,15.0,3.75,
5922,186,2023-09-22,16:15:00,18:12:00,7,15.0,1.5,
5923,74,2023-09-22,09:15:00,10:51:00,10,15.0,3.75,
5924,236,2023-09-22,16:00:00,17:56:00,7,15.0,1.5,
5925,118,2023-09-22,10:45:00,11:55:00,1,15.0,3.75,
5926,59,2023-09-22,15:00:00,16:17:00,2,15.0,1.5,
5927,162,2023-09-22,13:45:00,14:33:00,11,15.0,3.75,
5928,232,2023-09-22,10:00:00,12:16:00,2,15.0,3.75,
5929,73,2023-09-22,11:00:00,12:46:00,11,15.0,3.75,
5930,5,2023-09-23,09:30:00,11:30:00,14,15.0,3.75,
5931,27,2023-09-23,14:45:00,17:09:00,1,15.0,6.0,
5932,75,2023-09-23,14:00:00,16:25:00,10,15.0,1.5,
5933,233,2023-09-23,13:45:00,15:40:00,3,15.0,3.75,
5934,174,2023-09-23,09:30:00,10:16:00,2,15.0,1.5,
5935,3,2023-09-23,12:45:00,14:28:00,3,15.0,3.75,
5936,91,2023-09-23,09:15:00,10:49:00,11,15.0,3.75,
5937,56,2023-09-23,16:30:00,18:47:00,3,15.0,3.75,
5938,189,2023-09-23,10:15:00,11:48:00,12,15.0,3.75,
5939,2,2023-09-23,15:00:00,16:00:00,10,15.0,6.0,
5940,207,2023-09-23,13:30:00,15:56:00,2,15.0,6.0,
5941,77,2023-09-23,09:30:00,11:07:00,2,15.0,1.5,
5942,195,2023-09-23,12:30:00,13:31:00,11,15.0,3.75,
5943,103,2023-09-23,16:00:00,17:43:00,5,15.0,1.5,
5944,179,2023-09-23,09:30:00,11:43:00,7,15.0,3.75,
5945,233,2023-09-23,09:15:00,11:01:00,7,15.0,3.75,
5946,73,2023-09-23,14:15:00,16:35:00,4,15.0,3.75,
5947,1,2023-09-23,13:45:00,15:08:00,3,15.0,6.0,
5948,64,2023-09-23,13:45:00,15:06:00,4,15.0,1.5,
5949,172,2023-09-23,10:30:00,11:15:00,4,15.0,1.5,
5950,9,2023-09-24,10:30:00,11:23:00,14,15.0,1.5,
5951,232,2023-09-24,09:15:00,11:20:00,7,15.0,3.75,
5952,189,2023-09-24,10:45:00,12:20:00,5,15.0,3.75,
5953,5,2023-09-24,11:30:00,12:54:00,10,15.0,3.75,
5954,5,2023-09-24,09:00:00,10:04:00,5,15.0,3.75,
5955,26,2023-09-24,16:30:00,18:52:00,12,18.0,0.0,
5956,172,2023-09-24,16:30:00,18:45:00,2,15.0,1.5,
5957,15,2023-09-24,15:15:00,16:14:00,1,18.0,0.0,
5958,53,2023-09-24,14:30:00,16:31:00,3,15.0,1.5,
5959,36,2023-09-24,10:30:00,12:47:00,1,15.0,3.75,
5960,112,2023-09-24,14:45:00,16:40:00,14,15.0,1.5,
5961,57,2023-09-24,13:15:00,14:29:00,11,15.0,1.5,
5962,114,2023-09-24,12:00:00,14:19:00,6,15.0,1.5,
5963,34,2023-09-24,10:15:00,11:51:00,2,18.0,0.0,
5964,72,2023-09-24,11:45:00,12:44:00,4,18.0,0.0,
5965,2,2023-09-24,14:30:00,16:13:00,11,15.0,6.0,
5966,163,2023-09-24,12:15:00,14:15:00,14,18.0,0.0,
5967,182,2023-09-24,09:00:00,10:45:00,6,15.0,1.5,
5968,33,2023-09-24,16:15:00,17:57:00,1,15.0,3.75,
5969,56,2023-09-24,15:00:00,17:14:00,6,15.0,3.75,
5970,76,2023-09-24,10:45:00,13:09:00,5,15.0,3.75,
5971,148,2023-09-24,13:00:00,14:13:00,12,15.0,1.5,
5972,162,2023-09-24,14:45:00,16:08:00,12,15.0,3.75,
5973,2,2023-09-24,16:15:00,18:36:00,10,15.0,6.0,
5974,187,2023-09-24,15:30:00,16:24:00,4,18.0,0.0,
5975,2,2023-09-25,09:45:00,11:39:00,6,15.0,6.0,
5976,143,2023-09-25,11:00:00,12:47:00,1,15.0,3.75,
5977,189,2023-09-25,09:45:00,12:07:00,5,15.0,3.75,
5978,27,2023-09-25,16:45:00,18:58:00,13,15.0,6.0,
5979,77,2023-09-25,16:00:00,17:36:00,10,15.0,1.5,
5980,233,2023-09-25,13:15:00,14:26:00,11,15.0,3.75,
5981,64,2023-09-25,12:45:00,13:41:00,3,15.0,1.5,
5982,200,2023-09-25,13:30:00,14:20:00,4,18.0,0.0,
5983,103,2023-09-25,11:30:00,12:23:00,5,15.0,1.5,
5984,160,2023-09-25,12:30:00,13:34:00,3,15.0,3.75,
5985,1,2023-09-25,14:00:00,15:33:00,4,15.0,6.0,
5986,91,2023-09-25,10:15:00,11:16:00,4,15.0,3.75,
5987,98,2023-09-26,14:45:00,16:27:00,1,15.0,3.75,
5988,45,2023-09-26,16:30:00,17:44:00,4,18.0,0.0,
5989,107,2023-09-26,09:30:00,11:06:00,6,15.0,3.75,
5990,148,2023-09-26,12:15:00,14:22:00,10,15.0,1.5,
5991,228,2023-09-26,09:15:00,10:00:00,5,15.0,1.5,
5992,197,2023-09-26,10:30:00,12:05:00,10,15.0,1.5,
5993,38,2023-09-26,12:15:00,14:26:00,5,15.0,1.5,
5994,69,2023-09-26,13:45:00,14:36:00,4,15.0,3.75,
5995,102,2023-09-26,10:45:00,13:13:00,6,18.0,0.0,
5996,142,2023-09-26,16:30:00,18:59:00,13,15.0,1.5,
5997,74,2023-09-26,11:15:00,12:40:00,4,15.0,3.75,
5998,10,2023-09-26,12:30:00,14:44:00,2,15.0,1.5,
5999,165,2023-09-26,12:30:00,14:27:00,13,15.0,6.0,
6000,31,2023-09-26,11:30:00,12:26:00,3,15.0,1.5,
6001,27,2023-09-26,09:15:00,11:28:00,3,15.0,6.0,
6002,143,2023-09-26,16:15:00,18:21:00,4,15.0,3.75,
6003,43,2023-09-27,13:15:00,14:59:00,6,15.0,3.75,
6004,73,2023-09-27,11:30:00,13:47:00,11,15.0,3.75,
6005,5,2023-09-27,13:15:00,15:39:00,2,15.0,3.75,
6006,2,2023-09-27,09:45:00,11:40:00,7,15.0,6.0,
6007,79,2023-09-27,16:15:00,17:43:00,6,18.0,0.0,
6008,59,2023-09-27,16:15:00,17:46:00,13,15.0,1.5,
6009,162,2023-09-27,15:00:00,17:05:00,4,15.0,3.75,
6010,131,2023-09-27,12:45:00,14:51:00,11,18.0,0.0,
6011,195,2023-09-27,14:30:00,16:43:00,2,15.0,3.75,
6012,143,2023-09-27,16:45:00,19:09:00,3,15.0,3.75,
6013,20,2023-09-27,14:15:00,16:03:00,3,18.0,0.0,
6014,39,2023-09-27,12:00:00,13:39:00,3,15.0,1.5,
6015,57,2023-09-27,12:45:00,14:23:00,14,15.0,1.5,
6016,1,2023-09-27,14:15:00,16:24:00,10,15.0,6.0,
6017,1,2023-09-27,14:00:00,16:09:00,3,15.0,6.0,
6018,11,2023-09-27,10:00:00,12:23:00,2,18.0,0.0,
6019,10,2023-09-27,12:00:00,13:55:00,11,15.0,1.5,
6020,178,2023-09-27,10:45:00,12:18:00,14,18.0,0.0,
6021,206,2023-09-28,09:15:00,10:38:00,13,18.0,0.0,
6022,207,2023-09-28,13:15:00,14:11:00,14,15.0,6.0,
6023,64,2023-09-28,16:00:00,17:20:00,7,15.0,1.5,
6024,9,2023-09-28,12:45:00,14:58:00,12,15.0,1.5,
6025,165,2023-09-28,16:30:00,18:27:00,11,15.0,6.0,
6026,174,2023-09-28,09:30:00,10:52:00,12,15.0,1.5,
6027,182,2023-09-28,16:45:00,19:12:00,6,15.0,1.5,
6028,42,2023-09-28,15:15:00,16:05:00,12,15.0,1.5,
6029,103,2023-09-28,13:15:00,14:42:00,12,15.0,1.5,
6030,74,2023-09-28,14:30:00,16:45:00,2,15.0,3.75,
6031,27,2023-09-28,13:00:00,15:22:00,12,15.0,6.0,
6032,73,2023-09-28,12:30:00,13:45:00,1,15.0,3.75,
6033,112,2023-09-28,15:30:00,17:13:00,13,15.0,1.5,
6034,4,2023-09-28,12:30:00,13:22:00,10,15.0,3.75,
6035,2,2023-09-28,16:00:00,18:05:00,6,15.0,6.0,
6036,111,2023-09-28,11:00:00,12:25:00,2,15.0,1.5,
6037,149,2023-09-28,15:00:00,16:57:00,10,15.0,1.5,
6038,111,2023-09-28,13:45:00,15:43:00,12,15.0,1.5,
6039,125,2023-09-28,15:15:00,16:46:00,14,18.0,0.0,
6040,10,2023-09-28,12:45:00,13:38:00,6,15.0,1.5,
6041,165,2023-09-29,09:30:00,10:15:00,14,15.0,6.0,
6042,172,2023-09-29,10:00:00,12:20:00,5,15.0,1.5,
6043,180,2023-09-29,15:30:00,17:42:00,6,18.0,0.0,
6044,101,2023-09-29,12:45:00,15:00:00,6,18.0,0.0,
6045,1,2023-09-29,12:00:00,14:16:00,13,15.0,6.0,
6046,75,2023-09-29,10:45:00,12:37:00,3,15.0,1.5,
6047,231,2023-09-29,13:45:00,15:11:00,12,15.0,1.5,
6048,126,2023-09-29,11:30:00,13:10:00,5,15.0,1.5,
6049,67,2023-09-29,12:00:00,12:46:00,2,15.0,3.75,
6050,194,2023-09-29,14:00:00,15:09:00,4,15.0,1.5,
6051,233,2023-09-29,13:30:00,15:48:00,1,15.0,3.75,
6052,223,2023-09-29,11:30:00,12:22:00,11,15.0,1.5,
6053,5,2023-09-29,12:30:00,14:47:00,6,15.0,3.75,
6054,233,2023-09-29,14:00:00,16:14:00,11,15.0,3.75,
6055,92,2023-09-29,09:30:00,11:45:00,5,18.0,0.0,
6056,217,2023-09-30,15:30:00,17:45:00,4,15.0,1.5,
6057,9,2023-09-30,16:15:00,18:09:00,10,15.0,1.5,
6058,106,2023-09-30,11:15:00,13:01:00,2,15.0,1.5,
6059,162,2023-09-30,15:30:00,17:28:00,11,15.0,3.75,
6060,128,2023-09-30,15:15:00,16:28:00,11,15.0,1.5,
6061,231,2023-09-30,09:30:00,10:59:00,1,15.0,1.5,
6062,4,2023-09-30,13:15:00,14:06:00,2,15.0,3.75,
6063,172,2023-09-30,15:15:00,17:29:00,7,15.0,1.5,
6064,118,2023-09-30,14:45:00,16:16:00,13,15.0,3.75,
6065,36,2023-09-30,11:00:00,12:43:00,5,15.0,3.75,
6066,192,2023-09-30,13:00:00,15:08:00,7,18.0,0.0,
6067,47,2023-09-30,11:30:00,13:40:00,11,15.0,1.5,
6068,192,2023-09-30,11:00:00,11:51:00,14,18.0,0.0,
6069,223,2023-09-30,15:30:00,17:36:00,14,15.0,1.5,
6070,217,2023-09-30,12:45:00,14:34:00,1,15.0,1.5,
6071,223,2023-09-30,11:30:00,13:28:00,11,15.0,1.5,
6072,56,2023-09-30,11:30:00,12:58:00,1,15.0,3.75,
6073,218,2023-09-30,15:45:00,17:53:00,11,15.0,1.5,
6074,232,2023-09-30,15:30:00,17:31:00,6,15.0,3.75,
6075,162,2023-09-30,13:30:00,14:58:00,2,15.0,3.75,
6076,218,2023-09-30,09:15:00,10:29:00,6,15.0,1.5,
6077,172,2023-09-30,12:15:00,13:18:00,7,15.0,1.5,
6078,3,2023-09-30,11:45:00,13:48:00,13,15.0,3.75,
6079,237,2023-09-30,15:30:00,17:44:00,7,15.0,3.75,
6080,240,2023-09-30,10:30:00,11:36:00,10,15.0,6.0,
6081,237,2023-09-30,09:00:00,10:53:00,4,15.0,3.75,
6082,33,2023-09-30,15:00:00,16:43:00,11,15.0,3.75,
6083,143,2023-09-30,09:30:00,11:37:00,14,15.0,3.75,
6084,75,2023-09-30,16:30:00,18:07:00,5,15.0,1.5,
6085,189,2023-09-30,13:45:00,15:46:00,4,15.0,3.75,
6086,47,2023-10-01,10:30:00,12:42:00,2,15.0,1.5,
6087,198,2023-10-01,11:00:00,12:04:00,7,15.0,3.75,
6088,33,2023-10-01,16:30:00,17:34:00,7,15.0,3.75,
6089,74,2023-10-01,11:00:00,11:52:00,10,15.0,3.75,
6090,8,2023-10-01,14:00:00,16:19:00,6,15.0,1.5,
6091,103,2023-10-01,16:30:00,17:58:00,13,15.0,1.5,
6092,27,2023-10-01,14:30:00,16:51:00,11,15.0,6.0,
6093,69,2023-10-01,10:00:00,12:09:00,13,15.0,3.75,
6094,202,2023-10-01,10:45:00,12:07:00,3,18.0,0.0,
6095,64,2023-10-01,16:45:00,18:36:00,1,15.0,1.5,
6096,192,2023-10-01,13:45:00,15:26:00,12,18.0,0.0,
6097,107,2023-10-01,12:45:00,14:59:00,3,15.0,3.75,
6098,8,2023-10-01,11:15:00,12:38:00,2,15.0,1.5,
6099,29,2023-10-01,09:45:00,12:14:00,7,18.0,0.0,
6100,97,2023-10-01,15:30:00,16:18:00,10,15.0,1.5,
6101,237,2023-10-01,09:15:00,11:28:00,10,15.0,3.75,
6102,172,2023-10-01,10:45:00,12:23:00,11,15.0,1.5,
6103,180,2023-10-01,14:30:00,15:53:00,10,18.0,0.0,
6104,189,2023-10-01,11:45:00,13:33:00,11,15.0,3.75,
6105,232,2023-10-01,13:15:00,15:08:00,13,15.0,3.75,
6106,198,2023-10-01,09:15:00,10:36:00,12,15.0,3.75,
6107,184,2023-10-01,11:30:00,12:43:00,12,18.0,0.0,
6108,217,2023-10-01,15:30:00,16:39:00,7,15.0,1.5,
6109,75,2023-10-01,13:15:00,15:02:00,2,15.0,1.5,
6110,14,2023-10-01,13:15:00,14:05:00,12,18.0,0.0,
6111,1,2023-10-01,16:30:00,18:40:00,1,15.0,6.0,
6112,3,2023-10-02,16:00:00,16:54:00,11,15.0,3.75,
6113,236,2023-10-02,15:00:00,16:55:00,14,15.0,1.5,
6114,73,2023-10-02,15:30:00,16:53:00,14,15.0,3.75,
6115,56,2023-10-02,12:15:00,13:51:00,1,15.0,3.75,
6116,2,2023-10-02,12:45:00,14:19:00,5,15.0,6.0,
6117,125,2023-10-02,10:30:00,12:12:00,1,18.0,0.0,
6118,160,2023-10-02,14:15:00,16:29:00,4,15.0,3.75,
6119,237,2023-10-02,14:45:00,15:34:00,6,15.0,3.75,
6120,98,2023-10-02,15:30:00,17:12:00,11,15.0,3.75,
6121,92,2023-10-02,09:15:00,10:06:00,4,18.0,0.0,
6122,176,2023-10-02,09:30:00,10:41:00,2,18.0,0.0,
6123,143,2023-10-02,11:30:00,13:17:00,7,15.0,3.75,
6124,103,2023-10-02,09:15:00,11:33:00,10,15.0,1.5,
6125,165,2023-10-02,15:15:00,17:41:00,14,15.0,6.0,
6126,71,2023-10-02,10:45:00,12:35:00,12,15.0,1.5,
6127,17,2023-10-02,09:30:00,11:37:00,12,18.0,0.0,
6128,67,2023-10-02,16:00:00,18:11:00,7,15.0,3.75,
6129,36,2023-10-02,11:45:00,13:25:00,4,15.0,3.75,
6130,207,2023-10-02,16:45:00,18:37:00,3,15.0,6.0,
6131,107,2023-10-02,11:00:00,12:00:00,4,15.0,3.75,
6132,5,2023-10-02,10:15:00,12:02:00,12,15.0,3.75,
6133,107,2023-10-02,09:30:00,10:27:00,4,15.0,3.75,
6134,162,2023-10-02,13:15:00,14:45:00,10,15.0,3.75,
6135,4,2023-10-02,16:15:00,17:47:00,13,15.0,3.75,
6136,148,2023-10-02,12:15:00,13:10:00,4,15.0,1.5,
6137,56,2023-10-02,12:00:00,12:55:00,5,15.0,3.75,
6138,222,2023-10-02,15:00:00,17:02:00,1,18.0,0.0,
6139,240,2023-10-02,13:15:00,14:55:00,2,15.0,6.0,
6140,218,2023-10-03,14:00:00,16:04:00,5,15.0,1.5,
6141,120,2023-10-03,11:45:00,13:46:00,3,15.0,1.5,
6142,207,2023-10-03,16:30:00,17:50:00,12,15.0,6.0,
6143,235,2023-10-03,12:30:00,15:00:00,13,18.0,0.0,
6144,92,2023-10-03,14:45:00,17:10:00,6,18.0,0.0,
6145,128,2023-10-03,12:30:00,14:35:00,13,15.0,1.5,
6146,27,2023-10-03,13:45:00,15:22:00,3,15.0,6.0,
6147,110,2023-10-03,14:45:00,16:39:00,11,15.0,3.75,
6148,31,2023-10-03,13:45:00,15:30:00,2,15.0,1.5,
6149,103,2023-10-03,12:15:00,13:20:00,5,15.0,1.5,
6150,174,2023-10-03,10:15:00,12:02:00,11,15.0,1.5,
6151,42,2023-10-03,13:45:00,15:26:00,7,15.0,1.5,
6152,67,2023-10-03,14:45:00,15:50:00,10,15.0,3.75,
6153,107,2023-10-03,13:45:00,16:06:00,3,15.0,3.75,
6154,74,2023-10-03,11:15:00,12:27:00,13,15.0,3.75,
6155,72,2023-10-03,14:30:00,15:54:00,14,18.0,0.0,
6156,118,2023-10-03,13:15:00,14:20:00,10,15.0,3.75,
6157,2,2023-10-03,11:30:00,14:00:00,2,15.0,6.0,
6158,126,2023-10-03,11:45:00,12:48:00,1,15.0,1.5,
6159,105,2023-10-03,09:45:00,12:08:00,7,18.0,0.0,
6160,204,2023-10-04,16:15:00,17:55:00,14,18.0,0.0,
6161,5,2023-10-04,12:45:00,13:51:00,1,15.0,3.75,
6162,7,2023-10-04,13:30:00,15:08:00,12,15.0,1.5,
6163,183,2023-10-04,15:15:00,16:19:00,5,15.0,1.5,
6164,230,2023-10-04,14:30:00,16:20:00,14,18.0,0.0,
6165,13,2023-10-04,13:45:00,15:42:00,2,18.0,0.0,
6166,4,2023-10-04,16:30:00,17:40:00,7,15.0,3.75,
6167,238,2023-10-04,15:30:00,16:23:00,10,15.0,1.5,
6168,236,2023-10-04,16:45:00,18:16:00,6,15.0,1.5,
6169,43,2023-10-04,11:15:00,12:22:00,14,15.0,3.75,
6170,112,2023-10-04,10:00:00,10:52:00,1,15.0,1.5,
6171,131,2023-10-04,13:45:00,15:42:00,11,18.0,0.0,
6172,72,2023-10-04,12:45:00,13:56:00,14,18.0,0.0,
6173,38,2023-10-04,16:15:00,17:12:00,11,15.0,1.5,
6174,69,2023-10-04,13:00:00,15:24:00,10,15.0,3.75,
6175,110,2023-10-04,11:30:00,12:38:00,12,15.0,3.75,
6176,240,2023-10-04,16:00:00,17:50:00,3,15.0,6.0,
6177,107,2023-10-04,09:00:00,10:03:00,7,15.0,3.75,
6178,196,2023-10-05,10:45:00,13:02:00,5,15.0,1.5,
6179,110,2023-10-05,13:30:00,14:22:00,7,15.0,3.75,
6180,44,2023-10-05,11:45:00,13:31:00,5,15.0,1.5,
6181,228,2023-10-05,09:30:00,11:44:00,10,15.0,1.5,
6182,179,2023-10-05,15:00:00,16:22:00,2,15.0,3.75,
6183,52,2023-10-05,10:30:00,11:29:00,12,15.0,1.5,
6184,1,2023-10-05,14:00:00,15:03:00,3,15.0,6.0,
6185,75,2023-10-05,12:15:00,13:24:00,12,15.0,1.5,
6186,46,2023-10-05,09:30:00,10:47:00,13,18.0,0.0,
6187,2,2023-10-05,13:30:00,15:37:00,7,15.0,6.0,
6188,1,2023-10-05,10:45:00,12:48:00,2,15.0,6.0,
6189,2,2023-10-05,14:00:00,16:14:00,14,15.0,6.0,
6190,63,2023-10-05,12:30:00,13:28:00,5,15.0,1.5,
6191,98,2023-10-05,11:45:00,13:25:00,11,15.0,3.75,
6192,207,2023-10-05,16:30:00,18:10:00,13,15.0,6.0,
6193,114,2023-10-06,09:45:00,10:33:00,11,15.0,1.5,
6194,152,2023-10-06,14:30:00,16:50:00,11,15.0,3.75,
6195,105,2023-10-06,09:15:00,11:38:00,11,18.0,0.0,
6196,38,2023-10-06,16:45:00,18:39:00,13,15.0,1.5,
6197,120,2023-10-06,11:30:00,12:58:00,1,15.0,1.5,
6198,1,2023-10-06,16:30:00,18:09:00,14,15.0,6.0,
6199,207,2023-10-06,10:30:00,11:39:00,2,15.0,6.0,
6200,75,2023-10-06,10:45:00,11:44:00,13,15.0,1.5,
6201,66,2023-10-06,14:30:00,15:25:00,3,18.0,0.0,
6202,60,2023-10-06,11:45:00,12:47:00,1,18.0,0.0,
6203,238,2023-10-06,09:30:00,11:56:00,11,15.0,1.5,
6204,174,2023-10-06,10:30:00,12:35:00,13,15.0,1.5,
6205,172,2023-10-06,09:00:00,10:15:00,1,15.0,1.5,
6206,31,2023-10-06,12:45:00,14:15:00,13,15.0,1.5,
6207,235,2023-10-06,14:00:00,16:00:00,5,18.0,0.0,
6208,98,2023-10-06,10:45:00,13:01:00,7,15.0,3.75,
6209,25,2023-10-06,09:00:00,11:22:00,7,15.0,1.5,
6210,74,2023-10-07,14:45:00,15:51:00,10,15.0,3.75,
6211,111,2023-10-07,13:30:00,14:54:00,14,15.0,1.5,
6212,174,2023-10-07,12:00:00,13:00:00,14,15.0,1.5,
6213,183,2023-10-07,11:30:00,13:38:00,14,15.0,1.5,
6214,78,2023-10-07,14:00:00,16:18:00,4,18.0,0.0,
6215,3,2023-10-07,11:15:00,12:52:00,6,15.0,3.75,
6216,69,2023-10-07,10:15:00,12:08:00,10,15.0,3.75,
6217,223,2023-10-07,10:30:00,11:53:00,5,15.0,1.5,
6218,33,2023-10-07,12:45:00,13:53:00,3,15.0,3.75,
6219,232,2023-10-07,12:45:00,13:55:00,6,15.0,3.75,
6220,137,2023-10-07,13:45:00,15:09:00,5,18.0,0.0,
6221,197,2023-10-07,12:00:00,13:21:00,10,15.0,1.5,
6222,180,2023-10-07,10:30:00,11:44:00,6,18.0,0.0,
6223,17,2023-10-07,15:30:00,17:49:00,2,18.0,0.0,
6224,142,2023-10-07,13:30:00,15:41:00,3,15.0,1.5,
6225,2,2023-10-07,12:00:00,12:57:00,13,15.0,6.0,
6226,197,2023-10-07,12:30:00,14:10:00,1,15.0,1.5,
6227,9,2023-10-07,10:30:00,12:37:00,12,15.0,1.5,
6228,69,2023-10-07,11:30:00,13:15:00,5,15.0,3.75,
6229,195,2023-10-07,15:15:00,17:01:00,5,15.0,3.75,
6230,162,2023-10-07,12:15:00,13:10:00,3,15.0,3.75,
6231,160,2023-10-07,14:45:00,16:36:00,14,15.0,3.75,
6232,236,2023-10-07,13:30:00,15:15:00,2,15.0,1.5,
6233,25,2023-10-07,11:45:00,13:55:00,6,15.0,1.5,
6234,110,2023-10-07,12:30:00,13:55:00,14,15.0,3.75,
6235,27,2023-10-07,15:15:00,17:29:00,6,15.0,6.0,
6236,3,2023-10-07,12:00:00,13:50:00,2,15.0,3.75,
6237,91,2023-10-08,16:30:00,17:49:00,13,15.0,3.75,
6238,41,2023-10-08,12:30:00,14:44:00,14,15.0,1.5,
6239,186,2023-10-08,14:45:00,15:48:00,7,15.0,1.5,
6240,206,2023-10-08,16:45:00,18:26:00,6,18.0,0.0,
6241,148,2023-10-08,11:15:00,12:58:00,12,15.0,1.5,
6242,175,2023-10-08,14:15:00,15:17:00,4,18.0,0.0,
6243,73,2023-10-08,09:30:00,11:33:00,5,15.0,3.75,
6244,114,2023-10-08,14:15:00,16:40:00,5,15.0,1.5,
6245,111,2023-10-08,11:45:00,12:31:00,13,15.0,1.5,
6246,240,2023-10-08,10:00:00,11:18:00,2,15.0,6.0,
6247,5,2023-10-08,14:30:00,15:22:00,12,15.0,3.75,
6248,182,2023-10-08,11:30:00,13:56:00,10,15.0,1.5,
6249,57,2023-10-08,10:15:00,11:05:00,3,15.0,1.5,
6250,36,2023-10-08,12:15:00,14:14:00,4,15.0,3.75,
6251,182,2023-10-08,13:30:00,15:58:00,6,15.0,1.5,
6252,34,2023-10-08,12:45:00,15:02:00,13,18.0,0.0,
6253,231,2023-10-08,09:15:00,11:10:00,6,15.0,1.5,
6254,39,2023-10-08,09:00:00,10:05:00,2,15.0,1.5,
6255,236,2023-10-08,16:15:00,17:55:00,6,15.0,1.5,
6256,52,2023-10-08,16:45:00,17:57:00,13,15.0,1.5,
6257,2,2023-10-08,13:15:00,15:19:00,6,15.0,6.0,
6258,25,2023-10-08,09:00:00,10:32:00,3,15.0,1.5,
6259,231,2023-10-08,14:30:00,15:36:00,2,15.0,1.5,
6260,2,2023-10-08,10:30:00,11:47:00,3,15.0,6.0,
6261,107,2023-10-08,14:15:00,16:40:00,4,15.0,3.75,
6262,179,2023-10-08,10:30:00,12:35:00,4,15.0,3.75,
6263,13,2023-10-08,15:15:00,16:31:00,11,18.0,0.0,
6264,71,2023-10-08,16:15:00,17:15:00,14,15.0,1.5,
6265,237,2023-10-08,09:45:00,11:42:00,12,15.0,3.75,
6266,64,2023-10-08,14:15:00,15:35:00,2,15.0,1.5,
6267,233,2023-10-08,13:00:00,14:54:00,3,15.0,3.75,
6268,35,2023-10-08,15:45:00,16:59:00,2,18.0,0.0,
6269,69,2023-10-08,09:15:00,11:09:00,10,15.0,3.75,
6270,238,2023-10-08,14:30:00,16:24:00,4,15.0,1.5,
6271,199,2023-10-08,13:15:00,14:52:00,10,15.0,1.5,
6272,56,2023-10-08,15:15:00,16:12:00,10,15.0,3.75,
6273,235,2023-10-08,10:15:00,12:42:00,6,18.0,0.0,
6274,218,2023-10-08,14:30:00,16:17:00,14,15.0,1.5,
6275,134,2023-10-09,15:30:00,17:18:00,5,15.0,1.5,
6276,197,2023-10-09,09:00:00,10:56:00,2,15.0,1.5,
6277,199,2023-10-09,14:30:00,16:09:00,7,15.0,1.5,
6278,237,2023-10-09,09:30:00,11:08:00,13,15.0,3.75,
6279,33,2023-10-09,15:30:00,16:38:00,6,15.0,3.75,
6280,116,2023-10-09,13:15:00,15:28:00,14,18.0,0.0,
6281,172,2023-10-09,09:15:00,10:20:00,3,15.0,1.5,
6282,206,2023-10-09,10:30:00,11:59:00,2,18.0,0.0,
6283,186,2023-10-09,09:15:00,11:05:00,10,15.0,1.5,
6284,73,2023-10-09,09:00:00,09:51:00,13,15.0,3.75,
6285,73,2023-10-09,12:45:00,14:04:00,6,15.0,3.75,
6286,197,2023-10-09,14:45:00,15:46:00,1,15.0,1.5,
6287,114,2023-10-09,12:00:00,13:42:00,4,15.0,1.5,
6288,230,2023-10-09,09:30:00,11:26:00,7,18.0,0.0,
6289,232,2023-10-09,13:30:00,14:26:00,11,15.0,3.75,
6290,231,2023-10-09,10:30:00,12:41:00,3,15.0,1.5,
6291,242,2023-10-09,11:45:00,12:37:00,11,15.0,3.75,
6292,77,2023-10-10,09:00:00,09:46:00,2,15.0,1.5,
6293,56,2023-10-10,12:00:00,14:09:00,1,15.0,3.75,
6294,23,2023-10-10,16:30:00,17:18:00,6,15.0,6.0,
6295,189,2023-10-10,16:00:00,17:27:00,5,15.0,3.75,
6296,2,2023-10-10,13:30:00,15:25:00,4,15.0,6.0,
6297,207,2023-10-10,09:00:00,10:47:00,13,15.0,6.0,
6298,182,2023-10-10,13:30:00,15:17:00,11,15.0,1.5,
6299,3,2023-10-10,15:00:00,16:34:00,12,15.0,3.75,
6300,2,2023-10-10,12:30:00,13:18:00,14,15.0,6.0,
6301,10,2023-10-10,15:30:00,16:37:00,1,15.0,1.5,
6302,4,2023-10-10,13:45:00,16:07:00,11,15.0,3.75,
6303,2,2023-10-10,16:00:00,18:23:00,3,15.0,6.0,
6304,61,2023-10-10,11:30:00,13:58:00,11,15.0,3.75,
6305,174,2023-10-10,13:45:00,16:11:00,5,15.0,1.5,
6306,118,2023-10-11,11:00:00,12:42:00,13,15.0,3.75,
6307,64,2023-10-11,16:30:00,17:24:00,4,15.0,1.5,
6308,103,2023-10-11,15:30:00,16:17:00,2,15.0,1.5,
6309,60,2023-10-11,12:30:00,14:30:00,1,18.0,0.0,
6310,174,2023-10-11,14:45:00,15:35:00,5,15.0,1.5,
6311,8,2023-10-11,09:15:00,10:30:00,14,15.0,1.5,
6312,8,2023-10-11,15:45:00,17:22:00,1,15.0,1.5,
6313,179,2023-10-11,15:30:00,17:13:00,10,15.0,3.75,
6314,2,2023-10-11,16:45:00,18:23:00,14,15.0,6.0,
6315,8,2023-10-11,16:00:00,18:28:00,4,15.0,1.5,
6316,56,2023-10-11,11:30:00,13:38:00,6,15.0,3.75,
6317,8,2023-10-11,13:45:00,15:50:00,6,15.0,1.5,
6318,238,2023-10-11,16:00:00,17:19:00,10,15.0,1.5,
6319,194,2023-10-11,16:15:00,17:30:00,6,15.0,1.5,
6320,228,2023-10-12,14:15:00,15:28:00,7,15.0,1.5,
6321,38,2023-10-12,15:30:00,16:25:00,1,15.0,1.5,
6322,128,2023-10-12,09:30:00,10:51:00,6,15.0,1.5,
6323,98,2023-10-12,13:30:00,15:58:00,3,15.0,3.75,
6324,56,2023-10-12,14:15:00,15:18:00,5,15.0,3.75,
6325,71,2023-10-12,10:45:00,11:33:00,5,15.0,1.5,
6326,56,2023-10-12,09:00:00,11:07:00,1,15.0,3.75,
6327,2,2023-10-12,11:00:00,11:47:00,13,15.0,6.0,
6328,7,2023-10-12,13:30:00,14:54:00,4,15.0,1.5,
6329,238,2023-10-12,14:00:00,15:43:00,6,15.0,1.5,
6330,199,2023-10-12,15:15:00,16:20:00,3,15.0,1.5,
6331,160,2023-10-12,16:00:00,16:57:00,13,15.0,3.75,
6332,237,2023-10-12,14:45:00,16:50:00,4,15.0,3.75,
6333,197,2023-10-12,16:45:00,17:38:00,10,15.0,1.5,
6334,192,2023-10-13,15:45:00,16:54:00,3,18.0,0.0,
6335,74,2023-10-13,13:00:00,14:16:00,13,15.0,3.75,
6336,238,2023-10-13,12:45:00,13:31:00,5,15.0,1.5,
6337,179,2023-10-13,15:15:00,17:35:00,3,15.0,3.75,
6338,207,2023-10-13,10:15:00,12:23:00,14,15.0,6.0,
6339,41,2023-10-13,15:15:00,16:00:00,7,15.0,1.5,
6340,165,2023-10-13,12:00:00,13:38:00,7,15.0,6.0,
6341,103,2023-10-13,15:00:00,16:49:00,12,15.0,1.5,
6342,161,2023-10-13,11:30:00,13:19:00,13,18.0,0.0,
6343,152,2023-10-13,09:15:00,10:03:00,5,15.0,3.75,
6344,164,2023-10-13,15:30:00,17:06:00,14,15.0,1.5,
6345,2,2023-10-13,14:15:00,15:03:00,1,15.0,6.0,
6346,15,2023-10-13,13:15:00,14:58:00,5,18.0,0.0,
6347,4,2023-10-14,16:00:00,17:19:00,3,15.0,3.75,
6348,1,2023-10-14,16:45:00,17:57:00,11,15.0,6.0,
6349,36,2023-10-14,09:15:00,11:07:00,1,15.0,3.75,
6350,74,2023-10-14,12:30:00,14:32:00,4,15.0,3.75,
6351,4,2023-10-14,13:15:00,15:43:00,7,15.0,3.75,
6352,233,2023-10-14,11:15:00,12:58:00,13,15.0,3.75,
6353,230,2023-10-14,09:45:00,10:31:00,2,18.0,0.0,
6354,73,2023-10-14,09:00:00,11:11:00,14,15.0,3.75,
6355,3,2023-10-14,11:45:00,13:12:00,11,15.0,3.75,
6356,103,2023-10-14,13:15:00,14:55:00,10,15.0,1.5,
6357,14,2023-10-14,16:00:00,17:45:00,12,18.0,0.0,
6358,8,2023-10-14,11:45:00,14:00:00,14,15.0,1.5,
6359,25,2023-10-14,09:45:00,11:50:00,1,15.0,1.5,
6360,98,2023-10-14,16:45:00,18:21:00,11,15.0,3.75,
6361,218,2023-10-14,16:30:00,18:05:00,13,15.0,1.5,
6362,207,2023-10-14,13:45:00,16:02:00,4,15.0,6.0,
6363,75,2023-10-14,14:30:00,16:04:00,12,15.0,1.5,
6364,71,2023-10-14,12:00:00,13:47:00,14,15.0,1.5,
6365,67,2023-10-15,09:00:00,11:15:00,5,15.0,3.75,
6366,4,2023-10-15,15:15:00,16:27:00,14,15.0,3.75,
6367,162,2023-10-15,14:30:00,16:34:00,10,15.0,3.75,
6368,107,2023-10-15,16:45:00,19:14:00,6,15.0,3.75,
6369,92,2023-10-15,10:30:00,11:36:00,11,18.0,0.0,
6370,162,2023-10-15,11:00:00,12:55:00,4,15.0,3.75,
6371,160,2023-10-15,16:15:00,17:53:00,14,15.0,3.75,
6372,110,2023-10-15,15:00:00,16:29:00,4,15.0,3.75,
6373,110,2023-10-15,11:00:00,12:04:00,12,15.0,3.75,
6374,3,2023-10-15,09:00:00,11:10:00,10,15.0,3.75,
6375,44,2023-10-15,15:15:00,17:37:00,10,15.0,1.5,
6376,74,2023-10-15,11:00:00,12:39:00,10,15.0,3.75,
6377,54,2023-10-15,16:00:00,17:38:00,12,18.0,0.0,
6378,8,2023-10-15,16:15:00,18:43:00,2,15.0,1.5,
6379,186,2023-10-15,15:00:00,16:55:00,3,15.0,1.5,
6380,160,2023-10-15,15:45:00,17:38:00,3,15.0,3.75,
6381,45,2023-10-15,16:45:00,19:15:00,6,18.0,0.0,
6382,4,2023-10-15,10:15:00,11:59:00,2,15.0,3.75,
6383,103,2023-10-15,10:45:00,12:20:00,5,15.0,1.5,
6384,110,2023-10-15,11:15:00,13:25:00,7,15.0,3.75,
6385,164,2023-10-16,16:00:00,16:53:00,4,15.0,1.5,
6386,165,2023-10-16,10:45:00,11:46:00,7,15.0,6.0,
6387,233,2023-10-16,12:00:00,12:49:00,6,15.0,3.75,
6388,236,2023-10-16,11:15:00,13:23:00,6,15.0,1.5,
6389,38,2023-10-16,10:00:00,11:29:00,5,15.0,1.5,
6390,26,2023-10-16,10:00:00,12:03:00,11,18.0,0.0,
6391,186,2023-10-16,13:45:00,15:33:00,1,15.0,1.5,
6392,243,2023-10-16,16:45:00,17:34:00,14,18.0,0.0,
6393,236,2023-10-16,13:15:00,14:38:00,6,15.0,1.5,
6394,105,2023-10-16,15:00:00,16:07:00,14,18.0,0.0,
6395,217,2023-10-16,13:15:00,14:43:00,2,15.0,1.5,
6396,6,2023-10-16,12:00:00,13:01:00,4,15.0,1.5,
6397,92,2023-10-16,09:15:00,10:21:00,10,18.0,0.0,
6398,27,2023-10-16,10:15:00,12:22:00,3,15.0,6.0,
6399,47,2023-10-17,15:15:00,17:34:00,2,15.0,1.5,
6400,224,2023-10-17,14:30:00,15:42:00,12,15.0,3.75,
6401,5,2023-10-17,11:00:00,11:57:00,12,15.0,3.75,
6402,228,2023-10-17,16:00:00,18:02:00,13,15.0,1.5,
6403,82,2023-10-17,12:30:00,14:02:00,5,15.0,1.5,
6404,172,2023-10-17,15:15:00,16:59:00,12,15.0,1.5,
6405,34,2023-10-17,16:00:00,17:31:00,3,18.0,0.0,
6406,103,2023-10-17,09:30:00,11:01:00,2,15.0,1.5,
6407,207,2023-10-17,11:30:00,13:00:00,12,15.0,6.0,
6408,1,2023-10-17,10:00:00,11:18:00,3,15.0,6.0,
6409,43,2023-10-17,14:45:00,15:43:00,12,15.0,3.75,
6410,103,2023-10-17,14:30:00,16:46:00,12,15.0,1.5,
6411,165,2023-10-17,16:30:00,17:25:00,14,15.0,6.0,
6412,198,2023-10-17,14:45:00,16:05:00,2,15.0,3.75,
6413,233,2023-10-17,09:30:00,11:16:00,12,15.0,3.75,
6414,207,2023-10-17,15:30:00,17:05:00,7,15.0,6.0,
6415,110,2023-10-18,11:00:00,11:45:00,2,15.0,3.75,
6416,84,2023-10-18,09:15:00,11:34:00,1,18.0,0.0,
6417,161,2023-10-18,09:15:00,11:40:00,10,18.0,0.0,
6418,27,2023-10-18,09:45:00,12:05:00,2,15.0,6.0,
6419,26,2023-10-18,13:45:00,16:09:00,14,18.0,0.0,
6420,171,2023-10-18,12:30:00,14:59:00,5,18.0,0.0,
6421,128,2023-10-18,11:30:00,13:30:00,14,15.0,1.5,
6422,163,2023-10-18,11:00:00,11:53:00,7,18.0,0.0,
6423,85,2023-10-18,14:15:00,16:29:00,3,18.0,0.0,
6424,35,2023-10-18,14:30:00,16:41:00,3,18.0,0.0,
6425,73,2023-10-18,15:00:00,16:51:00,12,15.0,3.75,
6426,113,2023-10-18,14:30:00,16:38:00,5,18.0,0.0,
6427,186,2023-10-18,12:45:00,14:30:00,14,15.0,1.5,
6428,8,2023-10-18,14:30:00,16:43:00,7,15.0,1.5,
6429,8,2023-10-18,09:00:00,10:13:00,11,15.0,1.5,
6430,39,2023-10-18,16:15:00,18:02:00,10,15.0,1.5,
6431,23,2023-10-19,15:15:00,16:01:00,1,15.0,6.0,
6432,91,2023-10-19,16:15:00,17:17:00,10,15.0,3.75,
6433,5,2023-10-19,11:30:00,13:49:00,2,15.0,3.75,
6434,182,2023-10-19,10:15:00,11:46:00,2,15.0,1.5,
6435,233,2023-10-19,12:30:00,13:26:00,12,15.0,3.75,
6436,197,2023-10-19,10:15:00,11:51:00,1,15.0,1.5,
6437,238,2023-10-19,09:00:00,10:03:00,2,15.0,1.5,
6438,160,2023-10-19,10:45:00,12:15:00,13,15.0,3.75,
6439,97,2023-10-19,16:45:00,17:52:00,4,15.0,1.5,
6440,105,2023-10-19,14:00:00,15:40:00,14,18.0,0.0,
6441,191,2023-10-19,10:45:00,12:12:00,4,18.0,0.0,
6442,189,2023-10-19,15:30:00,16:50:00,11,15.0,3.75,
6443,61,2023-10-19,11:15:00,13:14:00,1,15.0,3.75,
6444,63,2023-10-19,15:15:00,17:04:00,6,15.0,1.5,
6445,197,2023-10-19,15:30:00,17:59:00,11,15.0,1.5,
6446,195,2023-10-19,12:15:00,13:02:00,14,15.0,3.75,
6447,82,2023-10-19,11:45:00,12:46:00,7,15.0,1.5,
6448,224,2023-10-19,11:15:00,12:11:00,12,15.0,3.75,
6449,98,2023-10-19,15:45:00,17:27:00,7,15.0,3.75,
6450,170,2023-10-19,11:00:00,12:31:00,10,15.0,1.5,
6451,1,2023-10-19,15:15:00,17:11:00,7,15.0,6.0,
6452,26,2023-10-19,13:45:00,15:16:00,6,18.0,0.0,
6453,69,2023-10-19,12:30:00,14:04:00,2,15.0,3.75,
6454,57,2023-10-19,13:15:00,14:19:00,1,15.0,1.5,
6455,172,2023-10-20,15:45:00,17:18:00,10,15.0,1.5,
6456,5,2023-10-20,14:30:00,16:22:00,12,15.0,3.75,
6457,64,2023-10-20,15:30:00,17:37:00,4,15.0,1.5,
6458,232,2023-10-20,12:45:00,13:30:00,10,15.0,3.75,
6459,47,2023-10-20,11:30:00,12:57:00,2,15.0,1.5,
6460,189,2023-10-20,12:00:00,13:49:00,11,15.0,3.75,
6461,165,2023-10-20,10:00:00,10:55:00,5,15.0,6.0,
6462,5,2023-10-20,09:30:00,10:24:00,4,15.0,3.75,
6463,99,2023-10-20,09:30:00,11:22:00,10,18.0,0.0,
6464,218,2023-10-20,14:45:00,16:12:00,6,15.0,1.5,
6465,43,2023-10-20,10:00:00,12:23:00,1,15.0,3.75,
6466,1,2023-10-20,14:30:00,16:26:00,12,15.0,6.0,
6467,218,2023-10-20,10:00:00,11:19:00,7,15.0,1.5,
6468,107,2023-10-20,10:45:00,13:01:00,13,15.0,3.75,
6469,119,2023-10-20,09:15:00,11:41:00,14,15.0,1.5,
6470,198,2023-10-20,12:45:00,14:29:00,13,15.0,3.75,
6471,217,2023-10-20,12:00:00,13:46:00,4,15.0,1.5,
6472,6,2023-10-20,13:30:00,15:15:00,2,15.0,1.5,
6473,175,2023-10-20,12:45:00,14:02:00,13,18.0,0.0,
6474,1,2023-10-20,12:30:00,13:27:00,14,15.0,6.0,
6475,175,2023-10-20,10:00:00,11:49:00,6,18.0,0.0,
6476,42,2023-10-20,16:30:00,18:29:00,5,15.0,1.5,
6477,238,2023-10-21,13:15:00,15:04:00,2,15.0,1.5,
6478,110,2023-10-21,16:45:00,17:49:00,4,15.0,3.75,
6479,228,2023-10-21,13:30:00,15:39:00,13,15.0,1.5,
6480,2,2023-10-21,13:45:00,14:31:00,3,15.0,6.0,
6481,173,2023-10-21,10:30:00,11:51:00,3,18.0,0.0,
6482,1,2023-10-21,09:00:00,11:00:00,2,15.0,6.0,
6483,27,2023-10-21,09:00:00,10:39:00,12,15.0,6.0,
6484,111,2023-10-21,10:15:00,12:01:00,5,15.0,1.5,
6485,164,2023-10-21,10:00:00,11:35:00,11,15.0,1.5,
6486,217,2023-10-21,16:30:00,18:46:00,2,15.0,1.5,
6487,45,2023-10-21,15:00:00,16:13:00,10,18.0,0.0,
6488,194,2023-10-21,11:00:00,11:52:00,7,15.0,1.5,
6489,5,2023-10-21,14:45:00,15:47:00,12,15.0,3.75,
6490,232,2023-10-21,12:30:00,13:59:00,14,15.0,3.75,
6491,5,2023-10-21,16:30:00,18:14:00,12,15.0,3.75,
6492,143,2023-10-21,13:30:00,15:57:00,10,15.0,3.75,
6493,69,2023-10-21,15:15:00,17:13:00,4,15.0,3.75,
6494,111,2023-10-21,16:15:00,17:56:00,5,15.0,1.5,
6495,173,2023-10-21,10:00:00,11:43:00,13,18.0,0.0,
6496,75,2023-10-21,14:00:00,15:05:00,10,15.0,1.5,
6497,3,2023-10-21,12:30:00,14:35:00,14,15.0,3.75,
6498,34,2023-10-21,13:30:00,14:49:00,11,18.0,0.0,
6499,3,2023-10-21,12:30:00,13:40:00,5,15.0,3.75,
6500,195,2023-10-21,09:30:00,10:40:00,12,15.0,3.75,
6501,123,2023-10-21,10:00:00,11:31:00,7,18.0,0.0,
6502,149,2023-10-22,11:45:00,14:11:00,11,15.0,1.5,
6503,120,2023-10-22,14:15:00,16:27:00,5,15.0,1.5,
6504,143,2023-10-22,11:15:00,12:52:00,7,15.0,3.75,
6505,13,2023-10-22,14:15:00,16:02:00,11,18.0,0.0,
6506,76,2023-10-22,15:30:00,16:27:00,13,15.0,3.75,
6507,23,2023-10-22,13:00:00,13:59:00,4,15.0,6.0,
6508,10,2023-10-22,16:30:00,17:59:00,2,15.0,1.5,
6509,134,2023-10-22,11:15:00,12:34:00,11,15.0,1.5,
6510,97,2023-10-22,12:15:00,13:35:00,4,15.0,1.5,
6511,27,2023-10-22,12:00:00,13:49:00,2,15.0,6.0,
6512,7,2023-10-22,09:30:00,11:17:00,13,15.0,1.5,
6513,43,2023-10-22,10:45:00,11:30:00,12,15.0,3.75,
6514,213,2023-10-22,09:45:00,11:53:00,11,15.0,1.5,
6515,11,2023-10-22,09:15:00,10:52:00,5,18.0,0.0,
6516,223,2023-10-22,14:00:00,15:59:00,12,15.0,1.5,
6517,25,2023-10-22,13:00:00,14:35:00,12,15.0,1.5,
6518,69,2023-10-22,12:15:00,13:37:00,10,15.0,3.75,
6519,228,2023-10-22,15:30:00,16:42:00,10,15.0,1.5,
6520,179,2023-10-22,16:00:00,16:57:00,1,15.0,3.75,
6521,1,2023-10-23,10:00:00,12:24:00,7,15.0,6.0,
6522,223,2023-10-23,14:45:00,15:37:00,13,15.0,1.5,
6523,126,2023-10-23,16:30:00,18:54:00,12,15.0,1.5,
6524,148,2023-10-23,16:15:00,18:31:00,5,15.0,1.5,
6525,2,2023-10-23,10:00:00,11:27:00,3,15.0,6.0,
6526,61,2023-10-23,10:00:00,11:00:00,5,15.0,3.75,
6527,5,2023-10-23,14:30:00,16:00:00,2,15.0,3.75,
6528,182,2023-10-23,09:30:00,10:21:00,12,15.0,1.5,
6529,7,2023-10-23,10:15:00,12:38:00,3,15.0,1.5,
6530,61,2023-10-23,10:30:00,11:53:00,14,15.0,3.75,
6531,75,2023-10-23,12:45:00,14:28:00,7,15.0,1.5,
6532,41,2023-10-23,15:00:00,16:29:00,10,15.0,1.5,
6533,56,2023-10-23,11:00:00,12:24:00,7,15.0,3.75,
6534,23,2023-10-23,12:45:00,14:51:00,14,15.0,6.0,
6535,67,2023-10-23,11:45:00,13:06:00,12,15.0,3.75,
6536,14,2023-10-24,12:00:00,13:16:00,11,18.0,0.0,
6537,3,2023-10-24,15:15:00,16:58:00,10,15.0,3.75,
6538,207,2023-10-24,14:30:00,16:13:00,1,15.0,6.0,
6539,131,2023-10-24,15:00:00,15:52:00,3,18.0,0.0,
6540,8,2023-10-24,14:30:00,16:55:00,14,15.0,1.5,
6541,224,2023-10-24,15:15:00,16:10:00,13,15.0,3.75,
6542,56,2023-10-24,10:30:00,12:46:00,4,15.0,3.75,
6543,78,2023-10-24,11:45:00,13:11:00,3,18.0,0.0,
6544,197,2023-10-24,15:45:00,17:06:00,5,15.0,1.5,
6545,200,2023-10-24,09:30:00,10:17:00,7,18.0,0.0,
6546,199,2023-10-24,15:30:00,16:57:00,11,15.0,1.5,
6547,233,2023-10-24,16:30:00,17:41:00,4,15.0,3.75,
6548,61,2023-10-24,15:30:00,17:44:00,7,15.0,3.75,
6549,128,2023-10-24,16:45:00,19:13:00,10,15.0,1.5,
6550,59,2023-10-24,11:00:00,12:05:00,3,15.0,1.5,
6551,143,2023-10-24,16:15:00,17:42:00,10,15.0,3.75,
6552,217,2023-10-24,12:45:00,13:33:00,12,15.0,1.5,
6553,164,2023-10-24,12:00:00,12:53:00,10,15.0,1.5,
6554,163,2023-10-24,11:45:00,13:52:00,1,18.0,0.0,
6555,107,2023-10-24,14:30:00,15:32:00,13,15.0,3.75,
6556,228,2023-10-24,12:15:00,13:47:00,3,15.0,1.5,
6557,43,2023-10-24,12:30:00,13:40:00,7,15.0,3.75,
6558,174,2023-10-25,15:45:00,17:58:00,7,15.0,1.5,
6559,63,2023-10-25,12:30:00,13:58:00,11,15.0,1.5,
6560,165,2023-10-25,16:00:00,17:37:00,11,15.0,6.0,
6561,2,2023-10-25,12:45:00,14:53:00,12,15.0,6.0,
6562,75,2023-10-25,09:15:00,11:37:00,5,15.0,1.5,
6563,27,2023-10-25,09:15:00,10:14:00,13,15.0,6.0,
6564,120,2023-10-25,09:00:00,10:40:00,14,15.0,1.5,
6565,26,2023-10-25,11:45:00,13:48:00,2,18.0,0.0,
6566,217,2023-10-25,09:30:00,10:41:00,1,15.0,1.5,
6567,53,2023-10-25,16:30:00,18:11:00,13,15.0,1.5,
6568,48,2023-10-25,11:30:00,12:27:00,14,15.0,3.75,
6569,85,2023-10-25,09:00:00,11:23:00,12,18.0,0.0,
6570,74,2023-10-25,10:30:00,12:35:00,10,15.0,3.75,
6571,207,2023-10-25,13:45:00,15:56:00,2,15.0,6.0,
6572,18,2023-10-25,13:00:00,14:40:00,2,18.0,0.0,
6573,56,2023-10-25,14:15:00,16:23:00,13,15.0,3.75,
6574,224,2023-10-25,10:15:00,11:00:00,3,15.0,3.75,
6575,113,2023-10-25,14:30:00,15:26:00,4,18.0,0.0,
6576,4,2023-10-26,14:45:00,16:25:00,2,15.0,3.75,
6577,2,2023-10-26,10:15:00,12:26:00,13,15.0,6.0,
6578,31,2023-10-26,16:15:00,17:45:00,2,15.0,1.5,
6579,232,2023-10-26,10:45:00,11:32:00,4,15.0,3.75,
6580,37,2023-10-26,09:45:00,11:17:00,2,18.0,0.0,
6581,74,2023-10-26,16:00:00,17:37:00,14,15.0,3.75,
6582,69,2023-10-26,14:00:00,16:23:00,3,15.0,3.75,
6583,102,2023-10-26,12:30:00,14:04:00,5,18.0,0.0,
6584,126,2023-10-26,13:00:00,14:45:00,2,15.0,1.5,
6585,224,2023-10-26,10:00:00,11:14:00,6,15.0,3.75,
6586,47,2023-10-26,14:15:00,16:17:00,14,15.0,1.5,
6587,189,2023-10-26,11:45:00,14:13:00,6,15.0,3.75,
6588,2,2023-10-26,10:30:00,11:55:00,14,15.0,6.0,
6589,128,2023-10-26,12:00:00,13:05:00,2,15.0,1.5,
6590,213,2023-10-26,15:15:00,16:28:00,3,15.0,1.5,
6591,148,2023-10-26,14:30:00,16:58:00,7,15.0,1.5,
6592,8,2023-10-26,14:00:00,16:08:00,3,15.0,1.5,
6593,166,2023-10-26,13:00:00,15:26:00,11,18.0,0.0,
6594,238,2023-10-26,15:00:00,16:34:00,11,15.0,1.5,
6595,61,2023-10-26,10:15:00,11:53:00,2,15.0,3.75,
6596,27,2023-10-26,14:45:00,16:14:00,7,15.0,6.0,
6597,217,2023-10-27,15:00:00,15:58:00,2,15.0,1.5,
6598,56,2023-10-27,16:45:00,18:17:00,3,15.0,3.75,
6599,47,2023-10-27,13:30:00,15:57:00,7,15.0,1.5,
6600,2,2023-10-27,14:15:00,16:33:00,2,15.0,6.0,
6601,75,2023-10-27,12:00:00,13:28:00,1,15.0,1.5,
6602,71,2023-10-27,10:45:00,11:55:00,5,15.0,1.5,
6603,195,2023-10-27,14:00:00,14:58:00,4,15.0,3.75,
6604,39,2023-10-27,15:15:00,16:58:00,7,15.0,1.5,
6605,182,2023-10-27,13:00:00,14:28:00,4,15.0,1.5,
6606,114,2023-10-27,11:45:00,14:11:00,13,15.0,1.5,
6607,195,2023-10-27,16:30:00,17:46:00,4,15.0,3.75,
6608,237,2023-10-27,13:30:00,15:33:00,14,15.0,3.75,
6609,103,2023-10-27,13:15:00,14:32:00,1,15.0,1.5,
6610,69,2023-10-27,09:30:00,11:09:00,10,15.0,3.75,
6611,164,2023-10-27,14:15:00,16:11:00,1,15.0,1.5,
6612,189,2023-10-27,13:15:00,14:16:00,7,15.0,3.75,
6613,186,2023-10-27,11:45:00,13:26:00,5,15.0,1.5,
6614,110,2023-10-27,14:30:00,15:16:00,13,15.0,3.75,
6615,182,2023-10-27,14:00:00,15:12:00,11,15.0,1.5,
6616,44,2023-10-27,09:45:00,12:14:00,5,15.0,1.5,
6617,63,2023-10-27,15:15:00,16:23:00,11,15.0,1.5,
6618,223,2023-10-28,16:30:00,17:30:00,3,15.0,1.5,
6619,59,2023-10-28,10:15:00,11:50:00,1,15.0,1.5,
6620,165,2023-10-28,10:45:00,12:16:00,14,15.0,6.0,
6621,249,2023-10-28,10:15:00,11:50:00,11,18.0,0.0,
6622,179,2023-10-28,15:00:00,17:08:00,6,15.0,3.75,
6623,170,2023-10-28,09:00:00,11:05:00,12,15.0,1.5,
6624,101,2023-10-28,12:15:00,13:28:00,12,18.0,0.0,
6625,182,2023-10-28,12:00:00,14:23:00,1,15.0,1.5,
6626,179,2023-10-28,09:30:00,11:03:00,2,15.0,3.75,
6627,237,2023-10-28,10:00:00,12:30:00,12,15.0,3.75,
6628,110,2023-10-28,10:30:00,12:13:00,3,15.0,3.75,
6629,201,2023-10-28,09:15:00,10:43:00,5,15.0,1.5,
6630,179,2023-10-28,13:15:00,15:03:00,3,15.0,3.75,
6631,53,2023-10-28,14:00:00,16:22:00,6,15.0,1.5,
6632,2,2023-10-28,09:15:00,11:08:00,13,15.0,6.0,
6633,238,2023-10-28,12:15:00,14:39:00,13,15.0,1.5,
6634,165,2023-10-28,12:00:00,13:06:00,10,15.0,6.0,
6635,107,2023-10-28,16:00:00,16:57:00,11,15.0,3.75,
6636,105,2023-10-28,11:15:00,12:08:00,1,18.0,0.0,
6637,186,2023-10-28,15:15:00,17:18:00,12,15.0,1.5,
6638,183,2023-10-28,13:45:00,15:57:00,11,15.0,1.5,
6639,118,2023-10-28,10:30:00,12:47:00,12,15.0,3.75,
6640,29,2023-10-28,13:45:00,15:28:00,12,18.0,0.0,
6641,201,2023-10-29,14:00:00,16:15:00,10,15.0,1.5,
6642,98,2023-10-29,15:45:00,18:09:00,2,15.0,3.75,
6643,143,2023-10-29,13:30:00,14:53:00,2,15.0,3.75,
6644,91,2023-10-29,15:45:00,18:06:00,6,15.0,3.75,
6645,61,2023-10-29,13:00:00,15:23:00,6,15.0,3.75,
6646,198,2023-10-29,10:30:00,12:40:00,6,15.0,3.75,
6647,162,2023-10-29,10:15:00,11:18:00,7,15.0,3.75,
6648,114,2023-10-29,14:30:00,16:37:00,13,15.0,1.5,
6649,134,2023-10-29,12:30:00,13:52:00,5,15.0,1.5,
6650,1,2023-10-29,09:00:00,11:02:00,11,15.0,6.0,
6651,237,2023-10-29,12:00:00,13:14:00,7,15.0,3.75,
6652,239,2023-10-29,10:45:00,12:29:00,3,18.0,0.0,
6653,187,2023-10-29,16:45:00,18:27:00,14,18.0,0.0,
6654,23,2023-10-29,14:15:00,15:17:00,4,15.0,6.0,
6655,200,2023-10-29,13:30:00,14:51:00,14,18.0,0.0,
6656,98,2023-10-30,14:15:00,16:26:00,7,15.0,3.75,
6657,235,2023-10-30,14:45:00,16:55:00,13,18.0,0.0,
6658,48,2023-10-30,15:45:00,18:11:00,5,15.0,3.75,
6659,206,2023-10-30,11:30:00,13:17:00,5,18.0,0.0,
6660,103,2023-10-30,15:45:00,17:56:00,2,15.0,1.5,
6661,4,2023-10-30,10:15:00,11:54:00,2,15.0,3.75,
6662,72,2023-10-30,12:30:00,14:10:00,12,18.0,0.0,
6663,44,2023-10-30,15:15:00,16:37:00,11,15.0,1.5,
6664,189,2023-10-30,16:15:00,18:42:00,7,15.0,3.75,
6665,25,2023-10-30,13:45:00,16:06:00,5,15.0,1.5,
6666,191,2023-10-30,16:45:00,18:50:00,12,18.0,0.0,
6667,1,2023-10-30,11:00:00,13:10:00,2,15.0,6.0,
6668,217,2023-10-30,16:15:00,17:20:00,5,15.0,1.5,
6669,69,2023-10-30,09:30:00,10:24:00,6,15.0,3.75,
6670,160,2023-10-30,09:45:00,10:33:00,1,15.0,3.75,
6671,103,2023-10-30,11:15:00,12:58:00,14,15.0,1.5,
6672,38,2023-10-30,10:00:00,11:00:00,3,15.0,1.5,
6673,2,2023-10-31,16:00:00,16:50:00,5,15.0,6.0,
6674,2,2023-10-31,10:45:00,12:28:00,13,15.0,6.0,
6675,237,2023-10-31,12:15:00,13:40:00,3,15.0,3.75,
6676,135,2023-10-31,12:00:00,12:57:00,10,15.0,3.75,
6677,61,2023-10-31,16:30:00,18:29:00,14,15.0,3.75,
6678,236,2023-10-31,09:30:00,11:57:00,10,15.0,1.5,
6679,98,2023-10-31,10:30:00,11:59:00,4,15.0,3.75,
6680,107,2023-10-31,15:15:00,17:42:00,12,15.0,3.75,
6681,195,2023-10-31,09:15:00,11:15:00,7,15.0,3.75,
6682,2,2023-10-31,15:00:00,15:55:00,14,15.0,6.0,
6683,165,2023-10-31,09:00:00,10:31:00,2,15.0,6.0,
6684,123,2023-10-31,13:45:00,14:43:00,5,18.0,0.0,
6685,128,2023-10-31,11:15:00,13:33:00,3,15.0,1.5,
6686,103,2023-10-31,14:15:00,15:37:00,13,15.0,1.5,
6687,13,2023-10-31,15:30:00,17:17:00,5,18.0,0.0,
6688,197,2023-10-31,11:30:00,13:21:00,1,15.0,1.5,
6689,23,2023-10-31,12:15:00,14:36:00,1,15.0,6.0,
6690,75,2023-10-31,12:00:00,14:02:00,10,15.0,1.5,
6691,72,2023-10-31,11:15:00,13:28:00,13,18.0,0.0,
6692,196,2023-10-31,12:45:00,14:17:00,11,15.0,1.5,
6693,34,2023-10-31,11:30:00,12:55:00,2,18.0,0.0,
6694,217,2023-10-31,09:30:00,11:36:00,5,15.0,1.5,
6695,67,2023-10-31,11:15:00,13:01:00,2,15.0,3.75,
6696,166,2023-11-01,12:15:00,13:50:00,4,18.0,0.0,
6697,8,2023-11-01,15:45:00,18:10:00,14,15.0,1.5,
6698,64,2023-11-01,14:45:00,16:09:00,3,15.0,1.5,
6699,195,2023-11-01,15:30:00,16:36:00,13,15.0,3.75,
6700,3,2023-11-01,12:00:00,13:41:00,13,15.0,3.75,
6701,162,2023-11-01,09:15:00,10:52:00,2,15.0,3.75,
6702,38,2023-11-01,13:15:00,14:08:00,12,15.0,1.5,
6703,164,2023-11-01,13:00:00,14:55:00,6,15.0,1.5,
6704,6,2023-11-01,16:45:00,18:43:00,5,15.0,1.5,
6705,240,2023-11-01,10:15:00,11:18:00,13,15.0,6.0,
6706,43,2023-11-01,09:00:00,09:45:00,3,15.0,3.75,
6707,5,2023-11-01,14:45:00,15:30:00,11,15.0,3.75,
6708,154,2023-11-01,16:00:00,17:29:00,12,18.0,0.0,
6709,106,2023-11-01,09:00:00,10:41:00,1,15.0,1.5,
6710,74,2023-11-01,12:45:00,14:28:00,3,15.0,3.75,
6711,38,2023-11-01,11:15:00,12:15:00,7,15.0,1.5,
6712,64,2023-11-01,15:15:00,17:38:00,2,15.0,1.5,
6713,48,2023-11-01,13:15:00,14:04:00,12,15.0,3.75,
6714,218,2023-11-01,10:00:00,12:16:00,3,15.0,1.5,
6715,12,2023-11-01,10:45:00,11:48:00,10,18.0,0.0,
6716,98,2023-11-01,14:00:00,15:22:00,12,15.0,3.75,
6717,172,2023-11-01,09:45:00,10:50:00,6,15.0,1.5,
6718,110,2023-11-01,16:45:00,18:23:00,13,15.0,3.75,
6719,112,2023-11-02,14:30:00,15:59:00,13,15.0,1.5,
6720,135,2023-11-02,16:15:00,18:08:00,1,15.0,3.75,
6721,5,2023-11-02,11:00:00,12:46:00,1,15.0,3.75,
6722,166,2023-11-02,10:15:00,11:53:00,6,18.0,0.0,
6723,142,2023-11-02,12:15:00,14:29:00,14,15.0,1.5,
6724,47,2023-11-02,09:45:00,11:10:00,12,15.0,1.5,
6725,48,2023-11-02,10:15:00,11:26:00,13,15.0,3.75,
6726,174,2023-11-02,14:30:00,16:48:00,3,15.0,1.5,
6727,56,2023-11-02,11:15:00,13:40:00,6,15.0,3.75,
6728,245,2023-11-02,13:15:00,14:27:00,1,18.0,0.0,
6729,34,2023-11-02,10:15:00,12:08:00,3,18.0,0.0,
6730,78,2023-11-02,11:00:00,11:52:00,6,18.0,0.0,
6731,126,2023-11-02,13:30:00,14:59:00,11,15.0,1.5,
6732,186,2023-11-02,10:30:00,12:03:00,13,15.0,1.5,
6733,128,2023-11-02,12:45:00,14:17:00,5,15.0,1.5,
6734,217,2023-11-02,14:30:00,16:58:00,6,15.0,1.5,
6735,48,2023-11-02,11:00:00,12:43:00,13,15.0,3.75,
6736,69,2023-11-02,12:15:00,13:12:00,10,15.0,3.75,
6737,174,2023-11-02,15:15:00,16:26:00,12,15.0,1.5,
6738,154,2023-11-02,10:30:00,12:25:00,13,18.0,0.0,
6739,237,2023-11-02,14:30:00,16:12:00,3,15.0,3.75,
6740,2,2023-11-02,16:00:00,17:31:00,13,15.0,6.0,
6741,7,2023-11-02,09:15:00,10:58:00,10,15.0,1.5,
6742,48,2023-11-02,15:15:00,16:37:00,4,15.0,3.75,
6743,43,2023-11-02,10:00:00,10:57:00,12,15.0,3.75,
6744,182,2023-11-03,10:30:00,12:50:00,14,15.0,1.5,
6745,160,2023-11-03,14:00:00,15:33:00,10,15.0,3.75,
6746,237,2023-11-03,13:45:00,14:38:00,6,15.0,3.75,
6747,165,2023-11-03,16:30:00,18:21:00,6,15.0,6.0,
6748,38,2023-11-03,11:30:00,12:57:00,14,15.0,1.5,
6749,17,2023-11-03,14:30:00,15:56:00,14,18.0,0.0,
6750,131,2023-11-03,11:15:00,13:01:00,5,18.0,0.0,
6751,1,2023-11-03,13:15:00,14:13:00,14,15.0,6.0,
6752,101,2023-11-03,14:45:00,16:33:00,12,18.0,0.0,
6753,231,2023-11-03,16:15:00,17:04:00,13,15.0,1.5,
6754,218,2023-11-03,15:15:00,17:41:00,12,15.0,1.5,
6755,61,2023-11-03,11:45:00,14:08:00,6,15.0,3.75,
6756,79,2023-11-03,12:15:00,14:18:00,14,18.0,0.0,
6757,143,2023-11-03,15:15:00,16:12:00,1,15.0,3.75,
6758,76,2023-11-03,12:00:00,12:51:00,5,15.0,3.75,
6759,189,2023-11-03,16:15:00,17:16:00,3,15.0,3.75,
6760,73,2023-11-03,15:45:00,17:47:00,13,15.0,3.75,
6761,245,2023-11-03,15:15:00,16:08:00,4,18.0,0.0,
6762,35,2023-11-03,15:45:00,18:02:00,7,18.0,0.0,
6763,217,2023-11-03,16:15:00,17:10:00,11,15.0,1.5,
6764,222,2023-11-04,13:15:00,15:45:00,14,18.0,0.0,
6765,77,2023-11-04,14:30:00,15:34:00,2,15.0,1.5,
6766,61,2023-11-04,13:00:00,15:17:00,1,15.0,3.75,
6767,208,2023-11-04,14:30:00,15:59:00,12,18.0,0.0,
6768,10,2023-11-04,10:30:00,11:37:00,1,15.0,1.5,
6769,119,2023-11-04,14:00:00,15:21:00,7,15.0,1.5,
6770,13,2023-11-04,09:00:00,11:30:00,6,18.0,0.0,
6771,195,2023-11-04,12:00:00,14:24:00,5,15.0,3.75,
6772,27,2023-11-04,13:00:00,14:00:00,12,15.0,6.0,
6773,4,2023-11-04,13:45:00,16:15:00,14,15.0,3.75,
6774,161,2023-11-04,16:45:00,18:19:00,3,18.0,0.0,
6775,158,2023-11-04,14:45:00,16:17:00,7,15.0,3.75,
6776,158,2023-11-04,10:45:00,12:29:00,1,15.0,3.75,
6777,165,2023-11-04,16:45:00,18:04:00,11,15.0,6.0,
6778,128,2023-11-04,16:15:00,17:36:00,14,15.0,1.5,
6779,207,2023-11-04,11:30:00,12:51:00,10,15.0,6.0,
6780,44,2023-11-04,10:30:00,11:15:00,6,15.0,1.5,
6781,4,2023-11-04,12:15:00,13:16:00,4,15.0,3.75,
6782,75,2023-11-04,09:45:00,10:55:00,2,15.0,1.5,
6783,101,2023-11-04,13:45:00,14:49:00,2,18.0,0.0,
6784,242,2023-11-04,11:45:00,13:47:00,14,15.0,3.75,
6785,12,2023-11-04,15:45:00,16:36:00,3,18.0,0.0,
6786,8,2023-11-04,15:15:00,17:24:00,4,15.0,1.5,
6787,206,2023-11-04,15:45:00,17:39:00,6,18.0,0.0,
6788,73,2023-11-04,13:45:00,14:46:00,13,15.0,3.75,
6789,179,2023-11-04,14:00:00,14:51:00,4,15.0,3.75,
6790,153,2023-11-05,15:15:00,16:39:00,2,18.0,0.0,
6791,120,2023-11-05,12:15:00,13:40:00,7,15.0,1.5,
6792,56,2023-11-05,13:15:00,14:02:00,7,15.0,3.75,
6793,5,2023-11-05,16:00:00,18:12:00,2,15.0,3.75,
6794,182,2023-11-05,12:45:00,13:35:00,12,15.0,1.5,
6795,195,2023-11-05,11:00:00,11:47:00,14,15.0,3.75,
6796,25,2023-11-05,11:00:00,12:32:00,3,15.0,1.5,
6797,2,2023-11-05,09:15:00,10:13:00,11,15.0,6.0,
6798,98,2023-11-05,11:00:00,12:33:00,6,15.0,3.75,
6799,207,2023-11-05,11:30:00,13:06:00,14,15.0,6.0,
6800,137,2023-11-05,12:15:00,13:33:00,12,18.0,0.0,
6801,69,2023-11-05,10:00:00,12:04:00,4,15.0,3.75,
6802,195,2023-11-05,15:15:00,16:24:00,10,15.0,3.75,
6803,148,2023-11-05,15:45:00,16:53:00,2,15.0,1.5,
6804,28,2023-11-05,16:30:00,17:40:00,10,15.0,1.5,
6805,105,2023-11-05,13:15:00,14:50:00,14,18.0,0.0,
6806,5,2023-11-05,11:15:00,13:10:00,7,15.0,3.75,
6807,2,2023-11-05,10:15:00,12:36:00,10,15.0,6.0,
6808,48,2023-11-05,11:45:00,13:45:00,1,15.0,3.75,
6809,202,2023-11-05,14:30:00,15:50:00,3,18.0,0.0,
6810,228,2023-11-05,09:00:00,11:10:00,2,15.0,1.5,
6811,196,2023-11-05,11:15:00,13:11:00,7,15.0,1.5,
6812,154,2023-11-05,12:45:00,14:39:00,4,18.0,0.0,
6813,119,2023-11-05,16:30:00,17:48:00,12,15.0,1.5,
6814,5,2023-11-05,11:45:00,13:32:00,14,15.0,3.75,
6815,170,2023-11-05,16:15:00,17:21:00,5,15.0,1.5,
6816,178,2023-11-05,13:45:00,14:47:00,11,18.0,0.0,
6817,28,2023-11-05,15:45:00,16:49:00,3,15.0,1.5,
6818,179,2023-11-05,16:45:00,18:38:00,3,15.0,3.75,
6819,45,2023-11-05,10:30:00,12:31:00,1,18.0,0.0,
6820,179,2023-11-05,11:15:00,13:35:00,1,15.0,3.75,
6821,135,2023-11-05,13:15:00,15:33:00,13,15.0,3.75,
6822,179,2023-11-06,14:00:00,14:52:00,2,15.0,3.75,
6823,29,2023-11-06,15:30:00,17:01:00,5,18.0,0.0,
6824,33,2023-11-06,11:15:00,12:45:00,7,15.0,3.75,
6825,240,2023-11-06,13:15:00,15:10:00,1,15.0,6.0,
6826,78,2023-11-06,16:30:00,18:42:00,12,18.0,0.0,
6827,33,2023-11-06,12:00:00,14:15:00,13,15.0,3.75,
6828,1,2023-11-06,12:30:00,14:28:00,7,15.0,6.0,
6829,236,2023-11-06,13:45:00,15:35:00,14,15.0,1.5,
6830,72,2023-11-06,13:30:00,14:55:00,4,18.0,0.0,
6831,99,2023-11-06,10:30:00,12:03:00,6,18.0,0.0,
6832,98,2023-11-06,14:45:00,17:13:00,5,15.0,3.75,
6833,51,2023-11-06,16:15:00,18:17:00,10,15.0,1.5,
6834,106,2023-11-06,14:30:00,16:24:00,6,15.0,1.5,
6835,51,2023-11-06,13:00:00,14:08:00,14,15.0,1.5,
6836,5,2023-11-06,15:15:00,17:07:00,13,15.0,3.75,
6837,240,2023-11-06,16:45:00,17:41:00,6,15.0,6.0,
6838,143,2023-11-06,16:00:00,17:26:00,7,15.0,3.75,
6839,4,2023-11-06,12:00:00,14:26:00,7,15.0,3.75,
6840,161,2023-11-07,13:00:00,13:55:00,7,18.0,0.0,
6841,11,2023-11-07,14:45:00,16:27:00,10,18.0,0.0,
6842,131,2023-11-07,13:45:00,14:30:00,10,18.0,0.0,
6843,242,2023-11-07,12:15:00,13:20:00,6,15.0,3.75,
6844,238,2023-11-07,10:15:00,11:38:00,6,15.0,1.5,
6845,162,2023-11-07,10:45:00,13:00:00,13,15.0,3.75,
6846,39,2023-11-07,10:15:00,11:56:00,11,15.0,1.5,
6847,100,2023-11-07,11:30:00,13:00:00,2,15.0,1.5,
6848,196,2023-11-07,15:15:00,17:08:00,6,15.0,1.5,
6849,165,2023-11-07,15:30:00,17:12:00,13,15.0,6.0,
6850,242,2023-11-07,15:00:00,16:15:00,12,15.0,3.75,
6851,74,2023-11-07,13:15:00,14:49:00,13,15.0,3.75,
6852,186,2023-11-07,11:30:00,13:01:00,13,15.0,1.5,
6853,201,2023-11-07,09:30:00,11:10:00,2,15.0,1.5,
6854,217,2023-11-07,12:30:00,13:46:00,2,15.0,1.5,
6855,69,2023-11-07,15:00:00,16:05:00,13,15.0,3.75,
6856,48,2023-11-08,16:30:00,18:46:00,12,15.0,3.75,
6857,224,2023-11-08,09:00:00,11:01:00,12,15.0,3.75,
6858,2,2023-11-08,12:00:00,14:29:00,10,15.0,6.0,
6859,118,2023-11-08,11:45:00,13:58:00,2,15.0,3.75,
6860,103,2023-11-08,14:45:00,15:32:00,1,15.0,1.5,
6861,2,2023-11-08,15:00:00,15:46:00,4,15.0,6.0,
6862,105,2023-11-08,15:00:00,17:25:00,11,18.0,0.0,
6863,165,2023-11-08,16:30:00,17:48:00,11,15.0,6.0,
6864,117,2023-11-08,16:45:00,18:41:00,11,18.0,0.0,
6865,99,2023-11-08,11:45:00,13:47:00,2,18.0,0.0,
6866,27,2023-11-08,15:00:00,16:48:00,7,15.0,6.0,
6867,189,2023-11-08,09:45:00,10:44:00,5,15.0,3.75,
6868,120,2023-11-08,12:30:00,13:37:00,6,15.0,1.5,
6869,195,2023-11-08,09:00:00,11:29:00,5,15.0,3.75,
6870,162,2023-11-09,13:00:00,13:58:00,10,15.0,3.75,
6871,48,2023-11-09,13:45:00,16:10:00,5,15.0,3.75,
6872,27,2023-11-09,10:00:00,11:01:00,11,15.0,6.0,
6873,189,2023-11-09,12:30:00,14:11:00,3,15.0,3.75,
6874,48,2023-11-09,10:45:00,11:46:00,2,15.0,3.75,
6875,237,2023-11-09,13:00:00,15:08:00,10,15.0,3.75,
6876,165,2023-11-09,15:00:00,16:00:00,1,15.0,6.0,
6877,112,2023-11-09,14:15:00,16:32:00,5,15.0,1.5,
6878,217,2023-11-09,09:00:00,10:19:00,11,15.0,1.5,
6879,217,2023-11-09,14:15:00,15:04:00,3,15.0,1.5,
6880,203,2023-11-09,10:00:00,12:15:00,4,15.0,3.75,
6881,182,2023-11-09,12:15:00,13:03:00,12,15.0,1.5,
6882,91,2023-11-09,11:00:00,12:29:00,13,15.0,3.75,
6883,238,2023-11-09,16:45:00,17:36:00,6,15.0,1.5,
6884,152,2023-11-09,15:45:00,17:55:00,3,15.0,3.75,
6885,88,2023-11-09,16:00:00,17:09:00,12,18.0,0.0,
6886,232,2023-11-09,09:30:00,11:28:00,7,15.0,3.75,
6887,2,2023-11-09,10:30:00,11:20:00,13,15.0,6.0,
6888,179,2023-11-09,12:30:00,13:51:00,4,15.0,3.75,
6889,56,2023-11-10,14:30:00,16:12:00,1,15.0,3.75,
6890,248,2023-11-10,14:00:00,15:19:00,4,18.0,0.0,
6891,120,2023-11-10,15:30:00,17:30:00,14,15.0,1.5,
6892,158,2023-11-10,16:45:00,18:33:00,10,15.0,3.75,
6893,1,2023-11-10,09:45:00,11:00:00,5,15.0,6.0,
6894,179,2023-11-10,15:30:00,16:31:00,13,15.0,3.75,
6895,174,2023-11-10,10:15:00,11:01:00,3,15.0,1.5,
6896,8,2023-11-10,15:00:00,17:01:00,7,15.0,1.5,
6897,218,2023-11-10,14:30:00,16:18:00,5,15.0,1.5,
6898,69,2023-11-10,13:15:00,14:40:00,7,15.0,3.75,
6899,48,2023-11-10,12:15:00,13:22:00,4,15.0,3.75,
6900,72,2023-11-10,10:15:00,11:50:00,13,18.0,0.0,
6901,31,2023-11-10,14:30:00,16:57:00,2,15.0,1.5,
6902,27,2023-11-10,12:15:00,13:07:00,1,15.0,6.0,
6903,56,2023-11-10,14:15:00,16:00:00,7,15.0,3.75,
6904,172,2023-11-10,16:15:00,17:05:00,12,15.0,1.5,
6905,183,2023-11-10,12:45:00,13:40:00,1,15.0,1.5,
6906,164,2023-11-11,13:00:00,15:27:00,7,15.0,1.5,
6907,98,2023-11-11,11:45:00,13:51:00,2,15.0,3.75,
6908,198,2023-11-11,09:00:00,10:09:00,5,15.0,3.75,
6909,48,2023-11-11,14:45:00,15:34:00,13,15.0,3.75,
6910,224,2023-11-11,10:45:00,12:59:00,12,15.0,3.75,
6911,203,2023-11-11,15:00:00,17:09:00,14,15.0,3.75,
6912,48,2023-11-11,11:15:00,12:21:00,2,15.0,3.75,
6913,196,2023-11-11,10:30:00,11:46:00,6,15.0,1.5,
6914,64,2023-11-11,09:45:00,12:12:00,2,15.0,1.5,
6915,74,2023-11-11,13:30:00,15:17:00,13,15.0,3.75,
6916,228,2023-11-11,11:15:00,13:19:00,2,15.0,1.5,
6917,194,2023-11-11,11:30:00,12:40:00,7,15.0,1.5,
6918,114,2023-11-11,13:00:00,14:15:00,6,15.0,1.5,
6919,43,2023-11-11,11:15:00,13:17:00,14,15.0,3.75,
6920,217,2023-11-11,13:30:00,15:44:00,1,15.0,1.5,
6921,74,2023-11-11,16:00:00,18:03:00,4,15.0,3.75,
6922,6,2023-11-11,11:15:00,12:34:00,13,15.0,1.5,
6923,197,2023-11-12,09:00:00,09:48:00,3,15.0,1.5,
6924,143,2023-11-12,13:00:00,14:09:00,3,15.0,3.75,
6925,66,2023-11-12,14:45:00,17:15:00,6,18.0,0.0,
6926,54,2023-11-12,16:45:00,17:48:00,1,18.0,0.0,
6927,86,2023-11-12,10:30:00,11:34:00,5,18.0,0.0,
6928,2,2023-11-12,09:30:00,10:46:00,6,15.0,6.0,
6929,198,2023-11-12,13:45:00,14:37:00,7,15.0,3.75,
6930,186,2023-11-12,14:45:00,15:48:00,14,15.0,1.5,
6931,228,2023-11-12,15:30:00,16:51:00,11,15.0,1.5,
6932,99,2023-11-12,09:00:00,09:46:00,6,18.0,0.0,
6933,69,2023-11-12,16:45:00,18:13:00,13,15.0,3.75,
6934,23,2023-11-12,15:15:00,17:41:00,3,15.0,6.0,
6935,240,2023-11-12,10:15:00,12:17:00,2,15.0,6.0,
6936,61,2023-11-12,16:45:00,18:49:00,11,15.0,3.75,
6937,51,2023-11-12,12:00:00,13:57:00,10,15.0,1.5,
6938,52,2023-11-12,09:00:00,11:04:00,14,15.0,1.5,
6939,179,2023-11-12,12:15:00,13:40:00,11,15.0,3.75,
6940,24,2023-11-13,09:00:00,09:57:00,12,15.0,3.75,
6941,172,2023-11-13,14:45:00,15:57:00,1,15.0,1.5,
6942,47,2023-11-13,16:45:00,18:17:00,7,15.0,1.5,
6943,233,2023-11-13,09:30:00,10:59:00,1,15.0,3.75,
6944,203,2023-11-13,14:30:00,15:31:00,2,15.0,3.75,
6945,197,2023-11-13,10:00:00,12:12:00,1,15.0,1.5,
6946,4,2023-11-13,10:45:00,12:00:00,2,15.0,3.75,
6947,8,2023-11-13,12:00:00,14:12:00,11,15.0,1.5,
6948,25,2023-11-13,16:45:00,18:21:00,7,15.0,1.5,
6949,217,2023-11-13,15:30:00,17:08:00,5,15.0,1.5,
6950,98,2023-11-13,11:15:00,13:22:00,11,15.0,3.75,
6951,36,2023-11-13,15:00:00,15:59:00,10,15.0,3.75,
6952,195,2023-11-13,16:15:00,17:29:00,6,15.0,3.75,
6953,37,2023-11-13,12:15:00,13:45:00,1,18.0,0.0,
6954,2,2023-11-13,14:00:00,15:06:00,10,15.0,6.0,
6955,242,2023-11-14,10:30:00,11:35:00,5,15.0,3.75,
6956,161,2023-11-14,12:00:00,12:53:00,4,18.0,0.0,
6957,202,2023-11-14,09:00:00,10:28:00,14,18.0,0.0,
6958,104,2023-11-14,09:00:00,10:12:00,2,18.0,0.0,
6959,8,2023-11-14,14:45:00,16:20:00,7,15.0,1.5,
6960,110,2023-11-14,10:45:00,12:34:00,14,15.0,3.75,
6961,6,2023-11-14,09:30:00,10:50:00,5,15.0,1.5,
6962,206,2023-11-14,13:45:00,14:57:00,6,18.0,0.0,
6963,243,2023-11-14,09:00:00,10:07:00,13,18.0,0.0,
6964,31,2023-11-14,15:15:00,17:18:00,2,15.0,1.5,
6965,100,2023-11-14,13:30:00,14:48:00,10,15.0,1.5,
6966,75,2023-11-14,11:15:00,12:23:00,6,15.0,1.5,
6967,27,2023-11-14,13:30:00,15:49:00,1,15.0,6.0,
6968,9,2023-11-14,09:00:00,10:58:00,13,15.0,1.5,
6969,61,2023-11-14,15:15:00,17:09:00,2,15.0,3.75,
6970,40,2023-11-15,14:00:00,15:25:00,3,18.0,0.0,
6971,143,2023-11-15,16:00:00,17:51:00,2,15.0,3.75,
6972,138,2023-11-15,13:45:00,15:30:00,7,18.0,0.0,
6973,1,2023-11-15,11:45:00,13:21:00,12,15.0,6.0,
6974,191,2023-11-15,16:45:00,18:18:00,11,18.0,0.0,
6975,165,2023-11-15,09:00:00,10:18:00,13,15.0,6.0,
6976,1,2023-11-15,12:15:00,13:52:00,6,15.0,6.0,
6977,46,2023-11-15,15:15:00,17:00:00,11,18.0,0.0,
6978,207,2023-11-15,16:45:00,17:30:00,14,15.0,6.0,
6979,78,2023-11-15,12:00:00,13:15:00,1,18.0,0.0,
6980,159,2023-11-15,10:30:00,11:53:00,11,15.0,1.5,
6981,154,2023-11-15,12:30:00,14:16:00,12,18.0,0.0,
6982,77,2023-11-15,15:15:00,17:17:00,6,15.0,1.5,
6983,196,2023-11-15,12:00:00,14:08:00,13,15.0,1.5,
6984,7,2023-11-15,10:15:00,12:19:00,11,15.0,1.5,
6985,174,2023-11-15,15:15:00,17:07:00,5,15.0,1.5,
6986,48,2023-11-15,09:45:00,11:24:00,7,15.0,3.75,
6987,3,2023-11-15,14:00:00,15:26:00,12,15.0,3.75,
6988,195,2023-11-16,09:00:00,10:56:00,11,15.0,3.75,
6989,237,2023-11-16,13:00:00,14:05:00,11,15.0,3.75,
6990,158,2023-11-16,11:15:00,13:00:00,7,15.0,3.75,
6991,165,2023-11-16,09:00:00,11:27:00,3,15.0,6.0,
6992,103,2023-11-16,14:15:00,16:29:00,1,15.0,1.5,
6993,48,2023-11-16,09:45:00,11:18:00,6,15.0,3.75,
6994,238,2023-11-16,09:00:00,10:00:00,12,15.0,1.5,
6995,99,2023-11-16,16:45:00,18:23:00,10,18.0,0.0,
6996,73,2023-11-16,16:30:00,18:36:00,5,15.0,3.75,
6997,48,2023-11-16,12:00:00,14:26:00,3,15.0,3.75,
6998,52,2023-11-16,09:15:00,10:33:00,11,15.0,1.5,
6999,98,2023-11-16,16:00:00,18:24:00,7,15.0,3.75,
7000,93,2023-11-16,09:45:00,11:30:00,11,15.0,1.5,
7001,240,2023-11-16,13:00:00,14:04:00,10,15.0,6.0,
7002,107,2023-11-16,14:00:00,14:45:00,2,15.0,3.75,
7003,27,2023-11-17,12:15:00,14:31:00,10,15.0,6.0,
7004,218,2023-11-17,09:45:00,11:28:00,10,15.0,1.5,
7005,134,2023-11-17,16:00:00,18:05:00,7,15.0,1.5,
7006,126,2023-11-17,13:30:00,15:06:00,10,15.0,1.5,
7007,2,2023-11-17,15:00:00,15:48:00,10,15.0,6.0,
7008,232,2023-11-17,13:45:00,14:52:00,1,15.0,3.75,
7009,134,2023-11-17,10:30:00,12:35:00,13,15.0,1.5,
7010,173,2023-11-17,10:45:00,13:11:00,4,18.0,0.0,
7011,73,2023-11-17,14:45:00,16:02:00,1,15.0,3.75,
7012,237,2023-11-17,11:00:00,12:16:00,14,15.0,3.75,
7013,82,2023-11-17,13:15:00,15:45:00,13,15.0,1.5,
7014,14,2023-11-17,13:30:00,15:02:00,12,18.0,0.0,
7015,106,2023-11-17,13:45:00,15:38:00,6,15.0,1.5,
7016,74,2023-11-17,09:15:00,11:33:00,12,15.0,3.75,
7017,206,2023-11-17,16:15:00,17:55:00,12,18.0,0.0,
7018,162,2023-11-17,10:30:00,12:13:00,10,15.0,3.75,
7019,172,2023-11-17,11:15:00,12:21:00,2,15.0,1.5,
7020,219,2023-11-17,14:00:00,15:35:00,13,15.0,3.75,
7021,43,2023-11-17,10:00:00,11:42:00,1,15.0,3.75,
7022,30,2023-11-17,14:30:00,15:29:00,1,18.0,0.0,
7023,9,2023-11-18,13:00:00,15:22:00,1,15.0,1.5,
7024,15,2023-11-18,11:00:00,12:53:00,13,18.0,0.0,
7025,189,2023-11-18,13:45:00,15:01:00,4,15.0,3.75,
7026,160,2023-11-18,11:45:00,12:51:00,3,15.0,3.75,
7027,162,2023-11-18,14:00:00,15:35:00,13,15.0,3.75,
7028,189,2023-11-18,13:45:00,15:43:00,3,15.0,3.75,
7029,110,2023-11-18,16:45:00,18:27:00,5,15.0,3.75,
7030,119,2023-11-18,16:15:00,17:07:00,10,15.0,1.5,
7031,114,2023-11-18,13:00:00,14:01:00,14,15.0,1.5,
7032,3,2023-11-18,15:15:00,17:08:00,10,15.0,3.75,
7033,11,2023-11-18,12:15:00,13:31:00,4,18.0,0.0,
7034,217,2023-11-18,11:00:00,12:35:00,5,15.0,1.5,
7035,209,2023-11-18,12:00:00,13:30:00,1,18.0,0.0,
7036,92,2023-11-18,10:15:00,12:36:00,10,18.0,0.0,
7037,23,2023-11-18,14:45:00,16:41:00,2,15.0,6.0,
7038,98,2023-11-18,10:45:00,11:34:00,2,15.0,3.75,
7039,172,2023-11-18,09:45:00,11:44:00,5,15.0,1.5,
7040,31,2023-11-18,16:45:00,18:38:00,10,15.0,1.5,
7041,120,2023-11-18,10:15:00,12:35:00,1,15.0,1.5,
7042,148,2023-11-18,16:45:00,18:48:00,5,15.0,1.5,
7043,171,2023-11-18,13:30:00,14:39:00,14,18.0,0.0,
7044,91,2023-11-18,09:45:00,10:58:00,5,15.0,3.75,
7045,2,2023-11-18,09:00:00,11:23:00,10,15.0,6.0,
7046,207,2023-11-18,14:45:00,15:49:00,4,15.0,6.0,
7047,104,2023-11-19,15:15:00,17:03:00,7,18.0,0.0,
7048,39,2023-11-19,13:30:00,15:01:00,14,15.0,1.5,
7049,48,2023-11-19,11:30:00,13:15:00,12,15.0,3.75,
7050,26,2023-11-19,12:30:00,13:40:00,4,18.0,0.0,
7051,82,2023-11-19,14:45:00,16:24:00,1,15.0,1.5,
7052,5,2023-11-19,10:30:00,11:15:00,14,15.0,3.75,
7053,114,2023-11-19,09:15:00,11:44:00,13,15.0,1.5,
7054,5,2023-11-19,12:30:00,14:11:00,7,15.0,3.75,
7055,55,2023-11-19,12:15:00,13:37:00,11,18.0,0.0,
7056,2,2023-11-19,11:15:00,12:29:00,13,15.0,6.0,
7057,135,2023-11-19,14:00:00,16:24:00,6,15.0,3.75,
7058,48,2023-11-19,11:45:00,12:42:00,3,15.0,3.75,
7059,82,2023-11-19,13:45:00,16:15:00,6,15.0,1.5,
7060,166,2023-11-19,10:00:00,12:13:00,12,18.0,0.0,
7061,228,2023-11-19,09:15:00,10:17:00,5,15.0,1.5,
7062,69,2023-11-19,11:15:00,13:01:00,11,15.0,3.75,
7063,174,2023-11-19,14:30:00,16:59:00,13,15.0,1.5,
7064,82,2023-11-19,14:15:00,16:22:00,10,15.0,1.5,
7065,118,2023-11-19,12:30:00,14:11:00,12,15.0,3.75,
7066,9,2023-11-19,11:00:00,12:10:00,13,15.0,1.5,
7067,239,2023-11-19,16:00:00,17:06:00,14,18.0,0.0,
7068,240,2023-11-19,14:30:00,16:00:00,11,15.0,6.0,
7069,99,2023-11-19,15:15:00,16:19:00,14,18.0,0.0,
7070,27,2023-11-20,11:00:00,13:24:00,14,15.0,6.0,
7071,44,2023-11-20,13:00:00,13:53:00,10,15.0,1.5,
7072,1,2023-11-20,09:30:00,11:31:00,1,15.0,6.0,
7073,217,2023-11-20,09:30:00,11:27:00,11,15.0,1.5,
7074,232,2023-11-20,15:30:00,17:04:00,12,15.0,3.75,
7075,23,2023-11-20,13:15:00,14:12:00,12,15.0,6.0,
7076,74,2023-11-20,14:15:00,15:59:00,11,15.0,3.75,
7077,61,2023-11-20,11:00:00,11:57:00,6,15.0,3.75,
7078,194,2023-11-20,16:00:00,17:12:00,13,15.0,1.5,
7079,91,2023-11-20,13:00:00,15:13:00,11,15.0,3.75,
7080,2,2023-11-20,16:30:00,18:05:00,3,15.0,6.0,
7081,120,2023-11-20,14:45:00,16:46:00,6,15.0,1.5,
7082,67,2023-11-20,13:15:00,14:26:00,13,15.0,3.75,
7083,74,2023-11-20,13:30:00,15:21:00,1,15.0,3.75,
7084,82,2023-11-20,16:00:00,17:29:00,14,15.0,1.5,
7085,48,2023-11-20,11:45:00,13:44:00,10,15.0,3.75,
7086,231,2023-11-21,13:00:00,14:32:00,10,15.0,1.5,
7087,217,2023-11-21,15:15:00,16:58:00,7,15.0,1.5,
7088,83,2023-11-21,16:30:00,17:51:00,4,15.0,1.5,
7089,182,2023-11-21,12:15:00,13:28:00,6,15.0,1.5,
7090,242,2023-11-21,13:30:00,15:07:00,12,15.0,3.75,
7091,73,2023-11-21,11:30:00,12:26:00,3,15.0,3.75,
7092,180,2023-11-21,16:30:00,18:15:00,5,18.0,0.0,
7093,121,2023-11-21,15:15:00,16:03:00,7,15.0,1.5,
7094,3,2023-11-21,15:00:00,16:50:00,5,15.0,3.75,
7095,5,2023-11-21,12:00:00,12:46:00,6,15.0,3.75,
7096,193,2023-11-21,10:00:00,12:16:00,12,15.0,1.5,
7097,3,2023-11-21,13:00:00,14:36:00,5,15.0,3.75,
7098,197,2023-11-22,09:30:00,10:28:00,4,15.0,1.5,
7099,131,2023-11-22,13:45:00,15:05:00,13,18.0,0.0,
7100,69,2023-11-22,12:15:00,14:17:00,7,15.0,3.75,
7101,160,2023-11-22,14:15:00,16:44:00,4,15.0,3.75,
7102,154,2023-11-22,13:00:00,14:44:00,4,18.0,0.0,
7103,159,2023-11-22,15:00:00,17:15:00,2,15.0,1.5,
7104,232,2023-11-22,13:15:00,14:05:00,2,15.0,3.75,
7105,240,2023-11-22,11:15:00,13:38:00,2,15.0,6.0,
7106,189,2023-11-22,09:00:00,10:53:00,14,15.0,3.75,
7107,7,2023-11-22,12:15:00,13:58:00,6,15.0,1.5,
7108,207,2023-11-22,15:00:00,16:22:00,6,15.0,6.0,
7109,189,2023-11-22,09:45:00,11:11:00,13,15.0,3.75,
7110,238,2023-11-23,09:30:00,11:39:00,11,15.0,1.5,
7111,242,2023-11-23,12:15:00,13:50:00,5,15.0,3.75,
7112,237,2023-11-23,12:00:00,12:51:00,1,15.0,3.75,
7113,47,2023-11-23,16:15:00,18:16:00,7,15.0,1.5,
7114,88,2023-11-23,15:30:00,17:11:00,4,18.0,0.0,
7115,224,2023-11-23,10:45:00,12:23:00,12,15.0,3.75,
7116,237,2023-11-23,16:15:00,17:15:00,10,15.0,3.75,
7117,11,2023-11-23,13:45:00,15:35:00,7,18.0,0.0,
7118,207,2023-11-23,13:30:00,15:59:00,11,15.0,6.0,
7119,191,2023-11-23,14:15:00,15:48:00,13,18.0,0.0,
7120,69,2023-11-23,10:15:00,12:11:00,12,15.0,3.75,
7121,177,2023-11-23,11:30:00,12:31:00,3,18.0,0.0,
7122,3,2023-11-23,11:45:00,13:49:00,12,15.0,3.75,
7123,209,2023-11-23,11:00:00,12:33:00,12,18.0,0.0,
7124,182,2023-11-23,11:00:00,12:59:00,10,15.0,1.5,
7125,68,2023-11-23,11:15:00,13:06:00,4,18.0,0.0,
7126,52,2023-11-23,10:15:00,12:15:00,13,15.0,1.5,
7127,25,2023-11-23,15:30:00,16:37:00,12,15.0,1.5,
7128,190,2023-11-23,13:00:00,14:39:00,7,18.0,0.0,
7129,219,2023-11-23,11:00:00,13:06:00,3,15.0,3.75,
7130,63,2023-11-23,15:00:00,16:01:00,10,15.0,1.5,
7131,74,2023-11-24,09:45:00,11:03:00,5,15.0,3.75,
7132,242,2023-11-24,13:15:00,15:35:00,1,15.0,3.75,
7133,43,2023-11-24,13:00:00,13:50:00,12,15.0,3.75,
7134,21,2023-11-24,09:30:00,11:41:00,1,15.0,1.5,
7135,3,2023-11-24,11:30:00,14:00:00,11,15.0,3.75,
7136,119,2023-11-24,14:00:00,15:52:00,6,15.0,1.5,
7137,112,2023-11-24,14:45:00,16:30:00,7,15.0,1.5,
7138,2,2023-11-24,09:45:00,11:19:00,10,15.0,6.0,
7139,110,2023-11-24,15:15:00,16:18:00,7,15.0,3.75,
7140,6,2023-11-24,11:30:00,12:34:00,10,15.0,1.5,
7141,162,2023-11-24,12:45:00,15:14:00,10,15.0,3.75,
7142,238,2023-11-24,13:15:00,14:23:00,7,15.0,1.5,
7143,120,2023-11-24,10:45:00,11:47:00,5,15.0,1.5,
7144,48,2023-11-24,13:45:00,15:29:00,14,15.0,3.75,
7145,219,2023-11-24,12:45:00,14:02:00,5,15.0,3.75,
7146,10,2023-11-24,09:00:00,11:22:00,2,15.0,1.5,
7147,194,2023-11-24,10:45:00,12:10:00,4,15.0,1.5,
7148,103,2023-11-24,12:15:00,13:53:00,11,15.0,1.5,
7149,224,2023-11-25,13:45:00,14:35:00,14,15.0,3.75,
7150,237,2023-11-25,11:00:00,12:08:00,1,15.0,3.75,
7151,3,2023-11-25,16:30:00,17:55:00,7,15.0,3.75,
7152,135,2023-11-25,12:00:00,12:46:00,2,15.0,3.75,
7153,66,2023-11-25,12:30:00,13:43:00,3,18.0,0.0,
7154,53,2023-11-25,10:45:00,11:48:00,4,15.0,1.5,
7155,8,2023-11-25,11:15:00,12:28:00,14,15.0,1.5,
7156,228,2023-11-25,14:15:00,15:12:00,3,15.0,1.5,
7157,27,2023-11-25,10:45:00,12:55:00,7,15.0,6.0,
7158,51,2023-11-25,15:15:00,17:23:00,11,15.0,1.5,
7159,193,2023-11-25,13:45:00,15:46:00,7,15.0,1.5,
7160,48,2023-11-25,09:45:00,12:00:00,12,15.0,3.75,
7161,162,2023-11-25,15:45:00,17:58:00,2,15.0,3.75,
7162,143,2023-11-25,15:15:00,16:22:00,3,15.0,3.75,
7163,232,2023-11-25,09:45:00,10:34:00,6,15.0,3.75,
7164,237,2023-11-25,11:45:00,12:33:00,7,15.0,3.75,
7165,235,2023-11-25,14:00:00,14:52:00,6,18.0,0.0,
7166,162,2023-11-25,12:45:00,14:38:00,5,15.0,3.75,
7167,2,2023-11-25,13:45:00,15:19:00,3,15.0,6.0,
7168,98,2023-11-25,16:45:00,19:13:00,1,15.0,3.75,
7169,24,2023-11-25,11:30:00,12:38:00,12,15.0,3.75,
7170,221,2023-11-25,14:15:00,16:30:00,2,18.0,0.0,
7171,48,2023-11-25,12:45:00,14:56:00,13,15.0,3.75,
7172,73,2023-11-25,09:30:00,11:16:00,10,15.0,3.75,
7173,5,2023-11-25,15:00:00,17:23:00,2,15.0,3.75,
7174,8,2023-11-25,14:30:00,15:45:00,11,15.0,1.5,
7175,73,2023-11-25,15:00:00,17:02:00,7,15.0,3.75,
7176,113,2023-11-25,16:45:00,18:42:00,3,18.0,0.0,
7177,186,2023-11-25,10:45:00,12:50:00,7,15.0,1.5,
7178,219,2023-11-25,09:30:00,11:19:00,4,15.0,3.75,
7179,74,2023-11-25,14:00:00,16:10:00,14,15.0,3.75,
7180,1,2023-11-25,12:15:00,13:38:00,14,15.0,6.0,
7181,10,2023-11-25,12:30:00,14:50:00,11,15.0,1.5,
7182,199,2023-11-25,09:30:00,11:10:00,6,15.0,1.5,
7183,134,2023-11-25,15:45:00,16:45:00,5,15.0,1.5,
7184,44,2023-11-26,12:45:00,15:08:00,1,15.0,1.5,
7185,197,2023-11-26,13:00:00,13:49:00,4,15.0,1.5,
7186,244,2023-11-26,09:30:00,11:57:00,5,18.0,0.0,
7187,132,2023-11-26,10:30:00,11:44:00,10,18.0,0.0,
7188,217,2023-11-26,16:00:00,18:17:00,6,15.0,1.5,
7189,219,2023-11-26,09:45:00,10:46:00,14,15.0,3.75,
7190,75,2023-11-26,11:45:00,12:55:00,7,15.0,1.5,
7191,125,2023-11-26,15:30:00,16:29:00,4,18.0,0.0,
7192,4,2023-11-26,16:30:00,17:42:00,11,15.0,3.75,
7193,38,2023-11-26,12:45:00,14:14:00,13,15.0,1.5,
7194,75,2023-11-26,16:30:00,18:38:00,13,15.0,1.5,
7195,207,2023-11-26,09:00:00,10:19:00,11,15.0,6.0,
7196,3,2023-11-26,12:15:00,14:20:00,10,15.0,3.75,
7197,107,2023-11-26,09:00:00,10:12:00,3,15.0,3.75,
7198,35,2023-11-26,14:15:00,15:58:00,14,18.0,0.0,
7199,27,2023-11-26,15:30:00,17:54:00,4,15.0,6.0,
7200,31,2023-11-26,16:00:00,17:13:00,10,15.0,1.5,
7201,75,2023-11-26,14:15:00,16:02:00,2,15.0,1.5,
7202,21,2023-11-26,11:15:00,13:19:00,5,15.0,1.5,
7203,106,2023-11-26,12:45:00,13:41:00,3,15.0,1.5,
7204,101,2023-11-26,13:00:00,14:31:00,1,18.0,0.0,
7205,7,2023-11-26,13:45:00,14:54:00,2,15.0,1.5,
7206,61,2023-11-26,16:30:00,18:54:00,10,15.0,3.75,
7207,185,2023-11-27,16:15:00,17:03:00,4,18.0,0.0,
7208,53,2023-11-27,10:15:00,11:20:00,2,15.0,1.5,
7209,201,2023-11-27,14:30:00,15:41:00,11,15.0,1.5,
7210,228,2023-11-27,16:45:00,17:34:00,10,15.0,1.5,
7211,203,2023-11-27,09:45:00,11:18:00,4,15.0,3.75,
7212,4,2023-11-27,12:45:00,13:37:00,1,15.0,3.75,
7213,118,2023-11-27,12:45:00,14:04:00,14,15.0,3.75,
7214,240,2023-11-27,15:00:00,17:09:00,5,15.0,6.0,
7215,107,2023-11-27,10:00:00,11:17:00,10,15.0,3.75,
7216,59,2023-11-27,14:45:00,16:47:00,10,15.0,1.5,
7217,38,2023-11-27,10:00:00,11:27:00,6,15.0,1.5,
7218,10,2023-11-27,14:15:00,16:30:00,3,15.0,1.5,
7219,179,2023-11-27,09:30:00,11:30:00,14,15.0,3.75,
7220,119,2023-11-27,10:15:00,12:17:00,12,15.0,1.5,
7221,59,2023-11-27,10:30:00,12:22:00,11,15.0,1.5,
7222,28,2023-11-27,12:00:00,13:02:00,14,15.0,1.5,
7223,185,2023-11-27,16:00:00,16:48:00,14,18.0,0.0,
7224,46,2023-11-27,09:30:00,11:29:00,7,18.0,0.0,
7225,8,2023-11-28,13:15:00,15:39:00,13,15.0,1.5,
7226,114,2023-11-28,11:30:00,12:45:00,11,15.0,1.5,
7227,218,2023-11-28,13:15:00,14:22:00,6,15.0,1.5,
7228,93,2023-11-28,13:30:00,14:59:00,12,15.0,1.5,
7229,5,2023-11-28,13:15:00,14:16:00,5,15.0,3.75,
7230,52,2023-11-28,13:15:00,14:53:00,11,15.0,1.5,
7231,73,2023-11-28,09:45:00,12:06:00,4,15.0,3.75,
7232,157,2023-11-28,11:30:00,12:59:00,10,18.0,0.0,
7233,202,2023-11-28,10:30:00,11:54:00,13,18.0,0.0,
7234,25,2023-11-28,10:45:00,13:01:00,14,15.0,1.5,
7235,170,2023-11-28,16:15:00,17:14:00,2,15.0,1.5,
7236,27,2023-11-28,16:15:00,18:13:00,7,15.0,6.0,
7237,189,2023-11-28,12:00:00,13:01:00,3,15.0,3.75,
7238,69,2023-11-28,13:15:00,14:01:00,2,15.0,3.75,
7239,48,2023-11-28,13:30:00,14:44:00,3,15.0,3.75,
7240,106,2023-11-28,15:30:00,16:30:00,14,15.0,1.5,
7241,126,2023-11-28,15:00:00,16:02:00,3,15.0,1.5,
7242,228,2023-11-28,13:45:00,14:30:00,1,15.0,1.5,
7243,176,2023-11-29,16:30:00,18:03:00,4,18.0,0.0,
7244,186,2023-11-29,09:30:00,10:35:00,13,15.0,1.5,
7245,193,2023-11-29,11:30:00,13:23:00,3,15.0,1.5,
7246,5,2023-11-29,14:30:00,16:18:00,5,15.0,3.75,
7247,2,2023-11-29,16:45:00,18:52:00,2,15.0,6.0,
7248,179,2023-11-29,14:45:00,16:25:00,6,15.0,3.75,
7249,106,2023-11-29,11:30:00,13:11:00,13,15.0,1.5,
7250,165,2023-11-29,14:45:00,16:02:00,1,15.0,6.0,
7251,158,2023-11-29,14:15:00,15:54:00,1,15.0,3.75,
7252,194,2023-11-29,12:00:00,14:05:00,4,15.0,1.5,
7253,170,2023-11-29,14:30:00,15:57:00,10,15.0,1.5,
7254,242,2023-11-29,15:00:00,16:04:00,7,15.0,3.75,
7255,207,2023-11-29,10:00:00,12:19:00,3,15.0,6.0,
7256,69,2023-11-29,14:00:00,15:47:00,1,15.0,3.75,
7257,74,2023-11-29,09:00:00,09:49:00,13,15.0,3.75,
7258,77,2023-11-29,14:15:00,15:40:00,7,15.0,1.5,
7259,189,2023-11-29,14:00:00,16:11:00,2,15.0,3.75,
7260,227,2023-11-29,13:30:00,15:18:00,3,18.0,0.0,
7261,232,2023-11-29,14:00:00,16:26:00,3,15.0,3.75,
7262,236,2023-11-29,09:00:00,10:34:00,12,15.0,1.5,
7263,228,2023-11-29,09:45:00,11:47:00,12,15.0,1.5,
7264,237,2023-11-30,10:30:00,12:53:00,5,15.0,3.75,
7265,6,2023-11-30,10:45:00,12:40:00,6,15.0,1.5,
7266,82,2023-11-30,12:45:00,14:02:00,7,15.0,1.5,
7267,2,2023-11-30,14:45:00,15:30:00,3,15.0,6.0,
7268,160,2023-11-30,14:45:00,16:04:00,11,15.0,3.75,
7269,104,2023-11-30,09:45:00,11:28:00,12,18.0,0.0,
7270,74,2023-11-30,13:45:00,15:14:00,1,15.0,3.75,
7271,38,2023-11-30,09:15:00,10:05:00,1,15.0,1.5,
7272,218,2023-11-30,14:15:00,16:40:00,5,15.0,1.5,
7273,134,2023-11-30,09:00:00,10:05:00,1,15.0,1.5,
7274,1,2023-11-30,10:00:00,12:06:00,12,15.0,6.0,
7275,233,2023-11-30,11:30:00,12:16:00,12,15.0,3.75,
7276,76,2023-11-30,12:30:00,14:03:00,11,15.0,3.75,
7277,179,2023-11-30,10:45:00,12:31:00,12,15.0,3.75,
7278,5,2023-11-30,13:00:00,15:09:00,1,15.0,3.75,
7279,217,2023-12-01,16:30:00,18:18:00,11,15.0,1.5,
7280,91,2023-12-01,14:15:00,15:52:00,10,15.0,3.75,
7281,103,2023-12-01,09:00:00,11:29:00,1,15.0,1.5,
7282,191,2023-12-01,10:30:00,12:56:00,5,18.0,0.0,
7283,207,2023-12-01,15:30:00,16:48:00,3,15.0,6.0,
7284,240,2023-12-01,15:30:00,17:57:00,3,15.0,6.0,
7285,15,2023-12-01,09:00:00,10:21:00,14,18.0,0.0,
7286,186,2023-12-01,09:30:00,10:57:00,11,15.0,1.5,
7287,1,2023-12-01,12:00:00,13:36:00,1,15.0,6.0,
7288,26,2023-12-01,10:30:00,11:37:00,14,18.0,0.0,
7289,56,2023-12-01,15:30:00,17:20:00,3,15.0,3.75,
7290,143,2023-12-01,14:00:00,15:08:00,1,15.0,3.75,
7291,114,2023-12-01,11:15:00,13:10:00,11,15.0,1.5,
7292,189,2023-12-01,14:15:00,15:42:00,13,15.0,3.75,
7293,119,2023-12-01,12:45:00,14:11:00,5,15.0,1.5,
7294,172,2023-12-01,15:45:00,17:01:00,1,15.0,1.5,
7295,189,2023-12-01,13:00:00,14:51:00,3,15.0,3.75,
7296,5,2023-12-01,15:00:00,16:48:00,10,15.0,3.75,
7297,218,2023-12-01,16:15:00,17:39:00,12,15.0,1.5,
7298,128,2023-12-01,13:00:00,14:44:00,12,15.0,1.5,
7299,240,2023-12-01,12:15:00,14:26:00,13,15.0,6.0,
7300,71,2023-12-01,10:00:00,11:26:00,4,15.0,1.5,
7301,97,2023-12-02,10:15:00,11:18:00,11,15.0,1.5,
7302,201,2023-12-02,16:45:00,19:03:00,1,15.0,1.5,
7303,240,2023-12-02,12:00:00,12:55:00,11,15.0,6.0,
7304,164,2023-12-02,13:30:00,15:38:00,14,15.0,1.5,
7305,154,2023-12-02,15:30:00,16:38:00,13,18.0,0.0,
7306,236,2023-12-02,13:00:00,13:52:00,7,15.0,1.5,
7307,203,2023-12-02,12:00:00,13:48:00,7,15.0,3.75,
7308,106,2023-12-02,09:00:00,09:50:00,11,15.0,1.5,
7309,44,2023-12-02,11:15:00,13:00:00,11,15.0,1.5,
7310,217,2023-12-02,12:15:00,13:39:00,12,15.0,1.5,
7311,120,2023-12-02,09:00:00,09:52:00,4,15.0,1.5,
7312,240,2023-12-02,13:45:00,15:23:00,2,15.0,6.0,
7313,92,2023-12-02,13:00:00,14:32:00,14,18.0,0.0,
7314,2,2023-12-02,13:30:00,15:28:00,7,15.0,6.0,
7315,244,2023-12-02,15:00:00,17:29:00,4,18.0,0.0,
7316,93,2023-12-02,14:00:00,15:23:00,4,15.0,1.5,
7317,189,2023-12-02,15:45:00,18:06:00,1,15.0,3.75,
7318,149,2023-12-02,13:00:00,14:51:00,4,15.0,1.5,
7319,5,2023-12-02,10:00:00,12:19:00,6,15.0,3.75,
7320,74,2023-12-02,16:45:00,18:11:00,10,15.0,3.75,
7321,69,2023-12-02,14:15:00,15:20:00,4,15.0,3.75,
7322,108,2023-12-02,09:30:00,10:16:00,7,15.0,1.5,
7323,6,2023-12-02,16:15:00,17:43:00,10,15.0,1.5,
7324,25,2023-12-02,14:00:00,15:11:00,12,15.0,1.5,
7325,63,2023-12-02,10:30:00,12:31:00,11,15.0,1.5,
7326,179,2023-12-02,14:15:00,15:15:00,12,15.0,3.75,
7327,104,2023-12-02,09:00:00,11:14:00,11,18.0,0.0,
7328,56,2023-12-02,13:15:00,15:39:00,14,15.0,3.75,
7329,148,2023-12-02,13:30:00,15:30:00,1,15.0,1.5,
7330,126,2023-12-02,15:30:00,17:01:00,12,15.0,1.5,
7331,1,2023-12-03,16:15:00,18:05:00,11,15.0,6.0,
7332,232,2023-12-03,15:15:00,17:33:00,2,15.0,3.75,
7333,26,2023-12-03,10:30:00,11:20:00,2,18.0,0.0,
7334,47,2023-12-03,09:00:00,10:48:00,7,15.0,1.5,
7335,135,2023-12-03,15:30:00,16:44:00,13,15.0,3.75,
7336,221,2023-12-03,10:45:00,11:30:00,7,18.0,0.0,
7337,5,2023-12-03,11:45:00,13:11:00,5,15.0,3.75,
7338,224,2023-12-03,09:15:00,11:43:00,3,15.0,3.75,
7339,74,2023-12-03,12:30:00,13:42:00,14,15.0,3.75,
7340,165,2023-12-03,09:45:00,11:48:00,7,15.0,6.0,
7341,83,2023-12-03,09:30:00,11:59:00,11,15.0,1.5,
7342,53,2023-12-03,09:15:00,10:08:00,13,15.0,1.5,
7343,29,2023-12-03,09:45:00,11:07:00,12,18.0,0.0,
7344,184,2023-12-03,09:15:00,11:41:00,1,18.0,0.0,
7345,236,2023-12-03,11:15:00,13:19:00,6,15.0,1.5,
7346,47,2023-12-03,11:15:00,13:38:00,10,15.0,1.5,
7347,197,2023-12-03,13:30:00,15:18:00,12,15.0,1.5,
7348,189,2023-12-03,10:00:00,11:41:00,14,15.0,3.75,
7349,238,2023-12-03,11:15:00,12:02:00,13,15.0,1.5,
7350,11,2023-12-03,15:30:00,16:47:00,2,18.0,0.0,
7351,93,2023-12-04,14:30:00,16:37:00,5,15.0,1.5,
7352,8,2023-12-04,16:45:00,18:17:00,12,15.0,1.5,
7353,153,2023-12-04,11:15:00,13:22:00,2,18.0,0.0,
7354,248,2023-12-04,14:30:00,16:47:00,14,18.0,0.0,
7355,101,2023-12-04,16:45:00,19:04:00,13,18.0,0.0,
7356,35,2023-12-04,13:30:00,15:19:00,14,18.0,0.0,
7357,186,2023-12-04,10:45:00,11:36:00,12,15.0,1.5,
7358,237,2023-12-04,16:45:00,18:27:00,3,15.0,3.75,
7359,42,2023-12-04,09:15:00,11:30:00,7,15.0,1.5,
7360,2,2023-12-04,09:45:00,11:54:00,1,15.0,6.0,
7361,46,2023-12-04,10:45:00,11:56:00,4,18.0,0.0,
7362,200,2023-12-04,14:15:00,15:01:00,14,18.0,0.0,
7363,101,2023-12-04,11:15:00,12:27:00,14,18.0,0.0,
7364,236,2023-12-04,16:30:00,17:20:00,12,15.0,1.5,
7365,28,2023-12-04,14:00:00,16:14:00,14,15.0,1.5,
7366,68,2023-12-05,14:00:00,16:14:00,11,18.0,0.0,
7367,73,2023-12-05,11:45:00,12:57:00,6,15.0,3.75,
7368,137,2023-12-05,14:15:00,15:07:00,3,18.0,0.0,
7369,152,2023-12-05,13:00:00,14:14:00,7,15.0,3.75,
7370,165,2023-12-05,12:00:00,13:33:00,2,15.0,6.0,
7371,38,2023-12-05,15:45:00,17:46:00,13,15.0,1.5,
7372,98,2023-12-05,15:30:00,17:56:00,14,15.0,3.75,
7373,36,2023-12-05,14:00:00,15:41:00,13,15.0,3.75,
7374,73,2023-12-05,16:30:00,18:38:00,7,15.0,3.75,
7375,56,2023-12-05,13:00:00,14:27:00,12,15.0,3.75,
7376,174,2023-12-05,11:15:00,12:56:00,6,15.0,1.5,
7377,165,2023-12-05,09:15:00,11:05:00,6,15.0,6.0,
7378,168,2023-12-05,09:45:00,11:43:00,2,18.0,0.0,
7379,30,2023-12-06,16:45:00,18:02:00,1,18.0,0.0,
7380,218,2023-12-06,12:00:00,14:25:00,12,15.0,1.5,
7381,185,2023-12-06,16:30:00,17:22:00,5,18.0,0.0,
7382,245,2023-12-06,10:15:00,12:35:00,6,18.0,0.0,
7383,39,2023-12-06,13:30:00,14:21:00,4,15.0,1.5,
7384,71,2023-12-06,10:15:00,11:36:00,1,15.0,1.5,
7385,36,2023-12-06,15:00:00,15:56:00,3,15.0,3.75,
7386,3,2023-12-06,12:15:00,13:16:00,13,15.0,3.75,
7387,193,2023-12-06,13:15:00,14:23:00,5,15.0,1.5,
7388,92,2023-12-06,11:15:00,12:28:00,5,18.0,0.0,
7389,15,2023-12-06,14:30:00,15:38:00,11,18.0,0.0,
7390,73,2023-12-06,11:45:00,12:37:00,6,15.0,3.75,
7391,238,2023-12-06,09:00:00,11:19:00,11,15.0,1.5,
7392,27,2023-12-06,12:15:00,14:24:00,12,15.0,6.0,
7393,99,2023-12-06,09:45:00,11:09:00,4,18.0,0.0,
7394,100,2023-12-06,10:15:00,12:34:00,7,15.0,1.5,
7395,48,2023-12-06,15:30:00,16:39:00,14,15.0,3.75,
7396,38,2023-12-06,10:30:00,12:33:00,2,15.0,1.5,
7397,154,2023-12-06,13:30:00,15:25:00,10,18.0,0.0,
7398,27,2023-12-06,11:45:00,13:38:00,6,15.0,6.0,
7399,98,2023-12-06,15:30:00,17:26:00,1,15.0,3.75,
7400,92,2023-12-06,15:45:00,17:36:00,10,18.0,0.0,
7401,4,2023-12-06,15:00:00,15:52:00,14,15.0,3.75,
7402,51,2023-12-06,09:15:00,11:13:00,1,15.0,1.5,
7403,3,2023-12-07,14:45:00,16:57:00,12,15.0,3.75,
7404,107,2023-12-07,16:00:00,17:05:00,14,15.0,3.75,
7405,224,2023-12-07,16:15:00,18:12:00,1,15.0,3.75,
7406,219,2023-12-07,11:45:00,13:32:00,10,15.0,3.75,
7407,44,2023-12-07,11:30:00,12:38:00,3,15.0,1.5,
7408,248,2023-12-07,10:00:00,11:58:00,7,18.0,0.0,
7409,217,2023-12-07,15:45:00,16:50:00,11,15.0,1.5,
7410,135,2023-12-07,12:15:00,13:19:00,4,15.0,3.75,
7411,232,2023-12-07,15:45:00,17:03:00,11,15.0,3.75,
7412,93,2023-12-07,11:30:00,12:30:00,2,15.0,1.5,
7413,158,2023-12-07,12:30:00,14:13:00,12,15.0,3.75,
7414,112,2023-12-07,13:00:00,14:09:00,4,15.0,1.5,
7415,218,2023-12-07,09:45:00,11:49:00,13,15.0,1.5,
7416,177,2023-12-07,13:15:00,15:01:00,13,18.0,0.0,
7417,91,2023-12-07,12:45:00,14:05:00,2,15.0,3.75,
7418,228,2023-12-07,13:30:00,15:36:00,2,15.0,1.5,
7419,103,2023-12-07,15:15:00,16:21:00,14,15.0,1.5,
7420,78,2023-12-07,12:15:00,13:51:00,11,18.0,0.0,
7421,68,2023-12-07,15:30:00,16:51:00,7,18.0,0.0,
7422,47,2023-12-07,10:45:00,12:11:00,1,15.0,1.5,
7423,110,2023-12-07,11:15:00,13:25:00,11,15.0,3.75,
7424,60,2023-12-07,09:15:00,10:28:00,4,18.0,0.0,
7425,56,2023-12-07,16:45:00,17:46:00,4,15.0,3.75,
7426,121,2023-12-07,11:45:00,13:22:00,5,15.0,1.5,
7427,97,2023-12-07,12:15:00,13:59:00,2,15.0,1.5,
7428,165,2023-12-07,10:45:00,12:10:00,1,15.0,6.0,
7429,242,2023-12-07,14:15:00,16:08:00,10,15.0,3.75,
7430,193,2023-12-07,12:00:00,14:26:00,7,15.0,1.5,
7431,126,2023-12-07,16:00:00,17:55:00,10,15.0,1.5,
7432,223,2023-12-08,16:15:00,17:15:00,6,15.0,1.5,
7433,223,2023-12-08,11:45:00,14:05:00,11,15.0,1.5,
7434,56,2023-12-08,16:00:00,16:45:00,5,15.0,3.75,
7435,7,2023-12-08,09:30:00,11:09:00,10,15.0,1.5,
7436,27,2023-12-08,10:15:00,11:16:00,2,15.0,6.0,
7437,72,2023-12-08,12:45:00,13:36:00,1,18.0,0.0,
7438,165,2023-12-08,10:30:00,12:34:00,2,15.0,6.0,
7439,197,2023-12-08,14:00:00,15:51:00,11,15.0,1.5,
7440,172,2023-12-08,16:45:00,18:43:00,7,15.0,1.5,
7441,223,2023-12-08,09:15:00,11:27:00,1,15.0,1.5,
7442,213,2023-12-08,09:15:00,11:39:00,13,15.0,1.5,
7443,103,2023-12-08,14:15:00,15:43:00,12,15.0,1.5,
7444,244,2023-12-08,16:45:00,18:55:00,7,18.0,0.0,
7445,73,2023-12-08,09:30:00,11:45:00,12,15.0,3.75,
7446,197,2023-12-08,12:00:00,14:19:00,12,15.0,1.5,
7447,189,2023-12-08,11:15:00,12:29:00,13,15.0,3.75,
7448,1,2023-12-08,10:00:00,10:45:00,1,15.0,6.0,
7449,4,2023-12-08,10:45:00,13:05:00,10,15.0,3.75,
7450,44,2023-12-08,12:30:00,14:03:00,6,15.0,1.5,
7451,103,2023-12-08,15:30:00,16:45:00,10,15.0,1.5,
7452,204,2023-12-08,15:15:00,17:25:00,3,18.0,0.0,
7453,38,2023-12-08,12:00:00,14:22:00,7,15.0,1.5,
7454,189,2023-12-08,11:30:00,12:21:00,13,15.0,3.75,
7455,25,2023-12-08,12:00:00,13:08:00,5,15.0,1.5,
7456,131,2023-12-09,13:00:00,15:28:00,10,18.0,0.0,
7457,197,2023-12-09,10:15:00,11:22:00,11,15.0,1.5,
7458,240,2023-12-09,13:15:00,14:26:00,10,15.0,6.0,
7459,23,2023-12-09,16:00:00,17:19:00,5,15.0,6.0,
7460,61,2023-12-09,16:00:00,18:30:00,7,15.0,3.75,
7461,195,2023-12-09,11:15:00,12:29:00,11,15.0,3.75,
7462,112,2023-12-09,10:00:00,10:46:00,4,15.0,1.5,
7463,237,2023-12-09,11:00:00,13:14:00,1,15.0,3.75,
7464,112,2023-12-09,13:00:00,14:49:00,1,15.0,1.5,
7465,198,2023-12-09,10:45:00,12:13:00,14,15.0,3.75,
7466,116,2023-12-09,13:30:00,15:16:00,2,18.0,0.0,
7467,152,2023-12-09,14:00:00,15:55:00,14,15.0,3.75,
7468,71,2023-12-09,11:30:00,12:18:00,4,15.0,1.5,
7469,56,2023-12-09,12:45:00,13:37:00,7,15.0,3.75,
7470,143,2023-12-09,14:00:00,16:23:00,4,15.0,3.75,
7471,5,2023-12-09,10:30:00,12:35:00,14,15.0,3.75,
7472,1,2023-12-09,15:30:00,16:52:00,13,15.0,6.0,
7473,48,2023-12-09,14:00:00,16:23:00,4,15.0,3.75,
7474,44,2023-12-09,14:45:00,16:43:00,5,15.0,1.5,
7475,242,2023-12-09,11:45:00,13:20:00,4,15.0,3.75,
7476,135,2023-12-09,11:15:00,12:29:00,14,15.0,3.75,
7477,196,2023-12-09,14:00:00,16:17:00,5,15.0,1.5,
7478,64,2023-12-09,12:15:00,13:33:00,4,15.0,1.5,
7479,67,2023-12-09,15:15:00,16:33:00,7,15.0,3.75,
7480,47,2023-12-09,15:45:00,17:56:00,11,15.0,1.5,
7481,224,2023-12-09,09:30:00,11:10:00,5,15.0,3.75,
7482,61,2023-12-09,15:45:00,16:57:00,13,15.0,3.75,
7483,164,2023-12-09,15:15:00,16:45:00,10,15.0,1.5,
7484,166,2023-12-09,11:15:00,12:04:00,5,18.0,0.0,
7485,93,2023-12-09,13:45:00,16:14:00,2,15.0,1.5,
7486,186,2023-12-09,15:15:00,17:28:00,10,15.0,1.5,
7487,177,2023-12-09,16:15:00,18:00:00,7,18.0,0.0,
7488,236,2023-12-09,16:15:00,17:08:00,7,15.0,1.5,
7489,161,2023-12-09,13:15:00,15:20:00,14,18.0,0.0,
7490,224,2023-12-09,14:30:00,16:44:00,12,15.0,3.75,
7491,48,2023-12-09,15:00:00,16:34:00,12,15.0,3.75,
7492,228,2023-12-09,15:00:00,15:59:00,6,15.0,1.5,
7493,110,2023-12-09,16:00:00,18:22:00,10,15.0,3.75,
7494,35,2023-12-09,10:00:00,11:14:00,13,18.0,0.0,
7495,71,2023-12-09,16:15:00,17:59:00,13,15.0,1.5,
7496,138,2023-12-09,11:30:00,13:27:00,1,18.0,0.0,
7497,110,2023-12-09,09:30:00,11:10:00,12,15.0,3.75,
7498,1,2023-12-09,14:15:00,15:21:00,1,15.0,6.0,
7499,135,2023-12-09,13:15:00,14:34:00,6,15.0,3.75,
7500,48,2023-12-10,15:45:00,16:42:00,13,15.0,3.75,
7501,3,2023-12-10,09:30:00,10:44:00,14,15.0,3.75,
7502,74,2023-12-10,10:00:00,11:09:00,14,15.0,3.75,
7503,213,2023-12-10,11:45:00,13:34:00,12,15.0,1.5,
7504,112,2023-12-10,14:00:00,15:41:00,7,15.0,1.5,
7505,160,2023-12-10,11:00:00,13:01:00,13,15.0,3.75,
7506,103,2023-12-10,14:15:00,16:45:00,5,15.0,1.5,
7507,25,2023-12-10,11:15:00,12:24:00,11,15.0,1.5,
7508,73,2023-12-10,15:15:00,16:14:00,10,15.0,3.75,
7509,73,2023-12-10,12:00:00,13:03:00,3,15.0,3.75,
7510,135,2023-12-10,09:15:00,10:55:00,4,15.0,3.75,
7511,63,2023-12-10,14:00:00,15:20:00,6,15.0,1.5,
7512,25,2023-12-10,09:15:00,11:08:00,5,15.0,1.5,
7513,100,2023-12-10,10:15:00,12:34:00,4,15.0,1.5,
7514,3,2023-12-10,14:45:00,16:25:00,5,15.0,3.75,
7515,3,2023-12-10,16:15:00,18:01:00,11,15.0,3.75,
7516,36,2023-12-10,11:30:00,13:35:00,1,15.0,3.75,
7517,199,2023-12-10,11:30:00,13:20:00,13,15.0,1.5,
7518,236,2023-12-10,10:45:00,13:02:00,11,15.0,1.5,
7519,119,2023-12-10,09:15:00,11:43:00,3,15.0,1.5,
7520,8,2023-12-10,15:15:00,16:28:00,7,15.0,1.5,
7521,12,2023-12-10,10:00:00,11:00:00,14,18.0,0.0,
7522,152,2023-12-10,10:45:00,13:09:00,13,15.0,3.75,
7523,172,2023-12-10,09:45:00,11:06:00,5,15.0,1.5,
7524,189,2023-12-11,10:45:00,12:35:00,5,15.0,3.75,
7525,37,2023-12-11,15:00:00,16:30:00,4,18.0,0.0,
7526,160,2023-12-11,15:15:00,16:19:00,3,15.0,3.75,
7527,158,2023-12-11,14:30:00,15:39:00,6,15.0,3.75,
7528,228,2023-12-11,14:15:00,15:06:00,7,15.0,1.5,
7529,121,2023-12-11,09:45:00,11:25:00,1,15.0,1.5,
7530,193,2023-12-11,09:00:00,10:51:00,10,15.0,1.5,
7531,117,2023-12-11,16:15:00,18:41:00,4,18.0,0.0,
7532,170,2023-12-11,11:00:00,11:57:00,3,15.0,1.5,
7533,1,2023-12-11,13:30:00,15:49:00,2,15.0,6.0,
7534,56,2023-12-11,16:45:00,19:13:00,6,15.0,3.75,
7535,23,2023-12-11,15:45:00,17:46:00,10,15.0,6.0,
7536,48,2023-12-11,15:45:00,17:22:00,10,15.0,3.75,
7537,61,2023-12-11,11:15:00,12:31:00,11,15.0,3.75,
7538,72,2023-12-11,13:15:00,14:56:00,14,18.0,0.0,
7539,61,2023-12-11,09:30:00,10:25:00,1,15.0,3.75,
7540,4,2023-12-11,11:00:00,13:22:00,4,15.0,3.75,
7541,162,2023-12-11,14:30:00,16:31:00,13,15.0,3.75,
7542,152,2023-12-12,13:15:00,14:23:00,6,15.0,3.75,
7543,33,2023-12-12,09:45:00,11:08:00,10,15.0,3.75,
7544,110,2023-12-12,13:00:00,15:07:00,5,15.0,3.75,
7545,27,2023-12-12,13:15:00,14:50:00,5,15.0,6.0,
7546,163,2023-12-12,16:30:00,18:08:00,13,18.0,0.0,
7547,189,2023-12-12,10:15:00,12:40:00,10,15.0,3.75,
7548,107,2023-12-12,14:30:00,16:47:00,10,15.0,3.75,
7549,207,2023-12-12,09:00:00,09:55:00,5,15.0,6.0,
7550,1,2023-12-12,12:15:00,13:25:00,6,15.0,6.0,
7551,196,2023-12-12,16:30:00,17:16:00,4,15.0,1.5,
7552,240,2023-12-12,09:15:00,11:32:00,14,15.0,6.0,
7553,135,2023-12-12,10:15:00,12:15:00,6,15.0,3.75,
7554,232,2023-12-12,14:45:00,16:42:00,7,15.0,3.75,
7555,131,2023-12-12,11:00:00,12:17:00,6,18.0,0.0,
7556,143,2023-12-12,09:30:00,10:38:00,1,15.0,3.75,
7557,1,2023-12-12,12:45:00,14:40:00,12,15.0,6.0,
7558,236,2023-12-12,12:15:00,14:30:00,7,15.0,1.5,
7559,237,2023-12-12,11:30:00,12:27:00,10,15.0,3.75,
7560,217,2023-12-12,11:00:00,11:50:00,1,15.0,1.5,
7561,69,2023-12-13,11:15:00,12:21:00,2,15.0,3.75,
7562,223,2023-12-13,13:30:00,15:34:00,10,15.0,1.5,
7563,193,2023-12-13,10:45:00,12:58:00,3,15.0,1.5,
7564,67,2023-12-13,09:45:00,11:39:00,5,15.0,3.75,
7565,9,2023-12-13,11:45:00,13:57:00,5,15.0,1.5,
7566,73,2023-12-13,12:30:00,14:21:00,10,15.0,3.75,
7567,4,2023-12-13,15:45:00,16:52:00,4,15.0,3.75,
7568,4,2023-12-13,09:00:00,10:17:00,1,15.0,3.75,
7569,174,2023-12-13,09:45:00,11:20:00,11,15.0,1.5,
7570,56,2023-12-13,10:45:00,11:49:00,5,15.0,3.75,
7571,2,2023-12-13,15:45:00,17:10:00,5,15.0,6.0,
7572,105,2023-12-13,09:45:00,10:51:00,14,18.0,0.0,
7573,189,2023-12-13,09:30:00,10:23:00,14,15.0,3.75,
7574,197,2023-12-13,09:30:00,10:24:00,14,15.0,1.5,
7575,100,2023-12-13,10:45:00,12:18:00,11,15.0,1.5,
7576,3,2023-12-13,15:45:00,17:29:00,4,15.0,3.75,
7577,126,2023-12-14,10:30:00,12:38:00,2,15.0,1.5,
7578,158,2023-12-14,15:15:00,16:07:00,4,15.0,3.75,
7579,64,2023-12-14,09:00:00,11:25:00,12,15.0,1.5,
7580,57,2023-12-14,15:00:00,16:50:00,5,15.0,1.5,
7581,34,2023-12-14,16:30:00,18:01:00,1,18.0,0.0,
7582,198,2023-12-14,12:45:00,15:03:00,13,15.0,3.75,
7583,189,2023-12-14,10:00:00,12:25:00,2,15.0,3.75,
7584,75,2023-12-14,15:00:00,15:53:00,14,15.0,1.5,
7585,232,2023-12-14,11:45:00,12:45:00,2,15.0,3.75,
7586,100,2023-12-14,13:30:00,15:56:00,13,15.0,1.5,
7587,233,2023-12-14,13:15:00,14:58:00,6,15.0,3.75,
7588,21,2023-12-14,11:00:00,12:35:00,4,15.0,1.5,
7589,3,2023-12-14,11:45:00,14:10:00,11,15.0,3.75,
7590,192,2023-12-14,14:30:00,16:19:00,6,18.0,0.0,
7591,240,2023-12-14,14:00:00,15:07:00,3,15.0,6.0,
7592,232,2023-12-14,12:45:00,14:11:00,4,15.0,3.75,
7593,35,2023-12-15,10:45:00,12:04:00,4,18.0,0.0,
7594,27,2023-12-15,09:30:00,11:26:00,5,15.0,6.0,
7595,135,2023-12-15,10:00:00,11:37:00,14,15.0,3.75,
7596,43,2023-12-15,14:15:00,16:15:00,7,15.0,3.75,
7597,172,2023-12-15,11:45:00,13:40:00,2,15.0,1.5,
7598,48,2023-12-15,13:15:00,15:27:00,6,15.0,3.75,
7599,187,2023-12-15,10:15:00,12:31:00,6,18.0,0.0,
7600,88,2023-12-15,13:45:00,15:15:00,6,18.0,0.0,
7601,2,2023-12-15,11:15:00,12:30:00,2,15.0,6.0,
7602,74,2023-12-15,11:15:00,13:22:00,7,15.0,3.75,
7603,159,2023-12-15,15:45:00,16:52:00,11,15.0,1.5,
7604,11,2023-12-15,16:45:00,17:58:00,2,18.0,0.0,
7605,1,2023-12-15,15:15:00,16:16:00,7,15.0,6.0,
7606,48,2023-12-15,14:30:00,16:33:00,14,15.0,3.75,
7607,93,2023-12-15,15:15:00,16:31:00,5,15.0,1.5,
7608,36,2023-12-15,11:30:00,12:57:00,4,15.0,3.75,
7609,74,2023-12-15,11:45:00,13:02:00,13,15.0,3.75,
7610,240,2023-12-15,12:30:00,13:55:00,10,15.0,6.0,
7611,103,2023-12-15,14:00:00,15:58:00,11,15.0,1.5,
7612,160,2023-12-15,12:15:00,14:13:00,3,15.0,3.75,
7613,23,2023-12-15,14:00:00,15:43:00,5,15.0,6.0,
7614,219,2023-12-16,10:15:00,11:43:00,6,15.0,3.75,
7615,110,2023-12-16,09:30:00,11:12:00,14,15.0,3.75,
7616,73,2023-12-16,16:15:00,17:55:00,4,15.0,3.75,
7617,94,2023-12-16,13:15:00,15:36:00,6,18.0,0.0,
7618,5,2023-12-16,14:45:00,16:03:00,3,15.0,3.75,
7619,119,2023-12-16,12:00:00,14:16:00,4,15.0,1.5,
7620,161,2023-12-16,10:30:00,12:08:00,4,18.0,0.0,
7621,203,2023-12-16,11:15:00,12:16:00,13,15.0,3.75,
7622,66,2023-12-16,12:00:00,13:27:00,4,18.0,0.0,
7623,82,2023-12-16,15:15:00,16:27:00,4,15.0,1.5,
7624,186,2023-12-16,14:45:00,16:17:00,3,15.0,1.5,
7625,35,2023-12-16,11:30:00,13:26:00,10,18.0,0.0,
7626,242,2023-12-16,13:45:00,15:57:00,11,15.0,3.75,
7627,106,2023-12-16,13:15:00,14:22:00,13,15.0,1.5,
7628,177,2023-12-16,14:15:00,15:39:00,14,18.0,0.0,
7629,232,2023-12-16,13:15:00,14:41:00,13,15.0,3.75,
7630,1,2023-12-16,16:15:00,17:26:00,5,15.0,6.0,
7631,232,2023-12-16,09:30:00,11:31:00,2,15.0,3.75,
7632,7,2023-12-16,10:30:00,12:35:00,14,15.0,1.5,
7633,166,2023-12-16,16:00:00,17:35:00,1,18.0,0.0,
7634,2,2023-12-16,13:00:00,14:31:00,3,15.0,6.0,
7635,1,2023-12-16,16:30:00,17:32:00,6,15.0,6.0,
7636,46,2023-12-16,14:45:00,16:24:00,11,18.0,0.0,
7637,168,2023-12-16,15:30:00,16:47:00,6,18.0,0.0,
7638,27,2023-12-16,11:30:00,12:36:00,2,15.0,6.0,
7639,233,2023-12-16,10:45:00,13:02:00,7,15.0,3.75,
7640,74,2023-12-16,13:15:00,15:45:00,10,15.0,3.75,
7641,64,2023-12-16,12:00:00,12:56:00,5,15.0,1.5,
7642,105,2023-12-16,12:45:00,13:57:00,7,18.0,0.0,
7643,119,2023-12-16,12:45:00,15:13:00,4,15.0,1.5,
7644,98,2023-12-16,12:15:00,14:34:00,1,15.0,3.75,
7645,233,2023-12-16,12:00:00,14:03:00,12,15.0,3.75,
7646,69,2023-12-16,12:30:00,13:22:00,14,15.0,3.75,
7647,165,2023-12-16,12:15:00,14:40:00,10,15.0,6.0,
7648,160,2023-12-16,16:15:00,17:52:00,2,15.0,3.75,
7649,71,2023-12-16,16:45:00,19:03:00,3,15.0,1.5,
7650,77,2023-12-16,11:15:00,12:27:00,12,15.0,1.5,
7651,47,2023-12-16,09:30:00,11:34:00,1,15.0,1.5,
7652,6,2023-12-16,16:30:00,18:38:00,14,15.0,1.5,
7653,1,2023-12-17,09:45:00,11:56:00,14,15.0,6.0,
7654,11,2023-12-17,15:00:00,15:52:00,1,18.0,0.0,
7655,27,2023-12-17,12:00:00,14:27:00,2,15.0,6.0,
7656,91,2023-12-17,16:30:00,18:27:00,5,15.0,3.75,
7657,1,2023-12-17,16:45:00,19:10:00,6,15.0,6.0,
7658,27,2023-12-17,14:15:00,16:32:00,4,15.0,6.0,
7659,108,2023-12-17,11:00:00,12:56:00,1,15.0,1.5,
7660,237,2023-12-17,11:30:00,12:28:00,12,15.0,3.75,
7661,24,2023-12-17,11:30:00,13:27:00,5,15.0,3.75,
7662,7,2023-12-17,10:00:00,12:22:00,4,15.0,1.5,
7663,110,2023-12-17,13:15:00,14:59:00,6,15.0,3.75,
7664,120,2023-12-17,14:00:00,15:55:00,10,15.0,1.5,
7665,160,2023-12-17,13:00:00,14:18:00,6,15.0,3.75,
7666,185,2023-12-17,12:15:00,14:40:00,11,18.0,0.0,
7667,171,2023-12-17,09:15:00,11:02:00,13,18.0,0.0,
7668,98,2023-12-17,16:00:00,16:45:00,7,15.0,3.75,
7669,159,2023-12-17,12:15:00,13:56:00,7,15.0,1.5,
7670,107,2023-12-17,16:30:00,18:56:00,5,15.0,3.75,
7671,36,2023-12-17,10:30:00,12:55:00,12,15.0,3.75,
7672,38,2023-12-17,09:15:00,11:00:00,11,15.0,1.5,
7673,223,2023-12-17,15:45:00,17:31:00,2,15.0,1.5,
7674,91,2023-12-17,13:30:00,15:40:00,4,15.0,3.75,
7675,107,2023-12-17,14:00:00,15:11:00,3,15.0,3.75,
7676,121,2023-12-17,11:00:00,12:41:00,13,15.0,1.5,
7677,165,2023-12-17,14:00:00,16:20:00,2,15.0,6.0,
7678,159,2023-12-17,15:00:00,15:45:00,1,15.0,1.5,
7679,196,2023-12-17,13:45:00,14:31:00,1,15.0,1.5,
7680,76,2023-12-18,16:15:00,17:56:00,13,15.0,3.75,
7681,125,2023-12-18,09:00:00,10:21:00,12,18.0,0.0,
7682,14,2023-12-18,15:00:00,16:32:00,14,18.0,0.0,
7683,98,2023-12-18,09:45:00,10:59:00,6,15.0,3.75,
7684,115,2023-12-18,13:45:00,16:01:00,5,18.0,0.0,
7685,47,2023-12-18,10:45:00,13:03:00,12,15.0,1.5,
7686,10,2023-12-18,13:15:00,15:23:00,4,15.0,1.5,
7687,105,2023-12-18,13:45:00,15:15:00,1,18.0,0.0,
7688,47,2023-12-18,12:45:00,14:36:00,4,15.0,1.5,
7689,69,2023-12-18,09:45:00,11:24:00,1,15.0,3.75,
7690,148,2023-12-18,09:00:00,11:29:00,2,15.0,1.5,
7691,27,2023-12-18,12:15:00,14:31:00,6,15.0,6.0,
7692,1,2023-12-18,16:30:00,17:21:00,13,15.0,6.0,
7693,135,2023-12-18,10:30:00,12:32:00,12,15.0,3.75,
7694,112,2023-12-18,10:30:00,12:03:00,11,15.0,1.5,
7695,56,2023-12-18,11:45:00,14:02:00,14,15.0,3.75,
7696,3,2023-12-18,12:45:00,14:36:00,13,15.0,3.75,
7697,1,2023-12-18,09:15:00,10:46:00,5,15.0,6.0,
7698,207,2023-12-18,10:30:00,11:53:00,2,15.0,6.0,
7699,83,2023-12-18,11:15:00,13:19:00,4,15.0,1.5,
7700,5,2023-12-19,15:00:00,17:12:00,7,15.0,3.75,
7701,100,2023-12-19,16:15:00,17:33:00,4,15.0,1.5,
7702,224,2023-12-19,11:45:00,13:25:00,6,15.0,3.75,
7703,179,2023-12-19,15:00:00,17:12:00,7,15.0,3.75,
7704,5,2023-12-19,12:15:00,13:04:00,12,15.0,3.75,
7705,23,2023-12-19,16:15:00,17:05:00,10,15.0,6.0,
7706,162,2023-12-19,11:00:00,13:03:00,2,15.0,3.75,
7707,37,2023-12-19,11:15:00,12:04:00,5,18.0,0.0,
7708,248,2023-12-19,15:30:00,17:41:00,1,18.0,0.0,
7709,163,2023-12-19,10:00:00,12:13:00,5,18.0,0.0,
7710,112,2023-12-19,15:30:00,16:46:00,14,15.0,1.5,
7711,217,2023-12-19,16:30:00,17:28:00,10,15.0,1.5,
7712,110,2023-12-19,12:00:00,12:53:00,13,15.0,3.75,
7713,91,2023-12-19,13:15:00,14:21:00,4,15.0,3.75,
7714,106,2023-12-19,10:00:00,12:11:00,12,15.0,1.5,
7715,240,2023-12-19,14:15:00,15:02:00,4,15.0,6.0,
7716,3,2023-12-19,11:30:00,13:32:00,10,15.0,3.75,
7717,112,2023-12-19,16:45:00,18:45:00,11,15.0,1.5,
7718,110,2023-12-19,16:00:00,17:07:00,14,15.0,3.75,
7719,162,2023-12-19,13:15:00,14:31:00,14,15.0,3.75,
7720,191,2023-12-19,09:15:00,10:54:00,3,18.0,0.0,
7721,174,2023-12-19,09:30:00,10:49:00,14,15.0,1.5,
7722,218,2023-12-19,16:15:00,18:33:00,5,15.0,1.5,
7723,237,2023-12-20,13:15:00,14:31:00,1,15.0,3.75,
7724,27,2023-12-20,12:45:00,14:02:00,12,15.0,6.0,
7725,76,2023-12-20,14:15:00,16:33:00,11,15.0,3.75,
7726,209,2023-12-20,09:00:00,10:00:00,4,18.0,0.0,
7727,2,2023-12-20,13:45:00,16:08:00,10,15.0,6.0,
7728,73,2023-12-20,14:00:00,14:48:00,5,15.0,3.75,
7729,46,2023-12-20,13:00:00,14:26:00,5,18.0,0.0,
7730,101,2023-12-20,11:00:00,13:06:00,7,18.0,0.0,
7731,196,2023-12-20,09:00:00,09:51:00,3,15.0,1.5,
7732,48,2023-12-20,09:45:00,11:06:00,6,15.0,3.75,
7733,186,2023-12-20,10:15:00,12:23:00,14,15.0,1.5,
7734,3,2023-12-20,10:45:00,11:43:00,4,15.0,3.75,
7735,92,2023-12-20,11:00:00,13:17:00,14,18.0,0.0,
7736,162,2023-12-20,13:00:00,13:53:00,7,15.0,3.75,
7737,103,2023-12-20,13:00:00,15:30:00,14,15.0,1.5,
7738,236,2023-12-20,15:15:00,16:16:00,10,15.0,1.5,
7739,120,2023-12-20,13:00:00,14:33:00,14,15.0,1.5,
7740,240,2023-12-20,12:15:00,13:41:00,7,15.0,6.0,
7741,192,2023-12-20,15:15:00,16:28:00,11,18.0,0.0,
7742,110,2023-12-20,10:45:00,11:45:00,13,15.0,3.75,
7743,238,2023-12-20,09:00:00,11:17:00,7,15.0,1.5,
7744,107,2023-12-20,14:45:00,15:55:00,10,15.0,3.75,
7745,52,2023-12-21,13:45:00,16:02:00,11,15.0,1.5,
7746,53,2023-12-21,16:00:00,17:21:00,6,15.0,1.5,
7747,3,2023-12-21,14:15:00,15:24:00,6,15.0,3.75,
7748,48,2023-12-21,14:45:00,17:15:00,6,15.0,3.75,
7749,67,2023-12-21,15:45:00,17:29:00,1,15.0,3.75,
7750,237,2023-12-21,15:15:00,16:01:00,5,15.0,3.75,
7751,63,2023-12-21,12:45:00,15:09:00,12,15.0,1.5,
7752,165,2023-12-21,13:30:00,15:57:00,10,15.0,6.0,
7753,29,2023-12-21,16:00:00,17:47:00,2,18.0,0.0,
7754,3,2023-12-21,11:30:00,12:39:00,1,15.0,3.75,
7755,91,2023-12-21,10:00:00,12:19:00,13,15.0,3.75,
7756,110,2023-12-21,11:15:00,13:36:00,14,15.0,3.75,
7757,149,2023-12-21,12:00:00,13:20:00,10,15.0,1.5,
7758,33,2023-12-21,11:15:00,12:20:00,10,15.0,3.75,
7759,135,2023-12-21,14:30:00,16:28:00,13,15.0,3.75,
7760,194,2023-12-21,11:30:00,14:00:00,13,15.0,1.5,
7761,36,2023-12-21,14:15:00,15:11:00,3,15.0,3.75,
7762,189,2023-12-21,10:00:00,11:32:00,14,15.0,3.75,
7763,71,2023-12-21,16:30:00,17:48:00,10,15.0,1.5,
7764,107,2023-12-21,12:00:00,13:28:00,7,15.0,3.75,
7765,182,2023-12-21,15:30:00,17:46:00,1,15.0,1.5,
7766,74,2023-12-21,14:30:00,16:24:00,12,15.0,3.75,
7767,138,2023-12-22,13:15:00,15:22:00,11,18.0,0.0,
7768,207,2023-12-22,14:30:00,15:59:00,5,15.0,6.0,
7769,160,2023-12-22,15:45:00,17:51:00,7,15.0,3.75,
7770,162,2023-12-22,16:15:00,17:20:00,10,15.0,3.75,
7771,10,2023-12-22,16:30:00,18:44:00,6,15.0,1.5,
7772,160,2023-12-22,13:00:00,14:28:00,12,15.0,3.75,
7773,236,2023-12-22,12:15:00,13:30:00,4,15.0,1.5,
7774,47,2023-12-22,15:45:00,18:07:00,1,15.0,1.5,
7775,21,2023-12-22,15:00:00,15:45:00,6,15.0,1.5,
7776,166,2023-12-22,09:15:00,11:34:00,12,18.0,0.0,
7777,235,2023-12-22,10:00:00,12:02:00,1,18.0,0.0,
7778,217,2023-12-22,13:45:00,15:06:00,14,15.0,1.5,
7779,244,2023-12-22,12:30:00,14:06:00,5,18.0,0.0,
7780,135,2023-12-22,11:30:00,12:39:00,14,15.0,3.75,
7781,165,2023-12-22,14:00:00,15:17:00,4,15.0,6.0,
7782,236,2023-12-22,16:30:00,18:37:00,1,15.0,1.5,
7783,135,2023-12-22,15:45:00,17:47:00,10,15.0,3.75,
7784,93,2023-12-22,09:30:00,11:52:00,1,15.0,1.5,
7785,177,2023-12-22,11:30:00,12:24:00,11,18.0,0.0,
7786,165,2023-12-22,13:00:00,15:08:00,4,15.0,6.0,
7787,237,2023-12-22,09:00:00,10:35:00,3,15.0,3.75,
7788,242,2023-12-22,13:45:00,14:59:00,14,15.0,3.75,
7789,63,2023-12-22,12:00:00,13:16:00,1,15.0,1.5,
7790,164,2023-12-22,10:15:00,12:21:00,1,15.0,1.5,
7791,203,2023-12-22,10:30:00,11:33:00,7,15.0,3.75,
7792,73,2023-12-23,09:00:00,11:04:00,11,15.0,3.75,
7793,3,2023-12-23,14:30:00,16:27:00,11,15.0,3.75,
7794,98,2023-12-23,12:00:00,13:06:00,14,15.0,3.75,
7795,182,2023-12-23,09:15:00,11:23:00,4,15.0,1.5,
7796,5,2023-12-23,11:45:00,13:55:00,12,15.0,3.75,
7797,48,2023-12-23,09:45:00,12:04:00,4,15.0,3.75,
7798,91,2023-12-23,10:45:00,12:32:00,3,15.0,3.75,
7799,240,2023-12-23,15:45:00,17:22:00,7,15.0,6.0,
7800,8,2023-12-23,10:00:00,11:05:00,12,15.0,1.5,
7801,2,2023-12-23,15:15:00,16:11:00,7,15.0,6.0,
7802,69,2023-12-23,14:00:00,16:10:00,10,15.0,3.75,
7803,27,2023-12-23,12:45:00,14:07:00,7,15.0,6.0,
7804,51,2023-12-23,14:45:00,16:02:00,7,15.0,1.5,
7805,34,2023-12-23,10:15:00,11:23:00,3,18.0,0.0,
7806,177,2023-12-23,13:15:00,14:24:00,5,18.0,0.0,
7807,71,2023-12-23,13:30:00,14:29:00,5,15.0,1.5,
7808,1,2023-12-23,15:45:00,17:34:00,4,15.0,6.0,
7809,27,2023-12-23,11:30:00,13:00:00,13,15.0,6.0,
7810,237,2023-12-23,13:45:00,15:39:00,5,15.0,3.75,
7811,209,2023-12-23,14:30:00,15:27:00,3,18.0,0.0,
7812,8,2023-12-23,09:30:00,10:38:00,12,15.0,1.5,
7813,161,2023-12-23,14:45:00,16:08:00,1,18.0,0.0,
7814,195,2023-12-23,09:15:00,10:37:00,2,15.0,3.75,
7815,67,2023-12-23,14:00:00,15:32:00,2,15.0,3.75,
7816,214,2023-12-24,13:15:00,14:16:00,4,18.0,0.0,
7817,7,2023-12-24,15:00:00,17:26:00,2,15.0,1.5,
7818,190,2023-12-24,10:30:00,12:42:00,2,18.0,0.0,
7819,2,2023-12-24,09:00:00,11:11:00,4,15.0,6.0,
7820,23,2023-12-24,09:15:00,11:41:00,12,15.0,6.0,
7821,61,2023-12-24,16:00:00,17:19:00,10,15.0,3.75,
7822,33,2023-12-24,16:45:00,18:20:00,13,15.0,3.75,
7823,155,2023-12-24,16:15:00,18:37:00,11,15.0,3.75,
7824,9,2023-12-24,11:30:00,12:50:00,4,15.0,1.5,
7825,165,2023-12-24,13:45:00,14:46:00,12,15.0,6.0,
7826,76,2023-12-24,16:45:00,18:05:00,11,15.0,3.75,
7827,120,2023-12-24,14:00:00,14:56:00,2,15.0,1.5,
7828,55,2023-12-24,14:30:00,16:02:00,4,18.0,0.0,
7829,3,2023-12-24,11:45:00,13:12:00,14,15.0,3.75,
7830,100,2023-12-24,09:00:00,10:06:00,12,15.0,1.5,
7831,9,2023-12-24,13:45:00,15:39:00,7,15.0,1.5,
7832,11,2023-12-24,12:15:00,13:39:00,12,18.0,0.0,
7833,73,2023-12-24,11:45:00,13:17:00,7,15.0,3.75,
7834,236,2023-12-24,16:30:00,17:33:00,2,15.0,1.5,
7835,92,2023-12-24,09:00:00,10:28:00,11,18.0,0.0,
7836,97,2023-12-24,16:30:00,18:03:00,10,15.0,1.5,
7837,163,2023-12-24,13:30:00,15:26:00,13,18.0,0.0,
7838,2,2023-12-24,10:00:00,11:51:00,2,15.0,6.0,
7839,27,2023-12-24,16:00:00,18:29:00,6,15.0,6.0,
7840,160,2023-12-24,09:00:00,10:48:00,13,15.0,3.75,
7841,224,2023-12-24,13:00:00,15:04:00,6,15.0,3.75,
7842,107,2023-12-24,14:45:00,16:40:00,5,15.0,3.75,
7843,179,2023-12-24,10:45:00,12:18:00,7,15.0,3.75,
7844,154,2023-12-24,10:00:00,12:26:00,6,18.0,0.0,
7845,64,2023-12-24,14:30:00,15:54:00,12,15.0,1.5,
7846,134,2023-12-24,09:15:00,10:09:00,10,15.0,1.5,
7847,237,2023-12-24,11:00:00,12:37:00,5,15.0,3.75,
7848,60,2023-12-24,09:00:00,10:09:00,12,18.0,0.0,
7849,44,2023-12-24,12:00:00,14:15:00,12,15.0,1.5,
7850,76,2023-12-24,09:00:00,10:18:00,14,15.0,3.75,
7851,25,2023-12-26,16:30:00,17:23:00,12,15.0,1.5,
7852,155,2023-12-26,12:15:00,14:30:00,5,15.0,3.75,
7853,71,2023-12-26,11:15:00,13:08:00,10,15.0,1.5,
7854,76,2023-12-26,10:00:00,11:03:00,5,15.0,3.75,
7855,243,2023-12-26,16:00:00,18:15:00,7,18.0,0.0,
7856,193,2023-12-26,09:45:00,11:28:00,1,15.0,1.5,
7857,73,2023-12-26,15:45:00,17:57:00,7,15.0,3.75,
7858,155,2023-12-26,11:30:00,13:29:00,7,15.0,3.75,
7859,36,2023-12-26,11:15:00,12:22:00,7,15.0,3.75,
7860,3,2023-12-26,12:30:00,13:20:00,4,15.0,3.75,
7861,143,2023-12-26,09:00:00,10:14:00,13,15.0,3.75,
7862,134,2023-12-26,09:00:00,10:41:00,13,15.0,1.5,
7863,64,2023-12-26,16:00:00,17:11:00,1,15.0,1.5,
7864,46,2023-12-26,09:15:00,11:30:00,14,18.0,0.0,
7865,64,2023-12-26,16:30:00,18:51:00,12,15.0,1.5,
7866,175,2023-12-26,14:45:00,15:34:00,6,18.0,0.0,
7867,74,2023-12-26,09:30:00,11:15:00,11,15.0,3.75,
7868,4,2023-12-26,13:00:00,14:45:00,6,15.0,3.75,
7869,162,2023-12-27,10:45:00,12:58:00,1,15.0,3.75,
7870,100,2023-12-27,12:15:00,13:21:00,12,15.0,1.5,
7871,228,2023-12-27,15:45:00,17:09:00,10,15.0,1.5,
7872,233,2023-12-27,16:00:00,16:52:00,12,15.0,3.75,
7873,91,2023-12-27,12:15:00,14:33:00,14,15.0,3.75,
7874,244,2023-12-27,09:00:00,10:47:00,6,18.0,0.0,
7875,4,2023-12-27,12:45:00,14:02:00,13,15.0,3.75,
7876,203,2023-12-27,13:15:00,14:03:00,12,15.0,3.75,
7877,182,2023-12-27,15:15:00,16:17:00,12,15.0,1.5,
7878,202,2023-12-27,10:15:00,12:18:00,6,18.0,0.0,
7879,143,2023-12-27,15:00:00,17:29:00,5,15.0,3.75,
7880,92,2023-12-27,16:15:00,18:16:00,14,18.0,0.0,
7881,11,2023-12-27,10:30:00,12:54:00,14,18.0,0.0,
7882,52,2023-12-27,12:15:00,14:11:00,12,15.0,1.5,
7883,177,2023-12-28,11:45:00,13:58:00,6,18.0,0.0,
7884,237,2023-12-28,10:15:00,12:38:00,3,15.0,3.75,
7885,91,2023-12-28,15:45:00,17:46:00,2,15.0,3.75,
7886,153,2023-12-28,09:00:00,10:22:00,4,18.0,0.0,
7887,200,2023-12-28,10:15:00,12:41:00,2,18.0,0.0,
7888,2,2023-12-28,11:45:00,13:07:00,2,15.0,6.0,
7889,111,2023-12-28,10:15:00,12:13:00,10,15.0,1.5,
7890,101,2023-12-28,10:15:00,11:38:00,14,18.0,0.0,
7891,158,2023-12-28,13:00:00,14:38:00,4,15.0,3.75,
7892,159,2023-12-29,11:45:00,13:07:00,11,15.0,1.5,
7893,186,2023-12-29,13:15:00,15:04:00,12,15.0,1.5,
7894,119,2023-12-29,13:00:00,14:36:00,7,15.0,1.5,
7895,237,2023-12-29,09:00:00,10:09:00,1,15.0,3.75,
7896,223,2023-12-29,16:15:00,18:23:00,2,15.0,1.5,
7897,200,2023-12-29,10:15:00,11:31:00,2,18.0,0.0,
7898,73,2023-12-29,11:45:00,13:42:00,7,15.0,3.75,
7899,6,2023-12-29,10:00:00,11:06:00,4,15.0,1.5,
7900,6,2023-12-29,09:45:00,12:02:00,12,15.0,1.5,
7901,126,2023-12-29,09:45:00,11:26:00,2,15.0,1.5,
7902,189,2023-12-29,16:30:00,18:56:00,2,15.0,3.75,
7903,76,2023-12-29,15:45:00,16:51:00,3,15.0,3.75,
7904,172,2023-12-29,13:30:00,16:00:00,10,15.0,1.5,
7905,165,2023-12-29,16:45:00,18:19:00,3,15.0,6.0,
7906,111,2023-12-29,16:00:00,18:28:00,2,15.0,1.5,
7907,242,2023-12-29,11:15:00,13:03:00,7,15.0,3.75,
7908,181,2023-12-29,15:30:00,17:43:00,7,15.0,1.5,
7909,202,2023-12-29,11:45:00,13:13:00,13,18.0,0.0,
7910,170,2023-12-29,16:30:00,18:17:00,14,15.0,1.5,
7911,142,2023-12-29,11:00:00,13:13:00,3,15.0,1.5,
7912,159,2023-12-29,16:30:00,17:25:00,3,15.0,1.5,
7913,55,2023-12-29,15:00:00,16:57:00,1,18.0,0.0,
7914,8,2023-12-30,09:45:00,11:41:00,2,15.0,1.5,
7915,75,2023-12-30,13:45:00,15:39:00,1,15.0,1.5,
7916,51,2023-12-30,15:15:00,17:29:00,5,15.0,1.5,
7917,39,2023-12-30,09:15:00,11:18:00,3,15.0,1.5,
7918,231,2023-12-30,09:45:00,11:07:00,2,15.0,1.5,
7919,148,2023-12-30,09:15:00,10:48:00,2,15.0,1.5,
7920,91,2023-12-30,12:00:00,13:28:00,3,15.0,3.75,
7921,195,2023-12-30,09:00:00,10:55:00,4,15.0,3.75,
7922,111,2023-12-30,11:30:00,13:30:00,7,15.0,1.5,
7923,237,2023-12-30,14:15:00,15:42:00,7,15.0,3.75,
7924,181,2023-12-30,10:00:00,11:25:00,1,15.0,1.5,
7925,193,2023-12-30,11:45:00,12:53:00,11,15.0,1.5,
7926,6,2023-12-30,16:30:00,17:20:00,12,15.0,1.5,
7927,27,2023-12-30,13:00:00,14:14:00,11,15.0,6.0,
7928,69,2023-12-30,09:30:00,10:46:00,2,15.0,3.75,
7929,167,2023-12-30,11:30:00,13:03:00,6,18.0,0.0,
7930,174,2023-12-30,14:30:00,15:19:00,6,15.0,1.5,
7931,204,2023-12-30,11:30:00,12:48:00,13,18.0,0.0,
7932,74,2023-12-30,15:30:00,17:24:00,6,15.0,3.75,
7933,217,2023-12-30,11:15:00,12:54:00,2,15.0,1.5,
7934,207,2023-12-30,09:00:00,10:28:00,7,15.0,6.0,
7935,2,2023-12-30,15:00:00,16:12:00,7,15.0,6.0,
7936,185,2023-12-30,12:00:00,13:50:00,12,18.0,0.0,
7937,56,2023-12-30,09:15:00,11:11:00,6,15.0,3.75,
7938,111,2023-12-30,09:30:00,10:27:00,14,15.0,1.5,
7939,233,2023-12-30,14:30:00,15:43:00,10,15.0,3.75,
7940,170,2023-12-30,11:30:00,13:36:00,5,15.0,1.5,
7941,5,2023-12-30,12:45:00,15:04:00,4,15.0,3.75,
7942,235,2023-12-30,11:45:00,14:06:00,6,18.0,0.0,
7943,2,2023-12-30,11:15:00,12:09:00,1,15.0,6.0,
7944,98,2023-12-30,14:00:00,16:30:00,5,15.0,3.75,
7945,82,2023-12-30,11:15:00,13:24:00,4,15.0,1.5,
7946,71,2023-12-30,16:30:00,18:35:00,6,15.0,1.5,
7947,25,2023-12-30,15:00:00,16:21:00,12,15.0,1.5,
7948,165,2023-12-30,09:30:00,10:16:00,10,15.0,6.0,
7949,177,2023-12-30,13:00:00,14:04:00,4,18.0,0.0,
7950,179,2023-12-30,11:15:00,12:53:00,14,15.0,3.75,
7951,120,2023-12-30,09:30:00,10:47:00,2,15.0,1.5,
7952,122,2023-12-30,11:30:00,12:38:00,6,15.0,1.5,
7953,106,2023-12-30,12:30:00,14:37:00,11,15.0,1.5,
7954,168,2023-12-30,15:45:00,16:42:00,4,18.0,0.0,
7955,165,2023-12-30,13:30:00,15:30:00,5,15.0,6.0,
7956,2,2023-12-31,10:45:00,11:41:00,13,15.0,6.0,
7957,230,2023-12-31,12:30:00,14:16:00,6,18.0,0.0,
7958,69,2023-12-31,10:45:00,11:45:00,5,15.0,3.75,
7959,235,2023-12-31,11:30:00,12:56:00,14,18.0,0.0,
7960,4,2023-12-31,15:30:00,16:35:00,7,15.0,3.75,
7961,26,2023-12-31,11:30:00,12:15:00,5,18.0,0.0,
7962,105,2023-12-31,14:30:00,16:12:00,6,18.0,0.0,
7963,238,2023-12-31,12:00:00,13:24:00,5,15.0,1.5,
7964,35,2023-12-31,11:45:00,13:04:00,14,18.0,0.0,
7965,73,2023-12-31,15:30:00,16:49:00,2,15.0,3.75,
7966,162,2023-12-31,11:00:00,12:33:00,7,15.0,3.75,
7967,23,2023-12-31,13:45:00,15:54:00,7,15.0,6.0,
7968,69,2023-12-31,09:15:00,11:17:00,5,15.0,3.75,
7969,234,2023-12-31,10:30:00,12:01:00,2,18.0,0.0,
7970,14,2023-12-31,14:45:00,16:28:00,2,18.0,0.0,
7971,76,2023-12-31,15:30:00,17:42:00,4,15.0,3.75,
7972,172,2023-12-31,16:00:00,17:31:00,5,15.0,1.5,
7973,106,2023-12-31,14:00:00,14:57:00,10,15.0,1.5,
7974,101,2023-12-31,11:15:00,13:00:00,6,18.0,0.0,
7975,83,2023-12-31,09:00:00,11:21:00,7,15.0,1.5,
7976,71,2023-12-31,13:30:00,15:11:00,2,15.0,1.5,
7977,56,2023-12-31,16:30:00,18:50:00,13,15.0,3.75,
7978,41,2023-12-31,13:00:00,14:02:00,3,15.0,1.5,
7979,219,2024-01-02,11:30:00,12:57:00,4,15.0,3.75,
7980,155,2024-01-02,10:45:00,11:34:00,11,15.0,3.75,
7981,237,2024-01-02,10:30:00,12:27:00,6,15.0,3.75,
7982,242,2024-01-02,09:15:00,11:05:00,11,15.0,3.75,
7983,218,2024-01-02,11:15:00,13:19:00,6,15.0,1.5,
7984,172,2024-01-02,09:30:00,10:28:00,4,15.0,1.5,
7985,48,2024-01-02,16:45:00,18:34:00,10,15.0,3.75,
7986,171,2024-01-02,09:00:00,10:46:00,13,18.0,0.0,
7987,238,2024-01-02,16:30:00,18:49:00,14,15.0,1.5,
7988,223,2024-01-02,13:15:00,15:12:00,4,15.0,1.5,
7989,1,2024-01-02,12:00:00,13:03:00,3,15.0,6.0,
7990,170,2024-01-02,15:00:00,16:40:00,10,15.0,1.5,
7991,182,2024-01-02,12:15:00,13:31:00,2,15.0,1.5,
7992,228,2024-01-02,11:15:00,12:34:00,2,15.0,1.5,
7993,1,2024-01-02,12:00:00,13:27:00,2,15.0,6.0,
7994,177,2024-01-02,11:15:00,12:44:00,10,18.0,0.0,
7995,228,2024-01-02,09:30:00,11:57:00,14,15.0,1.5,
7996,193,2024-01-02,16:00:00,17:52:00,10,15.0,1.5,
7997,108,2024-01-03,11:00:00,12:02:00,14,15.0,1.5,
7998,177,2024-01-03,15:00:00,16:20:00,12,18.0,0.0,
7999,5,2024-01-03,15:15:00,16:42:00,1,15.0,3.75,
8000,185,2024-01-03,12:45:00,13:30:00,11,18.0,0.0,
8001,99,2024-01-03,11:00:00,13:02:00,14,18.0,0.0,
8002,165,2024-01-03,11:15:00,12:52:00,1,15.0,6.0,
8003,228,2024-01-03,16:30:00,18:13:00,10,15.0,1.5,
8004,78,2024-01-03,15:15:00,17:42:00,13,18.0,0.0,
8005,56,2024-01-03,13:45:00,14:49:00,13,15.0,3.75,
8006,55,2024-01-03,11:00:00,11:54:00,3,18.0,0.0,
8007,106,2024-01-03,09:15:00,10:12:00,1,15.0,1.5,
8008,249,2024-01-03,15:45:00,16:45:00,5,18.0,0.0,
8009,242,2024-01-03,09:30:00,10:26:00,2,15.0,3.75,
8010,48,2024-01-03,14:45:00,15:39:00,3,15.0,3.75,
8011,134,2024-01-04,11:00:00,12:29:00,13,15.0,1.5,
8012,187,2024-01-04,16:45:00,18:36:00,1,18.0,0.0,
8013,1,2024-01-04,11:45:00,14:11:00,5,15.0,6.0,
8014,228,2024-01-04,09:00:00,10:37:00,5,15.0,1.5,
8015,94,2024-01-04,15:15:00,16:04:00,5,18.0,0.0,
8016,134,2024-01-04,15:00:00,17:05:00,7,15.0,1.5,
8017,67,2024-01-04,14:45:00,16:44:00,5,15.0,3.75,
8018,197,2024-01-04,13:15:00,14:45:00,10,15.0,1.5,
8019,216,2024-01-04,10:15:00,11:58:00,2,18.0,0.0,
8020,189,2024-01-04,16:15:00,18:42:00,4,15.0,3.75,
8021,237,2024-01-04,12:45:00,14:40:00,11,15.0,3.75,
8022,14,2024-01-04,09:15:00,10:02:00,4,18.0,0.0,
8023,162,2024-01-04,10:15:00,11:22:00,2,15.0,3.75,
8024,97,2024-01-04,14:00:00,15:28:00,7,15.0,1.5,
8025,96,2024-01-04,11:45:00,13:25:00,6,15.0,1.5,
8026,223,2024-01-04,16:00:00,18:29:00,14,15.0,1.5,
8027,240,2024-01-05,16:30:00,18:42:00,3,15.0,6.0,
8028,106,2024-01-05,14:15:00,16:13:00,13,15.0,1.5,
8029,238,2024-01-05,12:15:00,13:04:00,5,15.0,1.5,
8030,186,2024-01-05,10:15:00,11:19:00,12,15.0,1.5,
8031,173,2024-01-05,15:45:00,16:41:00,6,18.0,0.0,
8032,98,2024-01-05,10:00:00,12:26:00,6,15.0,3.75,
8033,138,2024-01-05,16:45:00,18:05:00,13,18.0,0.0,
8034,193,2024-01-05,12:45:00,14:04:00,3,15.0,1.5,
8035,128,2024-01-05,11:00:00,13:15:00,14,15.0,1.5,
8036,121,2024-01-05,16:45:00,18:25:00,4,15.0,1.5,
8037,121,2024-01-05,16:30:00,18:51:00,14,15.0,1.5,
8038,8,2024-01-05,13:00:00,14:24:00,4,15.0,1.5,
8039,228,2024-01-05,09:30:00,10:53:00,4,15.0,1.5,
8040,196,2024-01-06,16:15:00,17:11:00,12,15.0,1.5,
8041,44,2024-01-06,10:45:00,12:59:00,13,15.0,1.5,
8042,98,2024-01-06,14:30:00,16:54:00,6,15.0,3.75,
8043,131,2024-01-06,14:00:00,15:57:00,1,18.0,0.0,
8044,237,2024-01-06,12:30:00,13:39:00,4,15.0,3.75,
8045,5,2024-01-06,15:15:00,17:28:00,1,15.0,3.75,
8046,48,2024-01-06,12:15:00,13:59:00,12,15.0,3.75,
8047,122,2024-01-06,09:00:00,10:56:00,3,15.0,1.5,
8048,161,2024-01-06,14:15:00,16:07:00,14,18.0,0.0,
8049,103,2024-01-06,09:00:00,09:50:00,1,15.0,1.5,
8050,165,2024-01-06,12:15:00,13:03:00,7,15.0,6.0,
8051,155,2024-01-06,16:45:00,19:08:00,2,15.0,3.75,
8052,8,2024-01-06,10:45:00,12:53:00,1,15.0,1.5,
8053,24,2024-01-06,15:15:00,17:38:00,1,15.0,3.75,
8054,177,2024-01-06,16:30:00,18:16:00,3,18.0,0.0,
8055,220,2024-01-06,14:00:00,15:45:00,14,18.0,0.0,
8056,172,2024-01-06,15:45:00,17:35:00,7,15.0,1.5,
8057,69,2024-01-06,09:00:00,11:09:00,3,15.0,3.75,
8058,44,2024-01-06,14:30:00,16:46:00,2,15.0,1.5,
8059,72,2024-01-07,16:15:00,17:16:00,6,18.0,0.0,
8060,245,2024-01-07,15:45:00,17:00:00,11,18.0,0.0,
8061,24,2024-01-07,11:30:00,12:23:00,6,15.0,3.75,
8062,91,2024-01-07,14:30:00,16:47:00,6,15.0,3.75,
8063,38,2024-01-07,12:00:00,14:19:00,14,15.0,1.5,
8064,11,2024-01-07,09:15:00,10:46:00,10,18.0,0.0,
8065,47,2024-01-07,13:00:00,14:56:00,1,15.0,1.5,
8066,6,2024-01-07,09:00:00,10:48:00,4,15.0,1.5,
8067,223,2024-01-07,14:00:00,15:36:00,14,15.0,1.5,
8068,193,2024-01-07,15:30:00,16:20:00,13,15.0,1.5,
8069,172,2024-01-07,10:00:00,12:25:00,3,15.0,1.5,
8070,98,2024-01-07,13:15:00,14:26:00,5,15.0,3.75,
8071,39,2024-01-07,16:15:00,17:08:00,4,15.0,1.5,
8072,159,2024-01-07,11:00:00,12:38:00,6,15.0,1.5,
8073,170,2024-01-08,11:30:00,12:55:00,4,15.0,1.5,
8074,217,2024-01-08,09:00:00,11:26:00,3,15.0,1.5,
8075,75,2024-01-08,15:15:00,17:07:00,3,15.0,1.5,
8076,97,2024-01-08,15:30:00,17:33:00,1,15.0,1.5,
8077,10,2024-01-08,14:45:00,16:32:00,2,15.0,1.5,
8078,207,2024-01-08,16:00:00,16:56:00,2,15.0,6.0,
8079,55,2024-01-08,12:45:00,15:15:00,4,18.0,0.0,
8080,174,2024-01-08,11:15:00,13:03:00,12,15.0,1.5,
8081,234,2024-01-08,11:15:00,13:41:00,12,18.0,0.0,
8082,207,2024-01-08,13:00:00,15:26:00,2,15.0,6.0,
8083,197,2024-01-08,16:15:00,17:27:00,10,15.0,1.5,
8084,189,2024-01-08,09:45:00,10:33:00,12,15.0,3.75,
8085,113,2024-01-08,14:30:00,16:14:00,11,18.0,0.0,
8086,143,2024-01-08,10:00:00,12:26:00,12,15.0,3.75,
8087,63,2024-01-08,12:30:00,14:25:00,1,15.0,1.5,
8088,217,2024-01-09,14:45:00,15:55:00,10,15.0,1.5,
8089,92,2024-01-09,16:15:00,18:03:00,11,18.0,0.0,
8090,123,2024-01-09,12:00:00,12:52:00,4,18.0,0.0,
8091,189,2024-01-09,10:45:00,12:22:00,7,15.0,3.75,
8092,96,2024-01-09,13:45:00,15:58:00,6,15.0,1.5,
8093,77,2024-01-09,15:00:00,16:10:00,5,15.0,1.5,
8094,82,2024-01-09,13:15:00,14:07:00,2,15.0,1.5,
8095,219,2024-01-09,11:00:00,13:10:00,1,15.0,3.75,
8096,2,2024-01-09,15:00:00,16:11:00,13,15.0,6.0,
8097,64,2024-01-09,11:00:00,12:31:00,5,15.0,1.5,
8098,134,2024-01-09,11:45:00,13:37:00,11,15.0,1.5,
8099,160,2024-01-09,10:00:00,12:27:00,12,15.0,3.75,
8100,75,2024-01-09,14:15:00,16:12:00,3,15.0,1.5,
8101,68,2024-01-09,11:00:00,13:23:00,12,18.0,0.0,
8102,15,2024-01-09,12:15:00,13:31:00,1,18.0,0.0,
8103,218,2024-01-09,13:15:00,15:08:00,2,15.0,1.5,
8104,61,2024-01-09,09:45:00,11:16:00,1,15.0,3.75,
8105,172,2024-01-09,09:00:00,10:21:00,3,15.0,1.5,
8106,195,2024-01-09,13:30:00,15:13:00,12,15.0,3.75,
8107,108,2024-01-10,10:30:00,11:27:00,2,15.0,1.5,
8108,1,2024-01-10,11:00:00,13:22:00,13,15.0,6.0,
8109,42,2024-01-10,16:45:00,18:48:00,3,15.0,1.5,
8110,74,2024-01-10,09:30:00,10:36:00,1,15.0,3.75,
8111,78,2024-01-10,14:15:00,15:42:00,7,18.0,0.0,
8112,1,2024-01-10,15:30:00,17:36:00,1,15.0,6.0,
8113,67,2024-01-10,16:00:00,17:00:00,12,15.0,3.75,
8114,107,2024-01-10,15:00:00,17:27:00,2,15.0,3.75,
8115,237,2024-01-10,14:45:00,16:10:00,7,15.0,3.75,
8116,223,2024-01-10,16:15:00,17:46:00,4,15.0,1.5,
8117,237,2024-01-10,16:30:00,18:49:00,11,15.0,3.75,
8118,91,2024-01-10,09:30:00,10:59:00,6,15.0,3.75,
8119,35,2024-01-11,16:30:00,17:43:00,12,18.0,0.0,
8120,223,2024-01-11,10:30:00,12:55:00,6,15.0,1.5,
8121,4,2024-01-11,14:00:00,15:11:00,5,15.0,3.75,
8122,2,2024-01-11,15:00:00,17:08:00,3,15.0,6.0,
8123,25,2024-01-11,13:30:00,15:13:00,4,15.0,1.5,
8124,234,2024-01-11,09:15:00,10:42:00,5,18.0,0.0,
8125,8,2024-01-11,10:15:00,12:32:00,10,15.0,1.5,
8126,73,2024-01-11,15:45:00,17:01:00,4,15.0,3.75,
8127,45,2024-01-11,11:15:00,12:45:00,14,18.0,0.0,
8128,186,2024-01-11,15:30:00,16:39:00,1,15.0,1.5,
8129,93,2024-01-11,09:15:00,10:57:00,14,15.0,1.5,
8130,101,2024-01-11,09:30:00,10:59:00,1,18.0,0.0,
8131,74,2024-01-11,09:45:00,10:42:00,4,15.0,3.75,
8132,204,2024-01-11,12:45:00,15:02:00,1,18.0,0.0,
8133,160,2024-01-11,12:15:00,14:28:00,5,15.0,3.75,
8134,55,2024-01-12,15:30:00,16:25:00,12,18.0,0.0,
8135,110,2024-01-12,10:45:00,12:29:00,3,15.0,3.75,
8136,173,2024-01-12,16:30:00,17:43:00,7,18.0,0.0,
8137,28,2024-01-12,09:30:00,10:50:00,1,15.0,1.5,
8138,38,2024-01-12,11:15:00,13:24:00,6,15.0,1.5,
8139,74,2024-01-12,10:00:00,12:30:00,3,15.0,3.75,
8140,3,2024-01-12,14:15:00,15:57:00,6,15.0,3.75,
8141,186,2024-01-12,16:15:00,18:34:00,10,15.0,1.5,
8142,148,2024-01-12,11:00:00,12:18:00,1,15.0,1.5,
8143,242,2024-01-13,11:45:00,12:58:00,2,15.0,3.75,
8144,234,2024-01-13,15:15:00,17:36:00,7,18.0,0.0,
8145,8,2024-01-13,14:45:00,15:32:00,5,15.0,1.5,
8146,207,2024-01-13,14:00:00,15:50:00,11,15.0,6.0,
8147,165,2024-01-13,09:30:00,11:03:00,14,15.0,6.0,
8148,189,2024-01-13,10:45:00,11:36:00,2,15.0,3.75,
8149,134,2024-01-13,12:30:00,13:30:00,10,15.0,1.5,
8150,23,2024-01-13,15:00:00,17:03:00,10,15.0,6.0,
8151,186,2024-01-13,16:30:00,18:07:00,14,15.0,1.5,
8152,219,2024-01-13,12:30:00,14:59:00,4,15.0,3.75,
8153,107,2024-01-13,14:00:00,16:20:00,5,15.0,3.75,
8154,119,2024-01-13,14:30:00,15:52:00,1,15.0,1.5,
8155,185,2024-01-13,15:45:00,18:12:00,7,18.0,0.0,
8156,154,2024-01-13,10:15:00,12:31:00,3,18.0,0.0,
8157,173,2024-01-13,10:00:00,10:50:00,12,18.0,0.0,
8158,52,2024-01-13,13:15:00,14:13:00,3,15.0,1.5,
8159,3,2024-01-13,14:45:00,16:49:00,1,15.0,3.75,
8160,138,2024-01-13,13:45:00,15:57:00,5,18.0,0.0,
8161,106,2024-01-13,14:30:00,16:21:00,1,15.0,1.5,
8162,179,2024-01-13,14:15:00,15:56:00,14,15.0,3.75,
8163,125,2024-01-13,16:15:00,17:07:00,3,18.0,0.0,
8164,125,2024-01-13,11:15:00,12:20:00,13,18.0,0.0,
8165,5,2024-01-13,14:15:00,15:07:00,11,15.0,3.75,
8166,219,2024-01-13,16:45:00,17:32:00,1,15.0,3.75,
8167,184,2024-01-13,14:45:00,17:10:00,13,18.0,0.0,
8168,47,2024-01-13,14:15:00,16:08:00,13,15.0,1.5,
8169,10,2024-01-13,09:30:00,11:17:00,3,15.0,1.5,
8170,74,2024-01-13,09:30:00,11:11:00,3,15.0,3.75,
8171,48,2024-01-13,11:15:00,13:34:00,12,15.0,3.75,
8172,203,2024-01-13,15:00:00,16:49:00,10,15.0,3.75,
8173,189,2024-01-13,09:00:00,11:12:00,13,15.0,3.75,
8174,75,2024-01-13,12:15:00,14:39:00,2,15.0,1.5,
8175,48,2024-01-13,09:15:00,10:24:00,1,15.0,3.75,
8176,155,2024-01-13,16:45:00,19:07:00,10,15.0,3.75,
8177,115,2024-01-14,15:00:00,16:45:00,1,18.0,0.0,
8178,155,2024-01-14,16:30:00,17:38:00,3,15.0,3.75,
8179,112,2024-01-14,10:30:00,12:19:00,5,15.0,1.5,
8180,224,2024-01-14,09:30:00,10:17:00,1,15.0,3.75,
8181,190,2024-01-14,14:30:00,15:28:00,11,18.0,0.0,
8182,5,2024-01-14,13:30:00,15:27:00,5,15.0,3.75,
8183,71,2024-01-14,16:00:00,17:01:00,1,15.0,1.5,
8184,4,2024-01-14,15:00:00,16:50:00,2,15.0,3.75,
8185,134,2024-01-14,11:30:00,13:04:00,10,15.0,1.5,
8186,61,2024-01-14,10:00:00,11:16:00,5,15.0,3.75,
8187,73,2024-01-14,16:30:00,18:29:00,13,15.0,3.75,
8188,92,2024-01-14,10:15:00,11:19:00,14,18.0,0.0,
8189,4,2024-01-14,11:15:00,12:50:00,7,15.0,3.75,
8190,114,2024-01-14,14:00:00,14:50:00,1,15.0,1.5,
8191,8,2024-01-14,15:00:00,16:22:00,4,15.0,1.5,
8192,126,2024-01-14,16:15:00,18:00:00,2,15.0,1.5,
8193,167,2024-01-14,09:15:00,10:31:00,1,18.0,0.0,
8194,82,2024-01-14,14:30:00,16:08:00,12,15.0,1.5,
8195,158,2024-01-14,09:30:00,11:53:00,13,15.0,3.75,
8196,189,2024-01-14,15:30:00,17:18:00,6,15.0,3.75,
8197,195,2024-01-14,09:15:00,10:00:00,11,15.0,3.75,
8198,44,2024-01-14,12:30:00,13:34:00,13,15.0,1.5,
8199,48,2024-01-14,12:00:00,14:14:00,12,15.0,3.75,
8200,61,2024-01-14,14:00:00,16:17:00,7,15.0,3.75,
8201,194,2024-01-14,13:45:00,15:31:00,2,15.0,1.5,
8202,232,2024-01-15,11:15:00,12:49:00,12,15.0,3.75,
8203,218,2024-01-15,10:15:00,11:28:00,11,15.0,1.5,
8204,155,2024-01-15,15:15:00,16:22:00,2,15.0,3.75,
8205,100,2024-01-15,14:45:00,16:22:00,14,15.0,1.5,
8206,33,2024-01-15,10:30:00,11:30:00,7,15.0,3.75,
8207,240,2024-01-15,11:15:00,12:21:00,5,15.0,6.0,
8208,5,2024-01-15,16:30:00,17:39:00,7,15.0,3.75,
8209,3,2024-01-15,13:30:00,14:31:00,5,15.0,3.75,
8210,237,2024-01-16,09:30:00,11:48:00,12,15.0,3.75,
8211,41,2024-01-16,10:00:00,10:51:00,2,15.0,1.5,
8212,208,2024-01-16,11:15:00,13:22:00,3,18.0,0.0,
8213,103,2024-01-16,11:15:00,12:21:00,5,15.0,1.5,
8214,162,2024-01-16,09:00:00,10:57:00,2,15.0,3.75,
8215,172,2024-01-16,15:45:00,16:39:00,1,15.0,1.5,
8216,38,2024-01-16,10:00:00,11:37:00,10,15.0,1.5,
8217,3,2024-01-16,15:15:00,17:23:00,12,15.0,3.75,
8218,203,2024-01-16,16:45:00,17:46:00,2,15.0,3.75,
8219,170,2024-01-16,09:15:00,10:33:00,1,15.0,1.5,
8220,173,2024-01-16,16:15:00,18:42:00,4,18.0,0.0,
8221,56,2024-01-16,09:15:00,11:18:00,7,15.0,3.75,
8222,57,2024-01-17,15:00:00,15:47:00,10,15.0,1.5,
8223,25,2024-01-17,12:15:00,14:14:00,13,15.0,1.5,
8224,40,2024-01-17,10:15:00,11:12:00,14,18.0,0.0,
8225,181,2024-01-17,12:45:00,14:37:00,10,15.0,1.5,
8226,25,2024-01-17,15:15:00,17:00:00,12,15.0,1.5,
8227,88,2024-01-17,10:30:00,11:15:00,12,18.0,0.0,
8228,44,2024-01-17,16:15:00,18:29:00,11,15.0,1.5,
8229,2,2024-01-17,12:45:00,13:57:00,6,15.0,6.0,
8230,44,2024-01-17,11:00:00,12:08:00,1,15.0,1.5,
8231,233,2024-01-17,14:00:00,16:18:00,14,15.0,3.75,
8232,91,2024-01-17,12:15:00,13:28:00,13,15.0,3.75,
8233,31,2024-01-17,16:45:00,17:32:00,13,15.0,1.5,
8234,73,2024-01-17,12:00:00,13:02:00,13,15.0,3.75,
8235,111,2024-01-18,13:00:00,14:23:00,10,15.0,1.5,
8236,143,2024-01-18,14:00:00,16:26:00,10,15.0,3.75,
8237,149,2024-01-18,12:30:00,13:54:00,2,15.0,1.5,
8238,228,2024-01-18,16:00:00,18:22:00,5,15.0,1.5,
8239,143,2024-01-18,15:15:00,16:26:00,6,15.0,3.75,
8240,3,2024-01-18,10:45:00,12:34:00,14,15.0,3.75,
8241,83,2024-01-18,16:00:00,17:44:00,3,15.0,1.5,
8242,126,2024-01-19,13:30:00,14:18:00,7,15.0,1.5,
8243,197,2024-01-19,10:00:00,12:30:00,14,15.0,1.5,
8244,15,2024-01-19,13:45:00,14:47:00,4,18.0,0.0,
8245,63,2024-01-19,11:00:00,12:07:00,10,15.0,1.5,
8246,19,2024-01-19,11:30:00,13:49:00,6,18.0,0.0,
8247,71,2024-01-19,10:00:00,11:36:00,11,15.0,1.5,
8248,114,2024-01-19,15:30:00,17:40:00,13,15.0,1.5,
8249,48,2024-01-19,15:30:00,17:27:00,5,15.0,3.75,
8250,182,2024-01-19,16:15:00,18:33:00,6,15.0,1.5,
8251,73,2024-01-19,09:45:00,11:24:00,11,15.0,3.75,
8252,83,2024-01-19,12:45:00,14:02:00,1,15.0,1.5,
8253,6,2024-01-19,16:30:00,17:44:00,11,15.0,1.5,
8254,9,2024-01-19,14:15:00,15:44:00,1,15.0,1.5,
8255,1,2024-01-19,15:30:00,17:05:00,4,15.0,6.0,
8256,122,2024-01-20,15:15:00,17:39:00,13,15.0,1.5,
8257,166,2024-01-20,12:00:00,14:05:00,13,18.0,0.0,
8258,6,2024-01-20,14:15:00,15:13:00,3,15.0,1.5,
8259,48,2024-01-20,16:45:00,18:56:00,12,15.0,3.75,
8260,100,2024-01-20,11:30:00,12:27:00,10,15.0,1.5,
8261,99,2024-01-20,15:45:00,18:10:00,5,18.0,0.0,
8262,20,2024-01-20,14:45:00,16:45:00,3,18.0,0.0,
8263,240,2024-01-20,15:30:00,16:22:00,6,15.0,6.0,
8264,29,2024-01-20,13:45:00,15:41:00,12,18.0,0.0,
8265,162,2024-01-20,13:00:00,14:59:00,4,15.0,3.75,
8266,135,2024-01-20,13:15:00,14:32:00,3,15.0,3.75,
8267,122,2024-01-20,13:30:00,15:57:00,1,15.0,1.5,
8268,193,2024-01-20,13:00:00,14:51:00,7,15.0,1.5,
8269,232,2024-01-20,09:15:00,10:09:00,2,15.0,3.75,
8270,207,2024-01-20,16:00:00,16:46:00,13,15.0,6.0,
8271,63,2024-01-20,09:30:00,11:27:00,6,15.0,1.5,
8272,11,2024-01-20,12:30:00,13:47:00,12,18.0,0.0,
8273,39,2024-01-20,09:15:00,10:42:00,5,15.0,1.5,
8274,189,2024-01-20,11:15:00,12:12:00,4,15.0,3.75,
8275,202,2024-01-21,14:15:00,16:18:00,10,18.0,0.0,
8276,83,2024-01-21,14:30:00,15:33:00,4,15.0,1.5,
8277,185,2024-01-21,11:15:00,13:09:00,10,18.0,0.0,
8278,139,2024-01-21,14:45:00,15:39:00,2,18.0,0.0,
8279,139,2024-01-21,13:45:00,14:36:00,11,18.0,0.0,
8280,56,2024-01-21,14:15:00,16:39:00,14,15.0,3.75,
8281,159,2024-01-21,16:00:00,17:52:00,13,15.0,1.5,
8282,223,2024-01-21,13:00:00,14:45:00,14,15.0,1.5,
8283,176,2024-01-21,09:15:00,10:10:00,12,18.0,0.0,
8284,13,2024-01-21,13:30:00,15:18:00,1,18.0,0.0,
8285,175,2024-01-21,10:30:00,11:42:00,5,18.0,0.0,
8286,237,2024-01-21,15:30:00,16:26:00,7,15.0,3.75,
8287,194,2024-01-21,11:45:00,13:28:00,6,15.0,1.5,
8288,96,2024-01-21,12:30:00,14:19:00,6,15.0,1.5,
8289,38,2024-01-21,12:15:00,13:03:00,5,15.0,1.5,
8290,43,2024-01-22,14:30:00,15:55:00,1,15.0,3.75,
8291,197,2024-01-22,15:45:00,17:42:00,4,15.0,1.5,
8292,107,2024-01-22,10:45:00,12:08:00,13,15.0,3.75,
8293,181,2024-01-22,14:30:00,15:38:00,7,15.0,1.5,
8294,223,2024-01-22,16:15:00,18:05:00,13,15.0,1.5,
8295,177,2024-01-22,10:15:00,11:46:00,14,18.0,0.0,
8296,179,2024-01-22,16:15:00,17:13:00,11,15.0,3.75,
8297,162,2024-01-22,16:45:00,18:31:00,3,15.0,3.75,
8298,161,2024-01-22,11:45:00,13:56:00,10,18.0,0.0,
8299,5,2024-01-23,10:15:00,11:04:00,12,15.0,3.75,
8300,203,2024-01-23,09:45:00,11:10:00,3,15.0,3.75,
8301,43,2024-01-23,09:45:00,10:31:00,13,15.0,3.75,
8302,27,2024-01-23,10:00:00,12:15:00,4,15.0,6.0,
8303,6,2024-01-23,11:30:00,13:26:00,11,15.0,1.5,
8304,10,2024-01-23,16:00:00,16:45:00,7,15.0,1.5,
8305,165,2024-01-23,16:00:00,18:12:00,5,15.0,6.0,
8306,179,2024-01-23,09:45:00,10:40:00,7,15.0,3.75,
8307,31,2024-01-23,16:15:00,18:23:00,13,15.0,1.5,
8308,31,2024-01-23,16:00:00,17:48:00,11,15.0,1.5,
8309,232,2024-01-23,13:00:00,15:00:00,5,15.0,3.75,
8310,111,2024-01-23,10:30:00,11:43:00,10,15.0,1.5,
8311,48,2024-01-23,16:00:00,16:56:00,2,15.0,3.75,
8312,100,2024-01-23,16:30:00,18:48:00,4,15.0,1.5,
8313,71,2024-01-23,14:00:00,16:16:00,10,15.0,1.5,
8314,240,2024-01-23,13:15:00,14:49:00,5,15.0,6.0,
8315,15,2024-01-24,13:15:00,15:00:00,10,18.0,0.0,
8316,197,2024-01-24,16:45:00,19:13:00,5,15.0,1.5,
8317,2,2024-01-24,11:45:00,13:09:00,1,15.0,6.0,
8318,119,2024-01-24,15:00:00,16:11:00,11,15.0,1.5,
8319,53,2024-01-24,10:30:00,11:28:00,11,15.0,1.5,
8320,177,2024-01-24,11:00:00,11:59:00,1,18.0,0.0,
8321,189,2024-01-24,12:30:00,14:36:00,5,15.0,3.75,
8322,73,2024-01-24,13:45:00,15:30:00,13,15.0,3.75,
8323,98,2024-01-24,11:00:00,11:58:00,3,15.0,3.75,
8324,91,2024-01-24,12:00:00,14:05:00,4,15.0,3.75,
8325,2,2024-01-24,09:30:00,10:19:00,3,15.0,6.0,
8326,23,2024-01-24,11:45:00,12:34:00,4,15.0,6.0,
8327,128,2024-01-24,12:15:00,14:43:00,7,15.0,1.5,
8328,76,2024-01-24,13:00:00,14:20:00,6,15.0,3.75,
8329,2,2024-01-24,12:15:00,13:46:00,5,15.0,6.0,
8330,2,2024-01-24,11:15:00,13:28:00,5,15.0,6.0,
8331,69,2024-01-25,14:15:00,15:13:00,13,15.0,3.75,
8332,248,2024-01-25,16:00:00,18:00:00,2,18.0,0.0,
8333,154,2024-01-25,13:45:00,16:04:00,7,18.0,0.0,
8334,136,2024-01-25,14:15:00,16:33:00,4,18.0,0.0,
8335,96,2024-01-25,13:00:00,14:16:00,1,15.0,1.5,
8336,77,2024-01-25,16:00:00,17:38:00,10,15.0,1.5,
8337,1,2024-01-25,16:00:00,18:26:00,1,15.0,6.0,
8338,56,2024-01-25,16:45:00,17:53:00,14,15.0,3.75,
8339,52,2024-01-25,16:15:00,17:53:00,12,15.0,1.5,
8340,238,2024-01-25,14:30:00,16:41:00,11,15.0,1.5,
8341,166,2024-01-25,12:00:00,13:43:00,11,18.0,0.0,
8342,172,2024-01-25,13:30:00,14:54:00,13,15.0,1.5,
8343,116,2024-01-25,11:30:00,13:36:00,4,18.0,0.0,
8344,14,2024-01-26,14:15:00,15:56:00,12,18.0,0.0,
8345,176,2024-01-26,14:00:00,15:14:00,12,18.0,0.0,
8346,203,2024-01-26,15:15:00,16:29:00,3,15.0,3.75,
8347,219,2024-01-26,15:30:00,16:19:00,6,15.0,3.75,
8348,135,2024-01-26,12:30:00,13:45:00,1,15.0,3.75,
8349,228,2024-01-26,14:15:00,16:20:00,1,15.0,1.5,
8350,237,2024-01-26,14:15:00,15:40:00,3,15.0,3.75,
8351,2,2024-01-26,09:15:00,11:06:00,6,15.0,6.0,
8352,177,2024-01-26,14:00:00,15:34:00,5,18.0,0.0,
8353,155,2024-01-26,14:15:00,16:44:00,7,15.0,3.75,
8354,224,2024-01-26,09:00:00,11:12:00,12,15.0,3.75,
8355,53,2024-01-26,13:00:00,14:09:00,7,15.0,1.5,
8356,75,2024-01-27,09:15:00,11:17:00,1,15.0,1.5,
8357,207,2024-01-27,10:45:00,12:41:00,12,15.0,6.0,
8358,48,2024-01-27,14:15:00,16:16:00,13,15.0,3.75,
8359,11,2024-01-27,09:45:00,10:35:00,12,18.0,0.0,
8360,48,2024-01-27,14:00:00,15:10:00,14,15.0,3.75,
8361,131,2024-01-27,12:00:00,13:09:00,11,18.0,0.0,
8362,27,2024-01-27,09:30:00,11:41:00,11,15.0,6.0,
8363,22,2024-01-27,15:45:00,17:54:00,14,18.0,0.0,
8364,139,2024-01-27,15:45:00,17:39:00,3,18.0,0.0,
8365,113,2024-01-27,16:30:00,17:52:00,2,18.0,0.0,
8366,165,2024-01-27,10:00:00,11:32:00,2,15.0,6.0,
8367,193,2024-01-27,09:30:00,11:40:00,12,15.0,1.5,
8368,2,2024-01-27,14:30:00,15:48:00,13,15.0,6.0,
8369,5,2024-01-27,10:00:00,11:55:00,7,15.0,3.75,
8370,27,2024-01-27,15:00:00,16:26:00,14,15.0,6.0,
8371,47,2024-01-27,12:30:00,13:49:00,1,15.0,1.5,
8372,191,2024-01-27,14:30:00,15:42:00,5,18.0,0.0,
8373,56,2024-01-27,10:30:00,12:12:00,12,15.0,3.75,
8374,224,2024-01-27,11:45:00,13:20:00,10,15.0,3.75,
8375,33,2024-01-27,11:45:00,14:08:00,6,15.0,3.75,
8376,186,2024-01-27,14:00:00,15:24:00,2,15.0,1.5,
8377,1,2024-01-27,16:30:00,18:20:00,5,15.0,6.0,
8378,148,2024-01-27,09:45:00,10:30:00,6,15.0,1.5,
8379,242,2024-01-28,12:30:00,13:51:00,2,15.0,3.75,
8380,106,2024-01-28,09:00:00,09:48:00,13,15.0,1.5,
8381,10,2024-01-28,16:45:00,19:00:00,12,15.0,1.5,
8382,48,2024-01-28,10:45:00,12:00:00,7,15.0,3.75,
8383,189,2024-01-28,12:00:00,13:40:00,11,15.0,3.75,
8384,57,2024-01-28,15:45:00,17:48:00,5,15.0,1.5,
8385,23,2024-01-28,14:30:00,16:32:00,13,15.0,6.0,
8386,224,2024-01-28,09:30:00,11:11:00,14,15.0,3.75,
8387,242,2024-01-28,14:15:00,15:49:00,7,15.0,3.75,
8388,118,2024-01-28,13:00:00,14:30:00,14,15.0,3.75,
8389,232,2024-01-28,14:45:00,16:15:00,12,15.0,3.75,
8390,223,2024-01-28,15:30:00,17:53:00,2,15.0,1.5,
8391,134,2024-01-28,12:45:00,14:13:00,1,15.0,1.5,
8392,165,2024-01-28,14:45:00,16:14:00,12,15.0,6.0,
8393,27,2024-01-28,12:15:00,14:25:00,7,15.0,6.0,
8394,72,2024-01-28,16:45:00,18:26:00,11,18.0,0.0,
8395,39,2024-01-28,14:00:00,16:04:00,6,15.0,1.5,
8396,9,2024-01-28,13:30:00,15:53:00,7,15.0,1.5,
8397,78,2024-01-28,10:45:00,12:52:00,3,18.0,0.0,
8398,155,2024-01-29,13:30:00,14:34:00,3,15.0,3.75,
8399,122,2024-01-29,13:45:00,14:58:00,5,15.0,1.5,
8400,61,2024-01-29,14:45:00,15:37:00,1,15.0,3.75,
8401,60,2024-01-29,09:15:00,10:19:00,11,18.0,0.0,
8402,195,2024-01-29,09:00:00,10:08:00,1,15.0,3.75,
8403,101,2024-01-29,16:45:00,19:03:00,1,18.0,0.0,
8404,2,2024-01-29,11:30:00,13:58:00,2,15.0,6.0,
8405,165,2024-01-29,14:30:00,15:27:00,6,15.0,6.0,
8406,149,2024-01-29,09:30:00,11:31:00,4,15.0,1.5,
8407,229,2024-01-29,13:30:00,15:59:00,6,18.0,0.0,
8408,237,2024-01-29,09:15:00,11:10:00,6,15.0,3.75,
8409,242,2024-01-29,13:45:00,14:57:00,10,15.0,3.75,
8410,237,2024-01-29,11:00:00,12:42:00,5,15.0,3.75,
8411,9,2024-01-29,11:00:00,12:58:00,4,15.0,1.5,
8412,10,2024-01-29,13:30:00,15:22:00,1,15.0,1.5,
8413,77,2024-01-29,10:45:00,12:26:00,4,15.0,1.5,
8414,196,2024-01-30,13:30:00,14:17:00,7,15.0,1.5,
8415,231,2024-01-30,11:45:00,12:42:00,1,15.0,1.5,
8416,194,2024-01-30,14:00:00,15:02:00,5,15.0,1.5,
8417,135,2024-01-30,13:30:00,15:07:00,1,15.0,3.75,
8418,143,2024-01-30,15:30:00,16:23:00,6,15.0,3.75,
8419,2,2024-01-30,13:45:00,16:01:00,6,15.0,6.0,
8420,235,2024-01-30,16:15:00,18:00:00,6,18.0,0.0,
8421,23,2024-01-30,12:00:00,13:25:00,14,15.0,6.0,
8422,5,2024-01-30,13:15:00,14:47:00,13,15.0,3.75,
8423,150,2024-01-30,09:30:00,10:52:00,3,18.0,0.0,
8424,22,2024-01-31,12:30:00,13:44:00,1,18.0,0.0,
8425,48,2024-01-31,16:30:00,18:55:00,4,15.0,3.75,
8426,86,2024-01-31,15:30:00,16:25:00,7,18.0,0.0,
8427,48,2024-01-31,16:30:00,17:15:00,12,15.0,3.75,
8428,154,2024-01-31,15:15:00,16:36:00,13,18.0,0.0,
8429,48,2024-01-31,13:30:00,14:58:00,2,15.0,3.75,
8430,208,2024-01-31,10:00:00,10:56:00,12,18.0,0.0,
8431,37,2024-01-31,15:45:00,16:37:00,14,18.0,0.0,
8432,31,2024-01-31,14:15:00,15:08:00,7,15.0,1.5,
8433,83,2024-01-31,14:15:00,15:09:00,1,15.0,1.5,
8434,77,2024-01-31,13:30:00,14:30:00,1,15.0,1.5,
8435,137,2024-01-31,15:15:00,16:25:00,6,18.0,0.0,
8436,114,2024-02-01,15:30:00,16:42:00,6,15.0,1.5,
8437,163,2024-02-01,15:15:00,17:05:00,3,18.0,0.0,
8438,223,2024-02-01,13:30:00,15:03:00,1,15.0,1.5,
8439,237,2024-02-01,13:15:00,14:25:00,4,15.0,3.75,
8440,64,2024-02-01,11:30:00,12:26:00,12,15.0,1.5,
8441,70,2024-02-01,10:30:00,12:16:00,3,18.0,0.0,
8442,4,2024-02-01,10:30:00,12:16:00,11,15.0,3.75,
8443,44,2024-02-01,13:30:00,15:30:00,13,15.0,1.5,
8444,2,2024-02-01,16:15:00,18:43:00,6,15.0,6.0,
8445,189,2024-02-01,10:45:00,12:25:00,1,15.0,3.75,
8446,223,2024-02-01,13:45:00,16:02:00,11,15.0,1.5,
8447,68,2024-02-01,12:15:00,13:03:00,7,18.0,0.0,
8448,119,2024-02-01,12:00:00,14:02:00,10,15.0,1.5,
8449,39,2024-02-01,15:30:00,16:49:00,7,15.0,1.5,
8450,155,2024-02-01,16:15:00,17:15:00,10,15.0,3.75,
8451,163,2024-02-01,12:00:00,12:55:00,7,18.0,0.0,
8452,103,2024-02-01,11:15:00,12:03:00,6,15.0,1.5,
8453,197,2024-02-01,15:30:00,16:32:00,12,15.0,1.5,
8454,120,2024-02-01,09:45:00,11:55:00,1,15.0,1.5,
8455,186,2024-02-01,11:00:00,11:50:00,6,15.0,1.5,
8456,107,2024-02-01,15:45:00,16:43:00,7,15.0,3.75,
8457,71,2024-02-02,09:15:00,10:17:00,11,15.0,1.5,
8458,108,2024-02-02,14:00:00,15:21:00,2,15.0,1.5,
8459,165,2024-02-02,09:30:00,10:36:00,10,15.0,6.0,
8460,7,2024-02-02,15:30:00,17:50:00,10,15.0,1.5,
8461,196,2024-02-02,13:45:00,16:03:00,12,15.0,1.5,
8462,48,2024-02-02,10:45:00,12:53:00,10,15.0,3.75,
8463,75,2024-02-02,13:45:00,14:35:00,3,15.0,1.5,
8464,155,2024-02-02,11:45:00,14:07:00,14,15.0,3.75,
8465,174,2024-02-02,11:15:00,12:35:00,12,15.0,1.5,
8466,165,2024-02-02,16:45:00,17:40:00,12,15.0,6.0,
8467,189,2024-02-02,16:45:00,18:06:00,4,15.0,3.75,
8468,143,2024-02-02,15:30:00,17:24:00,3,15.0,3.75,
8469,8,2024-02-02,10:15:00,11:20:00,6,15.0,1.5,
8470,135,2024-02-02,16:30:00,18:23:00,2,15.0,3.75,
8471,35,2024-02-02,10:00:00,11:35:00,7,18.0,0.0,
8472,204,2024-02-02,09:30:00,11:48:00,5,18.0,0.0,
8473,8,2024-02-03,15:30:00,17:33:00,3,15.0,1.5,
8474,5,2024-02-03,13:00:00,14:15:00,4,15.0,3.75,
8475,155,2024-02-03,14:30:00,16:05:00,1,15.0,3.75,
8476,2,2024-02-03,15:00:00,17:01:00,13,15.0,6.0,
8477,100,2024-02-03,15:00:00,17:12:00,5,15.0,1.5,
8478,36,2024-02-03,12:30:00,13:59:00,2,15.0,3.75,
8479,237,2024-02-03,12:30:00,13:58:00,13,15.0,3.75,
8480,155,2024-02-03,16:30:00,18:09:00,10,15.0,3.75,
8481,189,2024-02-03,12:15:00,14:00:00,7,15.0,3.75,
8482,238,2024-02-03,11:15:00,12:28:00,14,15.0,1.5,
8483,51,2024-02-03,11:45:00,13:27:00,11,15.0,1.5,
8484,43,2024-02-03,09:15:00,10:46:00,11,15.0,3.75,
8485,230,2024-02-03,12:15:00,13:52:00,7,18.0,0.0,
8486,126,2024-02-03,13:45:00,16:05:00,10,15.0,1.5,
8487,78,2024-02-03,09:45:00,11:41:00,1,18.0,0.0,
8488,231,2024-02-03,12:30:00,13:51:00,6,15.0,1.5,
8489,25,2024-02-03,13:30:00,14:47:00,5,15.0,1.5,
8490,189,2024-02-03,09:00:00,11:22:00,7,15.0,3.75,
8491,233,2024-02-03,10:15:00,12:26:00,14,15.0,3.75,
8492,1,2024-02-03,12:45:00,15:02:00,3,15.0,6.0,
8493,8,2024-02-04,14:00:00,15:09:00,7,15.0,1.5,
8494,149,2024-02-04,10:00:00,10:59:00,13,15.0,1.5,
8495,9,2024-02-04,16:45:00,17:50:00,11,15.0,1.5,
8496,165,2024-02-04,16:45:00,18:48:00,12,15.0,6.0,
8497,75,2024-02-04,15:45:00,17:32:00,2,15.0,1.5,
8498,175,2024-02-04,15:30:00,17:56:00,10,18.0,0.0,
8499,180,2024-02-04,13:45:00,14:40:00,12,18.0,0.0,
8500,93,2024-02-04,10:15:00,12:00:00,4,15.0,1.5,
8501,110,2024-02-04,09:15:00,10:16:00,11,15.0,3.75,
8502,136,2024-02-04,16:15:00,17:05:00,2,18.0,0.0,
8503,128,2024-02-04,15:30:00,16:19:00,14,15.0,1.5,
8504,182,2024-02-04,14:00:00,16:10:00,2,15.0,1.5,
8505,149,2024-02-04,14:30:00,15:31:00,10,15.0,1.5,
8506,193,2024-02-04,15:45:00,18:02:00,2,15.0,1.5,
8507,162,2024-02-04,13:15:00,14:38:00,4,15.0,3.75,
8508,240,2024-02-04,09:45:00,11:43:00,2,15.0,6.0,
8509,37,2024-02-04,09:00:00,10:20:00,13,18.0,0.0,
8510,202,2024-02-04,11:45:00,13:47:00,5,18.0,0.0,
8511,119,2024-02-04,16:00:00,18:21:00,12,15.0,1.5,
8512,123,2024-02-04,11:15:00,12:36:00,6,18.0,0.0,
8513,155,2024-02-04,15:15:00,16:35:00,14,15.0,3.75,
8514,63,2024-02-05,12:45:00,14:34:00,1,15.0,1.5,
8515,207,2024-02-05,13:30:00,14:24:00,5,15.0,6.0,
8516,240,2024-02-05,16:00:00,17:46:00,5,15.0,6.0,
8517,2,2024-02-05,09:30:00,10:15:00,12,15.0,6.0,
8518,2,2024-02-05,11:30:00,13:46:00,3,15.0,6.0,
8519,238,2024-02-05,10:00:00,10:58:00,11,15.0,1.5,
8520,149,2024-02-05,16:00:00,17:01:00,10,15.0,1.5,
8521,128,2024-02-05,16:00:00,17:51:00,10,15.0,1.5,
8522,108,2024-02-05,12:45:00,13:36:00,3,15.0,1.5,
8523,71,2024-02-05,09:30:00,10:27:00,4,15.0,1.5,
8524,44,2024-02-05,11:00:00,11:58:00,3,15.0,1.5,
8525,2,2024-02-05,11:30:00,13:07:00,2,15.0,6.0,
8526,11,2024-02-05,13:15:00,15:16:00,12,18.0,0.0,
8527,196,2024-02-05,10:30:00,11:44:00,4,15.0,1.5,
8528,21,2024-02-05,16:15:00,17:33:00,13,15.0,1.5,
8529,174,2024-02-05,10:30:00,12:55:00,2,15.0,1.5,
8530,195,2024-02-05,09:15:00,10:01:00,7,15.0,3.75,
8531,120,2024-02-05,11:15:00,13:27:00,10,15.0,1.5,
8532,110,2024-02-05,11:15:00,12:01:00,3,15.0,3.75,
8533,100,2024-02-05,10:00:00,10:58:00,5,15.0,1.5,
8534,121,2024-02-05,12:45:00,13:56:00,2,15.0,1.5,
8535,196,2024-02-06,14:15:00,16:45:00,2,15.0,1.5,
8536,96,2024-02-06,10:45:00,11:47:00,13,15.0,1.5,
8537,103,2024-02-06,11:30:00,12:22:00,4,15.0,1.5,
8538,42,2024-02-06,14:30:00,15:59:00,6,15.0,1.5,
8539,180,2024-02-06,10:30:00,12:08:00,14,18.0,0.0,
8540,74,2024-02-06,15:30:00,16:38:00,4,15.0,3.75,
8541,173,2024-02-06,10:00:00,11:24:00,12,18.0,0.0,
8542,73,2024-02-06,15:00:00,16:58:00,13,15.0,3.75,
8543,55,2024-02-06,10:45:00,12:25:00,12,18.0,0.0,
8544,135,2024-02-06,11:45:00,12:58:00,10,15.0,3.75,
8545,44,2024-02-06,09:15:00,10:24:00,4,15.0,1.5,
8546,180,2024-02-06,16:30:00,17:59:00,2,18.0,0.0,
8547,42,2024-02-06,15:00:00,15:49:00,5,15.0,1.5,
8548,189,2024-02-06,11:45:00,13:02:00,4,15.0,3.75,
8549,227,2024-02-06,13:00:00,15:25:00,7,18.0,0.0,
8550,71,2024-02-06,10:30:00,11:30:00,14,15.0,1.5,
8551,33,2024-02-06,15:15:00,16:50:00,1,15.0,3.75,
8552,91,2024-02-07,14:45:00,17:00:00,5,15.0,3.75,
8553,83,2024-02-07,13:00:00,14:06:00,13,15.0,1.5,
8554,8,2024-02-07,16:00:00,17:42:00,10,15.0,1.5,
8555,72,2024-02-07,11:45:00,13:28:00,13,18.0,0.0,
8556,98,2024-02-07,13:45:00,15:37:00,6,15.0,3.75,
8557,173,2024-02-07,12:15:00,13:03:00,10,18.0,0.0,
8558,202,2024-02-07,15:30:00,16:57:00,7,18.0,0.0,
8559,35,2024-02-07,09:30:00,11:12:00,13,18.0,0.0,
8560,180,2024-02-07,14:45:00,17:01:00,14,18.0,0.0,
8561,3,2024-02-07,13:15:00,14:45:00,13,15.0,3.75,
8562,154,2024-02-07,13:30:00,15:45:00,11,18.0,0.0,
8563,134,2024-02-08,13:15:00,14:00:00,3,15.0,1.5,
8564,61,2024-02-08,16:45:00,19:14:00,1,15.0,3.75,
8565,106,2024-02-08,13:30:00,15:10:00,14,15.0,1.5,
8566,27,2024-02-08,14:30:00,15:47:00,2,15.0,6.0,
8567,177,2024-02-08,10:15:00,11:07:00,6,18.0,0.0,
8568,76,2024-02-08,14:30:00,15:57:00,7,15.0,3.75,
8569,33,2024-02-08,12:00:00,13:13:00,3,15.0,3.75,
8570,160,2024-02-08,10:00:00,12:24:00,14,15.0,3.75,
8571,233,2024-02-08,10:45:00,11:43:00,3,15.0,3.75,
8572,201,2024-02-08,15:15:00,16:30:00,10,15.0,1.5,
8573,64,2024-02-08,15:45:00,17:48:00,12,15.0,1.5,
8574,172,2024-02-08,09:30:00,10:41:00,10,15.0,1.5,
8575,110,2024-02-08,16:45:00,17:38:00,2,15.0,3.75,
8576,160,2024-02-08,13:00:00,14:09:00,10,15.0,3.75,
8577,155,2024-02-08,09:15:00,11:20:00,1,15.0,3.75,
8578,75,2024-02-09,09:45:00,10:54:00,7,15.0,1.5,
8579,215,2024-02-09,12:45:00,15:04:00,13,15.0,3.75,
8580,155,2024-02-09,10:15:00,11:12:00,6,15.0,3.75,
8581,179,2024-02-09,16:00:00,18:06:00,5,15.0,3.75,
8582,119,2024-02-09,14:45:00,15:55:00,3,15.0,1.5,
8583,218,2024-02-09,14:00:00,16:22:00,7,15.0,1.5,
8584,172,2024-02-09,13:45:00,16:04:00,10,15.0,1.5,
8585,218,2024-02-09,15:15:00,16:59:00,3,15.0,1.5,
8586,172,2024-02-09,12:45:00,13:54:00,1,15.0,1.5,
8587,14,2024-02-09,16:15:00,17:01:00,1,18.0,0.0,
8588,185,2024-02-09,11:00:00,12:04:00,13,18.0,0.0,
8589,232,2024-02-10,12:15:00,13:24:00,12,15.0,3.75,
8590,232,2024-02-10,12:45:00,14:27:00,10,15.0,3.75,
8591,155,2024-02-10,14:15:00,16:22:00,13,15.0,3.75,
8592,24,2024-02-10,09:30:00,11:41:00,2,15.0,3.75,
8593,172,2024-02-10,15:00:00,16:23:00,10,15.0,1.5,
8594,23,2024-02-10,10:00:00,11:04:00,3,15.0,6.0,
8595,46,2024-02-10,15:00:00,16:10:00,5,18.0,0.0,
8596,238,2024-02-10,16:15:00,17:53:00,14,15.0,1.5,
8597,47,2024-02-10,11:30:00,13:20:00,4,15.0,1.5,
8598,215,2024-02-10,11:15:00,13:14:00,14,15.0,3.75,
8599,64,2024-02-10,12:15:00,13:32:00,5,15.0,1.5,
8600,189,2024-02-10,13:45:00,15:37:00,11,15.0,3.75,
8601,228,2024-02-10,16:00:00,17:49:00,2,15.0,1.5,
8602,69,2024-02-10,16:45:00,18:49:00,10,15.0,3.75,
8603,152,2024-02-10,13:15:00,14:23:00,10,15.0,3.75,
8604,143,2024-02-10,11:00:00,11:57:00,7,15.0,3.75,
8605,156,2024-02-10,12:30:00,14:43:00,12,18.0,0.0,
8606,35,2024-02-10,12:00:00,13:08:00,11,18.0,0.0,
8607,215,2024-02-10,14:30:00,15:55:00,1,15.0,3.75,
8608,182,2024-02-10,13:15:00,14:21:00,13,15.0,1.5,
8609,215,2024-02-10,16:30:00,18:11:00,7,15.0,3.75,
8610,158,2024-02-11,10:45:00,11:36:00,3,15.0,3.75,
8611,53,2024-02-11,13:00:00,13:53:00,5,15.0,1.5,
8612,160,2024-02-11,16:15:00,18:43:00,1,15.0,3.75,
8613,215,2024-02-11,09:45:00,12:13:00,13,15.0,3.75,
8614,2,2024-02-11,13:30:00,14:35:00,7,15.0,6.0,
8615,238,2024-02-11,11:30:00,12:18:00,4,15.0,1.5,
8616,194,2024-02-11,15:45:00,16:51:00,6,15.0,1.5,
8617,220,2024-02-11,15:00:00,16:15:00,7,18.0,0.0,
8618,34,2024-02-11,13:45:00,15:18:00,6,18.0,0.0,
8619,182,2024-02-11,15:45:00,18:01:00,4,15.0,1.5,
8620,165,2024-02-11,10:00:00,11:26:00,6,15.0,6.0,
8621,155,2024-02-11,15:30:00,17:41:00,5,15.0,3.75,
8622,159,2024-02-11,14:30:00,16:36:00,12,15.0,1.5,
8623,121,2024-02-11,12:15:00,13:27:00,3,15.0,1.5,
8624,155,2024-02-11,09:30:00,11:07:00,11,15.0,3.75,
8625,134,2024-02-11,15:30:00,16:35:00,13,15.0,1.5,
8626,2,2024-02-11,13:30:00,14:54:00,1,15.0,6.0,
8627,14,2024-02-11,11:30:00,13:20:00,1,18.0,0.0,
8628,231,2024-02-11,10:30:00,11:16:00,3,15.0,1.5,
8629,60,2024-02-12,09:15:00,10:49:00,6,18.0,0.0,
8630,107,2024-02-12,09:00:00,10:07:00,6,15.0,3.75,
8631,42,2024-02-12,09:15:00,10:49:00,4,15.0,1.5,
8632,209,2024-02-12,13:00:00,14:21:00,4,18.0,0.0,
8633,189,2024-02-12,16:30:00,18:10:00,11,15.0,3.75,
8634,107,2024-02-12,12:15:00,13:17:00,3,15.0,3.75,
8635,182,2024-02-12,12:45:00,13:32:00,5,15.0,1.5,
8636,120,2024-02-12,09:30:00,10:30:00,7,15.0,1.5,
8637,175,2024-02-12,10:00:00,11:17:00,1,18.0,0.0,
8638,61,2024-02-12,16:45:00,19:05:00,10,15.0,3.75,
8639,213,2024-02-12,10:30:00,11:51:00,5,15.0,1.5,
8640,11,2024-02-12,14:45:00,16:45:00,3,18.0,0.0,
8641,170,2024-02-12,09:30:00,10:33:00,13,15.0,1.5,
8642,59,2024-02-12,09:15:00,11:41:00,5,15.0,1.5,
8643,155,2024-02-12,14:00:00,15:24:00,3,15.0,3.75,
8644,77,2024-02-12,10:15:00,11:08:00,10,15.0,1.5,
8645,6,2024-02-12,09:30:00,11:31:00,3,15.0,1.5,
8646,80,2024-02-12,09:30:00,11:21:00,10,18.0,0.0,
8647,155,2024-02-12,15:45:00,16:44:00,13,15.0,3.75,
8648,194,2024-02-12,16:00:00,18:10:00,12,15.0,1.5,
8649,8,2024-02-12,12:45:00,14:02:00,10,15.0,1.5,
8650,73,2024-02-13,16:00:00,17:57:00,7,15.0,3.75,
8651,83,2024-02-13,10:45:00,12:08:00,7,15.0,1.5,
8652,172,2024-02-13,13:00:00,14:25:00,12,15.0,1.5,
8653,27,2024-02-13,14:30:00,15:27:00,10,15.0,6.0,
8654,103,2024-02-13,09:45:00,11:21:00,6,15.0,1.5,
8655,165,2024-02-13,15:30:00,17:00:00,12,15.0,6.0,
8656,195,2024-02-13,11:45:00,13:13:00,2,15.0,3.75,
8657,240,2024-02-13,15:15:00,16:48:00,5,15.0,6.0,
8658,238,2024-02-13,16:30:00,17:41:00,12,15.0,1.5,
8659,38,2024-02-13,14:15:00,15:15:00,2,15.0,1.5,
8660,38,2024-02-13,11:15:00,12:35:00,12,15.0,1.5,
8661,77,2024-02-13,12:45:00,15:14:00,1,15.0,1.5,
8662,148,2024-02-13,11:00:00,13:13:00,12,15.0,1.5,
8663,23,2024-02-13,12:15:00,14:25:00,14,15.0,6.0,
8664,79,2024-02-13,16:00:00,18:10:00,5,18.0,0.0,
8665,179,2024-02-13,09:45:00,11:41:00,4,15.0,3.75,
8666,67,2024-02-14,10:45:00,12:45:00,7,15.0,3.75,
8667,143,2024-02-14,15:45:00,16:51:00,11,15.0,3.75,
8668,48,2024-02-14,16:00:00,18:04:00,12,15.0,3.75,
8669,155,2024-02-14,10:45:00,13:12:00,7,15.0,3.75,
8670,120,2024-02-14,10:30:00,11:41:00,5,15.0,1.5,
8671,240,2024-02-14,16:45:00,17:59:00,12,15.0,6.0,
8672,69,2024-02-14,09:00:00,10:49:00,12,15.0,3.75,
8673,1,2024-02-14,11:00:00,12:17:00,1,15.0,6.0,
8674,219,2024-02-14,12:15:00,14:31:00,14,15.0,3.75,
8675,231,2024-02-14,15:15:00,16:14:00,10,15.0,1.5,
8676,203,2024-02-14,12:30:00,14:40:00,3,15.0,3.75,
8677,23,2024-02-14,11:30:00,13:43:00,7,15.0,6.0,
8678,89,2024-02-14,13:15:00,14:47:00,1,15.0,1.5,
8679,35,2024-02-14,16:15:00,17:25:00,5,18.0,0.0,
8680,135,2024-02-14,16:45:00,17:34:00,6,15.0,3.75,
8681,215,2024-02-14,10:45:00,11:57:00,14,15.0,3.75,
8682,1,2024-02-14,10:15:00,12:33:00,11,15.0,6.0,
8683,98,2024-02-14,16:15:00,17:02:00,14,15.0,3.75,
8684,4,2024-02-15,09:15:00,10:27:00,1,15.0,3.75,
8685,105,2024-02-15,12:00:00,13:37:00,13,18.0,0.0,
8686,24,2024-02-15,11:00:00,13:01:00,11,15.0,3.75,
8687,2,2024-02-15,11:15:00,13:40:00,3,15.0,6.0,
8688,107,2024-02-15,13:15:00,14:56:00,5,15.0,3.75,
8689,96,2024-02-15,16:30:00,17:58:00,2,15.0,1.5,
8690,165,2024-02-15,16:45:00,18:18:00,7,15.0,6.0,
8691,4,2024-02-15,14:30:00,16:44:00,11,15.0,3.75,
8692,182,2024-02-15,15:30:00,16:15:00,2,15.0,1.5,
8693,63,2024-02-15,14:45:00,17:13:00,3,15.0,1.5,
8694,27,2024-02-16,12:15:00,14:03:00,13,15.0,6.0,
8695,67,2024-02-16,11:45:00,12:45:00,2,15.0,3.75,
8696,48,2024-02-16,13:30:00,14:49:00,3,15.0,3.75,
8697,98,2024-02-16,10:00:00,11:43:00,4,15.0,3.75,
8698,11,2024-02-16,11:00:00,12:30:00,4,18.0,0.0,
8699,234,2024-02-16,09:15:00,10:17:00,3,18.0,0.0,
8700,105,2024-02-16,10:15:00,11:19:00,6,18.0,0.0,
8701,114,2024-02-16,12:00:00,13:41:00,5,15.0,1.5,
8702,233,2024-02-16,14:45:00,17:03:00,6,15.0,3.75,
8703,217,2024-02-16,13:00:00,15:15:00,14,15.0,1.5,
8704,2,2024-02-16,13:30:00,14:59:00,3,15.0,6.0,
8705,73,2024-02-16,10:00:00,11:27:00,13,15.0,3.75,
8706,71,2024-02-16,16:00:00,17:55:00,4,15.0,1.5,
8707,219,2024-02-16,15:30:00,16:26:00,5,15.0,3.75,
8708,44,2024-02-16,13:15:00,15:36:00,4,15.0,1.5,
8709,74,2024-02-16,11:15:00,12:50:00,5,15.0,3.75,
8710,160,2024-02-16,09:00:00,10:58:00,12,15.0,3.75,
8711,237,2024-02-17,15:15:00,16:25:00,1,15.0,3.75,
8712,96,2024-02-17,11:30:00,13:14:00,4,15.0,1.5,
8713,48,2024-02-17,09:45:00,12:02:00,11,15.0,3.75,
8714,15,2024-02-17,16:00:00,18:16:00,5,18.0,0.0,
8715,44,2024-02-17,15:45:00,17:20:00,11,15.0,1.5,
8716,206,2024-02-17,09:45:00,11:09:00,5,18.0,0.0,
8717,8,2024-02-17,09:00:00,09:55:00,7,15.0,1.5,
8718,232,2024-02-17,15:30:00,16:20:00,14,15.0,3.75,
8719,64,2024-02-17,11:15:00,13:01:00,4,15.0,1.5,
8720,155,2024-02-17,11:15:00,13:16:00,1,15.0,3.75,
8721,231,2024-02-17,09:45:00,11:00:00,1,15.0,1.5,
8722,2,2024-02-17,13:30:00,15:05:00,5,15.0,6.0,
8723,111,2024-02-17,15:45:00,17:33:00,4,15.0,1.5,
8724,70,2024-02-17,16:15:00,17:03:00,4,18.0,0.0,
8725,93,2024-02-17,16:15:00,18:16:00,12,15.0,1.5,
8726,76,2024-02-17,11:15:00,13:17:00,1,15.0,3.75,
8727,219,2024-02-17,16:45:00,18:39:00,14,15.0,3.75,
8728,91,2024-02-18,12:00:00,13:53:00,1,15.0,3.75,
8729,155,2024-02-18,12:45:00,14:49:00,5,15.0,3.75,
8730,91,2024-02-18,14:00:00,15:29:00,11,15.0,3.75,
8731,46,2024-02-18,14:30:00,16:07:00,10,18.0,0.0,
8732,115,2024-02-18,14:15:00,15:21:00,4,18.0,0.0,
8733,44,2024-02-18,12:00:00,13:45:00,11,15.0,1.5,
8734,179,2024-02-18,13:45:00,15:56:00,10,15.0,3.75,
8735,73,2024-02-18,09:00:00,10:47:00,3,15.0,3.75,
8736,83,2024-02-18,10:30:00,12:53:00,3,15.0,1.5,
8737,165,2024-02-18,12:30:00,14:55:00,2,15.0,6.0,
8738,193,2024-02-18,16:15:00,17:58:00,3,15.0,1.5,
8739,1,2024-02-18,10:00:00,11:00:00,3,15.0,6.0,
8740,233,2024-02-18,09:30:00,11:28:00,7,15.0,3.75,
8741,23,2024-02-19,11:15:00,13:16:00,10,15.0,6.0,
8742,89,2024-02-19,11:30:00,13:13:00,2,15.0,1.5,
8743,231,2024-02-19,16:15:00,17:12:00,7,15.0,1.5,
8744,86,2024-02-19,11:00:00,13:22:00,10,18.0,0.0,
8745,63,2024-02-19,15:45:00,17:28:00,11,15.0,1.5,
8746,223,2024-02-19,16:45:00,17:44:00,1,15.0,1.5,
8747,227,2024-02-19,10:15:00,12:07:00,14,18.0,0.0,
8748,160,2024-02-19,12:30:00,14:48:00,10,15.0,3.75,
8749,135,2024-02-19,14:15:00,15:10:00,3,15.0,3.75,
8750,1,2024-02-19,16:30:00,18:46:00,6,15.0,6.0,
8751,77,2024-02-20,10:00:00,11:27:00,6,15.0,1.5,
8752,173,2024-02-20,11:15:00,13:41:00,11,18.0,0.0,
8753,27,2024-02-20,10:30:00,11:28:00,6,15.0,6.0,
8754,75,2024-02-20,13:00:00,13:47:00,5,15.0,1.5,
8755,231,2024-02-20,11:45:00,12:56:00,13,15.0,1.5,
8756,64,2024-02-20,12:30:00,13:43:00,4,15.0,1.5,
8757,98,2024-02-20,12:45:00,14:29:00,1,15.0,3.75,
8758,219,2024-02-20,09:45:00,11:04:00,2,15.0,3.75,
8759,39,2024-02-20,10:15:00,12:16:00,1,15.0,1.5,
8760,164,2024-02-20,16:30:00,18:56:00,13,15.0,1.5,
8761,6,2024-02-20,12:30:00,13:24:00,2,15.0,1.5,
8762,91,2024-02-20,15:15:00,16:48:00,1,15.0,3.75,
8763,215,2024-02-20,14:15:00,16:13:00,14,15.0,3.75,
8764,231,2024-02-20,13:00:00,13:52:00,11,15.0,1.5,
8765,155,2024-02-20,12:00:00,13:50:00,1,15.0,3.75,
8766,228,2024-02-20,16:00:00,17:24:00,10,15.0,1.5,
8767,101,2024-02-20,11:00:00,12:44:00,13,18.0,0.0,
8768,26,2024-02-20,16:15:00,18:25:00,1,18.0,0.0,
8769,165,2024-02-20,15:30:00,17:13:00,1,15.0,6.0,
8770,121,2024-02-20,10:30:00,12:19:00,12,15.0,1.5,
8771,181,2024-02-20,11:00:00,13:10:00,6,15.0,1.5,
8772,8,2024-02-20,16:30:00,17:44:00,11,15.0,1.5,
8773,160,2024-02-21,10:15:00,11:53:00,5,15.0,3.75,
8774,25,2024-02-21,10:30:00,12:02:00,14,15.0,1.5,
8775,236,2024-02-21,11:15:00,12:28:00,4,15.0,1.5,
8776,71,2024-02-21,11:45:00,13:57:00,6,15.0,1.5,
8777,108,2024-02-21,11:00:00,12:42:00,10,15.0,1.5,
8778,179,2024-02-21,11:00:00,13:19:00,2,15.0,3.75,
8779,155,2024-02-21,13:30:00,15:54:00,12,15.0,3.75,
8780,184,2024-02-21,10:00:00,10:50:00,11,18.0,0.0,
8781,69,2024-02-21,15:15:00,16:41:00,12,15.0,3.75,
8782,110,2024-02-21,11:00:00,12:05:00,5,15.0,3.75,
8783,56,2024-02-21,15:45:00,18:02:00,14,15.0,3.75,
8784,148,2024-02-21,10:45:00,13:01:00,6,15.0,1.5,
8785,242,2024-02-22,09:15:00,11:35:00,5,15.0,3.75,
8786,3,2024-02-22,15:15:00,17:29:00,5,15.0,3.75,
8787,91,2024-02-22,09:45:00,12:00:00,4,15.0,3.75,
8788,154,2024-02-22,10:00:00,11:04:00,10,18.0,0.0,
8789,6,2024-02-22,16:45:00,18:10:00,14,15.0,1.5,
8790,1,2024-02-22,10:45:00,12:09:00,3,15.0,6.0,
8791,111,2024-02-22,13:45:00,15:20:00,12,15.0,1.5,
8792,148,2024-02-22,13:00:00,14:03:00,5,15.0,1.5,
8793,155,2024-02-22,15:45:00,17:07:00,11,15.0,3.75,
8794,181,2024-02-22,13:00:00,14:21:00,7,15.0,1.5,
8795,103,2024-02-22,10:15:00,11:36:00,5,15.0,1.5,
8796,34,2024-02-22,14:00:00,15:33:00,13,18.0,0.0,
8797,135,2024-02-22,15:00:00,16:42:00,13,15.0,3.75,
8798,107,2024-02-22,16:45:00,17:50:00,13,15.0,3.75,
8799,8,2024-02-22,09:45:00,10:50:00,12,15.0,1.5,
8800,44,2024-02-22,10:15:00,11:49:00,5,15.0,1.5,
8801,155,2024-02-22,12:00:00,12:54:00,10,15.0,3.75,
8802,238,2024-02-22,10:00:00,11:45:00,2,15.0,1.5,
8803,219,2024-02-23,09:45:00,11:02:00,13,15.0,3.75,
8804,26,2024-02-23,16:00:00,18:15:00,13,18.0,0.0,
8805,110,2024-02-23,13:30:00,15:03:00,11,15.0,3.75,
8806,122,2024-02-23,13:45:00,14:42:00,4,15.0,1.5,
8807,27,2024-02-23,11:30:00,12:46:00,10,15.0,6.0,
8808,51,2024-02-23,15:30:00,17:38:00,4,15.0,1.5,
8809,121,2024-02-23,11:15:00,13:02:00,6,15.0,1.5,
8810,51,2024-02-23,14:30:00,16:43:00,1,15.0,1.5,
8811,23,2024-02-23,09:45:00,11:35:00,10,15.0,6.0,
8812,4,2024-02-23,16:45:00,17:54:00,3,15.0,3.75,
8813,182,2024-02-23,15:00:00,16:09:00,7,15.0,1.5,
8814,44,2024-02-23,12:15:00,14:08:00,1,15.0,1.5,
8815,56,2024-02-23,15:30:00,16:29:00,1,15.0,3.75,
8816,133,2024-02-23,12:15:00,13:24:00,4,18.0,0.0,
8817,160,2024-02-23,15:30:00,16:38:00,1,15.0,3.75,
8818,189,2024-02-23,10:15:00,12:43:00,11,15.0,3.75,
8819,172,2024-02-23,11:45:00,13:50:00,12,15.0,1.5,
8820,238,2024-02-23,15:30:00,16:52:00,2,15.0,1.5,
8821,36,2024-02-23,10:15:00,11:02:00,12,15.0,3.75,
8822,42,2024-02-23,15:30:00,17:06:00,1,15.0,1.5,
8823,27,2024-02-23,15:00:00,16:13:00,1,15.0,6.0,
8824,198,2024-02-23,11:00:00,13:07:00,7,15.0,3.75,
8825,203,2024-02-23,14:45:00,17:15:00,4,15.0,3.75,
8826,77,2024-02-24,10:30:00,11:15:00,12,15.0,1.5,
8827,186,2024-02-24,10:30:00,12:29:00,6,15.0,1.5,
8828,155,2024-02-24,12:45:00,13:44:00,4,15.0,3.75,
8829,89,2024-02-24,15:00:00,16:41:00,3,15.0,1.5,
8830,24,2024-02-24,11:30:00,13:53:00,14,15.0,3.75,
8831,217,2024-02-24,09:30:00,11:45:00,3,15.0,1.5,
8832,48,2024-02-24,11:15:00,13:13:00,6,15.0,3.75,
8833,5,2024-02-24,10:45:00,13:06:00,10,15.0,3.75,
8834,108,2024-02-24,13:45:00,16:03:00,1,15.0,1.5,
8835,126,2024-02-24,13:15:00,15:28:00,4,15.0,1.5,
8836,3,2024-02-24,12:00:00,13:33:00,11,15.0,3.75,
8837,8,2024-02-24,14:45:00,16:19:00,11,15.0,1.5,
8838,154,2024-02-24,10:45:00,11:57:00,7,18.0,0.0,
8839,56,2024-02-24,09:15:00,11:28:00,1,15.0,3.75,
8840,83,2024-02-24,12:00:00,14:04:00,3,15.0,1.5,
8841,91,2024-02-24,16:15:00,17:21:00,12,15.0,3.75,
8842,5,2024-02-24,15:30:00,17:04:00,14,15.0,3.75,
8843,138,2024-02-24,16:15:00,17:57:00,4,18.0,0.0,
8844,2,2024-02-24,16:00:00,16:51:00,14,15.0,6.0,
8845,91,2024-02-24,16:45:00,17:32:00,7,15.0,3.75,
8846,2,2024-02-24,13:45:00,14:50:00,4,15.0,6.0,
8847,103,2024-02-25,16:15:00,17:30:00,4,15.0,1.5,
8848,217,2024-02-25,09:45:00,10:44:00,3,15.0,1.5,
8849,110,2024-02-25,14:30:00,15:24:00,10,15.0,3.75,
8850,143,2024-02-25,11:15:00,12:58:00,6,15.0,3.75,
8851,52,2024-02-25,09:45:00,10:41:00,10,15.0,1.5,
8852,216,2024-02-25,10:30:00,11:46:00,13,18.0,0.0,
8853,126,2024-02-25,16:30:00,18:29:00,14,15.0,1.5,
8854,52,2024-02-25,10:15:00,11:21:00,4,15.0,1.5,
8855,98,2024-02-25,11:15:00,12:20:00,1,15.0,3.75,
8856,213,2024-02-25,16:15:00,18:14:00,13,15.0,1.5,
8857,39,2024-02-25,15:45:00,18:12:00,3,15.0,1.5,
8858,29,2024-02-25,14:00:00,16:00:00,7,18.0,0.0,
8859,237,2024-02-25,13:30:00,15:11:00,6,15.0,3.75,
8860,215,2024-02-25,16:30:00,17:56:00,5,15.0,3.75,
8861,67,2024-02-25,13:45:00,15:38:00,10,15.0,3.75,
8862,52,2024-02-25,11:30:00,13:10:00,6,15.0,1.5,
8863,26,2024-02-25,13:00:00,14:51:00,5,18.0,0.0,
8864,70,2024-02-25,10:45:00,11:35:00,4,18.0,0.0,
8865,192,2024-02-25,13:30:00,15:26:00,2,18.0,0.0,
8866,92,2024-02-25,13:45:00,15:24:00,5,18.0,0.0,
8867,71,2024-02-25,14:00:00,15:31:00,7,15.0,1.5,
8868,74,2024-02-26,16:30:00,18:38:00,4,15.0,3.75,
8869,91,2024-02-26,14:00:00,16:25:00,3,15.0,3.75,
8870,86,2024-02-26,15:15:00,17:25:00,11,18.0,0.0,
8871,134,2024-02-26,13:30:00,15:09:00,7,15.0,1.5,
8872,61,2024-02-26,10:00:00,11:17:00,11,15.0,3.75,
8873,201,2024-02-26,13:45:00,14:53:00,14,15.0,1.5,
8874,15,2024-02-26,15:00:00,16:25:00,11,18.0,0.0,
8875,111,2024-02-26,13:00:00,14:03:00,6,15.0,1.5,
8876,29,2024-02-26,14:00:00,15:43:00,13,18.0,0.0,
8877,231,2024-02-26,10:45:00,11:46:00,6,15.0,1.5,
8878,231,2024-02-26,14:45:00,15:31:00,2,15.0,1.5,
8879,92,2024-02-26,11:15:00,12:55:00,5,18.0,0.0,
8880,189,2024-02-26,11:00:00,12:24:00,1,15.0,3.75,
8881,232,2024-02-26,16:00:00,17:34:00,4,15.0,3.75,
8882,59,2024-02-26,13:00:00,14:59:00,12,15.0,1.5,
8883,194,2024-02-26,12:00:00,13:46:00,3,15.0,1.5,
8884,161,2024-02-27,11:45:00,12:32:00,10,18.0,0.0,
8885,105,2024-02-27,09:15:00,10:45:00,7,18.0,0.0,
8886,10,2024-02-27,12:45:00,14:07:00,14,15.0,1.5,
8887,233,2024-02-27,10:00:00,12:25:00,12,15.0,3.75,
8888,168,2024-02-27,13:15:00,14:56:00,1,18.0,0.0,
8889,108,2024-02-27,12:30:00,14:40:00,12,15.0,1.5,
8890,122,2024-02-27,12:30:00,14:27:00,4,15.0,1.5,
8891,195,2024-02-27,14:45:00,16:04:00,5,15.0,3.75,
8892,235,2024-02-27,10:30:00,12:47:00,7,18.0,0.0,
8893,217,2024-02-27,10:00:00,12:04:00,5,15.0,1.5,
8894,233,2024-02-27,14:30:00,16:16:00,4,15.0,3.75,
8895,23,2024-02-27,10:45:00,12:10:00,1,15.0,6.0,
8896,162,2024-02-27,15:45:00,17:21:00,6,15.0,3.75,
8897,219,2024-02-27,16:30:00,17:43:00,6,15.0,3.75,
8898,195,2024-02-27,14:00:00,15:16:00,4,15.0,3.75,
8899,186,2024-02-28,16:15:00,18:10:00,3,15.0,1.5,
8900,171,2024-02-28,12:45:00,13:40:00,3,18.0,0.0,
8901,7,2024-02-28,15:00:00,16:56:00,2,15.0,1.5,
8902,100,2024-02-28,11:00:00,12:45:00,13,15.0,1.5,
8903,11,2024-02-28,09:15:00,11:16:00,5,18.0,0.0,
8904,138,2024-02-28,09:30:00,11:41:00,12,18.0,0.0,
8905,1,2024-02-28,11:00:00,12:52:00,6,15.0,6.0,
8906,5,2024-02-28,09:15:00,10:34:00,4,15.0,3.75,
8907,143,2024-02-28,16:30:00,18:21:00,13,15.0,3.75,
8908,64,2024-02-28,12:30:00,14:59:00,5,15.0,1.5,
8909,27,2024-02-28,11:00:00,12:53:00,7,15.0,6.0,
8910,224,2024-02-28,13:30:00,15:06:00,3,15.0,3.75,
8911,69,2024-02-28,10:00:00,11:21:00,10,15.0,3.75,
8912,217,2024-02-28,15:00:00,17:01:00,14,15.0,1.5,
8913,91,2024-02-28,13:30:00,14:20:00,2,15.0,3.75,
8914,64,2024-02-28,11:45:00,13:31:00,1,15.0,1.5,
8915,194,2024-02-28,16:00:00,17:50:00,14,15.0,1.5,
8916,96,2024-02-28,15:45:00,17:31:00,13,15.0,1.5,
8917,106,2024-02-28,10:45:00,12:14:00,3,15.0,1.5,
8918,207,2024-02-28,10:45:00,13:02:00,10,15.0,6.0,
8919,123,2024-02-28,10:45:00,12:59:00,3,18.0,0.0,
8920,160,2024-02-28,16:15:00,17:51:00,12,15.0,3.75,
8921,201,2024-02-28,11:15:00,12:39:00,6,15.0,1.5,
8922,191,2024-02-28,14:45:00,16:05:00,1,18.0,0.0,
8923,43,2024-02-29,12:15:00,14:40:00,1,15.0,3.75,
8924,149,2024-02-29,11:30:00,13:10:00,6,15.0,1.5,
8925,135,2024-02-29,11:45:00,13:39:00,2,15.0,3.75,
8926,96,2024-02-29,12:00:00,12:46:00,11,15.0,1.5,
8927,165,2024-02-29,09:15:00,10:11:00,14,15.0,6.0,
8928,165,2024-02-29,10:15:00,11:05:00,14,15.0,6.0,
8929,44,2024-02-29,10:30:00,12:51:00,12,15.0,1.5,
8930,70,2024-02-29,13:15:00,14:02:00,6,18.0,0.0,
8931,143,2024-02-29,10:15:00,11:00:00,12,15.0,3.75,
8932,35,2024-02-29,14:15:00,15:44:00,6,18.0,0.0,
8933,97,2024-02-29,15:45:00,16:56:00,5,15.0,1.5,
8934,134,2024-02-29,10:30:00,12:56:00,10,15.0,1.5,
8935,136,2024-02-29,13:30:00,14:50:00,14,18.0,0.0,
8936,151,2024-02-29,13:30:00,15:21:00,5,18.0,0.0,
8937,30,2024-02-29,10:15:00,12:25:00,3,18.0,0.0,
8938,27,2024-02-29,13:00:00,15:16:00,1,15.0,6.0,
8939,219,2024-02-29,09:00:00,10:00:00,1,15.0,3.75,
8940,47,2024-02-29,15:30:00,17:25:00,7,15.0,1.5,
8941,186,2024-02-29,13:15:00,14:10:00,10,15.0,1.5,
8942,179,2024-02-29,09:45:00,10:58:00,13,15.0,3.75,
8943,91,2024-03-01,10:30:00,11:36:00,6,15.0,3.75,
8944,73,2024-03-01,12:45:00,14:45:00,3,15.0,3.75,
8945,177,2024-03-01,16:00:00,17:54:00,2,18.0,0.0,
8946,60,2024-03-01,12:30:00,13:15:00,14,18.0,0.0,
8947,154,2024-03-01,10:45:00,11:34:00,1,18.0,0.0,
8948,42,2024-03-01,15:15:00,17:13:00,4,15.0,1.5,
8949,1,2024-03-01,10:30:00,12:44:00,6,15.0,6.0,
8950,100,2024-03-01,15:30:00,17:32:00,3,15.0,1.5,
8951,60,2024-03-01,16:30:00,17:17:00,10,18.0,0.0,
8952,128,2024-03-01,10:15:00,11:49:00,12,15.0,1.5,
8953,179,2024-03-01,12:00:00,12:58:00,4,15.0,3.75,
8954,8,2024-03-01,11:45:00,13:39:00,6,15.0,1.5,
8955,248,2024-03-01,09:15:00,10:16:00,3,18.0,0.0,
8956,107,2024-03-01,14:15:00,15:23:00,5,15.0,3.75,
8957,20,2024-03-02,11:30:00,13:11:00,13,18.0,0.0,
8958,196,2024-03-02,12:00:00,14:25:00,6,15.0,1.5,
8959,25,2024-03-02,14:00:00,15:30:00,7,15.0,1.5,
8960,143,2024-03-02,15:00:00,17:27:00,11,15.0,3.75,
8961,135,2024-03-02,13:30:00,15:04:00,6,15.0,3.75,
8962,2,2024-03-02,10:15:00,11:39:00,4,15.0,6.0,
8963,224,2024-03-02,14:45:00,15:35:00,5,15.0,3.75,
8964,7,2024-03-02,15:00:00,15:47:00,6,15.0,1.5,
8965,48,2024-03-02,11:45:00,12:35:00,10,15.0,3.75,
8966,57,2024-03-02,16:30:00,18:00:00,7,15.0,1.5,
8967,93,2024-03-02,10:30:00,11:16:00,4,15.0,1.5,
8968,27,2024-03-02,10:00:00,12:07:00,7,15.0,6.0,
8969,29,2024-03-02,11:30:00,13:27:00,11,18.0,0.0,
8970,3,2024-03-02,16:15:00,18:28:00,12,15.0,3.75,
8971,27,2024-03-02,15:15:00,16:42:00,2,15.0,6.0,
8972,7,2024-03-02,11:45:00,13:52:00,1,15.0,1.5,
8973,46,2024-03-02,15:00:00,17:09:00,10,18.0,0.0,
8974,143,2024-03-02,10:00:00,11:17:00,4,15.0,3.75,
8975,20,2024-03-03,10:00:00,11:30:00,7,18.0,0.0,
8976,2,2024-03-03,12:30:00,14:11:00,4,15.0,6.0,
8977,207,2024-03-03,15:15:00,16:48:00,4,15.0,6.0,
8978,165,2024-03-03,11:30:00,12:55:00,2,15.0,6.0,
8979,120,2024-03-03,10:30:00,12:14:00,5,15.0,1.5,
8980,3,2024-03-03,14:30:00,16:50:00,3,15.0,3.75,
8981,143,2024-03-03,12:15:00,14:43:00,6,15.0,3.75,
8982,44,2024-03-03,13:30:00,14:24:00,14,15.0,1.5,
8983,91,2024-03-03,13:45:00,14:51:00,14,15.0,3.75,
8984,97,2024-03-03,16:15:00,17:50:00,2,15.0,1.5,
8985,4,2024-03-03,12:45:00,15:14:00,4,15.0,3.75,
8986,71,2024-03-03,16:15:00,17:18:00,14,15.0,1.5,
8987,96,2024-03-03,14:00:00,15:55:00,5,15.0,1.5,
8988,219,2024-03-03,15:45:00,17:46:00,4,15.0,3.75,
8989,2,2024-03-03,12:45:00,13:52:00,12,15.0,6.0,
8990,155,2024-03-03,14:00:00,14:56:00,4,15.0,3.75,
8991,2,2024-03-03,16:45:00,17:51:00,7,15.0,6.0,
8992,118,2024-03-03,13:00:00,15:27:00,3,15.0,3.75,
8993,18,2024-03-03,12:00:00,14:00:00,13,18.0,0.0,
8994,105,2024-03-03,14:45:00,16:55:00,11,18.0,0.0,
8995,159,2024-03-03,14:00:00,14:52:00,13,15.0,1.5,
8996,182,2024-03-03,10:15:00,11:05:00,7,15.0,1.5,
8997,110,2024-03-03,13:00:00,13:48:00,1,15.0,3.75,
8998,191,2024-03-03,13:00:00,13:55:00,12,18.0,0.0,
8999,126,2024-03-03,12:45:00,13:49:00,13,15.0,1.5,
9000,157,2024-03-03,09:00:00,10:15:00,7,18.0,0.0,
9001,186,2024-03-03,09:15:00,11:37:00,1,15.0,1.5,
9002,29,2024-03-03,15:45:00,17:18:00,1,18.0,0.0,
9003,162,2024-03-04,09:30:00,11:40:00,4,15.0,3.75,
9004,189,2024-03-04,15:00:00,16:05:00,5,15.0,3.75,
9005,91,2024-03-04,12:00:00,13:03:00,1,15.0,3.75,
9006,232,2024-03-04,09:00:00,10:44:00,1,15.0,3.75,
9007,27,2024-03-04,13:45:00,15:34:00,13,15.0,6.0,
9008,53,2024-03-04,15:15:00,17:07:00,11,15.0,1.5,
9009,69,2024-03-04,14:00:00,15:04:00,3,15.0,3.75,
9010,13,2024-03-04,15:45:00,17:09:00,7,18.0,0.0,
9011,219,2024-03-04,11:30:00,12:22:00,1,15.0,3.75,
9012,69,2024-03-04,09:00:00,11:07:00,11,15.0,3.75,
9013,108,2024-03-04,13:00:00,13:55:00,1,15.0,1.5,
9014,158,2024-03-04,09:15:00,10:33:00,4,15.0,3.75,
9015,35,2024-03-04,15:00:00,16:27:00,10,18.0,0.0,
9016,2,2024-03-04,13:30:00,15:30:00,1,15.0,6.0,
9017,111,2024-03-05,15:15:00,16:53:00,3,15.0,1.5,
9018,4,2024-03-05,11:45:00,13:20:00,13,15.0,3.75,
9019,74,2024-03-05,09:45:00,11:36:00,7,15.0,3.75,
9020,225,2024-03-05,11:45:00,13:03:00,14,18.0,0.0,
9021,143,2024-03-05,10:45:00,13:12:00,14,15.0,3.75,
9022,11,2024-03-05,16:45:00,18:57:00,14,18.0,0.0,
9023,6,2024-03-05,16:45:00,17:51:00,13,15.0,1.5,
9024,4,2024-03-05,15:15:00,17:02:00,6,15.0,3.75,
9025,242,2024-03-05,12:15:00,14:06:00,11,15.0,3.75,
9026,206,2024-03-05,16:30:00,17:36:00,6,18.0,0.0,
9027,107,2024-03-05,10:15:00,11:46:00,3,15.0,3.75,
9028,240,2024-03-05,16:15:00,17:30:00,11,15.0,6.0,
9029,105,2024-03-05,10:30:00,12:00:00,5,18.0,0.0,
9030,238,2024-03-05,14:45:00,15:44:00,7,15.0,1.5,
9031,59,2024-03-05,14:00:00,16:26:00,5,15.0,1.5,
9032,33,2024-03-05,13:15:00,14:51:00,14,15.0,3.75,
9033,159,2024-03-05,10:00:00,11:34:00,3,15.0,1.5,
9034,1,2024-03-05,11:00:00,11:50:00,10,15.0,6.0,
9035,23,2024-03-05,11:00:00,13:17:00,12,15.0,6.0,
9036,5,2024-03-05,16:15:00,18:23:00,12,15.0,3.75,
9037,207,2024-03-05,11:45:00,13:20:00,6,15.0,6.0,
9038,121,2024-03-05,15:00:00,16:06:00,13,15.0,1.5,
9039,71,2024-03-05,16:15:00,18:34:00,4,15.0,1.5,
9040,215,2024-03-05,11:15:00,13:08:00,13,15.0,3.75,
9041,248,2024-03-06,10:00:00,11:03:00,12,18.0,0.0,
9042,118,2024-03-06,14:30:00,16:30:00,14,15.0,3.75,
9043,195,2024-03-06,12:00:00,12:49:00,10,15.0,3.75,
9044,12,2024-03-06,13:15:00,14:58:00,2,18.0,0.0,
9045,135,2024-03-06,09:00:00,09:50:00,1,15.0,3.75,
9046,52,2024-03-06,10:15:00,11:18:00,1,15.0,1.5,
9047,207,2024-03-06,12:45:00,14:56:00,6,15.0,6.0,
9048,237,2024-03-06,11:15:00,13:34:00,13,15.0,3.75,
9049,170,2024-03-06,13:45:00,15:52:00,10,15.0,1.5,
9050,27,2024-03-06,16:00:00,17:28:00,1,15.0,6.0,
9051,236,2024-03-06,14:45:00,16:18:00,12,15.0,1.5,
9052,203,2024-03-06,14:45:00,15:35:00,1,15.0,3.75,
9053,8,2024-03-06,09:00:00,10:57:00,12,15.0,1.5,
9054,89,2024-03-06,11:30:00,12:53:00,4,15.0,1.5,
9055,2,2024-03-06,15:45:00,17:49:00,2,15.0,6.0,
9056,72,2024-03-06,12:30:00,14:35:00,6,18.0,0.0,
9057,93,2024-03-06,16:15:00,18:13:00,4,15.0,1.5,
9058,174,2024-03-06,14:30:00,15:42:00,13,15.0,1.5,
9059,74,2024-03-06,16:15:00,17:41:00,2,15.0,3.75,
9060,1,2024-03-06,16:45:00,17:33:00,12,15.0,6.0,
9061,194,2024-03-07,16:00:00,17:57:00,5,15.0,1.5,
9062,1,2024-03-07,11:15:00,12:24:00,4,15.0,6.0,
9063,67,2024-03-07,11:45:00,12:38:00,7,15.0,3.75,
9064,1,2024-03-07,09:30:00,11:46:00,7,15.0,6.0,
9065,28,2024-03-07,12:00:00,12:49:00,13,15.0,1.5,
9066,110,2024-03-07,12:00:00,14:04:00,14,15.0,3.75,
9067,207,2024-03-07,16:00:00,17:30:00,6,15.0,6.0,
9068,75,2024-03-07,16:30:00,18:25:00,5,15.0,1.5,
9069,99,2024-03-07,09:15:00,11:12:00,2,18.0,0.0,
9070,155,2024-03-07,13:00:00,14:47:00,5,15.0,3.75,
9071,126,2024-03-07,10:45:00,12:15:00,2,15.0,1.5,
9072,238,2024-03-07,12:30:00,13:17:00,6,15.0,1.5,
9073,4,2024-03-07,09:00:00,10:50:00,11,15.0,3.75,
9074,73,2024-03-07,09:15:00,10:17:00,4,15.0,3.75,
9075,39,2024-03-07,11:15:00,12:12:00,13,15.0,1.5,
9076,41,2024-03-07,12:45:00,14:29:00,2,15.0,1.5,
9077,11,2024-03-07,13:30:00,14:15:00,4,18.0,0.0,
9078,44,2024-03-07,14:30:00,16:24:00,7,15.0,1.5,
9079,98,2024-03-07,10:00:00,11:09:00,6,15.0,3.75,
9080,244,2024-03-07,13:45:00,15:57:00,4,18.0,0.0,
9081,197,2024-03-07,10:00:00,11:35:00,1,15.0,1.5,
9082,106,2024-03-07,13:15:00,14:28:00,12,15.0,1.5,
9083,136,2024-03-07,10:00:00,11:49:00,3,18.0,0.0,
9084,2,2024-03-07,13:45:00,15:24:00,13,15.0,6.0,
9085,2,2024-03-08,11:45:00,12:37:00,6,15.0,6.0,
9086,41,2024-03-08,16:45:00,18:56:00,2,15.0,1.5,
9087,123,2024-03-08,10:30:00,12:07:00,12,18.0,0.0,
9088,101,2024-03-08,10:45:00,12:38:00,10,18.0,0.0,
9089,92,2024-03-08,13:30:00,15:22:00,6,18.0,0.0,
9090,103,2024-03-08,13:30:00,14:35:00,2,15.0,1.5,
9091,61,2024-03-08,11:00:00,13:04:00,4,15.0,3.75,
9092,107,2024-03-08,13:30:00,15:28:00,11,15.0,3.75,
9093,27,2024-03-08,13:00:00,14:16:00,5,15.0,6.0,
9094,206,2024-03-08,14:45:00,16:18:00,7,18.0,0.0,
9095,6,2024-03-08,12:45:00,14:05:00,1,15.0,1.5,
9096,148,2024-03-08,13:30:00,15:02:00,13,15.0,1.5,
9097,219,2024-03-08,14:00:00,16:02:00,10,15.0,3.75,
9098,162,2024-03-08,16:45:00,18:48:00,4,15.0,3.75,
9099,131,2024-03-08,14:00:00,15:54:00,7,18.0,0.0,
9100,69,2024-03-08,09:30:00,10:57:00,11,15.0,3.75,
9101,196,2024-03-08,10:45:00,13:02:00,3,15.0,1.5,
9102,186,2024-03-08,15:45:00,17:32:00,11,15.0,1.5,
9103,172,2024-03-08,13:00:00,14:50:00,7,15.0,1.5,
9104,23,2024-03-08,14:30:00,16:13:00,2,15.0,6.0,
9105,111,2024-03-08,14:00:00,16:25:00,4,15.0,1.5,
9106,23,2024-03-08,10:45:00,12:29:00,12,15.0,6.0,
9107,149,2024-03-08,10:15:00,11:53:00,14,15.0,1.5,
9108,5,2024-03-08,15:00:00,17:22:00,13,15.0,3.75,
9109,155,2024-03-08,14:30:00,16:56:00,3,15.0,3.75,
9110,11,2024-03-08,13:00:00,14:58:00,11,18.0,0.0,
9111,1,2024-03-08,09:30:00,11:35:00,14,15.0,6.0,
9112,139,2024-03-08,10:45:00,12:55:00,14,18.0,0.0,
9113,69,2024-03-09,15:30:00,17:18:00,11,15.0,3.75,
9114,48,2024-03-09,12:00:00,14:21:00,1,15.0,3.75,
9115,215,2024-03-09,10:30:00,12:24:00,3,15.0,3.75,
9116,193,2024-03-09,12:00:00,13:37:00,7,15.0,1.5,
9117,231,2024-03-09,16:15:00,18:34:00,11,15.0,1.5,
9118,4,2024-03-09,16:00:00,17:59:00,13,15.0,3.75,
9119,14,2024-03-09,11:45:00,13:50:00,2,18.0,0.0,
9120,108,2024-03-09,14:30:00,15:23:00,2,15.0,1.5,
9121,233,2024-03-09,15:15:00,16:52:00,5,15.0,3.75,
9122,236,2024-03-09,09:45:00,11:10:00,10,15.0,1.5,
9123,2,2024-03-09,10:45:00,11:57:00,3,15.0,6.0,
9124,194,2024-03-09,09:15:00,10:48:00,1,15.0,1.5,
9125,199,2024-03-09,12:00:00,13:15:00,11,15.0,1.5,
9126,201,2024-03-09,15:15:00,16:44:00,6,15.0,1.5,
9127,59,2024-03-09,13:45:00,14:51:00,6,15.0,1.5,
9128,126,2024-03-09,12:30:00,14:37:00,6,15.0,1.5,
9129,229,2024-03-09,09:15:00,10:09:00,2,18.0,0.0,
9130,48,2024-03-09,11:00:00,12:49:00,14,15.0,3.75,
9131,162,2024-03-09,12:00:00,13:35:00,2,15.0,3.75,
9132,34,2024-03-09,09:15:00,11:40:00,12,18.0,0.0,
9133,98,2024-03-09,16:30:00,18:03:00,5,15.0,3.75,
9134,76,2024-03-09,15:30:00,17:14:00,3,15.0,3.75,
9135,184,2024-03-09,12:30:00,14:26:00,10,18.0,0.0,
9136,179,2024-03-09,11:00:00,11:51:00,11,15.0,3.75,
9137,233,2024-03-09,13:45:00,15:09:00,11,15.0,3.75,
9138,24,2024-03-09,11:15:00,12:04:00,3,15.0,3.75,
9139,231,2024-03-09,15:00:00,16:33:00,4,15.0,1.5,
9140,148,2024-03-09,10:30:00,11:32:00,4,15.0,1.5,
9141,25,2024-03-09,15:15:00,16:41:00,13,15.0,1.5,
9142,27,2024-03-09,14:15:00,15:29:00,7,15.0,6.0,
9143,5,2024-03-09,14:30:00,15:30:00,11,15.0,3.75,
9144,1,2024-03-09,13:00:00,13:46:00,13,15.0,6.0,
9145,122,2024-03-09,14:30:00,16:34:00,7,15.0,1.5,
9146,63,2024-03-09,16:30:00,18:52:00,13,15.0,1.5,
9147,165,2024-03-09,13:45:00,15:07:00,14,15.0,6.0,
9148,4,2024-03-09,13:30:00,15:02:00,14,15.0,3.75,
9149,113,2024-03-09,10:45:00,13:03:00,10,18.0,0.0,
9150,69,2024-03-09,10:45:00,13:07:00,10,15.0,3.75,
9151,236,2024-03-09,09:45:00,11:29:00,2,15.0,1.5,
9152,91,2024-03-09,12:45:00,14:00:00,2,15.0,3.75,
9153,107,2024-03-09,09:00:00,10:22:00,13,15.0,3.75,
9154,172,2024-03-09,11:45:00,13:13:00,5,15.0,1.5,
9155,131,2024-03-10,15:45:00,16:56:00,3,18.0,0.0,
9156,1,2024-03-10,10:00:00,11:18:00,13,15.0,6.0,
9157,107,2024-03-10,10:30:00,12:18:00,12,15.0,3.75,
9158,8,2024-03-10,14:15:00,15:11:00,7,15.0,1.5,
9159,162,2024-03-10,11:30:00,13:34:00,6,15.0,3.75,
9160,48,2024-03-10,13:00:00,15:15:00,3,15.0,3.75,
9161,134,2024-03-10,10:45:00,11:50:00,12,15.0,1.5,
9162,135,2024-03-10,11:45:00,13:16:00,4,15.0,3.75,
9163,217,2024-03-10,14:30:00,16:17:00,10,15.0,1.5,
9164,52,2024-03-10,16:30:00,17:29:00,2,15.0,1.5,
9165,56,2024-03-10,16:30:00,18:35:00,13,15.0,3.75,
9166,134,2024-03-10,13:15:00,14:52:00,1,15.0,1.5,
9167,43,2024-03-10,11:15:00,12:32:00,1,15.0,3.75,
9168,93,2024-03-10,13:30:00,14:44:00,13,15.0,1.5,
9169,242,2024-03-10,13:30:00,15:34:00,12,15.0,3.75,
9170,3,2024-03-10,15:45:00,18:02:00,13,15.0,3.75,
9171,84,2024-03-10,11:15:00,12:58:00,3,18.0,0.0,
9172,155,2024-03-10,10:30:00,11:25:00,1,15.0,3.75,
9173,185,2024-03-10,10:15:00,11:06:00,14,18.0,0.0,
9174,10,2024-03-10,11:30:00,12:15:00,5,15.0,1.5,
9175,38,2024-03-11,12:30:00,14:42:00,11,15.0,1.5,
9176,155,2024-03-11,15:15:00,16:20:00,13,15.0,3.75,
9177,119,2024-03-11,09:45:00,11:28:00,11,15.0,1.5,
9178,86,2024-03-11,09:45:00,10:52:00,3,18.0,0.0,
9179,23,2024-03-11,13:45:00,14:43:00,5,15.0,6.0,
9180,3,2024-03-11,14:00:00,14:51:00,12,15.0,3.75,
9181,227,2024-03-11,14:00:00,15:56:00,11,18.0,0.0,
9182,48,2024-03-11,10:45:00,12:48:00,14,15.0,3.75,
9183,185,2024-03-11,15:15:00,16:58:00,10,18.0,0.0,
9184,112,2024-03-11,16:30:00,17:58:00,13,15.0,1.5,
9185,236,2024-03-11,10:15:00,12:06:00,10,15.0,1.5,
9186,47,2024-03-11,11:30:00,13:48:00,2,15.0,1.5,
9187,38,2024-03-11,13:45:00,15:17:00,12,15.0,1.5,
9188,42,2024-03-11,16:00:00,17:56:00,14,15.0,1.5,
9189,155,2024-03-11,12:00:00,13:57:00,5,15.0,3.75,
9190,232,2024-03-11,12:15:00,14:18:00,2,15.0,3.75,
9191,133,2024-03-11,13:00:00,14:03:00,6,18.0,0.0,
9192,103,2024-03-11,12:00:00,13:47:00,1,15.0,1.5,
9193,184,2024-03-12,12:00:00,13:56:00,5,18.0,0.0,
9194,110,2024-03-12,10:15:00,12:08:00,13,15.0,3.75,
9195,43,2024-03-12,12:00:00,12:48:00,5,15.0,3.75,
9196,160,2024-03-12,15:30:00,17:15:00,1,15.0,3.75,
9197,4,2024-03-12,09:30:00,11:09:00,13,15.0,3.75,
9198,238,2024-03-12,15:30:00,16:16:00,13,15.0,1.5,
9199,71,2024-03-12,14:30:00,16:25:00,13,15.0,1.5,
9200,67,2024-03-12,14:15:00,15:27:00,3,15.0,3.75,
9201,135,2024-03-12,10:30:00,12:44:00,12,15.0,3.75,
9202,67,2024-03-12,10:00:00,12:15:00,12,15.0,3.75,
9203,179,2024-03-12,16:30:00,17:54:00,11,15.0,3.75,
9204,48,2024-03-12,14:15:00,15:42:00,5,15.0,3.75,
9205,218,2024-03-12,16:30:00,18:50:00,14,15.0,1.5,
9206,89,2024-03-12,13:45:00,15:13:00,13,15.0,1.5,
9207,233,2024-03-12,15:15:00,17:30:00,7,15.0,3.75,
9208,11,2024-03-12,09:45:00,11:15:00,14,18.0,0.0,
9209,9,2024-03-12,14:30:00,16:03:00,4,15.0,1.5,
9210,89,2024-03-12,11:00:00,12:15:00,6,15.0,1.5,
9211,107,2024-03-13,15:45:00,17:20:00,6,15.0,3.75,
9212,5,2024-03-13,16:15:00,18:04:00,5,15.0,3.75,
9213,48,2024-03-13,14:45:00,16:28:00,12,15.0,3.75,
9214,199,2024-03-13,10:45:00,13:08:00,13,15.0,1.5,
9215,160,2024-03-13,11:15:00,13:12:00,3,15.0,3.75,
9216,151,2024-03-13,13:30:00,15:41:00,12,18.0,0.0,
9217,219,2024-03-13,14:45:00,15:31:00,4,15.0,3.75,
9218,111,2024-03-13,14:45:00,15:38:00,4,15.0,1.5,
9219,103,2024-03-13,13:00:00,14:38:00,14,15.0,1.5,
9220,128,2024-03-13,12:00:00,13:56:00,11,15.0,1.5,
9221,174,2024-03-13,13:00:00,13:45:00,6,15.0,1.5,
9222,64,2024-03-13,14:00:00,14:46:00,13,15.0,1.5,
9223,63,2024-03-13,11:15:00,13:15:00,1,15.0,1.5,
9224,100,2024-03-13,09:15:00,11:35:00,14,15.0,1.5,
9225,97,2024-03-13,10:45:00,11:35:00,12,15.0,1.5,
9226,123,2024-03-13,09:00:00,10:03:00,4,18.0,0.0,
9227,55,2024-03-13,16:45:00,19:04:00,14,18.0,0.0,
9228,168,2024-03-13,16:30:00,17:16:00,6,18.0,0.0,
9229,215,2024-03-13,11:30:00,12:42:00,14,15.0,3.75,
9230,208,2024-03-13,12:30:00,14:24:00,3,18.0,0.0,
9231,208,2024-03-13,14:30:00,16:20:00,10,18.0,0.0,
9232,160,2024-03-13,11:15:00,12:11:00,1,15.0,3.75,
9233,27,2024-03-13,10:15:00,11:36:00,2,15.0,6.0,
9234,55,2024-03-13,09:45:00,10:46:00,14,18.0,0.0,
9235,107,2024-03-13,11:30:00,12:44:00,7,15.0,3.75,
9236,220,2024-03-13,13:45:00,15:05:00,1,18.0,0.0,
9237,101,2024-03-13,15:30:00,16:34:00,2,18.0,0.0,
9238,17,2024-03-13,11:30:00,13:43:00,6,18.0,0.0,
9239,194,2024-03-14,14:15:00,16:27:00,12,15.0,1.5,
9240,3,2024-03-14,14:30:00,16:58:00,11,15.0,3.75,
9241,218,2024-03-14,14:15:00,16:35:00,14,15.0,1.5,
9242,118,2024-03-14,14:15:00,15:17:00,5,15.0,3.75,
9243,67,2024-03-14,10:15:00,11:39:00,4,15.0,3.75,
9244,174,2024-03-14,11:00:00,12:52:00,3,15.0,1.5,
9245,67,2024-03-14,13:00:00,15:15:00,2,15.0,3.75,
9246,203,2024-03-14,11:30:00,13:19:00,14,15.0,3.75,
9247,218,2024-03-14,11:00:00,12:57:00,10,15.0,1.5,
9248,2,2024-03-14,15:15:00,17:15:00,6,15.0,6.0,
9249,41,2024-03-14,11:00:00,12:13:00,1,15.0,1.5,
9250,194,2024-03-14,12:00:00,14:16:00,2,15.0,1.5,
9251,165,2024-03-14,10:00:00,11:26:00,11,15.0,6.0,
9252,182,2024-03-14,12:15:00,14:21:00,10,15.0,1.5,
9253,122,2024-03-14,14:15:00,16:06:00,1,15.0,1.5,
9254,218,2024-03-14,10:45:00,11:46:00,13,15.0,1.5,
9255,3,2024-03-15,12:45:00,14:52:00,3,15.0,3.75,
9256,67,2024-03-15,11:00:00,13:12:00,7,15.0,3.75,
9257,115,2024-03-15,12:15:00,14:38:00,4,18.0,0.0,
9258,238,2024-03-15,13:45:00,15:56:00,10,15.0,1.5,
9259,175,2024-03-15,14:15:00,16:42:00,2,18.0,0.0,
9260,189,2024-03-15,10:15:00,11:43:00,12,15.0,3.75,
9261,231,2024-03-15,09:30:00,10:44:00,1,15.0,1.5,
9262,71,2024-03-15,09:15:00,11:13:00,2,15.0,1.5,
9263,190,2024-03-15,16:15:00,18:34:00,10,18.0,0.0,
9264,224,2024-03-15,09:45:00,11:17:00,1,15.0,3.75,
9265,104,2024-03-15,09:45:00,12:14:00,12,18.0,0.0,
9266,114,2024-03-15,16:00:00,17:22:00,5,15.0,1.5,
9267,126,2024-03-15,13:30:00,15:39:00,10,15.0,1.5,
9268,2,2024-03-15,16:45:00,18:20:00,13,15.0,6.0,
9269,60,2024-03-15,10:00:00,11:26:00,4,18.0,0.0,
9270,242,2024-03-15,16:15:00,18:07:00,12,15.0,3.75,
9271,195,2024-03-15,12:30:00,13:41:00,11,15.0,3.75,
9272,46,2024-03-15,11:45:00,13:38:00,4,18.0,0.0,
9273,1,2024-03-15,16:00:00,17:59:00,5,15.0,6.0,
9274,238,2024-03-15,16:15:00,18:08:00,11,15.0,1.5,
9275,233,2024-03-15,14:15:00,16:30:00,13,15.0,3.75,
9276,12,2024-03-16,15:45:00,16:38:00,10,18.0,0.0,
9277,35,2024-03-16,14:15:00,16:35:00,7,18.0,0.0,
9278,119,2024-03-16,11:30:00,12:19:00,4,15.0,1.5,
9279,54,2024-03-16,13:15:00,14:33:00,11,18.0,0.0,
9280,37,2024-03-16,14:45:00,15:40:00,6,18.0,0.0,
9281,119,2024-03-16,10:45:00,11:48:00,2,15.0,1.5,
9282,168,2024-03-16,09:15:00,11:37:00,14,18.0,0.0,
9283,105,2024-03-16,09:30:00,10:27:00,11,18.0,0.0,
9284,74,2024-03-16,09:00:00,10:03:00,4,15.0,3.75,
9285,2,2024-03-16,11:00:00,11:56:00,3,15.0,6.0,
9286,38,2024-03-16,13:15:00,14:26:00,12,15.0,1.5,
9287,48,2024-03-16,14:00:00,16:10:00,7,15.0,3.75,
9288,5,2024-03-16,11:00:00,11:48:00,14,15.0,3.75,
9289,69,2024-03-16,13:15:00,14:22:00,11,15.0,3.75,
9290,106,2024-03-16,13:45:00,16:11:00,2,15.0,1.5,
9291,61,2024-03-16,15:45:00,17:30:00,10,15.0,3.75,
9292,238,2024-03-16,11:15:00,12:49:00,4,15.0,1.5,
9293,233,2024-03-16,16:30:00,17:58:00,10,15.0,3.75,
9294,110,2024-03-16,11:15:00,12:54:00,7,15.0,3.75,
9295,240,2024-03-16,12:30:00,14:09:00,4,15.0,6.0,
9296,112,2024-03-16,11:15:00,13:13:00,2,15.0,1.5,
9297,193,2024-03-16,16:00:00,18:19:00,11,15.0,1.5,
9298,48,2024-03-16,15:45:00,16:35:00,3,15.0,3.75,
9299,27,2024-03-16,15:00:00,16:31:00,11,15.0,6.0,
9300,34,2024-03-16,15:15:00,17:07:00,5,18.0,0.0,
9301,135,2024-03-16,15:15:00,16:37:00,14,15.0,3.75,
9302,135,2024-03-16,14:15:00,16:13:00,1,15.0,3.75,
9303,64,2024-03-16,13:30:00,14:25:00,14,15.0,1.5,
9304,78,2024-03-17,15:30:00,17:11:00,14,18.0,0.0,
9305,234,2024-03-17,16:45:00,17:44:00,6,18.0,0.0,
9306,23,2024-03-17,15:45:00,17:45:00,13,15.0,6.0,
9307,4,2024-03-17,13:30:00,15:44:00,3,15.0,3.75,
9308,119,2024-03-17,16:00:00,17:18:00,6,15.0,1.5,
9309,189,2024-03-17,13:15:00,15:19:00,6,15.0,3.75,
9310,143,2024-03-17,12:15:00,13:56:00,7,15.0,3.75,
9311,86,2024-03-17,14:00:00,16:23:00,4,18.0,0.0,
9312,25,2024-03-17,15:00:00,16:12:00,14,15.0,1.5,
9313,179,2024-03-17,10:45:00,12:18:00,13,15.0,3.75,
9314,179,2024-03-17,15:30:00,16:42:00,3,15.0,3.75,
9315,240,2024-03-17,09:45:00,11:41:00,3,15.0,6.0,
9316,96,2024-03-17,11:15:00,13:28:00,12,15.0,1.5,
9317,69,2024-03-17,14:30:00,17:00:00,6,15.0,3.75,
9318,48,2024-03-17,10:30:00,11:25:00,2,15.0,3.75,
9319,132,2024-03-17,16:45:00,18:50:00,14,18.0,0.0,
9320,218,2024-03-17,12:15:00,14:38:00,12,15.0,1.5,
9321,155,2024-03-17,10:00:00,12:24:00,3,15.0,3.75,
9322,103,2024-03-18,12:15:00,13:38:00,13,15.0,1.5,
9323,71,2024-03-18,14:45:00,15:51:00,12,15.0,1.5,
9324,122,2024-03-18,13:45:00,16:03:00,6,15.0,1.5,
9325,194,2024-03-18,11:45:00,14:08:00,12,15.0,1.5,
9326,96,2024-03-18,09:45:00,11:46:00,1,15.0,1.5,
9327,73,2024-03-18,10:45:00,12:18:00,13,15.0,3.75,
9328,48,2024-03-18,16:00:00,18:23:00,13,15.0,3.75,
9329,195,2024-03-18,15:45:00,16:54:00,1,15.0,3.75,
9330,68,2024-03-18,16:30:00,17:45:00,11,18.0,0.0,
9331,25,2024-03-18,10:15:00,11:22:00,12,15.0,1.5,
9332,182,2024-03-18,11:45:00,14:11:00,10,15.0,1.5,
9333,2,2024-03-18,09:15:00,11:31:00,1,15.0,6.0,
9334,219,2024-03-18,16:00:00,17:25:00,14,15.0,3.75,
9335,159,2024-03-18,09:30:00,11:48:00,12,15.0,1.5,
9336,159,2024-03-18,09:15:00,10:37:00,6,15.0,1.5,
9337,64,2024-03-18,13:45:00,14:51:00,11,15.0,1.5,
9338,117,2024-03-18,10:15:00,12:10:00,7,18.0,0.0,
9339,94,2024-03-18,09:45:00,10:52:00,11,18.0,0.0,
9340,24,2024-03-18,16:00:00,17:26:00,11,15.0,3.75,
9341,119,2024-03-18,15:45:00,17:40:00,4,15.0,1.5,
9342,236,2024-03-18,11:30:00,13:18:00,5,15.0,1.5,
9343,197,2024-03-18,12:45:00,13:38:00,12,15.0,1.5,
9344,237,2024-03-18,12:45:00,14:50:00,1,15.0,3.75,
9345,1,2024-03-19,11:45:00,13:43:00,7,15.0,6.0,
9346,61,2024-03-19,10:15:00,12:31:00,12,15.0,3.75,
9347,189,2024-03-19,13:45:00,16:11:00,13,15.0,3.75,
9348,5,2024-03-19,10:30:00,11:39:00,4,15.0,3.75,
9349,71,2024-03-19,14:30:00,15:24:00,3,15.0,1.5,
9350,103,2024-03-19,15:45:00,17:02:00,12,15.0,1.5,
9351,43,2024-03-19,11:45:00,13:01:00,1,15.0,3.75,
9352,76,2024-03-19,16:15:00,17:59:00,6,15.0,3.75,
9353,28,2024-03-19,16:00:00,17:18:00,7,15.0,1.5,
9354,61,2024-03-19,16:15:00,18:41:00,1,15.0,3.75,
9355,52,2024-03-19,09:45:00,11:37:00,6,15.0,1.5,
9356,162,2024-03-19,13:15:00,15:26:00,4,15.0,3.75,
9357,92,2024-03-19,09:30:00,10:26:00,4,18.0,0.0,
9358,38,2024-03-19,10:15:00,12:32:00,11,15.0,1.5,
9359,89,2024-03-19,11:45:00,13:59:00,14,15.0,1.5,
9360,80,2024-03-20,09:30:00,10:29:00,7,18.0,0.0,
9361,52,2024-03-20,12:00:00,14:24:00,2,15.0,1.5,
9362,47,2024-03-20,15:30:00,17:04:00,4,15.0,1.5,
9363,104,2024-03-20,16:30:00,17:33:00,13,18.0,0.0,
9364,119,2024-03-20,11:45:00,13:08:00,2,15.0,1.5,
9365,135,2024-03-20,15:15:00,16:04:00,14,15.0,3.75,
9366,126,2024-03-20,10:15:00,11:58:00,5,15.0,1.5,
9367,188,2024-03-20,11:45:00,12:55:00,13,18.0,0.0,
9368,83,2024-03-20,10:45:00,11:47:00,10,15.0,1.5,
9369,97,2024-03-20,12:00:00,13:02:00,10,15.0,1.5,
9370,96,2024-03-20,16:15:00,17:09:00,13,15.0,1.5,
9371,24,2024-03-20,16:45:00,18:14:00,1,15.0,3.75,
9372,122,2024-03-20,10:30:00,12:48:00,10,15.0,1.5,
9373,222,2024-03-20,15:45:00,16:30:00,7,18.0,0.0,
9374,15,2024-03-21,13:30:00,14:49:00,2,18.0,0.0,
9375,56,2024-03-21,16:15:00,18:05:00,3,15.0,3.75,
9376,155,2024-03-21,12:45:00,14:05:00,14,15.0,3.75,
9377,155,2024-03-21,10:30:00,12:33:00,7,15.0,3.75,
9378,27,2024-03-21,13:30:00,15:37:00,4,15.0,6.0,
9379,56,2024-03-21,12:00:00,14:21:00,6,15.0,3.75,
9380,44,2024-03-21,10:30:00,12:37:00,12,15.0,1.5,
9381,2,2024-03-21,09:30:00,11:43:00,13,15.0,6.0,
9382,99,2024-03-21,09:30:00,11:42:00,1,18.0,0.0,
9383,218,2024-03-21,15:30:00,17:31:00,7,15.0,1.5,
9384,118,2024-03-21,14:15:00,15:14:00,7,15.0,3.75,
9385,122,2024-03-21,14:15:00,15:48:00,5,15.0,1.5,
9386,135,2024-03-22,09:15:00,10:46:00,10,15.0,3.75,
9387,2,2024-03-22,13:30:00,15:27:00,2,15.0,6.0,
9388,39,2024-03-22,12:15:00,13:48:00,10,15.0,1.5,
9389,73,2024-03-22,14:30:00,15:35:00,7,15.0,3.75,
9390,171,2024-03-22,10:30:00,11:34:00,7,18.0,0.0,
9391,160,2024-03-22,10:15:00,12:07:00,2,15.0,3.75,
9392,242,2024-03-22,09:45:00,11:04:00,1,15.0,3.75,
9393,5,2024-03-22,13:30:00,15:44:00,14,15.0,3.75,
9394,3,2024-03-22,15:00:00,17:04:00,10,15.0,3.75,
9395,228,2024-03-22,13:45:00,15:01:00,14,15.0,1.5,
9396,36,2024-03-22,09:15:00,11:16:00,2,15.0,3.75,
9397,160,2024-03-22,11:30:00,12:47:00,11,15.0,3.75,
9398,160,2024-03-23,14:30:00,16:54:00,1,15.0,3.75,
9399,155,2024-03-23,14:15:00,15:37:00,13,15.0,3.75,
9400,70,2024-03-23,11:15:00,12:08:00,14,18.0,0.0,
9401,198,2024-03-23,13:15:00,14:53:00,10,15.0,3.75,
9402,228,2024-03-23,10:45:00,12:40:00,1,15.0,1.5,
9403,219,2024-03-23,15:15:00,16:27:00,6,15.0,3.75,
9404,100,2024-03-23,16:15:00,17:15:00,11,15.0,1.5,
9405,98,2024-03-23,15:45:00,17:02:00,1,15.0,3.75,
9406,179,2024-03-23,10:30:00,12:01:00,14,15.0,3.75,
9407,43,2024-03-23,14:45:00,16:10:00,2,15.0,3.75,
9408,2,2024-03-23,10:45:00,12:17:00,3,15.0,6.0,
9409,228,2024-03-23,11:45:00,12:46:00,4,15.0,1.5,
9410,219,2024-03-23,13:30:00,15:38:00,11,15.0,3.75,
9411,155,2024-03-23,14:30:00,15:34:00,6,15.0,3.75,
9412,78,2024-03-23,13:00:00,14:29:00,10,18.0,0.0,
9413,215,2024-03-23,12:30:00,14:00:00,7,15.0,3.75,
9414,91,2024-03-23,16:15:00,17:21:00,3,15.0,3.75,
9415,61,2024-03-23,10:45:00,12:23:00,3,15.0,3.75,
9416,69,2024-03-23,09:15:00,10:09:00,12,15.0,3.75,
9417,53,2024-03-23,12:00:00,12:52:00,6,15.0,1.5,
9418,1,2024-03-24,13:15:00,15:18:00,14,15.0,6.0,
9419,100,2024-03-24,12:45:00,15:13:00,11,15.0,1.5,
9420,4,2024-03-24,15:30:00,16:49:00,7,15.0,3.75,
9421,42,2024-03-24,15:30:00,16:24:00,3,15.0,1.5,
9422,5,2024-03-24,16:45:00,18:32:00,5,15.0,3.75,
9423,236,2024-03-24,16:15:00,18:43:00,2,15.0,1.5,
9424,55,2024-03-24,13:00:00,14:09:00,5,18.0,0.0,
9425,103,2024-03-24,10:15:00,12:07:00,3,15.0,1.5,
9426,100,2024-03-24,09:30:00,10:16:00,12,15.0,1.5,
9427,179,2024-03-24,11:15:00,12:07:00,12,15.0,3.75,
9428,154,2024-03-24,09:45:00,10:38:00,12,18.0,0.0,
9429,233,2024-03-24,09:45:00,11:18:00,1,15.0,3.75,
9430,24,2024-03-24,11:15:00,12:26:00,5,15.0,3.75,
9431,76,2024-03-24,13:00:00,14:32:00,10,15.0,3.75,
9432,6,2024-03-24,13:45:00,15:10:00,14,15.0,1.5,
9433,64,2024-03-24,14:45:00,15:39:00,1,15.0,1.5,
9434,179,2024-03-24,09:30:00,11:27:00,2,15.0,3.75,
9435,36,2024-03-24,13:45:00,15:54:00,7,15.0,3.75,
9436,148,2024-03-24,14:30:00,15:44:00,14,15.0,1.5,
9437,106,2024-03-24,16:00:00,17:41:00,1,15.0,1.5,
9438,119,2024-03-24,11:15:00,13:26:00,12,15.0,1.5,
9439,39,2024-03-24,10:30:00,11:36:00,6,15.0,1.5,
9440,238,2024-03-25,12:15:00,13:07:00,14,15.0,1.5,
9441,224,2024-03-25,11:00:00,11:46:00,4,15.0,3.75,
9442,35,2024-03-25,14:00:00,16:21:00,12,18.0,0.0,
9443,44,2024-03-25,11:30:00,13:08:00,10,15.0,1.5,
9444,91,2024-03-25,13:00:00,14:47:00,12,15.0,3.75,
9445,99,2024-03-25,16:30:00,17:44:00,14,18.0,0.0,
9446,155,2024-03-25,13:30:00,14:18:00,5,15.0,3.75,
9447,27,2024-03-25,12:30:00,14:59:00,11,15.0,6.0,
9448,219,2024-03-25,13:00:00,13:55:00,6,15.0,3.75,
9449,143,2024-03-25,16:00:00,17:05:00,3,15.0,3.75,
9450,46,2024-03-25,11:30:00,12:32:00,7,18.0,0.0,
9451,114,2024-03-25,13:15:00,14:33:00,14,15.0,1.5,
9452,223,2024-03-25,15:30:00,16:27:00,3,15.0,1.5,
9453,179,2024-03-25,13:00:00,14:47:00,7,15.0,3.75,
9454,237,2024-03-25,10:45:00,12:12:00,10,15.0,3.75,
9455,155,2024-03-25,10:30:00,11:22:00,3,15.0,3.75,
9456,1,2024-03-25,11:00:00,12:39:00,12,15.0,6.0,
9457,217,2024-03-26,09:30:00,11:28:00,7,15.0,1.5,
9458,78,2024-03-26,09:45:00,11:25:00,5,18.0,0.0,
9459,8,2024-03-26,10:45:00,12:32:00,10,15.0,1.5,
9460,126,2024-03-26,09:00:00,10:50:00,10,15.0,1.5,
9461,242,2024-03-26,13:15:00,14:20:00,13,15.0,3.75,
9462,198,2024-03-26,14:45:00,16:49:00,11,15.0,3.75,
9463,23,2024-03-26,12:45:00,14:35:00,11,15.0,6.0,
9464,101,2024-03-26,13:00:00,15:13:00,1,18.0,0.0,
9465,46,2024-03-26,12:00:00,13:04:00,1,18.0,0.0,
9466,204,2024-03-26,16:30:00,18:30:00,10,18.0,0.0,
9467,182,2024-03-26,10:45:00,12:40:00,2,15.0,1.5,
9468,114,2024-03-26,09:45:00,10:30:00,1,15.0,1.5,
9469,11,2024-03-26,15:45:00,17:50:00,13,18.0,0.0,
9470,94,2024-03-26,11:30:00,13:00:00,1,18.0,0.0,
9471,2,2024-03-26,13:00:00,15:24:00,11,15.0,6.0,
9472,165,2024-03-26,10:30:00,11:53:00,13,15.0,6.0,
9473,99,2024-03-26,16:30:00,17:35:00,14,18.0,0.0,
9474,27,2024-03-26,16:45:00,17:46:00,6,15.0,6.0,
9475,160,2024-03-26,11:30:00,13:16:00,3,15.0,3.75,
9476,41,2024-03-26,16:30:00,18:16:00,6,15.0,1.5,
9477,64,2024-03-27,09:30:00,11:14:00,12,15.0,1.5,
9478,27,2024-03-27,13:30:00,14:17:00,1,15.0,6.0,
9479,155,2024-03-27,15:30:00,16:32:00,5,15.0,3.75,
9480,35,2024-03-27,11:45:00,14:10:00,13,18.0,0.0,
9481,10,2024-03-27,12:45:00,13:37:00,5,15.0,1.5,
9482,28,2024-03-27,15:45:00,17:22:00,13,15.0,1.5,
9483,4,2024-03-27,10:00:00,12:21:00,2,15.0,3.75,
9484,174,2024-03-27,14:15:00,15:40:00,4,15.0,1.5,
9485,53,2024-03-27,09:00:00,11:25:00,1,15.0,1.5,
9486,168,2024-03-27,15:15:00,17:33:00,14,18.0,0.0,
9487,71,2024-03-27,09:00:00,10:28:00,13,15.0,1.5,
9488,110,2024-03-27,10:15:00,11:44:00,6,15.0,3.75,
9489,100,2024-03-27,16:45:00,18:07:00,11,15.0,1.5,
9490,27,2024-03-27,15:15:00,17:19:00,13,15.0,6.0,
9491,176,2024-03-27,11:00:00,13:26:00,7,18.0,0.0,
9492,47,2024-03-27,12:15:00,13:03:00,11,15.0,1.5,
9493,2,2024-03-28,13:15:00,14:41:00,10,15.0,6.0,
9494,125,2024-03-28,11:15:00,13:19:00,3,18.0,0.0,
9495,194,2024-03-28,16:15:00,18:39:00,5,15.0,1.5,
9496,61,2024-03-28,16:30:00,17:32:00,2,15.0,3.75,
9497,120,2024-03-28,10:45:00,13:12:00,11,15.0,1.5,
9498,162,2024-03-28,11:45:00,14:10:00,10,15.0,3.75,
9499,189,2024-03-28,12:45:00,14:41:00,1,15.0,3.75,
9500,74,2024-03-28,14:15:00,16:43:00,2,15.0,3.75,
9501,2,2024-03-28,14:45:00,16:51:00,13,15.0,6.0,
9502,77,2024-03-28,13:15:00,15:39:00,12,15.0,1.5,
9503,163,2024-03-28,15:00:00,17:08:00,13,18.0,0.0,
9504,13,2024-03-28,12:30:00,13:16:00,14,18.0,0.0,
9505,61,2024-03-29,16:30:00,18:46:00,12,15.0,3.75,
9506,228,2024-03-29,14:00:00,15:00:00,12,15.0,1.5,
9507,182,2024-03-29,09:00:00,10:53:00,7,15.0,1.5,
9508,202,2024-03-29,13:15:00,14:30:00,10,18.0,0.0,
9509,1,2024-03-29,15:45:00,18:15:00,11,15.0,6.0,
9510,92,2024-03-29,13:00:00,14:22:00,1,18.0,0.0,
9511,75,2024-03-29,16:45:00,18:49:00,11,15.0,1.5,
9512,228,2024-03-29,11:15:00,12:54:00,7,15.0,1.5,
9513,179,2024-03-30,15:00:00,17:04:00,7,15.0,3.75,
9514,240,2024-03-30,12:15:00,13:25:00,5,15.0,6.0,
9515,7,2024-03-30,14:45:00,16:46:00,14,15.0,1.5,
9516,69,2024-03-30,10:00:00,11:32:00,2,15.0,3.75,
9517,105,2024-03-30,09:45:00,11:00:00,7,18.0,0.0,
9518,99,2024-03-30,14:15:00,15:50:00,12,18.0,0.0,
9519,143,2024-03-30,13:30:00,14:41:00,1,15.0,3.75,
9520,44,2024-03-30,10:45:00,11:36:00,12,15.0,1.5,
9521,43,2024-03-30,12:45:00,15:03:00,12,15.0,3.75,
9522,187,2024-03-30,14:45:00,16:09:00,12,18.0,0.0,
9523,5,2024-03-30,09:15:00,10:15:00,12,15.0,3.75,
9524,36,2024-03-30,11:15:00,12:52:00,11,15.0,3.75,
9525,228,2024-03-30,11:45:00,12:34:00,13,15.0,1.5,
9526,218,2024-03-30,13:00:00,13:51:00,11,15.0,1.5,
9527,96,2024-03-30,11:15:00,12:07:00,7,15.0,1.5,
9528,160,2024-03-30,11:30:00,13:53:00,11,15.0,3.75,
9529,111,2024-03-30,16:30:00,18:36:00,6,15.0,1.5,
9530,107,2024-03-30,13:15:00,15:03:00,3,15.0,3.75,
9531,61,2024-03-30,16:15:00,18:04:00,2,15.0,3.75,
9532,174,2024-03-30,10:15:00,12:26:00,3,15.0,1.5,
9533,179,2024-03-30,13:45:00,15:49:00,11,15.0,3.75,
9534,171,2024-03-30,10:45:00,12:35:00,2,18.0,0.0,
9535,34,2024-03-30,12:00:00,14:20:00,5,18.0,0.0,
9536,215,2024-03-30,11:30:00,12:39:00,14,15.0,3.75,
9537,27,2024-03-30,13:15:00,14:48:00,2,15.0,6.0,
9538,1,2024-03-30,12:15:00,13:19:00,12,15.0,6.0,
9539,107,2024-03-30,15:15:00,16:28:00,13,15.0,3.75,
9540,39,2024-03-30,12:15:00,13:47:00,14,15.0,1.5,
9541,99,2024-03-30,13:15:00,14:04:00,5,18.0,0.0,
9542,207,2024-03-30,10:45:00,12:37:00,6,15.0,6.0,
9543,48,2024-03-30,14:45:00,16:38:00,14,15.0,3.75,
9544,1,2024-03-30,15:00:00,17:12:00,1,15.0,6.0,
9545,96,2024-03-30,10:30:00,12:50:00,13,15.0,1.5,
9546,114,2024-03-30,10:45:00,12:41:00,6,15.0,1.5,
9547,54,2024-03-30,10:15:00,12:29:00,5,18.0,0.0,
9548,158,2024-03-30,12:00:00,13:26:00,12,15.0,3.75,
9549,105,2024-03-30,09:30:00,10:52:00,4,18.0,0.0,
9550,108,2024-03-30,09:00:00,09:50:00,4,15.0,1.5,
9551,143,2024-03-31,10:30:00,11:30:00,10,15.0,3.75,
9552,179,2024-03-31,09:00:00,11:02:00,1,15.0,3.75,
9553,207,2024-03-31,11:15:00,12:45:00,7,15.0,6.0,
9554,155,2024-03-31,10:30:00,12:29:00,3,15.0,3.75,
9555,215,2024-03-31,13:45:00,15:25:00,10,15.0,3.75,
9556,96,2024-03-31,14:30:00,16:58:00,1,15.0,1.5,
9557,209,2024-03-31,13:30:00,14:36:00,1,18.0,0.0,
9558,230,2024-03-31,12:00:00,13:22:00,12,18.0,0.0,
9559,236,2024-03-31,14:15:00,15:05:00,3,15.0,1.5,
9560,74,2024-03-31,16:45:00,18:56:00,1,15.0,3.75,
9561,215,2024-03-31,11:15:00,12:16:00,11,15.0,3.75,
9562,189,2024-03-31,09:00:00,11:04:00,4,15.0,3.75,
9563,23,2024-03-31,10:30:00,12:48:00,5,15.0,6.0,
9564,248,2024-03-31,16:15:00,17:25:00,12,18.0,0.0,
9565,110,2024-03-31,11:00:00,12:58:00,13,15.0,3.75,
9566,232,2024-03-31,11:45:00,13:40:00,12,15.0,3.75,
9567,219,2024-03-31,11:00:00,13:19:00,4,15.0,3.75,
9568,121,2024-03-31,15:30:00,16:15:00,3,15.0,1.5,
9569,160,2024-03-31,14:00:00,15:46:00,12,15.0,3.75,
9570,238,2024-03-31,15:30:00,17:44:00,4,15.0,1.5,
9571,42,2024-03-31,15:30:00,16:44:00,3,15.0,1.5,
9572,224,2024-03-31,13:30:00,15:22:00,6,15.0,3.75,
9573,96,2024-03-31,09:00:00,11:24:00,1,15.0,1.5,
9574,92,2024-03-31,11:45:00,13:29:00,13,18.0,0.0,
9575,228,2024-03-31,15:30:00,17:12:00,13,15.0,1.5,
9576,228,2024-03-31,11:30:00,13:37:00,3,15.0,1.5,
9577,91,2024-03-31,09:45:00,11:48:00,4,15.0,3.75,
9578,4,2024-04-01,09:00:00,11:11:00,6,15.0,3.75,
9579,107,2024-04-01,10:45:00,13:15:00,3,15.0,3.75,
9580,207,2024-04-01,11:15:00,12:54:00,2,15.0,6.0,
9581,110,2024-04-01,13:15:00,15:16:00,11,15.0,3.75,
9582,170,2024-04-01,14:45:00,15:48:00,13,15.0,1.5,
9583,46,2024-04-01,13:30:00,15:39:00,7,18.0,0.0,
9584,207,2024-04-01,11:30:00,12:51:00,3,15.0,6.0,
9585,237,2024-04-01,12:45:00,14:47:00,6,15.0,3.75,
9586,36,2024-04-01,10:45:00,11:37:00,2,15.0,3.75,
9587,232,2024-04-01,10:00:00,11:30:00,12,15.0,3.75,
9588,38,2024-04-01,14:00:00,16:13:00,6,15.0,1.5,
9589,5,2024-04-01,11:30:00,13:40:00,2,15.0,3.75,
9590,237,2024-04-01,13:30:00,15:15:00,11,15.0,3.75,
9591,241,2024-04-01,11:00:00,11:51:00,3,18.0,0.0,
9592,75,2024-04-01,10:30:00,11:55:00,1,15.0,1.5,
9593,136,2024-04-01,09:30:00,11:41:00,2,18.0,0.0,
9594,2,2024-04-01,11:15:00,13:00:00,5,15.0,6.0,
9595,242,2024-04-01,15:30:00,17:46:00,3,15.0,3.75,
9596,219,2024-04-01,14:15:00,15:19:00,14,15.0,3.75,
9597,96,2024-04-01,10:30:00,12:31:00,10,15.0,1.5,
9598,1,2024-04-01,11:00:00,12:32:00,1,15.0,6.0,
9599,110,2024-04-01,14:15:00,15:01:00,14,15.0,3.75,
9600,155,2024-04-01,11:15:00,13:04:00,5,15.0,3.75,
9601,98,2024-04-02,15:15:00,17:24:00,13,15.0,3.75,
9602,53,2024-04-02,16:45:00,18:16:00,11,15.0,1.5,
9603,135,2024-04-02,15:15:00,16:54:00,6,15.0,3.75,
9604,103,2024-04-02,09:45:00,11:09:00,13,15.0,1.5,
9605,233,2024-04-02,09:00:00,10:48:00,5,15.0,3.75,
9606,5,2024-04-02,14:00:00,14:51:00,12,15.0,3.75,
9607,96,2024-04-02,14:45:00,16:13:00,2,15.0,1.5,
9608,59,2024-04-02,11:30:00,12:52:00,11,15.0,1.5,
9609,170,2024-04-02,15:15:00,16:18:00,14,15.0,1.5,
9610,61,2024-04-02,09:15:00,11:16:00,1,15.0,3.75,
9611,21,2024-04-02,09:15:00,11:28:00,12,15.0,1.5,
9612,11,2024-04-02,13:15:00,14:16:00,5,18.0,0.0,
9613,98,2024-04-02,11:30:00,12:20:00,12,15.0,3.75,
9614,158,2024-04-02,14:00:00,16:10:00,4,15.0,3.75,
9615,110,2024-04-02,16:30:00,18:33:00,1,15.0,3.75,
9616,192,2024-04-02,16:15:00,17:39:00,2,18.0,0.0,
9617,25,2024-04-02,16:45:00,18:34:00,14,15.0,1.5,
9618,170,2024-04-02,13:30:00,14:46:00,1,15.0,1.5,
9619,107,2024-04-02,16:00:00,17:33:00,13,15.0,3.75,
9620,203,2024-04-02,12:45:00,14:40:00,2,15.0,3.75,
9621,74,2024-04-02,11:00:00,12:22:00,10,15.0,3.75,
9622,2,2024-04-02,15:30:00,16:45:00,1,15.0,6.0,
9623,143,2024-04-02,15:45:00,18:08:00,14,15.0,3.75,
9624,1,2024-04-02,10:30:00,11:29:00,13,15.0,6.0,
9625,199,2024-04-02,10:15:00,11:08:00,6,15.0,1.5,
9626,69,2024-04-02,15:45:00,17:39:00,10,15.0,3.75,
9627,186,2024-04-02,15:30:00,17:38:00,2,15.0,1.5,
9628,240,2024-04-02,10:30:00,11:50:00,3,15.0,6.0,
9629,103,2024-04-03,10:30:00,11:38:00,12,15.0,1.5,
9630,215,2024-04-03,10:15:00,11:10:00,7,15.0,3.75,
9631,181,2024-04-03,12:30:00,14:52:00,6,15.0,1.5,
9632,228,2024-04-03,11:30:00,12:30:00,14,15.0,1.5,
9633,35,2024-04-03,10:15:00,11:26:00,7,18.0,0.0,
9634,23,2024-04-03,11:15:00,12:03:00,1,15.0,6.0,
9635,51,2024-04-03,16:00:00,18:12:00,12,15.0,1.5,
9636,189,2024-04-03,12:00:00,13:39:00,13,15.0,3.75,
9637,106,2024-04-03,16:00:00,17:57:00,11,15.0,1.5,
9638,43,2024-04-03,09:00:00,11:29:00,14,15.0,3.75,
9639,176,2024-04-03,10:15:00,12:02:00,14,18.0,0.0,
9640,134,2024-04-03,11:45:00,13:18:00,14,15.0,1.5,
9641,73,2024-04-03,14:15:00,16:20:00,12,15.0,3.75,
9642,101,2024-04-03,14:30:00,15:57:00,13,18.0,0.0,
9643,108,2024-04-03,16:00:00,18:17:00,14,15.0,1.5,
9644,52,2024-04-03,11:45:00,14:03:00,14,15.0,1.5,
9645,119,2024-04-03,14:00:00,15:17:00,10,15.0,1.5,
9646,160,2024-04-03,15:00:00,17:10:00,11,15.0,3.75,
9647,106,2024-04-04,11:45:00,13:23:00,3,15.0,1.5,
9648,215,2024-04-04,13:30:00,15:15:00,5,15.0,3.75,
9649,163,2024-04-04,11:00:00,11:46:00,6,18.0,0.0,
9650,114,2024-04-04,12:00:00,14:00:00,1,15.0,1.5,
9651,99,2024-04-04,16:30:00,18:11:00,2,18.0,0.0,
9652,135,2024-04-04,11:15:00,12:22:00,10,15.0,3.75,
9653,38,2024-04-04,11:45:00,13:49:00,13,15.0,1.5,
9654,192,2024-04-04,15:45:00,17:12:00,3,18.0,0.0,
9655,195,2024-04-04,10:15:00,12:35:00,14,15.0,3.75,
9656,96,2024-04-04,11:45:00,13:32:00,2,15.0,1.5,
9657,36,2024-04-04,14:30:00,16:53:00,11,15.0,3.75,
9658,166,2024-04-04,13:00:00,13:55:00,5,18.0,0.0,
9659,75,2024-04-04,12:30:00,14:07:00,6,15.0,1.5,
9660,119,2024-04-04,16:30:00,17:38:00,12,15.0,1.5,
9661,214,2024-04-04,10:15:00,11:14:00,12,18.0,0.0,
9662,181,2024-04-04,15:15:00,17:43:00,14,15.0,1.5,
9663,43,2024-04-04,15:30:00,16:36:00,12,15.0,3.75,
9664,56,2024-04-04,12:00:00,14:14:00,2,15.0,3.75,
9665,143,2024-04-04,09:45:00,10:58:00,14,15.0,3.75,
9666,179,2024-04-04,13:00:00,15:19:00,6,15.0,3.75,
9667,174,2024-04-04,12:30:00,15:00:00,11,15.0,1.5,
9668,179,2024-04-04,09:30:00,11:48:00,1,15.0,3.75,
9669,27,2024-04-04,15:00:00,16:32:00,12,15.0,6.0,
9670,155,2024-04-04,15:30:00,16:25:00,5,15.0,3.75,
9671,98,2024-04-04,15:45:00,17:17:00,1,15.0,3.75,
9672,27,2024-04-04,16:15:00,17:48:00,10,15.0,6.0,
9673,219,2024-04-04,14:00:00,14:54:00,11,15.0,3.75,
9674,189,2024-04-04,12:45:00,14:39:00,5,15.0,3.75,
9675,100,2024-04-04,09:45:00,11:16:00,2,15.0,1.5,
9676,248,2024-04-04,09:15:00,11:04:00,10,18.0,0.0,
9677,71,2024-04-04,14:15:00,16:45:00,10,15.0,1.5,
9678,40,2024-04-04,10:30:00,11:48:00,3,18.0,0.0,
9679,150,2024-04-05,13:00:00,14:10:00,6,18.0,0.0,
9680,7,2024-04-05,16:00:00,17:55:00,14,15.0,1.5,
9681,148,2024-04-05,10:15:00,11:54:00,13,15.0,1.5,
9682,2,2024-04-05,15:15:00,17:18:00,10,15.0,6.0,
9683,107,2024-04-05,13:45:00,15:50:00,4,15.0,3.75,
9684,189,2024-04-05,14:45:00,16:12:00,5,15.0,3.75,
9685,207,2024-04-05,16:45:00,19:08:00,3,15.0,6.0,
9686,6,2024-04-05,14:30:00,15:39:00,10,15.0,1.5,
9687,7,2024-04-05,10:00:00,10:45:00,3,15.0,1.5,
9688,165,2024-04-05,16:30:00,17:22:00,6,15.0,6.0,
9689,187,2024-04-05,11:00:00,12:13:00,1,18.0,0.0,
9690,85,2024-04-05,11:15:00,12:08:00,5,18.0,0.0,
9691,26,2024-04-05,11:00:00,12:33:00,6,18.0,0.0,
9692,179,2024-04-05,09:00:00,10:16:00,3,15.0,3.75,
9693,97,2024-04-05,16:15:00,17:14:00,14,15.0,1.5,
9694,237,2024-04-05,14:15:00,15:08:00,5,15.0,3.75,
9695,166,2024-04-05,13:45:00,14:51:00,1,18.0,0.0,
9696,105,2024-04-05,11:15:00,12:03:00,13,18.0,0.0,
9697,86,2024-04-05,09:30:00,11:48:00,7,18.0,0.0,
9698,5,2024-04-05,15:45:00,17:06:00,3,15.0,3.75,
9699,191,2024-04-06,14:00:00,16:02:00,5,18.0,0.0,
9700,103,2024-04-06,11:30:00,13:46:00,14,15.0,1.5,
9701,72,2024-04-06,11:15:00,12:21:00,7,18.0,0.0,
9702,4,2024-04-06,10:45:00,12:05:00,3,15.0,3.75,
9703,186,2024-04-06,10:45:00,13:15:00,6,15.0,1.5,
9704,185,2024-04-06,13:30:00,14:29:00,13,18.0,0.0,
9705,35,2024-04-06,15:15:00,17:43:00,10,18.0,0.0,
9706,92,2024-04-06,10:15:00,11:57:00,14,18.0,0.0,
9707,228,2024-04-06,15:45:00,17:55:00,7,15.0,1.5,
9708,134,2024-04-06,13:30:00,15:12:00,10,15.0,1.5,
9709,217,2024-04-06,16:15:00,17:06:00,13,15.0,1.5,
9710,123,2024-04-06,11:45:00,13:49:00,11,18.0,0.0,
9711,73,2024-04-06,15:30:00,17:27:00,2,15.0,3.75,
9712,27,2024-04-06,16:00:00,16:50:00,3,15.0,6.0,
9713,238,2024-04-06,16:15:00,17:36:00,13,15.0,1.5,
9714,69,2024-04-06,12:45:00,14:56:00,7,15.0,3.75,
9715,191,2024-04-06,09:00:00,11:22:00,12,18.0,0.0,
9716,197,2024-04-06,13:45:00,15:16:00,3,15.0,1.5,
9717,158,2024-04-06,15:00:00,16:37:00,5,15.0,3.75,
9718,1,2024-04-06,16:15:00,18:12:00,5,15.0,6.0,
9719,107,2024-04-06,14:00:00,15:22:00,14,15.0,3.75,
9720,103,2024-04-06,13:45:00,15:11:00,3,15.0,1.5,
9721,184,2024-04-06,16:45:00,18:58:00,10,18.0,0.0,
9722,208,2024-04-06,12:15:00,13:31:00,10,18.0,0.0,
9723,159,2024-04-06,15:45:00,17:13:00,10,15.0,1.5,
9724,63,2024-04-06,14:00:00,15:21:00,4,15.0,1.5,
9725,71,2024-04-06,12:00:00,13:07:00,4,15.0,1.5,
9726,59,2024-04-06,16:00:00,17:55:00,13,15.0,1.5,
9727,101,2024-04-06,09:00:00,11:12:00,12,18.0,0.0,
9728,107,2024-04-06,10:45:00,12:24:00,10,15.0,3.75,
9729,61,2024-04-06,10:00:00,11:41:00,7,15.0,3.75,
9730,174,2024-04-06,11:15:00,12:20:00,7,15.0,1.5,
9731,1,2024-04-06,12:45:00,14:20:00,13,15.0,6.0,
9732,37,2024-04-06,16:30:00,18:45:00,11,18.0,0.0,
9733,155,2024-04-06,13:30:00,14:22:00,3,15.0,3.75,
9734,172,2024-04-06,15:30:00,17:14:00,7,15.0,1.5,
9735,57,2024-04-06,11:15:00,13:09:00,5,15.0,1.5,
9736,63,2024-04-06,11:00:00,12:51:00,12,15.0,1.5,
9737,195,2024-04-07,14:15:00,15:07:00,14,15.0,3.75,
9738,162,2024-04-07,16:30:00,18:15:00,12,15.0,3.75,
9739,138,2024-04-07,09:15:00,11:39:00,1,18.0,0.0,
9740,235,2024-04-07,12:45:00,14:57:00,11,18.0,0.0,
9741,186,2024-04-07,12:45:00,14:24:00,1,15.0,1.5,
9742,10,2024-04-07,11:00:00,11:50:00,11,15.0,1.5,
9743,103,2024-04-07,10:00:00,11:34:00,5,15.0,1.5,
9744,197,2024-04-07,10:30:00,13:00:00,2,15.0,1.5,
9745,215,2024-04-07,16:15:00,18:00:00,11,15.0,3.75,
9746,78,2024-04-07,15:45:00,16:49:00,5,18.0,0.0,
9747,55,2024-04-07,10:00:00,10:50:00,13,18.0,0.0,
9748,61,2024-04-07,16:30:00,18:06:00,7,15.0,3.75,
9749,35,2024-04-07,14:15:00,15:57:00,13,18.0,0.0,
9750,101,2024-04-07,15:30:00,16:20:00,4,18.0,0.0,
9751,45,2024-04-07,12:00:00,14:08:00,5,18.0,0.0,
9752,1,2024-04-07,13:00:00,13:46:00,2,15.0,6.0,
9753,227,2024-04-07,16:30:00,18:39:00,11,18.0,0.0,
9754,245,2024-04-07,16:45:00,17:30:00,14,18.0,0.0,
9755,238,2024-04-07,16:30:00,18:35:00,3,15.0,1.5,
9756,160,2024-04-07,14:30:00,15:42:00,2,15.0,3.75,
9757,27,2024-04-07,13:00:00,14:43:00,10,15.0,6.0,
9758,27,2024-04-07,12:30:00,14:11:00,10,15.0,6.0,
9759,135,2024-04-07,11:30:00,13:15:00,14,15.0,3.75,
9760,228,2024-04-07,12:30:00,14:06:00,11,15.0,1.5,
9761,26,2024-04-07,09:15:00,10:13:00,11,18.0,0.0,
9762,240,2024-04-07,13:15:00,15:44:00,1,15.0,6.0,
9763,69,2024-04-07,12:00:00,13:36:00,2,15.0,3.75,
9764,59,2024-04-07,13:15:00,15:28:00,12,15.0,1.5,
9765,219,2024-04-07,16:45:00,19:14:00,4,15.0,3.75,
9766,161,2024-04-07,16:00:00,17:46:00,13,18.0,0.0,
9767,186,2024-04-07,09:15:00,10:18:00,2,15.0,1.5,
9768,163,2024-04-07,14:45:00,16:20:00,2,18.0,0.0,
9769,208,2024-04-07,16:30:00,17:19:00,13,18.0,0.0,
9770,51,2024-04-07,13:00:00,14:20:00,14,15.0,1.5,
9771,143,2024-04-07,09:45:00,11:51:00,10,15.0,3.75,
9772,155,2024-04-07,15:45:00,16:53:00,7,15.0,3.75,
9773,11,2024-04-07,11:45:00,12:34:00,14,18.0,0.0,
9774,119,2024-04-07,09:30:00,11:15:00,11,15.0,1.5,
9775,219,2024-04-07,16:00:00,18:25:00,1,15.0,3.75,
9776,61,2024-04-07,12:00:00,14:09:00,7,15.0,3.75,
9777,215,2024-04-07,16:30:00,17:59:00,7,15.0,3.75,
9778,248,2024-04-07,12:15:00,14:22:00,13,18.0,0.0,
9779,107,2024-04-07,11:45:00,13:54:00,13,15.0,3.75,
9780,233,2024-04-07,09:45:00,10:52:00,11,15.0,3.75,
9781,240,2024-04-07,14:45:00,15:51:00,2,15.0,6.0,
9782,75,2024-04-08,15:30:00,17:20:00,5,15.0,1.5,
9783,207,2024-04-08,16:15:00,17:38:00,6,15.0,6.0,
9784,120,2024-04-08,12:15:00,14:26:00,6,15.0,1.5,
9785,91,2024-04-08,11:15:00,12:44:00,3,15.0,3.75,
9786,230,2024-04-08,09:15:00,11:23:00,3,18.0,0.0,
9787,159,2024-04-08,13:45:00,15:50:00,5,15.0,1.5,
9788,67,2024-04-08,11:15:00,13:02:00,10,15.0,3.75,
9789,143,2024-04-08,12:45:00,15:08:00,10,15.0,3.75,
9790,7,2024-04-08,16:45:00,18:29:00,5,15.0,1.5,
9791,59,2024-04-08,09:45:00,11:28:00,7,15.0,1.5,
9792,174,2024-04-08,15:45:00,16:37:00,11,15.0,1.5,
9793,208,2024-04-08,13:30:00,15:46:00,11,18.0,0.0,
9794,6,2024-04-08,09:15:00,10:34:00,3,15.0,1.5,
9795,77,2024-04-08,12:30:00,13:55:00,10,15.0,1.5,
9796,64,2024-04-08,09:45:00,11:17:00,10,15.0,1.5,
9797,64,2024-04-08,15:00:00,17:05:00,4,15.0,1.5,
9798,143,2024-04-08,12:45:00,14:30:00,11,15.0,3.75,
9799,47,2024-04-08,14:00:00,15:07:00,12,15.0,1.5,
9800,189,2024-04-08,09:15:00,11:13:00,12,15.0,3.75,
9801,155,2024-04-08,09:45:00,10:48:00,2,15.0,3.75,
9802,206,2024-04-08,16:00:00,16:50:00,12,18.0,0.0,
9803,4,2024-04-08,15:30:00,16:28:00,14,15.0,3.75,
9804,122,2024-04-08,12:00:00,13:03:00,3,15.0,1.5,
9805,78,2024-04-08,09:30:00,10:44:00,1,18.0,0.0,
9806,166,2024-04-09,11:30:00,12:53:00,4,18.0,0.0,
9807,168,2024-04-09,16:15:00,18:13:00,5,18.0,0.0,
9808,162,2024-04-09,12:30:00,14:11:00,14,15.0,3.75,
9809,28,2024-04-09,13:45:00,16:06:00,13,15.0,1.5,
9810,154,2024-04-09,14:15:00,16:07:00,3,18.0,0.0,
9811,42,2024-04-09,10:30:00,11:27:00,2,15.0,1.5,
9812,68,2024-04-09,11:15:00,13:11:00,6,18.0,0.0,
9813,155,2024-04-09,16:15:00,17:13:00,2,15.0,3.75,
9814,43,2024-04-09,16:00:00,18:15:00,11,15.0,3.75,
9815,1,2024-04-09,16:30:00,18:47:00,11,15.0,6.0,
9816,118,2024-04-09,15:30:00,17:21:00,2,15.0,3.75,
9817,203,2024-04-09,14:00:00,15:15:00,7,15.0,3.75,
9818,108,2024-04-09,09:30:00,11:31:00,2,15.0,1.5,
9819,172,2024-04-09,16:15:00,17:21:00,6,15.0,1.5,
9820,159,2024-04-09,15:00:00,16:53:00,5,15.0,1.5,
9821,189,2024-04-09,10:00:00,11:06:00,2,15.0,3.75,
9822,237,2024-04-09,16:15:00,18:40:00,2,15.0,3.75,
9823,183,2024-04-09,15:45:00,16:43:00,13,15.0,1.5,
9824,185,2024-04-09,10:30:00,11:57:00,4,18.0,0.0,
9825,27,2024-04-09,13:45:00,15:33:00,1,15.0,6.0,
9826,101,2024-04-09,13:30:00,14:28:00,13,18.0,0.0,
9827,8,2024-04-09,13:00:00,13:46:00,14,15.0,1.5,
9828,158,2024-04-09,14:45:00,16:00:00,2,15.0,3.75,
9829,237,2024-04-09,11:15:00,12:02:00,14,15.0,3.75,
9830,48,2024-04-10,16:00:00,16:59:00,7,15.0,3.75,
9831,108,2024-04-10,11:15:00,13:15:00,13,15.0,1.5,
9832,183,2024-04-10,13:00:00,14:33:00,5,15.0,1.5,
9833,238,2024-04-10,16:30:00,18:16:00,4,15.0,1.5,
9834,155,2024-04-10,09:45:00,11:29:00,4,15.0,3.75,
9835,8,2024-04-10,09:45:00,10:48:00,13,15.0,1.5,
9836,44,2024-04-10,16:30:00,17:47:00,2,15.0,1.5,
9837,3,2024-04-10,13:30:00,14:45:00,10,15.0,3.75,
9838,83,2024-04-10,15:45:00,17:30:00,12,15.0,1.5,
9839,207,2024-04-10,09:15:00,11:19:00,11,15.0,6.0,
9840,93,2024-04-10,11:15:00,12:51:00,1,15.0,1.5,
9841,2,2024-04-10,11:15:00,12:53:00,12,15.0,6.0,
9842,134,2024-04-10,16:45:00,18:16:00,13,15.0,1.5,
9843,155,2024-04-10,15:00:00,16:11:00,10,15.0,3.75,
9844,195,2024-04-10,09:00:00,09:49:00,3,15.0,3.75,
9845,232,2024-04-10,09:30:00,10:20:00,12,15.0,3.75,
9846,43,2024-04-10,11:15:00,13:36:00,14,15.0,3.75,
9847,233,2024-04-10,15:30:00,17:16:00,13,15.0,3.75,
9848,1,2024-04-10,10:00:00,12:20:00,11,15.0,6.0,
9849,202,2024-04-11,09:45:00,11:38:00,2,18.0,0.0,
9850,57,2024-04-11,15:45:00,16:44:00,2,15.0,1.5,
9851,63,2024-04-11,13:30:00,14:26:00,11,15.0,1.5,
9852,242,2024-04-11,13:00:00,14:42:00,5,15.0,3.75,
9853,120,2024-04-11,09:15:00,11:00:00,11,15.0,1.5,
9854,216,2024-04-11,10:15:00,11:38:00,10,18.0,0.0,
9855,40,2024-04-11,14:45:00,16:03:00,4,18.0,0.0,
9856,4,2024-04-11,16:15:00,17:36:00,1,15.0,3.75,
9857,181,2024-04-11,15:30:00,16:45:00,2,15.0,1.5,
9858,61,2024-04-11,15:15:00,17:27:00,4,15.0,3.75,
9859,36,2024-04-11,12:00:00,14:03:00,11,15.0,3.75,
9860,177,2024-04-11,14:30:00,15:29:00,2,18.0,0.0,
9861,218,2024-04-11,13:00:00,15:19:00,11,15.0,1.5,
9862,165,2024-04-11,16:00:00,18:16:00,11,15.0,6.0,
9863,111,2024-04-11,09:15:00,10:52:00,3,15.0,1.5,
9864,151,2024-04-11,15:30:00,17:18:00,6,18.0,0.0,
9865,155,2024-04-11,16:45:00,17:43:00,14,15.0,3.75,
9866,83,2024-04-11,12:00:00,13:19:00,3,15.0,1.5,
9867,48,2024-04-11,12:30:00,13:50:00,5,15.0,3.75,
9868,35,2024-04-11,16:15:00,17:02:00,10,18.0,0.0,
9869,61,2024-04-11,14:15:00,15:32:00,1,15.0,3.75,
9870,121,2024-04-11,15:45:00,17:03:00,2,15.0,1.5,
9871,43,2024-04-11,09:00:00,11:27:00,2,15.0,3.75,
9872,237,2024-04-11,10:15:00,11:14:00,14,15.0,3.75,
9873,159,2024-04-11,10:45:00,12:00:00,7,15.0,1.5,
9874,104,2024-04-11,10:30:00,11:25:00,1,18.0,0.0,
9875,85,2024-04-11,13:45:00,15:02:00,12,18.0,0.0,
9876,2,2024-04-12,12:15:00,14:26:00,4,15.0,6.0,
9877,42,2024-04-12,10:45:00,12:36:00,14,15.0,1.5,
9878,99,2024-04-12,13:45:00,14:35:00,10,18.0,0.0,
9879,8,2024-04-12,09:15:00,11:20:00,1,15.0,1.5,
9880,34,2024-04-12,09:30:00,10:16:00,5,18.0,0.0,
9881,27,2024-04-12,11:15:00,13:32:00,6,15.0,6.0,
9882,103,2024-04-12,15:00:00,17:14:00,11,15.0,1.5,
9883,64,2024-04-12,14:45:00,17:02:00,12,15.0,1.5,
9884,60,2024-04-12,16:00:00,16:45:00,3,18.0,0.0,
9885,71,2024-04-12,09:15:00,11:00:00,4,15.0,1.5,
9886,215,2024-04-12,13:00:00,14:14:00,5,15.0,3.75,
9887,131,2024-04-12,10:00:00,12:20:00,6,18.0,0.0,
9888,97,2024-04-12,10:45:00,11:34:00,5,15.0,1.5,
9889,6,2024-04-12,09:45:00,10:36:00,3,15.0,1.5,
9890,168,2024-04-12,12:00:00,13:56:00,4,18.0,0.0,
9891,162,2024-04-12,11:15:00,12:33:00,4,15.0,3.75,
9892,31,2024-04-12,12:30:00,14:40:00,5,15.0,1.5,
9893,213,2024-04-12,16:00:00,17:20:00,14,15.0,1.5,
9894,237,2024-04-12,15:00:00,16:43:00,3,15.0,3.75,
9895,28,2024-04-12,16:15:00,17:49:00,4,15.0,1.5,
9896,10,2024-04-12,09:30:00,11:19:00,6,15.0,1.5,
9897,2,2024-04-12,10:00:00,11:32:00,6,15.0,6.0,
9898,165,2024-04-13,12:15:00,13:15:00,5,15.0,6.0,
9899,2,2024-04-13,14:30:00,16:12:00,7,15.0,6.0,
9900,27,2024-04-13,16:15:00,17:10:00,10,15.0,6.0,
9901,93,2024-04-13,11:00:00,13:06:00,11,15.0,1.5,
9902,46,2024-04-13,14:30:00,16:14:00,4,18.0,0.0,
9903,152,2024-04-13,16:00:00,17:28:00,5,15.0,3.75,
9904,2,2024-04-13,09:15:00,10:40:00,2,15.0,6.0,
9905,228,2024-04-13,12:00:00,12:55:00,5,15.0,1.5,
9906,134,2024-04-13,12:15:00,13:36:00,5,15.0,1.5,
9907,237,2024-04-13,13:15:00,14:36:00,1,15.0,3.75,
9908,8,2024-04-13,15:15:00,16:41:00,1,15.0,1.5,
9909,237,2024-04-13,15:00:00,15:53:00,2,15.0,3.75,
9910,148,2024-04-13,12:30:00,14:10:00,7,15.0,1.5,
9911,21,2024-04-13,11:00:00,12:39:00,13,15.0,1.5,
9912,74,2024-04-13,16:00:00,16:48:00,7,15.0,3.75,
9913,48,2024-04-13,12:00:00,13:22:00,2,15.0,3.75,
9914,213,2024-04-13,13:45:00,14:43:00,14,15.0,1.5,
9915,93,2024-04-13,13:00:00,15:21:00,2,15.0,1.5,
9916,155,2024-04-13,15:45:00,16:57:00,10,15.0,3.75,
9917,69,2024-04-13,13:45:00,15:16:00,10,15.0,3.75,
9918,39,2024-04-13,14:30:00,16:45:00,1,15.0,1.5,
9919,114,2024-04-13,11:15:00,12:51:00,13,15.0,1.5,
9920,120,2024-04-13,12:30:00,13:41:00,6,15.0,1.5,
9921,180,2024-04-13,14:30:00,15:27:00,4,18.0,0.0,
9922,36,2024-04-13,16:15:00,18:11:00,11,15.0,3.75,
9923,93,2024-04-13,11:30:00,13:34:00,7,15.0,1.5,
9924,231,2024-04-13,14:00:00,14:49:00,4,15.0,1.5,
9925,112,2024-04-13,10:15:00,11:37:00,1,15.0,1.5,
9926,184,2024-04-13,11:15:00,12:12:00,11,18.0,0.0,
9927,110,2024-04-13,10:00:00,12:12:00,6,15.0,3.75,
9928,5,2024-04-13,10:30:00,12:14:00,10,15.0,3.75,
9929,197,2024-04-13,10:45:00,12:19:00,6,15.0,1.5,
9930,181,2024-04-13,16:15:00,18:41:00,6,15.0,1.5,
9931,53,2024-04-13,09:15:00,11:41:00,4,15.0,1.5,
9932,9,2024-04-13,11:45:00,13:54:00,2,15.0,1.5,
9933,155,2024-04-14,14:30:00,16:40:00,7,15.0,3.75,
9934,119,2024-04-14,15:30:00,16:31:00,3,15.0,1.5,
9935,195,2024-04-14,11:15:00,13:08:00,5,15.0,3.75,
9936,101,2024-04-14,13:30:00,14:39:00,4,18.0,0.0,
9937,2,2024-04-14,15:30:00,16:37:00,11,15.0,6.0,
9938,98,2024-04-14,09:15:00,10:13:00,12,15.0,3.75,
9939,2,2024-04-14,11:00:00,11:53:00,7,15.0,6.0,
9940,240,2024-04-14,13:15:00,14:53:00,1,15.0,6.0,
9941,43,2024-04-14,11:30:00,13:14:00,4,15.0,3.75,
9942,112,2024-04-14,13:00:00,15:00:00,13,15.0,1.5,
9943,100,2024-04-14,11:45:00,13:46:00,11,15.0,1.5,
9944,4,2024-04-14,12:00:00,14:12:00,5,15.0,3.75,
9945,102,2024-04-14,11:30:00,12:23:00,14,18.0,0.0,
9946,162,2024-04-14,13:00:00,13:46:00,12,15.0,3.75,
9947,168,2024-04-14,09:00:00,11:06:00,1,18.0,0.0,
9948,159,2024-04-14,10:15:00,11:16:00,5,15.0,1.5,
9949,103,2024-04-14,10:15:00,11:36:00,5,15.0,1.5,
9950,2,2024-04-14,12:00:00,13:56:00,4,15.0,6.0,
9951,1,2024-04-14,11:30:00,13:06:00,2,15.0,6.0,
9952,1,2024-04-14,15:30:00,16:45:00,2,15.0,6.0,
9953,56,2024-04-14,14:45:00,16:29:00,5,15.0,3.75,
9954,98,2024-04-14,12:45:00,14:41:00,3,15.0,3.75,
9955,180,2024-04-14,14:45:00,15:55:00,14,18.0,0.0,
9956,181,2024-04-14,12:15:00,14:16:00,11,15.0,1.5,
9957,240,2024-04-14,11:30:00,13:24:00,14,15.0,6.0,
9958,112,2024-04-14,09:30:00,10:58:00,11,15.0,1.5,
9959,237,2024-04-14,13:45:00,16:12:00,4,15.0,3.75,
9960,38,2024-04-14,16:30:00,17:31:00,2,15.0,1.5,
9961,2,2024-04-14,16:15:00,17:30:00,11,15.0,6.0,
9962,40,2024-04-14,14:15:00,15:34:00,13,18.0,0.0,
9963,162,2024-04-14,11:15:00,13:37:00,10,15.0,3.75,
9964,112,2024-04-14,12:30:00,14:08:00,7,15.0,1.5,
9965,91,2024-04-14,13:45:00,14:37:00,13,15.0,3.75,
9966,98,2024-04-14,14:15:00,16:04:00,6,15.0,3.75,
9967,56,2024-04-14,14:30:00,15:18:00,7,15.0,3.75,
9968,110,2024-04-14,12:15:00,14:00:00,13,15.0,3.75,
9969,111,2024-04-14,09:00:00,09:53:00,4,15.0,1.5,
9970,33,2024-04-14,13:00:00,14:10:00,4,15.0,3.75,
9971,27,2024-04-14,14:00:00,15:24:00,1,15.0,6.0,
9972,143,2024-04-14,13:45:00,15:35:00,5,15.0,3.75,
9973,74,2024-04-14,15:15:00,16:11:00,5,15.0,3.75,
9974,189,2024-04-14,10:15:00,11:08:00,10,15.0,3.75,
9975,28,2024-04-14,12:00:00,13:03:00,12,15.0,1.5,
9976,240,2024-04-14,14:45:00,15:55:00,7,15.0,6.0,
9977,233,2024-04-14,10:45:00,13:15:00,11,15.0,3.75,
9978,111,2024-04-14,12:00:00,13:45:00,14,15.0,1.5,
9979,5,2024-04-14,15:00:00,16:50:00,6,15.0,3.75,
9980,201,2024-04-15,16:00:00,16:46:00,1,15.0,1.5,
9981,48,2024-04-15,09:30:00,10:55:00,1,15.0,3.75,
9982,217,2024-04-15,10:00:00,11:58:00,4,15.0,1.5,
9983,206,2024-04-15,11:15:00,12:21:00,11,18.0,0.0,
9984,194,2024-04-15,16:15:00,17:29:00,11,15.0,1.5,
9985,194,2024-04-15,13:15:00,15:43:00,12,15.0,1.5,
9986,77,2024-04-15,15:45:00,17:49:00,6,15.0,1.5,
9987,193,2024-04-15,11:00:00,12:37:00,11,15.0,1.5,
9988,78,2024-04-15,12:15:00,14:02:00,1,18.0,0.0,
9989,66,2024-04-15,15:30:00,17:03:00,10,18.0,0.0,
9990,82,2024-04-15,10:30:00,11:34:00,10,15.0,1.5,
9991,115,2024-04-15,11:15:00,12:57:00,14,18.0,0.0,
9992,2,2024-04-15,09:15:00,10:18:00,7,15.0,6.0,
9993,2,2024-04-15,10:30:00,11:57:00,6,15.0,6.0,
9994,108,2024-04-15,12:00:00,13:18:00,6,15.0,1.5,
9995,91,2024-04-15,09:45:00,11:37:00,6,15.0,3.75,
9996,118,2024-04-15,10:15:00,12:03:00,10,15.0,3.75,
9997,27,2024-04-15,09:45:00,11:15:00,4,15.0,6.0,
9998,67,2024-04-15,13:45:00,14:34:00,12,15.0,3.75,
9999,219,2024-04-15,14:45:00,16:50:00,6,15.0,3.75,
10000,135,2024-04-15,09:00:00,11:14:00,14,15.0,3.75,
10001,165,2024-04-15,12:45:00,15:00:00,13,15.0,6.0,
10002,96,2024-04-15,12:30:00,14:36:00,1,15.0,1.5,
10003,195,2024-04-15,10:00:00,12:19:00,14,15.0,3.75,
10004,219,2024-04-15,12:15:00,13:36:00,10,15.0,3.75,
10005,235,2024-04-16,14:00:00,15:26:00,1,18.0,0.0,
10006,8,2024-04-16,09:00:00,11:27:00,4,15.0,1.5,
10007,111,2024-04-16,11:45:00,14:12:00,3,15.0,1.5,
10008,27,2024-04-16,10:15:00,12:17:00,12,15.0,6.0,
10009,2,2024-04-16,16:15:00,17:14:00,2,15.0,6.0,
10010,168,2024-04-16,15:45:00,16:36:00,5,18.0,0.0,
10011,22,2024-04-16,12:30:00,14:48:00,11,18.0,0.0,
10012,195,2024-04-16,13:30:00,14:21:00,11,15.0,3.75,
10013,195,2024-04-16,12:30:00,14:52:00,7,15.0,3.75,
10014,91,2024-04-16,14:45:00,16:40:00,2,15.0,3.75,
10015,101,2024-04-16,13:00:00,14:59:00,4,18.0,0.0,
10016,5,2024-04-16,12:45:00,15:09:00,11,15.0,3.75,
10017,97,2024-04-16,14:15:00,15:49:00,6,15.0,1.5,
10018,33,2024-04-16,09:15:00,10:09:00,12,15.0,3.75,
10019,27,2024-04-16,14:45:00,15:42:00,3,15.0,6.0,
10020,56,2024-04-16,12:45:00,14:35:00,6,15.0,3.75,
10021,159,2024-04-16,15:00:00,17:14:00,3,15.0,1.5,
10022,233,2024-04-16,12:00:00,13:42:00,14,15.0,3.75,
10023,23,2024-04-16,13:15:00,15:01:00,7,15.0,6.0,
10024,190,2024-04-16,16:45:00,17:40:00,6,18.0,0.0,
10025,175,2024-04-16,15:15:00,17:44:00,4,18.0,0.0,
10026,143,2024-04-16,16:45:00,18:50:00,7,15.0,3.75,
10027,240,2024-04-16,16:15:00,17:11:00,11,15.0,6.0,
10028,131,2024-04-16,10:30:00,11:34:00,1,18.0,0.0,
10029,126,2024-04-16,09:30:00,10:43:00,14,15.0,1.5,
10030,100,2024-04-16,13:15:00,15:36:00,2,15.0,1.5,
10031,228,2024-04-16,09:30:00,11:17:00,7,15.0,1.5,
10032,44,2024-04-16,14:15:00,16:09:00,1,15.0,1.5,
10033,98,2024-04-16,11:00:00,12:10:00,4,15.0,3.75,
10034,48,2024-04-16,16:45:00,18:46:00,11,15.0,3.75,
10035,219,2024-04-17,12:30:00,13:38:00,11,15.0,3.75,
10036,96,2024-04-17,13:00:00,14:46:00,2,15.0,1.5,
10037,23,2024-04-17,12:45:00,14:03:00,6,15.0,6.0,
10038,182,2024-04-17,15:45:00,17:53:00,13,15.0,1.5,
10039,170,2024-04-17,13:15:00,15:45:00,10,15.0,1.5,
10040,100,2024-04-17,13:15:00,14:28:00,1,15.0,1.5,
10041,196,2024-04-17,10:00:00,12:21:00,5,15.0,1.5,
10042,170,2024-04-17,15:15:00,17:01:00,11,15.0,1.5,
10043,60,2024-04-17,12:15:00,14:30:00,10,18.0,0.0,
10044,69,2024-04-17,14:45:00,16:36:00,5,15.0,3.75,
10045,96,2024-04-17,14:15:00,16:39:00,11,15.0,1.5,
10046,126,2024-04-17,11:45:00,14:10:00,1,15.0,1.5,
10047,58,2024-04-17,11:30:00,13:10:00,2,18.0,0.0,
10048,199,2024-04-17,16:15:00,18:20:00,2,15.0,1.5,
10049,27,2024-04-17,14:00:00,15:35:00,1,15.0,6.0,
10050,104,2024-04-17,15:00:00,16:34:00,5,18.0,0.0,
10051,165,2024-04-17,13:45:00,14:50:00,7,15.0,6.0,
10052,2,2024-04-17,16:45:00,18:02:00,1,15.0,6.0,
10053,112,2024-04-17,13:30:00,14:25:00,1,15.0,1.5,
10054,2,2024-04-17,10:00:00,12:15:00,3,15.0,6.0,
10055,24,2024-04-17,15:45:00,16:40:00,10,15.0,3.75,
10056,35,2024-04-17,13:45:00,16:06:00,10,18.0,0.0,
10057,56,2024-04-18,15:15:00,16:03:00,3,15.0,3.75,
10058,135,2024-04-18,14:30:00,15:20:00,5,15.0,3.75,
10059,11,2024-04-18,10:30:00,12:55:00,11,18.0,0.0,
10060,165,2024-04-18,13:45:00,15:18:00,1,15.0,6.0,
10061,56,2024-04-18,15:30:00,16:58:00,2,15.0,3.75,
10062,39,2024-04-18,14:45:00,15:48:00,5,15.0,1.5,
10063,2,2024-04-18,13:30:00,14:34:00,7,15.0,6.0,
10064,86,2024-04-18,12:30:00,14:11:00,7,18.0,0.0,
10065,201,2024-04-18,12:00:00,13:32:00,5,15.0,1.5,
10066,1,2024-04-18,16:15:00,18:21:00,12,15.0,6.0,
10067,162,2024-04-18,13:30:00,15:41:00,3,15.0,3.75,
10068,181,2024-04-18,16:30:00,18:59:00,10,15.0,1.5,
10069,47,2024-04-18,16:15:00,18:42:00,7,15.0,1.5,
10070,23,2024-04-18,13:00:00,14:05:00,11,15.0,6.0,
10071,96,2024-04-18,14:45:00,15:30:00,12,15.0,1.5,
10072,143,2024-04-18,11:00:00,12:41:00,6,15.0,3.75,
10073,48,2024-04-18,15:00:00,16:18:00,5,15.0,3.75,
10074,69,2024-04-18,09:15:00,11:36:00,12,15.0,3.75,
10075,1,2024-04-18,15:30:00,16:27:00,14,15.0,6.0,
10076,68,2024-04-18,15:45:00,16:35:00,5,18.0,0.0,
10077,195,2024-04-18,16:30:00,18:04:00,6,15.0,3.75,
10078,52,2024-04-18,10:30:00,11:33:00,14,15.0,1.5,
10079,189,2024-04-18,12:45:00,13:47:00,13,15.0,3.75,
10080,223,2024-04-18,13:45:00,15:16:00,13,15.0,1.5,
10081,2,2024-04-18,09:00:00,11:18:00,1,15.0,6.0,
10082,77,2024-04-19,11:45:00,13:02:00,11,15.0,1.5,
10083,118,2024-04-19,14:15:00,16:11:00,6,15.0,3.75,
10084,100,2024-04-19,14:00:00,16:13:00,7,15.0,1.5,
10085,108,2024-04-19,15:45:00,18:05:00,6,15.0,1.5,
10086,232,2024-04-19,16:00:00,18:10:00,7,15.0,3.75,
10087,122,2024-04-19,16:15:00,17:25:00,11,15.0,1.5,
10088,2,2024-04-19,11:45:00,13:48:00,11,15.0,6.0,
10089,219,2024-04-19,11:30:00,13:39:00,11,15.0,3.75,
10090,237,2024-04-19,13:30:00,14:54:00,3,15.0,3.75,
10091,64,2024-04-19,16:45:00,17:37:00,10,15.0,1.5,
10092,84,2024-04-19,13:00:00,15:18:00,1,18.0,0.0,
10093,1,2024-04-19,10:45:00,12:13:00,2,15.0,6.0,
10094,2,2024-04-19,15:00:00,17:29:00,14,15.0,6.0,
10095,69,2024-04-19,12:15:00,14:04:00,10,15.0,3.75,
10096,61,2024-04-19,09:00:00,10:49:00,3,15.0,3.75,
10097,3,2024-04-19,13:00:00,14:42:00,1,15.0,3.75,
10098,217,2024-04-19,13:45:00,14:59:00,13,15.0,1.5,
10099,143,2024-04-19,11:15:00,13:36:00,14,15.0,3.75,
10100,242,2024-04-19,14:45:00,16:49:00,12,15.0,3.75,
10101,165,2024-04-19,11:45:00,14:14:00,13,15.0,6.0,
10102,208,2024-04-19,09:45:00,11:52:00,6,18.0,0.0,
10103,110,2024-04-19,10:45:00,11:39:00,7,15.0,3.75,
10104,216,2024-04-19,09:15:00,11:23:00,6,18.0,0.0,
10105,69,2024-04-19,11:15:00,12:27:00,2,15.0,3.75,
10106,33,2024-04-19,14:00:00,16:17:00,11,15.0,3.75,
10107,172,2024-04-19,14:30:00,16:52:00,14,15.0,1.5,
10108,43,2024-04-20,16:00:00,17:28:00,7,15.0,3.75,
10109,223,2024-04-20,09:15:00,11:00:00,10,15.0,1.5,
10110,219,2024-04-20,14:00:00,16:08:00,12,15.0,3.75,
10111,69,2024-04-20,12:00:00,12:59:00,12,15.0,3.75,
10112,242,2024-04-20,13:45:00,14:30:00,13,15.0,3.75,
10113,37,2024-04-20,12:30:00,14:36:00,11,18.0,0.0,
10114,2,2024-04-20,15:45:00,17:34:00,7,15.0,6.0,
10115,172,2024-04-20,10:00:00,12:21:00,3,15.0,1.5,
10116,181,2024-04-20,10:00:00,11:22:00,3,15.0,1.5,
10117,215,2024-04-20,11:15:00,12:53:00,12,15.0,3.75,
10118,196,2024-04-20,15:15:00,16:43:00,6,15.0,1.5,
10119,233,2024-04-20,15:30:00,16:30:00,4,15.0,3.75,
10120,83,2024-04-20,16:15:00,18:33:00,13,15.0,1.5,
10121,164,2024-04-20,13:45:00,14:56:00,6,15.0,1.5,
10122,38,2024-04-20,11:45:00,13:36:00,12,15.0,1.5,
10123,209,2024-04-20,11:00:00,12:27:00,5,18.0,0.0,
10124,110,2024-04-20,11:45:00,12:31:00,3,15.0,3.75,
10125,121,2024-04-20,11:00:00,12:29:00,12,15.0,1.5,
10126,148,2024-04-20,15:15:00,16:46:00,4,15.0,1.5,
10127,194,2024-04-20,15:00:00,16:40:00,3,15.0,1.5,
10128,7,2024-04-20,09:30:00,11:58:00,11,15.0,1.5,
10129,8,2024-04-20,11:15:00,13:12:00,1,15.0,1.5,
10130,3,2024-04-20,14:30:00,15:43:00,7,15.0,3.75,
10131,240,2024-04-20,15:00:00,16:45:00,1,15.0,6.0,
10132,137,2024-04-20,09:30:00,11:58:00,5,18.0,0.0,
10133,194,2024-04-20,10:00:00,12:08:00,13,15.0,1.5,
10134,165,2024-04-20,12:00:00,13:17:00,5,15.0,6.0,
10135,38,2024-04-20,10:15:00,12:05:00,11,15.0,1.5,
10136,96,2024-04-20,12:45:00,13:31:00,14,15.0,1.5,
10137,38,2024-04-20,16:45:00,17:52:00,2,15.0,1.5,
10138,189,2024-04-20,09:15:00,11:05:00,11,15.0,3.75,
10139,77,2024-04-20,09:15:00,10:02:00,1,15.0,1.5,
10140,182,2024-04-21,12:30:00,13:39:00,1,15.0,1.5,
10141,54,2024-04-21,11:45:00,12:51:00,6,18.0,0.0,
10142,74,2024-04-21,10:15:00,11:48:00,13,15.0,3.75,
10143,99,2024-04-21,10:00:00,12:18:00,2,18.0,0.0,
10144,143,2024-04-21,16:45:00,18:38:00,10,15.0,3.75,
10145,78,2024-04-21,11:30:00,12:36:00,4,18.0,0.0,
10146,134,2024-04-21,15:00:00,16:05:00,5,15.0,1.5,
10147,59,2024-04-21,11:15:00,13:43:00,13,15.0,1.5,
10148,126,2024-04-21,16:30:00,18:20:00,5,15.0,1.5,
10149,228,2024-04-21,16:00:00,16:56:00,14,15.0,1.5,
10150,164,2024-04-21,15:45:00,16:47:00,13,15.0,1.5,
10151,47,2024-04-21,15:45:00,17:51:00,3,15.0,1.5,
10152,100,2024-04-21,10:00:00,11:44:00,11,15.0,1.5,
10153,135,2024-04-21,09:30:00,11:34:00,7,15.0,3.75,
10154,71,2024-04-21,16:15:00,17:56:00,2,15.0,1.5,
10155,41,2024-04-21,09:15:00,10:11:00,12,15.0,1.5,
10156,75,2024-04-21,09:45:00,11:37:00,1,15.0,1.5,
10157,207,2024-04-21,11:45:00,13:45:00,5,15.0,6.0,
10158,190,2024-04-21,15:30:00,17:02:00,4,18.0,0.0,
10159,186,2024-04-21,12:45:00,14:10:00,12,15.0,1.5,
10160,228,2024-04-21,09:30:00,11:42:00,3,15.0,1.5,
10161,217,2024-04-21,12:45:00,14:53:00,10,15.0,1.5,
10162,143,2024-04-21,09:45:00,10:40:00,2,15.0,3.75,
10163,27,2024-04-21,12:30:00,13:18:00,13,15.0,6.0,
10164,31,2024-04-21,12:45:00,14:56:00,5,15.0,1.5,
10165,72,2024-04-21,15:45:00,17:46:00,7,18.0,0.0,
10166,182,2024-04-21,10:45:00,12:14:00,11,15.0,1.5,
10167,209,2024-04-21,14:15:00,15:57:00,14,18.0,0.0,
10168,162,2024-04-21,11:45:00,12:44:00,11,15.0,3.75,
10169,23,2024-04-21,15:00:00,17:14:00,1,15.0,6.0,
10170,107,2024-04-21,15:00:00,16:32:00,5,15.0,3.75,
10171,155,2024-04-21,16:30:00,18:34:00,4,15.0,3.75,
10172,158,2024-04-21,14:30:00,15:15:00,2,15.0,3.75,
10173,126,2024-04-21,15:00:00,16:05:00,1,15.0,1.5,
10174,219,2024-04-21,14:30:00,16:14:00,1,15.0,3.75,
10175,53,2024-04-21,12:15:00,13:53:00,1,15.0,1.5,
10176,219,2024-04-21,13:30:00,15:23:00,2,15.0,3.75,
10177,55,2024-04-21,15:15:00,16:54:00,2,18.0,0.0,
10178,194,2024-04-21,11:30:00,13:19:00,7,15.0,1.5,
10179,56,2024-04-21,15:30:00,17:01:00,12,15.0,3.75,
10180,162,2024-04-21,14:00:00,15:16:00,12,15.0,3.75,
10181,119,2024-04-21,13:30:00,14:27:00,2,15.0,1.5,
10182,28,2024-04-21,15:00:00,15:51:00,2,15.0,1.5,
10183,8,2024-04-21,14:45:00,17:10:00,3,15.0,1.5,
10184,1,2024-04-22,15:00:00,17:21:00,4,15.0,6.0,
10185,182,2024-04-22,11:00:00,12:11:00,2,15.0,1.5,
10186,27,2024-04-22,10:45:00,12:20:00,12,15.0,6.0,
10187,26,2024-04-22,09:45:00,10:49:00,5,18.0,0.0,
10188,198,2024-04-22,14:45:00,16:51:00,5,15.0,3.75,
10189,101,2024-04-22,10:30:00,12:22:00,5,18.0,0.0,
10190,62,2024-04-22,14:30:00,16:44:00,3,18.0,0.0,
10191,162,2024-04-22,13:30:00,15:58:00,7,15.0,3.75,
10192,176,2024-04-22,13:00:00,14:09:00,10,18.0,0.0,
10193,240,2024-04-22,16:00:00,18:24:00,14,15.0,6.0,
10194,99,2024-04-22,16:45:00,17:51:00,2,18.0,0.0,
10195,182,2024-04-22,10:15:00,11:09:00,10,15.0,1.5,
10196,35,2024-04-22,11:30:00,12:27:00,10,18.0,0.0,
10197,4,2024-04-22,15:15:00,16:07:00,2,15.0,3.75,
10198,108,2024-04-22,14:15:00,16:16:00,7,15.0,1.5,
10199,223,2024-04-22,14:45:00,15:41:00,4,15.0,1.5,
10200,223,2024-04-22,16:30:00,18:43:00,7,15.0,1.5,
10201,14,2024-04-22,15:30:00,17:04:00,10,18.0,0.0,
10202,25,2024-04-22,15:15:00,16:09:00,3,15.0,1.5,
10203,8,2024-04-22,16:45:00,19:00:00,13,15.0,1.5,
10204,61,2024-04-22,14:15:00,16:42:00,1,15.0,3.75,
10205,35,2024-04-22,13:30:00,15:02:00,5,18.0,0.0,
10206,27,2024-04-22,09:45:00,10:44:00,6,15.0,6.0,
10207,209,2024-04-23,16:00:00,16:50:00,10,18.0,0.0,
10208,44,2024-04-23,15:30:00,17:31:00,11,15.0,1.5,
10209,168,2024-04-23,14:30:00,16:12:00,1,18.0,0.0,
10210,3,2024-04-23,09:30:00,10:37:00,12,15.0,3.75,
10211,150,2024-04-23,12:30:00,14:04:00,1,18.0,0.0,
10212,238,2024-04-23,09:30:00,11:13:00,3,15.0,1.5,
10213,103,2024-04-23,09:15:00,10:51:00,5,15.0,1.5,
10214,224,2024-04-23,09:45:00,11:40:00,5,15.0,3.75,
10215,8,2024-04-23,16:15:00,17:24:00,3,15.0,1.5,
10216,57,2024-04-23,09:15:00,11:42:00,5,15.0,1.5,
10217,112,2024-04-23,12:45:00,14:43:00,1,15.0,1.5,
10218,155,2024-04-23,12:30:00,14:26:00,3,15.0,3.75,
10219,2,2024-04-23,12:30:00,13:56:00,1,15.0,6.0,
10220,38,2024-04-23,14:30:00,15:28:00,13,15.0,1.5,
10221,162,2024-04-23,16:45:00,18:47:00,4,15.0,3.75,
10222,96,2024-04-23,14:30:00,16:00:00,10,15.0,1.5,
10223,233,2024-04-23,10:30:00,11:49:00,7,15.0,3.75,
10224,56,2024-04-23,10:15:00,12:45:00,4,15.0,3.75,
10225,8,2024-04-23,11:15:00,12:53:00,7,15.0,1.5,
10226,155,2024-04-23,10:45:00,11:58:00,5,15.0,3.75,
10227,174,2024-04-24,13:15:00,15:42:00,5,15.0,1.5,
10228,149,2024-04-24,12:15:00,13:25:00,13,15.0,1.5,
10229,177,2024-04-24,12:00:00,13:59:00,3,18.0,0.0,
10230,119,2024-04-24,10:00:00,11:47:00,12,15.0,1.5,
10231,186,2024-04-24,12:15:00,14:23:00,6,15.0,1.5,
10232,73,2024-04-24,14:00:00,15:39:00,5,15.0,3.75,
10233,28,2024-04-24,15:30:00,17:01:00,14,15.0,1.5,
10234,148,2024-04-24,12:15:00,13:32:00,4,15.0,1.5,
10235,2,2024-04-24,14:30:00,15:32:00,1,15.0,6.0,
10236,2,2024-04-24,14:00:00,14:56:00,6,15.0,6.0,
10237,217,2024-04-24,10:00:00,11:17:00,3,15.0,1.5,
10238,182,2024-04-24,13:00:00,14:52:00,7,15.0,1.5,
10239,42,2024-04-24,14:30:00,15:41:00,12,15.0,1.5,
10240,5,2024-04-24,14:15:00,16:32:00,6,15.0,3.75,
10241,3,2024-04-24,13:30:00,15:48:00,12,15.0,3.75,
10242,190,2024-04-24,11:15:00,12:04:00,4,18.0,0.0,
10243,168,2024-04-24,16:15:00,17:16:00,1,18.0,0.0,
10244,121,2024-04-24,11:00:00,12:13:00,3,15.0,1.5,
10245,64,2024-04-24,09:00:00,11:24:00,5,15.0,1.5,
10246,181,2024-04-24,16:30:00,17:24:00,1,15.0,1.5,
10247,34,2024-04-24,15:15:00,16:32:00,3,18.0,0.0,
10248,128,2024-04-24,11:45:00,14:01:00,3,15.0,1.5,
10249,208,2024-04-24,09:30:00,11:02:00,14,18.0,0.0,
10250,232,2024-04-25,12:30:00,14:35:00,11,15.0,3.75,
10251,75,2024-04-25,10:30:00,12:44:00,13,15.0,1.5,
10252,158,2024-04-25,14:00:00,16:27:00,13,15.0,3.75,
10253,120,2024-04-25,16:30:00,17:22:00,14,15.0,1.5,
10254,48,2024-04-25,15:15:00,16:48:00,10,15.0,3.75,
10255,2,2024-04-25,11:30:00,13:32:00,6,15.0,6.0,
10256,1,2024-04-25,13:30:00,15:03:00,5,15.0,6.0,
10257,89,2024-04-25,10:45:00,12:00:00,3,15.0,1.5,
10258,207,2024-04-25,16:45:00,17:37:00,13,15.0,6.0,
10259,69,2024-04-25,15:45:00,18:15:00,10,15.0,3.75,
10260,43,2024-04-25,16:15:00,17:53:00,11,15.0,3.75,
10261,231,2024-04-25,10:15:00,11:43:00,5,15.0,1.5,
10262,93,2024-04-25,11:30:00,13:03:00,4,15.0,1.5,
10263,228,2024-04-25,14:30:00,16:03:00,11,15.0,1.5,
10264,160,2024-04-25,09:45:00,11:01:00,12,15.0,3.75,
10265,61,2024-04-25,12:15:00,13:37:00,6,15.0,3.75,
10266,111,2024-04-25,16:00:00,17:42:00,10,15.0,1.5,
10267,190,2024-04-25,15:30:00,17:35:00,14,18.0,0.0,
10268,5,2024-04-25,16:30:00,17:32:00,14,15.0,3.75,
10269,215,2024-04-25,16:45:00,17:59:00,5,15.0,3.75,
10270,86,2024-04-26,10:15:00,12:41:00,1,18.0,0.0,
10271,195,2024-04-26,10:45:00,13:04:00,11,15.0,3.75,
10272,240,2024-04-26,16:15:00,18:02:00,10,15.0,6.0,
10273,204,2024-04-26,16:30:00,18:49:00,6,18.0,0.0,
10274,118,2024-04-26,10:30:00,11:43:00,7,15.0,3.75,
10275,207,2024-04-26,15:00:00,16:40:00,4,15.0,6.0,
10276,160,2024-04-26,10:00:00,11:58:00,11,15.0,3.75,
10277,7,2024-04-26,12:30:00,14:36:00,10,15.0,1.5,
10278,126,2024-04-26,15:00:00,15:55:00,3,15.0,1.5,
10279,110,2024-04-26,10:15:00,12:32:00,5,15.0,3.75,
10280,161,2024-04-26,11:30:00,12:36:00,3,18.0,0.0,
10281,218,2024-04-26,09:15:00,10:09:00,11,15.0,1.5,
10282,8,2024-04-26,13:30:00,15:07:00,14,15.0,1.5,
10283,206,2024-04-26,16:45:00,17:31:00,12,18.0,0.0,
10284,173,2024-04-26,09:15:00,11:38:00,11,18.0,0.0,
10285,186,2024-04-26,09:00:00,11:23:00,14,15.0,1.5,
10286,155,2024-04-26,09:45:00,11:45:00,12,15.0,3.75,
10287,139,2024-04-26,10:15:00,12:42:00,10,18.0,0.0,
10288,4,2024-04-26,14:15:00,16:44:00,14,15.0,3.75,
10289,96,2024-04-26,16:45:00,18:08:00,2,15.0,1.5,
10290,47,2024-04-26,10:30:00,11:22:00,4,15.0,1.5,
10291,189,2024-04-26,12:15:00,13:16:00,2,15.0,3.75,
10292,98,2024-04-26,11:45:00,13:31:00,13,15.0,3.75,
10293,181,2024-04-26,10:00:00,12:00:00,5,15.0,1.5,
10294,223,2024-04-26,09:00:00,10:55:00,12,15.0,1.5,
10295,116,2024-04-26,10:45:00,12:51:00,5,18.0,0.0,
10296,52,2024-04-27,15:45:00,16:35:00,13,15.0,1.5,
10297,105,2024-04-27,13:15:00,14:15:00,5,18.0,0.0,
10298,77,2024-04-27,15:15:00,17:37:00,1,15.0,1.5,
10299,74,2024-04-27,11:15:00,12:03:00,1,15.0,3.75,
10300,217,2024-04-27,12:00:00,14:12:00,7,15.0,1.5,
10301,39,2024-04-27,14:45:00,16:50:00,10,15.0,1.5,
10302,177,2024-04-27,10:30:00,12:35:00,4,18.0,0.0,
10303,69,2024-04-27,11:15:00,12:47:00,14,15.0,3.75,
10304,4,2024-04-27,14:00:00,14:45:00,6,15.0,3.75,
10305,170,2024-04-27,16:15:00,17:38:00,4,15.0,1.5,
10306,202,2024-04-27,16:00:00,16:48:00,2,18.0,0.0,
10307,5,2024-04-27,14:00:00,14:47:00,6,15.0,3.75,
10308,25,2024-04-27,13:45:00,15:11:00,10,15.0,1.5,
10309,231,2024-04-27,16:00:00,17:47:00,10,15.0,1.5,
10310,3,2024-04-27,13:45:00,14:32:00,3,15.0,3.75,
10311,165,2024-04-27,13:00:00,15:07:00,12,15.0,6.0,
10312,23,2024-04-27,14:00:00,15:49:00,6,15.0,6.0,
10313,227,2024-04-27,10:45:00,13:14:00,11,18.0,0.0,
10314,14,2024-04-27,12:15:00,14:27:00,14,18.0,0.0,
10315,158,2024-04-27,14:45:00,15:38:00,4,15.0,3.75,
10316,75,2024-04-27,10:30:00,11:59:00,6,15.0,1.5,
10317,52,2024-04-27,15:45:00,16:56:00,7,15.0,1.5,
10318,44,2024-04-27,13:30:00,14:58:00,3,15.0,1.5,
10319,228,2024-04-27,12:45:00,14:58:00,1,15.0,1.5,
10320,238,2024-04-27,13:45:00,15:00:00,5,15.0,1.5,
10321,60,2024-04-27,12:45:00,14:15:00,4,18.0,0.0,
10322,233,2024-04-27,14:45:00,16:18:00,5,15.0,3.75,
10323,44,2024-04-27,14:30:00,15:45:00,4,15.0,1.5,
10324,174,2024-04-27,11:00:00,12:56:00,10,15.0,1.5,
10325,179,2024-04-27,14:30:00,16:05:00,7,15.0,3.75,
10326,56,2024-04-27,10:15:00,11:03:00,10,15.0,3.75,
10327,27,2024-04-27,15:30:00,16:59:00,13,15.0,6.0,
10328,224,2024-04-27,09:15:00,11:00:00,1,15.0,3.75,
10329,62,2024-04-27,12:00:00,12:46:00,14,18.0,0.0,
10330,36,2024-04-27,15:00:00,16:15:00,5,15.0,3.75,
10331,34,2024-04-27,16:30:00,18:33:00,14,18.0,0.0,
10332,189,2024-04-27,13:30:00,14:54:00,2,15.0,3.75,
10333,106,2024-04-27,09:45:00,11:40:00,10,15.0,1.5,
10334,171,2024-04-27,13:15:00,15:41:00,10,18.0,0.0,
10335,118,2024-04-27,16:00:00,17:07:00,1,15.0,3.75,
10336,135,2024-04-27,11:00:00,12:47:00,1,15.0,3.75,
10337,82,2024-04-28,09:45:00,10:53:00,2,15.0,1.5,
10338,115,2024-04-28,12:45:00,14:45:00,5,18.0,0.0,
10339,96,2024-04-28,14:00:00,15:48:00,6,15.0,1.5,
10340,193,2024-04-28,11:30:00,13:48:00,12,15.0,1.5,
10341,161,2024-04-28,13:15:00,14:52:00,4,18.0,0.0,
10342,120,2024-04-28,16:30:00,18:19:00,2,15.0,1.5,
10343,215,2024-04-28,09:15:00,11:15:00,11,15.0,3.75,
10344,240,2024-04-28,13:30:00,14:55:00,2,15.0,6.0,
10345,103,2024-04-28,14:00:00,16:28:00,5,15.0,1.5,
10346,2,2024-04-28,16:00:00,18:12:00,11,15.0,6.0,
10347,1,2024-04-28,09:30:00,11:34:00,11,15.0,6.0,
10348,228,2024-04-28,13:15:00,15:36:00,3,15.0,1.5,
10349,115,2024-04-28,09:45:00,11:12:00,13,18.0,0.0,
10350,112,2024-04-28,14:45:00,16:16:00,4,15.0,1.5,
10351,3,2024-04-28,10:15:00,11:47:00,7,15.0,3.75,
10352,114,2024-04-28,13:30:00,15:42:00,7,15.0,1.5,
10353,215,2024-04-28,11:30:00,12:37:00,10,15.0,3.75,
10354,72,2024-04-28,16:30:00,18:13:00,1,18.0,0.0,
10355,72,2024-04-28,12:15:00,14:00:00,13,18.0,0.0,
10356,2,2024-04-28,15:15:00,17:21:00,12,15.0,6.0,
10357,237,2024-04-28,09:15:00,10:36:00,12,15.0,3.75,
10358,240,2024-04-28,16:15:00,18:03:00,14,15.0,6.0,
10359,52,2024-04-28,11:30:00,13:12:00,3,15.0,1.5,
10360,89,2024-04-28,09:00:00,10:03:00,2,15.0,1.5,
10361,112,2024-04-28,15:15:00,16:52:00,2,15.0,1.5,
10362,203,2024-04-28,13:00:00,14:04:00,4,15.0,3.75,
10363,41,2024-04-28,12:45:00,14:54:00,12,15.0,1.5,
10364,215,2024-04-28,16:00:00,16:45:00,4,15.0,3.75,
10365,36,2024-04-28,11:45:00,12:55:00,1,15.0,3.75,
10366,233,2024-04-28,09:45:00,10:47:00,2,15.0,3.75,
10367,189,2024-04-28,15:30:00,17:00:00,5,15.0,3.75,
10368,121,2024-04-28,09:30:00,10:22:00,14,15.0,1.5,
10369,96,2024-04-28,11:00:00,12:48:00,3,15.0,1.5,
10370,232,2024-04-28,16:00:00,17:20:00,13,15.0,3.75,
10371,199,2024-04-28,13:45:00,14:56:00,6,15.0,1.5,
10372,57,2024-04-28,12:15:00,13:40:00,2,15.0,1.5,
10373,82,2024-04-28,13:30:00,14:43:00,11,15.0,1.5,
10374,232,2024-04-29,14:00:00,15:36:00,5,15.0,3.75,
10375,166,2024-04-29,14:45:00,15:32:00,2,18.0,0.0,
10376,152,2024-04-29,15:45:00,16:30:00,11,15.0,3.75,
10377,166,2024-04-29,12:15:00,13:51:00,5,18.0,0.0,
10378,236,2024-04-29,09:00:00,10:58:00,2,15.0,1.5,
10379,114,2024-04-29,16:30:00,18:25:00,2,15.0,1.5,
10380,51,2024-04-29,09:45:00,12:14:00,2,15.0,1.5,
10381,240,2024-04-29,10:15:00,11:12:00,2,15.0,6.0,
10382,9,2024-04-29,12:45:00,14:26:00,12,15.0,1.5,
10383,42,2024-04-29,15:30:00,17:00:00,3,15.0,1.5,
10384,108,2024-04-29,15:30:00,17:04:00,11,15.0,1.5,
10385,116,2024-04-29,13:00:00,14:30:00,11,18.0,0.0,
10386,71,2024-04-29,15:45:00,16:34:00,6,15.0,1.5,
10387,23,2024-04-29,14:15:00,15:50:00,11,15.0,6.0,
10388,48,2024-04-29,09:00:00,11:25:00,12,15.0,3.75,
10389,46,2024-04-29,10:15:00,11:39:00,6,18.0,0.0,
10390,119,2024-04-30,15:15:00,16:54:00,13,15.0,1.5,
10391,236,2024-04-30,09:00:00,10:12:00,2,15.0,1.5,
10392,237,2024-04-30,11:30:00,13:21:00,1,15.0,3.75,
10393,128,2024-04-30,15:45:00,16:47:00,7,15.0,1.5,
10394,103,2024-04-30,14:00:00,15:32:00,2,15.0,1.5,
10395,150,2024-04-30,12:00:00,13:28:00,3,18.0,0.0,
10396,154,2024-04-30,10:15:00,12:31:00,3,18.0,0.0,
10397,168,2024-04-30,09:45:00,10:52:00,12,18.0,0.0,
10398,2,2024-04-30,16:15:00,18:40:00,1,15.0,6.0,
10399,57,2024-04-30,11:00:00,13:17:00,1,15.0,1.5,
10400,2,2024-04-30,15:00:00,16:18:00,4,15.0,6.0,
10401,6,2024-04-30,15:15:00,16:46:00,11,15.0,1.5,
10402,155,2024-04-30,14:15:00,16:43:00,13,15.0,3.75,
10403,8,2024-04-30,11:00:00,12:47:00,14,15.0,1.5,
10404,91,2024-04-30,09:15:00,11:34:00,13,15.0,3.75,
10405,3,2024-04-30,15:30:00,17:05:00,6,15.0,3.75,
10406,162,2024-04-30,16:30:00,18:33:00,10,15.0,3.75,
10407,162,2024-04-30,12:00:00,14:18:00,1,15.0,3.75,
10408,82,2024-04-30,13:45:00,15:02:00,11,15.0,1.5,
10409,74,2024-04-30,12:30:00,14:19:00,6,15.0,3.75,
10410,179,2024-04-30,11:00:00,12:58:00,7,15.0,3.75,
10411,233,2024-04-30,11:45:00,12:58:00,10,15.0,3.75,
10412,48,2024-04-30,15:00:00,16:18:00,13,15.0,3.75,
10413,2,2024-05-01,11:15:00,13:24:00,5,15.0,6.0,
10414,126,2024-05-01,13:30:00,14:31:00,4,15.0,1.5,
10415,75,2024-05-01,12:00:00,13:49:00,1,15.0,1.5,
10416,112,2024-05-01,10:00:00,12:05:00,10,15.0,1.5,
10417,207,2024-05-01,13:45:00,14:56:00,1,15.0,6.0,
10418,41,2024-05-01,12:00:00,14:08:00,1,15.0,1.5,
10419,111,2024-05-01,10:45:00,12:45:00,13,15.0,1.5,
10420,67,2024-05-01,13:15:00,14:28:00,14,15.0,3.75,
10421,73,2024-05-01,11:15:00,12:36:00,3,15.0,3.75,
10422,197,2024-05-01,10:15:00,12:32:00,3,15.0,1.5,
10423,232,2024-05-01,16:15:00,17:25:00,13,15.0,3.75,
10424,238,2024-05-01,13:00:00,15:27:00,13,15.0,1.5,
10425,74,2024-05-01,14:30:00,16:22:00,2,15.0,3.75,
10426,236,2024-05-01,12:15:00,13:51:00,4,15.0,1.5,
10427,121,2024-05-01,10:45:00,12:36:00,4,15.0,1.5,
10428,37,2024-05-01,13:00:00,14:39:00,7,18.0,0.0,
10429,38,2024-05-01,10:15:00,11:14:00,4,15.0,1.5,
10430,4,2024-05-02,15:00:00,16:03:00,1,15.0,3.75,
10431,165,2024-05-02,12:15:00,14:37:00,5,15.0,6.0,
10432,7,2024-05-02,12:45:00,15:00:00,14,15.0,1.5,
10433,207,2024-05-02,12:00:00,14:22:00,1,15.0,6.0,
10434,159,2024-05-02,14:45:00,15:32:00,10,15.0,1.5,
10435,75,2024-05-02,10:00:00,11:49:00,6,15.0,1.5,
10436,181,2024-05-02,11:00:00,12:57:00,4,15.0,1.5,
10437,128,2024-05-02,13:30:00,15:48:00,5,15.0,1.5,
10438,100,2024-05-02,13:00:00,14:52:00,13,15.0,1.5,
10439,92,2024-05-02,15:30:00,17:43:00,13,18.0,0.0,
10440,5,2024-05-02,16:00:00,17:31:00,4,15.0,3.75,
10441,207,2024-05-02,13:15:00,14:33:00,7,15.0,6.0,
10442,60,2024-05-02,13:45:00,15:04:00,11,18.0,0.0,
10443,83,2024-05-02,09:15:00,10:27:00,1,15.0,1.5,
10444,69,2024-05-02,11:15:00,13:18:00,10,15.0,3.75,
10445,141,2024-05-02,12:15:00,13:30:00,6,15.0,3.75,
10446,168,2024-05-02,13:30:00,14:44:00,2,18.0,0.0,
10447,77,2024-05-02,11:30:00,12:17:00,14,15.0,1.5,
10448,56,2024-05-02,10:45:00,12:49:00,10,15.0,3.75,
10449,236,2024-05-02,13:30:00,14:31:00,14,15.0,1.5,
10450,34,2024-05-02,12:45:00,13:31:00,10,18.0,0.0,
10451,123,2024-05-02,13:30:00,14:28:00,1,18.0,0.0,
10452,1,2024-05-02,14:30:00,15:26:00,14,15.0,6.0,
10453,74,2024-05-02,15:30:00,16:15:00,12,15.0,3.75,
10454,69,2024-05-02,15:45:00,17:45:00,4,15.0,3.75,
10455,165,2024-05-02,09:30:00,10:49:00,11,15.0,6.0,
10456,158,2024-05-02,16:45:00,18:14:00,4,15.0,3.75,
10457,2,2024-05-02,12:45:00,14:53:00,14,15.0,6.0,
10458,182,2024-05-03,13:45:00,15:48:00,7,15.0,1.5,
10459,108,2024-05-03,16:45:00,18:12:00,1,15.0,1.5,
10460,111,2024-05-03,14:15:00,16:43:00,12,15.0,1.5,
10461,48,2024-05-03,10:30:00,11:56:00,5,15.0,3.75,
10462,41,2024-05-03,09:30:00,10:59:00,12,15.0,1.5,
10463,7,2024-05-03,09:15:00,11:42:00,11,15.0,1.5,
10464,74,2024-05-03,10:30:00,11:22:00,14,15.0,3.75,
10465,135,2024-05-03,15:30:00,17:01:00,1,15.0,3.75,
10466,215,2024-05-03,11:45:00,14:09:00,5,15.0,3.75,
10467,47,2024-05-03,13:00:00,14:40:00,12,15.0,1.5,
10468,128,2024-05-03,10:15:00,11:04:00,3,15.0,1.5,
10469,48,2024-05-03,12:45:00,14:40:00,1,15.0,3.75,
10470,103,2024-05-03,11:00:00,12:34:00,12,15.0,1.5,
10471,97,2024-05-03,14:45:00,15:56:00,2,15.0,1.5,
10472,99,2024-05-03,10:00:00,11:32:00,3,18.0,0.0,
10473,25,2024-05-03,09:15:00,11:45:00,10,15.0,1.5,
10474,119,2024-05-03,16:15:00,17:59:00,13,15.0,1.5,
10475,98,2024-05-03,11:45:00,13:25:00,12,15.0,3.75,
10476,232,2024-05-03,16:45:00,18:29:00,10,15.0,3.75,
10477,2,2024-05-03,10:00:00,11:00:00,4,15.0,6.0,
10478,162,2024-05-03,13:45:00,15:24:00,13,15.0,3.75,
10479,71,2024-05-03,11:15:00,12:07:00,1,15.0,1.5,
10480,2,2024-05-03,16:30:00,17:39:00,1,15.0,6.0,
10481,163,2024-05-03,15:15:00,16:52:00,6,18.0,0.0,
10482,82,2024-05-03,11:30:00,13:09:00,2,15.0,1.5,
10483,179,2024-05-03,15:30:00,16:53:00,2,15.0,3.75,
10484,224,2024-05-03,11:45:00,13:25:00,1,15.0,3.75,
10485,141,2024-05-03,10:30:00,11:32:00,12,15.0,3.75,
10486,77,2024-05-03,15:30:00,17:12:00,1,15.0,1.5,
10487,2,2024-05-04,14:15:00,15:54:00,2,15.0,6.0,
10488,73,2024-05-04,12:00:00,13:35:00,14,15.0,3.75,
10489,107,2024-05-04,13:00:00,14:40:00,4,15.0,3.75,
10490,37,2024-05-04,15:15:00,16:50:00,11,18.0,0.0,
10491,60,2024-05-04,12:00:00,13:58:00,13,18.0,0.0,
10492,38,2024-05-04,13:45:00,16:08:00,4,15.0,1.5,
10493,56,2024-05-04,12:00:00,12:46:00,10,15.0,3.75,
10494,193,2024-05-04,09:30:00,10:24:00,14,15.0,1.5,
10495,2,2024-05-04,09:15:00,11:19:00,6,15.0,6.0,
10496,96,2024-05-04,12:15:00,14:06:00,1,15.0,1.5,
10497,172,2024-05-04,16:30:00,17:34:00,1,15.0,1.5,
10498,76,2024-05-04,13:30:00,14:32:00,10,15.0,3.75,
10499,5,2024-05-04,13:15:00,14:21:00,5,15.0,3.75,
10500,235,2024-05-04,12:00:00,12:57:00,14,18.0,0.0,
10501,14,2024-05-04,15:00:00,16:07:00,14,18.0,0.0,
10502,8,2024-05-04,14:30:00,16:13:00,6,15.0,1.5,
10503,3,2024-05-04,11:00:00,13:23:00,7,15.0,3.75,
10504,240,2024-05-04,14:00:00,14:55:00,6,15.0,6.0,
10505,207,2024-05-04,09:00:00,10:08:00,5,15.0,6.0,
10506,73,2024-05-04,13:30:00,14:29:00,6,15.0,3.75,
10507,43,2024-05-04,16:00:00,17:10:00,1,15.0,3.75,
10508,131,2024-05-04,14:30:00,16:02:00,14,18.0,0.0,
10509,206,2024-05-04,16:45:00,17:48:00,3,18.0,0.0,
10510,44,2024-05-04,09:00:00,10:09:00,10,15.0,1.5,
10511,56,2024-05-04,09:30:00,10:48:00,1,15.0,3.75,
10512,182,2024-05-05,15:15:00,16:16:00,13,15.0,1.5,
10513,112,2024-05-05,15:15:00,16:29:00,5,15.0,1.5,
10514,5,2024-05-05,09:45:00,10:58:00,3,15.0,3.75,
10515,197,2024-05-05,16:30:00,18:23:00,12,15.0,1.5,
10516,223,2024-05-05,16:15:00,17:54:00,4,15.0,1.5,
10517,233,2024-05-05,14:45:00,15:50:00,13,15.0,3.75,
10518,106,2024-05-05,16:15:00,17:16:00,12,15.0,1.5,
10519,26,2024-05-05,10:30:00,12:29:00,14,18.0,0.0,
10520,179,2024-05-05,16:15:00,17:11:00,11,15.0,3.75,
10521,69,2024-05-05,11:15:00,12:24:00,1,15.0,3.75,
10522,3,2024-05-05,14:15:00,15:37:00,14,15.0,3.75,
10523,195,2024-05-05,11:00:00,13:05:00,12,15.0,3.75,
10524,148,2024-05-05,11:45:00,13:37:00,10,15.0,1.5,
10525,193,2024-05-05,16:00:00,18:18:00,7,15.0,1.5,
10526,141,2024-05-05,10:00:00,11:44:00,12,15.0,3.75,
10527,2,2024-05-05,15:00:00,16:39:00,3,15.0,6.0,
10528,46,2024-05-05,13:45:00,14:50:00,1,18.0,0.0,
10529,217,2024-05-05,14:15:00,16:35:00,12,15.0,1.5,
10530,27,2024-05-05,15:00:00,16:49:00,3,15.0,6.0,
10531,107,2024-05-05,13:45:00,15:02:00,5,15.0,3.75,
10532,233,2024-05-05,16:00:00,18:26:00,2,15.0,3.75,
10533,240,2024-05-05,11:15:00,12:35:00,6,15.0,6.0,
10534,233,2024-05-05,09:00:00,11:29:00,13,15.0,3.75,
10535,219,2024-05-05,14:00:00,14:45:00,1,15.0,3.75,
10536,62,2024-05-05,10:00:00,12:27:00,13,18.0,0.0,
10537,119,2024-05-05,15:45:00,17:09:00,14,15.0,1.5,
10538,4,2024-05-05,09:15:00,11:06:00,10,15.0,3.75,
10539,2,2024-05-05,09:45:00,11:57:00,14,15.0,6.0,
10540,111,2024-05-05,16:45:00,17:30:00,4,15.0,1.5,
10541,143,2024-05-05,10:00:00,12:04:00,4,15.0,3.75,
10542,53,2024-05-05,15:45:00,16:34:00,2,15.0,1.5,
10543,141,2024-05-05,13:15:00,14:17:00,5,15.0,3.75,
10544,4,2024-05-05,12:00:00,13:48:00,3,15.0,3.75,
10545,175,2024-05-05,12:00:00,13:55:00,13,18.0,0.0,
10546,118,2024-05-05,09:00:00,11:23:00,13,15.0,3.75,
10547,6,2024-05-05,11:45:00,14:10:00,3,15.0,1.5,
10548,189,2024-05-05,11:30:00,13:40:00,5,15.0,3.75,
10549,103,2024-05-05,13:00:00,14:34:00,11,15.0,1.5,
10550,215,2024-05-05,09:00:00,10:43:00,10,15.0,3.75,
10551,121,2024-05-06,15:00:00,15:46:00,1,15.0,1.5,
10552,3,2024-05-06,10:45:00,12:40:00,12,15.0,3.75,
10553,155,2024-05-06,14:30:00,16:52:00,3,15.0,3.75,
10554,224,2024-05-06,13:45:00,15:33:00,2,15.0,3.75,
10555,182,2024-05-06,14:00:00,15:43:00,14,15.0,1.5,
10556,174,2024-05-06,13:30:00,15:34:00,11,15.0,1.5,
10557,245,2024-05-06,16:15:00,17:45:00,13,18.0,0.0,
10558,219,2024-05-06,14:45:00,15:59:00,5,15.0,3.75,
10559,199,2024-05-06,12:00:00,14:12:00,13,15.0,1.5,
10560,234,2024-05-06,10:45:00,12:47:00,2,18.0,0.0,
10561,89,2024-05-06,12:15:00,14:27:00,12,15.0,1.5,
10562,2,2024-05-06,14:30:00,16:05:00,7,15.0,6.0,
10563,219,2024-05-06,11:00:00,12:45:00,5,15.0,3.75,
10564,195,2024-05-06,15:00:00,16:41:00,14,15.0,3.75,
10565,120,2024-05-06,14:00:00,14:45:00,7,15.0,1.5,
10566,67,2024-05-06,12:30:00,14:28:00,6,15.0,3.75,
10567,2,2024-05-06,15:00:00,16:06:00,3,15.0,6.0,
10568,10,2024-05-06,12:00:00,13:47:00,5,15.0,1.5,
10569,72,2024-05-06,14:00:00,16:24:00,2,18.0,0.0,
10570,100,2024-05-06,09:15:00,10:04:00,14,15.0,1.5,
10571,174,2024-05-06,15:15:00,16:37:00,1,15.0,1.5,
10572,48,2024-05-06,10:15:00,11:54:00,10,15.0,3.75,
10573,2,2024-05-07,09:30:00,11:52:00,1,15.0,6.0,
10574,24,2024-05-07,12:15:00,13:59:00,4,15.0,3.75,
10575,193,2024-05-07,12:00:00,13:30:00,3,15.0,1.5,
10576,215,2024-05-07,12:30:00,13:49:00,4,15.0,3.75,
10577,14,2024-05-07,10:15:00,12:05:00,11,18.0,0.0,
10578,224,2024-05-07,14:00:00,15:21:00,1,15.0,3.75,
10579,57,2024-05-07,11:00:00,11:50:00,13,15.0,1.5,
10580,27,2024-05-07,11:15:00,13:03:00,1,15.0,6.0,
10581,117,2024-05-07,16:15:00,17:07:00,7,18.0,0.0,
10582,76,2024-05-07,11:45:00,12:51:00,1,15.0,3.75,
10583,126,2024-05-07,10:45:00,11:38:00,11,15.0,1.5,
10584,165,2024-05-07,16:00:00,17:55:00,2,15.0,6.0,
10585,56,2024-05-07,16:15:00,18:26:00,5,15.0,3.75,
10586,112,2024-05-07,16:15:00,18:43:00,4,15.0,1.5,
10587,25,2024-05-07,13:45:00,14:53:00,10,15.0,1.5,
10588,66,2024-05-07,13:00:00,14:15:00,12,18.0,0.0,
10589,238,2024-05-07,13:30:00,15:11:00,3,15.0,1.5,
10590,237,2024-05-07,15:45:00,18:13:00,12,15.0,3.75,
10591,98,2024-05-07,13:00:00,15:16:00,1,15.0,3.75,
10592,10,2024-05-07,10:15:00,12:08:00,2,15.0,1.5,
10593,121,2024-05-07,13:15:00,14:57:00,11,15.0,1.5,
10594,233,2024-05-08,14:30:00,15:30:00,12,15.0,3.75,
10595,238,2024-05-08,16:45:00,19:12:00,12,15.0,1.5,
10596,103,2024-05-08,14:15:00,16:22:00,1,15.0,1.5,
10597,59,2024-05-08,10:45:00,11:33:00,5,15.0,1.5,
10598,117,2024-05-08,09:45:00,11:02:00,7,18.0,0.0,
10599,158,2024-05-08,16:15:00,17:05:00,14,15.0,3.75,
10600,155,2024-05-08,09:15:00,10:05:00,4,15.0,3.75,
10601,28,2024-05-08,09:45:00,11:32:00,2,15.0,1.5,
10602,207,2024-05-08,13:15:00,14:34:00,13,15.0,6.0,
10603,155,2024-05-08,15:30:00,17:05:00,5,15.0,3.75,
10604,63,2024-05-08,09:00:00,10:39:00,7,15.0,1.5,
10605,170,2024-05-08,15:45:00,16:46:00,1,15.0,1.5,
10606,110,2024-05-08,12:30:00,13:47:00,5,15.0,3.75,
10607,104,2024-05-08,09:30:00,11:09:00,1,18.0,0.0,
10608,7,2024-05-08,09:30:00,11:22:00,4,15.0,1.5,
10609,143,2024-05-09,13:00:00,15:14:00,6,15.0,3.75,
10610,155,2024-05-09,16:30:00,17:52:00,5,15.0,3.75,
10611,1,2024-05-09,09:00:00,10:46:00,5,15.0,6.0,
10612,73,2024-05-09,15:15:00,16:32:00,10,15.0,3.75,
10613,143,2024-05-09,12:00:00,12:56:00,4,15.0,3.75,
10614,77,2024-05-09,14:15:00,16:31:00,11,15.0,1.5,
10615,55,2024-05-09,15:15:00,16:34:00,4,18.0,0.0,
10616,182,2024-05-09,14:00:00,15:50:00,7,15.0,1.5,
10617,1,2024-05-09,15:30:00,16:27:00,5,15.0,6.0,
10618,165,2024-05-09,13:45:00,14:31:00,4,15.0,6.0,
10619,193,2024-05-09,14:15:00,16:07:00,7,15.0,1.5,
10620,192,2024-05-09,11:45:00,12:53:00,10,18.0,0.0,
10621,224,2024-05-09,09:45:00,11:38:00,1,15.0,3.75,
10622,98,2024-05-09,10:15:00,12:10:00,2,15.0,3.75,
10623,74,2024-05-09,12:15:00,13:29:00,14,15.0,3.75,
10624,182,2024-05-09,14:00:00,16:01:00,12,15.0,1.5,
10625,34,2024-05-09,12:30:00,14:04:00,13,18.0,0.0,
10626,100,2024-05-09,15:30:00,16:44:00,4,15.0,1.5,
10627,237,2024-05-09,13:45:00,16:10:00,6,15.0,3.75,
10628,73,2024-05-09,11:00:00,11:52:00,3,15.0,3.75,
10629,148,2024-05-09,16:30:00,18:51:00,12,15.0,1.5,
10630,92,2024-05-09,16:00:00,17:34:00,7,18.0,0.0,
10631,194,2024-05-10,16:00:00,18:22:00,11,15.0,1.5,
10632,67,2024-05-10,13:00:00,13:45:00,11,15.0,3.75,
10633,39,2024-05-10,15:15:00,16:53:00,12,15.0,1.5,
10634,179,2024-05-10,09:30:00,10:29:00,3,15.0,3.75,
10635,69,2024-05-10,13:30:00,15:37:00,3,15.0,3.75,
10636,233,2024-05-10,13:45:00,15:22:00,4,15.0,3.75,
10637,215,2024-05-10,10:00:00,12:14:00,11,15.0,3.75,
10638,59,2024-05-10,14:15:00,16:38:00,5,15.0,1.5,
10639,69,2024-05-10,11:00:00,13:06:00,4,15.0,3.75,
10640,169,2024-05-10,10:00:00,11:03:00,7,15.0,1.5,
10641,128,2024-05-10,11:00:00,12:03:00,5,15.0,1.5,
10642,73,2024-05-10,15:15:00,17:11:00,5,15.0,3.75,
10643,3,2024-05-10,12:30:00,14:55:00,2,15.0,3.75,
10644,235,2024-05-10,09:45:00,11:10:00,12,18.0,0.0,
10645,74,2024-05-10,10:15:00,11:01:00,2,15.0,3.75,
10646,233,2024-05-10,13:45:00,14:58:00,5,15.0,3.75,
10647,135,2024-05-10,10:00:00,12:25:00,7,15.0,3.75,
10648,228,2024-05-10,10:30:00,12:16:00,3,15.0,1.5,
10649,182,2024-05-10,16:45:00,18:40:00,7,15.0,1.5,
10650,122,2024-05-11,10:00:00,11:43:00,11,15.0,1.5,
10651,91,2024-05-11,15:15:00,17:20:00,14,15.0,3.75,
10652,181,2024-05-11,16:15:00,17:03:00,3,15.0,1.5,
10653,116,2024-05-11,15:30:00,16:24:00,5,18.0,0.0,
10654,23,2024-05-11,10:15:00,12:31:00,4,15.0,6.0,
10655,236,2024-05-11,09:45:00,10:52:00,14,15.0,1.5,
10656,33,2024-05-11,13:30:00,15:19:00,12,15.0,3.75,
10657,52,2024-05-11,11:45:00,13:14:00,2,15.0,1.5,
10658,45,2024-05-11,12:30:00,13:44:00,6,18.0,0.0,
10659,141,2024-05-11,16:45:00,19:03:00,2,15.0,3.75,
10660,73,2024-05-11,16:15:00,17:24:00,6,15.0,3.75,
10661,182,2024-05-11,10:15:00,12:27:00,6,15.0,1.5,
10662,107,2024-05-11,14:00:00,16:18:00,12,15.0,3.75,
10663,143,2024-05-11,15:00:00,16:06:00,6,15.0,3.75,
10664,223,2024-05-11,14:00:00,14:58:00,2,15.0,1.5,
10665,107,2024-05-11,11:15:00,12:54:00,14,15.0,3.75,
10666,56,2024-05-11,12:45:00,13:33:00,12,15.0,3.75,
10667,89,2024-05-11,14:45:00,16:51:00,11,15.0,1.5,
10668,47,2024-05-11,15:45:00,16:52:00,13,15.0,1.5,
10669,64,2024-05-11,15:30:00,16:57:00,13,15.0,1.5,
10670,207,2024-05-11,15:00:00,16:11:00,13,15.0,6.0,
10671,158,2024-05-11,11:15:00,12:42:00,12,15.0,3.75,
10672,183,2024-05-11,15:45:00,17:54:00,13,15.0,1.5,
10673,69,2024-05-11,11:45:00,13:19:00,5,15.0,3.75,
10674,228,2024-05-11,12:00:00,14:16:00,2,15.0,1.5,
10675,151,2024-05-11,12:00:00,12:49:00,4,18.0,0.0,
10676,93,2024-05-11,14:30:00,16:51:00,11,15.0,1.5,
10677,217,2024-05-11,16:30:00,17:49:00,13,15.0,1.5,
10678,151,2024-05-11,16:15:00,18:29:00,12,18.0,0.0,
10679,13,2024-05-11,09:00:00,09:48:00,11,18.0,0.0,
10680,100,2024-05-11,14:00:00,16:11:00,6,15.0,1.5,
10681,155,2024-05-11,16:45:00,17:42:00,10,15.0,3.75,
10682,165,2024-05-11,10:00:00,11:37:00,4,15.0,6.0,
10683,11,2024-05-11,09:30:00,10:54:00,12,18.0,0.0,
10684,219,2024-05-11,16:45:00,17:32:00,4,15.0,3.75,
10685,172,2024-05-11,11:15:00,12:16:00,1,15.0,1.5,
10686,66,2024-05-11,10:15:00,11:14:00,2,18.0,0.0,
10687,143,2024-05-11,13:00:00,15:30:00,4,15.0,3.75,
10688,3,2024-05-11,14:15:00,15:37:00,12,15.0,3.75,
10689,155,2024-05-11,12:45:00,13:40:00,12,15.0,3.75,
10690,1,2024-05-11,11:45:00,13:04:00,14,15.0,6.0,
10691,56,2024-05-11,10:30:00,11:30:00,11,15.0,3.75,
10692,5,2024-05-12,14:15:00,16:31:00,2,15.0,3.75,
10693,233,2024-05-12,16:30:00,18:15:00,11,15.0,3.75,
10694,160,2024-05-12,16:15:00,17:00:00,13,15.0,3.75,
10695,3,2024-05-12,14:30:00,16:29:00,13,15.0,3.75,
10696,25,2024-05-12,15:00:00,16:26:00,2,15.0,1.5,
10697,21,2024-05-12,12:45:00,14:00:00,14,15.0,1.5,
10698,89,2024-05-12,09:15:00,11:08:00,4,15.0,1.5,
10699,208,2024-05-12,11:00:00,13:16:00,5,18.0,0.0,
10700,165,2024-05-12,14:45:00,16:39:00,10,15.0,6.0,
10701,114,2024-05-12,14:45:00,16:19:00,2,15.0,1.5,
10702,228,2024-05-12,13:15:00,15:23:00,12,15.0,1.5,
10703,184,2024-05-12,14:30:00,16:37:00,11,18.0,0.0,
10704,56,2024-05-12,16:30:00,17:20:00,7,15.0,3.75,
10705,103,2024-05-12,09:30:00,10:22:00,14,15.0,1.5,
10706,34,2024-05-12,10:15:00,11:28:00,14,18.0,0.0,
10707,43,2024-05-12,14:30:00,16:42:00,10,15.0,3.75,
10708,189,2024-05-12,10:15:00,11:45:00,13,15.0,3.75,
10709,151,2024-05-12,14:00:00,15:35:00,5,18.0,0.0,
10710,126,2024-05-12,15:45:00,17:53:00,1,15.0,1.5,
10711,96,2024-05-12,14:15:00,16:10:00,11,15.0,1.5,
10712,171,2024-05-12,09:00:00,10:56:00,12,18.0,0.0,
10713,6,2024-05-12,11:15:00,13:31:00,5,15.0,1.5,
10714,2,2024-05-12,10:30:00,12:31:00,13,15.0,6.0,
10715,155,2024-05-12,13:30:00,15:31:00,13,15.0,3.75,
10716,92,2024-05-12,11:45:00,14:13:00,5,18.0,0.0,
10717,201,2024-05-13,11:15:00,13:30:00,4,15.0,1.5,
10718,172,2024-05-13,10:45:00,12:42:00,13,15.0,1.5,
10719,207,2024-05-13,14:15:00,16:11:00,4,15.0,6.0,
10720,53,2024-05-13,14:45:00,15:50:00,14,15.0,1.5,
10721,157,2024-05-13,10:30:00,11:18:00,7,18.0,0.0,
10722,2,2024-05-13,14:45:00,16:33:00,5,15.0,6.0,
10723,160,2024-05-13,10:15:00,11:44:00,4,15.0,3.75,
10724,207,2024-05-13,14:30:00,15:52:00,11,15.0,6.0,
10725,4,2024-05-13,09:15:00,10:58:00,7,15.0,3.75,
10726,36,2024-05-13,14:45:00,15:40:00,11,15.0,3.75,
10727,168,2024-05-13,13:15:00,15:40:00,7,18.0,0.0,
10728,148,2024-05-13,10:30:00,12:22:00,2,15.0,1.5,
10729,240,2024-05-13,10:45:00,11:41:00,12,15.0,6.0,
10730,94,2024-05-13,13:15:00,14:48:00,12,18.0,0.0,
10731,240,2024-05-13,16:45:00,18:33:00,1,15.0,6.0,
10732,114,2024-05-13,09:15:00,11:35:00,2,15.0,1.5,
10733,44,2024-05-14,12:45:00,13:50:00,11,15.0,1.5,
10734,2,2024-05-14,14:15:00,15:35:00,10,15.0,6.0,
10735,22,2024-05-14,15:30:00,16:16:00,7,18.0,0.0,
10736,141,2024-05-14,16:00:00,16:48:00,11,15.0,3.75,
10737,134,2024-05-14,14:45:00,15:48:00,12,15.0,1.5,
10738,179,2024-05-14,13:00:00,14:30:00,12,15.0,3.75,
10739,153,2024-05-14,09:30:00,11:03:00,1,18.0,0.0,
10740,244,2024-05-14,12:45:00,14:50:00,1,18.0,0.0,
10741,20,2024-05-14,15:15:00,16:03:00,10,18.0,0.0,
10742,215,2024-05-14,13:30:00,14:20:00,4,15.0,3.75,
10743,126,2024-05-14,11:15:00,12:12:00,7,15.0,1.5,
10744,5,2024-05-14,10:45:00,12:24:00,7,15.0,3.75,
10745,74,2024-05-14,10:00:00,11:59:00,1,15.0,3.75,
10746,111,2024-05-14,09:45:00,11:48:00,5,15.0,1.5,
10747,93,2024-05-14,16:45:00,17:39:00,14,15.0,1.5,
10748,196,2024-05-14,15:15:00,17:38:00,5,15.0,1.5,
10749,134,2024-05-14,12:45:00,14:32:00,3,15.0,1.5,
10750,141,2024-05-14,12:00:00,12:45:00,4,15.0,3.75,
10751,27,2024-05-14,16:00:00,18:02:00,11,15.0,6.0,
10752,59,2024-05-14,10:45:00,11:30:00,2,15.0,1.5,
10753,203,2024-05-14,10:00:00,12:06:00,11,15.0,3.75,
10754,100,2024-05-14,14:15:00,16:04:00,12,15.0,1.5,
10755,44,2024-05-15,13:15:00,14:05:00,7,15.0,1.5,
10756,6,2024-05-15,11:00:00,12:28:00,1,15.0,1.5,
10757,120,2024-05-15,14:30:00,16:41:00,4,15.0,1.5,
10758,74,2024-05-15,13:30:00,14:37:00,3,15.0,3.75,
10759,224,2024-05-15,15:45:00,17:40:00,11,15.0,3.75,
10760,148,2024-05-15,12:15:00,14:35:00,12,15.0,1.5,
10761,63,2024-05-15,15:15:00,16:52:00,13,15.0,1.5,
10762,135,2024-05-15,14:15:00,16:04:00,10,15.0,3.75,
10763,185,2024-05-15,10:15:00,11:40:00,5,18.0,0.0,
10764,135,2024-05-15,12:15:00,13:05:00,11,15.0,3.75,
10765,171,2024-05-15,09:15:00,10:52:00,10,18.0,0.0,
10766,98,2024-05-15,09:45:00,11:32:00,12,15.0,3.75,
10767,59,2024-05-15,15:15:00,16:04:00,3,15.0,1.5,
10768,103,2024-05-15,16:15:00,17:01:00,13,15.0,1.5,
10769,152,2024-05-15,09:45:00,12:14:00,13,15.0,3.75,
10770,55,2024-05-15,12:00:00,13:55:00,6,18.0,0.0,
10771,238,2024-05-15,16:15:00,18:40:00,14,15.0,1.5,
10772,7,2024-05-15,12:30:00,13:58:00,1,15.0,1.5,
10773,204,2024-05-16,12:00:00,14:16:00,6,18.0,0.0,
10774,237,2024-05-16,12:15:00,13:59:00,2,15.0,3.75,
10775,182,2024-05-16,16:00:00,17:04:00,3,15.0,1.5,
10776,239,2024-05-16,13:00:00,14:54:00,2,18.0,0.0,
10777,169,2024-05-16,11:00:00,12:41:00,3,15.0,1.5,
10778,107,2024-05-16,14:00:00,16:06:00,11,15.0,3.75,
10779,161,2024-05-16,16:45:00,19:14:00,3,18.0,0.0,
10780,219,2024-05-16,14:00:00,15:06:00,3,15.0,3.75,
10781,77,2024-05-16,12:45:00,13:36:00,5,15.0,1.5,
10782,98,2024-05-16,16:00:00,16:54:00,4,15.0,3.75,
10783,3,2024-05-16,09:45:00,11:22:00,13,15.0,3.75,
10784,4,2024-05-16,14:30:00,15:58:00,13,15.0,3.75,
10785,160,2024-05-16,11:30:00,13:45:00,5,15.0,3.75,
10786,62,2024-05-16,12:30:00,13:52:00,6,18.0,0.0,
10787,69,2024-05-16,13:45:00,14:43:00,12,15.0,3.75,
10788,120,2024-05-16,12:00:00,13:37:00,11,15.0,1.5,
10789,191,2024-05-16,09:45:00,12:01:00,14,18.0,0.0,
10790,91,2024-05-16,10:15:00,12:06:00,1,15.0,3.75,
10791,46,2024-05-16,10:45:00,12:03:00,4,18.0,0.0,
10792,48,2024-05-16,11:45:00,12:33:00,10,15.0,3.75,
10793,237,2024-05-16,13:00:00,15:16:00,10,15.0,3.75,
10794,151,2024-05-16,10:45:00,11:51:00,5,18.0,0.0,
10795,60,2024-05-16,16:45:00,18:56:00,4,18.0,0.0,
10796,123,2024-05-16,11:30:00,13:26:00,4,18.0,0.0,
10797,195,2024-05-16,14:00:00,16:26:00,4,15.0,3.75,
10798,169,2024-05-16,09:00:00,11:00:00,1,15.0,1.5,
10799,64,2024-05-16,12:15:00,13:39:00,2,15.0,1.5,
10800,3,2024-05-16,12:15:00,14:20:00,11,15.0,3.75,
10801,169,2024-05-16,12:15:00,14:41:00,11,15.0,1.5,
10802,1,2024-05-16,16:00:00,18:20:00,3,15.0,6.0,
10803,27,2024-05-17,12:45:00,13:49:00,14,15.0,6.0,
10804,189,2024-05-17,15:30:00,16:33:00,14,15.0,3.75,
10805,174,2024-05-17,14:30:00,16:33:00,10,15.0,1.5,
10806,10,2024-05-17,09:45:00,12:05:00,1,15.0,1.5,
10807,151,2024-05-17,12:00:00,13:22:00,12,18.0,0.0,
10808,233,2024-05-17,13:30:00,14:51:00,4,15.0,3.75,
10809,228,2024-05-17,14:00:00,15:31:00,11,15.0,1.5,
10810,118,2024-05-17,09:15:00,10:02:00,13,15.0,3.75,
10811,228,2024-05-17,12:00:00,13:46:00,11,15.0,1.5,
10812,163,2024-05-17,15:15:00,16:58:00,11,18.0,0.0,
10813,155,2024-05-17,16:30:00,18:19:00,6,15.0,3.75,
10814,86,2024-05-17,13:30:00,15:44:00,13,18.0,0.0,
10815,1,2024-05-17,10:30:00,12:06:00,13,15.0,6.0,
10816,82,2024-05-17,09:45:00,10:33:00,6,15.0,1.5,
10817,74,2024-05-17,09:30:00,10:29:00,14,15.0,3.75,
10818,234,2024-05-17,12:45:00,14:17:00,6,18.0,0.0,
10819,73,2024-05-17,12:30:00,14:09:00,7,15.0,3.75,
10820,71,2024-05-17,11:45:00,14:07:00,2,15.0,1.5,
10821,89,2024-05-18,16:30:00,18:12:00,2,15.0,1.5,
10822,120,2024-05-18,14:00:00,16:30:00,14,15.0,1.5,
10823,155,2024-05-18,11:30:00,13:05:00,10,15.0,3.75,
10824,185,2024-05-18,12:30:00,14:14:00,14,18.0,0.0,
10825,43,2024-05-18,13:45:00,16:10:00,3,15.0,3.75,
10826,57,2024-05-18,16:15:00,18:27:00,4,15.0,1.5,
10827,123,2024-05-18,16:45:00,17:34:00,4,18.0,0.0,
10828,114,2024-05-18,15:15:00,16:51:00,2,15.0,1.5,
10829,120,2024-05-18,10:30:00,12:05:00,4,15.0,1.5,
10830,193,2024-05-18,13:45:00,15:02:00,1,15.0,1.5,
10831,128,2024-05-18,11:15:00,12:33:00,14,15.0,1.5,
10832,47,2024-05-18,10:15:00,12:31:00,14,15.0,1.5,
10833,71,2024-05-18,15:30:00,17:18:00,7,15.0,1.5,
10834,17,2024-05-18,16:45:00,18:08:00,4,18.0,0.0,
10835,93,2024-05-18,14:00:00,15:19:00,4,15.0,1.5,
10836,240,2024-05-18,13:00:00,14:01:00,13,15.0,6.0,
10837,99,2024-05-18,16:15:00,18:27:00,2,18.0,0.0,
10838,242,2024-05-18,11:30:00,13:04:00,7,15.0,3.75,
10839,155,2024-05-18,12:15:00,13:37:00,5,15.0,3.75,
10840,143,2024-05-18,11:15:00,13:02:00,5,15.0,3.75,
10841,114,2024-05-18,10:15:00,11:24:00,10,15.0,1.5,
10842,71,2024-05-18,09:45:00,10:43:00,2,15.0,1.5,
10843,5,2024-05-18,11:00:00,12:42:00,12,15.0,3.75,
10844,111,2024-05-18,16:45:00,18:32:00,12,15.0,1.5,
10845,172,2024-05-18,13:00:00,15:22:00,2,15.0,1.5,
10846,155,2024-05-19,10:15:00,12:34:00,5,15.0,3.75,
10847,183,2024-05-19,10:30:00,12:48:00,2,15.0,1.5,
10848,231,2024-05-19,09:30:00,10:56:00,3,15.0,1.5,
10849,100,2024-05-19,13:30:00,15:06:00,13,15.0,1.5,
10850,194,2024-05-19,13:00:00,14:32:00,7,15.0,1.5,
10851,143,2024-05-19,12:15:00,14:05:00,12,15.0,3.75,
10852,69,2024-05-19,14:00:00,15:25:00,12,15.0,3.75,
10853,28,2024-05-19,15:30:00,17:49:00,7,15.0,1.5,
10854,170,2024-05-19,10:00:00,12:10:00,5,15.0,1.5,
10855,8,2024-05-19,12:30:00,13:37:00,2,15.0,1.5,
10856,82,2024-05-19,09:45:00,11:20:00,11,15.0,1.5,
10857,143,2024-05-19,16:30:00,17:56:00,6,15.0,3.75,
10858,27,2024-05-19,09:30:00,11:46:00,7,15.0,6.0,
10859,195,2024-05-19,14:15:00,15:03:00,13,15.0,3.75,
10860,114,2024-05-19,09:15:00,11:03:00,14,15.0,1.5,
10861,83,2024-05-19,09:30:00,11:45:00,4,15.0,1.5,
10862,249,2024-05-19,11:30:00,13:41:00,14,18.0,0.0,
10863,240,2024-05-19,15:30:00,16:30:00,4,15.0,6.0,
10864,27,2024-05-19,10:00:00,12:01:00,5,15.0,6.0,
10865,56,2024-05-19,10:15:00,12:22:00,6,15.0,3.75,
10866,107,2024-05-19,13:30:00,15:45:00,1,15.0,3.75,
10867,179,2024-05-19,11:30:00,12:38:00,14,15.0,3.75,
10868,73,2024-05-19,10:30:00,12:08:00,10,15.0,3.75,
10869,7,2024-05-19,14:00:00,15:59:00,7,15.0,1.5,
10870,64,2024-05-19,11:30:00,13:05:00,11,15.0,1.5,
10871,100,2024-05-19,09:00:00,09:59:00,12,15.0,1.5,
10872,72,2024-05-19,15:30:00,17:15:00,2,18.0,0.0,
10873,77,2024-05-19,16:15:00,17:59:00,4,15.0,1.5,
10874,214,2024-05-19,11:15:00,12:27:00,3,18.0,0.0,
10875,98,2024-05-19,14:30:00,16:42:00,1,15.0,3.75,
10876,203,2024-05-19,14:15:00,15:16:00,14,15.0,3.75,
10877,74,2024-05-20,15:45:00,17:12:00,14,15.0,3.75,
10878,52,2024-05-20,11:15:00,13:10:00,11,15.0,1.5,
10879,9,2024-05-20,11:45:00,13:25:00,12,15.0,1.5,
10880,182,2024-05-20,10:00:00,10:58:00,2,15.0,1.5,
10881,213,2024-05-20,16:15:00,18:45:00,5,15.0,1.5,
10882,3,2024-05-20,12:30:00,13:37:00,11,15.0,3.75,
10883,162,2024-05-20,13:00:00,13:47:00,6,15.0,3.75,
10884,80,2024-05-20,13:45:00,15:16:00,14,18.0,0.0,
10885,242,2024-05-20,15:00:00,16:19:00,13,15.0,3.75,
10886,47,2024-05-20,15:30:00,17:39:00,12,15.0,1.5,
10887,73,2024-05-20,12:00:00,12:49:00,14,15.0,3.75,
10888,107,2024-05-20,10:15:00,12:15:00,5,15.0,3.75,
10889,99,2024-05-20,10:30:00,11:19:00,2,18.0,0.0,
10890,217,2024-05-20,14:45:00,16:14:00,10,15.0,1.5,
10891,149,2024-05-20,10:45:00,13:05:00,6,15.0,1.5,
10892,215,2024-05-20,09:45:00,11:43:00,7,15.0,3.75,
10893,84,2024-05-20,09:15:00,10:19:00,14,18.0,0.0,
10894,53,2024-05-20,16:15:00,17:03:00,13,15.0,1.5,
10895,79,2024-05-20,16:15:00,17:06:00,12,18.0,0.0,
10896,1,2024-05-21,10:15:00,12:42:00,12,15.0,6.0,
10897,98,2024-05-21,10:30:00,11:20:00,13,15.0,3.75,
10898,237,2024-05-21,09:45:00,11:06:00,1,15.0,3.75,
10899,27,2024-05-21,09:30:00,11:08:00,6,15.0,6.0,
10900,106,2024-05-21,09:15:00,10:25:00,4,15.0,1.5,
10901,217,2024-05-21,11:00:00,13:24:00,5,15.0,1.5,
10902,197,2024-05-21,13:00:00,15:01:00,13,15.0,1.5,
10903,148,2024-05-21,12:15:00,14:06:00,1,15.0,1.5,
10904,39,2024-05-21,10:45:00,11:37:00,13,15.0,1.5,
10905,121,2024-05-21,10:30:00,11:30:00,3,15.0,1.5,
10906,47,2024-05-21,11:15:00,12:24:00,5,15.0,1.5,
10907,155,2024-05-21,13:15:00,14:02:00,10,15.0,3.75,
10908,107,2024-05-21,12:45:00,14:33:00,6,15.0,3.75,
10909,200,2024-05-21,16:30:00,17:25:00,14,18.0,0.0,
10910,1,2024-05-21,09:15:00,11:30:00,12,15.0,6.0,
10911,28,2024-05-21,12:00:00,13:07:00,14,15.0,1.5,
10912,77,2024-05-21,10:00:00,10:54:00,10,15.0,1.5,
10913,158,2024-05-21,10:45:00,12:24:00,7,15.0,3.75,
10914,155,2024-05-21,10:00:00,11:54:00,5,15.0,3.75,
10915,123,2024-05-21,12:30:00,14:47:00,3,18.0,0.0,
10916,180,2024-05-21,10:30:00,11:52:00,12,18.0,0.0,
10917,4,2024-05-21,10:45:00,12:18:00,13,15.0,3.75,
10918,9,2024-05-21,13:00:00,14:17:00,5,15.0,1.5,
10919,73,2024-05-21,13:30:00,14:22:00,3,15.0,3.75,
10920,181,2024-05-21,13:30:00,14:51:00,6,15.0,1.5,
10921,126,2024-05-21,09:00:00,10:27:00,10,15.0,1.5,
10922,61,2024-05-21,14:45:00,16:19:00,4,15.0,3.75,
10923,5,2024-05-22,14:00:00,15:34:00,1,15.0,3.75,
10924,21,2024-05-22,12:15:00,13:19:00,11,15.0,1.5,
10925,200,2024-05-22,12:30:00,13:34:00,4,18.0,0.0,
10926,26,2024-05-22,11:15:00,12:24:00,11,18.0,0.0,
10927,236,2024-05-22,12:00:00,13:27:00,10,15.0,1.5,
10928,240,2024-05-22,12:45:00,13:59:00,6,15.0,6.0,
10929,223,2024-05-22,11:15:00,13:01:00,13,15.0,1.5,
10930,182,2024-05-22,16:15:00,17:30:00,7,15.0,1.5,
10931,181,2024-05-22,15:15:00,17:27:00,11,15.0,1.5,
10932,64,2024-05-22,14:00:00,15:03:00,4,15.0,1.5,
10933,14,2024-05-22,15:30:00,17:45:00,7,18.0,0.0,
10934,91,2024-05-22,14:00:00,14:50:00,4,15.0,3.75,
10935,47,2024-05-22,14:45:00,17:00:00,3,15.0,1.5,
10936,27,2024-05-22,09:00:00,11:21:00,6,15.0,6.0,
10937,168,2024-05-22,14:45:00,16:29:00,11,18.0,0.0,
10938,238,2024-05-22,15:30:00,17:16:00,13,15.0,1.5,
10939,170,2024-05-22,09:45:00,11:31:00,6,15.0,1.5,
10940,172,2024-05-22,09:00:00,11:23:00,6,15.0,1.5,
10941,77,2024-05-22,10:45:00,12:08:00,10,15.0,1.5,
10942,73,2024-05-22,11:30:00,13:40:00,2,15.0,3.75,
10943,6,2024-05-22,16:45:00,17:32:00,5,15.0,1.5,
10944,215,2024-05-22,09:45:00,11:13:00,6,15.0,3.75,
10945,56,2024-05-22,10:00:00,12:05:00,3,15.0,3.75,
10946,217,2024-05-22,10:15:00,11:02:00,12,15.0,1.5,
10947,56,2024-05-22,15:15:00,17:43:00,2,15.0,3.75,
10948,206,2024-05-22,13:15:00,15:01:00,6,18.0,0.0,
10949,229,2024-05-22,12:45:00,14:12:00,12,18.0,0.0,
10950,83,2024-05-22,09:15:00,10:46:00,13,15.0,1.5,
10951,179,2024-05-22,10:00:00,11:55:00,11,15.0,3.75,
10952,65,2024-05-22,15:15:00,17:11:00,3,18.0,0.0,
10953,150,2024-05-23,09:00:00,10:06:00,7,18.0,0.0,
10954,149,2024-05-23,12:00:00,14:27:00,7,15.0,1.5,
10955,142,2024-05-23,09:15:00,10:04:00,1,15.0,1.5,
10956,57,2024-05-23,11:30:00,13:40:00,11,15.0,1.5,
10957,21,2024-05-23,14:15:00,15:39:00,4,15.0,1.5,
10958,170,2024-05-23,16:00:00,17:09:00,14,15.0,1.5,
10959,201,2024-05-23,12:45:00,15:11:00,14,15.0,1.5,
10960,168,2024-05-23,12:45:00,13:35:00,7,18.0,0.0,
10961,61,2024-05-23,11:30:00,13:00:00,12,15.0,3.75,
10962,107,2024-05-23,16:00:00,17:27:00,10,15.0,3.75,
10963,22,2024-05-23,16:30:00,17:15:00,6,18.0,0.0,
10964,60,2024-05-23,15:00:00,17:30:00,1,18.0,0.0,
10965,84,2024-05-23,15:00:00,17:18:00,11,18.0,0.0,
10966,38,2024-05-23,11:45:00,13:18:00,7,15.0,1.5,
10967,165,2024-05-23,11:30:00,12:54:00,4,15.0,6.0,
10968,36,2024-05-23,11:30:00,12:38:00,2,15.0,3.75,
10969,47,2024-05-23,11:15:00,12:54:00,11,15.0,1.5,
10970,43,2024-05-23,10:15:00,12:08:00,12,15.0,3.75,
10971,160,2024-05-23,10:45:00,13:00:00,6,15.0,3.75,
10972,117,2024-05-23,11:15:00,12:17:00,13,18.0,0.0,
10973,34,2024-05-23,16:00:00,17:51:00,2,18.0,0.0,
10974,69,2024-05-24,11:45:00,13:07:00,12,15.0,3.75,
10975,69,2024-05-24,14:45:00,16:32:00,14,15.0,3.75,
10976,172,2024-05-24,15:15:00,17:02:00,2,15.0,1.5,
10977,162,2024-05-24,10:45:00,12:26:00,13,15.0,3.75,
10978,31,2024-05-24,15:45:00,17:44:00,5,15.0,1.5,
10979,122,2024-05-24,13:00:00,14:58:00,3,15.0,1.5,
10980,141,2024-05-24,12:15:00,13:42:00,11,15.0,3.75,
10981,110,2024-05-24,15:45:00,18:02:00,5,15.0,3.75,
10982,215,2024-05-24,15:15:00,16:19:00,12,15.0,3.75,
10983,91,2024-05-24,12:00:00,13:22:00,11,15.0,3.75,
10984,71,2024-05-24,12:00:00,14:26:00,1,15.0,1.5,
10985,231,2024-05-24,14:45:00,16:09:00,5,15.0,1.5,
10986,38,2024-05-24,13:00:00,13:54:00,12,15.0,1.5,
10987,43,2024-05-24,12:45:00,14:43:00,10,15.0,3.75,
10988,118,2024-05-24,14:30:00,16:17:00,3,15.0,3.75,
10989,4,2024-05-24,15:45:00,16:40:00,11,15.0,3.75,
10990,179,2024-05-24,11:45:00,12:42:00,1,15.0,3.75,
10991,236,2024-05-24,13:15:00,14:15:00,3,15.0,1.5,
10992,2,2024-05-24,10:00:00,11:24:00,12,15.0,6.0,
10993,128,2024-05-24,16:30:00,18:29:00,14,15.0,1.5,
10994,195,2024-05-24,11:15:00,13:35:00,4,15.0,3.75,
10995,219,2024-05-24,16:00:00,17:55:00,5,15.0,3.75,
10996,77,2024-05-24,14:15:00,16:17:00,12,15.0,1.5,
10997,23,2024-05-24,13:15:00,15:07:00,4,15.0,6.0,
10998,96,2024-05-24,10:00:00,12:20:00,1,15.0,1.5,
10999,56,2024-05-24,09:15:00,11:32:00,1,15.0,3.75,
11000,106,2024-05-24,16:00:00,17:51:00,12,15.0,1.5,
11001,155,2024-05-25,13:15:00,15:05:00,6,15.0,3.75,
11002,236,2024-05-25,15:45:00,17:24:00,6,15.0,1.5,
11003,2,2024-05-25,09:15:00,10:24:00,12,15.0,6.0,
11004,239,2024-05-25,16:30:00,17:26:00,3,18.0,0.0,
11005,43,2024-05-25,11:45:00,14:05:00,2,15.0,3.75,
11006,119,2024-05-25,12:15:00,13:51:00,2,15.0,1.5,
11007,69,2024-05-25,11:45:00,13:32:00,5,15.0,3.75,
11008,180,2024-05-25,16:00:00,17:04:00,10,18.0,0.0,
11009,121,2024-05-25,16:15:00,18:40:00,12,15.0,1.5,
11010,2,2024-05-25,12:30:00,14:54:00,7,15.0,6.0,
11011,40,2024-05-25,16:30:00,17:32:00,11,18.0,0.0,
11012,91,2024-05-25,15:15:00,17:23:00,6,15.0,3.75,
11013,203,2024-05-25,10:00:00,11:38:00,4,15.0,3.75,
11014,61,2024-05-25,09:30:00,10:25:00,14,15.0,3.75,
11015,195,2024-05-25,12:15:00,13:37:00,3,15.0,3.75,
11016,2,2024-05-25,16:45:00,17:36:00,6,15.0,6.0,
11017,13,2024-05-25,14:30:00,16:18:00,14,18.0,0.0,
11018,64,2024-05-25,10:45:00,12:01:00,3,15.0,1.5,
11019,91,2024-05-25,10:30:00,12:05:00,11,15.0,3.75,
11020,136,2024-05-25,09:00:00,10:06:00,13,18.0,0.0,
11021,223,2024-05-25,10:00:00,11:05:00,14,15.0,1.5,
11022,172,2024-05-25,15:45:00,17:11:00,10,15.0,1.5,
11023,120,2024-05-25,13:15:00,14:43:00,11,15.0,1.5,
11024,108,2024-05-25,12:00:00,14:12:00,4,15.0,1.5,
11025,2,2024-05-25,16:00:00,17:52:00,3,15.0,6.0,
11026,92,2024-05-25,13:15:00,14:12:00,2,18.0,0.0,
11027,189,2024-05-25,11:00:00,11:54:00,6,15.0,3.75,
11028,100,2024-05-25,16:45:00,17:42:00,10,15.0,1.5,
11029,80,2024-05-25,09:15:00,10:30:00,2,18.0,0.0,
11030,155,2024-05-25,10:30:00,12:22:00,10,15.0,3.75,
11031,155,2024-05-25,09:15:00,10:48:00,10,15.0,3.75,
11032,122,2024-05-25,16:45:00,17:57:00,5,15.0,1.5,
11033,153,2024-05-25,11:30:00,12:20:00,5,18.0,0.0,
11034,7,2024-05-25,15:45:00,17:30:00,3,15.0,1.5,
11035,88,2024-05-25,09:45:00,11:54:00,12,18.0,0.0,
11036,245,2024-05-25,16:00:00,17:09:00,2,18.0,0.0,
11037,16,2024-05-25,12:00:00,12:51:00,11,18.0,0.0,
11038,158,2024-05-25,14:00:00,15:01:00,6,15.0,3.75,
11039,84,2024-05-25,12:45:00,14:03:00,11,18.0,0.0,
11040,2,2024-05-25,12:45:00,14:17:00,2,15.0,6.0,
11041,245,2024-05-25,15:30:00,17:34:00,5,18.0,0.0,
11042,3,2024-05-26,10:30:00,11:35:00,5,15.0,3.75,
11043,16,2024-05-26,13:30:00,15:53:00,10,18.0,0.0,
11044,67,2024-05-26,12:00:00,13:32:00,12,15.0,3.75,
11045,236,2024-05-26,12:15:00,13:48:00,7,15.0,1.5,
11046,173,2024-05-26,15:45:00,16:35:00,6,18.0,0.0,
11047,71,2024-05-26,16:45:00,18:58:00,11,15.0,1.5,
11048,69,2024-05-26,09:30:00,11:03:00,14,15.0,3.75,
11049,12,2024-05-26,11:45:00,13:35:00,3,18.0,0.0,
11050,135,2024-05-26,16:45:00,18:32:00,14,15.0,3.75,
11051,59,2024-05-26,13:30:00,15:03:00,13,15.0,1.5,
11052,169,2024-05-26,09:30:00,10:54:00,5,15.0,1.5,
11053,1,2024-05-26,15:45:00,16:58:00,12,15.0,6.0,
11054,136,2024-05-26,16:15:00,18:00:00,4,18.0,0.0,
11055,138,2024-05-26,13:30:00,15:34:00,6,18.0,0.0,
11056,2,2024-05-26,14:30:00,15:31:00,6,15.0,6.0,
11057,182,2024-05-26,11:15:00,12:55:00,1,15.0,1.5,
11058,6,2024-05-26,12:45:00,13:33:00,14,15.0,1.5,
11059,240,2024-05-26,10:15:00,11:43:00,11,15.0,6.0,
11060,67,2024-05-26,11:15:00,12:18:00,11,15.0,3.75,
11061,36,2024-05-26,16:30:00,17:42:00,10,15.0,3.75,
11062,199,2024-05-26,16:30:00,18:14:00,10,15.0,1.5,
11063,165,2024-05-26,10:00:00,10:46:00,12,15.0,6.0,
11064,34,2024-05-26,13:15:00,15:17:00,4,18.0,0.0,
11065,207,2024-05-26,09:45:00,11:52:00,13,15.0,6.0,
11066,160,2024-05-26,13:45:00,14:34:00,10,15.0,3.75,
11067,23,2024-05-26,16:45:00,18:40:00,5,15.0,6.0,
11068,48,2024-05-26,10:00:00,12:23:00,13,15.0,3.75,
11069,98,2024-05-26,11:00:00,12:36:00,1,15.0,3.75,
11070,195,2024-05-26,15:00:00,17:12:00,2,15.0,3.75,
11071,228,2024-05-26,16:30:00,18:46:00,10,15.0,1.5,
11072,98,2024-05-26,10:00:00,11:20:00,10,15.0,3.75,
11073,3,2024-05-26,13:15:00,15:05:00,14,15.0,3.75,
11074,61,2024-05-26,14:15:00,16:44:00,13,15.0,3.75,
11075,237,2024-05-26,15:15:00,17:36:00,12,15.0,3.75,
11076,197,2024-05-26,14:45:00,16:43:00,1,15.0,1.5,
11077,200,2024-05-27,15:45:00,16:46:00,6,18.0,0.0,
11078,1,2024-05-27,13:15:00,15:23:00,5,15.0,6.0,
11079,143,2024-05-27,15:15:00,17:10:00,6,15.0,3.75,
11080,83,2024-05-27,09:15:00,10:36:00,14,15.0,1.5,
11081,242,2024-05-27,11:45:00,14:01:00,2,15.0,3.75,
11082,92,2024-05-27,16:45:00,19:08:00,3,18.0,0.0,
11083,69,2024-05-27,14:00:00,15:45:00,4,15.0,3.75,
11084,190,2024-05-27,13:15:00,15:03:00,11,18.0,0.0,
11085,48,2024-05-27,10:00:00,12:03:00,12,15.0,3.75,
11086,224,2024-05-27,15:30:00,17:36:00,11,15.0,3.75,
11087,1,2024-05-27,11:45:00,13:00:00,6,15.0,6.0,
11088,3,2024-05-27,16:45:00,18:35:00,14,15.0,3.75,
11089,77,2024-05-27,15:30:00,17:07:00,12,15.0,1.5,
11090,48,2024-05-27,14:15:00,15:20:00,14,15.0,3.75,
11091,213,2024-05-27,09:15:00,10:56:00,12,15.0,1.5,
11092,162,2024-05-27,12:00:00,12:47:00,2,15.0,3.75,
11093,177,2024-05-27,09:30:00,10:58:00,12,18.0,0.0,
11094,112,2024-05-27,12:00:00,13:30:00,6,15.0,1.5,
11095,105,2024-05-27,16:30:00,17:19:00,6,18.0,0.0,
11096,189,2024-05-27,13:45:00,14:45:00,10,15.0,3.75,
11097,15,2024-05-27,14:00:00,15:42:00,3,18.0,0.0,
11098,48,2024-05-27,13:15:00,15:17:00,5,15.0,3.75,
11099,107,2024-05-27,12:15:00,14:32:00,13,15.0,3.75,
11100,165,2024-05-27,13:30:00,15:39:00,14,15.0,6.0,
11101,2,2024-05-27,12:30:00,13:23:00,1,15.0,6.0,
11102,72,2024-05-28,13:45:00,16:00:00,14,18.0,0.0,
11103,135,2024-05-28,09:45:00,11:56:00,10,15.0,3.75,
11104,131,2024-05-28,11:45:00,13:28:00,1,18.0,0.0,
11105,92,2024-05-28,13:45:00,15:06:00,10,18.0,0.0,
11106,193,2024-05-28,09:00:00,10:27:00,1,15.0,1.5,
11107,165,2024-05-28,12:30:00,13:44:00,1,15.0,6.0,
11108,44,2024-05-28,11:30:00,13:45:00,1,15.0,1.5,
11109,99,2024-05-28,10:30:00,12:56:00,14,18.0,0.0,
11110,110,2024-05-28,09:00:00,10:04:00,2,15.0,3.75,
11111,25,2024-05-28,16:15:00,17:48:00,3,15.0,1.5,
11112,199,2024-05-28,12:15:00,14:44:00,11,15.0,1.5,
11113,55,2024-05-28,09:00:00,09:49:00,3,18.0,0.0,
11114,164,2024-05-28,12:00:00,12:54:00,7,15.0,1.5,
11115,135,2024-05-28,12:45:00,15:01:00,5,15.0,3.75,
11116,32,2024-05-28,12:00:00,13:56:00,4,18.0,0.0,
11117,162,2024-05-28,09:45:00,12:11:00,7,15.0,3.75,
11118,234,2024-05-28,13:45:00,14:56:00,11,18.0,0.0,
11119,2,2024-05-28,09:15:00,10:20:00,10,15.0,6.0,
11120,231,2024-05-28,13:00:00,14:15:00,12,15.0,1.5,
11121,56,2024-05-28,15:15:00,17:04:00,5,15.0,3.75,
11122,215,2024-05-28,16:45:00,19:06:00,1,15.0,3.75,
11123,38,2024-05-28,15:15:00,17:31:00,14,15.0,1.5,
11124,92,2024-05-28,14:45:00,16:26:00,13,18.0,0.0,
11125,107,2024-05-28,11:45:00,13:16:00,2,15.0,3.75,
11126,137,2024-05-28,11:00:00,13:03:00,12,18.0,0.0,
11127,76,2024-05-29,11:00:00,12:06:00,12,15.0,3.75,
11128,74,2024-05-29,16:45:00,19:13:00,12,15.0,3.75,
11129,98,2024-05-29,10:45:00,12:45:00,14,15.0,3.75,
11130,122,2024-05-29,10:45:00,11:57:00,4,15.0,1.5,
11131,219,2024-05-29,09:00:00,10:44:00,1,15.0,3.75,
11132,88,2024-05-29,15:15:00,17:01:00,10,18.0,0.0,
11133,215,2024-05-29,11:00:00,12:05:00,5,15.0,3.75,
11134,98,2024-05-29,09:00:00,09:45:00,4,15.0,3.75,
11135,68,2024-05-29,11:15:00,13:01:00,2,18.0,0.0,
11136,195,2024-05-29,14:30:00,16:25:00,4,15.0,3.75,
11137,2,2024-05-29,16:30:00,18:39:00,14,15.0,6.0,
11138,38,2024-05-29,14:45:00,16:16:00,2,15.0,1.5,
11139,228,2024-05-29,14:00:00,16:04:00,2,15.0,1.5,
11140,21,2024-05-29,09:45:00,12:12:00,10,15.0,1.5,
11141,174,2024-05-29,12:00:00,13:32:00,13,15.0,1.5,
11142,173,2024-05-29,10:00:00,11:10:00,3,18.0,0.0,
11143,143,2024-05-30,09:15:00,10:30:00,5,15.0,3.75,
11144,48,2024-05-30,11:00:00,13:08:00,14,15.0,3.75,
11145,149,2024-05-30,11:45:00,12:58:00,3,15.0,1.5,
11146,21,2024-05-30,16:15:00,18:29:00,5,15.0,1.5,
11147,48,2024-05-30,13:30:00,15:19:00,11,15.0,3.75,
11148,15,2024-05-30,10:45:00,12:16:00,7,18.0,0.0,
11149,98,2024-05-30,15:00:00,17:14:00,1,15.0,3.75,
11150,82,2024-05-30,14:00:00,15:23:00,2,15.0,1.5,
11151,91,2024-05-30,14:45:00,15:30:00,14,15.0,3.75,
11152,100,2024-05-30,14:15:00,16:27:00,14,15.0,1.5,
11153,242,2024-05-30,13:15:00,14:38:00,5,15.0,3.75,
11154,12,2024-05-30,10:45:00,12:02:00,5,18.0,0.0,
11155,192,2024-05-30,12:00:00,14:00:00,5,18.0,0.0,
11156,121,2024-05-30,15:00:00,16:34:00,11,15.0,1.5,
11157,242,2024-05-30,16:30:00,18:41:00,13,15.0,3.75,
11158,186,2024-05-30,16:15:00,17:53:00,3,15.0,1.5,
11159,122,2024-05-31,11:15:00,13:29:00,4,15.0,1.5,
11160,97,2024-05-31,16:45:00,17:50:00,13,15.0,1.5,
11161,182,2024-05-31,11:00:00,12:32:00,1,15.0,1.5,
11162,155,2024-05-31,15:00:00,16:34:00,14,15.0,3.75,
11163,219,2024-05-31,10:45:00,11:41:00,10,15.0,3.75,
11164,5,2024-05-31,11:45:00,14:03:00,12,15.0,3.75,
11165,236,2024-05-31,14:30:00,16:06:00,6,15.0,1.5,
11166,215,2024-05-31,09:15:00,10:30:00,1,15.0,3.75,
11167,228,2024-05-31,09:15:00,10:55:00,4,15.0,1.5,
11168,135,2024-05-31,10:45:00,11:33:00,2,15.0,3.75,
11169,155,2024-05-31,12:15:00,13:52:00,4,15.0,3.75,
11170,94,2024-05-31,14:00:00,16:29:00,10,18.0,0.0,
11171,91,2024-05-31,11:00:00,12:20:00,2,15.0,3.75,
11172,93,2024-05-31,10:30:00,12:05:00,3,15.0,1.5,
11173,209,2024-05-31,16:45:00,18:07:00,13,18.0,0.0,
11174,165,2024-05-31,10:00:00,11:54:00,11,15.0,6.0,
11175,89,2024-05-31,13:15:00,15:27:00,1,15.0,1.5,
11176,25,2024-05-31,15:45:00,18:08:00,1,15.0,1.5,
11177,207,2024-05-31,09:15:00,10:29:00,10,15.0,6.0,
11178,2,2024-05-31,10:00:00,11:24:00,11,15.0,6.0,
11179,75,2024-05-31,13:15:00,15:27:00,4,15.0,1.5,
11180,236,2024-05-31,13:15:00,15:23:00,4,15.0,1.5,
11181,223,2024-05-31,11:30:00,12:54:00,2,15.0,1.5,
11182,165,2024-05-31,16:30:00,17:27:00,10,15.0,6.0,
11183,92,2024-05-31,10:00:00,11:07:00,6,18.0,0.0,
11184,233,2024-06-01,14:00:00,15:45:00,14,15.0,3.75,
11185,215,2024-06-01,10:45:00,13:04:00,12,15.0,3.75,
11186,111,2024-06-01,12:15:00,13:13:00,10,15.0,1.5,
11187,1,2024-06-01,09:30:00,11:33:00,4,15.0,6.0,
11188,233,2024-06-01,16:15:00,18:42:00,12,15.0,3.75,
11189,106,2024-06-01,09:30:00,11:08:00,11,15.0,1.5,
11190,1,2024-06-01,12:00:00,13:42:00,2,15.0,6.0,
11191,172,2024-06-01,10:45:00,11:51:00,11,15.0,1.5,
11192,240,2024-06-01,15:45:00,17:32:00,12,15.0,6.0,
11193,238,2024-06-01,10:45:00,12:31:00,6,15.0,1.5,
11194,203,2024-06-01,13:30:00,15:30:00,13,15.0,3.75,
11195,11,2024-06-01,12:30:00,13:33:00,10,18.0,0.0,
11196,5,2024-06-01,14:45:00,15:56:00,11,15.0,3.75,
11197,53,2024-06-01,16:45:00,17:51:00,3,15.0,1.5,
11198,61,2024-06-01,16:45:00,19:14:00,1,15.0,3.75,
11199,96,2024-06-01,16:45:00,18:07:00,2,15.0,1.5,
11200,162,2024-06-01,10:30:00,12:00:00,3,15.0,3.75,
11201,106,2024-06-01,12:45:00,14:36:00,4,15.0,1.5,
11202,61,2024-06-01,13:30:00,14:56:00,6,15.0,3.75,
11203,25,2024-06-01,14:45:00,16:22:00,2,15.0,1.5,
11204,240,2024-06-01,10:45:00,12:24:00,14,15.0,6.0,
11205,74,2024-06-01,14:30:00,16:00:00,3,15.0,3.75,
11206,92,2024-06-01,09:45:00,11:46:00,7,18.0,0.0,
11207,182,2024-06-01,12:15:00,13:32:00,14,15.0,1.5,
11208,91,2024-06-01,15:45:00,17:51:00,5,15.0,3.75,
11209,134,2024-06-02,10:45:00,12:49:00,14,15.0,1.5,
11210,165,2024-06-02,11:45:00,12:54:00,2,15.0,6.0,
11211,120,2024-06-02,15:15:00,16:59:00,13,15.0,1.5,
11212,101,2024-06-02,13:15:00,14:07:00,11,18.0,0.0,
11213,165,2024-06-02,11:45:00,12:39:00,12,15.0,6.0,
11214,210,2024-06-02,09:45:00,11:41:00,1,15.0,3.75,
11215,128,2024-06-02,13:45:00,14:38:00,12,15.0,1.5,
11216,242,2024-06-02,09:30:00,11:45:00,13,15.0,3.75,
11217,91,2024-06-02,13:15:00,15:41:00,12,15.0,3.75,
11218,8,2024-06-02,09:15:00,10:59:00,1,15.0,1.5,
11219,107,2024-06-02,14:30:00,15:36:00,7,15.0,3.75,
11220,98,2024-06-02,15:45:00,16:33:00,7,15.0,3.75,
11221,5,2024-06-02,10:15:00,12:00:00,6,15.0,3.75,
11222,219,2024-06-02,15:15:00,17:26:00,3,15.0,3.75,
11223,240,2024-06-02,14:45:00,17:00:00,10,15.0,6.0,
11224,191,2024-06-02,16:00:00,17:54:00,14,18.0,0.0,
11225,100,2024-06-02,16:15:00,17:40:00,1,15.0,1.5,
11226,125,2024-06-02,10:45:00,13:10:00,12,18.0,0.0,
11227,242,2024-06-03,13:45:00,14:56:00,4,15.0,3.75,
11228,1,2024-06-03,14:30:00,15:50:00,7,15.0,6.0,
11229,11,2024-06-03,09:15:00,10:13:00,4,18.0,0.0,
11230,48,2024-06-03,15:30:00,17:00:00,7,15.0,3.75,
11231,2,2024-06-03,11:00:00,12:34:00,6,15.0,6.0,
11232,92,2024-06-03,10:15:00,12:44:00,7,18.0,0.0,
11233,69,2024-06-03,12:00:00,12:49:00,13,15.0,3.75,
11234,183,2024-06-03,09:45:00,12:01:00,13,15.0,1.5,
11235,2,2024-06-03,09:45:00,11:48:00,13,15.0,6.0,
11236,61,2024-06-03,11:15:00,12:46:00,7,15.0,3.75,
11237,77,2024-06-03,09:30:00,11:07:00,5,15.0,1.5,
11238,68,2024-06-03,10:30:00,11:59:00,3,18.0,0.0,
11239,68,2024-06-03,13:15:00,15:07:00,10,18.0,0.0,
11240,33,2024-06-03,10:00:00,11:37:00,1,15.0,3.75,
11241,125,2024-06-03,09:30:00,11:11:00,2,18.0,0.0,
11242,3,2024-06-03,09:00:00,10:30:00,3,15.0,3.75,
11243,195,2024-06-03,16:30:00,17:40:00,1,15.0,3.75,
11244,39,2024-06-03,12:00:00,13:51:00,14,15.0,1.5,
11245,181,2024-06-03,13:45:00,15:31:00,10,15.0,1.5,
11246,159,2024-06-04,15:15:00,17:05:00,11,15.0,1.5,
11247,78,2024-06-04,15:15:00,16:04:00,14,18.0,0.0,
11248,56,2024-06-04,15:30:00,16:30:00,14,15.0,3.75,
11249,91,2024-06-04,12:15:00,13:24:00,4,15.0,3.75,
11250,107,2024-06-04,11:15:00,13:35:00,3,15.0,3.75,
11251,245,2024-06-04,13:45:00,15:16:00,11,18.0,0.0,
11252,102,2024-06-04,12:45:00,13:49:00,1,18.0,0.0,
11253,120,2024-06-04,16:00:00,17:32:00,11,15.0,1.5,
11254,23,2024-06-04,12:00:00,12:46:00,2,15.0,6.0,
11255,242,2024-06-04,09:15:00,10:04:00,13,15.0,3.75,
11256,59,2024-06-04,16:45:00,18:15:00,4,15.0,1.5,
11257,120,2024-06-04,15:30:00,16:15:00,2,15.0,1.5,
11258,6,2024-06-04,14:00:00,15:24:00,3,15.0,1.5,
11259,103,2024-06-04,12:00:00,13:00:00,7,15.0,1.5,
11260,141,2024-06-04,15:45:00,17:42:00,12,15.0,3.75,
11261,155,2024-06-04,14:45:00,15:30:00,2,15.0,3.75,
11262,122,2024-06-04,09:30:00,10:28:00,11,15.0,1.5,
11263,93,2024-06-04,14:00:00,14:54:00,12,15.0,1.5,
11264,207,2024-06-04,16:15:00,18:05:00,6,15.0,6.0,
11265,5,2024-06-05,16:30:00,18:53:00,3,15.0,3.75,
11266,220,2024-06-05,16:30:00,17:32:00,1,18.0,0.0,
11267,69,2024-06-05,12:45:00,14:52:00,5,15.0,3.75,
11268,195,2024-06-05,09:15:00,10:28:00,13,15.0,3.75,
11269,135,2024-06-05,14:30:00,15:43:00,3,15.0,3.75,
11270,210,2024-06-05,14:15:00,15:58:00,2,15.0,3.75,
11271,14,2024-06-05,13:15:00,14:41:00,14,18.0,0.0,
11272,73,2024-06-05,09:45:00,11:10:00,10,15.0,3.75,
11273,135,2024-06-05,09:00:00,09:47:00,11,15.0,3.75,
11274,63,2024-06-05,12:15:00,14:28:00,13,15.0,1.5,
11275,1,2024-06-05,15:00:00,17:18:00,13,15.0,6.0,
11276,4,2024-06-05,11:30:00,13:33:00,7,15.0,3.75,
11277,124,2024-06-05,16:00:00,18:18:00,11,18.0,0.0,
11278,64,2024-06-05,14:15:00,16:40:00,3,15.0,1.5,
11279,143,2024-06-05,15:45:00,16:50:00,14,15.0,3.75,
11280,110,2024-06-05,16:00:00,18:00:00,4,15.0,3.75,
11281,198,2024-06-05,13:00:00,13:52:00,7,15.0,3.75,
11282,179,2024-06-05,15:45:00,18:01:00,2,15.0,3.75,
11283,232,2024-06-06,09:00:00,11:25:00,6,15.0,3.75,
11284,34,2024-06-06,10:30:00,11:32:00,11,18.0,0.0,
11285,112,2024-06-06,16:00:00,17:49:00,7,15.0,1.5,
11286,5,2024-06-06,16:30:00,18:07:00,4,15.0,3.75,
11287,38,2024-06-06,12:00:00,14:17:00,13,15.0,1.5,
11288,69,2024-06-06,15:30:00,17:16:00,1,15.0,3.75,
11289,114,2024-06-06,10:30:00,11:43:00,13,15.0,1.5,
11290,65,2024-06-06,14:30:00,16:32:00,13,18.0,0.0,
11291,78,2024-06-06,15:45:00,17:27:00,10,18.0,0.0,
11292,141,2024-06-06,12:15:00,13:59:00,10,15.0,3.75,
11293,149,2024-06-06,09:15:00,11:33:00,6,15.0,1.5,
11294,189,2024-06-06,13:15:00,15:10:00,11,15.0,3.75,
11295,2,2024-06-06,13:30:00,15:21:00,11,15.0,6.0,
11296,111,2024-06-06,11:30:00,12:33:00,14,15.0,1.5,
11297,243,2024-06-06,12:00:00,13:39:00,13,18.0,0.0,
11298,115,2024-06-06,12:45:00,14:54:00,13,18.0,0.0,
11299,184,2024-06-06,10:45:00,11:34:00,5,18.0,0.0,
11300,128,2024-06-06,16:15:00,18:39:00,13,15.0,1.5,
11301,48,2024-06-06,14:45:00,16:06:00,5,15.0,3.75,
11302,110,2024-06-06,15:00:00,16:29:00,3,15.0,3.75,
11303,3,2024-06-06,09:45:00,10:39:00,13,15.0,3.75,
11304,6,2024-06-06,12:30:00,14:00:00,10,15.0,1.5,
11305,162,2024-06-06,11:00:00,12:28:00,13,15.0,3.75,
11306,158,2024-06-06,14:00:00,14:48:00,7,15.0,3.75,
11307,141,2024-06-06,09:15:00,10:20:00,11,15.0,3.75,
11308,11,2024-06-06,12:15:00,13:15:00,3,18.0,0.0,
11309,48,2024-06-06,13:30:00,15:36:00,10,15.0,3.75,
11310,71,2024-06-06,09:30:00,11:39:00,3,15.0,1.5,
11311,175,2024-06-06,13:30:00,15:37:00,13,18.0,0.0,
11312,189,2024-06-07,09:00:00,11:05:00,14,15.0,3.75,
11313,219,2024-06-07,09:00:00,11:14:00,12,15.0,3.75,
11314,240,2024-06-07,11:15:00,12:28:00,5,15.0,6.0,
11315,155,2024-06-07,14:00:00,15:31:00,7,15.0,3.75,
11316,165,2024-06-07,10:00:00,12:12:00,11,15.0,6.0,
11317,10,2024-06-07,12:00:00,13:07:00,13,15.0,1.5,
11318,53,2024-06-07,15:45:00,16:32:00,13,15.0,1.5,
11319,36,2024-06-07,12:00:00,12:54:00,4,15.0,3.75,
11320,2,2024-06-07,15:00:00,16:19:00,3,15.0,6.0,
11321,151,2024-06-07,13:00:00,15:23:00,6,18.0,0.0,
11322,73,2024-06-07,13:30:00,14:31:00,1,15.0,3.75,
11323,149,2024-06-07,10:00:00,12:15:00,6,15.0,1.5,
11324,110,2024-06-07,15:30:00,17:35:00,13,15.0,3.75,
11325,89,2024-06-07,11:00:00,13:15:00,13,15.0,1.5,
11326,10,2024-06-07,10:30:00,11:31:00,6,15.0,1.5,
11327,69,2024-06-07,15:45:00,18:05:00,7,15.0,3.75,
11328,182,2024-06-07,14:30:00,16:05:00,2,15.0,1.5,
11329,84,2024-06-07,13:30:00,15:52:00,12,18.0,0.0,
11330,143,2024-06-07,13:45:00,14:41:00,11,15.0,3.75,
11331,74,2024-06-07,16:30:00,18:14:00,10,15.0,3.75,
11332,5,2024-06-07,13:00:00,14:41:00,1,15.0,3.75,
11333,210,2024-06-07,16:00:00,18:04:00,5,15.0,3.75,
11334,112,2024-06-07,16:15:00,17:49:00,13,15.0,1.5,
11335,2,2024-06-07,13:15:00,14:47:00,13,15.0,6.0,
11336,113,2024-06-07,14:45:00,17:13:00,5,18.0,0.0,
11337,63,2024-06-07,11:15:00,13:21:00,6,15.0,1.5,
11338,24,2024-06-08,13:30:00,15:42:00,11,15.0,3.75,
11339,207,2024-06-08,10:30:00,11:31:00,11,15.0,6.0,
11340,141,2024-06-08,12:45:00,14:47:00,12,15.0,3.75,
11341,196,2024-06-08,15:30:00,16:59:00,1,15.0,1.5,
11342,36,2024-06-08,12:15:00,14:21:00,10,15.0,3.75,
11343,46,2024-06-08,09:00:00,10:49:00,12,18.0,0.0,
11344,47,2024-06-08,10:30:00,12:35:00,3,15.0,1.5,
11345,160,2024-06-08,11:45:00,13:25:00,7,15.0,3.75,
11346,94,2024-06-08,14:15:00,15:59:00,7,18.0,0.0,
11347,4,2024-06-08,09:15:00,11:29:00,3,15.0,3.75,
11348,137,2024-06-08,14:00:00,15:04:00,13,18.0,0.0,
11349,61,2024-06-08,15:45:00,17:02:00,7,15.0,3.75,
11350,63,2024-06-08,10:00:00,10:50:00,3,15.0,1.5,
11351,232,2024-06-08,10:30:00,11:25:00,6,15.0,3.75,
11352,17,2024-06-08,16:00:00,16:53:00,2,18.0,0.0,
11353,165,2024-06-08,09:15:00,10:42:00,14,15.0,6.0,
11354,156,2024-06-08,12:30:00,13:43:00,14,18.0,0.0,
11355,233,2024-06-08,11:30:00,13:44:00,3,15.0,3.75,
11356,195,2024-06-08,10:30:00,12:02:00,1,15.0,3.75,
11357,185,2024-06-08,09:45:00,11:57:00,13,18.0,0.0,
11358,58,2024-06-08,16:00:00,18:17:00,6,18.0,0.0,
11359,155,2024-06-08,13:15:00,14:05:00,12,15.0,3.75,
11360,61,2024-06-08,15:00:00,16:40:00,14,15.0,3.75,
11361,46,2024-06-08,11:45:00,12:38:00,11,18.0,0.0,
11362,55,2024-06-08,15:00:00,16:46:00,4,18.0,0.0,
11363,77,2024-06-08,16:15:00,18:44:00,11,15.0,1.5,
11364,159,2024-06-08,13:15:00,14:30:00,1,15.0,1.5,
11365,55,2024-06-08,12:00:00,13:07:00,13,18.0,0.0,
11366,1,2024-06-08,10:30:00,12:19:00,6,15.0,6.0,
11367,48,2024-06-08,15:00:00,16:45:00,5,15.0,3.75,
11368,2,2024-06-08,16:00:00,16:58:00,12,15.0,6.0,
11369,239,2024-06-08,09:30:00,10:28:00,13,18.0,0.0,
11370,91,2024-06-08,11:15:00,12:13:00,6,15.0,3.75,
11371,165,2024-06-08,09:15:00,10:35:00,1,15.0,6.0,
11372,103,2024-06-08,13:15:00,14:26:00,7,15.0,1.5,
11373,71,2024-06-08,13:45:00,14:31:00,11,15.0,1.5,
11374,25,2024-06-08,12:15:00,14:22:00,13,15.0,1.5,
11375,85,2024-06-09,14:30:00,15:57:00,10,18.0,0.0,
11376,186,2024-06-09,11:00:00,12:16:00,7,15.0,1.5,
11377,2,2024-06-09,13:30:00,14:33:00,3,15.0,6.0,
11378,107,2024-06-09,12:15:00,13:17:00,12,15.0,3.75,
11379,121,2024-06-09,15:00:00,16:51:00,5,15.0,1.5,
11380,35,2024-06-09,14:00:00,16:29:00,14,18.0,0.0,
11381,189,2024-06-09,09:15:00,11:31:00,1,15.0,3.75,
11382,143,2024-06-09,13:45:00,15:48:00,12,15.0,3.75,
11383,92,2024-06-09,13:30:00,15:02:00,11,18.0,0.0,
11384,186,2024-06-09,14:00:00,16:21:00,10,15.0,1.5,
11385,242,2024-06-09,12:00:00,13:56:00,5,15.0,3.75,
11386,236,2024-06-09,14:00:00,16:02:00,6,15.0,1.5,
11387,174,2024-06-09,09:15:00,11:02:00,10,15.0,1.5,
11388,206,2024-06-09,09:15:00,11:43:00,1,18.0,0.0,
11389,65,2024-06-09,14:45:00,15:57:00,4,18.0,0.0,
11390,240,2024-06-09,16:30:00,17:45:00,2,15.0,6.0,
11391,10,2024-06-09,16:45:00,17:55:00,14,15.0,1.5,
11392,25,2024-06-09,10:45:00,12:09:00,7,15.0,1.5,
11393,197,2024-06-09,09:45:00,10:39:00,1,15.0,1.5,
11394,101,2024-06-09,16:00:00,17:48:00,4,18.0,0.0,
11395,184,2024-06-09,13:45:00,15:49:00,4,18.0,0.0,
11396,114,2024-06-09,12:15:00,13:50:00,11,15.0,1.5,
11397,198,2024-06-09,09:15:00,11:16:00,4,15.0,3.75,
11398,155,2024-06-09,15:30:00,17:34:00,13,15.0,3.75,
11399,105,2024-06-09,10:45:00,12:49:00,6,18.0,0.0,
11400,111,2024-06-09,13:00:00,15:19:00,5,15.0,1.5,
11401,91,2024-06-09,16:45:00,17:38:00,4,15.0,3.75,
11402,8,2024-06-09,14:30:00,15:38:00,7,15.0,1.5,
11403,165,2024-06-09,15:00:00,16:14:00,2,15.0,6.0,
11404,145,2024-06-10,16:00:00,18:16:00,1,18.0,0.0,
11405,118,2024-06-10,16:15:00,17:21:00,6,15.0,3.75,
11406,195,2024-06-10,16:15:00,17:42:00,6,15.0,3.75,
11407,135,2024-06-10,14:00:00,15:07:00,13,15.0,3.75,
11408,2,2024-06-10,13:00:00,15:12:00,3,15.0,6.0,
11409,4,2024-06-10,12:15:00,14:37:00,14,15.0,3.75,
11410,128,2024-06-10,15:00:00,15:56:00,5,15.0,1.5,
11411,98,2024-06-10,13:30:00,14:45:00,11,15.0,3.75,
11412,240,2024-06-10,12:30:00,13:42:00,14,15.0,6.0,
11413,133,2024-06-10,13:30:00,15:56:00,4,18.0,0.0,
11414,213,2024-06-10,13:30:00,15:18:00,10,15.0,1.5,
11415,179,2024-06-10,16:45:00,19:01:00,5,15.0,3.75,
11416,193,2024-06-10,11:45:00,14:13:00,12,15.0,1.5,
11417,62,2024-06-10,10:30:00,11:41:00,3,18.0,0.0,
11418,69,2024-06-10,12:45:00,13:41:00,2,15.0,3.75,
11419,192,2024-06-10,11:45:00,12:35:00,3,18.0,0.0,
11420,116,2024-06-10,10:30:00,11:50:00,13,18.0,0.0,
11421,224,2024-06-10,10:30:00,11:48:00,11,15.0,3.75,
11422,231,2024-06-10,16:15:00,18:06:00,11,15.0,1.5,
11423,77,2024-06-10,15:15:00,17:12:00,5,15.0,1.5,
11424,151,2024-06-10,16:30:00,18:24:00,7,18.0,0.0,
11425,155,2024-06-10,13:00:00,14:05:00,7,15.0,3.75,
11426,238,2024-06-10,14:15:00,16:20:00,13,15.0,1.5,
11427,182,2024-06-10,13:45:00,15:12:00,12,15.0,1.5,
11428,4,2024-06-10,15:00:00,16:58:00,11,15.0,3.75,
11429,233,2024-06-11,09:45:00,12:05:00,2,15.0,3.75,
11430,236,2024-06-11,13:15:00,14:33:00,3,15.0,1.5,
11431,70,2024-06-11,14:30:00,16:51:00,4,18.0,0.0,
11432,182,2024-06-11,10:30:00,11:41:00,3,15.0,1.5,
11433,106,2024-06-11,10:15:00,11:54:00,14,15.0,1.5,
11434,195,2024-06-11,14:30:00,15:41:00,10,15.0,3.75,
11435,2,2024-06-11,12:45:00,13:51:00,3,15.0,6.0,
11436,4,2024-06-11,11:15:00,12:39:00,12,15.0,3.75,
11437,3,2024-06-11,11:30:00,13:36:00,14,15.0,3.75,
11438,114,2024-06-11,12:45:00,13:47:00,7,15.0,1.5,
11439,47,2024-06-11,15:30:00,16:58:00,11,15.0,1.5,
11440,207,2024-06-11,12:15:00,14:12:00,7,15.0,6.0,
11441,194,2024-06-11,13:45:00,16:12:00,10,15.0,1.5,
11442,69,2024-06-11,15:45:00,16:37:00,3,15.0,3.75,
11443,195,2024-06-11,13:00:00,15:19:00,13,15.0,3.75,
11444,179,2024-06-12,13:30:00,15:43:00,12,15.0,3.75,
11445,66,2024-06-12,16:30:00,17:39:00,14,18.0,0.0,
11446,219,2024-06-12,16:15:00,17:06:00,12,15.0,3.75,
11447,155,2024-06-12,09:30:00,11:09:00,4,15.0,3.75,
11448,126,2024-06-12,11:45:00,13:40:00,1,15.0,1.5,
11449,103,2024-06-12,14:30:00,15:23:00,13,15.0,1.5,
11450,39,2024-06-12,16:00:00,16:45:00,5,15.0,1.5,
11451,24,2024-06-12,09:30:00,10:35:00,3,15.0,3.75,
11452,1,2024-06-12,09:15:00,11:28:00,2,15.0,6.0,
11453,215,2024-06-12,16:45:00,19:09:00,13,15.0,3.75,
11454,4,2024-06-12,13:45:00,15:05:00,4,15.0,3.75,
11455,60,2024-06-12,12:30:00,13:49:00,6,18.0,0.0,
11456,61,2024-06-12,13:45:00,14:35:00,12,15.0,3.75,
11457,65,2024-06-12,16:30:00,17:37:00,5,18.0,0.0,
11458,27,2024-06-12,11:45:00,12:44:00,4,15.0,6.0,
11459,56,2024-06-12,14:30:00,16:04:00,4,15.0,3.75,
11460,216,2024-06-12,10:30:00,12:37:00,4,18.0,0.0,
11461,144,2024-06-12,14:30:00,15:21:00,10,18.0,0.0,
11462,17,2024-06-12,13:30:00,15:51:00,11,18.0,0.0,
11463,2,2024-06-13,14:15:00,16:19:00,1,15.0,6.0,
11464,48,2024-06-13,16:00:00,17:23:00,4,15.0,3.75,
11465,215,2024-06-13,11:30:00,12:45:00,5,15.0,3.75,
11466,126,2024-06-13,13:15:00,14:23:00,12,15.0,1.5,
11467,91,2024-06-13,15:00:00,16:52:00,3,15.0,3.75,
11468,52,2024-06-13,10:00:00,11:22:00,1,15.0,1.5,
11469,243,2024-06-13,09:30:00,11:13:00,3,18.0,0.0,
11470,77,2024-06-13,14:30:00,15:21:00,13,15.0,1.5,
11471,244,2024-06-13,15:45:00,16:42:00,13,18.0,0.0,
11472,42,2024-06-13,12:00:00,13:19:00,12,15.0,1.5,
11473,89,2024-06-13,13:15:00,14:34:00,3,15.0,1.5,
11474,196,2024-06-13,12:45:00,13:50:00,7,15.0,1.5,
11475,98,2024-06-13,14:30:00,16:48:00,13,15.0,3.75,
11476,25,2024-06-14,16:15:00,17:46:00,10,15.0,1.5,
11477,73,2024-06-14,13:45:00,14:38:00,10,15.0,3.75,
11478,23,2024-06-14,14:30:00,15:54:00,14,15.0,6.0,
11479,23,2024-06-14,09:45:00,12:09:00,4,15.0,6.0,
11480,223,2024-06-14,16:45:00,18:23:00,6,15.0,1.5,
11481,68,2024-06-14,11:30:00,12:27:00,6,18.0,0.0,
11482,27,2024-06-14,13:15:00,14:50:00,6,15.0,6.0,
11483,108,2024-06-14,16:45:00,19:09:00,12,15.0,1.5,
11484,210,2024-06-14,13:15:00,14:17:00,6,15.0,3.75,
11485,135,2024-06-14,13:45:00,15:58:00,3,15.0,3.75,
11486,111,2024-06-14,12:45:00,13:57:00,12,15.0,1.5,
11487,155,2024-06-14,16:30:00,18:41:00,3,15.0,3.75,
11488,141,2024-06-14,12:00:00,13:17:00,14,15.0,3.75,
11489,228,2024-06-14,09:00:00,10:17:00,10,15.0,1.5,
11490,8,2024-06-14,15:30:00,16:31:00,3,15.0,1.5,
11491,56,2024-06-14,10:00:00,12:11:00,12,15.0,3.75,
11492,126,2024-06-14,12:30:00,14:48:00,1,15.0,1.5,
11493,56,2024-06-14,16:30:00,18:53:00,4,15.0,3.75,
11494,155,2024-06-15,11:30:00,13:16:00,11,15.0,3.75,
11495,38,2024-06-15,10:15:00,12:37:00,2,15.0,1.5,
11496,33,2024-06-15,16:00:00,17:49:00,3,15.0,3.75,
11497,248,2024-06-15,14:45:00,16:19:00,7,18.0,0.0,
11498,229,2024-06-15,12:45:00,14:44:00,2,18.0,0.0,
11499,227,2024-06-15,16:00:00,17:56:00,13,18.0,0.0,
11500,207,2024-06-15,10:00:00,11:04:00,4,15.0,6.0,
11501,228,2024-06-15,13:00:00,14:04:00,14,15.0,1.5,
11502,110,2024-06-15,15:15:00,17:45:00,14,15.0,3.75,
11503,69,2024-06-15,09:00:00,09:58:00,13,15.0,3.75,
11504,77,2024-06-15,10:30:00,11:36:00,2,15.0,1.5,
11505,194,2024-06-15,12:15:00,14:27:00,7,15.0,1.5,
11506,13,2024-06-15,13:15:00,15:16:00,1,18.0,0.0,
11507,67,2024-06-15,13:15:00,15:06:00,1,15.0,3.75,
11508,232,2024-06-15,10:15:00,12:34:00,2,15.0,3.75,
11509,234,2024-06-15,13:45:00,15:35:00,3,18.0,0.0,
11510,135,2024-06-15,16:45:00,18:25:00,12,15.0,3.75,
11511,4,2024-06-15,15:15:00,17:20:00,6,15.0,3.75,
11512,83,2024-06-15,14:00:00,15:10:00,2,15.0,1.5,
11513,69,2024-06-15,16:30:00,18:42:00,13,15.0,3.75,
11514,1,2024-06-15,11:45:00,12:41:00,14,15.0,6.0,
11515,189,2024-06-15,15:30:00,17:15:00,12,15.0,3.75,
11516,6,2024-06-15,10:15:00,11:36:00,10,15.0,1.5,
11517,43,2024-06-15,15:30:00,17:18:00,5,15.0,3.75,
11518,1,2024-06-15,16:30:00,17:54:00,10,15.0,6.0,
11519,13,2024-06-16,09:30:00,10:59:00,5,18.0,0.0,
11520,52,2024-06-16,15:00:00,15:58:00,10,15.0,1.5,
11521,57,2024-06-16,16:45:00,18:23:00,5,15.0,1.5,
11522,23,2024-06-16,10:00:00,10:45:00,4,15.0,6.0,
11523,162,2024-06-16,11:15:00,13:38:00,10,15.0,3.75,
11524,47,2024-06-16,10:45:00,12:51:00,14,15.0,1.5,
11525,174,2024-06-16,09:45:00,10:43:00,12,15.0,1.5,
11526,11,2024-06-16,11:00:00,13:22:00,5,18.0,0.0,
11527,120,2024-06-16,10:30:00,11:20:00,5,15.0,1.5,
11528,112,2024-06-16,14:15:00,16:06:00,1,15.0,1.5,
11529,169,2024-06-16,12:15:00,14:41:00,13,15.0,1.5,
11530,74,2024-06-16,12:30:00,14:12:00,11,15.0,3.75,
11531,131,2024-06-16,12:15:00,13:19:00,3,18.0,0.0,
11532,25,2024-06-16,15:45:00,16:53:00,4,15.0,1.5,
11533,184,2024-06-16,10:00:00,11:19:00,2,18.0,0.0,
11534,27,2024-06-16,10:15:00,11:01:00,4,15.0,6.0,
11535,219,2024-06-16,15:15:00,16:21:00,12,15.0,3.75,
11536,179,2024-06-16,13:30:00,14:39:00,7,15.0,3.75,
11537,237,2024-06-16,09:15:00,10:50:00,4,15.0,3.75,
11538,44,2024-06-16,10:30:00,11:35:00,7,15.0,1.5,
11539,36,2024-06-16,13:45:00,14:45:00,6,15.0,3.75,
11540,53,2024-06-16,16:45:00,19:12:00,1,15.0,1.5,
11541,91,2024-06-16,14:15:00,15:19:00,11,15.0,3.75,
11542,52,2024-06-16,10:30:00,12:56:00,10,15.0,1.5,
11543,11,2024-06-16,14:00:00,15:26:00,11,18.0,0.0,
11544,76,2024-06-16,15:00:00,16:39:00,13,15.0,3.75,
11545,27,2024-06-16,10:00:00,11:46:00,2,15.0,6.0,
11546,48,2024-06-16,10:30:00,12:41:00,12,15.0,3.75,
11547,89,2024-06-16,10:15:00,11:21:00,1,15.0,1.5,
11548,128,2024-06-16,09:00:00,10:54:00,4,15.0,1.5,
11549,197,2024-06-17,16:00:00,17:31:00,4,15.0,1.5,
11550,5,2024-06-17,13:30:00,14:59:00,1,15.0,3.75,
11551,152,2024-06-17,15:30:00,16:19:00,4,15.0,3.75,
11552,23,2024-06-17,15:00:00,16:33:00,6,15.0,6.0,
11553,5,2024-06-17,15:45:00,18:06:00,1,15.0,3.75,
11554,175,2024-06-17,16:00:00,18:05:00,7,18.0,0.0,
11555,2,2024-06-17,11:45:00,12:43:00,5,15.0,6.0,
11556,230,2024-06-17,12:45:00,14:04:00,10,18.0,0.0,
11557,30,2024-06-17,13:30:00,15:40:00,11,18.0,0.0,
11558,182,2024-06-17,09:00:00,10:24:00,6,15.0,1.5,
11559,15,2024-06-17,14:00:00,16:22:00,14,18.0,0.0,
11560,210,2024-06-17,11:00:00,12:45:00,13,15.0,3.75,
11561,48,2024-06-17,15:45:00,16:56:00,2,15.0,3.75,
11562,189,2024-06-17,10:15:00,12:37:00,6,15.0,3.75,
11563,210,2024-06-17,14:00:00,15:55:00,5,15.0,3.75,
11564,110,2024-06-17,12:00:00,14:28:00,5,15.0,3.75,
11565,27,2024-06-17,12:30:00,14:53:00,11,15.0,6.0,
11566,8,2024-06-17,12:00:00,12:58:00,10,15.0,1.5,
11567,183,2024-06-17,15:30:00,17:58:00,11,15.0,1.5,
11568,75,2024-06-17,15:30:00,17:25:00,10,15.0,1.5,
11569,61,2024-06-17,11:45:00,13:04:00,4,15.0,3.75,
11570,143,2024-06-17,09:00:00,11:23:00,4,15.0,3.75,
11571,2,2024-06-17,12:30:00,13:51:00,13,15.0,6.0,
11572,190,2024-06-17,15:30:00,17:28:00,13,18.0,0.0,
11573,33,2024-06-17,15:00:00,16:31:00,3,15.0,3.75,
11574,96,2024-06-18,09:15:00,11:23:00,4,15.0,1.5,
11575,2,2024-06-18,14:30:00,16:46:00,1,15.0,6.0,
11576,100,2024-06-18,10:15:00,12:04:00,7,15.0,1.5,
11577,5,2024-06-18,12:00:00,13:50:00,10,15.0,3.75,
11578,224,2024-06-18,11:15:00,13:06:00,12,15.0,3.75,
11579,119,2024-06-18,11:15:00,13:42:00,11,15.0,1.5,
11580,33,2024-06-18,15:00:00,16:44:00,12,15.0,3.75,
11581,170,2024-06-18,13:00:00,14:40:00,1,15.0,1.5,
11582,121,2024-06-18,13:15:00,14:29:00,7,15.0,1.5,
11583,98,2024-06-18,13:45:00,15:31:00,2,15.0,3.75,
11584,187,2024-06-18,09:45:00,10:30:00,13,18.0,0.0,
11585,138,2024-06-18,15:30:00,16:42:00,12,18.0,0.0,
11586,238,2024-06-18,10:15:00,12:21:00,14,15.0,1.5,
11587,2,2024-06-18,12:00:00,13:00:00,2,15.0,6.0,
11588,75,2024-06-18,11:30:00,13:00:00,6,15.0,1.5,
11589,74,2024-06-18,14:30:00,15:27:00,5,15.0,3.75,
11590,108,2024-06-19,11:45:00,13:41:00,12,15.0,1.5,
11591,57,2024-06-19,11:30:00,13:19:00,1,15.0,1.5,
11592,224,2024-06-19,15:00:00,16:08:00,4,15.0,3.75,
11593,2,2024-06-19,11:00:00,12:47:00,7,15.0,6.0,
11594,217,2024-06-19,15:45:00,17:53:00,14,15.0,1.5,
11595,204,2024-06-19,09:15:00,11:20:00,5,18.0,0.0,
11596,215,2024-06-19,14:15:00,16:05:00,14,15.0,3.75,
11597,9,2024-06-19,14:30:00,16:56:00,4,15.0,1.5,
11598,231,2024-06-19,16:00:00,17:41:00,5,15.0,1.5,
11599,23,2024-06-19,10:45:00,12:55:00,5,15.0,6.0,
11600,111,2024-06-19,10:30:00,11:24:00,12,15.0,1.5,
11601,35,2024-06-19,16:00:00,17:17:00,13,18.0,0.0,
11602,195,2024-06-19,15:45:00,18:03:00,7,15.0,3.75,
11603,37,2024-06-19,11:45:00,13:56:00,5,18.0,0.0,
11604,42,2024-06-19,13:15:00,15:01:00,2,15.0,1.5,
11605,233,2024-06-19,14:45:00,16:40:00,2,15.0,3.75,
11606,59,2024-06-19,15:45:00,18:06:00,4,15.0,1.5,
11607,56,2024-06-19,10:00:00,10:53:00,1,15.0,3.75,
11608,190,2024-06-20,14:45:00,16:40:00,11,18.0,0.0,
11609,82,2024-06-20,15:45:00,17:56:00,12,15.0,1.5,
11610,44,2024-06-20,11:00:00,11:52:00,3,15.0,1.5,
11611,73,2024-06-20,11:30:00,12:58:00,1,15.0,3.75,
11612,63,2024-06-20,11:00:00,13:20:00,6,15.0,1.5,
11613,155,2024-06-20,12:15:00,14:08:00,12,15.0,3.75,
11614,135,2024-06-20,16:00:00,18:05:00,12,15.0,3.75,
11615,151,2024-06-20,11:45:00,14:10:00,6,18.0,0.0,
11616,150,2024-06-20,15:15:00,16:24:00,14,18.0,0.0,
11617,242,2024-06-20,15:30:00,17:39:00,10,15.0,3.75,
11618,68,2024-06-20,15:00:00,16:21:00,14,18.0,0.0,
11619,118,2024-06-20,12:30:00,13:38:00,10,15.0,3.75,
11620,23,2024-06-20,11:30:00,12:44:00,5,15.0,6.0,
11621,35,2024-06-20,12:15:00,13:01:00,1,18.0,0.0,
11622,1,2024-06-20,13:00:00,15:19:00,3,15.0,6.0,
11623,126,2024-06-20,12:15:00,14:07:00,5,15.0,1.5,
11624,228,2024-06-20,09:30:00,11:25:00,7,15.0,1.5,
11625,186,2024-06-20,16:30:00,17:19:00,14,15.0,1.5,
11626,200,2024-06-20,11:45:00,13:00:00,12,18.0,0.0,
11627,27,2024-06-20,12:15:00,14:37:00,13,15.0,6.0,
11628,223,2024-06-20,14:15:00,16:07:00,11,15.0,1.5,
11629,196,2024-06-20,14:00:00,15:00:00,6,15.0,1.5,
11630,163,2024-06-20,13:30:00,14:35:00,1,18.0,0.0,
11631,69,2024-06-21,09:00:00,10:46:00,7,15.0,3.75,
11632,213,2024-06-21,09:45:00,11:23:00,1,15.0,1.5,
11633,177,2024-06-21,16:45:00,18:20:00,1,18.0,0.0,
11634,236,2024-06-21,10:15:00,11:05:00,6,15.0,1.5,
11635,236,2024-06-21,09:00:00,09:51:00,6,15.0,1.5,
11636,1,2024-06-21,14:00:00,15:25:00,3,15.0,6.0,
11637,35,2024-06-21,16:15:00,18:24:00,11,18.0,0.0,
11638,25,2024-06-21,15:00:00,16:30:00,5,15.0,1.5,
11639,236,2024-06-21,10:45:00,12:32:00,13,15.0,1.5,
11640,25,2024-06-21,15:45:00,17:08:00,6,15.0,1.5,
11641,207,2024-06-21,14:00:00,15:33:00,6,15.0,6.0,
11642,238,2024-06-21,13:15:00,14:47:00,10,15.0,1.5,
11643,189,2024-06-21,16:15:00,18:12:00,14,15.0,3.75,
11644,8,2024-06-21,11:00:00,12:25:00,10,15.0,1.5,
11645,110,2024-06-21,15:45:00,17:36:00,12,15.0,3.75,
11646,112,2024-06-21,16:15:00,17:08:00,2,15.0,1.5,
11647,240,2024-06-21,12:15:00,13:26:00,6,15.0,6.0,
11648,104,2024-06-21,15:30:00,16:50:00,1,18.0,0.0,
11649,170,2024-06-21,14:45:00,16:58:00,11,15.0,1.5,
11650,76,2024-06-21,12:30:00,14:01:00,3,15.0,3.75,
11651,210,2024-06-21,13:00:00,13:54:00,3,15.0,3.75,
11652,43,2024-06-21,15:15:00,17:33:00,13,15.0,3.75,
11653,52,2024-06-21,15:45:00,17:21:00,7,15.0,1.5,
11654,160,2024-06-21,13:30:00,14:17:00,10,15.0,3.75,
11655,189,2024-06-21,12:00:00,12:50:00,12,15.0,3.75,
11656,2,2024-06-21,15:30:00,16:57:00,3,15.0,6.0,
11657,162,2024-06-21,12:30:00,14:13:00,11,15.0,3.75,
11658,174,2024-06-21,13:30:00,14:36:00,10,15.0,1.5,
11659,143,2024-06-22,11:00:00,13:21:00,5,15.0,3.75,
11660,11,2024-06-22,16:30:00,18:01:00,14,18.0,0.0,
11661,236,2024-06-22,16:00:00,18:02:00,14,15.0,1.5,
11662,59,2024-06-22,15:45:00,17:48:00,2,15.0,1.5,
11663,40,2024-06-22,12:15:00,14:28:00,14,18.0,0.0,
11664,9,2024-06-22,15:30:00,16:58:00,13,15.0,1.5,
11665,118,2024-06-22,10:30:00,12:49:00,6,15.0,3.75,
11666,122,2024-06-22,11:15:00,13:39:00,7,15.0,1.5,
11667,86,2024-06-22,09:15:00,10:46:00,10,18.0,0.0,
11668,233,2024-06-22,10:15:00,11:51:00,1,15.0,3.75,
11669,74,2024-06-22,15:45:00,17:43:00,14,15.0,3.75,
11670,115,2024-06-22,14:15:00,16:32:00,7,18.0,0.0,
11671,118,2024-06-22,12:45:00,13:51:00,5,15.0,3.75,
11672,215,2024-06-22,15:45:00,16:34:00,14,15.0,3.75,
11673,69,2024-06-22,09:45:00,11:44:00,10,15.0,3.75,
11674,13,2024-06-22,10:45:00,11:45:00,12,18.0,0.0,
11675,26,2024-06-22,13:00:00,14:46:00,6,18.0,0.0,
11676,224,2024-06-22,11:30:00,13:08:00,11,15.0,3.75,
11677,26,2024-06-22,09:00:00,10:15:00,12,18.0,0.0,
11678,207,2024-06-22,13:00:00,14:27:00,5,15.0,6.0,
11679,194,2024-06-22,12:30:00,13:29:00,13,15.0,1.5,
11680,232,2024-06-22,11:45:00,12:40:00,6,15.0,3.75,
11681,172,2024-06-22,09:30:00,10:57:00,5,15.0,1.5,
11682,237,2024-06-22,16:00:00,18:19:00,1,15.0,3.75,
11683,232,2024-06-22,15:30:00,17:58:00,7,15.0,3.75,
11684,179,2024-06-22,12:15:00,13:22:00,2,15.0,3.75,
11685,106,2024-06-22,09:30:00,10:53:00,2,15.0,1.5,
11686,148,2024-06-22,13:30:00,16:00:00,3,15.0,1.5,
11687,131,2024-06-22,15:45:00,17:47:00,2,18.0,0.0,
11688,172,2024-06-22,10:15:00,11:02:00,14,15.0,1.5,
11689,135,2024-06-22,11:30:00,13:45:00,4,15.0,3.75,
11690,74,2024-06-22,11:45:00,13:58:00,7,15.0,3.75,
11691,91,2024-06-22,15:15:00,17:18:00,5,15.0,3.75,
11692,155,2024-06-22,11:00:00,13:24:00,5,15.0,3.75,
11693,226,2024-06-22,10:30:00,11:52:00,3,18.0,0.0,
11694,218,2024-06-22,13:15:00,14:57:00,5,15.0,1.5,
11695,202,2024-06-22,11:15:00,12:48:00,13,18.0,0.0,
11696,55,2024-06-22,12:15:00,13:29:00,11,18.0,0.0,
11697,228,2024-06-23,14:15:00,15:08:00,3,15.0,1.5,
11698,107,2024-06-23,12:00:00,13:48:00,2,15.0,3.75,
11699,238,2024-06-23,14:00:00,15:43:00,7,15.0,1.5,
11700,25,2024-06-23,11:45:00,12:56:00,7,15.0,1.5,
11701,68,2024-06-23,11:00:00,11:53:00,10,18.0,0.0,
11702,71,2024-06-23,14:15:00,16:20:00,7,15.0,1.5,
11703,194,2024-06-23,15:15:00,16:30:00,5,15.0,1.5,
11704,5,2024-06-23,13:45:00,14:49:00,1,15.0,3.75,
11705,2,2024-06-23,16:15:00,17:58:00,11,15.0,6.0,
11706,27,2024-06-23,16:00:00,18:12:00,2,15.0,6.0,
11707,4,2024-06-23,16:15:00,17:06:00,3,15.0,3.75,
11708,219,2024-06-23,12:15:00,13:25:00,14,15.0,3.75,
11709,92,2024-06-23,09:15:00,11:19:00,4,18.0,0.0,
11710,55,2024-06-23,11:15:00,12:11:00,10,18.0,0.0,
11711,219,2024-06-23,16:45:00,18:34:00,5,15.0,3.75,
11712,104,2024-06-23,10:30:00,12:57:00,6,18.0,0.0,
11713,96,2024-06-23,14:15:00,15:45:00,4,15.0,1.5,
11714,75,2024-06-23,13:45:00,16:07:00,1,15.0,1.5,
11715,100,2024-06-23,15:45:00,17:46:00,13,15.0,1.5,
11716,5,2024-06-23,09:15:00,10:58:00,12,15.0,3.75,
11717,134,2024-06-23,13:15:00,14:10:00,13,15.0,1.5,
11718,3,2024-06-23,11:45:00,13:39:00,4,15.0,3.75,
11719,202,2024-06-23,09:15:00,10:31:00,1,18.0,0.0,
11720,103,2024-06-23,09:00:00,10:05:00,6,15.0,1.5,
11721,217,2024-06-23,14:45:00,16:30:00,13,15.0,1.5,
11722,119,2024-06-23,14:45:00,16:40:00,2,15.0,1.5,
11723,240,2024-06-23,11:30:00,13:21:00,10,15.0,6.0,
11724,1,2024-06-24,10:00:00,11:05:00,3,15.0,6.0,
11725,114,2024-06-24,15:30:00,17:44:00,13,15.0,1.5,
11726,40,2024-06-24,10:15:00,11:16:00,5,18.0,0.0,
11727,172,2024-06-24,11:45:00,13:10:00,4,15.0,1.5,
11728,27,2024-06-24,12:00:00,13:06:00,4,15.0,6.0,
11729,98,2024-06-24,13:15:00,14:31:00,13,15.0,3.75,
11730,103,2024-06-24,13:45:00,16:04:00,4,15.0,1.5,
11731,137,2024-06-24,15:15:00,16:50:00,12,18.0,0.0,
11732,201,2024-06-24,13:30:00,15:24:00,5,15.0,1.5,
11733,39,2024-06-24,12:00:00,13:22:00,14,15.0,1.5,
11734,39,2024-06-24,10:15:00,11:26:00,11,15.0,1.5,
11735,160,2024-06-24,09:00:00,10:55:00,6,15.0,3.75,
11736,78,2024-06-24,11:00:00,12:13:00,5,18.0,0.0,
11737,69,2024-06-24,14:45:00,16:14:00,10,15.0,3.75,
11738,96,2024-06-24,10:30:00,12:25:00,10,15.0,1.5,
11739,237,2024-06-24,10:00:00,12:03:00,10,15.0,3.75,
11740,170,2024-06-24,10:15:00,12:31:00,11,15.0,1.5,
11741,73,2024-06-24,14:30:00,15:32:00,2,15.0,3.75,
11742,135,2024-06-25,13:15:00,15:18:00,7,15.0,3.75,
11743,27,2024-06-25,11:00:00,12:16:00,14,15.0,6.0,
11744,189,2024-06-25,09:00:00,10:11:00,10,15.0,3.75,
11745,134,2024-06-25,16:00:00,17:24:00,2,15.0,1.5,
11746,194,2024-06-25,15:00:00,16:35:00,14,15.0,1.5,
11747,31,2024-06-25,15:45:00,17:43:00,3,15.0,1.5,
11748,229,2024-06-25,11:30:00,13:21:00,12,18.0,0.0,
11749,67,2024-06-25,13:45:00,15:09:00,12,15.0,3.75,
11750,238,2024-06-25,16:00:00,17:12:00,3,15.0,1.5,
11751,132,2024-06-25,10:30:00,11:27:00,7,18.0,0.0,
11752,223,2024-06-25,09:15:00,10:38:00,10,15.0,1.5,
11753,134,2024-06-25,15:00:00,17:17:00,4,15.0,1.5,
11754,180,2024-06-25,15:00:00,16:12:00,3,18.0,0.0,
11755,92,2024-06-25,16:15:00,18:17:00,5,18.0,0.0,
11756,215,2024-06-25,13:00:00,15:19:00,11,15.0,3.75,
11757,211,2024-06-25,16:45:00,17:54:00,13,18.0,0.0,
11758,217,2024-06-25,10:15:00,12:36:00,4,15.0,1.5,
11759,118,2024-06-25,16:15:00,17:03:00,12,15.0,3.75,
11760,172,2024-06-25,11:30:00,13:05:00,3,15.0,1.5,
11761,194,2024-06-25,16:00:00,17:45:00,13,15.0,1.5,
11762,2,2024-06-25,13:00:00,14:52:00,12,15.0,6.0,
11763,103,2024-06-25,11:30:00,12:23:00,3,15.0,1.5,
11764,190,2024-06-25,16:30:00,17:44:00,6,18.0,0.0,
11765,24,2024-06-25,12:15:00,13:11:00,10,15.0,3.75,
11766,207,2024-06-25,16:00:00,18:22:00,14,15.0,6.0,
11767,237,2024-06-26,09:30:00,11:10:00,14,15.0,3.75,
11768,231,2024-06-26,14:15:00,16:18:00,1,15.0,1.5,
11769,128,2024-06-26,11:30:00,13:51:00,6,15.0,1.5,
11770,72,2024-06-26,11:30:00,12:31:00,13,18.0,0.0,
11771,104,2024-06-26,16:45:00,18:14:00,2,18.0,0.0,
11772,8,2024-06-26,09:00:00,10:00:00,4,15.0,1.5,
11773,242,2024-06-26,15:00:00,16:17:00,4,15.0,3.75,
11774,236,2024-06-26,11:30:00,12:49:00,6,15.0,1.5,
11775,8,2024-06-26,13:30:00,15:35:00,14,15.0,1.5,
11776,98,2024-06-26,12:15:00,13:08:00,5,15.0,3.75,
11777,74,2024-06-26,15:00:00,15:50:00,10,15.0,3.75,
11778,195,2024-06-26,14:00:00,15:20:00,5,15.0,3.75,
11779,195,2024-06-26,09:30:00,11:39:00,5,15.0,3.75,
11780,155,2024-06-27,12:00:00,13:17:00,1,15.0,3.75,
11781,25,2024-06-27,12:30:00,13:48:00,10,15.0,1.5,
11782,182,2024-06-27,09:45:00,11:58:00,7,15.0,1.5,
11783,62,2024-06-27,16:30:00,18:33:00,1,18.0,0.0,
11784,165,2024-06-27,10:30:00,12:41:00,6,15.0,6.0,
11785,4,2024-06-27,14:45:00,17:11:00,13,15.0,3.75,
11786,111,2024-06-27,14:30:00,16:53:00,4,15.0,1.5,
11787,240,2024-06-27,10:45:00,12:54:00,1,15.0,6.0,
11788,3,2024-06-27,12:45:00,14:46:00,6,15.0,3.75,
11789,141,2024-06-27,11:15:00,13:44:00,11,15.0,3.75,
11790,174,2024-06-27,15:45:00,17:44:00,2,15.0,1.5,
11791,143,2024-06-27,11:00:00,12:43:00,14,15.0,3.75,
11792,82,2024-06-27,15:45:00,17:56:00,7,15.0,1.5,
11793,2,2024-06-27,10:00:00,12:20:00,1,15.0,6.0,
11794,46,2024-06-27,12:30:00,14:13:00,13,18.0,0.0,
11795,170,2024-06-28,09:30:00,10:33:00,6,15.0,1.5,
11796,16,2024-06-28,12:45:00,14:21:00,14,18.0,0.0,
11797,43,2024-06-28,13:15:00,15:24:00,2,15.0,3.75,
11798,139,2024-06-28,10:15:00,12:26:00,13,18.0,0.0,
11799,179,2024-06-28,12:30:00,14:48:00,2,15.0,3.75,
11800,210,2024-06-28,11:30:00,13:35:00,4,15.0,3.75,
11801,162,2024-06-28,13:00:00,14:32:00,1,15.0,3.75,
11802,107,2024-06-28,09:00:00,10:06:00,13,15.0,3.75,
11803,237,2024-06-28,09:45:00,11:31:00,2,15.0,3.75,
11804,210,2024-06-28,14:45:00,16:21:00,14,15.0,3.75,
11805,203,2024-06-28,14:15:00,16:26:00,11,15.0,3.75,
11806,83,2024-06-28,16:30:00,17:25:00,7,15.0,1.5,
11807,38,2024-06-28,13:15:00,14:27:00,1,15.0,1.5,
11808,114,2024-06-28,16:30:00,18:05:00,6,15.0,1.5,
11809,145,2024-06-28,15:30:00,17:59:00,11,18.0,0.0,
11810,107,2024-06-28,09:45:00,12:14:00,14,15.0,3.75,
11811,41,2024-06-28,11:15:00,12:27:00,6,15.0,1.5,
11812,120,2024-06-29,13:45:00,14:55:00,1,15.0,1.5,
11813,241,2024-06-29,11:00:00,12:46:00,13,18.0,0.0,
11814,2,2024-06-29,14:30:00,15:28:00,5,15.0,6.0,
11815,11,2024-06-29,16:30:00,17:19:00,10,18.0,0.0,
11816,234,2024-06-29,14:15:00,16:36:00,3,18.0,0.0,
11817,248,2024-06-29,12:45:00,15:05:00,10,18.0,0.0,
11818,225,2024-06-29,09:45:00,11:35:00,10,18.0,0.0,
11819,233,2024-06-29,16:15:00,17:29:00,3,15.0,3.75,
11820,64,2024-06-29,14:45:00,15:45:00,11,15.0,1.5,
11821,15,2024-06-29,11:15:00,13:02:00,13,18.0,0.0,
11822,195,2024-06-29,10:00:00,11:59:00,14,15.0,3.75,
11823,96,2024-06-29,11:00:00,12:57:00,7,15.0,1.5,
11824,8,2024-06-29,16:00:00,18:24:00,11,15.0,1.5,
11825,35,2024-06-29,14:45:00,15:30:00,13,18.0,0.0,
11826,155,2024-06-29,14:00:00,15:59:00,3,15.0,3.75,
11827,91,2024-06-29,16:30:00,18:24:00,7,15.0,3.75,
11828,110,2024-06-29,10:00:00,12:21:00,5,15.0,3.75,
11829,207,2024-06-29,15:00:00,16:34:00,7,15.0,6.0,
11830,143,2024-06-29,15:15:00,17:16:00,13,15.0,3.75,
11831,67,2024-06-29,11:45:00,13:46:00,13,15.0,3.75,
11832,47,2024-06-29,14:45:00,16:48:00,14,15.0,1.5,
11833,42,2024-06-29,15:30:00,17:41:00,4,15.0,1.5,
11834,246,2024-06-29,16:45:00,18:57:00,11,15.0,1.5,
11835,174,2024-06-29,11:30:00,13:38:00,3,15.0,1.5,
11836,161,2024-06-29,12:15:00,14:08:00,12,18.0,0.0,
11837,46,2024-06-29,12:45:00,15:02:00,6,18.0,0.0,
11838,233,2024-06-29,10:45:00,12:22:00,3,15.0,3.75,
11839,48,2024-06-29,11:15:00,12:43:00,2,15.0,3.75,
11840,100,2024-06-29,10:15:00,12:20:00,2,15.0,1.5,
11841,64,2024-06-29,14:30:00,16:05:00,4,15.0,1.5,
11842,197,2024-06-29,14:00:00,16:12:00,11,15.0,1.5,
11843,104,2024-06-29,12:15:00,13:21:00,7,18.0,0.0,
11844,1,2024-06-29,16:45:00,17:55:00,3,15.0,6.0,
11845,128,2024-06-29,12:45:00,14:57:00,11,15.0,1.5,
11846,244,2024-06-29,09:00:00,10:12:00,1,18.0,0.0,
11847,64,2024-06-29,11:45:00,13:08:00,3,15.0,1.5,
11848,172,2024-06-29,13:30:00,14:22:00,5,15.0,1.5,
11849,143,2024-06-30,11:15:00,12:58:00,2,15.0,3.75,
11850,175,2024-06-30,12:00:00,13:04:00,2,18.0,0.0,
11851,69,2024-06-30,11:15:00,12:41:00,11,15.0,3.75,
11852,181,2024-06-30,15:45:00,17:55:00,14,15.0,1.5,
11853,26,2024-06-30,16:30:00,17:31:00,13,18.0,0.0,
11854,135,2024-06-30,15:15:00,17:42:00,1,15.0,3.75,
11855,236,2024-06-30,15:30:00,17:00:00,14,15.0,1.5,
11856,94,2024-06-30,14:15:00,15:50:00,12,18.0,0.0,
11857,84,2024-06-30,12:00:00,14:17:00,11,18.0,0.0,
11858,4,2024-06-30,14:30:00,15:38:00,3,15.0,3.75,
11859,215,2024-06-30,11:00:00,12:38:00,10,15.0,3.75,
11860,103,2024-06-30,09:30:00,10:52:00,2,15.0,1.5,
11861,55,2024-06-30,15:00:00,16:16:00,5,18.0,0.0,
11862,155,2024-06-30,09:45:00,11:18:00,2,15.0,3.75,
11863,202,2024-06-30,09:15:00,11:13:00,1,18.0,0.0,
11864,33,2024-06-30,14:30:00,16:14:00,12,15.0,3.75,
11865,104,2024-06-30,13:45:00,15:47:00,12,18.0,0.0,
11866,119,2024-06-30,12:15:00,14:28:00,3,15.0,1.5,
11867,182,2024-06-30,09:30:00,10:16:00,14,15.0,1.5,
11868,199,2024-06-30,11:45:00,14:09:00,10,15.0,1.5,
11869,41,2024-06-30,12:30:00,14:54:00,11,15.0,1.5,
11870,86,2024-06-30,10:30:00,12:49:00,1,18.0,0.0,
11871,26,2024-06-30,11:45:00,13:18:00,14,18.0,0.0,
11872,110,2024-06-30,09:15:00,11:40:00,5,15.0,3.75,
11873,212,2024-06-30,14:30:00,16:56:00,11,18.0,0.0,
11874,233,2024-06-30,15:45:00,16:40:00,11,15.0,3.75,
11875,86,2024-06-30,12:00:00,14:30:00,3,18.0,0.0,
11876,96,2024-07-01,12:30:00,14:50:00,11,15.0,1.5,
11877,23,2024-07-01,14:30:00,15:39:00,12,15.0,6.0,
11878,55,2024-07-01,15:30:00,16:36:00,3,18.0,0.0,
11879,25,2024-07-01,14:00:00,14:50:00,7,15.0,1.5,
11880,224,2024-07-01,14:45:00,15:54:00,12,15.0,3.75,
11881,3,2024-07-01,12:00:00,13:12:00,13,15.0,3.75,
11882,189,2024-07-01,15:30:00,16:29:00,4,15.0,3.75,
11883,169,2024-07-01,09:30:00,11:11:00,12,15.0,1.5,
11884,108,2024-07-01,14:45:00,15:31:00,11,15.0,1.5,
11885,7,2024-07-01,10:15:00,12:42:00,11,15.0,1.5,
11886,203,2024-07-01,09:15:00,11:18:00,10,15.0,3.75,
11887,189,2024-07-01,14:00:00,16:08:00,10,15.0,3.75,
11888,131,2024-07-01,12:45:00,13:54:00,10,18.0,0.0,
11889,149,2024-07-01,12:30:00,13:28:00,5,15.0,1.5,
11890,195,2024-07-01,16:15:00,18:24:00,1,15.0,3.75,
11891,170,2024-07-01,09:45:00,11:23:00,5,15.0,1.5,
11892,219,2024-07-01,13:15:00,14:57:00,14,15.0,3.75,
11893,61,2024-07-01,10:45:00,12:48:00,5,15.0,3.75,
11894,23,2024-07-01,13:45:00,14:58:00,3,15.0,6.0,
11895,41,2024-07-02,10:45:00,12:55:00,10,15.0,1.5,
11896,138,2024-07-02,14:30:00,15:28:00,13,18.0,0.0,
11897,61,2024-07-02,11:30:00,12:17:00,4,15.0,3.75,
11898,120,2024-07-02,13:45:00,14:42:00,3,15.0,1.5,
11899,207,2024-07-02,12:15:00,14:10:00,14,15.0,6.0,
11900,179,2024-07-02,10:00:00,11:11:00,13,15.0,3.75,
11901,64,2024-07-02,16:15:00,17:01:00,5,15.0,1.5,
11902,71,2024-07-02,16:15:00,17:54:00,4,15.0,1.5,
11903,27,2024-07-02,15:00:00,17:14:00,11,15.0,6.0,
11904,233,2024-07-02,12:30:00,14:30:00,13,15.0,3.75,
11905,44,2024-07-02,14:00:00,16:00:00,5,15.0,1.5,
11906,158,2024-07-02,13:30:00,15:50:00,14,15.0,3.75,
11907,100,2024-07-02,10:00:00,11:49:00,4,15.0,1.5,
11908,245,2024-07-02,15:00:00,17:12:00,2,18.0,0.0,
11909,205,2024-07-02,16:30:00,18:50:00,5,15.0,3.75,
11910,8,2024-07-02,15:30:00,17:53:00,1,15.0,1.5,
11911,140,2024-07-02,09:00:00,10:13:00,10,15.0,3.75,
11912,48,2024-07-02,14:45:00,17:01:00,3,15.0,3.75,
11913,205,2024-07-03,16:15:00,17:11:00,6,15.0,3.75,
11914,22,2024-07-03,13:45:00,16:01:00,12,18.0,0.0,
11915,13,2024-07-03,13:45:00,14:54:00,5,18.0,0.0,
11916,203,2024-07-03,11:00:00,11:49:00,14,15.0,3.75,
11917,207,2024-07-03,14:00:00,15:15:00,10,15.0,6.0,
11918,1,2024-07-03,13:00:00,14:52:00,2,15.0,6.0,
11919,103,2024-07-03,15:15:00,16:44:00,2,15.0,1.5,
11920,249,2024-07-03,16:00:00,17:55:00,12,18.0,0.0,
11921,27,2024-07-03,12:30:00,14:17:00,2,15.0,6.0,
11922,194,2024-07-03,14:30:00,15:41:00,7,15.0,1.5,
11923,12,2024-07-03,14:45:00,16:28:00,14,18.0,0.0,
11924,11,2024-07-03,12:30:00,13:23:00,12,18.0,0.0,
11925,140,2024-07-03,16:00:00,17:14:00,4,15.0,3.75,
11926,8,2024-07-03,10:30:00,12:14:00,7,15.0,1.5,
11927,197,2024-07-03,14:00:00,15:58:00,3,15.0,1.5,
11928,184,2024-07-03,15:45:00,17:40:00,4,18.0,0.0,
11929,175,2024-07-03,15:45:00,17:35:00,6,18.0,0.0,
11930,189,2024-07-03,09:30:00,10:19:00,2,15.0,3.75,
11931,1,2024-07-03,09:00:00,11:23:00,10,15.0,6.0,
11932,205,2024-07-03,10:30:00,12:05:00,2,15.0,3.75,
11933,195,2024-07-04,12:45:00,13:56:00,5,15.0,3.75,
11934,103,2024-07-04,13:45:00,14:36:00,6,15.0,1.5,
11935,121,2024-07-04,13:00:00,15:01:00,13,15.0,1.5,
11936,44,2024-07-04,16:45:00,18:24:00,7,15.0,1.5,
11937,98,2024-07-04,14:30:00,16:23:00,10,15.0,3.75,
11938,35,2024-07-04,14:45:00,15:59:00,7,18.0,0.0,
11939,48,2024-07-04,09:15:00,11:16:00,13,15.0,3.75,
11940,96,2024-07-04,11:15:00,13:33:00,3,15.0,1.5,
11941,107,2024-07-04,11:30:00,12:58:00,4,15.0,3.75,
11942,238,2024-07-04,16:45:00,18:38:00,6,15.0,1.5,
11943,29,2024-07-04,13:30:00,15:09:00,7,18.0,0.0,
11944,122,2024-07-04,16:30:00,17:46:00,4,15.0,1.5,
11945,192,2024-07-04,15:30:00,17:02:00,7,18.0,0.0,
11946,69,2024-07-04,15:00:00,16:43:00,11,15.0,3.75,
11947,240,2024-07-04,13:45:00,15:10:00,1,15.0,6.0,
11948,67,2024-07-04,10:45:00,11:41:00,5,15.0,3.75,
11949,63,2024-07-04,11:00:00,12:50:00,10,15.0,1.5,
11950,240,2024-07-04,12:45:00,13:48:00,14,15.0,6.0,
11951,211,2024-07-04,11:45:00,12:51:00,7,18.0,0.0,
11952,48,2024-07-04,14:15:00,16:36:00,3,15.0,3.75,
11953,23,2024-07-04,10:30:00,12:46:00,7,15.0,6.0,
11954,89,2024-07-04,16:15:00,17:14:00,14,15.0,1.5,
11955,91,2024-07-04,16:45:00,18:41:00,12,15.0,3.75,
11956,52,2024-07-04,14:45:00,15:42:00,5,15.0,1.5,
11957,56,2024-07-04,09:15:00,10:17:00,5,15.0,3.75,
11958,189,2024-07-04,10:00:00,11:35:00,14,15.0,3.75,
11959,16,2024-07-04,09:15:00,11:23:00,2,18.0,0.0,
11960,236,2024-07-04,10:15:00,11:47:00,14,15.0,1.5,
11961,134,2024-07-04,10:00:00,12:28:00,2,15.0,1.5,
11962,110,2024-07-04,14:00:00,14:58:00,11,15.0,3.75,
11963,240,2024-07-04,12:00:00,13:08:00,6,15.0,6.0,
11964,74,2024-07-04,13:15:00,15:32:00,2,15.0,3.75,
11965,5,2024-07-04,11:45:00,13:53:00,1,15.0,3.75,
11966,74,2024-07-05,12:00:00,13:53:00,4,15.0,3.75,
11967,159,2024-07-05,16:00:00,18:30:00,6,15.0,1.5,
11968,189,2024-07-05,09:30:00,10:42:00,13,15.0,3.75,
11969,219,2024-07-05,12:30:00,14:55:00,13,15.0,3.75,
11970,119,2024-07-05,15:45:00,17:06:00,7,15.0,1.5,
11971,210,2024-07-05,14:15:00,15:03:00,3,15.0,3.75,
11972,77,2024-07-05,14:00:00,15:24:00,13,15.0,1.5,
11973,237,2024-07-05,11:30:00,13:25:00,2,15.0,3.75,
11974,100,2024-07-05,10:30:00,12:40:00,7,15.0,1.5,
11975,128,2024-07-05,15:15:00,17:19:00,4,15.0,1.5,
11976,219,2024-07-05,13:45:00,15:14:00,4,15.0,3.75,
11977,23,2024-07-05,09:00:00,10:31:00,12,15.0,6.0,
11978,27,2024-07-05,09:15:00,10:12:00,1,15.0,6.0,
11979,27,2024-07-05,13:45:00,15:00:00,10,15.0,6.0,
11980,107,2024-07-05,16:45:00,18:48:00,7,15.0,3.75,
11981,165,2024-07-05,12:30:00,13:45:00,6,15.0,6.0,
11982,216,2024-07-05,10:00:00,10:47:00,3,18.0,0.0,
11983,249,2024-07-05,10:30:00,12:04:00,12,18.0,0.0,
11984,242,2024-07-05,13:15:00,15:05:00,2,15.0,3.75,
11985,179,2024-07-05,10:45:00,12:57:00,1,15.0,3.75,
11986,96,2024-07-05,10:00:00,11:25:00,6,15.0,1.5,
11987,151,2024-07-05,10:30:00,12:35:00,10,18.0,0.0,
11988,236,2024-07-05,11:45:00,13:15:00,14,15.0,1.5,
11989,103,2024-07-06,11:30:00,12:53:00,12,15.0,1.5,
11990,143,2024-07-06,14:45:00,15:41:00,1,15.0,3.75,
11991,11,2024-07-06,09:30:00,11:17:00,3,18.0,0.0,
11992,240,2024-07-06,10:45:00,12:48:00,14,15.0,6.0,
11993,215,2024-07-06,15:45:00,16:50:00,1,15.0,3.75,
11994,197,2024-07-06,15:45:00,16:42:00,13,15.0,1.5,
11995,1,2024-07-06,12:15:00,14:30:00,11,15.0,6.0,
11996,114,2024-07-06,14:15:00,15:06:00,12,15.0,1.5,
11997,215,2024-07-06,12:00:00,13:45:00,5,15.0,3.75,
11998,182,2024-07-06,10:30:00,12:26:00,4,15.0,1.5,
11999,44,2024-07-06,16:15:00,18:22:00,3,15.0,1.5,
12000,193,2024-07-06,16:45:00,18:16:00,4,15.0,1.5,
12001,166,2024-07-06,13:00:00,15:22:00,3,18.0,0.0,
12002,75,2024-07-06,14:15:00,15:06:00,10,15.0,1.5,
12003,153,2024-07-06,15:00:00,15:57:00,3,18.0,0.0,
12004,139,2024-07-06,10:00:00,11:28:00,1,18.0,0.0,
12005,114,2024-07-06,16:00:00,18:12:00,2,15.0,1.5,
12006,210,2024-07-06,16:45:00,18:28:00,13,15.0,3.75,
12007,224,2024-07-06,12:00:00,13:17:00,3,15.0,3.75,
12008,107,2024-07-06,09:00:00,10:19:00,5,15.0,3.75,
12009,186,2024-07-06,13:00:00,15:26:00,2,15.0,1.5,
12010,172,2024-07-06,09:30:00,10:35:00,11,15.0,1.5,
12011,135,2024-07-06,12:00:00,14:14:00,3,15.0,3.75,
12012,96,2024-07-07,12:00:00,13:45:00,7,15.0,1.5,
12013,110,2024-07-07,10:30:00,11:57:00,7,15.0,3.75,
12014,126,2024-07-07,15:00:00,17:17:00,4,15.0,1.5,
12015,189,2024-07-07,13:30:00,14:26:00,4,15.0,3.75,
12016,5,2024-07-07,16:15:00,17:57:00,1,15.0,3.75,
12017,61,2024-07-07,16:30:00,18:42:00,10,15.0,3.75,
12018,89,2024-07-07,14:45:00,15:40:00,10,15.0,1.5,
12019,99,2024-07-07,15:30:00,17:40:00,14,18.0,0.0,
12020,28,2024-07-07,14:00:00,15:58:00,12,15.0,1.5,
12021,57,2024-07-07,16:30:00,18:31:00,12,15.0,1.5,
12022,74,2024-07-07,14:00:00,15:54:00,1,15.0,3.75,
12023,121,2024-07-07,16:30:00,17:35:00,6,15.0,1.5,
12024,25,2024-07-07,13:00:00,13:54:00,1,15.0,1.5,
12025,140,2024-07-07,13:00:00,14:08:00,5,15.0,3.75,
12026,66,2024-07-07,14:30:00,15:33:00,3,18.0,0.0,
12027,112,2024-07-07,09:30:00,11:07:00,11,15.0,1.5,
12028,33,2024-07-07,10:15:00,12:19:00,5,15.0,3.75,
12029,48,2024-07-07,16:00:00,18:03:00,10,15.0,3.75,
12030,76,2024-07-07,11:00:00,13:29:00,1,15.0,3.75,
12031,94,2024-07-07,10:30:00,12:19:00,13,18.0,0.0,
12032,4,2024-07-07,12:45:00,13:47:00,13,15.0,3.75,
12033,22,2024-07-07,13:30:00,15:20:00,12,18.0,0.0,
12034,238,2024-07-07,12:15:00,14:18:00,5,15.0,1.5,
12035,189,2024-07-07,10:00:00,12:16:00,7,15.0,3.75,
12036,244,2024-07-07,09:45:00,10:59:00,5,18.0,0.0,
12037,180,2024-07-07,16:00:00,18:22:00,6,18.0,0.0,
12038,215,2024-07-07,12:45:00,14:47:00,2,15.0,3.75,
12039,175,2024-07-07,10:30:00,11:19:00,11,18.0,0.0,
12040,182,2024-07-07,15:00:00,17:24:00,4,15.0,1.5,
12041,180,2024-07-07,14:15:00,16:18:00,1,18.0,0.0,
12042,237,2024-07-07,11:15:00,12:18:00,3,15.0,3.75,
12043,140,2024-07-07,09:45:00,11:42:00,11,15.0,3.75,
12044,126,2024-07-08,09:45:00,10:59:00,14,15.0,1.5,
12045,228,2024-07-08,10:15:00,11:53:00,14,15.0,1.5,
12046,136,2024-07-08,12:30:00,13:36:00,3,18.0,0.0,
12047,74,2024-07-08,14:00:00,15:58:00,1,15.0,3.75,
12048,231,2024-07-08,14:45:00,15:54:00,2,15.0,1.5,
12049,103,2024-07-08,13:15:00,14:46:00,1,15.0,1.5,
12050,246,2024-07-08,15:00:00,15:47:00,12,15.0,1.5,
12051,3,2024-07-08,09:45:00,12:13:00,4,15.0,3.75,
12052,99,2024-07-08,15:15:00,17:34:00,6,18.0,0.0,
12053,207,2024-07-08,14:45:00,17:02:00,2,15.0,6.0,
12054,85,2024-07-08,15:15:00,16:58:00,10,18.0,0.0,
12055,8,2024-07-08,10:00:00,11:49:00,1,15.0,1.5,
12056,75,2024-07-08,15:00:00,16:31:00,2,15.0,1.5,
12057,123,2024-07-08,11:15:00,12:14:00,2,18.0,0.0,
12058,119,2024-07-08,14:15:00,16:30:00,6,15.0,1.5,
12059,48,2024-07-08,09:30:00,11:58:00,14,15.0,3.75,
12060,38,2024-07-08,10:15:00,12:10:00,1,15.0,1.5,
12061,91,2024-07-08,09:15:00,10:40:00,13,15.0,3.75,
12062,41,2024-07-08,09:00:00,11:17:00,12,15.0,1.5,
12063,172,2024-07-08,13:45:00,14:38:00,14,15.0,1.5,
12064,185,2024-07-08,09:45:00,11:10:00,10,18.0,0.0,
12065,120,2024-07-08,14:45:00,16:38:00,13,15.0,1.5,
12066,98,2024-07-08,16:30:00,17:19:00,5,15.0,3.75,
12067,3,2024-07-09,13:15:00,14:38:00,14,15.0,3.75,
12068,210,2024-07-09,09:30:00,11:11:00,2,15.0,3.75,
12069,228,2024-07-09,09:15:00,11:04:00,10,15.0,1.5,
12070,233,2024-07-09,14:30:00,16:25:00,7,15.0,3.75,
12071,121,2024-07-09,12:15:00,13:50:00,4,15.0,1.5,
12072,2,2024-07-09,10:15:00,11:14:00,13,15.0,6.0,
12073,2,2024-07-09,14:45:00,16:30:00,10,15.0,6.0,
12074,236,2024-07-09,13:30:00,16:00:00,3,15.0,1.5,
12075,222,2024-07-09,11:15:00,12:49:00,6,18.0,0.0,
12076,114,2024-07-09,15:45:00,17:56:00,14,15.0,1.5,
12077,69,2024-07-09,14:45:00,16:24:00,12,15.0,3.75,
12078,48,2024-07-09,16:45:00,18:53:00,7,15.0,3.75,
12079,179,2024-07-09,11:45:00,12:40:00,2,15.0,3.75,
12080,74,2024-07-09,13:30:00,14:50:00,4,15.0,3.75,
12081,77,2024-07-09,15:00:00,16:50:00,1,15.0,1.5,
12082,31,2024-07-10,12:45:00,14:46:00,5,15.0,1.5,
12083,21,2024-07-10,12:45:00,15:12:00,11,15.0,1.5,
12084,232,2024-07-10,09:45:00,12:14:00,4,15.0,3.75,
12085,246,2024-07-10,12:00:00,12:58:00,4,15.0,1.5,
12086,197,2024-07-10,13:45:00,15:03:00,12,15.0,1.5,
12087,114,2024-07-10,12:15:00,13:22:00,7,15.0,1.5,
12088,189,2024-07-10,15:00:00,17:10:00,5,15.0,3.75,
12089,189,2024-07-10,11:45:00,13:34:00,6,15.0,3.75,
12090,7,2024-07-10,09:00:00,10:24:00,7,15.0,1.5,
12091,221,2024-07-10,15:30:00,17:13:00,5,18.0,0.0,
12092,193,2024-07-10,11:00:00,13:30:00,10,15.0,1.5,
12093,72,2024-07-10,15:15:00,16:35:00,10,18.0,0.0,
12094,189,2024-07-10,16:45:00,17:33:00,12,15.0,3.75,
12095,3,2024-07-10,13:15:00,15:13:00,7,15.0,3.75,
12096,189,2024-07-11,11:15:00,12:21:00,4,15.0,3.75,
12097,8,2024-07-11,13:30:00,15:42:00,3,15.0,1.5,
12098,179,2024-07-11,13:00:00,14:57:00,13,15.0,3.75,
12099,162,2024-07-11,15:00:00,15:45:00,11,15.0,3.75,
12100,112,2024-07-11,16:45:00,18:05:00,7,15.0,1.5,
12101,118,2024-07-11,15:45:00,16:38:00,3,15.0,3.75,
12102,169,2024-07-11,09:15:00,11:19:00,2,15.0,1.5,
12103,245,2024-07-11,13:00:00,14:38:00,3,18.0,0.0,
12104,117,2024-07-11,10:45:00,11:52:00,2,18.0,0.0,
12105,155,2024-07-11,13:15:00,15:33:00,14,15.0,3.75,
12106,237,2024-07-11,11:00:00,12:15:00,1,15.0,3.75,
12107,10,2024-07-11,13:30:00,15:47:00,5,15.0,1.5,
12108,82,2024-07-11,12:00:00,13:51:00,2,15.0,1.5,
12109,213,2024-07-11,09:00:00,09:54:00,5,15.0,1.5,
12110,67,2024-07-11,12:30:00,13:50:00,7,15.0,3.75,
12111,169,2024-07-11,12:15:00,14:32:00,3,15.0,1.5,
12112,224,2024-07-11,14:45:00,15:40:00,5,15.0,3.75,
12113,92,2024-07-11,15:45:00,17:39:00,1,18.0,0.0,
12114,27,2024-07-11,13:30:00,15:39:00,14,15.0,6.0,
12115,23,2024-07-11,15:00:00,15:45:00,13,15.0,6.0,
12116,228,2024-07-11,14:30:00,15:30:00,12,15.0,1.5,
12117,56,2024-07-11,16:30:00,18:20:00,6,15.0,3.75,
12118,172,2024-07-11,15:45:00,18:10:00,2,15.0,1.5,
12119,195,2024-07-11,12:15:00,13:47:00,12,15.0,3.75,
12120,74,2024-07-11,10:15:00,12:22:00,6,15.0,3.75,
12121,150,2024-07-11,14:30:00,15:17:00,7,18.0,0.0,
12122,245,2024-07-12,12:00:00,14:15:00,6,18.0,0.0,
12123,189,2024-07-12,13:15:00,14:06:00,14,15.0,3.75,
12124,115,2024-07-12,16:45:00,18:59:00,14,18.0,0.0,
12125,56,2024-07-12,10:15:00,12:07:00,3,15.0,3.75,
12126,3,2024-07-12,12:30:00,13:57:00,2,15.0,3.75,
12127,91,2024-07-12,13:15:00,15:03:00,3,15.0,3.75,
12128,161,2024-07-12,14:15:00,15:23:00,1,18.0,0.0,
12129,210,2024-07-12,12:30:00,14:38:00,3,15.0,3.75,
12130,27,2024-07-12,16:30:00,17:32:00,1,15.0,6.0,
12131,128,2024-07-12,12:45:00,13:41:00,3,15.0,1.5,
12132,118,2024-07-12,12:00:00,13:46:00,12,15.0,3.75,
12133,107,2024-07-12,10:15:00,11:04:00,1,15.0,3.75,
12134,210,2024-07-12,15:30:00,16:26:00,13,15.0,3.75,
12135,4,2024-07-13,09:45:00,10:38:00,2,15.0,3.75,
12136,224,2024-07-13,14:30:00,15:36:00,4,15.0,3.75,
12137,240,2024-07-13,10:30:00,12:14:00,5,15.0,6.0,
12138,189,2024-07-13,13:00:00,13:50:00,6,15.0,3.75,
12139,56,2024-07-13,13:00:00,14:56:00,11,15.0,3.75,
12140,110,2024-07-13,13:30:00,15:39:00,1,15.0,3.75,
12141,1,2024-07-13,13:30:00,15:51:00,12,15.0,6.0,
12142,126,2024-07-13,10:45:00,12:48:00,11,15.0,1.5,
12143,39,2024-07-13,16:15:00,18:02:00,5,15.0,1.5,
12144,240,2024-07-13,13:15:00,14:17:00,7,15.0,6.0,
12145,179,2024-07-13,09:45:00,11:59:00,2,15.0,3.75,
12146,218,2024-07-13,16:15:00,17:11:00,4,15.0,1.5,
12147,189,2024-07-13,13:30:00,14:32:00,7,15.0,3.75,
12148,65,2024-07-13,09:45:00,11:21:00,7,18.0,0.0,
12149,224,2024-07-13,15:00:00,16:00:00,2,15.0,3.75,
12150,89,2024-07-13,12:15:00,13:45:00,6,15.0,1.5,
12151,56,2024-07-13,13:15:00,14:38:00,13,15.0,3.75,
12152,5,2024-07-13,09:45:00,11:06:00,11,15.0,3.75,
12153,223,2024-07-13,15:45:00,16:42:00,10,15.0,1.5,
12154,3,2024-07-13,12:45:00,15:11:00,13,15.0,3.75,
12155,91,2024-07-13,10:15:00,11:13:00,7,15.0,3.75,
12156,219,2024-07-13,11:45:00,12:55:00,4,15.0,3.75,
12157,213,2024-07-13,14:15:00,15:16:00,7,15.0,1.5,
12158,27,2024-07-13,11:15:00,12:53:00,10,15.0,6.0,
12159,77,2024-07-13,13:15:00,14:19:00,13,15.0,1.5,
12160,126,2024-07-13,09:45:00,10:59:00,2,15.0,1.5,
12161,91,2024-07-13,11:45:00,13:09:00,10,15.0,3.75,
12162,215,2024-07-13,12:45:00,13:40:00,13,15.0,3.75,
12163,219,2024-07-13,10:45:00,12:28:00,14,15.0,3.75,
12164,107,2024-07-13,09:00:00,10:37:00,2,15.0,3.75,
12165,202,2024-07-13,10:15:00,11:55:00,7,18.0,0.0,
12166,204,2024-07-13,11:45:00,12:51:00,6,18.0,0.0,
12167,73,2024-07-13,11:30:00,13:05:00,6,15.0,3.75,
12168,35,2024-07-13,15:45:00,17:28:00,1,18.0,0.0,
12169,143,2024-07-13,09:15:00,11:19:00,1,15.0,3.75,
12170,168,2024-07-13,16:00:00,17:30:00,12,18.0,0.0,
12171,118,2024-07-13,16:15:00,17:34:00,6,15.0,3.75,
12172,204,2024-07-13,12:15:00,14:43:00,12,18.0,0.0,
12173,8,2024-07-13,11:00:00,12:45:00,2,15.0,1.5,
12174,56,2024-07-13,11:30:00,13:44:00,2,15.0,3.75,
12175,151,2024-07-13,10:15:00,11:10:00,5,18.0,0.0,
12176,3,2024-07-13,11:00:00,12:07:00,3,15.0,3.75,
12177,114,2024-07-13,15:00:00,16:40:00,13,15.0,1.5,
12178,74,2024-07-13,10:15:00,11:32:00,2,15.0,3.75,
12179,13,2024-07-13,16:00:00,17:57:00,1,18.0,0.0,
12180,218,2024-07-13,09:45:00,10:48:00,12,15.0,1.5,
12181,141,2024-07-14,14:15:00,15:09:00,3,15.0,3.75,
12182,155,2024-07-14,13:30:00,14:23:00,4,15.0,3.75,
12183,21,2024-07-14,09:15:00,11:41:00,13,15.0,1.5,
12184,242,2024-07-14,09:00:00,10:02:00,10,15.0,3.75,
12185,140,2024-07-14,13:15:00,15:21:00,12,15.0,3.75,
12186,29,2024-07-14,16:15:00,17:28:00,12,18.0,0.0,
12187,59,2024-07-14,09:15:00,11:18:00,5,15.0,1.5,
12188,71,2024-07-14,10:30:00,12:08:00,13,15.0,1.5,
12189,194,2024-07-14,10:15:00,11:05:00,12,15.0,1.5,
12190,4,2024-07-14,14:45:00,15:44:00,6,15.0,3.75,
12191,194,2024-07-14,09:15:00,11:25:00,14,15.0,1.5,
12192,107,2024-07-14,16:15:00,17:25:00,12,15.0,3.75,
12193,33,2024-07-14,16:30:00,18:18:00,5,15.0,3.75,
12194,69,2024-07-14,11:45:00,12:49:00,4,15.0,3.75,
12195,42,2024-07-14,13:00:00,15:09:00,5,15.0,1.5,
12196,240,2024-07-14,10:30:00,11:25:00,10,15.0,6.0,
12197,160,2024-07-14,10:45:00,11:40:00,14,15.0,3.75,
12198,165,2024-07-14,14:45:00,15:59:00,12,15.0,6.0,
12199,48,2024-07-14,14:45:00,16:26:00,13,15.0,3.75,
12200,39,2024-07-14,10:15:00,11:57:00,14,15.0,1.5,
12201,179,2024-07-14,14:15:00,15:53:00,5,15.0,3.75,
12202,242,2024-07-14,15:45:00,16:48:00,14,15.0,3.75,
12203,150,2024-07-14,10:15:00,12:35:00,4,18.0,0.0,
12204,232,2024-07-14,11:00:00,13:22:00,11,15.0,3.75,
12205,155,2024-07-14,11:45:00,13:10:00,14,15.0,3.75,
12206,71,2024-07-14,15:30:00,16:50:00,7,15.0,1.5,
12207,97,2024-07-14,09:45:00,10:52:00,7,15.0,1.5,
12208,122,2024-07-14,13:00:00,15:28:00,10,15.0,1.5,
12209,38,2024-07-14,11:15:00,12:39:00,1,15.0,1.5,
12210,105,2024-07-14,11:30:00,13:23:00,7,18.0,0.0,
12211,224,2024-07-14,10:30:00,12:34:00,11,15.0,3.75,
12212,91,2024-07-14,16:00:00,17:01:00,2,15.0,3.75,
12213,138,2024-07-14,11:15:00,13:24:00,5,18.0,0.0,
12214,248,2024-07-14,09:00:00,10:41:00,4,18.0,0.0,
12215,179,2024-07-14,16:00:00,17:32:00,2,15.0,3.75,
12216,108,2024-07-14,09:45:00,11:51:00,10,15.0,1.5,
12217,28,2024-07-14,13:30:00,15:37:00,4,15.0,1.5,
12218,27,2024-07-14,11:30:00,12:27:00,13,15.0,6.0,
12219,119,2024-07-14,13:30:00,15:52:00,10,15.0,1.5,
12220,1,2024-07-14,13:00:00,14:13:00,6,15.0,6.0,
12221,23,2024-07-15,12:45:00,14:18:00,1,15.0,6.0,
12222,1,2024-07-15,13:30:00,15:56:00,3,15.0,6.0,
12223,217,2024-07-15,16:45:00,18:16:00,2,15.0,1.5,
12224,91,2024-07-15,16:45:00,19:07:00,6,15.0,3.75,
12225,196,2024-07-15,16:45:00,18:59:00,2,15.0,1.5,
12226,137,2024-07-15,14:45:00,15:33:00,4,18.0,0.0,
12227,173,2024-07-15,10:30:00,12:23:00,12,18.0,0.0,
12228,30,2024-07-15,10:00:00,11:41:00,13,18.0,0.0,
12229,172,2024-07-15,13:00:00,15:23:00,12,15.0,1.5,
12230,23,2024-07-15,14:00:00,14:57:00,5,15.0,6.0,
12231,105,2024-07-15,09:00:00,10:14:00,7,18.0,0.0,
12232,3,2024-07-15,16:00:00,16:50:00,1,15.0,3.75,
12233,96,2024-07-15,16:00:00,17:02:00,1,15.0,1.5,
12234,121,2024-07-15,09:30:00,12:00:00,7,15.0,1.5,
12235,48,2024-07-15,09:30:00,11:14:00,4,15.0,3.75,
12236,2,2024-07-15,10:45:00,12:39:00,5,15.0,6.0,
12237,44,2024-07-15,15:30:00,17:32:00,5,15.0,1.5,
12238,61,2024-07-16,10:00:00,11:47:00,2,15.0,3.75,
12239,131,2024-07-16,09:15:00,10:43:00,13,18.0,0.0,
12240,215,2024-07-16,10:15:00,11:04:00,5,15.0,3.75,
12241,160,2024-07-16,11:30:00,13:26:00,2,15.0,3.75,
12242,75,2024-07-16,15:15:00,16:07:00,10,15.0,1.5,
12243,170,2024-07-16,12:45:00,15:14:00,14,15.0,1.5,
12244,61,2024-07-16,12:45:00,15:11:00,13,15.0,3.75,
12245,53,2024-07-16,09:15:00,11:40:00,11,15.0,1.5,
12246,192,2024-07-16,09:15:00,10:11:00,3,18.0,0.0,
12247,193,2024-07-16,10:45:00,12:26:00,14,15.0,1.5,
12248,205,2024-07-16,10:45:00,12:03:00,10,15.0,3.75,
12249,186,2024-07-16,09:15:00,10:26:00,6,15.0,1.5,
12250,198,2024-07-16,15:30:00,16:35:00,4,15.0,3.75,
12251,183,2024-07-16,14:00:00,15:04:00,5,15.0,1.5,
12252,2,2024-07-16,10:15:00,11:27:00,6,15.0,6.0,
12253,134,2024-07-16,10:15:00,12:05:00,4,15.0,1.5,
12254,210,2024-07-16,09:30:00,11:32:00,6,15.0,3.75,
12255,46,2024-07-16,15:00:00,16:35:00,14,18.0,0.0,
12256,69,2024-07-16,09:30:00,11:17:00,10,15.0,3.75,
12257,151,2024-07-16,09:00:00,10:43:00,4,18.0,0.0,
12258,25,2024-07-16,15:15:00,16:53:00,13,15.0,1.5,
12259,168,2024-07-16,11:45:00,13:30:00,14,18.0,0.0,
12260,237,2024-07-17,13:15:00,14:08:00,10,15.0,3.75,
12261,96,2024-07-17,11:45:00,14:02:00,6,15.0,1.5,
12262,165,2024-07-17,16:45:00,17:35:00,10,15.0,6.0,
12263,42,2024-07-17,12:45:00,14:08:00,14,15.0,1.5,
12264,2,2024-07-17,12:15:00,13:35:00,12,15.0,6.0,
12265,20,2024-07-17,13:15:00,14:18:00,10,18.0,0.0,
12266,11,2024-07-17,11:00:00,12:51:00,14,18.0,0.0,
12267,194,2024-07-17,14:30:00,16:44:00,6,15.0,1.5,
12268,165,2024-07-17,14:45:00,15:57:00,10,15.0,6.0,
12269,155,2024-07-17,09:15:00,10:36:00,14,15.0,3.75,
12270,165,2024-07-17,10:45:00,13:12:00,3,15.0,6.0,
12271,110,2024-07-17,12:45:00,13:43:00,13,15.0,3.75,
12272,118,2024-07-17,16:45:00,18:22:00,13,15.0,3.75,
12273,135,2024-07-17,10:45:00,13:06:00,13,15.0,3.75,
12274,224,2024-07-17,12:45:00,14:39:00,2,15.0,3.75,
12275,61,2024-07-17,09:15:00,10:19:00,12,15.0,3.75,
12276,207,2024-07-17,09:00:00,11:23:00,2,15.0,6.0,
12277,228,2024-07-17,11:30:00,13:28:00,7,15.0,1.5,
12278,215,2024-07-17,15:00:00,17:22:00,5,15.0,3.75,
12279,23,2024-07-18,14:45:00,16:57:00,3,15.0,6.0,
12280,56,2024-07-18,10:00:00,10:46:00,10,15.0,3.75,
12281,98,2024-07-18,11:30:00,12:20:00,13,15.0,3.75,
12282,62,2024-07-18,11:45:00,13:34:00,3,18.0,0.0,
12283,110,2024-07-18,11:15:00,13:05:00,10,15.0,3.75,
12284,78,2024-07-18,11:15:00,13:07:00,10,18.0,0.0,
12285,215,2024-07-18,12:45:00,14:19:00,2,15.0,3.75,
12286,242,2024-07-18,10:30:00,11:32:00,13,15.0,3.75,
12287,2,2024-07-18,12:00:00,13:01:00,7,15.0,6.0,
12288,96,2024-07-18,09:15:00,10:55:00,1,15.0,1.5,
12289,192,2024-07-18,11:30:00,13:17:00,10,18.0,0.0,
12290,74,2024-07-18,09:00:00,11:06:00,6,15.0,3.75,
12291,10,2024-07-18,15:30:00,16:36:00,1,15.0,1.5,
12292,134,2024-07-18,12:15:00,13:26:00,3,15.0,1.5,
12293,231,2024-07-18,10:15:00,11:48:00,10,15.0,1.5,
12294,97,2024-07-18,13:45:00,15:55:00,3,15.0,1.5,
12295,204,2024-07-18,09:15:00,10:56:00,3,18.0,0.0,
12296,238,2024-07-18,10:45:00,13:01:00,10,15.0,1.5,
12297,170,2024-07-18,09:15:00,10:43:00,6,15.0,1.5,
12298,1,2024-07-19,13:15:00,14:39:00,7,15.0,6.0,
12299,185,2024-07-19,15:00:00,17:13:00,13,18.0,0.0,
12300,126,2024-07-19,14:00:00,15:52:00,2,15.0,1.5,
12301,5,2024-07-19,11:15:00,12:55:00,10,15.0,3.75,
12302,165,2024-07-19,16:15:00,17:13:00,10,15.0,6.0,
12303,9,2024-07-19,09:15:00,11:26:00,3,15.0,1.5,
12304,154,2024-07-19,10:30:00,12:17:00,7,18.0,0.0,
12305,41,2024-07-19,14:15:00,15:46:00,3,15.0,1.5,
12306,111,2024-07-19,13:30:00,15:41:00,6,15.0,1.5,
12307,150,2024-07-19,09:45:00,10:39:00,10,18.0,0.0,
12308,165,2024-07-19,14:45:00,16:24:00,7,15.0,6.0,
12309,126,2024-07-19,10:15:00,11:13:00,10,15.0,1.5,
12310,21,2024-07-19,09:00:00,11:07:00,7,15.0,1.5,
12311,49,2024-07-19,10:00:00,12:08:00,7,15.0,1.5,
12312,223,2024-07-20,15:00:00,16:02:00,13,15.0,1.5,
12313,114,2024-07-20,14:15:00,15:27:00,11,15.0,1.5,
12314,165,2024-07-20,16:45:00,18:17:00,13,15.0,6.0,
12315,110,2024-07-20,16:30:00,18:17:00,14,15.0,3.75,
12316,143,2024-07-20,11:15:00,12:17:00,2,15.0,3.75,
12317,135,2024-07-20,14:30:00,16:00:00,4,15.0,3.75,
12318,49,2024-07-20,15:45:00,17:49:00,5,15.0,1.5,
12319,219,2024-07-20,14:15:00,15:08:00,7,15.0,3.75,
12320,236,2024-07-20,09:00:00,09:58:00,12,15.0,1.5,
12321,195,2024-07-20,13:45:00,16:07:00,2,15.0,3.75,
12322,246,2024-07-20,10:00:00,11:00:00,14,15.0,1.5,
12323,52,2024-07-20,15:00:00,16:40:00,12,15.0,1.5,
12324,44,2024-07-20,10:45:00,12:50:00,5,15.0,1.5,
12325,228,2024-07-20,13:15:00,15:36:00,1,15.0,1.5,
12326,73,2024-07-20,16:30:00,18:49:00,12,15.0,3.75,
12327,150,2024-07-20,13:00:00,14:37:00,7,18.0,0.0,
12328,128,2024-07-20,11:30:00,13:15:00,13,15.0,1.5,
12329,165,2024-07-20,14:00:00,16:14:00,11,15.0,6.0,
12330,220,2024-07-20,15:00:00,16:07:00,12,18.0,0.0,
12331,248,2024-07-20,11:00:00,11:54:00,14,18.0,0.0,
12332,135,2024-07-20,14:45:00,15:55:00,2,15.0,3.75,
12333,136,2024-07-20,12:30:00,14:38:00,13,18.0,0.0,
12334,64,2024-07-20,11:30:00,12:53:00,11,15.0,1.5,
12335,5,2024-07-20,10:45:00,11:32:00,7,15.0,3.75,
12336,162,2024-07-21,10:15:00,12:00:00,12,15.0,3.75,
12337,215,2024-07-21,16:15:00,17:41:00,12,15.0,3.75,
12338,92,2024-07-21,14:30:00,16:58:00,7,18.0,0.0,
12339,107,2024-07-21,11:15:00,12:27:00,4,15.0,3.75,
12340,234,2024-07-21,15:00:00,16:27:00,13,18.0,0.0,
12341,121,2024-07-21,09:15:00,10:26:00,5,15.0,1.5,
12342,107,2024-07-21,11:45:00,13:48:00,6,15.0,3.75,
12343,237,2024-07-21,11:15:00,12:06:00,13,15.0,3.75,
12344,160,2024-07-21,15:15:00,16:52:00,1,15.0,3.75,
12345,36,2024-07-21,14:45:00,15:38:00,10,15.0,3.75,
12346,91,2024-07-21,10:45:00,12:52:00,13,15.0,3.75,
12347,182,2024-07-21,13:00:00,14:47:00,7,15.0,1.5,
12348,71,2024-07-21,09:00:00,11:26:00,3,15.0,1.5,
12349,236,2024-07-21,11:00:00,13:02:00,1,15.0,1.5,
12350,22,2024-07-21,11:45:00,13:48:00,13,18.0,0.0,
12351,227,2024-07-21,13:00:00,14:27:00,11,18.0,0.0,
12352,238,2024-07-21,13:15:00,15:45:00,10,15.0,1.5,
12353,155,2024-07-21,09:00:00,10:15:00,11,15.0,3.75,
12354,3,2024-07-21,13:45:00,15:34:00,6,15.0,3.75,
12355,2,2024-07-21,11:30:00,13:38:00,13,15.0,6.0,
12356,163,2024-07-21,11:30:00,12:55:00,5,18.0,0.0,
12357,159,2024-07-21,14:15:00,16:41:00,14,15.0,1.5,
12358,106,2024-07-21,15:30:00,16:29:00,3,15.0,1.5,
12359,181,2024-07-21,12:30:00,13:37:00,6,15.0,1.5,
12360,119,2024-07-21,14:30:00,15:25:00,4,15.0,1.5,
12361,47,2024-07-21,13:00:00,14:03:00,14,15.0,1.5,
12362,79,2024-07-21,12:00:00,13:15:00,7,18.0,0.0,
12363,108,2024-07-21,12:15:00,14:19:00,1,15.0,1.5,
12364,141,2024-07-21,10:45:00,11:43:00,13,15.0,3.75,
12365,1,2024-07-21,11:30:00,12:18:00,12,15.0,6.0,
12366,56,2024-07-22,11:45:00,13:19:00,10,15.0,3.75,
12367,8,2024-07-22,09:00:00,11:22:00,6,15.0,1.5,
12368,27,2024-07-22,13:15:00,15:36:00,3,15.0,6.0,
12369,8,2024-07-22,14:00:00,15:01:00,7,15.0,1.5,
12370,224,2024-07-22,09:15:00,11:17:00,1,15.0,3.75,
12371,160,2024-07-22,14:45:00,15:53:00,10,15.0,3.75,
12372,135,2024-07-22,12:30:00,14:45:00,7,15.0,3.75,
12373,77,2024-07-22,16:15:00,18:45:00,7,15.0,1.5,
12374,21,2024-07-22,13:30:00,15:54:00,5,15.0,1.5,
12375,8,2024-07-22,11:30:00,13:26:00,4,15.0,1.5,
12376,66,2024-07-22,11:30:00,13:34:00,10,18.0,0.0,
12377,236,2024-07-22,15:00:00,17:25:00,5,15.0,1.5,
12378,77,2024-07-22,15:00:00,16:57:00,2,15.0,1.5,
12379,44,2024-07-22,09:00:00,10:32:00,2,15.0,1.5,
12380,110,2024-07-22,15:00:00,16:02:00,14,15.0,3.75,
12381,145,2024-07-22,15:00:00,16:37:00,12,18.0,0.0,
12382,143,2024-07-22,12:00:00,12:56:00,3,15.0,3.75,
12383,207,2024-07-22,10:15:00,12:26:00,12,15.0,6.0,
12384,162,2024-07-22,12:30:00,14:17:00,14,15.0,3.75,
12385,2,2024-07-22,14:30:00,15:40:00,6,15.0,6.0,
12386,131,2024-07-22,14:30:00,15:36:00,5,18.0,0.0,
12387,4,2024-07-22,12:45:00,13:37:00,3,15.0,3.75,
12388,169,2024-07-23,15:15:00,17:32:00,11,15.0,1.5,
12389,130,2024-07-23,09:45:00,11:10:00,2,15.0,1.5,
12390,215,2024-07-23,13:45:00,15:56:00,7,15.0,3.75,
12391,34,2024-07-23,12:30:00,14:15:00,7,18.0,0.0,
12392,210,2024-07-23,11:15:00,12:09:00,12,15.0,3.75,
12393,178,2024-07-23,15:00:00,16:31:00,11,18.0,0.0,
12394,98,2024-07-23,12:15:00,14:16:00,3,15.0,3.75,
12395,53,2024-07-23,12:15:00,14:43:00,11,15.0,1.5,
12396,25,2024-07-23,14:30:00,15:55:00,4,15.0,1.5,
12397,108,2024-07-23,15:00:00,17:28:00,13,15.0,1.5,
12398,119,2024-07-23,09:30:00,10:32:00,1,15.0,1.5,
12399,218,2024-07-23,09:45:00,11:39:00,13,15.0,1.5,
12400,1,2024-07-23,15:15:00,16:22:00,14,15.0,6.0,
12401,215,2024-07-23,10:30:00,12:40:00,5,15.0,3.75,
12402,1,2024-07-23,14:45:00,16:10:00,6,15.0,6.0,
12403,92,2024-07-23,14:30:00,15:59:00,11,18.0,0.0,
12404,44,2024-07-23,10:45:00,12:46:00,2,15.0,1.5,
12405,71,2024-07-23,09:00:00,09:54:00,13,15.0,1.5,
12406,143,2024-07-23,16:00:00,18:00:00,10,15.0,3.75,
12407,3,2024-07-24,16:15:00,18:18:00,7,15.0,3.75,
12408,189,2024-07-24,10:30:00,11:45:00,11,15.0,3.75,
12409,238,2024-07-24,14:15:00,16:00:00,13,15.0,1.5,
12410,5,2024-07-24,13:30:00,14:25:00,14,15.0,3.75,
12411,51,2024-07-24,13:30:00,15:46:00,10,15.0,1.5,
12412,112,2024-07-24,13:45:00,14:52:00,7,15.0,1.5,
12413,56,2024-07-24,10:30:00,12:33:00,4,15.0,3.75,
12414,3,2024-07-24,09:15:00,10:05:00,4,15.0,3.75,
12415,144,2024-07-24,16:45:00,18:58:00,14,18.0,0.0,
12416,43,2024-07-24,15:45:00,16:49:00,10,15.0,3.75,
12417,5,2024-07-24,16:00:00,18:01:00,1,15.0,3.75,
12418,29,2024-07-24,09:45:00,10:37:00,5,18.0,0.0,
12419,149,2024-07-24,12:45:00,14:02:00,5,15.0,1.5,
12420,37,2024-07-24,16:30:00,17:44:00,10,18.0,0.0,
12421,73,2024-07-24,15:30:00,17:51:00,14,15.0,3.75,
12422,64,2024-07-25,14:00:00,16:28:00,13,15.0,1.5,
12423,26,2024-07-25,16:00:00,17:32:00,2,18.0,0.0,
12424,73,2024-07-25,15:30:00,17:38:00,6,15.0,3.75,
12425,21,2024-07-25,16:30:00,17:50:00,6,15.0,1.5,
12426,196,2024-07-25,15:45:00,18:11:00,14,15.0,1.5,
12427,47,2024-07-25,09:45:00,10:37:00,12,15.0,1.5,
12428,83,2024-07-25,10:00:00,11:21:00,12,15.0,1.5,
12429,223,2024-07-25,15:45:00,16:35:00,7,15.0,1.5,
12430,155,2024-07-25,10:15:00,12:42:00,1,15.0,3.75,
12431,2,2024-07-25,16:00:00,18:07:00,1,15.0,6.0,
12432,201,2024-07-25,14:00:00,16:24:00,7,15.0,1.5,
12433,69,2024-07-25,09:45:00,10:39:00,2,15.0,3.75,
12434,3,2024-07-25,12:30:00,14:57:00,14,15.0,3.75,
12435,55,2024-07-25,11:30:00,13:52:00,10,18.0,0.0,
12436,202,2024-07-25,15:45:00,16:40:00,4,18.0,0.0,
12437,143,2024-07-25,12:00:00,13:13:00,3,15.0,3.75,
12438,25,2024-07-25,11:00:00,12:29:00,11,15.0,1.5,
12439,219,2024-07-25,09:15:00,10:02:00,7,15.0,3.75,
12440,186,2024-07-26,13:30:00,15:47:00,10,15.0,1.5,
12441,122,2024-07-26,15:15:00,17:35:00,3,15.0,1.5,
12442,105,2024-07-26,15:30:00,17:58:00,14,18.0,0.0,
12443,61,2024-07-26,11:00:00,12:33:00,1,15.0,3.75,
12444,55,2024-07-26,15:30:00,16:26:00,2,18.0,0.0,
12445,233,2024-07-26,14:00:00,16:27:00,4,15.0,3.75,
12446,144,2024-07-26,15:45:00,16:40:00,2,18.0,0.0,
12447,174,2024-07-26,15:00:00,16:22:00,10,15.0,1.5,
12448,130,2024-07-26,10:15:00,12:16:00,11,15.0,1.5,
12449,22,2024-07-26,12:15:00,14:30:00,4,18.0,0.0,
12450,1,2024-07-26,16:00:00,18:13:00,11,15.0,6.0,
12451,165,2024-07-27,14:45:00,16:24:00,1,15.0,6.0,
12452,71,2024-07-27,10:45:00,13:07:00,12,15.0,1.5,
12453,158,2024-07-27,14:00:00,16:03:00,5,15.0,3.75,
12454,226,2024-07-27,10:45:00,12:23:00,14,18.0,0.0,
12455,205,2024-07-27,14:45:00,17:06:00,3,15.0,3.75,
12456,242,2024-07-27,15:15:00,17:38:00,6,15.0,3.75,
12457,95,2024-07-27,11:00:00,13:12:00,1,15.0,1.5,
12458,172,2024-07-27,14:00:00,15:18:00,4,15.0,1.5,
12459,235,2024-07-27,11:00:00,13:01:00,1,18.0,0.0,
12460,231,2024-07-27,14:45:00,16:30:00,14,15.0,1.5,
12461,92,2024-07-27,11:15:00,13:13:00,4,18.0,0.0,
12462,38,2024-07-27,14:30:00,16:34:00,3,15.0,1.5,
12463,51,2024-07-27,13:15:00,15:17:00,14,15.0,1.5,
12464,161,2024-07-27,10:45:00,13:05:00,2,18.0,0.0,
12465,224,2024-07-27,11:45:00,13:25:00,5,15.0,3.75,
12466,164,2024-07-27,12:30:00,14:45:00,10,15.0,1.5,
12467,27,2024-07-27,10:15:00,11:33:00,2,15.0,6.0,
12468,240,2024-07-27,13:00:00,14:45:00,7,15.0,6.0,
12469,203,2024-07-27,15:45:00,16:50:00,5,15.0,3.75,
12470,242,2024-07-27,15:30:00,16:39:00,10,15.0,3.75,
12471,95,2024-07-27,16:45:00,19:05:00,14,15.0,1.5,
12472,246,2024-07-27,10:00:00,12:11:00,6,15.0,1.5,
12473,1,2024-07-27,10:45:00,13:11:00,2,15.0,6.0,
12474,117,2024-07-27,11:00:00,12:05:00,5,18.0,0.0,
12475,2,2024-07-27,11:30:00,13:45:00,12,15.0,6.0,
12476,55,2024-07-27,09:15:00,11:27:00,7,18.0,0.0,
12477,174,2024-07-27,16:00:00,18:22:00,14,15.0,1.5,
12478,69,2024-07-27,11:45:00,13:30:00,14,15.0,3.75,
12479,103,2024-07-27,10:30:00,11:16:00,13,15.0,1.5,
12480,73,2024-07-27,16:00:00,17:52:00,13,15.0,3.75,
12481,172,2024-07-27,09:00:00,10:23:00,4,15.0,1.5,
12482,240,2024-07-27,14:30:00,16:51:00,10,15.0,6.0,
12483,69,2024-07-27,13:15:00,14:58:00,11,15.0,3.75,
12484,185,2024-07-27,16:45:00,19:13:00,3,18.0,0.0,
12485,65,2024-07-28,10:00:00,11:53:00,14,18.0,0.0,
12486,223,2024-07-28,10:30:00,12:34:00,7,15.0,1.5,
12487,196,2024-07-28,12:00:00,14:08:00,12,15.0,1.5,
12488,227,2024-07-28,09:45:00,10:36:00,13,18.0,0.0,
12489,172,2024-07-28,09:00:00,10:59:00,12,15.0,1.5,
12490,182,2024-07-28,09:45:00,10:46:00,5,15.0,1.5,
12491,117,2024-07-28,10:00:00,11:30:00,1,18.0,0.0,
12492,91,2024-07-28,16:00:00,18:08:00,11,15.0,3.75,
12493,91,2024-07-28,12:30:00,14:19:00,2,15.0,3.75,
12494,44,2024-07-28,09:00:00,10:27:00,1,15.0,1.5,
12495,237,2024-07-28,09:30:00,10:43:00,13,15.0,3.75,
12496,2,2024-07-28,11:45:00,13:43:00,5,15.0,6.0,
12497,23,2024-07-28,16:45:00,18:20:00,3,15.0,6.0,
12498,64,2024-07-28,09:45:00,12:07:00,13,15.0,1.5,
12499,113,2024-07-28,10:15:00,12:19:00,13,18.0,0.0,
12500,207,2024-07-28,09:15:00,11:24:00,14,15.0,6.0,
12501,126,2024-07-28,09:15:00,10:20:00,13,15.0,1.5,
12502,59,2024-07-28,09:30:00,10:29:00,1,15.0,1.5,
12503,3,2024-07-28,13:15:00,14:24:00,1,15.0,3.75,
12504,194,2024-07-28,14:00:00,15:57:00,13,15.0,1.5,
12505,162,2024-07-28,13:30:00,15:42:00,1,15.0,3.75,
12506,217,2024-07-28,12:45:00,13:31:00,6,15.0,1.5,
12507,27,2024-07-28,14:00:00,15:33:00,13,15.0,6.0,
12508,194,2024-07-28,16:45:00,19:09:00,4,15.0,1.5,
12509,52,2024-07-28,09:00:00,10:09:00,5,15.0,1.5,
12510,27,2024-07-28,16:00:00,18:25:00,14,15.0,6.0,
12511,160,2024-07-29,11:45:00,13:02:00,3,15.0,3.75,
12512,232,2024-07-29,09:15:00,11:36:00,5,15.0,3.75,
12513,89,2024-07-29,11:15:00,13:18:00,4,15.0,1.5,
12514,47,2024-07-29,11:45:00,13:14:00,5,15.0,1.5,
12515,181,2024-07-29,14:45:00,17:11:00,11,15.0,1.5,
12516,174,2024-07-29,14:15:00,16:01:00,10,15.0,1.5,
12517,240,2024-07-29,16:00:00,18:26:00,4,15.0,6.0,
12518,159,2024-07-29,09:15:00,10:07:00,5,15.0,1.5,
12519,48,2024-07-29,13:45:00,15:25:00,13,15.0,3.75,
12520,48,2024-07-29,12:45:00,13:55:00,11,15.0,3.75,
12521,69,2024-07-29,10:45:00,12:02:00,6,15.0,3.75,
12522,222,2024-07-29,16:15:00,17:56:00,3,18.0,0.0,
12523,215,2024-07-29,12:30:00,14:16:00,3,15.0,3.75,
12524,89,2024-07-29,13:00:00,15:06:00,10,15.0,1.5,
12525,1,2024-07-29,10:15:00,11:36:00,12,15.0,6.0,
12526,73,2024-07-29,10:00:00,11:38:00,11,15.0,3.75,
12527,94,2024-07-29,11:00:00,13:00:00,5,18.0,0.0,
12528,100,2024-07-29,14:45:00,15:41:00,13,15.0,1.5,
12529,143,2024-07-29,15:30:00,17:38:00,7,15.0,3.75,
12530,48,2024-07-29,16:30:00,18:01:00,7,15.0,3.75,
12531,2,2024-07-29,12:15:00,14:04:00,5,15.0,6.0,
12532,189,2024-07-29,13:15:00,14:06:00,4,15.0,3.75,
12533,47,2024-07-29,15:00:00,16:40:00,5,15.0,1.5,
12534,75,2024-07-29,13:00:00,15:05:00,10,15.0,1.5,
12535,224,2024-07-29,10:15:00,12:05:00,14,15.0,3.75,
12536,198,2024-07-29,12:45:00,15:05:00,14,15.0,3.75,
12537,142,2024-07-30,11:00:00,13:06:00,11,15.0,1.5,
12538,179,2024-07-30,10:15:00,11:53:00,2,15.0,3.75,
12539,190,2024-07-30,13:30:00,15:20:00,4,18.0,0.0,
12540,1,2024-07-30,10:30:00,12:19:00,11,15.0,6.0,
12541,86,2024-07-30,15:00:00,16:01:00,2,18.0,0.0,
12542,244,2024-07-30,11:15:00,12:32:00,3,18.0,0.0,
12543,1,2024-07-30,16:30:00,18:35:00,4,15.0,6.0,
12544,33,2024-07-30,12:45:00,13:38:00,7,15.0,3.75,
12545,240,2024-07-30,11:15:00,12:41:00,4,15.0,6.0,
12546,91,2024-07-30,14:15:00,16:04:00,14,15.0,3.75,
12547,10,2024-07-30,13:00:00,14:16:00,12,15.0,1.5,
12548,74,2024-07-30,15:45:00,17:06:00,10,15.0,3.75,
12549,71,2024-07-30,15:00:00,16:28:00,11,15.0,1.5,
12550,125,2024-07-30,09:00:00,09:55:00,2,18.0,0.0,
12551,205,2024-07-30,14:45:00,15:47:00,2,15.0,3.75,
12552,2,2024-07-30,09:00:00,10:05:00,14,15.0,6.0,
12553,74,2024-07-30,09:45:00,12:06:00,6,15.0,3.75,
12554,200,2024-07-30,15:00:00,17:00:00,12,18.0,0.0,
12555,141,2024-07-30,12:00:00,13:06:00,5,15.0,3.75,
12556,242,2024-07-30,14:00:00,16:12:00,12,15.0,3.75,
12557,165,2024-07-30,12:00:00,12:51:00,5,15.0,6.0,
12558,83,2024-07-30,15:00:00,15:46:00,12,15.0,1.5,
12559,2,2024-07-30,14:00:00,15:02:00,12,15.0,6.0,
12560,4,2024-07-30,10:30:00,12:18:00,3,15.0,3.75,
12561,73,2024-07-30,12:45:00,14:06:00,5,15.0,3.75,
12562,25,2024-07-30,13:15:00,14:27:00,4,15.0,1.5,
12563,66,2024-07-31,11:30:00,13:47:00,12,18.0,0.0,
12564,165,2024-07-31,11:45:00,13:46:00,2,15.0,6.0,
12565,172,2024-07-31,09:45:00,10:51:00,7,15.0,1.5,
12566,237,2024-07-31,12:30:00,13:51:00,2,15.0,3.75,
12567,41,2024-07-31,14:45:00,16:15:00,4,15.0,1.5,
12568,160,2024-07-31,09:00:00,11:22:00,2,15.0,3.75,
12569,2,2024-07-31,11:30:00,13:19:00,10,15.0,6.0,
12570,100,2024-07-31,10:00:00,11:05:00,13,15.0,1.5,
12571,95,2024-07-31,13:15:00,14:18:00,11,15.0,1.5,
12572,126,2024-07-31,09:00:00,11:12:00,14,15.0,1.5,
12573,224,2024-07-31,15:00:00,16:20:00,1,15.0,3.75,
12574,162,2024-07-31,09:45:00,11:32:00,3,15.0,3.75,
12575,98,2024-07-31,09:15:00,11:35:00,2,15.0,3.75,
12576,233,2024-07-31,10:45:00,11:50:00,12,15.0,3.75,
12577,43,2024-07-31,11:30:00,12:47:00,6,15.0,3.75,
12578,2,2024-07-31,13:45:00,15:21:00,13,15.0,6.0,
12579,170,2024-08-01,11:00:00,12:44:00,12,15.0,1.5,
12580,49,2024-08-01,11:15:00,12:01:00,3,15.0,1.5,
12581,143,2024-08-01,15:15:00,17:26:00,1,15.0,3.75,
12582,25,2024-08-01,12:45:00,13:49:00,3,15.0,1.5,
12583,114,2024-08-01,10:00:00,11:40:00,3,15.0,1.5,
12584,217,2024-08-01,11:15:00,12:50:00,7,15.0,1.5,
12585,1,2024-08-01,09:45:00,11:41:00,2,15.0,6.0,
12586,112,2024-08-01,10:30:00,12:04:00,10,15.0,1.5,
12587,62,2024-08-01,12:45:00,13:58:00,12,18.0,0.0,
12588,106,2024-08-01,10:00:00,11:44:00,13,15.0,1.5,
12589,196,2024-08-01,12:15:00,13:13:00,14,15.0,1.5,
12590,10,2024-08-01,13:00:00,14:18:00,4,15.0,1.5,
12591,224,2024-08-01,13:45:00,15:28:00,6,15.0,3.75,
12592,165,2024-08-01,09:45:00,11:59:00,1,15.0,6.0,
12593,224,2024-08-01,16:15:00,17:12:00,11,15.0,3.75,
12594,113,2024-08-01,09:45:00,10:40:00,4,18.0,0.0,
12595,238,2024-08-01,15:30:00,17:49:00,11,15.0,1.5,
12596,140,2024-08-01,10:00:00,12:21:00,5,15.0,3.75,
12597,197,2024-08-01,16:30:00,18:02:00,11,15.0,1.5,
12598,7,2024-08-01,14:15:00,15:38:00,11,15.0,1.5,
12599,83,2024-08-02,11:15:00,12:02:00,6,15.0,1.5,
12600,4,2024-08-02,15:45:00,17:01:00,5,15.0,3.75,
12601,2,2024-08-02,14:15:00,15:28:00,7,15.0,6.0,
12602,190,2024-08-02,09:00:00,10:32:00,3,18.0,0.0,
12603,172,2024-08-02,10:00:00,12:05:00,14,15.0,1.5,
12604,24,2024-08-02,15:15:00,17:02:00,3,15.0,3.75,
12605,52,2024-08-02,10:30:00,11:17:00,6,15.0,1.5,
12606,67,2024-08-02,11:30:00,13:54:00,1,15.0,3.75,
12607,217,2024-08-02,10:30:00,13:00:00,7,15.0,1.5,
12608,215,2024-08-02,10:30:00,11:56:00,10,15.0,3.75,
12609,219,2024-08-02,13:45:00,15:34:00,12,15.0,3.75,
12610,96,2024-08-02,14:45:00,17:04:00,1,15.0,1.5,
12611,189,2024-08-02,14:30:00,15:19:00,1,15.0,3.75,
12612,22,2024-08-02,15:15:00,17:07:00,5,18.0,0.0,
12613,205,2024-08-02,15:30:00,17:15:00,7,15.0,3.75,
12614,8,2024-08-02,13:30:00,14:38:00,12,15.0,1.5,
12615,77,2024-08-02,09:15:00,11:39:00,6,15.0,1.5,
12616,138,2024-08-03,10:30:00,11:42:00,13,18.0,0.0,
12617,236,2024-08-03,13:30:00,15:57:00,1,15.0,1.5,
12618,7,2024-08-03,12:30:00,13:22:00,1,15.0,1.5,
12619,219,2024-08-03,15:45:00,17:55:00,13,15.0,3.75,
12620,119,2024-08-03,09:30:00,10:31:00,7,15.0,1.5,
12621,25,2024-08-03,16:00:00,16:53:00,11,15.0,1.5,
12622,197,2024-08-03,11:15:00,12:41:00,7,15.0,1.5,
12623,197,2024-08-03,10:15:00,12:22:00,5,15.0,1.5,
12624,103,2024-08-03,09:30:00,10:50:00,12,15.0,1.5,
12625,40,2024-08-03,14:15:00,15:43:00,5,18.0,0.0,
12626,165,2024-08-03,09:00:00,11:12:00,4,15.0,6.0,
12627,216,2024-08-03,15:00:00,16:59:00,6,18.0,0.0,
12628,233,2024-08-03,09:15:00,10:04:00,4,15.0,3.75,
12629,200,2024-08-03,12:45:00,14:28:00,14,18.0,0.0,
12630,185,2024-08-03,15:30:00,17:58:00,1,18.0,0.0,
12631,55,2024-08-03,11:15:00,13:04:00,13,18.0,0.0,
12632,13,2024-08-03,14:45:00,15:58:00,7,18.0,0.0,
12633,138,2024-08-03,12:45:00,14:58:00,5,18.0,0.0,
12634,235,2024-08-03,09:15:00,10:24:00,5,18.0,0.0,
12635,48,2024-08-03,13:15:00,14:22:00,1,15.0,3.75,
12636,35,2024-08-03,15:45:00,17:44:00,14,18.0,0.0,
12637,48,2024-08-03,12:30:00,14:46:00,13,15.0,3.75,
12638,69,2024-08-03,15:45:00,17:34:00,13,15.0,3.75,
12639,110,2024-08-03,15:15:00,16:05:00,13,15.0,3.75,
12640,158,2024-08-03,11:00:00,13:00:00,10,15.0,3.75,
12641,61,2024-08-03,11:45:00,13:08:00,1,15.0,3.75,
12642,155,2024-08-03,14:15:00,15:44:00,11,15.0,3.75,
12643,3,2024-08-03,15:30:00,18:00:00,7,15.0,3.75,
12644,221,2024-08-04,14:00:00,16:03:00,3,18.0,0.0,
12645,3,2024-08-04,09:00:00,10:17:00,13,15.0,3.75,
12646,26,2024-08-04,15:00:00,17:30:00,5,18.0,0.0,
12647,105,2024-08-04,14:00:00,16:17:00,12,18.0,0.0,
12648,25,2024-08-04,09:00:00,10:17:00,2,15.0,1.5,
12649,2,2024-08-04,15:45:00,17:19:00,5,15.0,6.0,
12650,144,2024-08-04,09:30:00,11:44:00,3,18.0,0.0,
12651,88,2024-08-04,09:45:00,11:48:00,2,18.0,0.0,
12652,46,2024-08-04,10:30:00,11:27:00,14,18.0,0.0,
12653,207,2024-08-04,12:30:00,13:34:00,2,15.0,6.0,
12654,143,2024-08-04,10:15:00,11:10:00,1,15.0,3.75,
12655,95,2024-08-04,14:30:00,15:28:00,10,15.0,1.5,
12656,169,2024-08-04,16:15:00,18:42:00,11,15.0,1.5,
12657,137,2024-08-04,10:30:00,11:25:00,6,18.0,0.0,
12658,11,2024-08-04,14:45:00,16:49:00,7,18.0,0.0,
12659,135,2024-08-04,12:45:00,14:11:00,7,15.0,3.75,
12660,122,2024-08-04,09:30:00,10:42:00,10,15.0,1.5,
12661,164,2024-08-04,12:15:00,13:03:00,12,15.0,1.5,
12662,218,2024-08-04,14:15:00,15:47:00,1,15.0,1.5,
12663,176,2024-08-05,14:30:00,16:09:00,6,18.0,0.0,
12664,101,2024-08-05,10:00:00,12:19:00,12,18.0,0.0,
12665,39,2024-08-05,14:00:00,15:53:00,3,15.0,1.5,
12666,114,2024-08-05,14:30:00,15:15:00,12,15.0,1.5,
12667,228,2024-08-05,15:00:00,17:02:00,11,15.0,1.5,
12668,73,2024-08-05,11:45:00,12:45:00,7,15.0,3.75,
12669,35,2024-08-05,14:30:00,15:17:00,2,18.0,0.0,
12670,114,2024-08-05,12:30:00,13:48:00,6,15.0,1.5,
12671,57,2024-08-05,10:00:00,12:06:00,13,15.0,1.5,
12672,10,2024-08-05,09:15:00,10:49:00,12,15.0,1.5,
12673,143,2024-08-05,11:15:00,13:11:00,5,15.0,3.75,
12674,211,2024-08-05,14:30:00,15:22:00,7,18.0,0.0,
12675,52,2024-08-05,15:30:00,16:31:00,10,15.0,1.5,
12676,96,2024-08-05,11:15:00,13:14:00,5,15.0,1.5,
12677,205,2024-08-05,14:15:00,15:51:00,12,15.0,3.75,
12678,17,2024-08-06,15:30:00,16:57:00,3,18.0,0.0,
12679,215,2024-08-06,10:00:00,10:59:00,7,15.0,3.75,
12680,143,2024-08-06,10:00:00,10:52:00,11,15.0,3.75,
12681,165,2024-08-06,12:30:00,14:18:00,5,15.0,6.0,
12682,55,2024-08-06,13:45:00,15:21:00,13,18.0,0.0,
12683,165,2024-08-06,11:15:00,12:49:00,3,15.0,6.0,
12684,223,2024-08-06,13:00:00,14:36:00,3,15.0,1.5,
12685,144,2024-08-06,13:00:00,14:20:00,10,18.0,0.0,
12686,106,2024-08-06,13:30:00,14:37:00,11,15.0,1.5,
12687,201,2024-08-06,14:30:00,16:57:00,2,15.0,1.5,
12688,95,2024-08-06,15:00:00,16:07:00,13,15.0,1.5,
12689,25,2024-08-06,09:00:00,11:01:00,11,15.0,1.5,
12690,149,2024-08-06,10:15:00,11:34:00,10,15.0,1.5,
12691,28,2024-08-06,16:00:00,16:53:00,5,15.0,1.5,
12692,84,2024-08-06,13:30:00,14:54:00,5,18.0,0.0,
12693,8,2024-08-06,10:15:00,11:08:00,4,15.0,1.5,
12694,185,2024-08-06,15:15:00,17:33:00,14,18.0,0.0,
12695,93,2024-08-06,11:15:00,12:31:00,2,15.0,1.5,
12696,74,2024-08-06,12:15:00,14:39:00,1,15.0,3.75,
12697,88,2024-08-06,12:30:00,14:54:00,14,18.0,0.0,
12698,139,2024-08-06,15:30:00,16:33:00,13,18.0,0.0,
12699,58,2024-08-06,16:30:00,18:52:00,12,18.0,0.0,
12700,219,2024-08-06,15:45:00,16:42:00,13,15.0,3.75,
12701,207,2024-08-06,12:15:00,13:52:00,11,15.0,6.0,
12702,100,2024-08-07,11:00:00,12:49:00,6,15.0,1.5,
12703,232,2024-08-07,16:15:00,17:55:00,10,15.0,3.75,
12704,5,2024-08-07,09:45:00,11:15:00,6,15.0,3.75,
12705,196,2024-08-07,12:30:00,14:40:00,5,15.0,1.5,
12706,1,2024-08-07,13:45:00,15:33:00,14,15.0,6.0,
12707,23,2024-08-07,13:45:00,15:47:00,13,15.0,6.0,
12708,243,2024-08-07,15:45:00,17:33:00,14,18.0,0.0,
12709,219,2024-08-07,14:45:00,16:40:00,1,15.0,3.75,
12710,24,2024-08-07,10:30:00,12:17:00,12,15.0,3.75,
12711,119,2024-08-07,13:15:00,15:28:00,13,15.0,1.5,
12712,215,2024-08-07,12:00:00,13:55:00,6,15.0,3.75,
12713,56,2024-08-07,10:00:00,11:58:00,7,15.0,3.75,
12714,126,2024-08-07,09:00:00,11:27:00,7,15.0,1.5,
12715,121,2024-08-07,16:15:00,18:37:00,4,15.0,1.5,
12716,161,2024-08-07,10:00:00,10:50:00,1,18.0,0.0,
12717,67,2024-08-08,16:00:00,17:56:00,13,15.0,3.75,
12718,141,2024-08-08,14:30:00,15:42:00,1,15.0,3.75,
12719,143,2024-08-08,09:15:00,10:35:00,6,15.0,3.75,
12720,8,2024-08-08,11:15:00,13:21:00,10,15.0,1.5,
12721,119,2024-08-08,11:45:00,13:46:00,4,15.0,1.5,
12722,39,2024-08-08,12:45:00,13:48:00,3,15.0,1.5,
12723,233,2024-08-08,16:30:00,17:54:00,5,15.0,3.75,
12724,103,2024-08-08,16:00:00,16:52:00,12,15.0,1.5,
12725,108,2024-08-08,12:30:00,13:40:00,6,15.0,1.5,
12726,7,2024-08-08,14:15:00,16:36:00,12,15.0,1.5,
12727,75,2024-08-08,11:30:00,12:38:00,14,15.0,1.5,
12728,218,2024-08-08,15:00:00,16:29:00,4,15.0,1.5,
12729,160,2024-08-08,16:45:00,18:16:00,14,15.0,3.75,
12730,191,2024-08-08,10:15:00,11:46:00,10,18.0,0.0,
12731,238,2024-08-08,10:15:00,11:23:00,11,15.0,1.5,
12732,149,2024-08-08,15:30:00,16:42:00,6,15.0,1.5,
12733,237,2024-08-08,09:00:00,10:44:00,4,15.0,3.75,
12734,184,2024-08-08,15:30:00,16:53:00,6,18.0,0.0,
12735,56,2024-08-09,14:00:00,16:20:00,6,15.0,3.75,
12736,60,2024-08-09,11:15:00,13:17:00,4,18.0,0.0,
12737,173,2024-08-09,09:15:00,10:27:00,14,18.0,0.0,
12738,110,2024-08-09,12:15:00,13:11:00,12,15.0,3.75,
12739,75,2024-08-09,13:15:00,14:27:00,11,15.0,1.5,
12740,217,2024-08-09,15:30:00,16:41:00,2,15.0,1.5,
12741,95,2024-08-09,11:15:00,13:41:00,14,15.0,1.5,
12742,179,2024-08-09,12:15:00,13:36:00,13,15.0,3.75,
12743,240,2024-08-09,13:45:00,14:40:00,6,15.0,6.0,
12744,198,2024-08-09,11:45:00,12:47:00,7,15.0,3.75,
12745,121,2024-08-09,11:00:00,12:24:00,1,15.0,1.5,
12746,107,2024-08-09,13:00:00,14:13:00,4,15.0,3.75,
12747,194,2024-08-09,13:00:00,13:49:00,10,15.0,1.5,
12748,73,2024-08-09,10:15:00,11:04:00,14,15.0,3.75,
12749,92,2024-08-09,15:45:00,16:56:00,1,18.0,0.0,
12750,237,2024-08-09,13:00:00,14:20:00,7,15.0,3.75,
12751,53,2024-08-09,10:00:00,10:46:00,13,15.0,1.5,
12752,61,2024-08-09,10:30:00,12:47:00,12,15.0,3.75,
12753,103,2024-08-09,10:30:00,11:47:00,2,15.0,1.5,
12754,215,2024-08-10,10:15:00,12:04:00,7,15.0,3.75,
12755,162,2024-08-10,09:30:00,11:13:00,7,15.0,3.75,
12756,207,2024-08-10,11:00:00,12:51:00,1,15.0,6.0,
12757,154,2024-08-10,12:45:00,14:13:00,1,18.0,0.0,
12758,2,2024-08-10,12:45:00,14:30:00,5,15.0,6.0,
12759,137,2024-08-10,10:30:00,12:15:00,12,18.0,0.0,
12760,74,2024-08-10,12:45:00,13:37:00,13,15.0,3.75,
12761,43,2024-08-10,11:00:00,12:36:00,6,15.0,3.75,
12762,97,2024-08-10,14:30:00,16:36:00,5,15.0,1.5,
12763,91,2024-08-10,15:00:00,17:22:00,12,15.0,3.75,
12764,119,2024-08-10,11:00:00,12:01:00,1,15.0,1.5,
12765,36,2024-08-10,15:30:00,17:28:00,13,15.0,3.75,
12766,237,2024-08-10,12:00:00,13:41:00,3,15.0,3.75,
12767,86,2024-08-10,16:15:00,17:40:00,7,18.0,0.0,
12768,126,2024-08-10,09:45:00,11:59:00,10,15.0,1.5,
12769,122,2024-08-10,10:45:00,11:57:00,3,15.0,1.5,
12770,1,2024-08-10,10:00:00,10:48:00,7,15.0,6.0,
12771,228,2024-08-10,14:45:00,17:05:00,12,15.0,1.5,
12772,135,2024-08-10,13:45:00,16:09:00,4,15.0,3.75,
12773,215,2024-08-10,16:30:00,18:34:00,5,15.0,3.75,
12774,160,2024-08-10,09:45:00,11:07:00,7,15.0,3.75,
12775,126,2024-08-10,15:30:00,17:27:00,10,15.0,1.5,
12776,108,2024-08-10,12:15:00,13:42:00,6,15.0,1.5,
12777,237,2024-08-10,13:15:00,15:45:00,7,15.0,3.75,
12778,177,2024-08-10,13:45:00,15:26:00,5,18.0,0.0,
12779,108,2024-08-10,10:30:00,11:39:00,1,15.0,1.5,
12780,82,2024-08-10,13:00:00,15:18:00,3,15.0,1.5,
12781,120,2024-08-10,10:30:00,11:55:00,1,15.0,1.5,
12782,51,2024-08-10,11:30:00,12:36:00,12,15.0,1.5,
12783,160,2024-08-10,14:15:00,15:24:00,5,15.0,3.75,
12784,181,2024-08-10,13:15:00,14:04:00,6,15.0,1.5,
12785,154,2024-08-10,14:00:00,16:17:00,3,18.0,0.0,
12786,60,2024-08-10,12:00:00,14:18:00,10,18.0,0.0,
12787,119,2024-08-10,10:30:00,12:05:00,13,15.0,1.5,
12788,9,2024-08-10,09:30:00,11:14:00,7,15.0,1.5,
12789,48,2024-08-11,13:15:00,15:42:00,1,15.0,3.75,
12790,106,2024-08-11,10:30:00,12:53:00,13,15.0,1.5,
12791,90,2024-08-11,10:45:00,12:10:00,14,18.0,0.0,
12792,14,2024-08-11,13:00:00,14:36:00,4,18.0,0.0,
12793,13,2024-08-11,10:45:00,11:49:00,12,18.0,0.0,
12794,116,2024-08-11,11:15:00,12:33:00,13,18.0,0.0,
12795,107,2024-08-11,12:15:00,14:27:00,14,15.0,3.75,
12796,162,2024-08-11,14:15:00,15:12:00,10,15.0,3.75,
12797,165,2024-08-11,14:45:00,16:33:00,2,15.0,6.0,
12798,2,2024-08-11,13:45:00,15:22:00,11,15.0,6.0,
12799,96,2024-08-11,14:15:00,16:06:00,6,15.0,1.5,
12800,3,2024-08-11,09:15:00,10:12:00,2,15.0,3.75,
12801,135,2024-08-11,16:30:00,18:20:00,6,15.0,3.75,
12802,91,2024-08-11,15:15:00,17:13:00,11,15.0,3.75,
12803,18,2024-08-11,09:30:00,11:06:00,12,18.0,0.0,
12804,152,2024-08-11,10:30:00,11:56:00,4,15.0,3.75,
12805,228,2024-08-11,12:00:00,12:51:00,10,15.0,1.5,
12806,112,2024-08-11,11:15:00,12:37:00,10,15.0,1.5,
12807,224,2024-08-11,15:00:00,15:45:00,12,15.0,3.75,
12808,65,2024-08-11,16:00:00,18:22:00,3,18.0,0.0,
12809,8,2024-08-11,13:45:00,14:57:00,13,15.0,1.5,
12810,95,2024-08-12,13:30:00,15:40:00,13,15.0,1.5,
12811,138,2024-08-12,12:45:00,14:48:00,13,18.0,0.0,
12812,104,2024-08-12,12:30:00,13:52:00,6,18.0,0.0,
12813,36,2024-08-12,10:30:00,12:56:00,10,15.0,3.75,
12814,165,2024-08-12,11:15:00,12:11:00,5,15.0,6.0,
12815,2,2024-08-12,15:00:00,16:10:00,14,15.0,6.0,
12816,43,2024-08-12,09:15:00,11:44:00,4,15.0,3.75,
12817,246,2024-08-12,09:15:00,11:25:00,6,15.0,1.5,
12818,77,2024-08-12,09:45:00,11:39:00,6,15.0,1.5,
12819,106,2024-08-12,13:45:00,15:52:00,13,15.0,1.5,
12820,118,2024-08-12,12:30:00,14:00:00,2,15.0,3.75,
12821,25,2024-08-12,12:30:00,14:06:00,2,15.0,1.5,
12822,242,2024-08-12,15:30:00,17:54:00,11,15.0,3.75,
12823,215,2024-08-12,09:45:00,11:19:00,5,15.0,3.75,
12824,96,2024-08-12,12:45:00,14:30:00,14,15.0,1.5,
12825,179,2024-08-12,13:15:00,15:10:00,5,15.0,3.75,
12826,242,2024-08-12,15:30:00,17:16:00,11,15.0,3.75,
12827,205,2024-08-12,12:30:00,14:53:00,13,15.0,3.75,
12828,73,2024-08-12,15:00:00,16:20:00,1,15.0,3.75,
12829,161,2024-08-12,12:45:00,14:47:00,14,18.0,0.0,
12830,2,2024-08-13,09:15:00,11:32:00,10,15.0,6.0,
12831,56,2024-08-13,15:30:00,17:48:00,13,15.0,3.75,
12832,205,2024-08-13,12:00:00,13:23:00,10,15.0,3.75,
12833,18,2024-08-13,15:45:00,17:07:00,12,18.0,0.0,
12834,105,2024-08-13,13:00:00,14:38:00,2,18.0,0.0,
12835,93,2024-08-13,12:15:00,13:51:00,7,15.0,1.5,
12836,172,2024-08-13,13:15:00,14:26:00,10,15.0,1.5,
12837,111,2024-08-13,14:45:00,15:52:00,14,15.0,1.5,
12838,25,2024-08-13,11:00:00,12:01:00,6,15.0,1.5,
12839,114,2024-08-13,12:30:00,13:39:00,6,15.0,1.5,
12840,6,2024-08-13,16:30:00,17:41:00,14,15.0,1.5,
12841,141,2024-08-13,11:30:00,13:27:00,5,15.0,3.75,
12842,240,2024-08-13,09:30:00,10:48:00,13,15.0,6.0,
12843,247,2024-08-14,14:45:00,15:38:00,7,18.0,0.0,
12844,246,2024-08-14,16:45:00,18:23:00,7,15.0,1.5,
12845,63,2024-08-14,13:45:00,16:14:00,6,15.0,1.5,
12846,122,2024-08-14,10:15:00,11:48:00,1,15.0,1.5,
12847,105,2024-08-14,15:00:00,17:28:00,14,18.0,0.0,
12848,126,2024-08-14,16:00:00,17:42:00,11,15.0,1.5,
12849,52,2024-08-14,11:15:00,12:41:00,14,15.0,1.5,
12850,184,2024-08-14,09:00:00,09:53:00,13,18.0,0.0,
12851,73,2024-08-14,10:00:00,11:12:00,6,15.0,3.75,
12852,100,2024-08-14,12:00:00,13:50:00,13,15.0,1.5,
12853,91,2024-08-14,15:30:00,16:15:00,7,15.0,3.75,
12854,150,2024-08-14,15:00:00,17:06:00,4,18.0,0.0,
12855,196,2024-08-14,10:45:00,12:21:00,13,15.0,1.5,
12856,233,2024-08-14,11:00:00,13:25:00,5,15.0,3.75,
12857,155,2024-08-14,12:00:00,14:27:00,11,15.0,3.75,
12858,47,2024-08-14,16:00:00,17:39:00,10,15.0,1.5,
12859,65,2024-08-14,12:30:00,14:39:00,6,18.0,0.0,
12860,195,2024-08-15,13:45:00,14:37:00,4,15.0,3.75,
12861,8,2024-08-15,13:30:00,15:43:00,6,15.0,1.5,
12862,120,2024-08-15,09:30:00,11:56:00,1,15.0,1.5,
12863,125,2024-08-15,12:30:00,14:49:00,7,18.0,0.0,
12864,65,2024-08-15,15:30:00,17:17:00,13,18.0,0.0,
12865,237,2024-08-15,15:15:00,17:34:00,2,15.0,3.75,
12866,160,2024-08-15,13:00:00,14:46:00,10,15.0,3.75,
12867,165,2024-08-15,15:00:00,16:05:00,7,15.0,6.0,
12868,33,2024-08-15,10:15:00,12:07:00,6,15.0,3.75,
12869,112,2024-08-15,16:15:00,18:12:00,7,15.0,1.5,
12870,4,2024-08-15,11:00:00,11:54:00,11,15.0,3.75,
12871,90,2024-08-15,13:00:00,14:43:00,11,18.0,0.0,
12872,128,2024-08-15,11:00:00,12:12:00,12,15.0,1.5,
12873,130,2024-08-15,11:15:00,12:10:00,1,15.0,1.5,
12874,33,2024-08-15,13:15:00,14:24:00,4,15.0,3.75,
12875,2,2024-08-15,12:45:00,15:10:00,3,15.0,6.0,
12876,169,2024-08-15,15:45:00,17:57:00,6,15.0,1.5,
12877,23,2024-08-15,15:15:00,17:13:00,14,15.0,6.0,
12878,3,2024-08-15,15:15:00,17:40:00,14,15.0,3.75,
12879,155,2024-08-15,10:30:00,11:17:00,1,15.0,3.75,
12880,27,2024-08-16,09:15:00,10:05:00,11,15.0,6.0,
12881,56,2024-08-16,11:45:00,13:32:00,12,15.0,3.75,
12882,3,2024-08-16,16:30:00,18:49:00,12,15.0,3.75,
12883,154,2024-08-16,13:00:00,14:09:00,14,18.0,0.0,
12884,25,2024-08-16,12:30:00,14:36:00,13,15.0,1.5,
12885,110,2024-08-16,09:45:00,11:33:00,2,15.0,3.75,
12886,159,2024-08-16,09:15:00,11:42:00,2,15.0,1.5,
12887,27,2024-08-16,15:30:00,17:50:00,7,15.0,6.0,
12888,174,2024-08-16,14:30:00,16:51:00,12,15.0,1.5,
12889,111,2024-08-16,11:45:00,12:39:00,10,15.0,1.5,
12890,89,2024-08-16,09:15:00,10:12:00,14,15.0,1.5,
12891,203,2024-08-16,11:30:00,12:26:00,12,15.0,3.75,
12892,228,2024-08-17,16:15:00,17:36:00,4,15.0,1.5,
12893,25,2024-08-17,15:30:00,16:47:00,4,15.0,1.5,
12894,2,2024-08-17,10:45:00,12:32:00,4,15.0,6.0,
12895,228,2024-08-17,16:45:00,18:34:00,12,15.0,1.5,
12896,6,2024-08-17,13:30:00,14:50:00,4,15.0,1.5,
12897,68,2024-08-17,13:30:00,15:05:00,14,18.0,0.0,
12898,74,2024-08-17,13:30:00,15:02:00,7,15.0,3.75,
12899,69,2024-08-17,09:45:00,10:40:00,7,15.0,3.75,
12900,96,2024-08-17,13:00:00,14:04:00,2,15.0,1.5,
12901,169,2024-08-17,12:15:00,13:51:00,10,15.0,1.5,
12902,1,2024-08-17,12:30:00,13:57:00,14,15.0,6.0,
12903,41,2024-08-17,15:45:00,18:00:00,3,15.0,1.5,
12904,61,2024-08-17,11:45:00,13:34:00,6,15.0,3.75,
12905,189,2024-08-17,16:30:00,18:18:00,3,15.0,3.75,
12906,184,2024-08-17,15:45:00,17:06:00,3,18.0,0.0,
12907,219,2024-08-17,11:45:00,14:05:00,10,15.0,3.75,
12908,49,2024-08-17,15:45:00,17:39:00,7,15.0,1.5,
12909,162,2024-08-17,12:45:00,14:37:00,11,15.0,3.75,
12910,207,2024-08-17,14:45:00,16:07:00,6,15.0,6.0,
12911,1,2024-08-17,10:45:00,12:27:00,10,15.0,6.0,
12912,3,2024-08-17,09:45:00,11:59:00,1,15.0,3.75,
12913,219,2024-08-17,11:00:00,11:50:00,10,15.0,3.75,
12914,91,2024-08-17,11:00:00,12:04:00,12,15.0,3.75,
12915,67,2024-08-17,09:45:00,11:05:00,11,15.0,3.75,
12916,47,2024-08-17,09:45:00,11:08:00,3,15.0,1.5,
12917,172,2024-08-17,10:45:00,11:35:00,10,15.0,1.5,
12918,179,2024-08-17,11:45:00,12:52:00,13,15.0,3.75,
12919,207,2024-08-17,15:45:00,16:58:00,13,15.0,6.0,
12920,73,2024-08-17,14:00:00,15:51:00,10,15.0,3.75,
12921,77,2024-08-18,10:00:00,12:22:00,13,15.0,1.5,
12922,91,2024-08-18,13:30:00,15:29:00,7,15.0,3.75,
12923,209,2024-08-18,15:00:00,16:48:00,5,18.0,0.0,
12924,120,2024-08-18,13:30:00,15:45:00,12,15.0,1.5,
12925,75,2024-08-18,15:00:00,16:35:00,4,15.0,1.5,
12926,177,2024-08-18,12:15:00,13:51:00,11,18.0,0.0,
12927,131,2024-08-18,15:45:00,17:19:00,5,18.0,0.0,
12928,155,2024-08-18,09:15:00,11:45:00,14,15.0,3.75,
12929,67,2024-08-18,12:45:00,14:51:00,7,15.0,3.75,
12930,215,2024-08-18,12:30:00,14:10:00,7,15.0,3.75,
12931,72,2024-08-18,10:30:00,11:45:00,1,18.0,0.0,
12932,224,2024-08-18,11:45:00,12:53:00,12,15.0,3.75,
12933,116,2024-08-18,15:45:00,18:13:00,4,18.0,0.0,
12934,155,2024-08-18,11:00:00,12:57:00,11,15.0,3.75,
12935,149,2024-08-18,12:15:00,13:40:00,2,15.0,1.5,
12936,8,2024-08-18,13:00:00,14:18:00,14,15.0,1.5,
12937,143,2024-08-18,13:45:00,16:13:00,11,15.0,3.75,
12938,42,2024-08-18,16:30:00,18:43:00,2,15.0,1.5,
12939,2,2024-08-18,11:15:00,12:52:00,3,15.0,6.0,
12940,106,2024-08-18,16:30:00,18:18:00,10,15.0,1.5,
12941,74,2024-08-18,13:45:00,15:26:00,1,15.0,3.75,
12942,59,2024-08-18,09:45:00,12:04:00,2,15.0,1.5,
12943,3,2024-08-18,13:30:00,15:19:00,11,15.0,3.75,
12944,1,2024-08-18,13:30:00,14:58:00,10,15.0,6.0,
12945,114,2024-08-18,13:15:00,15:12:00,13,15.0,1.5,
12946,215,2024-08-18,10:15:00,11:47:00,7,15.0,3.75,
12947,89,2024-08-18,13:00:00,15:03:00,1,15.0,1.5,
12948,1,2024-08-18,16:45:00,18:06:00,6,15.0,6.0,
12949,151,2024-08-18,13:45:00,14:51:00,3,18.0,0.0,
12950,66,2024-08-18,09:00:00,10:37:00,13,18.0,0.0,
12951,145,2024-08-18,14:15:00,15:54:00,10,18.0,0.0,
12952,78,2024-08-18,14:00:00,15:19:00,2,18.0,0.0,
12953,25,2024-08-18,16:45:00,17:52:00,5,15.0,1.5,
12954,232,2024-08-19,09:45:00,11:12:00,11,15.0,3.75,
12955,218,2024-08-19,11:15:00,12:32:00,4,15.0,1.5,
12956,152,2024-08-19,12:00:00,13:04:00,3,15.0,3.75,
12957,14,2024-08-19,13:00:00,15:08:00,14,18.0,0.0,
12958,119,2024-08-19,14:15:00,16:34:00,14,15.0,1.5,
12959,98,2024-08-19,15:15:00,16:59:00,4,15.0,3.75,
12960,228,2024-08-19,16:00:00,17:18:00,10,15.0,1.5,
12961,69,2024-08-19,15:00:00,16:09:00,3,15.0,3.75,
12962,93,2024-08-19,16:30:00,18:51:00,3,15.0,1.5,
12963,180,2024-08-19,10:15:00,12:43:00,2,18.0,0.0,
12964,202,2024-08-19,11:15:00,13:33:00,7,18.0,0.0,
12965,95,2024-08-19,14:30:00,16:13:00,13,15.0,1.5,
12966,126,2024-08-19,16:45:00,18:20:00,12,15.0,1.5,
12967,160,2024-08-19,16:45:00,18:36:00,3,15.0,3.75,
12968,223,2024-08-19,10:00:00,11:25:00,4,15.0,1.5,
12969,197,2024-08-19,09:00:00,10:39:00,12,15.0,1.5,
12970,72,2024-08-20,13:45:00,14:39:00,6,18.0,0.0,
12971,152,2024-08-20,12:00:00,13:47:00,13,15.0,3.75,
12972,95,2024-08-20,09:15:00,10:40:00,13,15.0,1.5,
12973,86,2024-08-20,15:30:00,17:56:00,3,18.0,0.0,
12974,180,2024-08-20,15:00:00,17:29:00,14,18.0,0.0,
12975,64,2024-08-20,15:15:00,16:52:00,4,15.0,1.5,
12976,189,2024-08-20,15:30:00,16:22:00,13,15.0,3.75,
12977,104,2024-08-20,12:00:00,13:47:00,13,18.0,0.0,
12978,27,2024-08-20,13:45:00,14:51:00,14,15.0,6.0,
12979,110,2024-08-20,09:45:00,11:44:00,1,15.0,3.75,
12980,110,2024-08-20,12:15:00,13:44:00,2,15.0,3.75,
12981,27,2024-08-20,13:30:00,14:37:00,3,15.0,6.0,
12982,23,2024-08-20,13:00:00,13:52:00,6,15.0,6.0,
12983,82,2024-08-20,11:45:00,12:41:00,5,15.0,1.5,
12984,108,2024-08-20,14:45:00,15:57:00,11,15.0,1.5,
12985,60,2024-08-20,10:15:00,11:42:00,13,18.0,0.0,
12986,105,2024-08-20,11:45:00,14:09:00,10,18.0,0.0,
12987,246,2024-08-20,10:45:00,11:51:00,14,15.0,1.5,
12988,196,2024-08-20,11:15:00,12:19:00,5,15.0,1.5,
12989,165,2024-08-20,10:30:00,11:44:00,13,15.0,6.0,
12990,66,2024-08-20,16:45:00,17:47:00,5,18.0,0.0,
12991,73,2024-08-20,12:00:00,13:43:00,1,15.0,3.75,
12992,18,2024-08-20,10:45:00,11:59:00,3,18.0,0.0,
12993,128,2024-08-21,13:15:00,14:58:00,6,15.0,1.5,
12994,182,2024-08-21,16:15:00,18:07:00,13,15.0,1.5,
12995,219,2024-08-21,15:00:00,16:32:00,2,15.0,3.75,
12996,108,2024-08-21,12:45:00,13:48:00,3,15.0,1.5,
12997,191,2024-08-21,10:30:00,12:24:00,3,18.0,0.0,
12998,181,2024-08-21,15:45:00,17:05:00,13,15.0,1.5,
12999,155,2024-08-21,09:00:00,11:24:00,13,15.0,3.75,
13000,219,2024-08-21,13:15:00,14:34:00,7,15.0,3.75,
13001,95,2024-08-21,13:00:00,14:07:00,11,15.0,1.5,
13002,162,2024-08-21,14:15:00,15:37:00,3,15.0,3.75,
13003,69,2024-08-21,11:00:00,13:13:00,5,15.0,3.75,
13004,48,2024-08-21,14:15:00,15:38:00,14,15.0,3.75,
13005,173,2024-08-22,16:15:00,18:04:00,2,18.0,0.0,
13006,9,2024-08-22,14:15:00,16:14:00,14,15.0,1.5,
13007,143,2024-08-22,13:45:00,14:54:00,3,15.0,3.75,
13008,74,2024-08-22,10:45:00,11:57:00,5,15.0,3.75,
13009,63,2024-08-22,11:30:00,12:16:00,2,15.0,1.5,
13010,61,2024-08-22,12:00:00,13:44:00,2,15.0,3.75,
13011,128,2024-08-22,15:00:00,15:53:00,12,15.0,1.5,
13012,91,2024-08-22,14:45:00,15:55:00,5,15.0,3.75,
13013,27,2024-08-22,16:15:00,17:24:00,13,15.0,6.0,
13014,160,2024-08-22,10:45:00,11:49:00,12,15.0,3.75,
13015,2,2024-08-22,10:45:00,12:47:00,3,15.0,6.0,
13016,91,2024-08-22,09:00:00,10:11:00,3,15.0,3.75,
13017,95,2024-08-22,10:15:00,11:19:00,10,15.0,1.5,
13018,77,2024-08-22,15:45:00,17:43:00,4,15.0,1.5,
13019,2,2024-08-22,15:15:00,16:13:00,6,15.0,6.0,
13020,228,2024-08-23,13:00:00,14:11:00,13,15.0,1.5,
13021,219,2024-08-23,15:00:00,17:07:00,10,15.0,3.75,
13022,83,2024-08-23,13:00:00,14:31:00,12,15.0,1.5,
13023,38,2024-08-23,12:30:00,14:41:00,2,15.0,1.5,
13024,236,2024-08-23,09:45:00,12:05:00,11,15.0,1.5,
13025,2,2024-08-23,16:15:00,18:11:00,13,15.0,6.0,
13026,110,2024-08-23,14:15:00,15:37:00,6,15.0,3.75,
13027,48,2024-08-23,13:45:00,15:12:00,1,15.0,3.75,
13028,245,2024-08-23,12:00:00,13:06:00,12,18.0,0.0,
13029,81,2024-08-23,13:15:00,14:53:00,7,15.0,1.5,
13030,215,2024-08-23,09:30:00,11:01:00,2,15.0,3.75,
13031,169,2024-08-23,12:15:00,14:16:00,10,15.0,1.5,
13032,199,2024-08-23,16:30:00,17:55:00,13,15.0,1.5,
13033,217,2024-08-23,15:45:00,17:16:00,11,15.0,1.5,
13034,62,2024-08-23,10:45:00,12:08:00,3,18.0,0.0,
13035,67,2024-08-23,14:30:00,16:17:00,7,15.0,3.75,
13036,194,2024-08-24,13:15:00,14:03:00,4,15.0,1.5,
13037,231,2024-08-24,09:15:00,11:38:00,13,15.0,1.5,
13038,155,2024-08-24,11:00:00,11:46:00,3,15.0,3.75,
13039,27,2024-08-24,14:15:00,15:52:00,1,15.0,6.0,
13040,121,2024-08-24,14:30:00,16:44:00,12,15.0,1.5,
13041,38,2024-08-24,09:45:00,11:23:00,3,15.0,1.5,
13042,56,2024-08-24,15:45:00,17:05:00,4,15.0,3.75,
13043,91,2024-08-24,12:00:00,14:19:00,14,15.0,3.75,
13044,205,2024-08-24,10:00:00,10:45:00,11,15.0,3.75,
13045,169,2024-08-24,12:00:00,12:58:00,4,15.0,1.5,
13046,93,2024-08-24,12:45:00,13:52:00,11,15.0,1.5,
13047,154,2024-08-24,09:30:00,11:54:00,11,18.0,0.0,
13048,55,2024-08-24,14:45:00,16:57:00,6,18.0,0.0,
13049,120,2024-08-24,15:00:00,16:15:00,10,15.0,1.5,
13050,59,2024-08-24,13:00:00,15:06:00,13,15.0,1.5,
13051,64,2024-08-24,12:45:00,15:11:00,2,15.0,1.5,
13052,7,2024-08-24,09:00:00,11:21:00,10,15.0,1.5,
13053,186,2024-08-24,14:00:00,16:14:00,1,15.0,1.5,
13054,141,2024-08-24,10:00:00,11:35:00,12,15.0,3.75,
13055,108,2024-08-25,10:30:00,11:18:00,3,15.0,1.5,
13056,215,2024-08-25,12:30:00,14:42:00,14,15.0,3.75,
13057,2,2024-08-25,13:30:00,14:58:00,3,15.0,6.0,
13058,56,2024-08-25,15:15:00,16:44:00,6,15.0,3.75,
13059,197,2024-08-25,12:30:00,13:59:00,10,15.0,1.5,
13060,216,2024-08-25,12:30:00,13:41:00,1,18.0,0.0,
13061,134,2024-08-25,10:00:00,11:08:00,10,15.0,1.5,
13062,107,2024-08-25,09:30:00,10:23:00,5,15.0,3.75,
13063,207,2024-08-25,10:45:00,12:35:00,14,15.0,6.0,
13064,154,2024-08-25,15:00:00,16:26:00,11,18.0,0.0,
13065,98,2024-08-25,13:30:00,14:23:00,10,15.0,3.75,
13066,47,2024-08-25,11:00:00,13:16:00,4,15.0,1.5,
13067,3,2024-08-25,09:15:00,11:23:00,6,15.0,3.75,
13068,131,2024-08-25,09:45:00,10:41:00,6,18.0,0.0,
13069,237,2024-08-25,14:45:00,16:29:00,14,15.0,3.75,
13070,131,2024-08-25,10:45:00,12:01:00,12,18.0,0.0,
13071,121,2024-08-25,10:30:00,12:58:00,12,15.0,1.5,
13072,113,2024-08-25,14:45:00,15:36:00,11,18.0,0.0,
13073,189,2024-08-25,09:00:00,10:22:00,1,15.0,3.75,
13074,132,2024-08-25,15:15:00,16:52:00,6,18.0,0.0,
13075,215,2024-08-25,09:15:00,10:57:00,6,15.0,3.75,
13076,211,2024-08-25,11:15:00,13:21:00,5,18.0,0.0,
13077,186,2024-08-25,11:30:00,13:10:00,4,15.0,1.5,
13078,186,2024-08-25,11:00:00,13:05:00,12,15.0,1.5,
13079,186,2024-08-25,11:00:00,13:30:00,13,15.0,1.5,
13080,92,2024-08-25,09:30:00,10:20:00,7,18.0,0.0,
13081,155,2024-08-25,16:30:00,17:42:00,5,15.0,3.75,
13082,75,2024-08-25,13:45:00,15:14:00,3,15.0,1.5,
13083,126,2024-08-25,13:45:00,14:38:00,2,15.0,1.5,
13084,42,2024-08-25,10:45:00,12:41:00,5,15.0,1.5,
13085,100,2024-08-25,15:00:00,17:01:00,10,15.0,1.5,
13086,110,2024-08-25,09:15:00,11:00:00,13,15.0,3.75,
13087,52,2024-08-25,15:30:00,18:00:00,1,15.0,1.5,
13088,245,2024-08-25,16:30:00,17:40:00,12,18.0,0.0,
13089,158,2024-08-25,15:45:00,18:04:00,10,15.0,3.75,
13090,198,2024-08-26,14:00:00,15:14:00,10,15.0,3.75,
13091,196,2024-08-26,12:30:00,14:18:00,4,15.0,1.5,
13092,62,2024-08-26,15:15:00,16:02:00,3,18.0,0.0,
13093,181,2024-08-26,13:45:00,14:54:00,2,15.0,1.5,
13094,5,2024-08-26,13:00:00,14:12:00,1,15.0,3.75,
13095,195,2024-08-26,15:15:00,17:35:00,10,15.0,3.75,
13096,74,2024-08-26,10:45:00,12:16:00,10,15.0,3.75,
13097,95,2024-08-26,16:00:00,18:17:00,14,15.0,1.5,
13098,139,2024-08-26,11:30:00,12:46:00,5,18.0,0.0,
13099,47,2024-08-26,11:00:00,12:36:00,4,15.0,1.5,
13100,55,2024-08-26,14:15:00,15:40:00,4,18.0,0.0,
13101,196,2024-08-26,09:45:00,10:35:00,13,15.0,1.5,
13102,151,2024-08-26,16:15:00,18:45:00,13,18.0,0.0,
13103,155,2024-08-26,09:15:00,10:34:00,5,15.0,3.75,
13104,73,2024-08-26,09:15:00,11:42:00,2,15.0,3.75,
13105,2,2024-08-26,09:30:00,11:33:00,3,15.0,6.0,
13106,71,2024-08-27,11:30:00,12:37:00,13,15.0,1.5,
13107,33,2024-08-27,16:15:00,18:37:00,2,15.0,3.75,
13108,52,2024-08-27,13:00:00,15:03:00,11,15.0,1.5,
13109,193,2024-08-27,14:30:00,16:04:00,12,15.0,1.5,
13110,112,2024-08-27,15:30:00,17:30:00,4,15.0,1.5,
13111,24,2024-08-27,13:45:00,16:10:00,1,15.0,3.75,
13112,4,2024-08-27,14:00:00,16:24:00,2,15.0,3.75,
13113,71,2024-08-27,13:30:00,15:18:00,12,15.0,1.5,
13114,107,2024-08-27,09:30:00,11:49:00,3,15.0,3.75,
13115,125,2024-08-27,13:30:00,14:22:00,12,18.0,0.0,
13116,100,2024-08-27,09:15:00,10:43:00,2,15.0,1.5,
13117,37,2024-08-27,12:00:00,14:03:00,10,18.0,0.0,
13118,159,2024-08-27,16:00:00,17:00:00,6,15.0,1.5,
13119,7,2024-08-27,16:30:00,18:59:00,5,15.0,1.5,
13120,48,2024-08-27,16:00:00,17:56:00,14,15.0,3.75,
13121,210,2024-08-27,13:30:00,14:52:00,7,15.0,3.75,
13122,197,2024-08-27,10:30:00,11:27:00,5,15.0,1.5,
13123,17,2024-08-27,09:00:00,11:10:00,14,18.0,0.0,
13124,29,2024-08-27,14:45:00,16:00:00,6,18.0,0.0,
13125,237,2024-08-28,10:30:00,11:51:00,6,15.0,3.75,
13126,126,2024-08-28,15:30:00,16:47:00,5,15.0,1.5,
13127,205,2024-08-28,15:00:00,16:29:00,3,15.0,3.75,
13128,85,2024-08-28,09:45:00,12:06:00,5,18.0,0.0,
13129,126,2024-08-28,16:45:00,18:50:00,11,15.0,1.5,
13130,201,2024-08-28,16:45:00,18:27:00,11,15.0,1.5,
13131,74,2024-08-28,15:30:00,16:30:00,2,15.0,3.75,
13132,164,2024-08-28,11:30:00,13:29:00,3,15.0,1.5,
13133,74,2024-08-28,13:45:00,16:02:00,12,15.0,3.75,
13134,155,2024-08-28,13:15:00,15:36:00,5,15.0,3.75,
13135,135,2024-08-28,16:00:00,17:01:00,13,15.0,3.75,
13136,215,2024-08-28,15:00:00,17:22:00,3,15.0,3.75,
13137,219,2024-08-28,12:00:00,13:28:00,5,15.0,3.75,
13138,189,2024-08-29,13:45:00,14:58:00,11,15.0,3.75,
13139,35,2024-08-29,16:45:00,18:51:00,11,18.0,0.0,
13140,155,2024-08-29,12:30:00,13:52:00,7,15.0,3.75,
13141,73,2024-08-29,10:30:00,11:30:00,14,15.0,3.75,
13142,137,2024-08-29,15:30:00,16:27:00,4,18.0,0.0,
13143,205,2024-08-29,15:45:00,17:47:00,12,15.0,3.75,
13144,182,2024-08-29,14:30:00,15:58:00,5,15.0,1.5,
13145,98,2024-08-29,12:15:00,13:06:00,5,15.0,3.75,
13146,130,2024-08-29,09:15:00,10:04:00,7,15.0,1.5,
13147,53,2024-08-29,09:00:00,10:16:00,14,15.0,1.5,
13148,140,2024-08-29,09:45:00,11:31:00,4,15.0,3.75,
13149,4,2024-08-29,11:15:00,13:39:00,13,15.0,3.75,
13150,162,2024-08-29,15:15:00,17:32:00,3,15.0,3.75,
13151,138,2024-08-29,16:00:00,18:04:00,3,18.0,0.0,
13152,36,2024-08-29,13:30:00,15:56:00,4,15.0,3.75,
13153,27,2024-08-29,15:30:00,17:32:00,2,15.0,6.0,
13154,228,2024-08-29,15:15:00,16:35:00,5,15.0,1.5,
13155,162,2024-08-29,14:45:00,16:39:00,3,15.0,3.75,
13156,238,2024-08-30,12:00:00,13:46:00,13,15.0,1.5,
13157,76,2024-08-30,16:45:00,17:44:00,12,15.0,3.75,
13158,92,2024-08-30,16:15:00,18:08:00,6,18.0,0.0,
13159,95,2024-08-30,15:45:00,16:51:00,10,15.0,1.5,
13160,69,2024-08-30,15:45:00,16:56:00,5,15.0,3.75,
13161,155,2024-08-30,14:15:00,16:17:00,2,15.0,3.75,
13162,143,2024-08-30,15:30:00,16:55:00,6,15.0,3.75,
13163,92,2024-08-30,15:15:00,16:36:00,12,18.0,0.0,
13164,206,2024-08-30,15:30:00,16:32:00,5,18.0,0.0,
13165,33,2024-08-30,16:15:00,17:53:00,13,15.0,3.75,
13166,73,2024-08-30,12:15:00,14:13:00,1,15.0,3.75,
13167,114,2024-08-30,13:00:00,14:27:00,13,15.0,1.5,
13168,36,2024-08-30,15:45:00,18:05:00,5,15.0,3.75,
13169,26,2024-08-30,16:00:00,17:13:00,2,18.0,0.0,
13170,205,2024-08-30,16:15:00,17:12:00,2,15.0,3.75,
13171,86,2024-08-30,13:00:00,14:45:00,3,18.0,0.0,
13172,158,2024-08-30,16:30:00,17:57:00,1,15.0,3.75,
13173,219,2024-08-30,15:45:00,17:51:00,13,15.0,3.75,
13174,147,2024-08-30,11:00:00,13:14:00,4,18.0,0.0,
13175,222,2024-08-31,16:30:00,18:00:00,3,18.0,0.0,
13176,53,2024-08-31,12:15:00,13:35:00,1,15.0,1.5,
13177,205,2024-08-31,10:30:00,12:49:00,13,15.0,3.75,
13178,61,2024-08-31,09:00:00,10:24:00,11,15.0,3.75,
13179,108,2024-08-31,15:00:00,16:52:00,7,15.0,1.5,
13180,8,2024-08-31,13:15:00,15:17:00,10,15.0,1.5,
13181,134,2024-08-31,16:00:00,18:00:00,3,15.0,1.5,
13182,48,2024-08-31,10:00:00,11:53:00,4,15.0,3.75,
13183,186,2024-08-31,09:45:00,11:16:00,5,15.0,1.5,
13184,73,2024-08-31,14:30:00,15:22:00,13,15.0,3.75,
13185,215,2024-08-31,16:00:00,18:26:00,13,15.0,3.75,
13186,69,2024-08-31,15:30:00,17:06:00,1,15.0,3.75,
13187,155,2024-08-31,14:45:00,15:55:00,5,15.0,3.75,
13188,63,2024-08-31,15:00:00,16:51:00,2,15.0,1.5,
13189,73,2024-08-31,10:00:00,11:55:00,1,15.0,3.75,
13190,2,2024-08-31,15:45:00,18:02:00,5,15.0,6.0,
13191,64,2024-08-31,15:15:00,17:21:00,2,15.0,1.5,
13192,158,2024-08-31,14:00:00,16:12:00,11,15.0,3.75,
13193,121,2024-08-31,14:45:00,16:39:00,13,15.0,1.5,
13194,201,2024-08-31,12:30:00,14:35:00,6,15.0,1.5,
13195,165,2024-08-31,09:15:00,10:31:00,1,15.0,6.0,
13196,42,2024-08-31,15:45:00,16:59:00,7,15.0,1.5,
13197,107,2024-08-31,13:00:00,14:21:00,4,15.0,3.75,
13198,85,2024-08-31,10:30:00,11:51:00,6,18.0,0.0,
13199,146,2024-08-31,15:15:00,16:23:00,10,18.0,0.0,
13200,184,2024-08-31,11:30:00,12:25:00,1,18.0,0.0,
13201,208,2024-08-31,16:45:00,18:42:00,7,18.0,0.0,
13202,164,2024-08-31,16:15:00,18:23:00,7,15.0,1.5,
13203,98,2024-08-31,15:00:00,16:43:00,4,15.0,3.75,
13204,103,2024-08-31,10:00:00,11:48:00,13,15.0,1.5,
13205,135,2024-08-31,15:00:00,16:54:00,5,15.0,3.75,
13206,109,2024-08-31,15:00:00,16:26:00,3,15.0,1.5,
13207,186,2024-08-31,09:15:00,10:42:00,1,15.0,1.5,
13208,219,2024-08-31,13:15:00,14:24:00,13,15.0,3.75,
13209,182,2024-08-31,13:45:00,14:31:00,4,15.0,1.5,
13210,48,2024-09-01,11:45:00,14:13:00,7,15.0,3.75,
13211,30,2024-09-01,10:15:00,12:21:00,10,18.0,0.0,
13212,98,2024-09-01,16:45:00,19:01:00,3,15.0,3.75,
13213,237,2024-09-01,14:15:00,15:03:00,13,15.0,3.75,
13214,1,2024-09-01,15:00:00,16:25:00,10,15.0,6.0,
13215,8,2024-09-01,14:30:00,16:17:00,3,15.0,1.5,
13216,197,2024-09-01,14:45:00,15:58:00,1,15.0,1.5,
13217,49,2024-09-01,13:00:00,14:53:00,12,15.0,1.5,
13218,67,2024-09-01,13:00:00,14:07:00,7,15.0,3.75,
13219,200,2024-09-01,12:45:00,15:14:00,4,18.0,0.0,
13220,34,2024-09-01,10:45:00,12:15:00,3,18.0,0.0,
13221,131,2024-09-01,10:30:00,11:55:00,13,18.0,0.0,
13222,179,2024-09-01,11:00:00,12:12:00,2,15.0,3.75,
13223,100,2024-09-01,13:00:00,14:17:00,5,15.0,1.5,
13224,130,2024-09-01,09:30:00,10:52:00,12,15.0,1.5,
13225,27,2024-09-01,09:15:00,11:42:00,4,15.0,6.0,
13226,135,2024-09-01,15:15:00,17:40:00,14,15.0,3.75,
13227,155,2024-09-01,09:15:00,10:58:00,13,15.0,3.75,
13228,48,2024-09-01,16:45:00,18:29:00,6,15.0,3.75,
13229,165,2024-09-01,12:00:00,13:33:00,3,15.0,6.0,
13230,237,2024-09-02,11:15:00,12:46:00,7,15.0,3.75,
13231,71,2024-09-02,14:15:00,16:11:00,13,15.0,1.5,
13232,61,2024-09-02,09:45:00,11:40:00,14,15.0,3.75,
13233,181,2024-09-02,15:15:00,17:44:00,5,15.0,1.5,
13234,231,2024-09-02,16:30:00,18:24:00,12,15.0,1.5,
13235,141,2024-09-02,14:15:00,16:22:00,3,15.0,3.75,
13236,149,2024-09-02,14:45:00,15:58:00,7,15.0,1.5,
13237,170,2024-09-02,15:45:00,18:02:00,14,15.0,1.5,
13238,197,2024-09-02,12:00:00,13:30:00,14,15.0,1.5,
13239,181,2024-09-02,11:15:00,13:25:00,12,15.0,1.5,
13240,245,2024-09-02,10:00:00,11:49:00,10,18.0,0.0,
13241,1,2024-09-02,15:15:00,17:43:00,3,15.0,6.0,
13242,61,2024-09-02,15:30:00,16:29:00,5,15.0,3.75,
13243,242,2024-09-02,10:45:00,11:30:00,2,15.0,3.75,
13244,2,2024-09-02,12:45:00,13:40:00,10,15.0,6.0,
13245,108,2024-09-02,09:45:00,10:43:00,12,15.0,1.5,
13246,93,2024-09-02,16:00:00,17:14:00,12,15.0,1.5,
13247,140,2024-09-02,12:45:00,14:16:00,1,15.0,3.75,
13248,81,2024-09-02,16:00:00,16:59:00,4,15.0,1.5,
13249,164,2024-09-02,14:45:00,15:33:00,2,15.0,1.5,
13250,207,2024-09-02,16:00:00,16:49:00,12,15.0,6.0,
13251,207,2024-09-02,16:00:00,18:10:00,3,15.0,6.0,
13252,64,2024-09-02,15:45:00,16:54:00,14,15.0,1.5,
13253,74,2024-09-02,09:45:00,12:01:00,7,15.0,3.75,
13254,217,2024-09-02,14:15:00,16:19:00,7,15.0,1.5,
13255,104,2024-09-02,16:15:00,17:39:00,11,18.0,0.0,
13256,141,2024-09-02,10:00:00,11:44:00,5,15.0,3.75,
13257,9,2024-09-03,13:00:00,14:51:00,7,15.0,1.5,
13258,189,2024-09-03,14:15:00,15:07:00,10,15.0,3.75,
13259,144,2024-09-03,12:15:00,14:29:00,4,18.0,0.0,
13260,219,2024-09-03,14:15:00,15:40:00,10,15.0,3.75,
13261,119,2024-09-03,09:45:00,10:54:00,5,15.0,1.5,
13262,142,2024-09-03,14:15:00,15:17:00,3,15.0,1.5,
13263,224,2024-09-03,10:30:00,12:59:00,7,15.0,3.75,
13264,155,2024-09-03,11:45:00,13:47:00,11,15.0,3.75,
13265,92,2024-09-03,12:30:00,13:51:00,14,18.0,0.0,
13266,162,2024-09-03,11:15:00,13:31:00,5,15.0,3.75,
13267,52,2024-09-03,13:15:00,14:34:00,12,15.0,1.5,
13268,172,2024-09-03,12:15:00,14:12:00,3,15.0,1.5,
13269,139,2024-09-03,11:15:00,13:08:00,12,18.0,0.0,
13270,74,2024-09-03,09:30:00,11:51:00,2,15.0,3.75,
13271,164,2024-09-03,13:00:00,15:18:00,4,15.0,1.5,
13272,174,2024-09-03,11:45:00,12:40:00,6,15.0,1.5,
13273,223,2024-09-03,13:45:00,15:33:00,11,15.0,1.5,
13274,56,2024-09-03,15:00:00,16:40:00,4,15.0,3.75,
13275,4,2024-09-03,13:45:00,15:05:00,12,15.0,3.75,
13276,130,2024-09-03,09:30:00,10:42:00,14,15.0,1.5,
13277,178,2024-09-04,12:00:00,13:22:00,14,18.0,0.0,
13278,36,2024-09-04,10:00:00,10:45:00,13,15.0,3.75,
13279,61,2024-09-04,14:15:00,16:08:00,7,15.0,3.75,
13280,197,2024-09-04,13:00:00,14:08:00,5,15.0,1.5,
13281,169,2024-09-04,11:15:00,12:39:00,14,15.0,1.5,
13282,71,2024-09-04,13:15:00,14:16:00,7,15.0,1.5,
13283,165,2024-09-04,13:30:00,15:15:00,2,15.0,6.0,
13284,48,2024-09-04,13:45:00,16:06:00,12,15.0,3.75,
13285,197,2024-09-04,09:30:00,11:02:00,4,15.0,1.5,
13286,25,2024-09-04,14:30:00,16:33:00,5,15.0,1.5,
13287,8,2024-09-04,12:15:00,14:00:00,10,15.0,1.5,
13288,116,2024-09-04,13:15:00,14:11:00,6,18.0,0.0,
13289,23,2024-09-04,12:15:00,13:14:00,10,15.0,6.0,
13290,14,2024-09-04,09:30:00,10:33:00,13,18.0,0.0,
13291,54,2024-09-04,14:30:00,15:27:00,7,18.0,0.0,
13292,128,2024-09-04,12:15:00,13:14:00,5,15.0,1.5,
13293,75,2024-09-04,15:45:00,17:35:00,10,15.0,1.5,
13294,128,2024-09-04,15:15:00,17:30:00,1,15.0,1.5,
13295,77,2024-09-04,12:15:00,13:48:00,4,15.0,1.5,
13296,174,2024-09-04,10:45:00,12:56:00,13,15.0,1.5,
13297,110,2024-09-04,11:00:00,12:47:00,3,15.0,3.75,
13298,69,2024-09-04,16:30:00,18:15:00,1,15.0,3.75,
13299,219,2024-09-04,13:00:00,14:51:00,12,15.0,3.75,
13300,236,2024-09-04,16:15:00,17:56:00,5,15.0,1.5,
13301,73,2024-09-04,10:45:00,13:06:00,4,15.0,3.75,
13302,207,2024-09-04,13:00:00,15:10:00,14,15.0,6.0,
13303,205,2024-09-04,13:45:00,15:38:00,4,15.0,3.75,
13304,89,2024-09-05,15:45:00,18:04:00,11,15.0,1.5,
13305,205,2024-09-05,15:45:00,17:01:00,1,15.0,3.75,
13306,182,2024-09-05,14:45:00,16:41:00,10,15.0,1.5,
13307,242,2024-09-05,11:00:00,11:54:00,7,15.0,3.75,
13308,179,2024-09-05,09:30:00,11:01:00,13,15.0,3.75,
13309,130,2024-09-05,11:00:00,13:24:00,1,15.0,1.5,
13310,70,2024-09-05,11:45:00,14:13:00,4,18.0,0.0,
13311,38,2024-09-05,14:30:00,16:56:00,6,15.0,1.5,
13312,91,2024-09-05,10:30:00,12:59:00,1,15.0,3.75,
13313,80,2024-09-05,09:30:00,10:25:00,1,18.0,0.0,
13314,238,2024-09-05,11:00:00,12:56:00,13,15.0,1.5,
13315,69,2024-09-05,09:45:00,11:55:00,2,15.0,3.75,
13316,103,2024-09-05,15:00:00,15:59:00,13,15.0,1.5,
13317,116,2024-09-05,10:15:00,12:23:00,11,18.0,0.0,
13318,148,2024-09-05,14:30:00,16:49:00,4,15.0,1.5,
13319,2,2024-09-05,11:15:00,13:13:00,3,15.0,6.0,
13320,205,2024-09-05,14:00:00,14:48:00,1,15.0,3.75,
13321,48,2024-09-05,09:45:00,11:34:00,13,15.0,3.75,
13322,89,2024-09-05,11:45:00,13:39:00,5,15.0,1.5,
13323,107,2024-09-05,11:15:00,13:03:00,14,15.0,3.75,
13324,182,2024-09-05,16:30:00,17:21:00,4,15.0,1.5,
13325,2,2024-09-05,11:30:00,13:53:00,11,15.0,6.0,
13326,143,2024-09-05,10:15:00,11:29:00,3,15.0,3.75,
13327,66,2024-09-05,11:30:00,13:50:00,13,18.0,0.0,
13328,2,2024-09-05,16:15:00,18:25:00,13,15.0,6.0,
13329,44,2024-09-05,12:45:00,14:49:00,3,15.0,1.5,
13330,236,2024-09-05,16:45:00,19:02:00,7,15.0,1.5,
13331,150,2024-09-05,14:00:00,15:13:00,12,18.0,0.0,
13332,205,2024-09-05,12:15:00,14:22:00,14,15.0,3.75,
13333,240,2024-09-06,13:00:00,14:26:00,12,15.0,6.0,
13334,48,2024-09-06,15:00:00,17:14:00,6,15.0,3.75,
13335,27,2024-09-06,10:00:00,11:49:00,6,15.0,6.0,
13336,72,2024-09-06,14:00:00,15:45:00,5,18.0,0.0,
13337,128,2024-09-06,09:45:00,12:14:00,11,15.0,1.5,
13338,48,2024-09-06,12:00:00,13:16:00,14,15.0,3.75,
13339,46,2024-09-06,12:45:00,14:37:00,2,18.0,0.0,
13340,219,2024-09-06,15:00:00,15:58:00,3,15.0,3.75,
13341,103,2024-09-06,10:45:00,13:08:00,13,15.0,1.5,
13342,232,2024-09-06,14:30:00,16:04:00,10,15.0,3.75,
13343,189,2024-09-06,16:15:00,18:42:00,14,15.0,3.75,
13344,216,2024-09-06,12:00:00,13:18:00,10,18.0,0.0,
13345,91,2024-09-06,15:00:00,17:21:00,13,15.0,3.75,
13346,216,2024-09-06,12:45:00,13:57:00,7,18.0,0.0,
13347,96,2024-09-06,11:00:00,12:18:00,5,15.0,1.5,
13348,240,2024-09-06,09:15:00,11:42:00,4,15.0,6.0,
13349,197,2024-09-06,12:30:00,14:16:00,6,15.0,1.5,
13350,181,2024-09-06,13:00:00,15:16:00,6,15.0,1.5,
13351,126,2024-09-06,09:00:00,11:15:00,5,15.0,1.5,
13352,240,2024-09-06,16:15:00,17:28:00,11,15.0,6.0,
13353,1,2024-09-06,14:00:00,16:13:00,5,15.0,6.0,
13354,192,2024-09-06,11:00:00,12:37:00,5,18.0,0.0,
13355,48,2024-09-06,11:30:00,13:41:00,7,15.0,3.75,
13356,207,2024-09-06,09:45:00,10:49:00,10,15.0,6.0,
13357,215,2024-09-06,14:30:00,15:50:00,13,15.0,3.75,
13358,222,2024-09-06,10:45:00,12:16:00,2,18.0,0.0,
13359,75,2024-09-06,16:00:00,17:04:00,12,15.0,1.5,
13360,235,2024-09-06,11:45:00,13:38:00,13,18.0,0.0,
13361,1,2024-09-06,16:15:00,18:43:00,12,15.0,6.0,
13362,237,2024-09-07,14:00:00,15:40:00,4,15.0,3.75,
13363,53,2024-09-07,15:00:00,16:02:00,13,15.0,1.5,
13364,5,2024-09-07,12:30:00,14:14:00,14,15.0,3.75,
13365,3,2024-09-07,10:00:00,10:55:00,12,15.0,3.75,
13366,6,2024-09-07,14:30:00,16:43:00,6,15.0,1.5,
13367,29,2024-09-07,16:00:00,17:33:00,10,18.0,0.0,
13368,2,2024-09-07,16:30:00,17:57:00,1,15.0,6.0,
13369,90,2024-09-07,09:45:00,11:04:00,14,18.0,0.0,
13370,186,2024-09-07,14:15:00,16:31:00,10,15.0,1.5,
13371,217,2024-09-07,11:00:00,13:11:00,6,15.0,1.5,
13372,1,2024-09-07,13:30:00,14:36:00,4,15.0,6.0,
13373,161,2024-09-07,16:15:00,18:33:00,2,18.0,0.0,
13374,210,2024-09-07,10:15:00,11:26:00,12,15.0,3.75,
13375,44,2024-09-07,14:00:00,15:44:00,4,15.0,1.5,
13376,231,2024-09-07,13:00:00,15:08:00,2,15.0,1.5,
13377,159,2024-09-07,14:15:00,15:57:00,1,15.0,1.5,
13378,141,2024-09-07,14:15:00,16:07:00,13,15.0,3.75,
13379,64,2024-09-07,12:45:00,13:37:00,11,15.0,1.5,
13380,38,2024-09-07,13:30:00,15:30:00,7,15.0,1.5,
13381,240,2024-09-07,10:00:00,12:28:00,13,15.0,6.0,
13382,140,2024-09-07,10:15:00,12:31:00,10,15.0,3.75,
13383,153,2024-09-07,16:30:00,17:16:00,3,18.0,0.0,
13384,71,2024-09-07,10:00:00,12:15:00,5,15.0,1.5,
13385,103,2024-09-07,16:00:00,16:53:00,13,15.0,1.5,
13386,186,2024-09-07,12:15:00,14:00:00,5,15.0,1.5,
13387,180,2024-09-07,10:45:00,11:41:00,6,18.0,0.0,
13388,91,2024-09-07,13:15:00,14:02:00,1,15.0,3.75,
13389,89,2024-09-07,09:30:00,10:17:00,1,15.0,1.5,
13390,145,2024-09-07,11:45:00,14:13:00,2,18.0,0.0,
13391,242,2024-09-07,16:30:00,17:24:00,6,15.0,3.75,
13392,112,2024-09-07,15:00:00,16:20:00,11,15.0,1.5,
13393,233,2024-09-07,10:45:00,12:57:00,6,15.0,3.75,
13394,47,2024-09-07,15:15:00,17:34:00,14,15.0,1.5,
13395,36,2024-09-07,09:15:00,10:05:00,1,15.0,3.75,
13396,148,2024-09-07,09:15:00,11:13:00,6,15.0,1.5,
13397,179,2024-09-07,12:45:00,14:07:00,7,15.0,3.75,
13398,11,2024-09-08,09:45:00,11:27:00,10,18.0,0.0,
13399,73,2024-09-08,16:00:00,18:04:00,2,15.0,3.75,
13400,207,2024-09-08,13:45:00,15:36:00,2,15.0,6.0,
13401,224,2024-09-08,11:30:00,13:14:00,4,15.0,3.75,
13402,3,2024-09-08,16:45:00,17:38:00,4,15.0,3.75,
13403,224,2024-09-08,09:30:00,10:16:00,12,15.0,3.75,
13404,48,2024-09-08,14:15:00,16:03:00,3,15.0,3.75,
13405,47,2024-09-08,10:45:00,11:44:00,3,15.0,1.5,
13406,210,2024-09-08,11:15:00,12:48:00,13,15.0,3.75,
13407,245,2024-09-08,12:15:00,13:33:00,11,18.0,0.0,
13408,89,2024-09-08,11:45:00,13:43:00,4,15.0,1.5,
13409,119,2024-09-08,12:15:00,14:26:00,4,15.0,1.5,
13410,108,2024-09-08,14:30:00,16:22:00,12,15.0,1.5,
13411,203,2024-09-08,16:30:00,18:10:00,10,15.0,3.75,
13412,165,2024-09-08,14:45:00,17:01:00,4,15.0,6.0,
13413,48,2024-09-08,14:30:00,16:02:00,11,15.0,3.75,
13414,99,2024-09-08,16:45:00,18:29:00,3,18.0,0.0,
13415,232,2024-09-08,16:15:00,18:13:00,2,15.0,3.75,
13416,47,2024-09-08,09:00:00,10:56:00,4,15.0,1.5,
13417,47,2024-09-08,13:30:00,15:42:00,11,15.0,1.5,
13418,182,2024-09-08,16:45:00,18:50:00,10,15.0,1.5,
13419,153,2024-09-08,13:15:00,15:28:00,5,18.0,0.0,
13420,71,2024-09-08,16:45:00,18:48:00,4,15.0,1.5,
13421,217,2024-09-08,13:30:00,15:49:00,5,15.0,1.5,
13422,240,2024-09-08,09:30:00,10:44:00,4,15.0,6.0,
13423,82,2024-09-08,11:45:00,12:46:00,1,15.0,1.5,
13424,223,2024-09-08,12:45:00,14:28:00,5,15.0,1.5,
13425,179,2024-09-08,15:15:00,17:43:00,7,15.0,3.75,
13426,46,2024-09-08,10:00:00,12:24:00,4,18.0,0.0,
13427,172,2024-09-08,12:00:00,14:10:00,12,15.0,1.5,
13428,155,2024-09-09,15:00:00,16:17:00,2,15.0,3.75,
13429,96,2024-09-09,14:45:00,16:05:00,6,15.0,1.5,
13430,134,2024-09-09,12:00:00,14:03:00,11,15.0,1.5,
13431,3,2024-09-09,12:30:00,13:50:00,11,15.0,3.75,
13432,233,2024-09-09,14:00:00,14:57:00,3,15.0,3.75,
13433,29,2024-09-09,13:30:00,14:18:00,14,18.0,0.0,
13434,217,2024-09-09,13:15:00,14:27:00,6,15.0,1.5,
13435,186,2024-09-09,13:30:00,15:41:00,6,15.0,1.5,
13436,119,2024-09-09,13:45:00,16:07:00,2,15.0,1.5,
13437,109,2024-09-09,14:00:00,14:52:00,4,15.0,1.5,
13438,69,2024-09-09,16:15:00,17:29:00,10,15.0,3.75,
13439,44,2024-09-09,15:15:00,16:32:00,12,15.0,1.5,
13440,155,2024-09-09,12:45:00,14:35:00,12,15.0,3.75,
13441,107,2024-09-09,11:30:00,12:53:00,2,15.0,3.75,
13442,225,2024-09-09,10:45:00,12:15:00,11,18.0,0.0,
13443,120,2024-09-09,12:15:00,13:49:00,5,15.0,1.5,
13444,207,2024-09-09,10:00:00,11:36:00,5,15.0,6.0,
13445,162,2024-09-09,14:30:00,16:34:00,11,15.0,3.75,
13446,67,2024-09-09,11:45:00,14:00:00,4,15.0,3.75,
13447,205,2024-09-09,11:00:00,13:22:00,3,15.0,3.75,
13448,97,2024-09-09,13:30:00,15:28:00,11,15.0,1.5,
13449,181,2024-09-09,11:15:00,12:57:00,7,15.0,1.5,
13450,9,2024-09-09,12:15:00,14:16:00,12,15.0,1.5,
13451,121,2024-09-09,12:30:00,14:47:00,3,15.0,1.5,
13452,93,2024-09-09,09:30:00,10:22:00,1,15.0,1.5,
13453,67,2024-09-09,15:15:00,16:53:00,12,15.0,3.75,
13454,210,2024-09-10,11:00:00,13:17:00,10,15.0,3.75,
13455,91,2024-09-10,13:45:00,14:50:00,10,15.0,3.75,
13456,115,2024-09-10,15:45:00,18:02:00,14,18.0,0.0,
13457,137,2024-09-10,10:45:00,12:00:00,14,18.0,0.0,
13458,61,2024-09-10,13:30:00,14:25:00,6,15.0,3.75,
13459,106,2024-09-10,09:15:00,11:34:00,7,15.0,1.5,
13460,158,2024-09-10,14:15:00,16:37:00,3,15.0,3.75,
13461,153,2024-09-10,16:30:00,17:26:00,7,18.0,0.0,
13462,193,2024-09-10,10:15:00,11:20:00,11,15.0,1.5,
13463,31,2024-09-10,13:00:00,15:30:00,11,15.0,1.5,
13464,144,2024-09-10,12:15:00,13:50:00,6,18.0,0.0,
13465,93,2024-09-10,16:30:00,18:58:00,2,15.0,1.5,
13466,119,2024-09-10,10:15:00,11:26:00,12,15.0,1.5,
13467,140,2024-09-10,15:30:00,16:19:00,7,15.0,3.75,
13468,144,2024-09-10,10:30:00,12:16:00,12,18.0,0.0,
13469,100,2024-09-10,16:15:00,17:30:00,1,15.0,1.5,
13470,106,2024-09-11,11:15:00,12:18:00,2,15.0,1.5,
13471,55,2024-09-11,16:45:00,19:14:00,7,18.0,0.0,
13472,107,2024-09-11,12:00:00,13:43:00,7,15.0,3.75,
13473,134,2024-09-11,16:45:00,17:43:00,13,15.0,1.5,
13474,155,2024-09-11,15:15:00,16:08:00,7,15.0,3.75,
13475,135,2024-09-11,10:00:00,10:55:00,3,15.0,3.75,
13476,61,2024-09-11,12:30:00,13:49:00,5,15.0,3.75,
13477,52,2024-09-11,09:45:00,11:57:00,11,15.0,1.5,
13478,121,2024-09-11,16:15:00,18:23:00,12,15.0,1.5,
13479,3,2024-09-11,11:15:00,13:35:00,11,15.0,3.75,
13480,74,2024-09-11,12:00:00,13:39:00,4,15.0,3.75,
13481,96,2024-09-11,14:00:00,15:15:00,13,15.0,1.5,
13482,99,2024-09-11,10:00:00,11:13:00,2,18.0,0.0,
13483,56,2024-09-11,13:45:00,15:22:00,12,15.0,3.75,
13484,82,2024-09-11,16:15:00,17:45:00,3,15.0,1.5,
13485,155,2024-09-11,14:45:00,16:05:00,14,15.0,3.75,
13486,29,2024-09-11,11:00:00,13:19:00,6,18.0,0.0,
13487,170,2024-09-11,13:00:00,15:07:00,14,15.0,1.5,
13488,128,2024-09-11,15:30:00,16:42:00,5,15.0,1.5,
13489,130,2024-09-11,16:15:00,17:01:00,11,15.0,1.5,
13490,66,2024-09-11,16:30:00,18:41:00,7,18.0,0.0,
13491,98,2024-09-11,16:45:00,18:16:00,5,15.0,3.75,
13492,108,2024-09-11,11:30:00,13:37:00,7,15.0,1.5,
13493,4,2024-09-11,14:15:00,16:03:00,12,15.0,3.75,
13494,69,2024-09-11,13:00:00,13:55:00,1,15.0,3.75,
13495,214,2024-09-11,12:00:00,14:30:00,1,18.0,0.0,
13496,98,2024-09-11,11:30:00,13:29:00,5,15.0,3.75,
13497,248,2024-09-11,11:15:00,12:45:00,5,18.0,0.0,
13498,55,2024-09-11,12:00:00,14:24:00,14,18.0,0.0,
13499,17,2024-09-12,10:00:00,12:29:00,1,18.0,0.0,
13500,173,2024-09-12,12:15:00,14:11:00,11,18.0,0.0,
13501,3,2024-09-12,15:45:00,18:11:00,5,15.0,3.75,
13502,48,2024-09-12,09:00:00,11:03:00,5,15.0,3.75,
13503,217,2024-09-12,11:30:00,13:11:00,1,15.0,1.5,
13504,2,2024-09-12,15:00:00,16:53:00,11,15.0,6.0,
13505,194,2024-09-12,16:00:00,17:10:00,4,15.0,1.5,
13506,120,2024-09-12,14:45:00,15:38:00,2,15.0,1.5,
13507,203,2024-09-12,11:30:00,12:59:00,6,15.0,3.75,
13508,89,2024-09-12,09:15:00,11:38:00,12,15.0,1.5,
13509,7,2024-09-12,09:00:00,11:07:00,14,15.0,1.5,
13510,28,2024-09-12,14:45:00,15:43:00,1,15.0,1.5,
13511,28,2024-09-12,14:00:00,15:46:00,12,15.0,1.5,
13512,3,2024-09-13,16:15:00,18:10:00,14,15.0,3.75,
13513,168,2024-09-13,16:45:00,17:49:00,5,18.0,0.0,
13514,242,2024-09-13,09:15:00,10:42:00,6,15.0,3.75,
13515,57,2024-09-13,15:45:00,16:46:00,10,15.0,1.5,
13516,158,2024-09-13,09:00:00,09:45:00,2,15.0,3.75,
13517,140,2024-09-13,15:00:00,15:56:00,7,15.0,3.75,
13518,238,2024-09-13,16:00:00,18:20:00,13,15.0,1.5,
13519,4,2024-09-13,11:00:00,12:19:00,7,15.0,3.75,
13520,2,2024-09-13,15:45:00,16:40:00,1,15.0,6.0,
13521,144,2024-09-13,15:45:00,17:54:00,1,18.0,0.0,
13522,2,2024-09-13,15:15:00,17:20:00,13,15.0,6.0,
13523,64,2024-09-13,11:00:00,12:06:00,14,15.0,1.5,
13524,66,2024-09-13,11:15:00,12:19:00,5,18.0,0.0,
13525,235,2024-09-13,11:00:00,13:28:00,1,18.0,0.0,
13526,50,2024-09-13,13:30:00,14:35:00,10,18.0,0.0,
13527,240,2024-09-13,13:45:00,14:39:00,13,15.0,6.0,
13528,143,2024-09-13,14:30:00,16:41:00,7,15.0,3.75,
13529,10,2024-09-13,09:30:00,11:05:00,2,15.0,1.5,
13530,44,2024-09-13,10:00:00,11:17:00,3,15.0,1.5,
13531,4,2024-09-14,11:15:00,13:13:00,12,15.0,3.75,
13532,73,2024-09-14,09:30:00,11:13:00,13,15.0,3.75,
13533,150,2024-09-14,10:30:00,12:04:00,10,18.0,0.0,
13534,22,2024-09-14,11:30:00,12:59:00,5,18.0,0.0,
13535,16,2024-09-14,12:45:00,15:15:00,12,18.0,0.0,
13536,81,2024-09-14,10:15:00,11:37:00,6,15.0,1.5,
13537,3,2024-09-14,15:30:00,17:04:00,10,15.0,3.75,
13538,107,2024-09-14,15:30:00,17:37:00,5,15.0,3.75,
13539,200,2024-09-14,15:45:00,16:37:00,5,18.0,0.0,
13540,245,2024-09-14,14:45:00,17:02:00,7,18.0,0.0,
13541,158,2024-09-14,15:45:00,16:35:00,4,15.0,3.75,
13542,189,2024-09-14,15:15:00,17:06:00,1,15.0,3.75,
13543,27,2024-09-14,15:15:00,16:28:00,1,15.0,6.0,
13544,193,2024-09-14,15:15:00,16:19:00,4,15.0,1.5,
13545,95,2024-09-14,13:00:00,14:07:00,2,15.0,1.5,
13546,93,2024-09-14,14:45:00,15:52:00,5,15.0,1.5,
13547,91,2024-09-14,10:45:00,13:09:00,14,15.0,3.75,
13548,185,2024-09-14,10:15:00,11:48:00,2,18.0,0.0,
13549,203,2024-09-14,13:15:00,14:00:00,2,15.0,3.75,
13550,78,2024-09-14,15:00:00,16:38:00,3,18.0,0.0,
13551,75,2024-09-14,11:15:00,12:57:00,12,15.0,1.5,
13552,189,2024-09-14,09:15:00,11:45:00,4,15.0,3.75,
13553,5,2024-09-14,11:45:00,14:01:00,6,15.0,3.75,
13554,98,2024-09-14,16:00:00,17:19:00,7,15.0,3.75,
13555,195,2024-09-14,16:45:00,18:05:00,3,15.0,3.75,
13556,232,2024-09-14,14:30:00,16:28:00,5,15.0,3.75,
13557,24,2024-09-14,16:45:00,18:15:00,3,15.0,3.75,
13558,155,2024-09-14,12:15:00,13:00:00,5,15.0,3.75,
13559,135,2024-09-14,11:45:00,13:50:00,11,15.0,3.75,
13560,96,2024-09-14,11:00:00,11:54:00,13,15.0,1.5,
13561,112,2024-09-14,16:45:00,18:53:00,13,15.0,1.5,
13562,238,2024-09-14,14:30:00,16:12:00,2,15.0,1.5,
13563,205,2024-09-14,09:45:00,11:22:00,1,15.0,3.75,
13564,165,2024-09-14,09:45:00,10:30:00,2,15.0,6.0,
13565,114,2024-09-14,09:00:00,10:18:00,7,15.0,1.5,
13566,7,2024-09-14,16:15:00,18:06:00,7,15.0,1.5,
13567,155,2024-09-15,12:00:00,13:47:00,7,15.0,3.75,
13568,246,2024-09-15,11:45:00,12:46:00,11,15.0,1.5,
13569,148,2024-09-15,11:00:00,13:17:00,6,15.0,1.5,
13570,15,2024-09-15,15:30:00,17:42:00,6,18.0,0.0,
13571,48,2024-09-15,12:45:00,14:46:00,14,15.0,3.75,
13572,64,2024-09-15,13:30:00,15:42:00,14,15.0,1.5,
13573,5,2024-09-15,16:15:00,17:41:00,5,15.0,3.75,
13574,6,2024-09-15,16:15:00,18:19:00,3,15.0,1.5,
13575,155,2024-09-15,15:30:00,17:24:00,10,15.0,3.75,
13576,137,2024-09-15,12:45:00,14:58:00,13,18.0,0.0,
13577,1,2024-09-15,13:45:00,16:08:00,5,15.0,6.0,
13578,184,2024-09-15,09:15:00,11:45:00,10,18.0,0.0,
13579,148,2024-09-15,12:00:00,12:58:00,11,15.0,1.5,
13580,138,2024-09-15,14:30:00,16:27:00,2,18.0,0.0,
13581,154,2024-09-15,13:30:00,14:55:00,14,18.0,0.0,
13582,91,2024-09-15,11:00:00,12:07:00,1,15.0,3.75,
13583,169,2024-09-15,15:00:00,17:18:00,11,15.0,1.5,
13584,56,2024-09-15,13:30:00,15:18:00,7,15.0,3.75,
13585,96,2024-09-15,09:15:00,10:43:00,10,15.0,1.5,
13586,63,2024-09-15,09:30:00,11:02:00,3,15.0,1.5,
13587,181,2024-09-15,13:00:00,15:28:00,6,15.0,1.5,
13588,237,2024-09-15,09:45:00,11:23:00,6,15.0,3.75,
13589,232,2024-09-15,13:00:00,14:04:00,6,15.0,3.75,
13590,10,2024-09-15,12:30:00,14:02:00,11,15.0,1.5,
13591,173,2024-09-15,10:30:00,12:36:00,6,18.0,0.0,
13592,55,2024-09-15,09:00:00,11:10:00,2,18.0,0.0,
13593,39,2024-09-16,16:15:00,17:43:00,12,15.0,1.5,
13594,111,2024-09-16,10:30:00,11:59:00,5,15.0,1.5,
13595,110,2024-09-16,14:30:00,16:31:00,2,15.0,3.75,
13596,3,2024-09-16,09:30:00,11:27:00,12,15.0,3.75,
13597,34,2024-09-16,16:15:00,17:42:00,13,18.0,0.0,
13598,98,2024-09-16,11:30:00,13:18:00,6,15.0,3.75,
13599,90,2024-09-16,13:45:00,15:45:00,10,18.0,0.0,
13600,56,2024-09-16,09:30:00,10:42:00,1,15.0,3.75,
13601,52,2024-09-16,12:45:00,14:30:00,3,15.0,1.5,
13602,186,2024-09-16,10:00:00,11:08:00,12,15.0,1.5,
13603,236,2024-09-16,09:30:00,11:18:00,13,15.0,1.5,
13604,83,2024-09-16,14:15:00,15:40:00,5,15.0,1.5,
13605,20,2024-09-16,14:45:00,17:02:00,6,18.0,0.0,
13606,186,2024-09-16,10:45:00,12:22:00,10,15.0,1.5,
13607,82,2024-09-16,14:45:00,17:12:00,11,15.0,1.5,
13608,122,2024-09-16,11:00:00,12:12:00,10,15.0,1.5,
13609,143,2024-09-16,09:15:00,10:15:00,3,15.0,3.75,
13610,162,2024-09-16,15:00:00,16:33:00,6,15.0,3.75,
13611,240,2024-09-16,12:45:00,15:06:00,7,15.0,6.0,
13612,7,2024-09-16,10:30:00,12:29:00,2,15.0,1.5,
13613,213,2024-09-17,13:15:00,15:25:00,12,15.0,1.5,
13614,189,2024-09-17,10:30:00,12:09:00,2,15.0,3.75,
13615,11,2024-09-17,12:30:00,14:31:00,2,18.0,0.0,
13616,240,2024-09-17,09:00:00,11:26:00,12,15.0,6.0,
13617,211,2024-09-17,10:15:00,11:29:00,7,18.0,0.0,
13618,27,2024-09-17,12:30:00,14:56:00,4,15.0,6.0,
13619,112,2024-09-17,15:30:00,17:52:00,7,15.0,1.5,
13620,197,2024-09-17,11:45:00,13:24:00,13,15.0,1.5,
13621,197,2024-09-17,11:15:00,13:24:00,12,15.0,1.5,
13622,59,2024-09-17,09:45:00,11:09:00,7,15.0,1.5,
13623,203,2024-09-17,11:00:00,12:53:00,10,15.0,3.75,
13624,53,2024-09-17,09:30:00,11:26:00,5,15.0,1.5,
13625,165,2024-09-17,14:45:00,15:35:00,4,15.0,6.0,
13626,120,2024-09-17,10:15:00,12:14:00,10,15.0,1.5,
13627,238,2024-09-17,15:30:00,16:43:00,6,15.0,1.5,
13628,116,2024-09-17,15:00:00,17:19:00,10,18.0,0.0,
13629,111,2024-09-17,16:45:00,17:59:00,5,15.0,1.5,
13630,217,2024-09-17,13:45:00,15:06:00,7,15.0,1.5,
13631,5,2024-09-17,12:30:00,14:52:00,5,15.0,3.75,
13632,183,2024-09-17,14:45:00,15:58:00,1,15.0,1.5,
13633,2,2024-09-17,16:45:00,18:30:00,13,15.0,6.0,
13634,48,2024-09-18,15:00:00,16:33:00,10,15.0,3.75,
13635,110,2024-09-18,10:15:00,12:34:00,4,15.0,3.75,
13636,1,2024-09-18,14:45:00,15:45:00,14,15.0,6.0,
13637,165,2024-09-18,14:45:00,16:40:00,5,15.0,6.0,
13638,244,2024-09-18,16:00:00,17:07:00,6,18.0,0.0,
13639,4,2024-09-18,15:45:00,16:35:00,14,15.0,3.75,
13640,4,2024-09-18,13:00:00,15:12:00,13,15.0,3.75,
13641,74,2024-09-18,11:00:00,12:38:00,13,15.0,3.75,
13642,154,2024-09-18,10:45:00,11:58:00,11,18.0,0.0,
13643,107,2024-09-18,11:15:00,13:45:00,3,15.0,3.75,
13644,89,2024-09-18,13:30:00,14:34:00,10,15.0,1.5,
13645,219,2024-09-18,12:00:00,12:46:00,2,15.0,3.75,
13646,96,2024-09-18,15:45:00,17:18:00,1,15.0,1.5,
13647,85,2024-09-18,09:00:00,11:20:00,13,18.0,0.0,
13648,35,2024-09-18,09:15:00,11:36:00,5,18.0,0.0,
13649,36,2024-09-18,09:45:00,12:04:00,10,15.0,3.75,
13650,165,2024-09-18,10:45:00,11:46:00,5,15.0,6.0,
13651,185,2024-09-18,10:30:00,12:48:00,2,18.0,0.0,
13652,193,2024-09-18,12:45:00,14:44:00,12,15.0,1.5,
13653,33,2024-09-18,15:30:00,17:07:00,13,15.0,3.75,
13654,10,2024-09-18,16:45:00,17:50:00,12,15.0,1.5,
13655,141,2024-09-18,15:45:00,16:53:00,2,15.0,3.75,
13656,194,2024-09-18,12:45:00,14:52:00,5,15.0,1.5,
13657,73,2024-09-18,16:15:00,18:33:00,10,15.0,3.75,
13658,238,2024-09-19,12:30:00,14:37:00,3,15.0,1.5,
13659,160,2024-09-19,15:15:00,16:47:00,14,15.0,3.75,
13660,190,2024-09-19,13:00:00,15:11:00,3,18.0,0.0,
13661,143,2024-09-19,14:00:00,15:57:00,5,15.0,3.75,
13662,179,2024-09-19,10:15:00,11:39:00,12,15.0,3.75,
13663,107,2024-09-19,16:15:00,18:33:00,12,15.0,3.75,
13664,92,2024-09-19,09:15:00,10:48:00,3,18.0,0.0,
13665,165,2024-09-19,16:15:00,17:43:00,12,15.0,6.0,
13666,92,2024-09-19,16:45:00,18:08:00,14,18.0,0.0,
13667,83,2024-09-19,09:30:00,11:17:00,4,15.0,1.5,
13668,57,2024-09-19,15:15:00,17:03:00,7,15.0,1.5,
13669,48,2024-09-19,14:30:00,16:29:00,13,15.0,3.75,
13670,105,2024-09-19,11:45:00,13:53:00,14,18.0,0.0,
13671,197,2024-09-19,16:30:00,18:34:00,11,15.0,1.5,
13672,121,2024-09-19,14:15:00,16:02:00,5,15.0,1.5,
13673,96,2024-09-19,10:00:00,10:55:00,5,15.0,1.5,
13674,125,2024-09-19,14:30:00,16:24:00,6,18.0,0.0,
13675,56,2024-09-19,16:15:00,18:27:00,1,15.0,3.75,
13676,110,2024-09-19,11:30:00,13:41:00,6,15.0,3.75,
13677,61,2024-09-19,15:15:00,17:30:00,11,15.0,3.75,
13678,57,2024-09-19,13:30:00,15:23:00,12,15.0,1.5,
13679,176,2024-09-19,12:15:00,14:10:00,5,18.0,0.0,
13680,189,2024-09-19,09:15:00,10:47:00,4,15.0,3.75,
13681,147,2024-09-19,14:45:00,16:05:00,14,18.0,0.0,
13682,95,2024-09-19,10:15:00,11:55:00,1,15.0,1.5,
13683,179,2024-09-19,16:30:00,17:37:00,13,15.0,3.75,
13684,28,2024-09-19,15:00:00,15:57:00,5,15.0,1.5,
13685,179,2024-09-19,09:45:00,11:59:00,11,15.0,3.75,
13686,201,2024-09-19,09:30:00,10:18:00,3,15.0,1.5,
13687,204,2024-09-19,12:00:00,13:45:00,6,18.0,0.0,
13688,73,2024-09-19,16:00:00,18:00:00,5,15.0,3.75,
13689,138,2024-09-20,16:45:00,17:30:00,12,18.0,0.0,
13690,192,2024-09-20,11:45:00,13:06:00,12,18.0,0.0,
13691,48,2024-09-20,16:45:00,17:45:00,4,15.0,3.75,
13692,165,2024-09-20,10:00:00,11:18:00,10,15.0,6.0,
13693,223,2024-09-20,14:30:00,16:42:00,3,15.0,1.5,
13694,119,2024-09-20,09:00:00,09:49:00,5,15.0,1.5,
13695,11,2024-09-20,16:15:00,17:00:00,12,18.0,0.0,
13696,2,2024-09-20,13:00:00,14:02:00,1,15.0,6.0,
13697,31,2024-09-20,16:45:00,18:41:00,12,15.0,1.5,
13698,217,2024-09-20,16:45:00,19:11:00,12,15.0,1.5,
13699,111,2024-09-20,09:00:00,10:38:00,4,15.0,1.5,
13700,160,2024-09-20,10:15:00,12:43:00,14,15.0,3.75,
13701,50,2024-09-20,10:30:00,12:45:00,5,18.0,0.0,
13702,195,2024-09-20,12:30:00,14:19:00,14,15.0,3.75,
13703,56,2024-09-20,14:45:00,16:59:00,3,15.0,3.75,
13704,131,2024-09-20,12:30:00,14:27:00,12,18.0,0.0,
13705,227,2024-09-20,10:00:00,10:54:00,12,18.0,0.0,
13706,99,2024-09-20,09:00:00,10:59:00,1,18.0,0.0,
13707,92,2024-09-20,09:45:00,10:47:00,13,18.0,0.0,
13708,162,2024-09-20,15:00:00,15:48:00,13,15.0,3.75,
13709,3,2024-09-20,14:00:00,16:25:00,6,15.0,3.75,
13710,73,2024-09-20,11:30:00,13:41:00,7,15.0,3.75,
13711,235,2024-09-20,16:00:00,17:47:00,5,18.0,0.0,
13712,91,2024-09-21,13:45:00,15:42:00,11,15.0,3.75,
13713,100,2024-09-21,10:30:00,12:30:00,10,15.0,1.5,
13714,249,2024-09-21,14:45:00,16:35:00,4,18.0,0.0,
13715,205,2024-09-21,10:00:00,11:45:00,3,15.0,3.75,
13716,121,2024-09-21,11:15:00,12:22:00,10,15.0,1.5,
13717,206,2024-09-21,14:15:00,15:22:00,6,18.0,0.0,
13718,23,2024-09-21,16:45:00,18:43:00,3,15.0,6.0,
13719,23,2024-09-21,16:30:00,18:30:00,7,15.0,6.0,
13720,8,2024-09-21,11:15:00,12:46:00,7,15.0,1.5,
13721,162,2024-09-21,10:15:00,12:31:00,1,15.0,3.75,
13722,104,2024-09-21,16:30:00,18:11:00,12,18.0,0.0,
13723,135,2024-09-21,16:00:00,18:20:00,12,15.0,3.75,
13724,179,2024-09-21,13:00:00,15:07:00,12,15.0,3.75,
13725,107,2024-09-21,13:45:00,14:53:00,4,15.0,3.75,
13726,237,2024-09-21,12:00:00,13:26:00,11,15.0,3.75,
13727,142,2024-09-21,13:15:00,15:44:00,1,15.0,1.5,
13728,189,2024-09-21,13:00:00,14:16:00,3,15.0,3.75,
13729,134,2024-09-21,10:30:00,11:24:00,10,15.0,1.5,
13730,67,2024-09-21,14:45:00,16:45:00,7,15.0,3.75,
13731,210,2024-09-21,10:15:00,11:12:00,1,15.0,3.75,
13732,195,2024-09-21,09:00:00,10:52:00,10,15.0,3.75,
13733,50,2024-09-21,09:15:00,11:34:00,12,18.0,0.0,
13734,8,2024-09-21,13:15:00,14:56:00,10,15.0,1.5,
13735,27,2024-09-21,14:45:00,15:52:00,14,15.0,6.0,
13736,218,2024-09-21,13:00:00,14:12:00,10,15.0,1.5,
13737,133,2024-09-21,11:00:00,13:23:00,1,18.0,0.0,
13738,103,2024-09-21,16:45:00,18:46:00,12,15.0,1.5,
13739,177,2024-09-21,15:30:00,16:50:00,4,18.0,0.0,
13740,59,2024-09-21,15:00:00,16:01:00,6,15.0,1.5,
13741,207,2024-09-21,12:15:00,14:24:00,11,15.0,6.0,
13742,42,2024-09-21,15:15:00,16:08:00,3,15.0,1.5,
13743,69,2024-09-21,16:15:00,17:14:00,3,15.0,3.75,
13744,236,2024-09-21,10:00:00,11:55:00,13,15.0,1.5,
13745,181,2024-09-21,15:45:00,17:33:00,7,15.0,1.5,
13746,118,2024-09-22,15:30:00,16:23:00,1,15.0,3.75,
13747,13,2024-09-22,09:15:00,11:21:00,5,18.0,0.0,
13748,44,2024-09-22,15:00:00,15:48:00,1,15.0,1.5,
13749,56,2024-09-22,10:15:00,12:20:00,4,15.0,3.75,
13750,219,2024-09-22,13:45:00,15:02:00,2,15.0,3.75,
13751,165,2024-09-22,12:30:00,14:33:00,10,15.0,6.0,
13752,203,2024-09-22,11:00:00,12:19:00,12,15.0,3.75,
13753,33,2024-09-22,12:30:00,13:35:00,2,15.0,3.75,
13754,155,2024-09-22,12:45:00,14:32:00,13,15.0,3.75,
13755,189,2024-09-22,14:30:00,16:56:00,3,15.0,3.75,
13756,205,2024-09-22,13:00:00,14:41:00,13,15.0,3.75,
13757,133,2024-09-22,11:15:00,13:06:00,12,18.0,0.0,
13758,3,2024-09-22,16:00:00,16:48:00,11,15.0,3.75,
13759,184,2024-09-22,13:00:00,14:11:00,7,18.0,0.0,
13760,185,2024-09-22,15:15:00,17:03:00,11,18.0,0.0,
13761,149,2024-09-22,15:15:00,17:21:00,4,15.0,1.5,
13762,215,2024-09-22,13:45:00,14:41:00,2,15.0,3.75,
13763,50,2024-09-22,16:15:00,18:33:00,3,18.0,0.0,
13764,192,2024-09-22,09:30:00,11:17:00,3,18.0,0.0,
13765,38,2024-09-22,09:00:00,10:39:00,12,15.0,1.5,
13766,76,2024-09-22,15:30:00,16:15:00,10,15.0,3.75,
13767,48,2024-09-22,09:30:00,11:51:00,3,15.0,3.75,
13768,228,2024-09-22,10:45:00,11:46:00,12,15.0,1.5,
13769,115,2024-09-22,16:30:00,17:36:00,1,18.0,0.0,
13770,8,2024-09-22,14:15:00,16:35:00,6,15.0,1.5,
13771,107,2024-09-22,13:30:00,14:57:00,6,15.0,3.75,
13772,56,2024-09-22,10:15:00,12:25:00,3,15.0,3.75,
13773,63,2024-09-22,12:15:00,14:45:00,13,15.0,1.5,
13774,3,2024-09-22,13:45:00,15:42:00,13,15.0,3.75,
13775,4,2024-09-22,14:45:00,16:54:00,13,15.0,3.75,
13776,143,2024-09-22,11:30:00,13:54:00,7,15.0,3.75,
13777,1,2024-09-22,09:15:00,10:02:00,7,15.0,6.0,
13778,233,2024-09-22,13:30:00,15:00:00,5,15.0,3.75,
13779,174,2024-09-22,10:45:00,11:56:00,7,15.0,1.5,
13780,160,2024-09-22,09:15:00,10:41:00,2,15.0,3.75,
13781,95,2024-09-23,13:15:00,15:41:00,6,15.0,1.5,
13782,189,2024-09-23,13:15:00,15:19:00,5,15.0,3.75,
13783,27,2024-09-23,12:30:00,13:55:00,11,15.0,6.0,
13784,111,2024-09-23,14:00:00,15:38:00,1,15.0,1.5,
13785,78,2024-09-23,10:15:00,12:09:00,13,18.0,0.0,
13786,219,2024-09-23,15:45:00,17:59:00,1,15.0,3.75,
13787,231,2024-09-23,09:00:00,10:44:00,2,15.0,1.5,
13788,159,2024-09-23,13:00:00,14:11:00,13,15.0,1.5,
13789,205,2024-09-23,16:00:00,18:08:00,7,15.0,3.75,
13790,68,2024-09-23,12:00:00,13:30:00,7,18.0,0.0,
13791,155,2024-09-23,14:00:00,14:49:00,14,15.0,3.75,
13792,78,2024-09-23,15:00:00,16:49:00,6,18.0,0.0,
13793,104,2024-09-23,15:45:00,17:03:00,1,18.0,0.0,
13794,96,2024-09-23,10:45:00,11:38:00,10,15.0,1.5,
13795,177,2024-09-23,16:00:00,18:28:00,14,18.0,0.0,
13796,173,2024-09-23,16:15:00,17:23:00,2,18.0,0.0,
13797,47,2024-09-23,10:00:00,10:46:00,13,15.0,1.5,
13798,96,2024-09-23,12:00:00,13:26:00,13,15.0,1.5,
13799,203,2024-09-23,16:30:00,18:34:00,2,15.0,3.75,
13800,165,2024-09-23,15:00:00,17:09:00,3,15.0,6.0,
13801,158,2024-09-24,10:00:00,11:46:00,4,15.0,3.75,
13802,56,2024-09-24,15:30:00,16:19:00,14,15.0,3.75,
13803,120,2024-09-24,12:15:00,13:29:00,5,15.0,1.5,
13804,126,2024-09-24,10:00:00,11:26:00,5,15.0,1.5,
13805,45,2024-09-24,11:15:00,13:42:00,1,18.0,0.0,
13806,242,2024-09-24,12:45:00,14:26:00,2,15.0,3.75,
13807,36,2024-09-24,10:45:00,12:50:00,11,15.0,3.75,
13808,237,2024-09-24,13:00:00,15:06:00,2,15.0,3.75,
13809,224,2024-09-24,16:30:00,17:40:00,13,15.0,3.75,
13810,237,2024-09-24,13:00:00,15:14:00,14,15.0,3.75,
13811,181,2024-09-24,14:15:00,15:50:00,10,15.0,1.5,
13812,38,2024-09-24,12:45:00,15:08:00,10,15.0,1.5,
13813,218,2024-09-24,14:45:00,15:40:00,11,15.0,1.5,
13814,206,2024-09-24,14:15:00,15:46:00,5,18.0,0.0,
13815,174,2024-09-24,12:00:00,14:23:00,10,15.0,1.5,
13816,4,2024-09-24,12:15:00,14:35:00,11,15.0,3.75,
13817,179,2024-09-24,15:00:00,15:57:00,2,15.0,3.75,
13818,2,2024-09-24,13:45:00,15:55:00,2,15.0,6.0,
13819,64,2024-09-24,09:00:00,11:26:00,14,15.0,1.5,
13820,110,2024-09-24,11:15:00,13:22:00,4,15.0,3.75,
13821,215,2024-09-24,16:30:00,17:31:00,14,15.0,3.75,
13822,192,2024-09-24,09:15:00,11:26:00,11,18.0,0.0,
13823,189,2024-09-24,11:15:00,12:52:00,5,15.0,3.75,
13824,205,2024-09-24,16:15:00,17:11:00,10,15.0,3.75,
13825,73,2024-09-24,14:00:00,15:10:00,4,15.0,3.75,
13826,210,2024-09-24,14:15:00,15:25:00,11,15.0,3.75,
13827,36,2024-09-24,11:30:00,13:27:00,5,15.0,3.75,
13828,95,2024-09-25,14:00:00,15:14:00,13,15.0,1.5,
13829,74,2024-09-25,13:45:00,14:49:00,1,15.0,3.75,
13830,74,2024-09-25,11:30:00,12:56:00,7,15.0,3.75,
13831,151,2024-09-25,16:15:00,18:45:00,5,18.0,0.0,
13832,128,2024-09-25,15:30:00,17:11:00,7,15.0,1.5,
13833,119,2024-09-25,10:15:00,11:44:00,3,15.0,1.5,
13834,123,2024-09-25,13:30:00,15:55:00,4,18.0,0.0,
13835,35,2024-09-25,11:00:00,12:29:00,5,18.0,0.0,
13836,141,2024-09-25,15:45:00,18:07:00,10,15.0,3.75,
13837,98,2024-09-25,16:45:00,18:19:00,1,15.0,3.75,
13838,95,2024-09-25,11:15:00,13:09:00,11,15.0,1.5,
13839,69,2024-09-25,11:15:00,13:16:00,2,15.0,3.75,
13840,244,2024-09-25,10:15:00,12:00:00,11,18.0,0.0,
13841,71,2024-09-25,15:15:00,17:11:00,1,15.0,1.5,
13842,11,2024-09-25,10:15:00,12:23:00,12,18.0,0.0,
13843,185,2024-09-25,14:45:00,16:37:00,4,18.0,0.0,
13844,24,2024-09-25,15:45:00,17:31:00,4,15.0,3.75,
13845,1,2024-09-25,13:30:00,14:32:00,14,15.0,6.0,
13846,160,2024-09-25,15:00:00,16:50:00,13,15.0,3.75,
13847,224,2024-09-25,14:15:00,16:39:00,4,15.0,3.75,
13848,179,2024-09-25,14:00:00,16:20:00,6,15.0,3.75,
13849,218,2024-09-25,09:45:00,11:56:00,13,15.0,1.5,
13850,27,2024-09-25,11:00:00,12:30:00,6,15.0,6.0,
13851,242,2024-09-26,16:45:00,17:41:00,6,15.0,3.75,
13852,240,2024-09-26,14:45:00,16:51:00,2,15.0,6.0,
13853,43,2024-09-26,13:45:00,15:29:00,1,15.0,3.75,
13854,96,2024-09-26,09:45:00,12:05:00,10,15.0,1.5,
13855,107,2024-09-26,15:30:00,17:10:00,4,15.0,3.75,
13856,83,2024-09-26,11:30:00,12:20:00,6,15.0,1.5,
13857,205,2024-09-26,11:30:00,13:25:00,5,15.0,3.75,
13858,69,2024-09-26,11:45:00,13:30:00,12,15.0,3.75,
13859,39,2024-09-26,11:15:00,13:39:00,14,15.0,1.5,
13860,47,2024-09-26,10:45:00,12:28:00,1,15.0,1.5,
13861,155,2024-09-26,16:15:00,18:10:00,12,15.0,3.75,
13862,2,2024-09-26,16:45:00,17:39:00,3,15.0,6.0,
13863,2,2024-09-26,14:15:00,15:21:00,14,15.0,6.0,
13864,193,2024-09-26,09:15:00,10:29:00,7,15.0,1.5,
13865,151,2024-09-26,15:45:00,17:03:00,13,18.0,0.0,
13866,190,2024-09-26,10:15:00,11:23:00,2,18.0,0.0,
13867,170,2024-09-26,14:15:00,15:37:00,3,15.0,1.5,
13868,5,2024-09-26,10:15:00,11:29:00,11,15.0,3.75,
13869,155,2024-09-26,11:15:00,13:02:00,6,15.0,3.75,
13870,214,2024-09-26,15:00:00,16:26:00,13,18.0,0.0,
13871,200,2024-09-26,10:15:00,11:12:00,11,18.0,0.0,
13872,226,2024-09-26,16:15:00,18:08:00,10,18.0,0.0,
13873,25,2024-09-26,11:45:00,13:37:00,12,15.0,1.5,
13874,210,2024-09-26,13:15:00,14:24:00,14,15.0,3.75,
13875,205,2024-09-26,14:45:00,15:51:00,4,15.0,3.75,
13876,8,2024-09-26,14:30:00,16:23:00,7,15.0,1.5,
13877,168,2024-09-26,10:45:00,12:26:00,3,18.0,0.0,
13878,172,2024-09-26,10:45:00,12:21:00,13,15.0,1.5,
13879,205,2024-09-26,12:15:00,14:10:00,1,15.0,3.75,
13880,237,2024-09-26,15:45:00,16:52:00,4,15.0,3.75,
13881,219,2024-09-27,13:45:00,15:14:00,6,15.0,3.75,
13882,135,2024-09-27,14:15:00,16:25:00,7,15.0,3.75,
13883,5,2024-09-27,10:30:00,11:49:00,14,15.0,3.75,
13884,205,2024-09-27,12:15:00,13:05:00,14,15.0,3.75,
13885,27,2024-09-27,16:45:00,18:48:00,2,15.0,6.0,
13886,8,2024-09-27,10:15:00,11:10:00,13,15.0,1.5,
13887,119,2024-09-27,16:00:00,17:27:00,7,15.0,1.5,
13888,205,2024-09-27,14:30:00,16:48:00,10,15.0,3.75,
13889,235,2024-09-27,09:15:00,11:15:00,6,18.0,0.0,
13890,155,2024-09-27,09:30:00,10:58:00,4,15.0,3.75,
13891,201,2024-09-27,15:45:00,16:40:00,3,15.0,1.5,
13892,98,2024-09-27,09:45:00,11:18:00,1,15.0,3.75,
13893,193,2024-09-27,13:45:00,16:05:00,6,15.0,1.5,
13894,228,2024-09-27,16:45:00,17:43:00,1,15.0,1.5,
13895,71,2024-09-27,14:30:00,15:46:00,13,15.0,1.5,
13896,121,2024-09-27,10:00:00,11:29:00,11,15.0,1.5,
13897,163,2024-09-27,16:45:00,17:47:00,4,18.0,0.0,
13898,197,2024-09-27,09:00:00,11:29:00,5,15.0,1.5,
13899,122,2024-09-27,14:15:00,15:50:00,10,15.0,1.5,
13900,73,2024-09-28,15:00:00,15:49:00,1,15.0,3.75,
13901,44,2024-09-28,16:45:00,18:02:00,1,15.0,1.5,
13902,4,2024-09-28,14:45:00,16:10:00,13,15.0,3.75,
13903,234,2024-09-28,09:30:00,10:43:00,11,18.0,0.0,
13904,140,2024-09-28,10:45:00,12:50:00,10,15.0,3.75,
13905,134,2024-09-28,10:45:00,12:51:00,2,15.0,1.5,
13906,85,2024-09-28,13:30:00,15:26:00,13,18.0,0.0,
13907,98,2024-09-28,13:15:00,14:46:00,5,15.0,3.75,
13908,237,2024-09-28,14:00:00,14:58:00,3,15.0,3.75,
13909,49,2024-09-28,11:15:00,12:13:00,10,15.0,1.5,
13910,125,2024-09-28,15:45:00,17:02:00,4,18.0,0.0,
13911,2,2024-09-28,11:30:00,13:23:00,7,15.0,6.0,
13912,151,2024-09-28,14:00:00,16:18:00,11,18.0,0.0,
13913,61,2024-09-28,11:00:00,13:00:00,3,15.0,3.75,
13914,48,2024-09-28,10:00:00,11:53:00,1,15.0,3.75,
13915,76,2024-09-28,12:30:00,13:40:00,1,15.0,3.75,
13916,215,2024-09-28,14:15:00,16:03:00,11,15.0,3.75,
13917,28,2024-09-28,09:45:00,10:41:00,13,15.0,1.5,
13918,174,2024-09-28,12:00:00,14:14:00,13,15.0,1.5,
13919,141,2024-09-28,13:15:00,15:15:00,11,15.0,3.75,
13920,119,2024-09-28,09:00:00,09:49:00,3,15.0,1.5,
13921,2,2024-09-28,10:00:00,10:53:00,5,15.0,6.0,
13922,162,2024-09-28,14:00:00,14:50:00,13,15.0,3.75,
13923,4,2024-09-28,12:00:00,14:15:00,5,15.0,3.75,
13924,248,2024-09-28,15:30:00,17:00:00,11,18.0,0.0,
13925,172,2024-09-28,10:00:00,11:18:00,2,15.0,1.5,
13926,1,2024-09-29,13:00:00,14:14:00,12,15.0,6.0,
13927,4,2024-09-29,14:30:00,15:50:00,13,15.0,3.75,
13928,128,2024-09-29,16:00:00,18:17:00,5,15.0,1.5,
13929,245,2024-09-29,15:00:00,15:51:00,10,18.0,0.0,
13930,107,2024-09-29,10:30:00,11:57:00,2,15.0,3.75,
13931,7,2024-09-29,16:15:00,18:15:00,6,15.0,1.5,
13932,222,2024-09-29,15:30:00,16:59:00,11,18.0,0.0,
13933,172,2024-09-29,10:30:00,12:02:00,13,15.0,1.5,
13934,164,2024-09-29,09:00:00,11:11:00,11,15.0,1.5,
13935,238,2024-09-29,10:30:00,12:52:00,4,15.0,1.5,
13936,175,2024-09-29,09:30:00,11:41:00,14,18.0,0.0,
13937,217,2024-09-29,14:15:00,16:01:00,4,15.0,1.5,
13938,48,2024-09-29,10:45:00,12:59:00,10,15.0,3.75,
13939,173,2024-09-29,10:15:00,12:22:00,3,18.0,0.0,
13940,33,2024-09-29,09:45:00,11:42:00,12,15.0,3.75,
13941,245,2024-09-29,14:15:00,16:13:00,4,18.0,0.0,
13942,181,2024-09-29,14:00:00,15:19:00,7,15.0,1.5,
13943,206,2024-09-29,10:00:00,10:47:00,1,18.0,0.0,
13944,4,2024-09-29,16:45:00,17:42:00,5,15.0,3.75,
13945,112,2024-09-29,13:00:00,14:08:00,13,15.0,1.5,
13946,169,2024-09-29,16:00:00,18:01:00,2,15.0,1.5,
13947,210,2024-09-29,11:15:00,12:04:00,12,15.0,3.75,
13948,2,2024-09-29,10:15:00,12:40:00,11,15.0,6.0,
13949,182,2024-09-29,12:30:00,14:28:00,3,15.0,1.5,
13950,95,2024-09-29,13:45:00,14:53:00,3,15.0,1.5,
13951,2,2024-09-29,11:00:00,12:33:00,10,15.0,6.0,
13952,164,2024-09-29,11:00:00,13:30:00,5,15.0,1.5,
13953,215,2024-09-29,11:00:00,13:04:00,2,15.0,3.75,
13954,228,2024-09-29,16:00:00,17:19:00,13,15.0,1.5,
13955,27,2024-09-29,14:00:00,14:52:00,1,15.0,6.0,
13956,59,2024-09-29,09:00:00,10:45:00,10,15.0,1.5,
13957,179,2024-09-29,16:15:00,17:18:00,13,15.0,3.75,
13958,218,2024-09-29,11:45:00,13:00:00,4,15.0,1.5,
13959,237,2024-09-29,09:15:00,10:52:00,14,15.0,3.75,
13960,228,2024-09-29,13:30:00,14:55:00,14,15.0,1.5,
13961,1,2024-09-29,09:30:00,11:11:00,12,15.0,6.0,
13962,120,2024-09-29,15:00:00,17:23:00,13,15.0,1.5,
13963,44,2024-09-29,13:15:00,15:01:00,10,15.0,1.5,
13964,5,2024-09-29,09:30:00,10:50:00,1,15.0,3.75,
13965,91,2024-09-30,15:00:00,17:28:00,13,15.0,3.75,
13966,90,2024-09-30,09:00:00,11:30:00,5,18.0,0.0,
13967,168,2024-09-30,09:45:00,10:53:00,2,18.0,0.0,
13968,120,2024-09-30,10:00:00,11:47:00,10,15.0,1.5,
13969,67,2024-09-30,16:45:00,18:41:00,3,15.0,3.75,
13970,237,2024-09-30,09:00:00,10:42:00,7,15.0,3.75,
13971,120,2024-09-30,10:15:00,11:00:00,14,15.0,1.5,
13972,13,2024-09-30,16:45:00,18:48:00,7,18.0,0.0,
13973,27,2024-09-30,09:45:00,11:53:00,11,15.0,6.0,
13974,233,2024-09-30,11:00:00,13:05:00,10,15.0,3.75,
13975,78,2024-09-30,10:45:00,12:01:00,2,18.0,0.0,
13976,34,2024-09-30,16:00:00,17:16:00,6,18.0,0.0,
13977,197,2024-09-30,13:45:00,15:12:00,3,15.0,1.5,
13978,217,2024-09-30,14:45:00,15:49:00,1,15.0,1.5,
13979,48,2024-09-30,10:15:00,11:55:00,11,15.0,3.75,
13980,1,2024-09-30,11:00:00,12:18:00,12,15.0,6.0,
13981,34,2024-09-30,12:30:00,13:37:00,7,18.0,0.0,
13982,205,2024-09-30,12:45:00,13:40:00,7,15.0,3.75,
13983,103,2024-09-30,16:15:00,18:25:00,2,15.0,1.5,
13984,164,2024-09-30,15:15:00,17:12:00,1,15.0,1.5,
13985,96,2024-09-30,11:45:00,13:14:00,6,15.0,1.5,
13986,27,2024-09-30,14:45:00,16:30:00,11,15.0,6.0,
13987,89,2024-09-30,11:30:00,12:55:00,4,15.0,1.5,
13988,37,2024-09-30,12:15:00,14:36:00,3,18.0,0.0,
13989,63,2024-10-01,15:15:00,17:32:00,14,15.0,1.5,
13990,103,2024-10-01,14:30:00,16:05:00,12,15.0,1.5,
13991,154,2024-10-01,15:15:00,17:20:00,12,18.0,0.0,
13992,83,2024-10-01,11:00:00,13:02:00,3,15.0,1.5,
13993,36,2024-10-01,14:45:00,16:50:00,10,15.0,3.75,
13994,224,2024-10-01,12:30:00,13:38:00,12,15.0,3.75,
13995,128,2024-10-01,09:45:00,11:40:00,10,15.0,1.5,
13996,10,2024-10-01,15:45:00,18:07:00,7,15.0,1.5,
13997,218,2024-10-01,11:15:00,12:43:00,5,15.0,1.5,
13998,159,2024-10-01,10:15:00,11:34:00,1,15.0,1.5,
13999,140,2024-10-01,15:45:00,17:52:00,5,15.0,3.75,
14000,135,2024-10-01,09:45:00,12:07:00,10,15.0,3.75,
14001,237,2024-10-01,13:15:00,15:29:00,4,15.0,3.75,
14002,29,2024-10-01,15:30:00,17:15:00,5,18.0,0.0,
14003,47,2024-10-01,09:00:00,10:29:00,11,15.0,1.5,
14004,59,2024-10-01,13:00:00,14:38:00,3,15.0,1.5,
14005,63,2024-10-01,13:30:00,14:41:00,13,15.0,1.5,
14006,73,2024-10-01,12:45:00,14:20:00,7,15.0,3.75,
14007,48,2024-10-01,15:15:00,16:14:00,2,15.0,3.75,
14008,233,2024-10-02,14:45:00,15:32:00,2,15.0,3.75,
14009,98,2024-10-02,10:15:00,12:32:00,3,15.0,3.75,
14010,2,2024-10-02,15:45:00,17:57:00,5,15.0,6.0,
14011,8,2024-10-02,16:30:00,18:16:00,7,15.0,1.5,
14012,43,2024-10-02,10:15:00,11:07:00,14,15.0,3.75,
14013,7,2024-10-02,09:15:00,11:43:00,7,15.0,1.5,
14014,240,2024-10-02,13:15:00,15:36:00,6,15.0,6.0,
14015,103,2024-10-02,09:30:00,11:52:00,3,15.0,1.5,
14016,217,2024-10-02,14:45:00,16:06:00,7,15.0,1.5,
14017,11,2024-10-02,16:45:00,18:05:00,7,18.0,0.0,
14018,98,2024-10-02,14:30:00,16:57:00,1,15.0,3.75,
14019,203,2024-10-02,11:00:00,12:47:00,5,15.0,3.75,
14020,186,2024-10-02,16:30:00,18:17:00,1,15.0,1.5,
14021,155,2024-10-02,10:45:00,12:15:00,2,15.0,3.75,
14022,179,2024-10-02,13:45:00,14:43:00,12,15.0,3.75,
14023,61,2024-10-02,15:15:00,17:34:00,3,15.0,3.75,
14024,234,2024-10-02,14:00:00,15:08:00,13,18.0,0.0,
14025,27,2024-10-02,13:00:00,14:43:00,1,15.0,6.0,
14026,133,2024-10-02,10:00:00,11:12:00,13,18.0,0.0,
14027,109,2024-10-02,09:00:00,09:49:00,2,15.0,1.5,
14028,15,2024-10-02,15:45:00,17:12:00,6,18.0,0.0,
14029,219,2024-10-02,15:45:00,17:23:00,11,15.0,3.75,
14030,232,2024-10-02,10:15:00,11:23:00,14,15.0,3.75,
14031,3,2024-10-03,13:00:00,15:08:00,5,15.0,3.75,
14032,189,2024-10-03,10:15:00,11:16:00,4,15.0,3.75,
14033,3,2024-10-03,14:30:00,16:04:00,6,15.0,3.75,
14034,170,2024-10-03,16:45:00,19:08:00,11,15.0,1.5,
14035,75,2024-10-03,16:30:00,18:57:00,7,15.0,1.5,
14036,210,2024-10-03,16:00:00,17:01:00,4,15.0,3.75,
14037,189,2024-10-03,10:45:00,12:41:00,11,15.0,3.75,
14038,4,2024-10-03,15:30:00,18:00:00,7,15.0,3.75,
14039,2,2024-10-03,10:00:00,11:48:00,7,15.0,6.0,
14040,36,2024-10-03,10:00:00,12:09:00,1,15.0,3.75,
14041,63,2024-10-03,15:45:00,17:51:00,5,15.0,1.5,
14042,1,2024-10-03,10:45:00,12:50:00,14,15.0,6.0,
14043,114,2024-10-03,14:45:00,16:08:00,1,15.0,1.5,
14044,89,2024-10-03,13:00:00,14:43:00,7,15.0,1.5,
14045,193,2024-10-03,12:30:00,14:55:00,14,15.0,1.5,
14046,149,2024-10-03,14:30:00,16:53:00,7,15.0,1.5,
14047,96,2024-10-03,10:00:00,10:58:00,7,15.0,1.5,
14048,48,2024-10-03,16:30:00,17:58:00,4,15.0,3.75,
14049,59,2024-10-03,10:30:00,11:49:00,6,15.0,1.5,
14050,67,2024-10-03,15:30:00,17:21:00,7,15.0,3.75,
14051,53,2024-10-03,15:45:00,18:06:00,13,15.0,1.5,
14052,73,2024-10-03,12:00:00,13:26:00,5,15.0,3.75,
14053,39,2024-10-03,14:15:00,16:10:00,12,15.0,1.5,
14054,179,2024-10-03,14:15:00,15:17:00,5,15.0,3.75,
14055,63,2024-10-03,14:15:00,15:38:00,10,15.0,1.5,
14056,112,2024-10-03,10:30:00,12:43:00,1,15.0,1.5,
14057,243,2024-10-03,16:15:00,17:50:00,14,18.0,0.0,
14058,207,2024-10-03,15:45:00,18:06:00,14,15.0,6.0,
14059,165,2024-10-03,15:15:00,17:28:00,6,15.0,6.0,
14060,24,2024-10-03,09:00:00,11:05:00,11,15.0,3.75,
14061,72,2024-10-04,11:45:00,13:41:00,4,18.0,0.0,
14062,198,2024-10-04,15:00:00,16:56:00,7,15.0,3.75,
14063,55,2024-10-04,11:30:00,13:48:00,11,18.0,0.0,
14064,232,2024-10-04,10:45:00,12:52:00,5,15.0,3.75,
14065,30,2024-10-04,16:45:00,17:35:00,14,18.0,0.0,
14066,37,2024-10-04,15:15:00,16:23:00,4,18.0,0.0,
14067,106,2024-10-04,10:45:00,11:40:00,1,15.0,1.5,
14068,232,2024-10-04,10:00:00,10:46:00,10,15.0,3.75,
14069,233,2024-10-04,11:00:00,11:59:00,11,15.0,3.75,
14070,2,2024-10-04,15:30:00,17:54:00,13,15.0,6.0,
14071,98,2024-10-04,14:15:00,16:08:00,1,15.0,3.75,
14072,51,2024-10-04,16:30:00,17:24:00,7,15.0,1.5,
14073,49,2024-10-04,10:45:00,12:41:00,3,15.0,1.5,
14074,64,2024-10-04,16:00:00,17:34:00,6,15.0,1.5,
14075,2,2024-10-04,10:15:00,11:27:00,13,15.0,6.0,
14076,77,2024-10-04,13:00:00,14:45:00,13,15.0,1.5,
14077,75,2024-10-04,15:15:00,16:59:00,3,15.0,1.5,
14078,61,2024-10-04,09:15:00,10:57:00,1,15.0,3.75,
14079,155,2024-10-04,14:00:00,16:09:00,4,15.0,3.75,
14080,52,2024-10-05,10:45:00,12:21:00,6,15.0,1.5,
14081,174,2024-10-05,13:15:00,14:00:00,7,15.0,1.5,
14082,155,2024-10-05,10:30:00,11:24:00,4,15.0,3.75,
14083,4,2024-10-05,12:15:00,14:07:00,3,15.0,3.75,
14084,215,2024-10-05,11:30:00,12:32:00,3,15.0,3.75,
14085,244,2024-10-05,13:45:00,15:06:00,11,18.0,0.0,
14086,165,2024-10-05,11:00:00,12:40:00,1,15.0,6.0,
14087,189,2024-10-05,09:30:00,10:53:00,5,15.0,3.75,
14088,205,2024-10-05,12:45:00,14:01:00,5,15.0,3.75,
14089,92,2024-10-05,13:15:00,14:30:00,14,18.0,0.0,
14090,96,2024-10-05,15:45:00,18:15:00,13,15.0,1.5,
14091,74,2024-10-05,10:15:00,11:41:00,12,15.0,3.75,
14092,155,2024-10-05,09:30:00,11:58:00,11,15.0,3.75,
14093,99,2024-10-05,12:30:00,14:31:00,4,18.0,0.0,
14094,164,2024-10-05,14:15:00,15:22:00,7,15.0,1.5,
14095,105,2024-10-05,10:45:00,12:41:00,3,18.0,0.0,
14096,85,2024-10-05,11:45:00,12:33:00,6,18.0,0.0,
14097,83,2024-10-05,15:00:00,16:01:00,12,15.0,1.5,
14098,113,2024-10-05,16:00:00,18:27:00,5,18.0,0.0,
14099,179,2024-10-05,15:30:00,16:59:00,4,15.0,3.75,
14100,192,2024-10-05,11:45:00,14:08:00,3,18.0,0.0,
14101,156,2024-10-05,10:15:00,12:30:00,5,18.0,0.0,
14102,106,2024-10-06,14:15:00,15:40:00,13,15.0,1.5,
14103,159,2024-10-06,11:15:00,13:03:00,3,15.0,1.5,
14104,184,2024-10-06,12:00:00,14:26:00,11,18.0,0.0,
14105,90,2024-10-06,10:30:00,12:05:00,10,18.0,0.0,
14106,123,2024-10-06,13:15:00,15:21:00,13,18.0,0.0,
14107,105,2024-10-06,10:45:00,12:02:00,5,18.0,0.0,
14108,49,2024-10-06,10:30:00,12:52:00,4,15.0,1.5,
14109,228,2024-10-06,11:00:00,12:07:00,6,15.0,1.5,
14110,111,2024-10-06,09:30:00,11:40:00,1,15.0,1.5,
14111,207,2024-10-06,14:00:00,16:25:00,11,15.0,6.0,
14112,240,2024-10-06,10:15:00,11:19:00,6,15.0,6.0,
14113,233,2024-10-06,09:15:00,11:00:00,6,15.0,3.75,
14114,8,2024-10-06,16:00:00,17:14:00,10,15.0,1.5,
14115,56,2024-10-06,13:30:00,15:47:00,1,15.0,3.75,
14116,233,2024-10-06,13:45:00,15:56:00,5,15.0,3.75,
14117,98,2024-10-06,11:00:00,13:24:00,5,15.0,3.75,
14118,242,2024-10-06,09:00:00,11:09:00,12,15.0,3.75,
14119,120,2024-10-06,11:00:00,11:54:00,11,15.0,1.5,
14120,165,2024-10-06,16:15:00,17:09:00,14,15.0,6.0,
14121,215,2024-10-06,10:00:00,12:01:00,13,15.0,3.75,
14122,119,2024-10-06,15:00:00,17:08:00,11,15.0,1.5,
14123,98,2024-10-06,12:45:00,15:13:00,11,15.0,3.75,
14124,67,2024-10-06,10:15:00,11:54:00,4,15.0,3.75,
14125,159,2024-10-06,09:00:00,09:58:00,6,15.0,1.5,
14126,43,2024-10-06,15:00:00,16:40:00,13,15.0,3.75,
14127,100,2024-10-06,13:00:00,14:33:00,7,15.0,1.5,
14128,3,2024-10-06,11:45:00,13:58:00,6,15.0,3.75,
14129,162,2024-10-06,12:15:00,13:10:00,1,15.0,3.75,
14130,73,2024-10-06,10:15:00,11:49:00,4,15.0,3.75,
14131,6,2024-10-06,09:30:00,11:08:00,6,15.0,1.5,
14132,90,2024-10-06,15:30:00,16:55:00,11,18.0,0.0,
14133,107,2024-10-06,10:30:00,12:26:00,14,15.0,3.75,
14134,225,2024-10-06,12:45:00,14:17:00,6,18.0,0.0,
14135,184,2024-10-06,11:15:00,13:22:00,11,18.0,0.0,
14136,134,2024-10-06,14:00:00,15:57:00,12,15.0,1.5,
14137,74,2024-10-06,10:00:00,11:55:00,2,15.0,3.75,
14138,96,2024-10-06,09:30:00,10:47:00,5,15.0,1.5,
14139,182,2024-10-06,15:30:00,16:26:00,1,15.0,1.5,
14140,165,2024-10-06,10:00:00,11:53:00,2,15.0,6.0,
14141,73,2024-10-07,13:45:00,16:01:00,2,15.0,3.75,
14142,229,2024-10-07,09:45:00,10:37:00,13,18.0,0.0,
14143,120,2024-10-07,12:15:00,14:03:00,3,15.0,1.5,
14144,1,2024-10-07,12:45:00,14:32:00,12,15.0,6.0,
14145,81,2024-10-07,16:15:00,17:36:00,10,15.0,1.5,
14146,109,2024-10-07,13:15:00,14:45:00,5,15.0,1.5,
14147,63,2024-10-07,10:00:00,10:49:00,5,15.0,1.5,
14148,143,2024-10-07,10:30:00,12:00:00,11,15.0,3.75,
14149,130,2024-10-07,10:00:00,12:23:00,4,15.0,1.5,
14150,73,2024-10-07,16:15:00,17:20:00,1,15.0,3.75,
14151,126,2024-10-07,11:30:00,13:59:00,1,15.0,1.5,
14152,162,2024-10-07,13:30:00,15:00:00,1,15.0,3.75,
14153,31,2024-10-07,10:30:00,11:20:00,7,15.0,1.5,
14154,170,2024-10-07,14:30:00,15:55:00,2,15.0,1.5,
14155,2,2024-10-07,13:45:00,15:15:00,13,15.0,6.0,
14156,228,2024-10-07,13:00:00,14:42:00,14,15.0,1.5,
14157,126,2024-10-07,12:45:00,13:35:00,10,15.0,1.5,
14158,135,2024-10-07,15:00:00,16:08:00,6,15.0,3.75,
14159,217,2024-10-07,13:15:00,15:40:00,13,15.0,1.5,
14160,154,2024-10-07,16:45:00,17:52:00,7,18.0,0.0,
14161,135,2024-10-07,14:00:00,14:49:00,2,15.0,3.75,
14162,61,2024-10-07,16:15:00,17:09:00,2,15.0,3.75,
14163,55,2024-10-07,15:00:00,15:52:00,14,18.0,0.0,
14164,141,2024-10-07,13:15:00,14:29:00,11,15.0,3.75,
14165,82,2024-10-08,09:45:00,11:20:00,7,15.0,1.5,
14166,237,2024-10-08,10:15:00,11:40:00,4,15.0,3.75,
14167,108,2024-10-08,14:00:00,16:00:00,6,15.0,1.5,
14168,160,2024-10-08,15:30:00,17:06:00,6,15.0,3.75,
14169,75,2024-10-08,10:45:00,12:10:00,14,15.0,1.5,
14170,111,2024-10-08,14:15:00,15:02:00,10,15.0,1.5,
14171,155,2024-10-08,13:15:00,15:10:00,11,15.0,3.75,
14172,139,2024-10-08,16:15:00,17:54:00,7,18.0,0.0,
14173,134,2024-10-08,14:00:00,14:57:00,3,15.0,1.5,
14174,109,2024-10-08,16:15:00,17:31:00,3,15.0,1.5,
14175,141,2024-10-08,12:00:00,13:52:00,10,15.0,3.75,
14176,100,2024-10-08,13:30:00,14:17:00,4,15.0,1.5,
14177,3,2024-10-08,09:30:00,11:21:00,6,15.0,3.75,
14178,224,2024-10-08,16:00:00,16:50:00,6,15.0,3.75,
14179,5,2024-10-08,10:15:00,12:18:00,7,15.0,3.75,
14180,165,2024-10-08,15:45:00,18:05:00,12,15.0,6.0,
14181,219,2024-10-08,09:45:00,11:13:00,5,15.0,3.75,
14182,100,2024-10-08,13:30:00,14:56:00,6,15.0,1.5,
14183,107,2024-10-08,15:45:00,17:03:00,1,15.0,3.75,
14184,172,2024-10-08,14:00:00,15:28:00,1,15.0,1.5,
14185,155,2024-10-08,14:00:00,15:57:00,3,15.0,3.75,
14186,64,2024-10-08,09:00:00,10:28:00,13,15.0,1.5,
14187,203,2024-10-08,14:00:00,15:32:00,11,15.0,3.75,
14188,223,2024-10-08,15:45:00,16:47:00,1,15.0,1.5,
14189,235,2024-10-08,11:00:00,12:36:00,3,18.0,0.0,
14190,233,2024-10-08,09:00:00,11:13:00,1,15.0,3.75,
14191,233,2024-10-08,14:00:00,15:44:00,1,15.0,3.75,
14192,207,2024-10-08,10:15:00,12:44:00,6,15.0,6.0,
14193,5,2024-10-09,16:15:00,17:25:00,4,15.0,3.75,
14194,159,2024-10-09,09:15:00,11:11:00,5,15.0,1.5,
14195,41,2024-10-09,14:00:00,14:52:00,12,15.0,1.5,
14196,22,2024-10-09,12:45:00,14:09:00,12,18.0,0.0,
14197,2,2024-10-09,12:45:00,14:46:00,5,15.0,6.0,
14198,165,2024-10-09,14:45:00,16:19:00,7,15.0,6.0,
14199,75,2024-10-09,14:00:00,15:19:00,1,15.0,1.5,
14200,93,2024-10-09,14:15:00,16:39:00,12,15.0,1.5,
14201,61,2024-10-09,10:30:00,12:49:00,14,15.0,3.75,
14202,136,2024-10-09,13:30:00,14:17:00,2,18.0,0.0,
14203,218,2024-10-09,11:30:00,12:20:00,4,15.0,1.5,
14204,27,2024-10-09,09:00:00,10:33:00,13,15.0,6.0,
14205,158,2024-10-09,15:15:00,17:34:00,11,15.0,3.75,
14206,119,2024-10-09,10:00:00,10:59:00,5,15.0,1.5,
14207,52,2024-10-09,14:15:00,16:40:00,12,15.0,1.5,
14208,237,2024-10-09,12:45:00,14:28:00,10,15.0,3.75,
14209,179,2024-10-09,12:30:00,14:24:00,3,15.0,3.75,
14210,75,2024-10-09,09:30:00,11:11:00,5,15.0,1.5,
14211,8,2024-10-09,14:45:00,17:15:00,5,15.0,1.5,
14212,182,2024-10-09,13:45:00,15:02:00,10,15.0,1.5,
14213,163,2024-10-09,10:00:00,11:03:00,1,18.0,0.0,
14214,135,2024-10-09,12:45:00,15:10:00,5,15.0,3.75,
14215,179,2024-10-09,12:15:00,14:45:00,5,15.0,3.75,
14216,87,2024-10-09,16:30:00,18:48:00,14,15.0,1.5,
14217,2,2024-10-09,10:30:00,11:56:00,10,15.0,6.0,
14218,237,2024-10-09,11:45:00,14:10:00,5,15.0,3.75,
14219,195,2024-10-09,13:00:00,14:01:00,2,15.0,3.75,
14220,8,2024-10-09,12:15:00,13:36:00,6,15.0,1.5,
14221,228,2024-10-09,14:15:00,16:45:00,12,15.0,1.5,
14222,110,2024-10-10,15:45:00,16:42:00,2,15.0,3.75,
14223,104,2024-10-10,12:45:00,14:05:00,14,18.0,0.0,
14224,160,2024-10-10,16:45:00,19:05:00,7,15.0,3.75,
14225,5,2024-10-10,10:00:00,11:20:00,10,15.0,3.75,
14226,165,2024-10-10,15:00:00,17:25:00,3,15.0,6.0,
14227,67,2024-10-10,14:00:00,16:30:00,13,15.0,3.75,
14228,96,2024-10-10,11:00:00,11:58:00,7,15.0,1.5,
14229,103,2024-10-10,13:30:00,15:07:00,4,15.0,1.5,
14230,172,2024-10-10,11:30:00,12:21:00,11,15.0,1.5,
14231,155,2024-10-10,16:30:00,17:56:00,7,15.0,3.75,
14232,73,2024-10-10,13:00:00,13:59:00,6,15.0,3.75,
14233,27,2024-10-10,15:15:00,17:33:00,10,15.0,6.0,
14234,92,2024-10-10,10:15:00,12:15:00,4,18.0,0.0,
14235,21,2024-10-10,10:45:00,13:02:00,7,15.0,1.5,
14236,10,2024-10-10,13:15:00,15:35:00,13,15.0,1.5,
14237,207,2024-10-10,13:00:00,14:51:00,7,15.0,6.0,
14238,95,2024-10-10,16:15:00,18:31:00,10,15.0,1.5,
14239,106,2024-10-10,13:15:00,14:00:00,13,15.0,1.5,
14240,205,2024-10-10,14:45:00,16:19:00,14,15.0,3.75,
14241,155,2024-10-10,12:15:00,14:42:00,11,15.0,3.75,
14242,153,2024-10-10,13:00:00,14:27:00,14,18.0,0.0,
14243,195,2024-10-10,16:45:00,17:49:00,4,15.0,3.75,
14244,141,2024-10-10,10:15:00,11:07:00,6,15.0,3.75,
14245,238,2024-10-10,11:45:00,13:26:00,4,15.0,1.5,
14246,11,2024-10-10,11:30:00,13:23:00,2,18.0,0.0,
14247,23,2024-10-10,10:30:00,12:35:00,4,15.0,6.0,
14248,191,2024-10-11,16:45:00,18:42:00,7,18.0,0.0,
14249,4,2024-10-11,15:30:00,17:09:00,1,15.0,3.75,
14250,165,2024-10-11,10:15:00,11:29:00,10,15.0,6.0,
14251,2,2024-10-11,15:15:00,16:56:00,13,15.0,6.0,
14252,203,2024-10-11,12:15:00,13:11:00,5,15.0,3.75,
14253,219,2024-10-11,11:30:00,12:17:00,13,15.0,3.75,
14254,228,2024-10-11,16:45:00,18:01:00,14,15.0,1.5,
14255,201,2024-10-11,13:30:00,15:55:00,10,15.0,1.5,
14256,234,2024-10-11,12:30:00,13:43:00,12,18.0,0.0,
14257,63,2024-10-11,13:30:00,14:15:00,4,15.0,1.5,
14258,77,2024-10-11,12:30:00,14:20:00,13,15.0,1.5,
14259,10,2024-10-11,16:00:00,18:24:00,7,15.0,1.5,
14260,68,2024-10-11,13:30:00,14:55:00,7,18.0,0.0,
14261,2,2024-10-11,15:15:00,16:58:00,3,15.0,6.0,
14262,118,2024-10-11,14:30:00,15:18:00,12,15.0,3.75,
14263,121,2024-10-11,10:00:00,10:51:00,1,15.0,1.5,
14264,13,2024-10-11,09:00:00,11:10:00,14,18.0,0.0,
14265,44,2024-10-11,09:15:00,10:33:00,6,15.0,1.5,
14266,193,2024-10-11,13:00:00,14:13:00,10,15.0,1.5,
14267,27,2024-10-11,12:30:00,13:53:00,2,15.0,6.0,
14268,56,2024-10-12,16:00:00,17:23:00,14,15.0,3.75,
14269,224,2024-10-12,12:45:00,14:52:00,3,15.0,3.75,
14270,37,2024-10-12,14:00:00,15:21:00,5,18.0,0.0,
14271,211,2024-10-12,16:00:00,18:21:00,2,18.0,0.0,
14272,64,2024-10-12,15:00:00,16:09:00,4,15.0,1.5,
14273,87,2024-10-12,10:15:00,11:12:00,6,15.0,1.5,
14274,82,2024-10-12,10:15:00,12:05:00,13,15.0,1.5,
14275,185,2024-10-12,11:15:00,13:37:00,11,18.0,0.0,
14276,107,2024-10-12,11:00:00,12:54:00,7,15.0,3.75,
14277,233,2024-10-12,10:45:00,13:05:00,5,15.0,3.75,
14278,2,2024-10-12,16:45:00,18:31:00,1,15.0,6.0,
14279,199,2024-10-12,15:30:00,17:25:00,2,15.0,1.5,
14280,25,2024-10-12,10:30:00,12:18:00,10,15.0,1.5,
14281,168,2024-10-12,11:30:00,13:06:00,11,18.0,0.0,
14282,140,2024-10-12,11:45:00,13:25:00,5,15.0,3.75,
14283,2,2024-10-12,16:45:00,18:30:00,7,15.0,6.0,
14284,96,2024-10-12,14:30:00,15:59:00,2,15.0,1.5,
14285,233,2024-10-12,11:30:00,12:28:00,10,15.0,3.75,
14286,21,2024-10-12,12:00:00,14:16:00,10,15.0,1.5,
14287,23,2024-10-12,14:30:00,15:29:00,6,15.0,6.0,
14288,189,2024-10-12,12:00:00,13:12:00,12,15.0,3.75,
14289,219,2024-10-12,11:15:00,13:29:00,7,15.0,3.75,
14290,130,2024-10-12,16:30:00,18:49:00,3,15.0,1.5,
14291,143,2024-10-12,09:45:00,11:58:00,7,15.0,3.75,
14292,155,2024-10-12,14:45:00,16:17:00,10,15.0,3.75,
14293,27,2024-10-12,14:00:00,15:01:00,12,15.0,6.0,
14294,155,2024-10-12,14:00:00,16:09:00,1,15.0,3.75,
14295,138,2024-10-12,14:00:00,14:48:00,12,18.0,0.0,
14296,224,2024-10-12,13:30:00,14:22:00,13,15.0,3.75,
14297,209,2024-10-12,11:15:00,13:10:00,2,18.0,0.0,
14298,245,2024-10-12,15:15:00,16:45:00,6,18.0,0.0,
14299,99,2024-10-12,13:45:00,15:09:00,1,18.0,0.0,
14300,25,2024-10-12,10:15:00,11:18:00,6,15.0,1.5,
14301,144,2024-10-12,09:00:00,11:24:00,13,18.0,0.0,
14302,224,2024-10-12,14:45:00,16:54:00,7,15.0,3.75,
14303,234,2024-10-12,13:00:00,14:01:00,7,18.0,0.0,
14304,24,2024-10-12,12:00:00,12:54:00,7,15.0,3.75,
14305,103,2024-10-12,16:45:00,18:34:00,12,15.0,1.5,
14306,43,2024-10-12,10:00:00,10:47:00,4,15.0,3.75,
14307,26,2024-10-12,14:15:00,15:41:00,4,18.0,0.0,
14308,200,2024-10-12,10:15:00,11:42:00,10,18.0,0.0,
14309,115,2024-10-12,16:15:00,17:31:00,11,18.0,0.0,
14310,137,2024-10-12,16:00:00,17:31:00,1,18.0,0.0,
14311,2,2024-10-12,14:00:00,15:41:00,6,15.0,6.0,
14312,27,2024-10-12,15:30:00,17:17:00,4,15.0,6.0,
14313,60,2024-10-12,16:15:00,17:27:00,12,18.0,0.0,
14314,186,2024-10-12,12:00:00,14:02:00,2,15.0,1.5,
14315,27,2024-10-12,13:30:00,15:33:00,1,15.0,6.0,
14316,25,2024-10-12,09:45:00,11:05:00,5,15.0,1.5,
14317,2,2024-10-12,13:45:00,15:13:00,2,15.0,6.0,
14318,155,2024-10-13,16:45:00,17:57:00,2,15.0,3.75,
14319,207,2024-10-13,09:00:00,09:58:00,10,15.0,6.0,
14320,138,2024-10-13,15:30:00,16:50:00,11,18.0,0.0,
14321,179,2024-10-13,11:15:00,12:08:00,5,15.0,3.75,
14322,217,2024-10-13,12:45:00,14:34:00,10,15.0,1.5,
14323,198,2024-10-13,09:15:00,10:15:00,7,15.0,3.75,
14324,232,2024-10-13,11:45:00,13:46:00,11,15.0,3.75,
14325,36,2024-10-13,16:00:00,16:59:00,13,15.0,3.75,
14326,237,2024-10-13,13:45:00,15:28:00,1,15.0,3.75,
14327,61,2024-10-13,11:30:00,13:50:00,10,15.0,3.75,
14328,38,2024-10-13,13:45:00,16:08:00,14,15.0,1.5,
14329,111,2024-10-13,16:00:00,17:32:00,12,15.0,1.5,
14330,2,2024-10-13,15:30:00,16:48:00,5,15.0,6.0,
14331,89,2024-10-13,09:45:00,12:00:00,7,15.0,1.5,
14332,27,2024-10-13,12:15:00,13:26:00,12,15.0,6.0,
14333,127,2024-10-13,11:45:00,14:04:00,1,18.0,0.0,
14334,184,2024-10-13,13:30:00,14:42:00,3,18.0,0.0,
14335,217,2024-10-13,16:30:00,17:51:00,12,15.0,1.5,
14336,240,2024-10-13,12:15:00,13:25:00,1,15.0,6.0,
14337,2,2024-10-13,10:45:00,11:40:00,10,15.0,6.0,
14338,96,2024-10-13,11:00:00,12:18:00,4,15.0,1.5,
14339,107,2024-10-13,10:30:00,11:54:00,14,15.0,3.75,
14340,100,2024-10-13,14:00:00,15:24:00,13,15.0,1.5,
14341,55,2024-10-13,16:00:00,18:00:00,14,18.0,0.0,
14342,149,2024-10-13,12:30:00,13:52:00,3,15.0,1.5,
14343,139,2024-10-13,10:30:00,11:18:00,6,18.0,0.0,
14344,225,2024-10-13,12:30:00,14:10:00,14,18.0,0.0,
14345,8,2024-10-13,16:45:00,18:11:00,14,15.0,1.5,
14346,27,2024-10-13,15:15:00,17:33:00,5,15.0,6.0,
14347,238,2024-10-13,12:30:00,14:36:00,14,15.0,1.5,
14348,68,2024-10-13,16:30:00,18:57:00,11,18.0,0.0,
14349,242,2024-10-13,09:15:00,10:52:00,3,15.0,3.75,
14350,182,2024-10-13,15:00:00,16:24:00,13,15.0,1.5,
14351,3,2024-10-13,12:00:00,14:30:00,10,15.0,3.75,
14352,182,2024-10-13,09:30:00,11:34:00,14,15.0,1.5,
14353,2,2024-10-13,10:15:00,12:09:00,10,15.0,6.0,
14354,134,2024-10-13,15:00:00,17:07:00,11,15.0,1.5,
14355,239,2024-10-13,15:45:00,16:41:00,1,18.0,0.0,
14356,66,2024-10-13,15:15:00,17:07:00,14,18.0,0.0,
14357,2,2024-10-13,12:30:00,13:46:00,4,15.0,6.0,
14358,2,2024-10-13,13:15:00,15:09:00,2,15.0,6.0,
14359,72,2024-10-13,14:15:00,16:24:00,1,18.0,0.0,
14360,241,2024-10-13,10:30:00,12:50:00,11,18.0,0.0,
14361,55,2024-10-13,16:30:00,17:45:00,1,18.0,0.0,
14362,205,2024-10-13,09:00:00,11:09:00,1,15.0,3.75,
14363,203,2024-10-13,10:30:00,12:47:00,10,15.0,3.75,
14364,159,2024-10-13,16:00:00,16:55:00,7,15.0,1.5,
14365,53,2024-10-13,15:15:00,17:09:00,12,15.0,1.5,
14366,34,2024-10-13,16:30:00,18:46:00,1,18.0,0.0,
14367,240,2024-10-13,15:30:00,17:14:00,6,15.0,6.0,
14368,69,2024-10-13,11:15:00,12:54:00,13,15.0,3.75,
14369,48,2024-10-13,15:15:00,17:34:00,6,15.0,3.75,
14370,130,2024-10-13,14:45:00,16:51:00,14,15.0,1.5,
14371,100,2024-10-13,10:00:00,10:51:00,10,15.0,1.5,
14372,48,2024-10-13,10:00:00,10:53:00,11,15.0,3.75,
14373,27,2024-10-14,10:15:00,12:38:00,7,15.0,6.0,
14374,36,2024-10-14,15:45:00,18:00:00,4,15.0,3.75,
14375,155,2024-10-14,13:00:00,13:52:00,12,15.0,3.75,
14376,62,2024-10-14,12:00:00,14:27:00,5,18.0,0.0,
14377,195,2024-10-14,11:45:00,13:58:00,7,15.0,3.75,
14378,25,2024-10-14,10:15:00,11:42:00,3,15.0,1.5,
14379,78,2024-10-14,09:15:00,10:36:00,10,18.0,0.0,
14380,203,2024-10-14,14:00:00,15:57:00,2,15.0,3.75,
14381,205,2024-10-14,14:30:00,15:39:00,14,15.0,3.75,
14382,127,2024-10-14,12:45:00,15:09:00,14,18.0,0.0,
14383,28,2024-10-14,13:45:00,15:19:00,2,15.0,1.5,
14384,99,2024-10-14,16:30:00,18:15:00,2,18.0,0.0,
14385,26,2024-10-14,14:45:00,15:41:00,12,18.0,0.0,
14386,237,2024-10-14,11:15:00,13:38:00,4,15.0,3.75,
14387,165,2024-10-14,11:45:00,12:38:00,11,15.0,6.0,
14388,14,2024-10-14,13:15:00,14:53:00,12,18.0,0.0,
14389,224,2024-10-14,10:45:00,11:55:00,10,15.0,3.75,
14390,6,2024-10-14,15:15:00,16:06:00,13,15.0,1.5,
14391,158,2024-10-15,10:30:00,12:29:00,4,15.0,3.75,
14392,130,2024-10-15,09:00:00,11:05:00,3,15.0,1.5,
14393,112,2024-10-15,12:15:00,13:44:00,7,15.0,1.5,
14394,77,2024-10-15,16:45:00,18:14:00,2,15.0,1.5,
14395,1,2024-10-15,14:00:00,15:32:00,4,15.0,6.0,
14396,217,2024-10-15,10:30:00,12:30:00,3,15.0,1.5,
14397,28,2024-10-15,16:30:00,17:49:00,3,15.0,1.5,
14398,65,2024-10-15,11:30:00,13:24:00,14,18.0,0.0,
14399,210,2024-10-15,09:15:00,11:33:00,2,15.0,3.75,
14400,101,2024-10-15,09:45:00,11:31:00,11,18.0,0.0,
14401,93,2024-10-15,16:15:00,17:18:00,6,15.0,1.5,
14402,45,2024-10-15,14:45:00,16:05:00,7,18.0,0.0,
14403,109,2024-10-15,10:15:00,12:05:00,13,15.0,1.5,
14404,27,2024-10-15,12:00:00,14:12:00,5,15.0,6.0,
14405,25,2024-10-15,13:15:00,14:52:00,3,15.0,1.5,
14406,7,2024-10-15,14:00:00,15:50:00,11,15.0,1.5,
14407,240,2024-10-15,13:15:00,15:33:00,4,15.0,6.0,
14408,202,2024-10-15,11:15:00,12:59:00,4,18.0,0.0,
14409,4,2024-10-15,09:00:00,10:26:00,14,15.0,3.75,
14410,59,2024-10-15,16:45:00,19:00:00,10,15.0,1.5,
14411,58,2024-10-16,16:15:00,17:11:00,3,18.0,0.0,
14412,245,2024-10-16,16:45:00,19:07:00,6,18.0,0.0,
14413,61,2024-10-16,10:30:00,11:37:00,7,15.0,3.75,
14414,189,2024-10-16,16:15:00,17:02:00,4,15.0,3.75,
14415,202,2024-10-16,12:45:00,13:30:00,6,18.0,0.0,
14416,85,2024-10-16,11:00:00,12:01:00,13,18.0,0.0,
14417,5,2024-10-16,11:00:00,13:27:00,10,15.0,3.75,
14418,48,2024-10-16,14:00:00,15:44:00,3,15.0,3.75,
14419,177,2024-10-16,09:15:00,11:09:00,7,18.0,0.0,
14420,153,2024-10-16,09:30:00,11:09:00,1,18.0,0.0,
14421,238,2024-10-16,15:15:00,17:15:00,5,15.0,1.5,
14422,165,2024-10-16,11:15:00,13:13:00,12,15.0,6.0,
14423,27,2024-10-16,09:00:00,10:31:00,3,15.0,6.0,
14424,2,2024-10-16,10:00:00,11:13:00,7,15.0,6.0,
14425,5,2024-10-16,10:00:00,10:59:00,14,15.0,3.75,
14426,81,2024-10-16,12:00:00,12:56:00,13,15.0,1.5,
14427,3,2024-10-16,09:30:00,11:31:00,14,15.0,3.75,
14428,182,2024-10-17,15:30:00,16:34:00,6,15.0,1.5,
14429,56,2024-10-17,12:30:00,14:10:00,5,15.0,3.75,
14430,236,2024-10-17,14:00:00,15:54:00,14,15.0,1.5,
14431,238,2024-10-17,16:15:00,18:34:00,1,15.0,1.5,
14432,75,2024-10-17,13:30:00,15:09:00,14,15.0,1.5,
14433,5,2024-10-17,13:15:00,14:27:00,10,15.0,3.75,
14434,186,2024-10-17,15:30:00,17:08:00,5,15.0,1.5,
14435,64,2024-10-17,12:45:00,14:52:00,2,15.0,1.5,
14436,15,2024-10-17,15:15:00,16:19:00,14,18.0,0.0,
14437,75,2024-10-17,15:00:00,16:57:00,5,15.0,1.5,
14438,39,2024-10-17,09:00:00,10:40:00,14,15.0,1.5,
14439,119,2024-10-17,10:30:00,11:52:00,12,15.0,1.5,
14440,2,2024-10-17,13:45:00,14:51:00,4,15.0,6.0,
14441,28,2024-10-17,10:30:00,11:30:00,4,15.0,1.5,
14442,1,2024-10-17,15:00:00,16:39:00,6,15.0,6.0,
14443,189,2024-10-17,16:45:00,18:18:00,7,15.0,3.75,
14444,144,2024-10-17,13:15:00,14:33:00,12,18.0,0.0,
14445,56,2024-10-17,16:30:00,17:24:00,1,15.0,3.75,
14446,3,2024-10-17,12:00:00,14:23:00,6,15.0,3.75,
14447,91,2024-10-17,11:30:00,12:44:00,12,15.0,3.75,
14448,106,2024-10-17,13:30:00,14:37:00,14,15.0,1.5,
14449,192,2024-10-17,12:45:00,14:30:00,1,18.0,0.0,
14450,73,2024-10-17,14:15:00,15:17:00,1,15.0,3.75,
14451,228,2024-10-17,13:45:00,15:42:00,12,15.0,1.5,
14452,134,2024-10-17,10:15:00,11:22:00,14,15.0,1.5,
14453,107,2024-10-17,12:15:00,14:05:00,10,15.0,3.75,
14454,4,2024-10-17,14:30:00,16:53:00,12,15.0,3.75,
14455,201,2024-10-17,11:30:00,12:44:00,7,15.0,1.5,
14456,71,2024-10-18,16:15:00,18:02:00,5,15.0,1.5,
14457,3,2024-10-18,09:45:00,12:11:00,11,15.0,3.75,
14458,99,2024-10-18,16:30:00,17:31:00,5,18.0,0.0,
14459,240,2024-10-18,13:15:00,15:01:00,11,15.0,6.0,
14460,87,2024-10-18,14:15:00,15:01:00,1,15.0,1.5,
14461,95,2024-10-18,15:00:00,17:19:00,7,15.0,1.5,
14462,137,2024-10-18,15:00:00,17:13:00,7,18.0,0.0,
14463,195,2024-10-18,11:45:00,13:20:00,1,15.0,3.75,
14464,44,2024-10-18,14:00:00,15:02:00,12,15.0,1.5,
14465,159,2024-10-18,10:15:00,12:19:00,2,15.0,1.5,
14466,172,2024-10-18,10:45:00,12:46:00,2,15.0,1.5,
14467,3,2024-10-18,13:15:00,14:30:00,4,15.0,3.75,
14468,174,2024-10-18,10:00:00,10:51:00,11,15.0,1.5,
14469,215,2024-10-18,09:00:00,11:05:00,7,15.0,3.75,
14470,69,2024-10-19,13:30:00,14:59:00,2,15.0,3.75,
14471,1,2024-10-19,11:00:00,13:07:00,2,15.0,6.0,
14472,107,2024-10-19,14:15:00,15:42:00,7,15.0,3.75,
14473,224,2024-10-19,11:45:00,14:03:00,10,15.0,3.75,
14474,63,2024-10-19,10:00:00,12:23:00,12,15.0,1.5,
14475,215,2024-10-19,09:45:00,11:51:00,14,15.0,3.75,
14476,7,2024-10-19,10:00:00,10:50:00,7,15.0,1.5,
14477,61,2024-10-19,09:30:00,11:44:00,5,15.0,3.75,
14478,155,2024-10-19,13:00:00,14:00:00,3,15.0,3.75,
14479,130,2024-10-19,13:30:00,15:29:00,5,15.0,1.5,
14480,27,2024-10-19,15:45:00,16:37:00,4,15.0,6.0,
14481,114,2024-10-19,12:45:00,15:14:00,12,15.0,1.5,
14482,57,2024-10-19,16:15:00,17:22:00,14,15.0,1.5,
14483,3,2024-10-19,16:45:00,19:15:00,3,15.0,3.75,
14484,9,2024-10-19,12:00:00,13:36:00,13,15.0,1.5,
14485,131,2024-10-19,15:30:00,17:55:00,4,18.0,0.0,
14486,238,2024-10-19,11:45:00,12:51:00,6,15.0,1.5,
14487,120,2024-10-19,16:00:00,17:52:00,10,15.0,1.5,
14488,91,2024-10-19,10:45:00,13:02:00,3,15.0,3.75,
14489,161,2024-10-19,09:15:00,10:21:00,11,18.0,0.0,
14490,216,2024-10-19,12:15:00,13:51:00,14,18.0,0.0,
14491,228,2024-10-19,11:30:00,12:47:00,7,15.0,1.5,
14492,140,2024-10-19,16:00:00,18:26:00,1,15.0,3.75,
14493,46,2024-10-19,10:00:00,10:50:00,6,18.0,0.0,
14494,205,2024-10-19,13:15:00,14:59:00,2,15.0,3.75,
14495,215,2024-10-19,11:30:00,13:11:00,14,15.0,3.75,
14496,73,2024-10-19,14:45:00,15:55:00,11,15.0,3.75,
14497,25,2024-10-19,10:30:00,11:28:00,5,15.0,1.5,
14498,236,2024-10-19,14:30:00,16:23:00,1,15.0,1.5,
14499,50,2024-10-19,09:45:00,10:45:00,12,18.0,0.0,
14500,242,2024-10-19,09:45:00,10:40:00,14,15.0,3.75,
14501,172,2024-10-19,10:00:00,12:27:00,7,15.0,1.5,
14502,113,2024-10-19,11:15:00,12:09:00,1,18.0,0.0,
14503,27,2024-10-19,16:45:00,18:28:00,13,15.0,6.0,
14504,4,2024-10-19,09:00:00,09:48:00,13,15.0,3.75,
14505,95,2024-10-19,10:30:00,12:42:00,12,15.0,1.5,
14506,100,2024-10-19,11:30:00,12:20:00,13,15.0,1.5,
14507,126,2024-10-20,13:45:00,15:58:00,11,15.0,1.5,
14508,154,2024-10-20,14:15:00,16:24:00,5,18.0,0.0,
14509,62,2024-10-20,11:30:00,13:33:00,7,18.0,0.0,
14510,110,2024-10-20,13:15:00,14:05:00,4,15.0,3.75,
14511,119,2024-10-20,09:15:00,10:48:00,12,15.0,1.5,
14512,95,2024-10-20,16:30:00,18:33:00,6,15.0,1.5,
14513,57,2024-10-20,15:00:00,16:27:00,13,15.0,1.5,
14514,141,2024-10-20,14:15:00,16:10:00,14,15.0,3.75,
14515,107,2024-10-20,10:30:00,12:48:00,1,15.0,3.75,
14516,194,2024-10-20,12:15:00,13:06:00,6,15.0,1.5,
14517,215,2024-10-20,13:15:00,14:13:00,4,15.0,3.75,
14518,108,2024-10-20,10:15:00,12:17:00,7,15.0,1.5,
14519,33,2024-10-20,13:45:00,16:04:00,11,15.0,3.75,
14520,61,2024-10-20,09:15:00,10:22:00,1,15.0,3.75,
14521,234,2024-10-20,10:00:00,11:05:00,1,18.0,0.0,
14522,223,2024-10-20,12:00:00,13:34:00,5,15.0,1.5,
14523,98,2024-10-20,13:30:00,14:48:00,13,15.0,3.75,
14524,231,2024-10-20,09:00:00,10:32:00,6,15.0,1.5,
14525,185,2024-10-20,15:45:00,18:14:00,3,18.0,0.0,
14526,112,2024-10-20,11:15:00,13:37:00,10,15.0,1.5,
14527,131,2024-10-20,10:30:00,12:16:00,13,18.0,0.0,
14528,5,2024-10-21,13:15:00,15:07:00,3,15.0,3.75,
14529,81,2024-10-21,13:15:00,14:53:00,13,15.0,1.5,
14530,25,2024-10-21,09:15:00,11:41:00,11,15.0,1.5,
14531,224,2024-10-21,14:00:00,14:46:00,11,15.0,3.75,
14532,106,2024-10-21,09:30:00,11:09:00,3,15.0,1.5,
14533,23,2024-10-21,12:00:00,13:00:00,4,15.0,6.0,
14534,176,2024-10-21,14:15:00,15:37:00,1,18.0,0.0,
14535,27,2024-10-21,10:00:00,10:51:00,6,15.0,6.0,
14536,172,2024-10-21,16:45:00,17:39:00,14,15.0,1.5,
14537,107,2024-10-21,09:45:00,11:40:00,1,15.0,3.75,
14538,218,2024-10-21,13:15:00,15:32:00,4,15.0,1.5,
14539,110,2024-10-21,09:00:00,09:49:00,3,15.0,3.75,
14540,74,2024-10-21,09:15:00,11:23:00,4,15.0,3.75,
14541,171,2024-10-21,16:30:00,17:22:00,12,18.0,0.0,
14542,74,2024-10-21,15:45:00,18:07:00,10,15.0,3.75,
14543,186,2024-10-21,10:30:00,11:52:00,4,15.0,1.5,
14544,48,2024-10-21,12:45:00,13:33:00,10,15.0,3.75,
14545,194,2024-10-21,11:00:00,12:30:00,4,15.0,1.5,
14546,187,2024-10-21,15:45:00,17:47:00,14,18.0,0.0,
14547,182,2024-10-21,16:30:00,18:01:00,3,15.0,1.5,
14548,217,2024-10-21,16:30:00,17:39:00,13,15.0,1.5,
14549,99,2024-10-21,16:45:00,17:55:00,6,18.0,0.0,
14550,52,2024-10-21,14:45:00,16:51:00,12,15.0,1.5,
14551,185,2024-10-21,13:15:00,14:12:00,5,18.0,0.0,
14552,75,2024-10-21,16:30:00,18:10:00,10,15.0,1.5,
14553,168,2024-10-21,16:45:00,18:37:00,11,18.0,0.0,
14554,140,2024-10-21,16:00:00,17:53:00,10,15.0,3.75,
14555,162,2024-10-21,12:15:00,13:57:00,1,15.0,3.75,
14556,116,2024-10-21,12:15:00,13:05:00,12,18.0,0.0,
14557,119,2024-10-21,12:45:00,13:57:00,12,15.0,1.5,
14558,105,2024-10-21,10:30:00,11:48:00,10,18.0,0.0,
14559,166,2024-10-21,12:30:00,14:37:00,5,18.0,0.0,
14560,162,2024-10-21,10:15:00,11:47:00,5,15.0,3.75,
14561,24,2024-10-22,14:15:00,15:08:00,7,15.0,3.75,
14562,232,2024-10-22,12:45:00,13:45:00,12,15.0,3.75,
14563,27,2024-10-22,13:15:00,15:24:00,1,15.0,6.0,
14564,159,2024-10-22,15:00:00,16:10:00,4,15.0,1.5,
14565,78,2024-10-22,16:45:00,18:53:00,6,18.0,0.0,
14566,107,2024-10-22,14:00:00,16:21:00,10,15.0,3.75,
14567,240,2024-10-22,16:00:00,17:06:00,5,15.0,6.0,
14568,226,2024-10-22,13:15:00,14:28:00,12,18.0,0.0,
14569,103,2024-10-22,11:15:00,12:37:00,1,15.0,1.5,
14570,33,2024-10-22,13:30:00,14:33:00,7,15.0,3.75,
14571,48,2024-10-22,11:15:00,13:18:00,5,15.0,3.75,
14572,190,2024-10-22,12:00:00,13:01:00,4,18.0,0.0,
14573,107,2024-10-22,14:45:00,15:42:00,12,15.0,3.75,
14574,64,2024-10-22,15:45:00,17:27:00,11,15.0,1.5,
14575,71,2024-10-22,09:45:00,11:24:00,12,15.0,1.5,
14576,195,2024-10-22,15:30:00,17:26:00,12,15.0,3.75,
14577,209,2024-10-22,09:00:00,10:21:00,14,18.0,0.0,
14578,158,2024-10-22,15:15:00,17:38:00,1,15.0,3.75,
14579,208,2024-10-22,15:00:00,16:47:00,10,18.0,0.0,
14580,48,2024-10-22,09:30:00,11:36:00,4,15.0,3.75,
14581,226,2024-10-22,09:15:00,10:57:00,3,18.0,0.0,
14582,207,2024-10-23,15:15:00,16:30:00,2,15.0,6.0,
14583,213,2024-10-23,13:15:00,14:04:00,2,15.0,1.5,
14584,98,2024-10-23,13:00:00,14:59:00,4,15.0,3.75,
14585,7,2024-10-23,14:15:00,15:16:00,13,15.0,1.5,
14586,100,2024-10-23,09:15:00,11:12:00,2,15.0,1.5,
14587,48,2024-10-23,12:45:00,15:05:00,10,15.0,3.75,
14588,237,2024-10-23,11:15:00,12:34:00,13,15.0,3.75,
14589,204,2024-10-23,12:15:00,13:16:00,3,18.0,0.0,
14590,5,2024-10-23,10:00:00,12:11:00,14,15.0,3.75,
14591,47,2024-10-23,10:30:00,11:44:00,6,15.0,1.5,
14592,4,2024-10-23,11:00:00,13:30:00,2,15.0,3.75,
14593,217,2024-10-23,13:00:00,14:33:00,7,15.0,1.5,
14594,149,2024-10-23,11:30:00,12:59:00,6,15.0,1.5,
14595,159,2024-10-23,09:00:00,10:44:00,6,15.0,1.5,
14596,219,2024-10-23,16:45:00,18:59:00,5,15.0,3.75,
14597,231,2024-10-23,11:00:00,13:30:00,14,15.0,1.5,
14598,121,2024-10-23,13:00:00,15:27:00,1,15.0,1.5,
14599,38,2024-10-23,11:45:00,13:31:00,2,15.0,1.5,
14600,217,2024-10-23,16:15:00,17:25:00,7,15.0,1.5,
14601,93,2024-10-23,10:15:00,12:02:00,4,15.0,1.5,
14602,207,2024-10-23,09:30:00,10:59:00,6,15.0,6.0,
14603,95,2024-10-23,10:00:00,11:15:00,11,15.0,1.5,
14604,143,2024-10-23,10:30:00,11:49:00,2,15.0,3.75,
14605,203,2024-10-23,12:45:00,14:30:00,13,15.0,3.75,
14606,206,2024-10-23,09:45:00,11:23:00,3,18.0,0.0,
14607,71,2024-10-23,16:45:00,17:45:00,4,15.0,1.5,
14608,73,2024-10-23,11:30:00,13:58:00,14,15.0,3.75,
14609,162,2024-10-23,09:15:00,10:53:00,1,15.0,3.75,
14610,143,2024-10-24,12:45:00,14:41:00,1,15.0,3.75,
14611,189,2024-10-24,16:00:00,17:29:00,13,15.0,3.75,
14612,119,2024-10-24,12:00:00,12:47:00,7,15.0,1.5,
14613,162,2024-10-24,12:45:00,14:53:00,14,15.0,3.75,
14614,98,2024-10-24,13:30:00,15:55:00,5,15.0,3.75,
14615,122,2024-10-24,16:30:00,18:43:00,5,15.0,1.5,
14616,240,2024-10-24,16:00:00,18:07:00,2,15.0,6.0,
14617,162,2024-10-24,16:15:00,17:36:00,12,15.0,3.75,
14618,62,2024-10-24,14:30:00,16:13:00,13,18.0,0.0,
14619,179,2024-10-24,12:45:00,15:15:00,3,15.0,3.75,
14620,73,2024-10-24,09:30:00,11:32:00,13,15.0,3.75,
14621,8,2024-10-24,13:30:00,14:24:00,5,15.0,1.5,
14622,48,2024-10-24,11:45:00,13:38:00,11,15.0,3.75,
14623,108,2024-10-24,09:00:00,10:48:00,7,15.0,1.5,
14624,6,2024-10-24,13:45:00,15:23:00,13,15.0,1.5,
14625,116,2024-10-24,14:30:00,16:28:00,5,18.0,0.0,
14626,98,2024-10-24,12:30:00,13:44:00,10,15.0,3.75,
14627,41,2024-10-24,13:00:00,15:22:00,13,15.0,1.5,
14628,98,2024-10-24,14:15:00,15:55:00,1,15.0,3.75,
14629,63,2024-10-24,11:30:00,12:58:00,1,15.0,1.5,
14630,18,2024-10-24,16:00:00,17:24:00,7,18.0,0.0,
14631,204,2024-10-24,15:15:00,17:31:00,10,18.0,0.0,
14632,189,2024-10-24,14:45:00,17:05:00,7,15.0,3.75,
14633,81,2024-10-25,09:30:00,10:53:00,10,15.0,1.5,
14634,119,2024-10-25,15:45:00,18:11:00,7,15.0,1.5,
14635,223,2024-10-25,14:00:00,16:21:00,4,15.0,1.5,
14636,6,2024-10-25,16:15:00,17:20:00,1,15.0,1.5,
14637,197,2024-10-25,11:15:00,13:21:00,5,15.0,1.5,
14638,165,2024-10-25,13:15:00,15:01:00,3,15.0,6.0,
14639,1,2024-10-25,15:45:00,17:26:00,5,15.0,6.0,
14640,160,2024-10-25,14:45:00,16:23:00,3,15.0,3.75,
14641,110,2024-10-25,12:45:00,15:02:00,1,15.0,3.75,
14642,55,2024-10-25,12:45:00,13:55:00,6,18.0,0.0,
14643,189,2024-10-25,10:00:00,11:48:00,4,15.0,3.75,
14644,5,2024-10-25,10:30:00,11:21:00,7,15.0,3.75,
14645,189,2024-10-25,14:30:00,15:27:00,2,15.0,3.75,
14646,30,2024-10-25,16:15:00,17:38:00,2,18.0,0.0,
14647,169,2024-10-25,15:45:00,17:11:00,14,15.0,1.5,
14648,13,2024-10-25,11:45:00,13:15:00,7,18.0,0.0,
14649,69,2024-10-25,16:15:00,17:03:00,3,15.0,3.75,
14650,110,2024-10-25,14:15:00,15:40:00,12,15.0,3.75,
14651,236,2024-10-25,10:15:00,11:52:00,5,15.0,1.5,
14652,232,2024-10-25,13:15:00,14:50:00,5,15.0,3.75,
14653,48,2024-10-25,10:15:00,12:28:00,10,15.0,3.75,
14654,194,2024-10-25,12:00:00,14:19:00,7,15.0,1.5,
14655,48,2024-10-25,15:15:00,16:59:00,4,15.0,3.75,
14656,240,2024-10-25,10:00:00,12:08:00,10,15.0,6.0,
14657,231,2024-10-25,12:15:00,13:27:00,2,15.0,1.5,
14658,191,2024-10-25,12:30:00,14:55:00,13,18.0,0.0,
14659,186,2024-10-25,11:30:00,12:36:00,6,15.0,1.5,
14660,240,2024-10-25,16:30:00,18:07:00,2,15.0,6.0,
14661,122,2024-10-25,10:00:00,11:20:00,3,15.0,1.5,
14662,195,2024-10-25,09:15:00,10:31:00,3,15.0,3.75,
14663,98,2024-10-25,16:30:00,18:48:00,3,15.0,3.75,
14664,89,2024-10-25,16:45:00,17:33:00,13,15.0,1.5,
14665,242,2024-10-25,14:30:00,15:24:00,14,15.0,3.75,
14666,73,2024-10-25,09:00:00,10:28:00,4,15.0,3.75,
14667,3,2024-10-25,15:45:00,16:42:00,11,15.0,3.75,
14668,61,2024-10-25,12:15:00,13:38:00,12,15.0,3.75,
14669,82,2024-10-25,15:30:00,17:53:00,5,15.0,1.5,
14670,140,2024-10-25,12:30:00,13:26:00,13,15.0,3.75,
14671,165,2024-10-26,15:00:00,16:11:00,5,15.0,6.0,
14672,107,2024-10-26,13:15:00,15:12:00,12,15.0,3.75,
14673,103,2024-10-26,09:30:00,10:47:00,10,15.0,1.5,
14674,100,2024-10-26,15:15:00,17:37:00,7,15.0,1.5,
14675,205,2024-10-26,13:45:00,15:57:00,7,15.0,3.75,
14676,108,2024-10-26,09:30:00,10:55:00,11,15.0,1.5,
14677,73,2024-10-26,10:45:00,12:55:00,12,15.0,3.75,
14678,215,2024-10-26,10:00:00,10:45:00,2,15.0,3.75,
14679,52,2024-10-26,09:15:00,11:35:00,6,15.0,1.5,
14680,155,2024-10-26,09:00:00,09:54:00,14,15.0,3.75,
14681,126,2024-10-26,10:15:00,11:15:00,3,15.0,1.5,
14682,110,2024-10-26,14:00:00,15:00:00,11,15.0,3.75,
14683,1,2024-10-26,15:00:00,17:12:00,11,15.0,6.0,
14684,69,2024-10-26,11:45:00,12:48:00,11,15.0,3.75,
14685,215,2024-10-26,16:00:00,17:24:00,13,15.0,3.75,
14686,189,2024-10-26,13:30:00,15:18:00,12,15.0,3.75,
14687,103,2024-10-26,13:00:00,15:07:00,12,15.0,1.5,
14688,3,2024-10-26,09:00:00,09:54:00,4,15.0,3.75,
14689,4,2024-10-26,12:00:00,14:12:00,13,15.0,3.75,
14690,179,2024-10-26,10:15:00,11:14:00,2,15.0,3.75,
14691,27,2024-10-26,13:15:00,14:24:00,7,15.0,6.0,
14692,247,2024-10-26,09:45:00,11:47:00,7,18.0,0.0,
14693,74,2024-10-26,10:00:00,11:16:00,4,15.0,3.75,
14694,143,2024-10-26,14:00:00,16:30:00,4,15.0,3.75,
14695,4,2024-10-26,12:15:00,14:32:00,2,15.0,3.75,
14696,235,2024-10-26,09:00:00,10:30:00,11,18.0,0.0,
14697,165,2024-10-26,09:45:00,10:34:00,13,15.0,6.0,
14698,155,2024-10-26,16:00:00,18:20:00,6,15.0,3.75,
14699,179,2024-10-26,11:30:00,12:59:00,1,15.0,3.75,
14700,234,2024-10-26,14:15:00,16:35:00,3,18.0,0.0,
14701,96,2024-10-26,15:15:00,17:40:00,11,15.0,1.5,
14702,139,2024-10-26,12:30:00,13:50:00,11,18.0,0.0,
14703,43,2024-10-26,13:30:00,15:41:00,1,15.0,3.75,
14704,48,2024-10-26,10:15:00,12:42:00,3,15.0,3.75,
14705,48,2024-10-26,10:15:00,12:20:00,3,15.0,3.75,
14706,224,2024-10-26,10:15:00,12:22:00,5,15.0,3.75,
14707,205,2024-10-26,12:45:00,14:12:00,7,15.0,3.75,
14708,165,2024-10-26,14:45:00,15:46:00,4,15.0,6.0,
14709,92,2024-10-26,10:30:00,12:19:00,10,18.0,0.0,
14710,27,2024-10-26,11:45:00,13:24:00,5,15.0,6.0,
14711,73,2024-10-26,11:15:00,13:18:00,14,15.0,3.75,
14712,4,2024-10-26,10:30:00,12:42:00,12,15.0,3.75,
14713,113,2024-10-26,10:00:00,11:49:00,3,18.0,0.0,
14714,223,2024-10-26,12:45:00,14:25:00,7,15.0,1.5,
14715,189,2024-10-26,15:00:00,16:55:00,6,15.0,3.75,
14716,140,2024-10-26,13:00:00,14:54:00,6,15.0,3.75,
14717,95,2024-10-26,10:15:00,11:51:00,11,15.0,1.5,
14718,118,2024-10-26,15:15:00,17:04:00,11,15.0,3.75,
14719,106,2024-10-26,12:15:00,13:42:00,13,15.0,1.5,
14720,23,2024-10-26,10:15:00,12:40:00,12,15.0,6.0,
14721,119,2024-10-26,10:45:00,11:58:00,13,15.0,1.5,
14722,23,2024-10-26,09:30:00,11:30:00,14,15.0,6.0,
14723,44,2024-10-26,12:30:00,14:49:00,3,15.0,1.5,
14724,2,2024-10-26,14:15:00,15:07:00,4,15.0,6.0,
14725,217,2024-10-26,09:30:00,12:00:00,14,15.0,1.5,
14726,114,2024-10-26,13:30:00,14:28:00,12,15.0,1.5,
14727,198,2024-10-26,10:15:00,12:36:00,5,15.0,3.75,
14728,27,2024-10-26,14:45:00,16:05:00,2,15.0,6.0,
14729,43,2024-10-26,16:00:00,17:58:00,14,15.0,3.75,
14730,48,2024-10-27,11:15:00,12:27:00,1,15.0,3.75,
14731,169,2024-10-27,11:15:00,13:32:00,4,15.0,1.5,
14732,27,2024-10-27,11:15:00,12:13:00,1,15.0,6.0,
14733,15,2024-10-27,14:15:00,16:10:00,5,18.0,0.0,
14734,94,2024-10-27,09:30:00,11:32:00,14,18.0,0.0,
14735,205,2024-10-27,10:30:00,12:16:00,5,15.0,3.75,
14736,238,2024-10-27,14:45:00,15:48:00,1,15.0,1.5,
14737,189,2024-10-27,11:30:00,13:03:00,10,15.0,3.75,
14738,146,2024-10-27,11:00:00,11:49:00,10,18.0,0.0,
14739,179,2024-10-27,11:15:00,13:04:00,4,15.0,3.75,
14740,165,2024-10-27,13:15:00,15:11:00,7,15.0,6.0,
14741,195,2024-10-27,10:15:00,11:45:00,14,15.0,3.75,
14742,3,2024-10-27,11:15:00,12:41:00,1,15.0,3.75,
14743,100,2024-10-27,09:15:00,11:36:00,7,15.0,1.5,
14744,236,2024-10-27,16:45:00,18:39:00,4,15.0,1.5,
14745,107,2024-10-27,14:15:00,16:30:00,14,15.0,3.75,
14746,210,2024-10-27,12:45:00,14:14:00,4,15.0,3.75,
14747,43,2024-10-27,10:45:00,13:07:00,6,15.0,3.75,
14748,119,2024-10-27,15:45:00,17:58:00,10,15.0,1.5,
14749,163,2024-10-27,15:00:00,16:20:00,1,18.0,0.0,
14750,105,2024-10-27,10:45:00,12:48:00,14,18.0,0.0,
14751,195,2024-10-27,14:00:00,15:57:00,13,15.0,3.75,
14752,173,2024-10-27,14:30:00,15:51:00,2,18.0,0.0,
14753,158,2024-10-27,09:45:00,11:17:00,14,15.0,3.75,
14754,107,2024-10-27,15:30:00,17:03:00,13,15.0,3.75,
14755,144,2024-10-27,09:45:00,10:30:00,7,18.0,0.0,
14756,242,2024-10-27,16:45:00,18:55:00,3,15.0,3.75,
14757,52,2024-10-27,16:30:00,18:28:00,2,15.0,1.5,
14758,158,2024-10-28,15:00:00,17:24:00,13,15.0,3.75,
14759,74,2024-10-28,14:45:00,15:54:00,2,15.0,3.75,
14760,108,2024-10-28,15:00:00,16:18:00,12,15.0,1.5,
14761,100,2024-10-28,13:15:00,14:55:00,10,15.0,1.5,
14762,20,2024-10-28,14:30:00,16:22:00,14,18.0,0.0,
14763,93,2024-10-28,10:30:00,12:37:00,4,15.0,1.5,
14764,93,2024-10-28,15:30:00,16:23:00,5,15.0,1.5,
14765,155,2024-10-28,11:00:00,12:07:00,10,15.0,3.75,
14766,27,2024-10-28,16:00:00,18:01:00,11,15.0,6.0,
14767,74,2024-10-28,13:45:00,15:33:00,5,15.0,3.75,
14768,8,2024-10-28,11:15:00,13:00:00,6,15.0,1.5,
14769,247,2024-10-28,14:30:00,15:22:00,6,18.0,0.0,
14770,93,2024-10-28,09:15:00,10:25:00,1,15.0,1.5,
14771,224,2024-10-28,12:30:00,14:13:00,11,15.0,3.75,
14772,195,2024-10-28,14:45:00,17:08:00,5,15.0,3.75,
14773,72,2024-10-28,10:45:00,11:55:00,1,18.0,0.0,
14774,44,2024-10-28,09:00:00,10:16:00,2,15.0,1.5,
14775,186,2024-10-28,15:00:00,17:06:00,4,15.0,1.5,
14776,103,2024-10-28,13:00:00,15:03:00,6,15.0,1.5,
14777,109,2024-10-28,11:15:00,12:46:00,11,15.0,1.5,
14778,89,2024-10-28,09:45:00,11:37:00,3,15.0,1.5,
14779,198,2024-10-29,14:15:00,16:32:00,11,15.0,3.75,
14780,112,2024-10-29,16:30:00,18:28:00,14,15.0,1.5,
14781,77,2024-10-29,12:30:00,14:38:00,3,15.0,1.5,
14782,98,2024-10-29,14:45:00,16:30:00,3,15.0,3.75,
14783,96,2024-10-29,13:15:00,14:01:00,1,15.0,1.5,
14784,24,2024-10-29,12:45:00,13:32:00,14,15.0,3.75,
14785,215,2024-10-29,10:30:00,12:24:00,1,15.0,3.75,
14786,38,2024-10-29,09:00:00,10:13:00,11,15.0,1.5,
14787,165,2024-10-29,11:30:00,13:47:00,7,15.0,6.0,
14788,72,2024-10-29,11:00:00,12:40:00,4,18.0,0.0,
14789,139,2024-10-29,15:30:00,17:27:00,3,18.0,0.0,
14790,56,2024-10-29,14:00:00,15:32:00,7,15.0,3.75,
14791,56,2024-10-29,16:00:00,17:45:00,13,15.0,3.75,
14792,90,2024-10-29,14:45:00,16:40:00,14,18.0,0.0,
14793,189,2024-10-29,10:45:00,12:19:00,1,15.0,3.75,
14794,191,2024-10-29,09:30:00,10:54:00,10,18.0,0.0,
14795,2,2024-10-29,12:00:00,13:15:00,12,15.0,6.0,
14796,103,2024-10-29,14:30:00,16:27:00,5,15.0,1.5,
14797,27,2024-10-30,13:15:00,15:33:00,11,15.0,6.0,
14798,141,2024-10-30,09:45:00,10:39:00,5,15.0,3.75,
14799,143,2024-10-30,11:00:00,12:39:00,3,15.0,3.75,
14800,77,2024-10-30,11:15:00,12:03:00,7,15.0,1.5,
14801,56,2024-10-30,14:00:00,15:18:00,12,15.0,3.75,
14802,242,2024-10-30,11:45:00,13:40:00,3,15.0,3.75,
14803,205,2024-10-30,11:15:00,13:24:00,10,15.0,3.75,
14804,187,2024-10-30,15:00:00,16:13:00,13,18.0,0.0,
14805,182,2024-10-30,13:45:00,14:56:00,12,15.0,1.5,
14806,11,2024-10-30,15:30:00,16:51:00,6,18.0,0.0,
14807,228,2024-10-30,15:45:00,16:45:00,4,15.0,1.5,
14808,139,2024-10-30,15:15:00,16:26:00,1,18.0,0.0,
14809,194,2024-10-30,09:00:00,11:06:00,10,15.0,1.5,
14810,98,2024-10-30,15:30:00,17:38:00,6,15.0,3.75,
14811,99,2024-10-30,10:30:00,12:24:00,11,18.0,0.0,
14812,169,2024-10-31,16:15:00,17:42:00,6,15.0,1.5,
14813,130,2024-10-31,14:00:00,16:22:00,11,15.0,1.5,
14814,64,2024-10-31,10:00:00,12:12:00,2,15.0,1.5,
14815,48,2024-10-31,15:45:00,17:30:00,10,15.0,3.75,
14816,224,2024-10-31,12:00:00,13:14:00,6,15.0,3.75,
14817,65,2024-10-31,13:45:00,15:03:00,5,18.0,0.0,
14818,36,2024-10-31,10:00:00,11:40:00,13,15.0,3.75,
14819,189,2024-10-31,13:15:00,15:40:00,11,15.0,3.75,
14820,135,2024-10-31,13:15:00,14:25:00,4,15.0,3.75,
14821,236,2024-10-31,15:30:00,17:27:00,10,15.0,1.5,
14822,233,2024-10-31,15:45:00,17:08:00,3,15.0,3.75,
14823,106,2024-10-31,09:45:00,11:58:00,7,15.0,1.5,
14824,208,2024-10-31,10:15:00,11:53:00,6,18.0,0.0,
14825,183,2024-10-31,12:15:00,13:42:00,4,15.0,1.5,
14826,67,2024-10-31,14:00:00,15:58:00,11,15.0,3.75,
14827,232,2024-10-31,14:45:00,15:54:00,12,15.0,3.75,
14828,107,2024-10-31,12:00:00,13:12:00,1,15.0,3.75,
14829,48,2024-10-31,16:45:00,19:08:00,2,15.0,3.75,
14830,63,2024-10-31,12:15:00,14:05:00,11,15.0,1.5,
14831,74,2024-10-31,15:45:00,17:02:00,11,15.0,3.75,
14832,107,2024-10-31,13:30:00,15:11:00,10,15.0,3.75,
14833,103,2024-10-31,13:45:00,14:59:00,1,15.0,1.5,
14834,78,2024-10-31,11:00:00,12:46:00,10,18.0,0.0,
14835,195,2024-10-31,12:00:00,13:40:00,13,15.0,3.75,
14836,165,2024-11-01,15:00:00,16:07:00,13,15.0,6.0,
14837,91,2024-11-01,14:30:00,16:59:00,12,15.0,3.75,
14838,172,2024-11-01,14:45:00,16:58:00,14,15.0,1.5,
14839,201,2024-11-01,12:45:00,14:11:00,12,15.0,1.5,
14840,74,2024-11-01,16:15:00,17:29:00,10,15.0,3.75,
14841,73,2024-11-01,16:30:00,18:06:00,3,15.0,3.75,
14842,164,2024-11-01,16:15:00,17:11:00,7,15.0,1.5,
14843,196,2024-11-01,16:15:00,17:16:00,14,15.0,1.5,
14844,126,2024-11-01,11:00:00,13:14:00,12,15.0,1.5,
14845,96,2024-11-01,13:45:00,15:32:00,13,15.0,1.5,
14846,2,2024-11-01,10:00:00,11:29:00,12,15.0,6.0,
14847,74,2024-11-01,16:30:00,18:27:00,4,15.0,3.75,
14848,114,2024-11-01,12:00:00,13:08:00,6,15.0,1.5,
14849,246,2024-11-01,12:45:00,14:06:00,1,15.0,1.5,
14850,89,2024-11-01,12:15:00,13:46:00,11,15.0,1.5,
14851,25,2024-11-01,14:30:00,15:21:00,14,15.0,1.5,
14852,5,2024-11-01,16:15:00,18:36:00,2,15.0,3.75,
14853,61,2024-11-01,16:00:00,18:04:00,1,15.0,3.75,
14854,237,2024-11-01,13:15:00,14:14:00,10,15.0,3.75,
14855,73,2024-11-01,12:30:00,13:39:00,2,15.0,3.75,
14856,55,2024-11-01,15:15:00,16:32:00,1,18.0,0.0,
14857,51,2024-11-01,11:30:00,13:57:00,6,15.0,1.5,
14858,141,2024-11-01,16:30:00,18:34:00,12,15.0,3.75,
14859,215,2024-11-01,12:00:00,14:05:00,5,15.0,3.75,
14860,62,2024-11-02,14:00:00,16:13:00,3,18.0,0.0,
14861,4,2024-11-02,10:30:00,12:45:00,13,15.0,3.75,
14862,48,2024-11-02,09:30:00,11:59:00,10,15.0,3.75,
14863,231,2024-11-02,13:45:00,15:50:00,13,15.0,1.5,
14864,2,2024-11-02,13:45:00,15:44:00,4,15.0,6.0,
14865,177,2024-11-02,13:30:00,15:15:00,2,18.0,0.0,
14866,73,2024-11-02,11:45:00,13:12:00,4,15.0,3.75,
14867,1,2024-11-02,10:30:00,11:18:00,4,15.0,6.0,
14868,193,2024-11-02,10:30:00,12:19:00,5,15.0,1.5,
14869,1,2024-11-02,11:00:00,12:12:00,3,15.0,6.0,
14870,106,2024-11-02,11:00:00,13:27:00,14,15.0,1.5,
14871,31,2024-11-02,13:00:00,14:01:00,14,15.0,1.5,
14872,205,2024-11-02,10:00:00,11:07:00,5,15.0,3.75,
14873,63,2024-11-02,14:45:00,15:42:00,5,15.0,1.5,
14874,21,2024-11-02,15:15:00,17:07:00,11,15.0,1.5,
14875,2,2024-11-02,10:15:00,11:25:00,13,15.0,6.0,
14876,163,2024-11-02,14:45:00,16:45:00,10,18.0,0.0,
14877,174,2024-11-02,13:45:00,15:08:00,5,15.0,1.5,
14878,98,2024-11-02,14:45:00,16:43:00,6,15.0,3.75,
14879,106,2024-11-02,12:30:00,14:49:00,10,15.0,1.5,
14880,164,2024-11-02,13:45:00,14:40:00,6,15.0,1.5,
14881,61,2024-11-02,14:45:00,17:05:00,7,15.0,3.75,
14882,69,2024-11-02,12:30:00,13:57:00,12,15.0,3.75,
14883,155,2024-11-02,12:00:00,12:53:00,3,15.0,3.75,
14884,64,2024-11-02,16:45:00,17:36:00,14,15.0,1.5,
14885,47,2024-11-02,13:15:00,14:25:00,2,15.0,1.5,
14886,199,2024-11-03,15:30:00,17:04:00,4,15.0,1.5,
14887,4,2024-11-03,12:15:00,13:23:00,4,15.0,3.75,
14888,25,2024-11-03,09:30:00,11:29:00,10,15.0,1.5,
14889,73,2024-11-03,13:45:00,15:32:00,4,15.0,3.75,
14890,108,2024-11-03,10:30:00,11:58:00,6,15.0,1.5,
14891,8,2024-11-03,16:45:00,18:18:00,5,15.0,1.5,
14892,55,2024-11-03,11:45:00,14:14:00,13,18.0,0.0,
14893,144,2024-11-03,13:45:00,14:51:00,7,18.0,0.0,
14894,235,2024-11-03,10:15:00,11:19:00,5,18.0,0.0,
14895,150,2024-11-03,13:15:00,15:15:00,7,18.0,0.0,
14896,35,2024-11-03,12:30:00,14:22:00,13,18.0,0.0,
14897,75,2024-11-03,14:15:00,15:23:00,5,15.0,1.5,
14898,114,2024-11-03,12:00:00,13:21:00,7,15.0,1.5,
14899,134,2024-11-03,15:30:00,16:35:00,10,15.0,1.5,
14900,228,2024-11-03,09:00:00,09:51:00,4,15.0,1.5,
14901,2,2024-11-03,09:15:00,10:58:00,3,15.0,6.0,
14902,95,2024-11-03,11:45:00,13:38:00,11,15.0,1.5,
14903,145,2024-11-03,14:30:00,15:26:00,14,18.0,0.0,
14904,138,2024-11-03,11:30:00,13:59:00,5,18.0,0.0,
14905,2,2024-11-03,12:15:00,14:31:00,6,15.0,6.0,
14906,126,2024-11-03,16:30:00,18:52:00,10,15.0,1.5,
14907,140,2024-11-03,10:00:00,11:34:00,5,15.0,3.75,
14908,95,2024-11-03,12:30:00,13:16:00,2,15.0,1.5,
14909,11,2024-11-03,09:45:00,11:32:00,5,18.0,0.0,
14910,110,2024-11-03,15:15:00,16:57:00,11,15.0,3.75,
14911,3,2024-11-03,15:45:00,18:03:00,13,15.0,3.75,
14912,195,2024-11-03,15:00:00,17:14:00,12,15.0,3.75,
14913,91,2024-11-03,16:45:00,17:46:00,4,15.0,3.75,
14914,10,2024-11-03,11:00:00,12:30:00,5,15.0,1.5,
14915,69,2024-11-04,12:45:00,14:58:00,4,15.0,3.75,
14916,155,2024-11-04,15:00:00,16:46:00,10,15.0,3.75,
14917,95,2024-11-04,15:45:00,17:02:00,3,15.0,1.5,
14918,27,2024-11-04,15:30:00,16:20:00,10,15.0,6.0,
14919,217,2024-11-04,16:00:00,18:08:00,4,15.0,1.5,
14920,121,2024-11-04,16:15:00,17:17:00,4,15.0,1.5,
14921,159,2024-11-04,15:15:00,16:25:00,10,15.0,1.5,
14922,217,2024-11-04,11:45:00,12:46:00,10,15.0,1.5,
14923,242,2024-11-04,09:30:00,11:11:00,3,15.0,3.75,
14924,135,2024-11-04,15:45:00,17:13:00,14,15.0,3.75,
14925,155,2024-11-04,11:45:00,12:44:00,1,15.0,3.75,
14926,215,2024-11-04,16:15:00,17:32:00,4,15.0,3.75,
14927,96,2024-11-04,15:15:00,17:12:00,7,15.0,1.5,
14928,52,2024-11-04,11:15:00,12:41:00,1,15.0,1.5,
14929,163,2024-11-04,11:00:00,12:03:00,4,18.0,0.0,
14930,89,2024-11-04,13:15:00,14:30:00,1,15.0,1.5,
14931,46,2024-11-04,09:15:00,10:24:00,10,18.0,0.0,
14932,197,2024-11-05,15:45:00,17:33:00,14,15.0,1.5,
14933,20,2024-11-05,14:15:00,16:21:00,6,18.0,0.0,
14934,119,2024-11-05,09:15:00,11:00:00,5,15.0,1.5,
14935,96,2024-11-05,16:45:00,17:38:00,14,15.0,1.5,
14936,63,2024-11-05,12:30:00,14:59:00,5,15.0,1.5,
14937,68,2024-11-05,15:15:00,17:02:00,14,18.0,0.0,
14938,109,2024-11-05,11:15:00,12:41:00,13,15.0,1.5,
14939,2,2024-11-05,11:00:00,12:56:00,7,15.0,6.0,
14940,69,2024-11-05,15:30:00,17:08:00,6,15.0,3.75,
14941,243,2024-11-05,10:30:00,11:34:00,4,18.0,0.0,
14942,246,2024-11-05,16:45:00,18:50:00,1,15.0,1.5,
14943,183,2024-11-05,13:15:00,14:43:00,5,15.0,1.5,
14944,224,2024-11-05,09:30:00,11:49:00,1,15.0,3.75,
14945,111,2024-11-05,13:45:00,15:30:00,12,15.0,1.5,
14946,2,2024-11-05,15:00:00,17:10:00,6,15.0,6.0,
14947,148,2024-11-05,09:15:00,10:17:00,13,15.0,1.5,
14948,237,2024-11-05,10:45:00,12:06:00,1,15.0,3.75,
14949,135,2024-11-05,15:30:00,16:40:00,6,15.0,3.75,
14950,211,2024-11-05,14:15:00,16:09:00,2,18.0,0.0,
14951,78,2024-11-05,10:45:00,11:48:00,11,18.0,0.0,
14952,210,2024-11-05,13:15:00,14:38:00,10,15.0,3.75,
14953,91,2024-11-05,15:30:00,16:57:00,14,15.0,3.75,
14954,85,2024-11-06,15:45:00,16:51:00,13,18.0,0.0,
14955,228,2024-11-06,12:15:00,13:15:00,6,15.0,1.5,
14956,170,2024-11-06,15:15:00,17:32:00,13,15.0,1.5,
14957,44,2024-11-06,09:45:00,11:41:00,4,15.0,1.5,
14958,5,2024-11-06,10:00:00,11:23:00,5,15.0,3.75,
14959,179,2024-11-06,16:30:00,18:10:00,5,15.0,3.75,
14960,81,2024-11-06,09:45:00,11:29:00,5,15.0,1.5,
14961,61,2024-11-06,14:00:00,15:58:00,13,15.0,3.75,
14962,126,2024-11-06,14:15:00,16:06:00,3,15.0,1.5,
14963,2,2024-11-06,16:00:00,18:22:00,2,15.0,6.0,
14964,93,2024-11-06,09:45:00,10:55:00,11,15.0,1.5,
14965,25,2024-11-06,13:30:00,15:16:00,7,15.0,1.5,
14966,2,2024-11-06,13:30:00,15:55:00,1,15.0,6.0,
14967,93,2024-11-06,13:15:00,14:16:00,13,15.0,1.5,
14968,81,2024-11-06,09:30:00,11:58:00,7,15.0,1.5,
14969,205,2024-11-06,09:15:00,10:23:00,6,15.0,3.75,
14970,96,2024-11-06,10:30:00,11:38:00,14,15.0,1.5,
14971,181,2024-11-06,16:00:00,17:32:00,11,15.0,1.5,
14972,242,2024-11-06,11:00:00,13:27:00,10,15.0,3.75,
14973,172,2024-11-07,11:45:00,13:01:00,3,15.0,1.5,
14974,179,2024-11-07,09:45:00,11:28:00,5,15.0,3.75,
14975,36,2024-11-07,16:00:00,17:11:00,11,15.0,3.75,
14976,24,2024-11-07,11:00:00,12:24:00,14,15.0,3.75,
14977,197,2024-11-07,10:30:00,12:53:00,10,15.0,1.5,
14978,89,2024-11-07,15:00:00,15:53:00,11,15.0,1.5,
14979,236,2024-11-07,11:45:00,14:15:00,5,15.0,1.5,
14980,11,2024-11-07,15:30:00,16:35:00,7,18.0,0.0,
14981,46,2024-11-07,10:45:00,12:53:00,1,18.0,0.0,
14982,105,2024-11-07,15:00:00,16:55:00,14,18.0,0.0,
14983,199,2024-11-07,10:45:00,11:32:00,11,15.0,1.5,
14984,13,2024-11-07,14:45:00,15:54:00,11,18.0,0.0,
14985,108,2024-11-07,09:15:00,11:02:00,1,15.0,1.5,
14986,31,2024-11-07,10:15:00,12:06:00,12,15.0,1.5,
14987,4,2024-11-07,15:00:00,16:23:00,11,15.0,3.75,
14988,176,2024-11-07,15:00:00,17:30:00,13,18.0,0.0,
14989,162,2024-11-07,14:15:00,15:52:00,7,15.0,3.75,
14990,69,2024-11-07,11:30:00,12:35:00,3,15.0,3.75,
14991,153,2024-11-07,16:15:00,17:07:00,2,18.0,0.0,
14992,186,2024-11-07,09:15:00,11:33:00,2,15.0,1.5,
14993,238,2024-11-07,12:00:00,14:11:00,7,15.0,1.5,
14994,6,2024-11-07,13:00:00,14:05:00,7,15.0,1.5,
14995,110,2024-11-07,11:15:00,13:27:00,5,15.0,3.75,
14996,1,2024-11-07,14:30:00,15:16:00,2,15.0,6.0,
14997,215,2024-11-07,09:15:00,10:50:00,4,15.0,3.75,
14998,192,2024-11-07,13:00:00,14:17:00,12,18.0,0.0,
14999,76,2024-11-07,15:00:00,16:04:00,4,15.0,3.75,
15000,170,2024-11-07,16:45:00,19:00:00,11,15.0,1.5,
15001,73,2024-11-08,15:15:00,16:00:00,3,15.0,3.75,
15002,115,2024-11-08,13:00:00,14:43:00,6,18.0,0.0,
15003,61,2024-11-08,14:30:00,16:13:00,12,15.0,3.75,
15004,198,2024-11-08,14:30:00,15:56:00,1,15.0,3.75,
15005,56,2024-11-08,13:45:00,15:00:00,3,15.0,3.75,
15006,245,2024-11-08,13:15:00,15:34:00,11,18.0,0.0,
15007,246,2024-11-08,13:45:00,16:13:00,10,15.0,1.5,
15008,25,2024-11-08,14:00:00,15:25:00,12,15.0,1.5,
15009,166,2024-11-08,14:45:00,16:35:00,6,18.0,0.0,
15010,1,2024-11-08,10:45:00,11:58:00,1,15.0,6.0,
15011,179,2024-11-08,16:00:00,17:29:00,5,15.0,3.75,
15012,107,2024-11-08,14:45:00,16:40:00,14,15.0,3.75,
15013,2,2024-11-08,16:45:00,17:36:00,11,15.0,6.0,
15014,213,2024-11-08,16:45:00,17:44:00,2,15.0,1.5,
15015,23,2024-11-08,13:30:00,15:27:00,6,15.0,6.0,
15016,38,2024-11-08,15:30:00,16:20:00,7,15.0,1.5,
15017,170,2024-11-08,09:30:00,11:54:00,10,15.0,1.5,
15018,93,2024-11-08,11:00:00,12:56:00,5,15.0,1.5,
15019,189,2024-11-08,11:00:00,13:27:00,6,15.0,3.75,
15020,6,2024-11-08,13:45:00,15:38:00,6,15.0,1.5,
15021,33,2024-11-08,10:45:00,11:40:00,4,15.0,3.75,
15022,72,2024-11-09,11:00:00,12:54:00,4,18.0,0.0,
15023,61,2024-11-09,12:45:00,15:01:00,2,15.0,3.75,
15024,82,2024-11-09,10:30:00,12:57:00,11,15.0,1.5,
15025,33,2024-11-09,11:30:00,13:05:00,12,15.0,3.75,
15026,93,2024-11-09,09:00:00,09:59:00,7,15.0,1.5,
15027,25,2024-11-09,14:30:00,15:29:00,7,15.0,1.5,
15028,2,2024-11-09,12:00:00,12:50:00,12,15.0,6.0,
15029,63,2024-11-09,12:00:00,13:20:00,5,15.0,1.5,
15030,165,2024-11-09,13:15:00,14:25:00,1,15.0,6.0,
15031,36,2024-11-09,11:45:00,13:53:00,6,15.0,3.75,
15032,189,2024-11-10,15:15:00,16:33:00,10,15.0,3.75,
15033,204,2024-11-10,10:30:00,12:15:00,14,18.0,0.0,
15034,237,2024-11-10,15:30:00,17:38:00,12,15.0,3.75,
15035,67,2024-11-10,15:45:00,16:59:00,12,15.0,3.75,
15036,208,2024-11-10,14:45:00,16:03:00,10,18.0,0.0,
15037,73,2024-11-10,16:45:00,18:47:00,2,15.0,3.75,
15038,107,2024-11-10,10:30:00,12:25:00,1,15.0,3.75,
15039,67,2024-11-10,12:45:00,14:45:00,2,15.0,3.75,
15040,69,2024-11-10,14:15:00,16:31:00,11,15.0,3.75,
15041,75,2024-11-10,09:15:00,10:01:00,12,15.0,1.5,
15042,246,2024-11-10,11:30:00,12:16:00,1,15.0,1.5,
15043,219,2024-11-10,13:30:00,14:22:00,5,15.0,3.75,
15044,205,2024-11-10,13:00:00,13:52:00,2,15.0,3.75,
15045,82,2024-11-10,10:45:00,11:38:00,2,15.0,1.5,
15046,114,2024-11-10,11:00:00,13:22:00,13,15.0,1.5,
15047,234,2024-11-10,10:30:00,12:58:00,7,18.0,0.0,
15048,135,2024-11-10,14:15:00,15:22:00,2,15.0,3.75,
15049,122,2024-11-10,16:00:00,18:06:00,1,15.0,1.5,
15050,200,2024-11-10,14:00:00,15:40:00,7,18.0,0.0,
15051,233,2024-11-10,09:00:00,09:50:00,14,15.0,3.75,
15052,215,2024-11-10,10:00:00,11:29:00,5,15.0,3.75,
15053,98,2024-11-10,14:15:00,16:15:00,6,15.0,3.75,
15054,155,2024-11-10,10:15:00,11:17:00,11,15.0,3.75,
15055,218,2024-11-10,15:15:00,16:23:00,1,15.0,1.5,
15056,182,2024-11-10,11:15:00,12:52:00,10,15.0,1.5,
15057,240,2024-11-10,12:45:00,14:44:00,12,15.0,6.0,
15058,73,2024-11-10,11:15:00,12:20:00,12,15.0,3.75,
15059,158,2024-11-10,10:00:00,12:02:00,6,15.0,3.75,
15060,4,2024-11-10,13:15:00,15:12:00,11,15.0,3.75,
15061,224,2024-11-10,10:45:00,13:05:00,4,15.0,3.75,
15062,232,2024-11-10,09:00:00,11:10:00,14,15.0,3.75,
15063,99,2024-11-11,09:45:00,11:08:00,12,18.0,0.0,
15064,165,2024-11-11,15:30:00,17:01:00,13,15.0,6.0,
15065,3,2024-11-11,14:30:00,16:58:00,2,15.0,3.75,
15066,22,2024-11-11,09:15:00,10:26:00,1,18.0,0.0,
15067,208,2024-11-11,16:45:00,18:21:00,5,18.0,0.0,
15068,99,2024-11-11,16:15:00,17:48:00,5,18.0,0.0,
15069,81,2024-11-11,15:30:00,16:33:00,4,15.0,1.5,
15070,155,2024-11-11,11:15:00,12:15:00,11,15.0,3.75,
15071,249,2024-11-11,09:30:00,11:43:00,11,18.0,0.0,
15072,25,2024-11-11,11:45:00,13:38:00,2,15.0,1.5,
15073,135,2024-11-11,16:30:00,18:39:00,4,15.0,3.75,
15074,203,2024-11-11,12:15:00,14:40:00,13,15.0,3.75,
15075,69,2024-11-11,12:00:00,13:12:00,3,15.0,3.75,
15076,135,2024-11-11,10:30:00,11:46:00,7,15.0,3.75,
15077,91,2024-11-11,13:00:00,13:49:00,11,15.0,3.75,
15078,43,2024-11-11,09:45:00,11:22:00,2,15.0,3.75,
15079,137,2024-11-11,16:30:00,17:45:00,12,18.0,0.0,
15080,1,2024-11-11,09:30:00,10:57:00,6,15.0,6.0,
15081,205,2024-11-12,09:30:00,11:20:00,12,15.0,3.75,
15082,122,2024-11-12,16:30:00,18:40:00,2,15.0,1.5,
15083,20,2024-11-12,13:00:00,14:24:00,2,18.0,0.0,
15084,155,2024-11-12,15:15:00,17:03:00,3,15.0,3.75,
15085,107,2024-11-12,11:45:00,13:26:00,11,15.0,3.75,
15086,234,2024-11-12,14:30:00,15:28:00,6,18.0,0.0,
15087,107,2024-11-12,16:30:00,17:36:00,5,15.0,3.75,
15088,237,2024-11-12,12:45:00,14:19:00,3,15.0,3.75,
15089,186,2024-11-12,10:30:00,12:12:00,13,15.0,1.5,
15090,23,2024-11-12,10:00:00,11:40:00,7,15.0,6.0,
15091,69,2024-11-12,14:00:00,14:58:00,1,15.0,3.75,
15092,240,2024-11-12,10:15:00,11:21:00,12,15.0,6.0,
15093,108,2024-11-12,13:00:00,14:12:00,4,15.0,1.5,
15094,143,2024-11-12,16:45:00,18:32:00,2,15.0,3.75,
15095,110,2024-11-12,10:30:00,12:23:00,13,15.0,3.75,
15096,26,2024-11-12,12:15:00,13:53:00,13,18.0,0.0,
15097,36,2024-11-12,09:45:00,12:11:00,10,15.0,3.75,
15098,224,2024-11-12,14:45:00,16:57:00,11,15.0,3.75,
15099,215,2024-11-12,12:30:00,14:15:00,5,15.0,3.75,
15100,242,2024-11-12,14:15:00,16:21:00,14,15.0,3.75,
15101,90,2024-11-13,10:15:00,12:18:00,12,18.0,0.0,
15102,118,2024-11-13,13:30:00,15:07:00,11,15.0,3.75,
15103,25,2024-11-13,11:30:00,12:35:00,12,15.0,1.5,
15104,242,2024-11-13,10:15:00,11:51:00,6,15.0,3.75,
15105,1,2024-11-13,16:15:00,18:22:00,13,15.0,6.0,
15106,9,2024-11-13,13:45:00,15:54:00,3,15.0,1.5,
15107,246,2024-11-13,12:15:00,13:24:00,7,15.0,1.5,
15108,73,2024-11-13,15:30:00,16:58:00,1,15.0,3.75,
15109,215,2024-11-13,15:30:00,17:32:00,10,15.0,3.75,
15110,111,2024-11-13,12:45:00,14:11:00,13,15.0,1.5,
15111,57,2024-11-13,14:30:00,15:36:00,2,15.0,1.5,
15112,91,2024-11-13,09:30:00,11:09:00,5,15.0,3.75,
15113,99,2024-11-13,14:15:00,15:28:00,5,18.0,0.0,
15114,136,2024-11-13,09:15:00,10:20:00,1,18.0,0.0,
15115,148,2024-11-13,12:00:00,13:25:00,14,15.0,1.5,
15116,33,2024-11-13,09:00:00,10:18:00,11,15.0,3.75,
15117,165,2024-11-13,13:15:00,14:47:00,14,15.0,6.0,
15118,103,2024-11-13,13:45:00,14:32:00,14,15.0,1.5,
15119,218,2024-11-13,09:15:00,10:29:00,5,15.0,1.5,
15120,196,2024-11-13,11:15:00,13:06:00,6,15.0,1.5,
15121,61,2024-11-13,12:15:00,13:57:00,5,15.0,3.75,
15122,103,2024-11-13,16:45:00,18:29:00,10,15.0,1.5,
15123,143,2024-11-13,10:45:00,13:10:00,12,15.0,3.75,
15124,107,2024-11-13,15:15:00,16:42:00,2,15.0,3.75,
15125,229,2024-11-14,12:30:00,14:25:00,5,18.0,0.0,
15126,120,2024-11-14,14:15:00,16:00:00,7,15.0,1.5,
15127,10,2024-11-14,12:30:00,14:28:00,7,15.0,1.5,
15128,144,2024-11-14,11:45:00,13:56:00,13,18.0,0.0,
15129,1,2024-11-14,16:45:00,17:40:00,13,15.0,6.0,
15130,169,2024-11-14,09:15:00,11:22:00,10,15.0,1.5,
15131,73,2024-11-14,15:30:00,17:11:00,13,15.0,3.75,
15132,219,2024-11-14,09:30:00,11:23:00,14,15.0,3.75,
15133,182,2024-11-14,14:15:00,15:34:00,10,15.0,1.5,
15134,106,2024-11-14,09:15:00,11:25:00,13,15.0,1.5,
15135,38,2024-11-14,13:45:00,15:47:00,2,15.0,1.5,
15136,4,2024-11-14,15:15:00,17:17:00,14,15.0,3.75,
15137,21,2024-11-15,16:45:00,17:34:00,13,15.0,1.5,
15138,240,2024-11-15,12:00:00,12:51:00,6,15.0,6.0,
15139,130,2024-11-15,11:15:00,12:33:00,7,15.0,1.5,
15140,119,2024-11-15,15:45:00,16:36:00,7,15.0,1.5,
15141,120,2024-11-15,14:30:00,16:12:00,4,15.0,1.5,
15142,140,2024-11-15,10:00:00,11:55:00,13,15.0,3.75,
15143,36,2024-11-15,13:30:00,14:40:00,6,15.0,3.75,
15144,191,2024-11-15,14:30:00,15:26:00,4,18.0,0.0,
15145,99,2024-11-15,15:00:00,16:23:00,5,18.0,0.0,
15146,110,2024-11-15,13:15:00,15:06:00,6,15.0,3.75,
15147,4,2024-11-15,15:45:00,18:00:00,11,15.0,3.75,
15148,147,2024-11-15,10:30:00,11:39:00,14,18.0,0.0,
15149,69,2024-11-15,15:15:00,16:44:00,12,15.0,3.75,
15150,2,2024-11-15,14:15:00,15:34:00,4,15.0,6.0,
15151,123,2024-11-15,13:00:00,15:19:00,1,18.0,0.0,
15152,106,2024-11-15,13:45:00,15:20:00,10,15.0,1.5,
15153,189,2024-11-15,16:15:00,18:16:00,6,15.0,3.75,
15154,160,2024-11-15,11:45:00,12:50:00,5,15.0,3.75,
15155,82,2024-11-15,16:00:00,18:02:00,2,15.0,1.5,
15156,184,2024-11-15,09:15:00,10:59:00,2,18.0,0.0,
15157,7,2024-11-15,09:30:00,10:53:00,2,15.0,1.5,
15158,61,2024-11-15,15:00:00,17:00:00,7,15.0,3.75,
15159,35,2024-11-15,15:45:00,16:41:00,2,18.0,0.0,
15160,211,2024-11-16,16:45:00,18:40:00,4,18.0,0.0,
15161,61,2024-11-16,16:45:00,17:56:00,6,15.0,3.75,
15162,143,2024-11-16,12:45:00,14:09:00,3,15.0,3.75,
15163,73,2024-11-16,10:30:00,12:12:00,14,15.0,3.75,
15164,1,2024-11-16,12:30:00,13:55:00,4,15.0,6.0,
15165,100,2024-11-16,12:15:00,14:21:00,3,15.0,1.5,
15166,101,2024-11-17,16:00:00,17:47:00,2,18.0,0.0,
15167,225,2024-11-17,15:15:00,17:01:00,7,18.0,0.0,
15168,74,2024-11-17,16:15:00,17:41:00,2,15.0,3.75,
15169,94,2024-11-17,09:00:00,10:03:00,12,18.0,0.0,
15170,106,2024-11-17,15:00:00,15:51:00,7,15.0,1.5,
15171,77,2024-11-17,13:45:00,15:00:00,1,15.0,1.5,
15172,163,2024-11-17,16:15:00,17:40:00,3,18.0,0.0,
15173,155,2024-11-17,09:00:00,10:09:00,13,15.0,3.75,
15174,195,2024-11-17,13:30:00,14:50:00,6,15.0,3.75,
15175,23,2024-11-17,11:00:00,12:55:00,10,15.0,6.0,
15176,162,2024-11-17,11:45:00,13:41:00,6,15.0,3.75,
15177,53,2024-11-17,10:15:00,11:17:00,11,15.0,1.5,
15178,76,2024-11-17,10:15:00,11:12:00,14,15.0,3.75,
15179,91,2024-11-17,09:30:00,10:56:00,7,15.0,3.75,
15180,33,2024-11-17,12:30:00,14:02:00,13,15.0,3.75,
15181,48,2024-11-17,11:15:00,13:05:00,10,15.0,3.75,
15182,168,2024-11-17,09:30:00,11:01:00,6,18.0,0.0,
15183,182,2024-11-17,15:00:00,16:21:00,10,15.0,1.5,
15184,210,2024-11-17,09:00:00,09:47:00,14,15.0,3.75,
15185,103,2024-11-17,12:45:00,15:10:00,1,15.0,1.5,
15186,217,2024-11-17,10:45:00,12:52:00,11,15.0,1.5,
15187,27,2024-11-17,12:30:00,14:50:00,14,15.0,6.0,
15188,4,2024-11-17,09:15:00,11:41:00,11,15.0,3.75,
15189,100,2024-11-17,09:15:00,11:21:00,10,15.0,1.5,
15190,171,2024-11-17,13:15:00,14:58:00,13,18.0,0.0,
15191,223,2024-11-18,11:00:00,12:28:00,6,15.0,1.5,
15192,172,2024-11-18,11:30:00,12:31:00,12,15.0,1.5,
15193,2,2024-11-18,14:45:00,17:00:00,13,15.0,6.0,
15194,215,2024-11-18,12:30:00,13:43:00,6,15.0,3.75,
15195,236,2024-11-18,16:45:00,18:37:00,6,15.0,1.5,
15196,47,2024-11-18,16:15:00,17:52:00,13,15.0,1.5,
15197,172,2024-11-18,13:15:00,15:12:00,10,15.0,1.5,
15198,138,2024-11-18,15:00:00,17:24:00,2,18.0,0.0,
15199,207,2024-11-18,11:45:00,12:58:00,13,15.0,6.0,
15200,180,2024-11-18,13:15:00,15:18:00,1,18.0,0.0,
15201,186,2024-11-18,14:15:00,15:29:00,3,15.0,1.5,
15202,21,2024-11-18,11:45:00,12:46:00,1,15.0,1.5,
15203,57,2024-11-18,13:00:00,15:13:00,13,15.0,1.5,
15204,91,2024-11-18,11:30:00,13:36:00,1,15.0,3.75,
15205,100,2024-11-18,12:15:00,14:18:00,10,15.0,1.5,
15206,219,2024-11-18,14:00:00,16:19:00,6,15.0,3.75,
15207,100,2024-11-18,09:15:00,11:18:00,13,15.0,1.5,
15208,149,2024-11-18,15:45:00,16:32:00,7,15.0,1.5,
15209,91,2024-11-18,14:45:00,15:38:00,2,15.0,3.75,
15210,194,2024-11-18,13:00:00,15:18:00,6,15.0,1.5,
15211,122,2024-11-18,09:00:00,10:41:00,11,15.0,1.5,
15212,61,2024-11-18,13:00:00,13:59:00,2,15.0,3.75,
15213,240,2024-11-18,13:15:00,15:06:00,6,15.0,6.0,
15214,82,2024-11-18,14:30:00,16:19:00,4,15.0,1.5,
15215,10,2024-11-18,13:00:00,15:15:00,1,15.0,1.5,
15216,73,2024-11-18,13:00:00,14:01:00,13,15.0,3.75,
15217,165,2024-11-18,15:00:00,15:57:00,3,15.0,6.0,
15218,47,2024-11-18,09:15:00,11:34:00,13,15.0,1.5,
15219,9,2024-11-19,16:00:00,16:54:00,5,15.0,1.5,
15220,179,2024-11-19,11:00:00,11:50:00,14,15.0,3.75,
15221,205,2024-11-19,09:00:00,09:57:00,11,15.0,3.75,
15222,23,2024-11-19,14:30:00,16:06:00,13,15.0,6.0,
15223,56,2024-11-19,15:45:00,17:52:00,1,15.0,3.75,
15224,108,2024-11-19,15:45:00,16:32:00,13,15.0,1.5,
15225,215,2024-11-19,14:30:00,16:16:00,4,15.0,3.75,
15226,95,2024-11-19,16:30:00,18:08:00,14,15.0,1.5,
15227,119,2024-11-19,16:00:00,18:11:00,7,15.0,1.5,
15228,94,2024-11-19,16:30:00,18:48:00,2,18.0,0.0,
15229,204,2024-11-19,15:45:00,16:57:00,3,18.0,0.0,
15230,33,2024-11-19,12:15:00,14:37:00,1,15.0,3.75,
15231,174,2024-11-19,12:00:00,13:42:00,5,15.0,1.5,
15232,34,2024-11-19,15:15:00,17:08:00,5,18.0,0.0,
15233,47,2024-11-19,15:00:00,17:26:00,6,15.0,1.5,
15234,208,2024-11-19,16:00:00,16:53:00,1,18.0,0.0,
15235,7,2024-11-19,10:15:00,11:52:00,5,15.0,1.5,
15236,55,2024-11-19,14:15:00,16:20:00,4,18.0,0.0,
15237,25,2024-11-19,12:45:00,14:35:00,4,15.0,1.5,
15238,8,2024-11-19,10:45:00,12:24:00,10,15.0,1.5,
15239,5,2024-11-19,11:00:00,12:20:00,5,15.0,3.75,
15240,119,2024-11-19,16:45:00,17:56:00,11,15.0,1.5,
15241,55,2024-11-19,11:15:00,12:33:00,14,18.0,0.0,
15242,27,2024-11-19,09:15:00,11:17:00,2,15.0,6.0,
15243,79,2024-11-19,10:00:00,11:24:00,12,18.0,0.0,
15244,217,2024-11-20,13:45:00,14:37:00,1,15.0,1.5,
15245,34,2024-11-20,12:00:00,13:31:00,1,18.0,0.0,
15246,145,2024-11-20,16:00:00,18:22:00,11,18.0,0.0,
15247,112,2024-11-20,14:00:00,15:23:00,1,15.0,1.5,
15248,203,2024-11-20,10:00:00,11:22:00,3,15.0,3.75,
15249,43,2024-11-20,16:15:00,18:09:00,13,15.0,3.75,
15250,214,2024-11-20,15:00:00,16:13:00,3,18.0,0.0,
15251,155,2024-11-20,12:15:00,13:43:00,13,15.0,3.75,
15252,89,2024-11-20,13:30:00,14:22:00,13,15.0,1.5,
15253,96,2024-11-20,15:45:00,18:05:00,11,15.0,1.5,
15254,193,2024-11-20,09:30:00,11:55:00,10,15.0,1.5,
15255,73,2024-11-20,13:30:00,14:19:00,11,15.0,3.75,
15256,198,2024-11-20,16:45:00,17:32:00,5,15.0,3.75,
15257,74,2024-11-20,10:30:00,12:38:00,4,15.0,3.75,
15258,189,2024-11-20,12:45:00,14:19:00,11,15.0,3.75,
15259,236,2024-11-20,12:15:00,14:07:00,12,15.0,1.5,
15260,161,2024-11-20,14:45:00,15:39:00,10,18.0,0.0,
15261,237,2024-11-20,11:45:00,13:48:00,10,15.0,3.75,
15262,155,2024-11-20,16:45:00,17:52:00,5,15.0,3.75,
15263,96,2024-11-20,14:15:00,16:36:00,4,15.0,1.5,
15264,6,2024-11-20,13:00:00,14:03:00,11,15.0,1.5,
15265,119,2024-11-20,12:45:00,14:51:00,5,15.0,1.5,
15266,27,2024-11-21,14:00:00,16:11:00,6,15.0,6.0,
15267,87,2024-11-21,09:45:00,10:59:00,12,15.0,1.5,
15268,155,2024-11-21,12:15:00,13:14:00,1,15.0,3.75,
15269,238,2024-11-21,11:30:00,12:29:00,7,15.0,1.5,
15270,65,2024-11-21,16:15:00,18:24:00,4,18.0,0.0,
15271,231,2024-11-21,13:30:00,14:44:00,14,15.0,1.5,
15272,228,2024-11-21,14:00:00,15:33:00,6,15.0,1.5,
15273,238,2024-11-21,09:45:00,11:14:00,10,15.0,1.5,
15274,5,2024-11-21,10:45:00,12:03:00,12,15.0,3.75,
15275,159,2024-11-21,16:30:00,17:59:00,13,15.0,1.5,
15276,62,2024-11-21,14:45:00,16:22:00,7,18.0,0.0,
15277,114,2024-11-21,10:30:00,11:21:00,10,15.0,1.5,
15278,93,2024-11-21,14:15:00,15:27:00,1,15.0,1.5,
15279,8,2024-11-21,12:30:00,14:59:00,4,15.0,1.5,
15280,237,2024-11-21,10:00:00,10:56:00,4,15.0,3.75,
15281,49,2024-11-21,15:45:00,16:31:00,12,15.0,1.5,
15282,95,2024-11-21,16:45:00,18:34:00,12,15.0,1.5,
15283,40,2024-11-22,10:45:00,11:54:00,14,18.0,0.0,
15284,13,2024-11-22,14:15:00,15:08:00,10,18.0,0.0,
15285,223,2024-11-22,14:15:00,16:04:00,7,15.0,1.5,
15286,119,2024-11-22,13:30:00,15:45:00,10,15.0,1.5,
15287,189,2024-11-22,16:00:00,17:28:00,5,15.0,3.75,
15288,130,2024-11-22,09:30:00,10:37:00,12,15.0,1.5,
15289,69,2024-11-22,10:00:00,12:19:00,4,15.0,3.75,
15290,119,2024-11-22,13:45:00,14:33:00,11,15.0,1.5,
15291,112,2024-11-22,09:15:00,11:01:00,6,15.0,1.5,
15292,83,2024-11-22,11:45:00,12:46:00,1,15.0,1.5,
15293,68,2024-11-22,12:30:00,13:38:00,1,18.0,0.0,
15294,197,2024-11-22,12:15:00,14:07:00,11,15.0,1.5,
15295,9,2024-11-22,10:00:00,10:56:00,4,15.0,1.5,
15296,91,2024-11-22,15:45:00,17:28:00,5,15.0,3.75,
15297,2,2024-11-22,15:30:00,17:29:00,12,15.0,6.0,
15298,4,2024-11-22,12:45:00,13:56:00,14,15.0,3.75,
15299,73,2024-11-22,13:45:00,15:16:00,10,15.0,3.75,
15300,205,2024-11-22,12:45:00,14:47:00,12,15.0,3.75,
15301,189,2024-11-22,15:15:00,17:10:00,6,15.0,3.75,
15302,240,2024-11-22,16:00:00,17:12:00,5,15.0,6.0,
15303,174,2024-11-23,15:45:00,17:53:00,14,15.0,1.5,
15304,69,2024-11-23,09:45:00,10:44:00,7,15.0,3.75,
15305,135,2024-11-23,15:15:00,16:31:00,12,15.0,3.75,
15306,195,2024-11-23,14:00:00,15:18:00,1,15.0,3.75,
15307,237,2024-11-23,16:15:00,18:43:00,14,15.0,3.75,
15308,140,2024-11-23,09:00:00,10:54:00,7,15.0,3.75,
15309,92,2024-11-23,11:15:00,12:51:00,4,18.0,0.0,
15310,172,2024-11-23,15:15:00,16:00:00,7,15.0,1.5,
15311,25,2024-11-23,16:00:00,17:20:00,4,15.0,1.5,
15312,97,2024-11-23,11:15:00,13:42:00,14,15.0,1.5,
15313,97,2024-11-23,09:30:00,11:44:00,2,15.0,1.5,
15314,134,2024-11-23,09:15:00,10:32:00,12,15.0,1.5,
15315,38,2024-11-23,16:30:00,18:29:00,4,15.0,1.5,
15316,232,2024-11-23,14:00:00,15:17:00,4,15.0,3.75,
15317,3,2024-11-23,16:00:00,17:14:00,2,15.0,3.75,
15318,87,2024-11-23,09:45:00,10:33:00,11,15.0,1.5,
15319,103,2024-11-23,14:00:00,15:17:00,14,15.0,1.5,
15320,25,2024-11-23,15:30:00,17:30:00,4,15.0,1.5,
15321,35,2024-11-23,11:45:00,13:03:00,11,18.0,0.0,
15322,48,2024-11-23,15:45:00,17:17:00,3,15.0,3.75,
15323,214,2024-11-23,16:45:00,18:41:00,1,18.0,0.0,
15324,13,2024-11-23,11:00:00,13:26:00,4,18.0,0.0,
15325,141,2024-11-23,13:30:00,14:33:00,13,15.0,3.75,
15326,69,2024-11-23,09:30:00,11:50:00,7,15.0,3.75,
15327,23,2024-11-23,16:45:00,18:04:00,7,15.0,6.0,
15328,186,2024-11-23,12:00:00,13:39:00,7,15.0,1.5,
15329,44,2024-11-23,14:30:00,16:16:00,1,15.0,1.5,
15330,17,2024-11-24,10:30:00,12:03:00,5,18.0,0.0,
15331,101,2024-11-24,11:45:00,13:23:00,7,18.0,0.0,
15332,219,2024-11-24,16:15:00,17:06:00,1,15.0,3.75,
15333,68,2024-11-24,15:15:00,17:29:00,4,18.0,0.0,
15334,81,2024-11-24,12:30:00,14:48:00,14,15.0,1.5,
15335,172,2024-11-24,09:45:00,11:13:00,3,15.0,1.5,
15336,22,2024-11-24,13:45:00,15:49:00,13,18.0,0.0,
15337,39,2024-11-24,15:00:00,15:47:00,7,15.0,1.5,
15338,2,2024-11-24,16:00:00,17:01:00,2,15.0,6.0,
15339,8,2024-11-24,14:45:00,16:29:00,2,15.0,1.5,
15340,236,2024-11-24,09:00:00,10:03:00,1,15.0,1.5,
15341,141,2024-11-24,12:00:00,13:13:00,5,15.0,3.75,
15342,226,2024-11-24,11:45:00,13:47:00,5,18.0,0.0,
15343,100,2024-11-24,11:45:00,13:23:00,14,15.0,1.5,
15344,103,2024-11-24,16:45:00,19:14:00,14,15.0,1.5,
15345,100,2024-11-24,13:15:00,14:58:00,11,15.0,1.5,
15346,93,2024-11-24,13:30:00,14:49:00,4,15.0,1.5,
15347,109,2024-11-24,09:30:00,10:22:00,4,15.0,1.5,
15348,205,2024-11-24,13:30:00,15:45:00,2,15.0,3.75,
15349,203,2024-11-24,09:45:00,12:00:00,4,15.0,3.75,
15350,233,2024-11-24,13:45:00,14:34:00,14,15.0,3.75,
15351,173,2024-11-24,16:15:00,17:37:00,3,18.0,0.0,
15352,205,2024-11-24,10:15:00,11:27:00,2,15.0,3.75,
15353,3,2024-11-24,10:00:00,12:05:00,11,15.0,3.75,
15354,165,2024-11-24,13:00:00,14:52:00,14,15.0,6.0,
15355,6,2024-11-24,09:15:00,11:37:00,4,15.0,1.5,
15356,114,2024-11-24,13:30:00,15:03:00,12,15.0,1.5,
15357,56,2024-11-24,09:00:00,10:22:00,6,15.0,3.75,
15358,228,2024-11-24,15:15:00,16:34:00,4,15.0,1.5,
15359,235,2024-11-24,10:00:00,12:14:00,11,18.0,0.0,
15360,128,2024-11-24,09:15:00,11:43:00,10,15.0,1.5,
15361,86,2024-11-24,12:45:00,15:01:00,1,18.0,0.0,
15362,73,2024-11-24,09:30:00,11:07:00,4,15.0,3.75,
15363,96,2024-11-24,12:15:00,14:41:00,14,15.0,1.5,
15364,47,2024-11-24,11:45:00,13:32:00,14,15.0,1.5,
15365,8,2024-11-24,10:15:00,11:19:00,1,15.0,1.5,
15366,114,2024-11-24,09:00:00,11:18:00,3,15.0,1.5,
15367,215,2024-11-24,15:45:00,17:16:00,2,15.0,3.75,
15368,103,2024-11-24,12:45:00,14:55:00,11,15.0,1.5,
15369,13,2024-11-25,13:00:00,14:22:00,2,18.0,0.0,
15370,126,2024-11-25,14:15:00,16:14:00,11,15.0,1.5,
15371,42,2024-11-25,15:45:00,18:00:00,2,15.0,1.5,
15372,9,2024-11-25,10:45:00,13:08:00,7,15.0,1.5,
15373,128,2024-11-25,10:30:00,12:13:00,7,15.0,1.5,
15374,159,2024-11-25,15:45:00,17:37:00,14,15.0,1.5,
15375,108,2024-11-25,14:15:00,15:56:00,6,15.0,1.5,
15376,4,2024-11-25,13:00:00,14:06:00,6,15.0,3.75,
15377,125,2024-11-25,11:45:00,12:41:00,6,18.0,0.0,
15378,128,2024-11-25,13:00:00,13:53:00,3,15.0,1.5,
15379,159,2024-11-25,15:45:00,17:12:00,14,15.0,1.5,
15380,141,2024-11-25,11:45:00,13:05:00,11,15.0,3.75,
15381,38,2024-11-25,11:45:00,14:11:00,12,15.0,1.5,
15382,238,2024-11-25,09:30:00,10:20:00,7,15.0,1.5,
15383,137,2024-11-25,12:00:00,14:16:00,7,18.0,0.0,
15384,41,2024-11-25,15:30:00,17:22:00,4,15.0,1.5,
15385,240,2024-11-25,11:30:00,13:06:00,11,15.0,6.0,
15386,95,2024-11-25,09:00:00,09:56:00,2,15.0,1.5,
15387,155,2024-11-25,09:15:00,10:21:00,6,15.0,3.75,
15388,76,2024-11-25,14:45:00,16:23:00,14,15.0,3.75,
15389,233,2024-11-25,09:15:00,10:05:00,1,15.0,3.75,
15390,240,2024-11-26,10:00:00,12:05:00,3,15.0,6.0,
15391,44,2024-11-26,13:30:00,15:40:00,12,15.0,1.5,
15392,27,2024-11-26,11:30:00,13:00:00,14,15.0,6.0,
15393,47,2024-11-26,12:30:00,13:15:00,14,15.0,1.5,
15394,141,2024-11-26,15:30:00,17:41:00,7,15.0,3.75,
15395,192,2024-11-26,14:15:00,15:37:00,3,18.0,0.0,
15396,215,2024-11-26,13:45:00,15:18:00,2,15.0,3.75,
15397,169,2024-11-26,14:00:00,15:04:00,10,15.0,1.5,
15398,128,2024-11-26,16:30:00,18:20:00,6,15.0,1.5,
15399,155,2024-11-26,12:15:00,13:06:00,3,15.0,3.75,
15400,6,2024-11-26,14:45:00,16:04:00,7,15.0,1.5,
15401,50,2024-11-26,13:00:00,14:19:00,6,18.0,0.0,
15402,134,2024-11-26,10:00:00,12:29:00,3,15.0,1.5,
15403,194,2024-11-26,13:45:00,15:18:00,6,15.0,1.5,
15404,24,2024-11-26,13:15:00,14:48:00,12,15.0,3.75,
15405,109,2024-11-26,14:30:00,15:52:00,10,15.0,1.5,
15406,234,2024-11-26,09:00:00,10:40:00,7,18.0,0.0,
15407,48,2024-11-26,11:00:00,13:08:00,1,15.0,3.75,
15408,44,2024-11-26,12:00:00,13:34:00,3,15.0,1.5,
15409,219,2024-11-26,13:15:00,14:18:00,6,15.0,3.75,
15410,161,2024-11-26,15:15:00,16:43:00,12,18.0,0.0,
15411,66,2024-11-27,13:00:00,14:49:00,7,18.0,0.0,
15412,194,2024-11-27,12:00:00,14:22:00,6,15.0,1.5,
15413,144,2024-11-27,11:30:00,12:31:00,10,18.0,0.0,
15414,3,2024-11-27,15:30:00,17:15:00,14,15.0,3.75,
15415,155,2024-11-27,15:15:00,17:40:00,5,15.0,3.75,
15416,11,2024-11-27,14:45:00,15:36:00,13,18.0,0.0,
15417,215,2024-11-27,14:30:00,15:59:00,2,15.0,3.75,
15418,110,2024-11-27,10:00:00,10:47:00,11,15.0,3.75,
15419,128,2024-11-27,14:15:00,16:34:00,6,15.0,1.5,
15420,181,2024-11-27,10:45:00,12:02:00,6,15.0,1.5,
15421,143,2024-11-27,13:15:00,14:55:00,1,15.0,3.75,
15422,172,2024-11-27,11:00:00,13:07:00,2,15.0,1.5,
15423,185,2024-11-27,12:45:00,13:32:00,12,18.0,0.0,
15424,110,2024-11-27,11:45:00,13:45:00,1,15.0,3.75,
15425,182,2024-11-27,12:15:00,14:17:00,4,15.0,1.5,
15426,219,2024-11-27,14:15:00,15:13:00,2,15.0,3.75,
15427,71,2024-11-27,14:45:00,16:51:00,12,15.0,1.5,
15428,48,2024-11-27,11:30:00,12:18:00,2,15.0,3.75,
15429,121,2024-11-27,11:00:00,13:02:00,11,15.0,1.5,
15430,1,2024-11-27,13:30:00,14:23:00,13,15.0,6.0,
15431,136,2024-11-27,15:00:00,16:57:00,11,18.0,0.0,
15432,141,2024-11-27,10:45:00,12:26:00,13,15.0,3.75,
15433,89,2024-11-27,11:15:00,13:03:00,4,15.0,1.5,
15434,1,2024-11-27,13:30:00,15:01:00,11,15.0,6.0,
15435,34,2024-11-27,13:45:00,15:59:00,2,18.0,0.0,
15436,165,2024-11-27,09:15:00,10:49:00,7,15.0,6.0,
15437,48,2024-11-27,14:45:00,16:28:00,2,15.0,3.75,
15438,158,2024-11-28,10:30:00,11:29:00,6,15.0,3.75,
15439,134,2024-11-28,13:15:00,14:18:00,6,15.0,1.5,
15440,33,2024-11-28,16:00:00,17:21:00,4,15.0,3.75,
15441,48,2024-11-28,10:45:00,12:42:00,7,15.0,3.75,
15442,69,2024-11-28,15:00:00,16:39:00,14,15.0,3.75,
15443,56,2024-11-28,12:15:00,14:28:00,11,15.0,3.75,
15444,165,2024-11-28,16:45:00,19:01:00,11,15.0,6.0,
15445,140,2024-11-28,16:45:00,17:36:00,5,15.0,3.75,
15446,2,2024-11-28,10:15:00,11:13:00,3,15.0,6.0,
15447,122,2024-11-28,11:15:00,12:00:00,4,15.0,1.5,
15448,73,2024-11-28,10:30:00,12:35:00,11,15.0,3.75,
15449,91,2024-11-28,14:00:00,14:45:00,13,15.0,3.75,
15450,141,2024-11-28,16:15:00,18:10:00,11,15.0,3.75,
15451,174,2024-11-28,14:30:00,16:51:00,1,15.0,1.5,
15452,2,2024-11-28,14:30:00,15:33:00,11,15.0,6.0,
15453,238,2024-11-28,10:00:00,12:25:00,10,15.0,1.5,
15454,215,2024-11-28,12:30:00,14:18:00,4,15.0,3.75,
15455,197,2024-11-28,13:00:00,14:35:00,7,15.0,1.5,
15456,77,2024-11-28,12:45:00,14:04:00,2,15.0,1.5,
15457,43,2024-11-28,09:30:00,11:00:00,3,15.0,3.75,
15458,6,2024-11-28,12:45:00,14:34:00,12,15.0,1.5,
15459,218,2024-11-28,12:00:00,13:10:00,6,15.0,1.5,
15460,89,2024-11-28,10:00:00,11:51:00,2,15.0,1.5,
15461,107,2024-11-28,14:15:00,16:01:00,3,15.0,3.75,
15462,69,2024-11-29,10:15:00,11:07:00,1,15.0,3.75,
15463,26,2024-11-29,14:45:00,16:45:00,2,18.0,0.0,
15464,1,2024-11-29,15:15:00,16:37:00,5,15.0,6.0,
15465,232,2024-11-29,14:15:00,16:13:00,2,15.0,3.75,
15466,233,2024-11-29,14:45:00,15:45:00,6,15.0,3.75,
15467,72,2024-11-29,15:00:00,16:48:00,2,18.0,0.0,
15468,231,2024-11-29,16:45:00,17:47:00,13,15.0,1.5,
15469,21,2024-11-29,16:15:00,18:25:00,6,15.0,1.5,
15470,219,2024-11-29,10:45:00,12:14:00,1,15.0,3.75,
15471,39,2024-11-29,13:00:00,14:21:00,4,15.0,1.5,
15472,25,2024-11-29,16:00:00,17:40:00,12,15.0,1.5,
15473,119,2024-11-29,13:00:00,14:53:00,10,15.0,1.5,
15474,179,2024-11-29,14:15:00,15:23:00,4,15.0,3.75,
15475,165,2024-11-29,10:15:00,12:45:00,11,15.0,6.0,
15476,216,2024-11-29,14:45:00,15:35:00,1,18.0,0.0,
15477,5,2024-11-29,14:45:00,16:11:00,3,15.0,3.75,
15478,38,2024-11-29,14:45:00,16:04:00,4,15.0,1.5,
15479,232,2024-11-29,12:45:00,15:10:00,3,15.0,3.75,
15480,151,2024-11-29,16:30:00,17:44:00,13,18.0,0.0,
15481,61,2024-11-29,15:30:00,17:27:00,7,15.0,3.75,
15482,147,2024-11-30,10:30:00,12:13:00,11,18.0,0.0,
15483,90,2024-11-30,10:30:00,12:15:00,12,18.0,0.0,
15484,193,2024-11-30,16:30:00,18:29:00,4,15.0,1.5,
15485,74,2024-11-30,10:00:00,11:23:00,4,15.0,3.75,
15486,64,2024-11-30,13:15:00,15:40:00,6,15.0,1.5,
15487,97,2024-11-30,13:45:00,15:44:00,14,15.0,1.5,
15488,233,2024-11-30,13:30:00,15:13:00,11,15.0,3.75,
15489,73,2024-11-30,10:45:00,12:10:00,1,15.0,3.75,
15490,195,2024-11-30,09:15:00,11:00:00,6,15.0,3.75,
15491,92,2024-11-30,11:00:00,12:58:00,4,18.0,0.0,
15492,171,2024-11-30,10:00:00,11:49:00,14,18.0,0.0,
15493,119,2024-11-30,16:15:00,17:43:00,2,15.0,1.5,
15494,143,2024-11-30,16:00:00,17:21:00,2,15.0,3.75,
15495,96,2024-11-30,14:00:00,15:40:00,2,15.0,1.5,
15496,155,2024-11-30,16:15:00,17:13:00,1,15.0,3.75,
15497,39,2024-11-30,09:15:00,10:29:00,2,15.0,1.5,
15498,170,2024-11-30,09:15:00,11:44:00,14,15.0,1.5,
15499,249,2024-11-30,13:30:00,14:58:00,1,18.0,0.0,
15500,200,2024-11-30,13:30:00,15:41:00,10,18.0,0.0,
15501,228,2024-11-30,14:00:00,15:24:00,13,15.0,1.5,
15502,48,2024-11-30,15:00:00,16:20:00,7,15.0,3.75,
15503,181,2024-11-30,10:00:00,12:06:00,1,15.0,1.5,
15504,158,2024-11-30,12:45:00,13:42:00,3,15.0,3.75,
15505,233,2024-11-30,11:30:00,13:10:00,11,15.0,3.75,
15506,174,2024-11-30,10:30:00,12:07:00,1,15.0,1.5,
15507,81,2024-11-30,11:15:00,13:06:00,12,15.0,1.5,
15508,8,2024-11-30,14:15:00,15:34:00,10,15.0,1.5,
15509,112,2024-11-30,15:00:00,16:07:00,11,15.0,1.5,
15510,46,2024-11-30,16:00:00,16:52:00,1,18.0,0.0,
15511,162,2024-11-30,12:15:00,13:12:00,2,15.0,3.75,
15512,114,2024-11-30,11:15:00,13:22:00,4,15.0,1.5,
15513,135,2024-11-30,14:15:00,15:55:00,2,15.0,3.75,
15514,215,2024-11-30,13:45:00,15:35:00,6,15.0,3.75,
15515,155,2024-11-30,12:45:00,14:10:00,1,15.0,3.75,
15516,179,2024-11-30,14:15:00,15:54:00,2,15.0,3.75,
15517,165,2024-11-30,16:00:00,16:52:00,6,15.0,6.0,
15518,139,2024-12-01,12:15:00,14:11:00,5,18.0,0.0,
15519,112,2024-12-01,14:00:00,15:27:00,3,15.0,1.5,
15520,169,2024-12-01,11:15:00,12:09:00,11,15.0,1.5,
15521,155,2024-12-01,09:30:00,10:49:00,3,15.0,3.75,
15522,80,2024-12-01,15:15:00,17:00:00,3,18.0,0.0,
15523,43,2024-12-01,13:15:00,15:14:00,2,15.0,3.75,
15524,59,2024-12-01,16:15:00,17:25:00,7,15.0,1.5,
15525,90,2024-12-01,15:30:00,16:54:00,6,18.0,0.0,
15526,1,2024-12-01,16:15:00,17:19:00,6,15.0,6.0,
15527,56,2024-12-01,12:00:00,13:21:00,10,15.0,3.75,
15528,13,2024-12-01,14:15:00,15:04:00,5,18.0,0.0,
15529,216,2024-12-01,12:00:00,13:21:00,11,18.0,0.0,
15530,13,2024-12-01,14:45:00,16:30:00,1,18.0,0.0,
15531,181,2024-12-01,15:00:00,17:27:00,13,15.0,1.5,
15532,92,2024-12-01,15:30:00,17:20:00,4,18.0,0.0,
15533,169,2024-12-01,16:00:00,17:57:00,3,15.0,1.5,
15534,186,2024-12-01,16:00:00,17:18:00,2,15.0,1.5,
15535,221,2024-12-01,14:15:00,16:25:00,14,18.0,0.0,
15536,242,2024-12-01,09:30:00,10:21:00,12,15.0,3.75,
15537,26,2024-12-01,11:45:00,12:39:00,2,18.0,0.0,
15538,122,2024-12-01,10:30:00,12:45:00,12,15.0,1.5,
15539,181,2024-12-01,16:15:00,18:25:00,1,15.0,1.5,
15540,230,2024-12-01,11:30:00,12:58:00,3,18.0,0.0,
15541,92,2024-12-01,16:15:00,17:22:00,3,18.0,0.0,
15542,98,2024-12-01,11:45:00,12:33:00,13,15.0,3.75,
15543,119,2024-12-01,11:00:00,13:18:00,7,15.0,1.5,
15544,155,2024-12-01,16:30:00,18:37:00,2,15.0,3.75,
15545,198,2024-12-01,15:45:00,18:13:00,6,15.0,3.75,
15546,1,2024-12-01,10:15:00,11:14:00,2,15.0,6.0,
15547,56,2024-12-01,16:45:00,18:00:00,10,15.0,3.75,
15548,64,2024-12-01,15:30:00,17:38:00,11,15.0,1.5,
15549,95,2024-12-01,16:45:00,18:45:00,10,15.0,1.5,
15550,5,2024-12-01,09:00:00,10:07:00,13,15.0,3.75,
15551,97,2024-12-02,10:00:00,10:50:00,10,15.0,1.5,
15552,97,2024-12-02,13:30:00,15:13:00,1,15.0,1.5,
15553,100,2024-12-02,16:30:00,18:52:00,5,15.0,1.5,
15554,228,2024-12-02,15:15:00,17:36:00,6,15.0,1.5,
15555,96,2024-12-02,09:00:00,10:41:00,14,15.0,1.5,
15556,172,2024-12-02,11:15:00,13:07:00,12,15.0,1.5,
15557,90,2024-12-02,09:15:00,10:05:00,2,18.0,0.0,
15558,98,2024-12-02,10:45:00,11:37:00,7,15.0,3.75,
15559,155,2024-12-02,10:00:00,10:56:00,10,15.0,3.75,
15560,224,2024-12-02,10:45:00,12:56:00,3,15.0,3.75,
15561,205,2024-12-02,11:30:00,12:23:00,11,15.0,3.75,
15562,108,2024-12-02,13:45:00,16:02:00,3,15.0,1.5,
15563,96,2024-12-02,13:30:00,14:39:00,14,15.0,1.5,
15564,215,2024-12-02,11:00:00,13:11:00,3,15.0,3.75,
15565,168,2024-12-02,13:30:00,15:53:00,12,18.0,0.0,
15566,11,2024-12-02,13:15:00,14:21:00,4,18.0,0.0,
15567,166,2024-12-02,13:15:00,15:25:00,10,18.0,0.0,
15568,126,2024-12-02,09:30:00,10:37:00,14,15.0,1.5,
15569,96,2024-12-02,09:00:00,11:28:00,5,15.0,1.5,
15570,142,2024-12-02,14:45:00,16:31:00,10,15.0,1.5,
15571,23,2024-12-02,16:45:00,18:45:00,2,15.0,6.0,
15572,143,2024-12-02,11:45:00,14:14:00,7,15.0,3.75,
15573,242,2024-12-02,12:00:00,13:35:00,7,15.0,3.75,
15574,220,2024-12-03,10:30:00,11:17:00,14,18.0,0.0,
15575,92,2024-12-03,16:00:00,16:51:00,6,18.0,0.0,
15576,179,2024-12-03,11:45:00,13:36:00,6,15.0,3.75,
15577,155,2024-12-03,15:45:00,17:00:00,10,15.0,3.75,
15578,120,2024-12-03,15:45:00,16:38:00,3,15.0,1.5,
15579,91,2024-12-03,12:15:00,14:42:00,3,15.0,3.75,
15580,100,2024-12-03,14:00:00,15:55:00,6,15.0,1.5,
15581,74,2024-12-03,16:45:00,17:43:00,14,15.0,3.75,
15582,186,2024-12-03,14:15:00,15:18:00,6,15.0,1.5,
15583,2,2024-12-03,10:45:00,13:04:00,2,15.0,6.0,
15584,140,2024-12-03,13:30:00,15:20:00,14,15.0,3.75,
15585,119,2024-12-03,12:15:00,13:34:00,11,15.0,1.5,
15586,55,2024-12-03,10:15:00,11:25:00,12,18.0,0.0,
15587,24,2024-12-03,14:30:00,16:46:00,10,15.0,3.75,
15588,193,2024-12-04,16:45:00,17:50:00,10,15.0,1.5,
15589,143,2024-12-04,16:00:00,18:07:00,2,15.0,3.75,
15590,181,2024-12-04,13:00:00,15:16:00,13,15.0,1.5,
15591,178,2024-12-04,12:45:00,14:46:00,7,18.0,0.0,
15592,165,2024-12-04,10:15:00,11:16:00,3,15.0,6.0,
15593,120,2024-12-04,13:45:00,15:40:00,4,15.0,1.5,
15594,74,2024-12-04,14:00:00,16:07:00,1,15.0,3.75,
15595,103,2024-12-04,11:15:00,12:31:00,2,15.0,1.5,
15596,2,2024-12-04,10:00:00,12:14:00,12,15.0,6.0,
15597,144,2024-12-04,12:15:00,13:16:00,3,18.0,0.0,
15598,237,2024-12-04,11:45:00,14:10:00,14,15.0,3.75,
15599,101,2024-12-04,15:45:00,18:00:00,5,18.0,0.0,
15600,130,2024-12-04,16:45:00,17:34:00,4,15.0,1.5,
15601,159,2024-12-04,13:15:00,14:40:00,1,15.0,1.5,
15602,207,2024-12-04,16:30:00,18:12:00,4,15.0,6.0,
15603,234,2024-12-04,12:30:00,13:58:00,13,18.0,0.0,
15604,211,2024-12-04,10:30:00,11:52:00,13,18.0,0.0,
15605,48,2024-12-04,12:15:00,13:50:00,13,15.0,3.75,
15606,21,2024-12-04,14:15:00,15:53:00,14,15.0,1.5,
15607,242,2024-12-05,09:00:00,10:19:00,2,15.0,3.75,
15608,76,2024-12-05,13:15:00,14:16:00,7,15.0,3.75,
15609,242,2024-12-05,11:45:00,14:13:00,10,15.0,3.75,
15610,65,2024-12-05,13:30:00,14:30:00,12,18.0,0.0,
15611,44,2024-12-05,11:30:00,13:13:00,2,15.0,1.5,
15612,238,2024-12-05,12:30:00,14:26:00,4,15.0,1.5,
15613,202,2024-12-05,10:30:00,11:54:00,14,18.0,0.0,
15614,56,2024-12-05,09:30:00,10:55:00,2,15.0,3.75,
15615,73,2024-12-05,13:30:00,15:03:00,4,15.0,3.75,
15616,104,2024-12-05,10:15:00,11:19:00,3,18.0,0.0,
15617,155,2024-12-05,12:45:00,13:43:00,5,15.0,3.75,
15618,119,2024-12-05,16:00:00,18:04:00,7,15.0,1.5,
15619,23,2024-12-05,14:00:00,15:22:00,6,15.0,6.0,
15620,224,2024-12-05,12:00:00,14:18:00,12,15.0,3.75,
15621,207,2024-12-05,15:15:00,16:10:00,12,15.0,6.0,
15622,36,2024-12-05,12:00:00,12:45:00,2,15.0,3.75,
15623,233,2024-12-05,15:45:00,16:59:00,2,15.0,3.75,
15624,203,2024-12-05,10:45:00,12:59:00,6,15.0,3.75,
15625,143,2024-12-05,10:45:00,11:44:00,2,15.0,3.75,
15626,120,2024-12-05,10:30:00,11:51:00,7,15.0,1.5,
15627,110,2024-12-05,11:15:00,12:28:00,11,15.0,3.75,
15628,240,2024-12-05,14:15:00,15:51:00,5,15.0,6.0,
15629,247,2024-12-05,11:45:00,13:51:00,1,18.0,0.0,
15630,73,2024-12-05,12:30:00,14:53:00,13,15.0,3.75,
15631,226,2024-12-05,09:45:00,12:15:00,12,18.0,0.0,
15632,48,2024-12-05,09:45:00,11:10:00,11,15.0,3.75,
15633,237,2024-12-06,13:45:00,16:13:00,7,15.0,3.75,
15634,93,2024-12-06,15:45:00,18:12:00,2,15.0,1.5,
15635,103,2024-12-06,15:30:00,16:57:00,13,15.0,1.5,
15636,195,2024-12-06,10:00:00,11:20:00,10,15.0,3.75,
15637,159,2024-12-06,14:45:00,16:36:00,4,15.0,1.5,
15638,237,2024-12-06,10:45:00,11:50:00,12,15.0,3.75,
15639,215,2024-12-06,14:30:00,16:30:00,5,15.0,3.75,
15640,138,2024-12-06,12:00:00,13:03:00,2,18.0,0.0,
15641,155,2024-12-06,09:30:00,10:57:00,13,15.0,3.75,
15642,1,2024-12-06,16:15:00,17:04:00,4,15.0,6.0,
15643,162,2024-12-06,12:00:00,14:30:00,14,15.0,3.75,
15644,237,2024-12-06,09:30:00,10:15:00,14,15.0,3.75,
15645,71,2024-12-06,09:15:00,10:31:00,1,15.0,1.5,
15646,92,2024-12-06,09:00:00,10:13:00,4,18.0,0.0,
15647,27,2024-12-06,14:15:00,15:21:00,5,15.0,6.0,
15648,151,2024-12-07,12:30:00,14:50:00,13,18.0,0.0,
15649,35,2024-12-07,09:00:00,10:23:00,4,18.0,0.0,
15650,238,2024-12-07,15:30:00,16:19:00,11,15.0,1.5,
15651,43,2024-12-07,16:45:00,17:44:00,7,15.0,3.75,
15652,195,2024-12-07,11:30:00,13:54:00,2,15.0,3.75,
15653,120,2024-12-07,14:00:00,14:56:00,1,15.0,1.5,
15654,71,2024-12-07,15:15:00,17:02:00,13,15.0,1.5,
15655,229,2024-12-07,09:00:00,10:19:00,7,18.0,0.0,
15656,6,2024-12-07,16:45:00,18:00:00,10,15.0,1.5,
15657,74,2024-12-07,10:00:00,12:18:00,7,15.0,3.75,
15658,68,2024-12-07,15:30:00,17:06:00,2,18.0,0.0,
15659,136,2024-12-07,12:15:00,14:12:00,10,18.0,0.0,
15660,5,2024-12-07,12:15:00,13:12:00,12,15.0,3.75,
15661,233,2024-12-07,10:15:00,12:37:00,10,15.0,3.75,
15662,143,2024-12-07,15:00:00,16:27:00,7,15.0,3.75,
15663,108,2024-12-07,12:00:00,13:22:00,6,15.0,1.5,
15664,2,2024-12-07,15:30:00,16:49:00,1,15.0,6.0,
15665,1,2024-12-07,10:30:00,11:21:00,5,15.0,6.0,
15666,211,2024-12-07,10:15:00,11:26:00,7,18.0,0.0,
15667,162,2024-12-07,11:45:00,12:51:00,5,15.0,3.75,
15668,134,2024-12-07,14:00:00,15:18:00,12,15.0,1.5,
15669,151,2024-12-07,14:15:00,15:12:00,2,18.0,0.0,
15670,3,2024-12-07,09:00:00,10:18:00,6,15.0,3.75,
15671,46,2024-12-07,11:30:00,12:57:00,10,18.0,0.0,
15672,141,2024-12-07,15:15:00,16:35:00,5,15.0,3.75,
15673,3,2024-12-08,10:45:00,13:10:00,13,15.0,3.75,
15674,73,2024-12-08,16:15:00,17:41:00,10,15.0,3.75,
15675,77,2024-12-08,11:30:00,12:58:00,1,15.0,1.5,
15676,155,2024-12-08,11:15:00,13:25:00,11,15.0,3.75,
15677,8,2024-12-08,12:30:00,13:20:00,2,15.0,1.5,
15678,65,2024-12-08,16:00:00,17:33:00,7,18.0,0.0,
15679,179,2024-12-08,14:15:00,16:29:00,12,15.0,3.75,
15680,223,2024-12-08,16:00:00,17:42:00,10,15.0,1.5,
15681,166,2024-12-08,13:30:00,14:38:00,5,18.0,0.0,
15682,134,2024-12-08,12:30:00,13:51:00,2,15.0,1.5,
15683,205,2024-12-08,15:45:00,17:48:00,4,15.0,3.75,
15684,140,2024-12-08,15:00:00,15:47:00,3,15.0,3.75,
15685,135,2024-12-08,11:45:00,12:56:00,11,15.0,3.75,
15686,92,2024-12-08,13:45:00,16:03:00,7,18.0,0.0,
15687,6,2024-12-08,16:30:00,17:20:00,1,15.0,1.5,
15688,25,2024-12-08,16:45:00,18:19:00,7,15.0,1.5,
15689,179,2024-12-08,12:45:00,14:24:00,12,15.0,3.75,
15690,215,2024-12-08,15:30:00,17:20:00,1,15.0,3.75,
15691,215,2024-12-08,15:15:00,16:55:00,5,15.0,3.75,
15692,104,2024-12-08,14:00:00,16:25:00,4,18.0,0.0,
15693,74,2024-12-08,16:00:00,18:16:00,2,15.0,3.75,
15694,1,2024-12-08,16:15:00,17:17:00,12,15.0,6.0,
15695,93,2024-12-08,13:30:00,15:06:00,4,15.0,1.5,
15696,110,2024-12-08,16:00:00,17:36:00,1,15.0,3.75,
15697,92,2024-12-08,13:15:00,14:17:00,6,18.0,0.0,
15698,8,2024-12-08,14:15:00,16:31:00,14,15.0,1.5,
15699,153,2024-12-08,11:45:00,13:34:00,4,18.0,0.0,
15700,207,2024-12-08,10:15:00,12:31:00,12,15.0,6.0,
15701,126,2024-12-08,16:15:00,17:01:00,3,15.0,1.5,
15702,189,2024-12-08,11:30:00,12:21:00,7,15.0,3.75,
15703,48,2024-12-08,10:30:00,11:17:00,7,15.0,3.75,
15704,31,2024-12-08,15:30:00,17:50:00,3,15.0,1.5,
15705,11,2024-12-09,10:45:00,11:45:00,14,18.0,0.0,
15706,74,2024-12-09,13:00:00,14:20:00,4,15.0,3.75,
15707,27,2024-12-09,16:15:00,17:16:00,13,15.0,6.0,
15708,228,2024-12-09,12:15:00,13:26:00,1,15.0,1.5,
15709,108,2024-12-09,10:15:00,12:14:00,1,15.0,1.5,
15710,41,2024-12-09,12:45:00,14:27:00,5,15.0,1.5,
15711,107,2024-12-09,16:30:00,18:46:00,14,15.0,3.75,
15712,178,2024-12-09,15:30:00,17:48:00,3,18.0,0.0,
15713,162,2024-12-09,16:30:00,17:30:00,14,15.0,3.75,
15714,74,2024-12-09,13:30:00,15:19:00,7,15.0,3.75,
15715,203,2024-12-09,13:00:00,14:57:00,3,15.0,3.75,
15716,152,2024-12-09,09:30:00,10:49:00,12,15.0,3.75,
15717,203,2024-12-09,16:15:00,17:05:00,4,15.0,3.75,
15718,2,2024-12-09,09:15:00,11:36:00,3,15.0,6.0,
15719,141,2024-12-09,11:15:00,13:14:00,1,15.0,3.75,
15720,78,2024-12-09,13:45:00,16:12:00,2,18.0,0.0,
15721,113,2024-12-09,09:45:00,11:26:00,6,18.0,0.0,
15722,73,2024-12-09,09:30:00,11:31:00,1,15.0,3.75,
15723,158,2024-12-09,16:15:00,17:42:00,4,15.0,3.75,
15724,134,2024-12-09,12:15:00,14:12:00,3,15.0,1.5,
15725,107,2024-12-10,12:30:00,14:34:00,1,15.0,3.75,
15726,130,2024-12-10,09:00:00,11:08:00,12,15.0,1.5,
15727,27,2024-12-10,10:45:00,13:00:00,11,15.0,6.0,
15728,200,2024-12-10,12:30:00,14:49:00,4,18.0,0.0,
15729,163,2024-12-10,16:30:00,18:28:00,5,18.0,0.0,
15730,71,2024-12-10,14:45:00,16:56:00,13,15.0,1.5,
15731,8,2024-12-10,09:30:00,11:42:00,1,15.0,1.5,
15732,90,2024-12-10,16:15:00,17:16:00,7,18.0,0.0,
15733,35,2024-12-10,09:30:00,10:29:00,14,18.0,0.0,
15734,236,2024-12-10,09:45:00,11:18:00,4,15.0,1.5,
15735,21,2024-12-10,15:15:00,17:31:00,6,15.0,1.5,
15736,106,2024-12-10,11:45:00,12:50:00,12,15.0,1.5,
15737,237,2024-12-10,13:15:00,14:15:00,4,15.0,3.75,
15738,106,2024-12-10,10:30:00,12:39:00,1,15.0,1.5,
15739,75,2024-12-10,10:15:00,12:38:00,2,15.0,1.5,
15740,228,2024-12-10,15:00:00,15:58:00,11,15.0,1.5,
15741,3,2024-12-10,11:30:00,12:56:00,3,15.0,3.75,
15742,34,2024-12-10,13:45:00,15:31:00,14,18.0,0.0,
15743,208,2024-12-10,11:15:00,12:15:00,5,18.0,0.0,
15744,31,2024-12-10,10:30:00,12:48:00,12,15.0,1.5,
15745,27,2024-12-10,12:30:00,14:15:00,13,15.0,6.0,
15746,237,2024-12-10,12:30:00,14:46:00,5,15.0,3.75,
15747,36,2024-12-10,11:45:00,14:14:00,4,15.0,3.75,
15748,2,2024-12-10,10:30:00,12:22:00,11,15.0,6.0,
15749,35,2024-12-10,16:30:00,18:30:00,6,18.0,0.0,
15750,179,2024-12-10,11:45:00,13:33:00,1,15.0,3.75,
15751,48,2024-12-10,11:45:00,13:21:00,6,15.0,3.75,
15752,161,2024-12-11,12:15:00,14:27:00,6,18.0,0.0,
15753,109,2024-12-11,11:30:00,13:02:00,5,15.0,1.5,
15754,104,2024-12-11,12:45:00,13:36:00,4,18.0,0.0,
15755,111,2024-12-11,13:45:00,16:12:00,13,15.0,1.5,
15756,4,2024-12-11,15:30:00,17:32:00,3,15.0,3.75,
15757,190,2024-12-11,13:30:00,15:07:00,4,18.0,0.0,
15758,189,2024-12-11,11:30:00,13:21:00,12,15.0,3.75,
15759,23,2024-12-11,09:45:00,11:28:00,6,15.0,6.0,
15760,1,2024-12-11,15:00:00,17:13:00,12,15.0,6.0,
15761,130,2024-12-11,11:00:00,13:07:00,4,15.0,1.5,
15762,160,2024-12-11,10:15:00,11:58:00,7,15.0,3.75,
15763,246,2024-12-11,13:30:00,14:55:00,5,15.0,1.5,
15764,182,2024-12-11,12:15:00,13:09:00,14,15.0,1.5,
15765,61,2024-12-11,10:00:00,12:26:00,1,15.0,3.75,
15766,135,2024-12-11,09:00:00,10:04:00,13,15.0,3.75,
15767,210,2024-12-11,14:45:00,16:41:00,11,15.0,3.75,
15768,11,2024-12-11,09:00:00,10:57:00,2,18.0,0.0,
15769,215,2024-12-11,09:45:00,10:40:00,7,15.0,3.75,
15770,176,2024-12-11,13:30:00,14:34:00,7,18.0,0.0,
15771,56,2024-12-11,14:15:00,15:17:00,12,15.0,3.75,
15772,162,2024-12-11,11:45:00,13:32:00,6,15.0,3.75,
15773,237,2024-12-11,14:30:00,16:25:00,14,15.0,3.75,
15774,165,2024-12-12,16:15:00,18:21:00,11,15.0,6.0,
15775,120,2024-12-12,09:00:00,10:48:00,10,15.0,1.5,
15776,11,2024-12-12,11:00:00,11:59:00,13,18.0,0.0,
15777,155,2024-12-12,12:15:00,13:05:00,10,15.0,3.75,
15778,179,2024-12-12,09:30:00,11:32:00,13,15.0,3.75,
15779,199,2024-12-12,13:00:00,14:35:00,6,15.0,1.5,
15780,215,2024-12-12,16:45:00,18:15:00,4,15.0,3.75,
15781,103,2024-12-12,10:15:00,11:58:00,6,15.0,1.5,
15782,152,2024-12-12,12:45:00,13:30:00,14,15.0,3.75,
15783,27,2024-12-12,12:15:00,13:30:00,7,15.0,6.0,
15784,69,2024-12-12,14:15:00,15:45:00,12,15.0,3.75,
15785,234,2024-12-12,14:45:00,15:38:00,5,18.0,0.0,
15786,90,2024-12-12,16:00:00,16:59:00,11,18.0,0.0,
15787,106,2024-12-12,12:15:00,14:05:00,2,15.0,1.5,
15788,3,2024-12-12,13:00:00,13:56:00,2,15.0,3.75,
15789,163,2024-12-13,10:30:00,11:34:00,13,18.0,0.0,
15790,98,2024-12-13,12:30:00,14:19:00,6,15.0,3.75,
15791,203,2024-12-13,10:30:00,12:22:00,14,15.0,3.75,
15792,191,2024-12-13,10:45:00,12:44:00,2,18.0,0.0,
15793,114,2024-12-13,11:45:00,14:05:00,5,15.0,1.5,
15794,165,2024-12-13,11:30:00,12:40:00,7,15.0,6.0,
15795,177,2024-12-13,13:45:00,15:26:00,10,18.0,0.0,
15796,177,2024-12-13,09:30:00,10:19:00,10,18.0,0.0,
15797,240,2024-12-13,14:15:00,16:34:00,6,15.0,6.0,
15798,61,2024-12-13,10:15:00,11:38:00,6,15.0,3.75,
15799,64,2024-12-13,10:45:00,11:52:00,2,15.0,1.5,
15800,61,2024-12-13,11:45:00,12:36:00,5,15.0,3.75,
15801,130,2024-12-13,16:45:00,18:19:00,13,15.0,1.5,
15802,25,2024-12-13,09:00:00,10:37:00,4,15.0,1.5,
15803,61,2024-12-13,15:45:00,17:21:00,14,15.0,3.75,
15804,224,2024-12-13,10:30:00,12:17:00,6,15.0,3.75,
15805,75,2024-12-13,16:15:00,18:18:00,11,15.0,1.5,
15806,5,2024-12-13,13:30:00,15:27:00,10,15.0,3.75,
15807,240,2024-12-14,10:45:00,12:33:00,13,15.0,6.0,
15808,177,2024-12-14,09:15:00,10:40:00,10,18.0,0.0,
15809,75,2024-12-14,12:30:00,14:00:00,7,15.0,1.5,
15810,237,2024-12-14,14:00:00,15:24:00,10,15.0,3.75,
15811,73,2024-12-14,16:00:00,16:55:00,7,15.0,3.75,
15812,135,2024-12-14,09:45:00,11:35:00,10,15.0,3.75,
15813,123,2024-12-14,11:00:00,12:10:00,5,18.0,0.0,
15814,146,2024-12-14,12:45:00,14:42:00,12,18.0,0.0,
15815,4,2024-12-14,12:45:00,14:10:00,10,15.0,3.75,
15816,245,2024-12-14,13:00:00,13:45:00,2,18.0,0.0,
15817,4,2024-12-14,14:00:00,15:11:00,13,15.0,3.75,
15818,186,2024-12-14,16:30:00,18:08:00,3,15.0,1.5,
15819,31,2024-12-14,11:45:00,12:53:00,12,15.0,1.5,
15820,160,2024-12-14,13:45:00,14:38:00,14,15.0,3.75,
15821,164,2024-12-14,14:00:00,15:00:00,5,15.0,1.5,
15822,219,2024-12-14,15:30:00,17:19:00,12,15.0,3.75,
15823,219,2024-12-14,16:30:00,17:57:00,13,15.0,3.75,
15824,165,2024-12-14,15:00:00,17:03:00,14,15.0,6.0,
15825,69,2024-12-14,09:45:00,11:47:00,11,15.0,3.75,
15826,106,2024-12-14,11:30:00,12:16:00,1,15.0,1.5,
15827,69,2024-12-14,13:15:00,15:03:00,11,15.0,3.75,
15828,196,2024-12-14,14:15:00,15:05:00,10,15.0,1.5,
15829,23,2024-12-14,11:00:00,12:10:00,14,15.0,6.0,
15830,89,2024-12-14,12:30:00,14:00:00,2,15.0,1.5,
15831,140,2024-12-14,10:45:00,12:39:00,5,15.0,3.75,
15832,223,2024-12-14,09:00:00,09:51:00,5,15.0,1.5,
15833,108,2024-12-14,13:00:00,14:09:00,6,15.0,1.5,
15834,2,2024-12-14,09:15:00,11:14:00,3,15.0,6.0,
15835,53,2024-12-14,16:00:00,16:45:00,2,15.0,1.5,
15836,210,2024-12-14,12:15:00,13:34:00,7,15.0,3.75,
15837,130,2024-12-14,13:15:00,14:02:00,12,15.0,1.5,
15838,138,2024-12-14,14:30:00,15:48:00,3,18.0,0.0,
15839,27,2024-12-14,09:30:00,11:36:00,7,15.0,6.0,
15840,217,2024-12-14,14:30:00,16:16:00,14,15.0,1.5,
15841,219,2024-12-14,12:30:00,14:17:00,7,15.0,3.75,
15842,144,2024-12-14,12:30:00,14:06:00,12,18.0,0.0,
15843,26,2024-12-14,10:00:00,10:45:00,11,18.0,0.0,
15844,44,2024-12-14,15:30:00,16:41:00,7,15.0,1.5,
15845,23,2024-12-14,12:15:00,13:24:00,5,15.0,6.0,
15846,215,2024-12-14,15:30:00,16:27:00,13,15.0,3.75,
15847,11,2024-12-14,16:30:00,18:50:00,1,18.0,0.0,
15848,240,2024-12-14,10:30:00,12:39:00,10,15.0,6.0,
15849,126,2024-12-14,13:45:00,16:00:00,6,15.0,1.5,
15850,49,2024-12-14,09:15:00,11:25:00,14,15.0,1.5,
15851,25,2024-12-14,10:00:00,11:10:00,12,15.0,1.5,
15852,174,2024-12-15,15:45:00,18:04:00,14,15.0,1.5,
15853,197,2024-12-15,11:45:00,13:53:00,2,15.0,1.5,
15854,1,2024-12-15,09:00:00,10:34:00,11,15.0,6.0,
15855,242,2024-12-15,09:15:00,11:08:00,14,15.0,3.75,
15856,136,2024-12-15,12:30:00,14:47:00,2,18.0,0.0,
15857,141,2024-12-15,10:45:00,13:15:00,14,15.0,3.75,
15858,245,2024-12-15,12:00:00,13:43:00,3,18.0,0.0,
15859,182,2024-12-15,15:30:00,17:18:00,1,15.0,1.5,
15860,131,2024-12-15,16:15:00,17:08:00,11,18.0,0.0,
15861,1,2024-12-15,12:45:00,14:25:00,14,15.0,6.0,
15862,139,2024-12-15,11:15:00,12:00:00,7,18.0,0.0,
15863,93,2024-12-15,13:15:00,14:47:00,7,15.0,1.5,
15864,130,2024-12-15,16:15:00,17:13:00,1,15.0,1.5,
15865,8,2024-12-15,11:15:00,12:48:00,1,15.0,1.5,
15866,205,2024-12-15,11:30:00,13:13:00,3,15.0,3.75,
15867,56,2024-12-15,15:30:00,17:03:00,5,15.0,3.75,
15868,158,2024-12-15,10:30:00,12:30:00,4,15.0,3.75,
15869,217,2024-12-15,13:45:00,16:00:00,2,15.0,1.5,
15870,73,2024-12-15,10:30:00,11:26:00,13,15.0,3.75,
15871,121,2024-12-15,16:45:00,17:41:00,11,15.0,1.5,
15872,6,2024-12-15,09:15:00,11:17:00,1,15.0,1.5,
15873,106,2024-12-15,15:30:00,17:55:00,5,15.0,1.5,
15874,165,2024-12-15,12:15:00,14:19:00,7,15.0,6.0,
15875,111,2024-12-15,16:00:00,16:45:00,11,15.0,1.5,
15876,98,2024-12-15,10:15:00,11:05:00,4,15.0,3.75,
15877,235,2024-12-15,16:30:00,18:22:00,7,18.0,0.0,
15878,40,2024-12-15,13:30:00,15:50:00,4,18.0,0.0,
15879,205,2024-12-15,12:15:00,13:01:00,13,15.0,3.75,
15880,96,2024-12-15,12:00:00,13:04:00,1,15.0,1.5,
15881,153,2024-12-15,12:00:00,13:49:00,10,18.0,0.0,
15882,69,2024-12-15,12:45:00,15:10:00,4,15.0,3.75,
15883,49,2024-12-15,15:30:00,17:46:00,14,15.0,1.5,
15884,2,2024-12-15,13:00:00,14:37:00,7,15.0,6.0,
15885,8,2024-12-15,14:00:00,16:24:00,10,15.0,1.5,
15886,183,2024-12-15,15:30:00,16:27:00,5,15.0,1.5,
15887,206,2024-12-16,16:30:00,18:53:00,10,18.0,0.0,
15888,95,2024-12-16,15:15:00,17:24:00,5,15.0,1.5,
15889,49,2024-12-16,13:30:00,15:02:00,3,15.0,1.5,
15890,81,2024-12-16,12:30:00,13:16:00,11,15.0,1.5,
15891,240,2024-12-16,11:15:00,12:34:00,5,15.0,6.0,
15892,6,2024-12-16,13:45:00,15:59:00,10,15.0,1.5,
15893,3,2024-12-16,14:00:00,16:06:00,11,15.0,3.75,
15894,228,2024-12-16,11:30:00,13:45:00,6,15.0,1.5,
15895,242,2024-12-16,11:45:00,13:41:00,1,15.0,3.75,
15896,39,2024-12-16,10:00:00,12:18:00,3,15.0,1.5,
15897,215,2024-12-16,16:30:00,17:36:00,6,15.0,3.75,
15898,224,2024-12-17,15:45:00,16:39:00,5,15.0,3.75,
15899,68,2024-12-17,14:00:00,16:19:00,3,18.0,0.0,
15900,82,2024-12-17,13:15:00,15:18:00,13,15.0,1.5,
15901,77,2024-12-17,12:15:00,14:23:00,13,15.0,1.5,
15902,117,2024-12-17,09:45:00,12:10:00,14,18.0,0.0,
15903,171,2024-12-17,13:00:00,14:13:00,6,18.0,0.0,
15904,116,2024-12-17,09:30:00,11:26:00,2,18.0,0.0,
15905,238,2024-12-17,10:15:00,12:27:00,10,15.0,1.5,
15906,8,2024-12-17,14:30:00,15:44:00,10,15.0,1.5,
15907,120,2024-12-17,09:45:00,12:00:00,5,15.0,1.5,
15908,158,2024-12-17,12:45:00,14:55:00,1,15.0,3.75,
15909,141,2024-12-17,11:15:00,12:02:00,7,15.0,3.75,
15910,82,2024-12-17,10:15:00,12:06:00,3,15.0,1.5,
15911,87,2024-12-17,09:30:00,11:16:00,2,15.0,1.5,
15912,44,2024-12-17,12:30:00,13:44:00,10,15.0,1.5,
15913,207,2024-12-17,10:30:00,11:45:00,1,15.0,6.0,
15914,179,2024-12-17,15:45:00,18:05:00,10,15.0,3.75,
15915,92,2024-12-17,11:30:00,12:27:00,12,18.0,0.0,
15916,89,2024-12-17,11:15:00,13:17:00,5,15.0,1.5,
15917,23,2024-12-18,12:00:00,13:18:00,13,15.0,6.0,
15918,186,2024-12-18,11:45:00,13:31:00,12,15.0,1.5,
15919,231,2024-12-18,10:30:00,12:52:00,5,15.0,1.5,
15920,26,2024-12-18,11:30:00,12:45:00,10,18.0,0.0,
15921,194,2024-12-18,11:00:00,12:38:00,6,15.0,1.5,
15922,30,2024-12-18,10:45:00,12:22:00,12,18.0,0.0,
15923,149,2024-12-18,15:45:00,16:43:00,7,15.0,1.5,
15924,237,2024-12-18,12:30:00,14:28:00,13,15.0,3.75,
15925,200,2024-12-18,13:45:00,15:47:00,4,18.0,0.0,
15926,93,2024-12-18,15:15:00,16:15:00,12,15.0,1.5,
15927,130,2024-12-18,14:15:00,15:23:00,1,15.0,1.5,
15928,83,2024-12-18,16:30:00,18:14:00,2,15.0,1.5,
15929,1,2024-12-18,16:30:00,17:28:00,6,15.0,6.0,
15930,114,2024-12-19,13:30:00,15:24:00,14,15.0,1.5,
15931,93,2024-12-19,14:30:00,16:11:00,6,15.0,1.5,
15932,135,2024-12-19,10:00:00,11:52:00,7,15.0,3.75,
15933,84,2024-12-19,11:30:00,12:20:00,3,18.0,0.0,
15934,1,2024-12-19,16:30:00,18:49:00,2,15.0,6.0,
15935,238,2024-12-19,12:15:00,14:29:00,6,15.0,1.5,
15936,147,2024-12-19,10:45:00,11:51:00,14,18.0,0.0,
15937,65,2024-12-19,11:30:00,13:40:00,6,18.0,0.0,
15938,155,2024-12-19,14:45:00,16:53:00,4,15.0,3.75,
15939,8,2024-12-19,12:15:00,13:09:00,14,15.0,1.5,
15940,232,2024-12-19,11:15:00,13:37:00,13,15.0,3.75,
15941,162,2024-12-19,15:15:00,17:05:00,13,15.0,3.75,
15942,240,2024-12-19,12:30:00,13:24:00,13,15.0,6.0,
15943,56,2024-12-19,13:45:00,15:37:00,14,15.0,3.75,
15944,215,2024-12-19,11:00:00,13:13:00,11,15.0,3.75,
15945,215,2024-12-19,14:00:00,16:09:00,12,15.0,3.75,
15946,228,2024-12-19,12:15:00,14:06:00,13,15.0,1.5,
15947,151,2024-12-19,09:00:00,10:58:00,5,18.0,0.0,
15948,56,2024-12-19,11:00:00,12:16:00,10,15.0,3.75,
15949,10,2024-12-19,14:00:00,15:52:00,3,15.0,1.5,
15950,104,2024-12-19,15:30:00,17:19:00,14,18.0,0.0,
15951,127,2024-12-19,09:45:00,10:35:00,7,18.0,0.0,
15952,69,2024-12-19,16:15:00,18:07:00,12,15.0,3.75,
15953,172,2024-12-19,13:00:00,14:38:00,5,15.0,1.5,
15954,137,2024-12-19,12:30:00,13:23:00,13,18.0,0.0,
15955,219,2024-12-19,15:00:00,17:23:00,5,15.0,3.75,
15956,235,2024-12-19,14:45:00,16:09:00,13,18.0,0.0,
15957,112,2024-12-19,15:00:00,16:28:00,13,15.0,1.5,
15958,36,2024-12-19,15:00:00,16:19:00,5,15.0,3.75,
15959,219,2024-12-19,13:15:00,14:05:00,1,15.0,3.75,
15960,139,2024-12-19,12:30:00,13:43:00,4,18.0,0.0,
15961,6,2024-12-19,16:45:00,18:49:00,2,15.0,1.5,
15962,22,2024-12-20,13:15:00,15:38:00,5,18.0,0.0,
15963,160,2024-12-20,12:15:00,13:08:00,5,15.0,3.75,
15964,27,2024-12-20,16:00:00,18:27:00,13,15.0,6.0,
15965,3,2024-12-20,09:00:00,11:20:00,4,15.0,3.75,
15966,196,2024-12-20,14:00:00,16:26:00,13,15.0,1.5,
15967,191,2024-12-20,16:15:00,17:42:00,10,18.0,0.0,
15968,162,2024-12-20,13:15:00,15:09:00,1,15.0,3.75,
15969,8,2024-12-20,16:15:00,18:40:00,10,15.0,1.5,
15970,155,2024-12-20,16:15:00,18:25:00,11,15.0,3.75,
15971,172,2024-12-20,14:15:00,16:06:00,10,15.0,1.5,
15972,48,2024-12-20,15:00:00,16:17:00,7,15.0,3.75,
15973,7,2024-12-20,12:30:00,13:42:00,1,15.0,1.5,
15974,134,2024-12-20,12:45:00,15:15:00,7,15.0,1.5,
15975,106,2024-12-20,15:00:00,16:09:00,7,15.0,1.5,
15976,3,2024-12-20,16:15:00,18:06:00,11,15.0,3.75,
15977,143,2024-12-20,10:00:00,12:00:00,11,15.0,3.75,
15978,155,2024-12-20,12:30:00,14:12:00,5,15.0,3.75,
15979,7,2024-12-20,12:30:00,14:36:00,4,15.0,1.5,
15980,38,2024-12-20,14:15:00,15:41:00,5,15.0,1.5,
15981,15,2024-12-20,16:15:00,17:27:00,13,18.0,0.0,
15982,2,2024-12-20,11:00:00,12:08:00,6,15.0,6.0,
15983,237,2024-12-20,13:30:00,14:21:00,14,15.0,3.75,
15984,246,2024-12-20,11:30:00,14:00:00,12,15.0,1.5,
15985,205,2024-12-20,09:30:00,11:46:00,4,15.0,3.75,
15986,246,2024-12-20,09:45:00,10:48:00,4,15.0,1.5,
15987,121,2024-12-21,09:00:00,11:26:00,10,15.0,1.5,
15988,165,2024-12-21,10:00:00,11:39:00,6,15.0,6.0,
15989,2,2024-12-21,14:15:00,15:16:00,14,15.0,6.0,
15990,2,2024-12-21,13:00:00,14:57:00,4,15.0,6.0,
15991,24,2024-12-21,10:00:00,10:48:00,14,15.0,3.75,
15992,140,2024-12-21,16:30:00,17:36:00,1,15.0,3.75,
15993,155,2024-12-21,16:15:00,18:21:00,4,15.0,3.75,
15994,21,2024-12-21,12:00:00,14:16:00,10,15.0,1.5,
15995,4,2024-12-21,12:30:00,13:54:00,5,15.0,3.75,
15996,231,2024-12-21,12:45:00,14:55:00,2,15.0,1.5,
15997,180,2024-12-21,09:45:00,11:30:00,3,18.0,0.0,
15998,52,2024-12-21,09:45:00,11:13:00,3,15.0,1.5,
15999,31,2024-12-21,10:45:00,13:06:00,14,15.0,1.5,
16000,130,2024-12-21,09:00:00,10:41:00,13,15.0,1.5,
16001,148,2024-12-21,13:15:00,15:18:00,6,15.0,1.5,
16002,5,2024-12-21,09:15:00,11:33:00,4,15.0,3.75,
16003,131,2024-12-21,09:30:00,10:30:00,13,18.0,0.0,
16004,232,2024-12-21,16:45:00,19:09:00,4,15.0,3.75,
16005,101,2024-12-21,14:00:00,15:39:00,6,18.0,0.0,
16006,155,2024-12-21,16:00:00,16:58:00,1,15.0,3.75,
16007,237,2024-12-21,13:00:00,14:54:00,10,15.0,3.75,
16008,213,2024-12-21,10:15:00,12:40:00,6,15.0,1.5,
16009,67,2024-12-21,16:45:00,18:32:00,6,15.0,3.75,
16010,52,2024-12-21,10:30:00,11:36:00,6,15.0,1.5,
16011,218,2024-12-21,13:30:00,15:49:00,6,15.0,1.5,
16012,161,2024-12-21,09:30:00,10:42:00,5,18.0,0.0,
16013,165,2024-12-21,10:30:00,11:29:00,1,15.0,6.0,
16014,240,2024-12-21,09:15:00,10:39:00,2,15.0,6.0,
16015,105,2024-12-21,11:45:00,13:35:00,11,18.0,0.0,
16016,100,2024-12-21,15:30:00,17:17:00,4,15.0,1.5,
16017,13,2024-12-21,12:45:00,14:21:00,12,18.0,0.0,
16018,179,2024-12-21,14:45:00,16:28:00,6,15.0,3.75,
16019,69,2024-12-21,10:30:00,11:55:00,14,15.0,3.75,
16020,1,2024-12-21,15:00:00,17:16:00,11,15.0,6.0,
16021,119,2024-12-21,11:30:00,12:15:00,12,15.0,1.5,
16022,219,2024-12-22,12:15:00,13:31:00,13,15.0,3.75,
16023,242,2024-12-22,09:00:00,10:43:00,6,15.0,3.75,
16024,8,2024-12-22,14:15:00,16:13:00,2,15.0,1.5,
16025,5,2024-12-22,11:30:00,13:11:00,1,15.0,3.75,
16026,205,2024-12-22,10:30:00,11:58:00,11,15.0,3.75,
16027,74,2024-12-22,10:00:00,11:07:00,7,15.0,3.75,
16028,242,2024-12-22,09:30:00,11:34:00,11,15.0,3.75,
16029,114,2024-12-22,11:15:00,13:24:00,11,15.0,1.5,
16030,242,2024-12-22,15:30:00,17:43:00,12,15.0,3.75,
16031,126,2024-12-22,12:30:00,14:01:00,11,15.0,1.5,
16032,213,2024-12-22,15:15:00,17:37:00,6,15.0,1.5,
16033,135,2024-12-22,16:00:00,17:54:00,1,15.0,3.75,
16034,36,2024-12-22,16:45:00,17:36:00,5,15.0,3.75,
16035,134,2024-12-22,16:00:00,17:23:00,10,15.0,1.5,
16036,216,2024-12-22,11:00:00,11:59:00,7,18.0,0.0,
16037,236,2024-12-22,12:00:00,13:13:00,1,15.0,1.5,
16038,242,2024-12-22,13:30:00,15:29:00,2,15.0,3.75,
16039,228,2024-12-22,09:00:00,11:02:00,12,15.0,1.5,
16040,74,2024-12-22,10:45:00,12:04:00,3,15.0,3.75,
16041,128,2024-12-22,10:15:00,11:07:00,6,15.0,1.5,
16042,91,2024-12-22,16:30:00,17:27:00,1,15.0,3.75,
16043,189,2024-12-22,14:00:00,15:42:00,7,15.0,3.75,
16044,189,2024-12-22,15:30:00,17:41:00,5,15.0,3.75,
16045,165,2024-12-22,16:00:00,18:19:00,11,15.0,6.0,
16046,43,2024-12-22,14:15:00,16:33:00,4,15.0,3.75,
16047,215,2024-12-22,10:00:00,11:18:00,4,15.0,3.75,
16048,48,2024-12-22,14:15:00,15:12:00,7,15.0,3.75,
16049,136,2024-12-22,09:00:00,10:35:00,11,18.0,0.0,
16050,217,2024-12-22,13:45:00,14:43:00,7,15.0,1.5,
16051,240,2024-12-22,10:00:00,12:14:00,4,15.0,6.0,
16052,215,2024-12-22,12:45:00,15:11:00,6,15.0,3.75,
16053,67,2024-12-22,13:45:00,14:34:00,11,15.0,3.75,
16054,8,2024-12-22,15:45:00,17:14:00,7,15.0,1.5,
16055,240,2024-12-22,16:00:00,17:05:00,12,15.0,6.0,
16056,5,2024-12-22,10:45:00,12:16:00,6,15.0,3.75,
16057,4,2024-12-22,09:30:00,11:54:00,6,15.0,3.75,
16058,87,2024-12-22,09:15:00,11:34:00,1,15.0,1.5,
16059,233,2024-12-22,16:45:00,17:55:00,2,15.0,3.75,
16060,189,2024-12-22,16:15:00,18:04:00,13,15.0,3.75,
16061,115,2024-12-22,12:00:00,13:13:00,1,18.0,0.0,
16062,209,2024-12-22,15:00:00,16:59:00,5,18.0,0.0,
16063,35,2024-12-22,11:15:00,13:05:00,13,18.0,0.0,
16064,189,2024-12-22,16:30:00,17:47:00,10,15.0,3.75,
16065,68,2024-12-22,15:30:00,17:26:00,12,18.0,0.0,
16066,236,2024-12-22,09:45:00,10:51:00,4,15.0,1.5,
16067,4,2024-12-23,11:00:00,13:01:00,14,15.0,3.75,
16068,56,2024-12-23,09:30:00,10:32:00,1,15.0,3.75,
16069,100,2024-12-23,15:15:00,16:58:00,3,15.0,1.5,
16070,114,2024-12-23,10:45:00,13:13:00,13,15.0,1.5,
16071,207,2024-12-23,14:45:00,16:42:00,6,15.0,6.0,
16072,237,2024-12-23,11:45:00,14:05:00,7,15.0,3.75,
16073,160,2024-12-23,10:45:00,13:03:00,13,15.0,3.75,
16074,27,2024-12-23,11:45:00,13:23:00,12,15.0,6.0,
16075,11,2024-12-23,13:15:00,14:45:00,1,18.0,0.0,
16076,228,2024-12-23,13:30:00,14:43:00,14,15.0,1.5,
16077,165,2024-12-23,15:45:00,16:39:00,10,15.0,6.0,
16078,169,2024-12-23,16:00:00,17:37:00,14,15.0,1.5,
16079,143,2024-12-23,12:15:00,14:12:00,1,15.0,3.75,
16080,165,2024-12-23,16:45:00,18:06:00,2,15.0,6.0,
16081,162,2024-12-24,16:15:00,18:31:00,3,15.0,3.75,
16082,224,2024-12-24,09:00:00,09:45:00,13,15.0,3.75,
16083,25,2024-12-24,12:45:00,15:06:00,11,15.0,1.5,
16084,96,2024-12-24,10:15:00,12:07:00,14,15.0,1.5,
16085,40,2024-12-24,12:30:00,14:28:00,6,18.0,0.0,
16086,111,2024-12-24,13:45:00,15:27:00,5,15.0,1.5,
16087,219,2024-12-24,15:30:00,17:27:00,14,15.0,3.75,
16088,198,2024-12-24,13:15:00,14:36:00,1,15.0,3.75,
16089,160,2024-12-24,09:45:00,10:31:00,2,15.0,3.75,
16090,131,2024-12-24,16:15:00,18:04:00,3,18.0,0.0,
16091,33,2024-12-24,13:15:00,14:13:00,11,15.0,3.75,
16092,28,2024-12-24,11:15:00,12:09:00,4,15.0,1.5,
16093,69,2024-12-24,13:30:00,15:16:00,6,15.0,3.75,
16094,219,2024-12-24,13:30:00,15:13:00,14,15.0,3.75,
16095,199,2024-12-24,09:30:00,10:31:00,11,15.0,1.5,
16096,100,2024-12-24,16:30:00,17:27:00,13,15.0,1.5,
16097,237,2024-12-24,14:00:00,16:23:00,14,15.0,3.75,
16098,5,2024-12-24,09:45:00,11:51:00,7,15.0,3.75,
16099,103,2024-12-24,13:45:00,16:02:00,13,15.0,1.5,
16100,96,2024-12-24,10:15:00,12:07:00,3,15.0,1.5,
16101,183,2024-12-24,13:00:00,14:09:00,6,15.0,1.5,
16102,238,2024-12-24,11:30:00,14:00:00,11,15.0,1.5,
16103,238,2024-12-24,13:15:00,14:54:00,13,15.0,1.5,
16104,73,2024-12-24,16:15:00,18:13:00,2,15.0,3.75,
16105,134,2024-12-24,14:00:00,16:08:00,7,15.0,1.5,
16106,148,2024-12-24,13:15:00,14:07:00,7,15.0,1.5,
16107,207,2024-12-24,15:45:00,17:50:00,10,15.0,6.0,
16108,96,2024-12-24,16:15:00,18:15:00,10,15.0,1.5,
16109,155,2024-12-24,12:30:00,14:35:00,10,15.0,3.75,
16110,228,2024-12-24,14:30:00,15:20:00,7,15.0,1.5,
16111,2,2024-12-26,14:00:00,15:48:00,1,15.0,6.0,
16112,155,2024-12-26,10:15:00,12:43:00,3,15.0,3.75,
16113,151,2024-12-26,14:15:00,16:25:00,7,18.0,0.0,
16114,165,2024-12-26,11:45:00,12:33:00,10,15.0,6.0,
16115,4,2024-12-26,15:15:00,16:59:00,13,15.0,3.75,
16116,5,2024-12-26,16:00:00,18:26:00,11,15.0,3.75,
16117,158,2024-12-26,11:30:00,12:20:00,2,15.0,3.75,
16118,9,2024-12-26,15:30:00,17:43:00,14,15.0,1.5,
16119,207,2024-12-26,14:45:00,15:32:00,4,15.0,6.0,
16120,11,2024-12-26,15:00:00,16:22:00,5,18.0,0.0,
16121,5,2024-12-26,16:00:00,17:17:00,11,15.0,3.75,
16122,165,2024-12-26,09:15:00,11:01:00,11,15.0,6.0,
16123,235,2024-12-26,13:30:00,14:57:00,10,18.0,0.0,
16124,174,2024-12-26,10:30:00,11:27:00,7,15.0,1.5,
16125,96,2024-12-26,10:45:00,12:42:00,14,15.0,1.5,
16126,120,2024-12-26,13:00:00,14:20:00,6,15.0,1.5,
16127,189,2024-12-26,16:15:00,17:37:00,7,15.0,3.75,
16128,25,2024-12-26,09:15:00,10:11:00,3,15.0,1.5,
16129,27,2024-12-26,15:15:00,17:03:00,12,15.0,6.0,
16130,111,2024-12-26,11:30:00,13:09:00,5,15.0,1.5,
16131,161,2024-12-26,14:15:00,15:15:00,13,18.0,0.0,
16132,10,2024-12-26,14:30:00,15:18:00,13,15.0,1.5,
16133,21,2024-12-26,10:15:00,12:42:00,4,15.0,1.5,
16134,219,2024-12-26,16:00:00,17:20:00,10,15.0,3.75,
16135,89,2024-12-26,12:30:00,14:35:00,14,15.0,1.5,
16136,217,2024-12-26,11:15:00,13:33:00,3,15.0,1.5,
16137,87,2024-12-26,15:15:00,16:21:00,4,15.0,1.5,
16138,219,2024-12-27,12:15:00,14:06:00,7,15.0,3.75,
16139,189,2024-12-27,09:45:00,11:12:00,10,15.0,3.75,
16140,177,2024-12-27,09:45:00,10:40:00,12,18.0,0.0,
16141,120,2024-12-27,11:45:00,13:57:00,10,15.0,1.5,
16142,135,2024-12-27,10:00:00,11:13:00,12,15.0,3.75,
16143,233,2024-12-27,13:45:00,15:18:00,3,15.0,3.75,
16144,160,2024-12-27,14:30:00,15:33:00,10,15.0,3.75,
16145,170,2024-12-27,15:30:00,17:55:00,11,15.0,1.5,
16146,122,2024-12-27,12:15:00,14:05:00,13,15.0,1.5,
16147,189,2024-12-27,13:15:00,14:06:00,11,15.0,3.75,
16148,155,2024-12-27,15:15:00,17:06:00,3,15.0,3.75,
16149,112,2024-12-27,10:00:00,11:28:00,14,15.0,1.5,
16150,139,2024-12-27,12:15:00,14:30:00,1,18.0,0.0,
16151,165,2024-12-27,14:15:00,16:43:00,13,15.0,6.0,
16152,128,2024-12-27,12:30:00,14:39:00,6,15.0,1.5,
16153,112,2024-12-27,14:30:00,15:40:00,11,15.0,1.5,
16154,55,2024-12-27,10:00:00,11:12:00,4,18.0,0.0,
16155,173,2024-12-27,10:00:00,11:55:00,10,18.0,0.0,
16156,87,2024-12-27,13:00:00,13:56:00,2,15.0,1.5,
16157,23,2024-12-27,16:45:00,18:22:00,3,15.0,6.0,
16158,159,2024-12-27,09:15:00,10:36:00,2,15.0,1.5,
16159,92,2024-12-27,16:00:00,17:51:00,11,18.0,0.0,
16160,158,2024-12-27,13:00:00,15:14:00,2,15.0,3.75,
16161,8,2024-12-28,09:30:00,10:25:00,7,15.0,1.5,
16162,61,2024-12-28,16:45:00,19:15:00,1,15.0,3.75,
16163,232,2024-12-28,11:45:00,13:48:00,1,15.0,3.75,
16164,48,2024-12-28,11:00:00,12:40:00,4,15.0,3.75,
16165,31,2024-12-28,10:30:00,12:56:00,7,15.0,1.5,
16166,69,2024-12-28,09:30:00,11:26:00,1,15.0,3.75,
16167,93,2024-12-28,14:00:00,16:13:00,5,15.0,1.5,
16168,37,2024-12-28,16:45:00,18:25:00,2,18.0,0.0,
16169,165,2024-12-28,16:00:00,17:02:00,5,15.0,6.0,
16170,41,2024-12-28,14:15:00,16:19:00,2,15.0,1.5,
16171,147,2024-12-28,16:45:00,18:58:00,7,18.0,0.0,
16172,43,2024-12-28,14:45:00,16:10:00,1,15.0,3.75,
16173,44,2024-12-28,14:30:00,16:22:00,14,15.0,1.5,
16174,242,2024-12-28,14:30:00,16:06:00,2,15.0,3.75,
16175,48,2024-12-28,10:30:00,11:53:00,12,15.0,3.75,
16176,233,2024-12-28,16:30:00,18:57:00,14,15.0,3.75,
16177,2,2024-12-28,14:15:00,15:22:00,10,15.0,6.0,
16178,148,2024-12-28,12:45:00,14:44:00,4,15.0,1.5,
16179,223,2024-12-28,12:15:00,14:43:00,11,15.0,1.5,
16180,38,2024-12-28,12:30:00,14:37:00,2,15.0,1.5,
16181,216,2024-12-28,15:15:00,17:11:00,6,18.0,0.0,
16182,172,2024-12-28,09:30:00,11:44:00,7,15.0,1.5,
16183,145,2024-12-28,09:00:00,10:33:00,7,18.0,0.0,
16184,237,2024-12-28,12:45:00,14:56:00,5,15.0,3.75,
16185,245,2024-12-28,12:15:00,13:01:00,13,18.0,0.0,
16186,205,2024-12-28,12:15:00,13:23:00,13,15.0,3.75,
16187,186,2024-12-28,15:00:00,16:25:00,7,15.0,1.5,
16188,186,2024-12-28,14:45:00,16:43:00,10,15.0,1.5,
16189,23,2024-12-28,10:15:00,12:44:00,7,15.0,6.0,
16190,141,2024-12-28,10:45:00,13:08:00,4,15.0,3.75,
16191,236,2024-12-28,14:00:00,15:06:00,3,15.0,1.5,
16192,181,2024-12-28,15:45:00,16:56:00,1,15.0,1.5,
16193,242,2024-12-28,12:00:00,14:25:00,7,15.0,3.75,
16194,33,2024-12-28,15:30:00,16:48:00,7,15.0,3.75,
16195,169,2024-12-28,14:30:00,15:44:00,11,15.0,1.5,
16196,66,2024-12-28,10:00:00,11:39:00,7,18.0,0.0,
16197,61,2024-12-28,12:45:00,14:52:00,5,15.0,3.75,
16198,9,2024-12-28,15:15:00,17:27:00,2,15.0,1.5,
16199,63,2024-12-28,14:45:00,15:48:00,11,15.0,1.5,
16200,215,2024-12-29,14:30:00,16:18:00,2,15.0,3.75,
16201,73,2024-12-29,15:30:00,16:42:00,7,15.0,3.75,
16202,73,2024-12-29,16:30:00,19:00:00,3,15.0,3.75,
16203,114,2024-12-29,13:45:00,15:42:00,10,15.0,1.5,
16204,53,2024-12-29,14:45:00,15:43:00,10,15.0,1.5,
16205,38,2024-12-29,09:00:00,10:26:00,7,15.0,1.5,
16206,168,2024-12-29,11:30:00,12:35:00,6,18.0,0.0,
16207,3,2024-12-29,14:15:00,16:14:00,10,15.0,3.75,
16208,205,2024-12-29,10:45:00,12:29:00,12,15.0,3.75,
16209,179,2024-12-29,16:15:00,18:34:00,10,15.0,3.75,
16210,136,2024-12-29,15:15:00,16:56:00,1,18.0,0.0,
16211,41,2024-12-29,09:15:00,11:13:00,10,15.0,1.5,
16212,117,2024-12-29,09:30:00,11:49:00,10,18.0,0.0,
16213,205,2024-12-29,09:45:00,10:58:00,4,15.0,3.75,
16214,111,2024-12-29,15:45:00,16:37:00,1,15.0,1.5,
16215,26,2024-12-29,09:30:00,10:45:00,6,18.0,0.0,
16216,162,2024-12-29,13:00:00,14:45:00,11,15.0,3.75,
16217,76,2024-12-29,13:45:00,15:25:00,3,15.0,3.75,
16218,28,2024-12-29,15:00:00,17:07:00,4,15.0,1.5,
16219,149,2024-12-29,10:15:00,12:06:00,3,15.0,1.5,
16220,27,2024-12-29,16:00:00,17:51:00,12,15.0,6.0,
16221,223,2024-12-29,16:45:00,18:54:00,4,15.0,1.5,
16222,121,2024-12-29,14:45:00,16:28:00,4,15.0,1.5,
16223,196,2024-12-29,15:45:00,18:14:00,7,15.0,1.5,
16224,2,2024-12-29,13:45:00,15:41:00,1,15.0,6.0,
16225,8,2024-12-29,13:00:00,15:02:00,1,15.0,1.5,
16226,159,2024-12-29,09:30:00,10:34:00,3,15.0,1.5,
16227,215,2024-12-29,10:15:00,12:08:00,1,15.0,3.75,
16228,189,2024-12-29,14:45:00,16:47:00,6,15.0,3.75,
16229,195,2024-12-30,13:30:00,15:06:00,4,15.0,3.75,
16230,52,2024-12-30,11:15:00,13:15:00,4,15.0,1.5,
16231,73,2024-12-30,11:15:00,12:56:00,2,15.0,3.75,
16232,237,2024-12-30,12:15:00,13:44:00,7,15.0,3.75,
16233,165,2024-12-30,15:30:00,17:59:00,13,15.0,6.0,
16234,104,2024-12-30,12:15:00,14:25:00,13,18.0,0.0,
16235,118,2024-12-30,14:15:00,16:15:00,6,15.0,3.75,
16236,1,2024-12-30,11:15:00,12:55:00,10,15.0,6.0,
16237,27,2024-12-30,12:45:00,15:10:00,3,15.0,6.0,
16238,217,2024-12-30,13:45:00,14:36:00,2,15.0,1.5,
16239,73,2024-12-30,12:15:00,13:07:00,7,15.0,3.75,
16240,135,2024-12-30,12:30:00,14:31:00,13,15.0,3.75,
16241,140,2024-12-30,15:30:00,17:18:00,14,15.0,3.75,
16242,95,2024-12-30,14:00:00,15:02:00,5,15.0,1.5,
16243,7,2024-12-30,10:30:00,11:48:00,6,15.0,1.5,
16244,33,2024-12-30,14:15:00,16:02:00,13,15.0,3.75,
16245,64,2024-12-30,13:30:00,15:47:00,12,15.0,1.5,
16246,56,2024-12-30,09:30:00,11:19:00,12,15.0,3.75,
16247,219,2024-12-30,15:45:00,17:20:00,11,15.0,3.75,
16248,228,2024-12-30,10:00:00,10:52:00,7,15.0,1.5,
16249,240,2024-12-30,15:00:00,16:19:00,11,15.0,6.0,
16250,10,2024-12-31,14:15:00,16:35:00,7,15.0,1.5,
16251,245,2024-12-31,12:15:00,14:41:00,10,18.0,0.0,
16252,232,2024-12-31,14:00:00,15:05:00,12,15.0,3.75,
16253,23,2024-12-31,14:15:00,15:15:00,4,15.0,6.0,
16254,122,2024-12-31,09:45:00,10:38:00,12,15.0,1.5,
16255,106,2024-12-31,12:15:00,14:13:00,10,15.0,1.5,
16256,108,2024-12-31,10:15:00,12:27:00,12,15.0,1.5,
16257,160,2024-12-31,10:00:00,10:55:00,5,15.0,3.75,
16258,4,2024-12-31,13:30:00,15:09:00,12,15.0,3.75,
16259,36,2024-12-31,11:15:00,13:38:00,3,15.0,3.75,
16260,38,2024-12-31,15:00:00,16:22:00,3,15.0,1.5,
16261,176,2024-12-31,16:00:00,18:09:00,13,18.0,0.0,
16262,1,2024-12-31,09:00:00,10:25:00,14,15.0,6.0,
16263,27,2024-12-31,14:45:00,15:57:00,1,15.0,6.0,
16264,23,2024-12-31,12:15:00,13:58:00,5,15.0,6.0,
16265,27,2024-12-31,15:15:00,16:38:00,12,15.0,6.0,
16266,48,2024-12-31,11:00:00,13:10:00,4,15.0,3.75,
16267,87,2024-12-31,10:15:00,12:13:00,11,15.0,1.5,
16268,135,2024-12-31,14:30:00,15:43:00,10,15.0,3.75,
16269,205,2024-12-31,11:00:00,11:49:00,7,15.0,3.75,
16270,56,2024-12-31,10:30:00,11:36:00,14,15.0,3.75,
16271,93,2024-12-31,15:15:00,17:25:00,5,15.0,1.5,
16272,174,2025-01-02,12:45:00,14:03:00,4,15.0,1.5,
16273,89,2025-01-02,11:45:00,13:26:00,4,15.0,1.5,
16274,95,2025-01-02,11:15:00,12:09:00,12,15.0,1.5,
16275,148,2025-01-02,15:30:00,17:12:00,7,15.0,1.5,
16276,211,2025-01-02,15:45:00,16:40:00,12,18.0,0.0,
16277,210,2025-01-02,09:15:00,10:54:00,13,15.0,3.75,
16278,163,2025-01-02,16:30:00,18:54:00,14,18.0,0.0,
16279,53,2025-01-02,11:00:00,13:06:00,3,15.0,1.5,
16280,50,2025-01-02,11:00:00,13:18:00,7,18.0,0.0,
16281,195,2025-01-02,10:30:00,12:36:00,12,15.0,3.75,
16282,7,2025-01-02,15:30:00,17:49:00,2,15.0,1.5,
16283,68,2025-01-02,15:45:00,17:03:00,10,18.0,0.0,
16284,219,2025-01-02,12:45:00,13:30:00,3,15.0,3.75,
16285,33,2025-01-02,09:15:00,10:39:00,13,15.0,3.75,
16286,215,2025-01-02,13:30:00,14:54:00,4,15.0,3.75,
16287,210,2025-01-02,15:45:00,16:59:00,7,15.0,3.75,
16288,1,2025-01-02,14:00:00,14:49:00,1,15.0,6.0,
16289,103,2025-01-02,11:30:00,13:31:00,10,15.0,1.5,
16290,2,2025-01-02,10:15:00,11:19:00,14,15.0,6.0,
16291,151,2025-01-03,13:30:00,14:43:00,14,18.0,0.0,
16292,5,2025-01-03,09:00:00,10:29:00,2,15.0,3.75,
16293,25,2025-01-03,09:15:00,10:06:00,3,15.0,1.5,
16294,203,2025-01-03,13:00:00,15:27:00,7,15.0,3.75,
16295,179,2025-01-03,14:00:00,15:23:00,1,15.0,3.75,
16296,194,2025-01-03,14:30:00,16:16:00,2,15.0,1.5,
16297,105,2025-01-03,10:45:00,11:32:00,13,18.0,0.0,
16298,231,2025-01-03,13:00:00,13:46:00,4,15.0,1.5,
16299,205,2025-01-03,09:30:00,10:22:00,6,15.0,3.75,
16300,196,2025-01-03,11:15:00,12:11:00,11,15.0,1.5,
16301,215,2025-01-03,12:15:00,14:33:00,11,15.0,3.75,
16302,110,2025-01-04,15:00:00,17:01:00,10,15.0,3.75,
16303,160,2025-01-04,11:30:00,12:37:00,1,15.0,3.75,
16304,224,2025-01-04,14:00:00,15:48:00,10,15.0,3.75,
16305,113,2025-01-04,11:00:00,11:53:00,11,18.0,0.0,
16306,185,2025-01-04,11:00:00,12:14:00,5,18.0,0.0,
16307,138,2025-01-04,13:45:00,14:31:00,2,18.0,0.0,
16308,196,2025-01-04,09:30:00,10:55:00,2,15.0,1.5,
16309,208,2025-01-04,15:00:00,15:59:00,12,18.0,0.0,
16310,48,2025-01-04,13:00:00,14:05:00,12,15.0,3.75,
16311,3,2025-01-04,13:15:00,15:17:00,4,15.0,3.75,
16312,64,2025-01-04,13:00:00,14:59:00,11,15.0,1.5,
16313,90,2025-01-04,12:00:00,13:53:00,1,18.0,0.0,
16314,27,2025-01-04,15:15:00,16:24:00,14,15.0,6.0,
16315,110,2025-01-04,12:15:00,13:27:00,10,15.0,3.75,
16316,71,2025-01-04,10:30:00,12:50:00,6,15.0,1.5,
16317,73,2025-01-04,13:45:00,15:11:00,3,15.0,3.75,
16318,1,2025-01-04,16:15:00,18:33:00,12,15.0,6.0,
16319,39,2025-01-04,09:45:00,11:17:00,3,15.0,1.5,
16320,111,2025-01-04,14:00:00,15:53:00,14,15.0,1.5,
16321,74,2025-01-04,11:00:00,12:19:00,10,15.0,3.75,
16322,89,2025-01-04,11:00:00,13:01:00,3,15.0,1.5,
16323,205,2025-01-05,16:30:00,18:25:00,3,15.0,3.75,
16324,11,2025-01-05,14:30:00,16:39:00,4,18.0,0.0,
16325,100,2025-01-05,12:45:00,13:59:00,6,15.0,1.5,
16326,208,2025-01-05,16:30:00,18:19:00,5,18.0,0.0,
16327,109,2025-01-05,09:30:00,11:27:00,4,15.0,1.5,
16328,81,2025-01-05,11:30:00,13:08:00,10,15.0,1.5,
16329,48,2025-01-05,11:45:00,12:43:00,7,15.0,3.75,
16330,168,2025-01-05,10:45:00,12:10:00,12,18.0,0.0,
16331,23,2025-01-05,15:45:00,17:14:00,3,15.0,6.0,
16332,202,2025-01-05,12:45:00,15:10:00,3,18.0,0.0,
16333,35,2025-01-05,14:00:00,15:08:00,5,18.0,0.0,
16334,112,2025-01-05,11:45:00,12:52:00,5,15.0,1.5,
16335,203,2025-01-05,11:00:00,12:31:00,4,15.0,3.75,
16336,165,2025-01-05,16:00:00,17:25:00,1,15.0,6.0,
16337,1,2025-01-05,13:30:00,15:26:00,5,15.0,6.0,
16338,189,2025-01-05,14:45:00,16:43:00,7,15.0,3.75,
16339,4,2025-01-05,10:45:00,12:12:00,6,15.0,3.75,
16340,194,2025-01-05,15:45:00,17:55:00,6,15.0,1.5,
16341,95,2025-01-05,11:30:00,13:04:00,11,15.0,1.5,
16342,43,2025-01-05,12:45:00,13:43:00,11,15.0,3.75,
16343,5,2025-01-05,10:00:00,12:20:00,3,15.0,3.75,
16344,77,2025-01-05,12:30:00,14:44:00,14,15.0,1.5,
16345,151,2025-01-06,12:15:00,13:59:00,1,18.0,0.0,
16346,172,2025-01-06,11:45:00,12:53:00,5,15.0,1.5,
16347,61,2025-01-06,15:45:00,16:44:00,5,15.0,3.75,
16348,62,2025-01-06,16:15:00,17:11:00,1,18.0,0.0,
16349,135,2025-01-06,10:30:00,12:44:00,13,15.0,3.75,
16350,242,2025-01-06,10:30:00,12:24:00,2,15.0,3.75,
16351,139,2025-01-06,11:00:00,12:25:00,4,18.0,0.0,
16352,126,2025-01-06,14:45:00,17:02:00,13,15.0,1.5,
16353,189,2025-01-06,09:45:00,12:03:00,5,15.0,3.75,
16354,246,2025-01-06,12:00:00,13:42:00,3,15.0,1.5,
16355,240,2025-01-06,11:30:00,12:33:00,4,15.0,6.0,
16356,23,2025-01-06,15:45:00,17:05:00,10,15.0,6.0,
16357,217,2025-01-06,16:45:00,17:42:00,2,15.0,1.5,
16358,151,2025-01-06,12:15:00,14:20:00,2,18.0,0.0,
16359,46,2025-01-07,15:45:00,17:41:00,12,18.0,0.0,
16360,141,2025-01-07,11:15:00,13:28:00,12,15.0,3.75,
16361,141,2025-01-07,16:15:00,18:33:00,1,15.0,3.75,
16362,1,2025-01-07,14:15:00,16:25:00,12,15.0,6.0,
16363,174,2025-01-07,09:15:00,10:02:00,6,15.0,1.5,
16364,107,2025-01-07,12:30:00,14:20:00,14,15.0,3.75,
16365,194,2025-01-07,12:00:00,12:48:00,3,15.0,1.5,
16366,205,2025-01-07,10:30:00,11:41:00,10,15.0,3.75,
16367,74,2025-01-07,12:30:00,14:06:00,12,15.0,3.75,
16368,12,2025-01-07,15:15:00,17:38:00,5,18.0,0.0,
16369,48,2025-01-07,10:00:00,12:06:00,13,15.0,3.75,
16370,104,2025-01-07,09:15:00,11:22:00,12,18.0,0.0,
16371,182,2025-01-07,11:00:00,12:42:00,6,15.0,1.5,
16372,2,2025-01-07,15:00:00,17:05:00,2,15.0,6.0,
16373,133,2025-01-08,14:00:00,14:56:00,6,18.0,0.0,
16374,64,2025-01-08,14:45:00,17:15:00,13,15.0,1.5,
16375,237,2025-01-08,09:15:00,10:56:00,11,15.0,3.75,
16376,38,2025-01-08,15:15:00,16:57:00,6,15.0,1.5,
16377,140,2025-01-08,14:30:00,16:47:00,6,15.0,3.75,
16378,217,2025-01-08,14:15:00,16:06:00,11,15.0,1.5,
16379,74,2025-01-08,12:15:00,13:23:00,2,15.0,3.75,
16380,44,2025-01-08,12:00:00,13:40:00,3,15.0,1.5,
16381,144,2025-01-08,12:45:00,14:27:00,12,18.0,0.0,
16382,209,2025-01-08,16:45:00,18:37:00,4,18.0,0.0,
16383,98,2025-01-08,16:30:00,17:42:00,11,15.0,3.75,
16384,228,2025-01-08,14:00:00,15:48:00,2,15.0,1.5,
16385,26,2025-01-08,09:00:00,10:28:00,14,18.0,0.0,
16386,7,2025-01-08,09:30:00,11:00:00,11,15.0,1.5,
16387,144,2025-01-08,09:45:00,10:49:00,2,18.0,0.0,
16388,52,2025-01-09,14:15:00,16:32:00,10,15.0,1.5,
16389,20,2025-01-09,09:45:00,10:30:00,10,18.0,0.0,
16390,206,2025-01-09,10:30:00,11:25:00,3,18.0,0.0,
16391,173,2025-01-09,13:30:00,14:27:00,4,18.0,0.0,
16392,237,2025-01-09,14:15:00,15:29:00,5,15.0,3.75,
16393,137,2025-01-09,10:30:00,12:05:00,4,18.0,0.0,
16394,21,2025-01-09,11:45:00,13:55:00,13,15.0,1.5,
16395,130,2025-01-09,15:00:00,15:48:00,12,15.0,1.5,
16396,237,2025-01-09,10:15:00,11:04:00,14,15.0,3.75,
16397,155,2025-01-09,15:45:00,17:29:00,11,15.0,3.75,
16398,11,2025-01-09,15:00:00,16:59:00,1,18.0,0.0,
16399,69,2025-01-09,10:15:00,12:34:00,14,15.0,3.75,
16400,92,2025-01-09,16:30:00,17:51:00,13,18.0,0.0,
16401,121,2025-01-09,15:00:00,17:11:00,5,15.0,1.5,
16402,100,2025-01-10,11:30:00,12:23:00,1,15.0,1.5,
16403,2,2025-01-10,15:30:00,16:34:00,14,15.0,6.0,
16404,93,2025-01-10,09:15:00,10:35:00,1,15.0,1.5,
16405,68,2025-01-10,16:30:00,17:21:00,2,18.0,0.0,
16406,61,2025-01-10,09:15:00,11:38:00,12,15.0,3.75,
16407,165,2025-01-10,15:15:00,16:43:00,6,15.0,6.0,
16408,4,2025-01-10,13:30:00,15:44:00,13,15.0,3.75,
16409,26,2025-01-10,13:30:00,15:33:00,10,18.0,0.0,
16410,224,2025-01-10,11:15:00,12:51:00,5,15.0,3.75,
16411,67,2025-01-10,12:45:00,13:45:00,3,15.0,3.75,
16412,39,2025-01-10,13:45:00,15:29:00,1,15.0,1.5,
16413,43,2025-01-10,14:00:00,16:19:00,13,15.0,3.75,
16414,37,2025-01-10,15:15:00,17:23:00,10,18.0,0.0,
16415,141,2025-01-10,12:30:00,13:59:00,12,15.0,3.75,
16416,98,2025-01-10,15:00:00,15:57:00,10,15.0,3.75,
16417,28,2025-01-10,14:15:00,16:16:00,13,15.0,1.5,
16418,46,2025-01-10,15:45:00,17:21:00,2,18.0,0.0,
16419,74,2025-01-11,13:15:00,14:27:00,2,15.0,3.75,
16420,240,2025-01-11,14:15:00,15:19:00,4,15.0,6.0,
16421,100,2025-01-11,12:00:00,14:08:00,1,15.0,1.5,
16422,181,2025-01-11,15:30:00,16:18:00,11,15.0,1.5,
16423,232,2025-01-11,09:45:00,10:38:00,4,15.0,3.75,
16424,27,2025-01-11,12:15:00,13:49:00,3,15.0,6.0,
16425,75,2025-01-11,10:30:00,12:34:00,2,15.0,1.5,
16426,238,2025-01-11,09:00:00,11:09:00,13,15.0,1.5,
16427,71,2025-01-11,11:30:00,13:20:00,5,15.0,1.5,
16428,121,2025-01-11,14:30:00,16:27:00,1,15.0,1.5,
16429,149,2025-01-11,15:15:00,17:06:00,13,15.0,1.5,
16430,237,2025-01-11,11:15:00,13:38:00,10,15.0,3.75,
16431,75,2025-01-11,12:30:00,13:59:00,4,15.0,1.5,
16432,120,2025-01-11,11:15:00,12:39:00,5,15.0,1.5,
16433,142,2025-01-11,13:30:00,14:36:00,3,15.0,1.5,
16434,125,2025-01-11,13:45:00,15:41:00,13,18.0,0.0,
16435,237,2025-01-11,13:00:00,14:37:00,4,15.0,3.75,
16436,112,2025-01-11,13:30:00,15:03:00,11,15.0,1.5,
16437,135,2025-01-11,10:15:00,12:08:00,12,15.0,3.75,
16438,114,2025-01-11,14:30:00,15:49:00,14,15.0,1.5,
16439,8,2025-01-11,14:00:00,16:15:00,11,15.0,1.5,
16440,153,2025-01-11,14:30:00,16:22:00,12,18.0,0.0,
16441,158,2025-01-11,10:15:00,12:22:00,5,15.0,3.75,
16442,47,2025-01-11,16:00:00,17:54:00,1,15.0,1.5,
16443,172,2025-01-11,15:00:00,15:54:00,1,15.0,1.5,
16444,89,2025-01-11,15:15:00,17:10:00,4,15.0,1.5,
16445,205,2025-01-11,10:30:00,11:33:00,4,15.0,3.75,
16446,2,2025-01-11,10:15:00,11:28:00,1,15.0,6.0,
16447,11,2025-01-11,11:45:00,13:53:00,2,18.0,0.0,
16448,126,2025-01-12,11:30:00,13:32:00,2,15.0,1.5,
16449,74,2025-01-12,12:15:00,14:45:00,14,15.0,3.75,
16450,205,2025-01-12,12:30:00,13:31:00,10,15.0,3.75,
16451,97,2025-01-12,15:45:00,17:13:00,13,15.0,1.5,
16452,89,2025-01-12,09:15:00,11:30:00,2,15.0,1.5,
16453,25,2025-01-12,10:45:00,12:33:00,6,15.0,1.5,
16454,95,2025-01-12,11:30:00,12:59:00,14,15.0,1.5,
16455,207,2025-01-12,10:45:00,12:41:00,12,15.0,6.0,
16456,114,2025-01-12,16:30:00,18:32:00,5,15.0,1.5,
16457,13,2025-01-12,09:15:00,11:18:00,12,18.0,0.0,
16458,185,2025-01-12,09:00:00,11:21:00,12,18.0,0.0,
16459,14,2025-01-12,15:15:00,16:59:00,6,18.0,0.0,
16460,98,2025-01-12,11:00:00,13:24:00,7,15.0,3.75,
16461,143,2025-01-12,14:15:00,15:40:00,7,15.0,3.75,
16462,140,2025-01-12,13:45:00,14:31:00,13,15.0,3.75,
16463,132,2025-01-12,11:45:00,13:17:00,12,18.0,0.0,
16464,145,2025-01-12,09:45:00,11:32:00,7,18.0,0.0,
16465,69,2025-01-12,09:00:00,10:51:00,14,15.0,3.75,
16466,149,2025-01-12,13:45:00,15:46:00,13,15.0,1.5,
16467,49,2025-01-12,12:15:00,14:22:00,3,15.0,1.5,
16468,141,2025-01-12,11:30:00,13:45:00,4,15.0,3.75,
16469,148,2025-01-12,14:15:00,15:19:00,12,15.0,1.5,
16470,27,2025-01-12,16:00:00,17:11:00,6,15.0,6.0,
16471,242,2025-01-12,12:15:00,13:26:00,7,15.0,3.75,
16472,110,2025-01-12,11:15:00,13:17:00,10,15.0,3.75,
16473,2,2025-01-12,16:00:00,17:49:00,12,15.0,6.0,
16474,31,2025-01-12,11:45:00,13:25:00,12,15.0,1.5,
16475,223,2025-01-12,14:00:00,16:16:00,5,15.0,1.5,
16476,116,2025-01-12,14:15:00,16:05:00,3,18.0,0.0,
16477,77,2025-01-12,11:30:00,12:32:00,2,15.0,1.5,
16478,147,2025-01-12,10:30:00,11:32:00,1,18.0,0.0,
16479,228,2025-01-12,14:45:00,16:50:00,10,15.0,1.5,
16480,140,2025-01-13,15:00:00,17:12:00,7,15.0,3.75,
16481,155,2025-01-13,09:00:00,11:28:00,13,15.0,3.75,
16482,75,2025-01-13,16:30:00,18:13:00,1,15.0,1.5,
16483,44,2025-01-13,09:45:00,12:10:00,14,15.0,1.5,
16484,60,2025-01-13,09:00:00,11:24:00,5,18.0,0.0,
16485,220,2025-01-13,09:30:00,11:15:00,11,18.0,0.0,
16486,23,2025-01-13,14:00:00,16:23:00,2,15.0,6.0,
16487,98,2025-01-13,12:00:00,13:10:00,4,15.0,3.75,
16488,91,2025-01-13,16:00:00,18:27:00,11,15.0,3.75,
16489,126,2025-01-13,12:00:00,14:01:00,14,15.0,1.5,
16490,8,2025-01-13,13:15:00,14:56:00,13,15.0,1.5,
16491,189,2025-01-13,16:30:00,18:38:00,3,15.0,3.75,
16492,27,2025-01-14,11:30:00,12:51:00,4,15.0,6.0,
16493,34,2025-01-14,12:45:00,15:13:00,12,18.0,0.0,
16494,141,2025-01-14,13:00:00,14:26:00,13,15.0,3.75,
16495,219,2025-01-14,10:45:00,11:59:00,14,15.0,3.75,
16496,90,2025-01-14,14:30:00,15:25:00,7,18.0,0.0,
16497,182,2025-01-14,10:15:00,11:51:00,13,15.0,1.5,
16498,187,2025-01-14,09:30:00,11:37:00,7,18.0,0.0,
16499,33,2025-01-14,16:45:00,18:43:00,4,15.0,3.75,
16500,28,2025-01-14,13:30:00,15:28:00,13,15.0,1.5,
16501,210,2025-01-14,15:00:00,16:07:00,7,15.0,3.75,
16502,234,2025-01-14,09:15:00,10:29:00,6,18.0,0.0,
16503,53,2025-01-14,16:15:00,18:16:00,13,15.0,1.5,
16504,245,2025-01-14,16:00:00,18:10:00,2,18.0,0.0,
16505,165,2025-01-14,15:30:00,16:35:00,13,15.0,6.0,
16506,27,2025-01-14,13:00:00,14:34:00,11,15.0,6.0,
16507,172,2025-01-14,11:30:00,13:07:00,13,15.0,1.5,
16508,31,2025-01-15,11:30:00,13:27:00,12,15.0,1.5,
16509,89,2025-01-15,12:15:00,13:03:00,4,15.0,1.5,
16510,111,2025-01-15,10:45:00,11:39:00,11,15.0,1.5,
16511,166,2025-01-15,15:30:00,17:44:00,7,18.0,0.0,
16512,207,2025-01-15,15:00:00,17:04:00,11,15.0,6.0,
16513,145,2025-01-15,11:00:00,12:04:00,5,18.0,0.0,
16514,181,2025-01-15,11:00:00,12:05:00,10,15.0,1.5,
16515,238,2025-01-15,10:30:00,12:38:00,6,15.0,1.5,
16516,154,2025-01-15,14:00:00,15:35:00,6,18.0,0.0,
16517,186,2025-01-15,12:00:00,13:29:00,4,15.0,1.5,
16518,122,2025-01-15,14:00:00,16:07:00,4,15.0,1.5,
16519,118,2025-01-15,14:15:00,15:37:00,4,15.0,3.75,
16520,56,2025-01-15,10:15:00,12:33:00,12,15.0,3.75,
16521,189,2025-01-16,13:30:00,14:37:00,2,15.0,3.75,
16522,209,2025-01-16,12:45:00,14:21:00,14,18.0,0.0,
16523,5,2025-01-16,14:00:00,16:23:00,6,15.0,3.75,
16524,105,2025-01-16,09:45:00,11:24:00,4,18.0,0.0,
16525,121,2025-01-16,15:30:00,16:54:00,3,15.0,1.5,
16526,182,2025-01-16,10:30:00,11:59:00,11,15.0,1.5,
16527,48,2025-01-16,12:30:00,13:43:00,4,15.0,3.75,
16528,60,2025-01-16,14:45:00,15:49:00,12,18.0,0.0,
16529,108,2025-01-16,13:00:00,15:18:00,13,15.0,1.5,
16530,118,2025-01-16,11:30:00,12:18:00,6,15.0,3.75,
16531,100,2025-01-17,09:00:00,10:44:00,4,15.0,1.5,
16532,224,2025-01-17,15:15:00,16:01:00,4,15.0,3.75,
16533,86,2025-01-17,15:00:00,17:08:00,1,18.0,0.0,
16534,7,2025-01-17,15:00:00,16:15:00,6,15.0,1.5,
16535,97,2025-01-17,15:15:00,16:27:00,6,15.0,1.5,
16536,4,2025-01-17,09:45:00,10:57:00,3,15.0,3.75,
16537,86,2025-01-17,10:30:00,12:15:00,5,18.0,0.0,
16538,59,2025-01-17,11:30:00,13:40:00,1,15.0,1.5,
16539,84,2025-01-17,16:15:00,17:11:00,3,18.0,0.0,
16540,141,2025-01-17,14:15:00,15:08:00,5,15.0,3.75,
16541,164,2025-01-17,11:15:00,13:25:00,13,15.0,1.5,
16542,56,2025-01-17,12:00:00,14:10:00,11,15.0,3.75,
16543,188,2025-01-17,09:15:00,10:23:00,12,18.0,0.0,
16544,27,2025-01-17,14:15:00,16:14:00,7,15.0,6.0,
16545,160,2025-01-17,15:30:00,17:28:00,10,15.0,3.75,
16546,165,2025-01-17,11:45:00,13:51:00,4,15.0,6.0,
16547,107,2025-01-17,13:00:00,14:39:00,12,15.0,3.75,
16548,195,2025-01-17,11:30:00,13:04:00,7,15.0,3.75,
16549,45,2025-01-17,11:30:00,13:10:00,13,18.0,0.0,
16550,246,2025-01-17,11:00:00,13:29:00,1,15.0,1.5,
16551,162,2025-01-18,13:00:00,14:00:00,12,15.0,3.75,
16552,93,2025-01-18,11:30:00,13:39:00,6,15.0,1.5,
16553,135,2025-01-18,15:15:00,16:35:00,14,15.0,3.75,
16554,231,2025-01-18,10:30:00,12:08:00,1,15.0,1.5,
16555,240,2025-01-18,13:15:00,14:25:00,13,15.0,6.0,
16556,166,2025-01-18,10:00:00,12:20:00,6,18.0,0.0,
16557,11,2025-01-18,14:00:00,16:20:00,14,18.0,0.0,
16558,225,2025-01-18,16:30:00,17:54:00,10,18.0,0.0,
16559,4,2025-01-18,15:45:00,17:27:00,3,15.0,3.75,
16560,61,2025-01-18,12:45:00,14:30:00,4,15.0,3.75,
16561,207,2025-01-18,11:30:00,13:30:00,4,15.0,6.0,
16562,82,2025-01-18,14:00:00,14:49:00,1,15.0,1.5,
16563,73,2025-01-18,14:15:00,15:12:00,12,15.0,3.75,
16564,48,2025-01-18,14:00:00,16:23:00,6,15.0,3.75,
16565,21,2025-01-18,16:30:00,18:08:00,10,15.0,1.5,
16566,232,2025-01-18,11:45:00,12:55:00,13,15.0,3.75,
16567,215,2025-01-18,10:00:00,10:49:00,11,15.0,3.75,
16568,164,2025-01-18,10:15:00,11:39:00,14,15.0,1.5,
16569,86,2025-01-18,13:45:00,15:57:00,1,18.0,0.0,
16570,68,2025-01-18,13:00:00,14:30:00,7,18.0,0.0,
16571,20,2025-01-19,13:45:00,15:02:00,12,18.0,0.0,
16572,72,2025-01-19,10:15:00,11:13:00,13,18.0,0.0,
16573,237,2025-01-19,15:15:00,16:40:00,3,15.0,3.75,
16574,209,2025-01-19,15:30:00,16:53:00,6,18.0,0.0,
16575,69,2025-01-19,09:45:00,11:45:00,2,15.0,3.75,
16576,44,2025-01-19,11:45:00,12:40:00,13,15.0,1.5,
16577,92,2025-01-19,15:15:00,17:10:00,13,18.0,0.0,
16578,175,2025-01-19,14:15:00,15:47:00,12,18.0,0.0,
16579,206,2025-01-19,15:45:00,18:15:00,3,18.0,0.0,
16580,69,2025-01-19,12:45:00,14:03:00,5,15.0,3.75,
16581,56,2025-01-19,11:30:00,13:04:00,11,15.0,3.75,
16582,1,2025-01-19,13:00:00,15:28:00,7,15.0,6.0,
16583,247,2025-01-19,13:00:00,14:01:00,13,18.0,0.0,
16584,1,2025-01-19,14:15:00,15:37:00,14,15.0,6.0,
16585,171,2025-01-19,09:15:00,10:35:00,12,18.0,0.0,
16586,207,2025-01-19,16:15:00,17:01:00,12,15.0,6.0,
16587,228,2025-01-19,12:15:00,13:16:00,13,15.0,1.5,
16588,72,2025-01-19,12:00:00,12:45:00,11,18.0,0.0,
16589,33,2025-01-19,16:30:00,18:10:00,5,15.0,3.75,
16590,39,2025-01-19,12:00:00,13:43:00,2,15.0,1.5,
16591,237,2025-01-20,13:30:00,15:15:00,3,15.0,3.75,
16592,232,2025-01-20,15:15:00,16:06:00,12,15.0,3.75,
16593,64,2025-01-20,14:30:00,16:05:00,7,15.0,1.5,
16594,163,2025-01-20,15:00:00,15:52:00,2,18.0,0.0,
16595,240,2025-01-20,14:00:00,15:10:00,4,15.0,6.0,
16596,180,2025-01-20,13:30:00,15:33:00,2,18.0,0.0,
16597,74,2025-01-20,09:45:00,11:58:00,4,15.0,3.75,
16598,149,2025-01-20,11:15:00,12:56:00,12,15.0,1.5,
16599,215,2025-01-20,15:30:00,17:51:00,7,15.0,3.75,
16600,64,2025-01-20,11:45:00,12:30:00,6,15.0,1.5,
16601,111,2025-01-20,13:15:00,15:44:00,5,15.0,1.5,
16602,25,2025-01-20,12:15:00,13:58:00,7,15.0,1.5,
16603,137,2025-01-20,16:15:00,17:09:00,4,18.0,0.0,
16604,82,2025-01-20,10:45:00,12:43:00,12,15.0,1.5,
16605,57,2025-01-20,10:45:00,12:32:00,14,15.0,1.5,
16606,147,2025-01-20,11:45:00,12:46:00,7,18.0,0.0,
16607,205,2025-01-20,12:30:00,13:21:00,10,15.0,3.75,
16608,22,2025-01-20,10:00:00,11:47:00,6,18.0,0.0,
16609,75,2025-01-20,14:30:00,15:24:00,13,15.0,1.5,
16610,96,2025-01-20,14:15:00,15:56:00,3,15.0,1.5,
16611,21,2025-01-20,14:00:00,15:52:00,6,15.0,1.5,
16612,189,2025-01-21,15:30:00,16:33:00,12,15.0,3.75,
16613,105,2025-01-21,11:30:00,13:42:00,11,18.0,0.0,
16614,155,2025-01-21,11:45:00,13:06:00,1,15.0,3.75,
16615,235,2025-01-21,13:45:00,15:56:00,14,18.0,0.0,
16616,63,2025-01-21,10:15:00,12:43:00,12,15.0,1.5,
16617,87,2025-01-21,09:45:00,10:33:00,12,15.0,1.5,
16618,40,2025-01-21,16:30:00,17:54:00,12,18.0,0.0,
16619,91,2025-01-21,13:30:00,14:19:00,10,15.0,3.75,
16620,55,2025-01-21,16:45:00,18:13:00,12,18.0,0.0,
16621,96,2025-01-21,13:45:00,15:42:00,3,15.0,1.5,
16622,240,2025-01-21,09:45:00,11:53:00,3,15.0,6.0,
16623,131,2025-01-21,10:15:00,12:45:00,5,18.0,0.0,
16624,99,2025-01-21,09:45:00,11:04:00,6,18.0,0.0,
16625,154,2025-01-21,14:45:00,15:40:00,4,18.0,0.0,
16626,15,2025-01-21,13:00:00,14:31:00,2,18.0,0.0,
16627,196,2025-01-21,12:30:00,13:41:00,11,15.0,1.5,
16628,93,2025-01-21,14:15:00,15:30:00,10,15.0,1.5,
16629,98,2025-01-21,10:00:00,11:23:00,13,15.0,3.75,
16630,186,2025-01-21,09:30:00,10:21:00,6,15.0,1.5,
16631,227,2025-01-21,11:45:00,13:39:00,5,18.0,0.0,
16632,233,2025-01-21,16:30:00,17:56:00,13,15.0,3.75,
16633,2,2025-01-21,11:45:00,14:08:00,3,15.0,6.0,
16634,25,2025-01-21,15:15:00,16:11:00,7,15.0,1.5,
16635,140,2025-01-21,11:30:00,13:52:00,10,15.0,3.75,
16636,218,2025-01-21,14:00:00,15:18:00,2,15.0,1.5,
16637,126,2025-01-22,16:00:00,18:03:00,11,15.0,1.5,
16638,190,2025-01-22,12:45:00,14:50:00,2,18.0,0.0,
16639,26,2025-01-22,15:30:00,16:59:00,1,18.0,0.0,
16640,1,2025-01-22,16:15:00,17:22:00,12,15.0,6.0,
16641,110,2025-01-22,15:30:00,16:19:00,4,15.0,3.75,
16642,207,2025-01-22,10:30:00,11:40:00,2,15.0,6.0,
16643,5,2025-01-22,13:30:00,14:45:00,5,15.0,3.75,
16644,74,2025-01-22,13:45:00,15:56:00,4,15.0,3.75,
16645,25,2025-01-22,16:45:00,18:36:00,7,15.0,1.5,
16646,233,2025-01-22,09:15:00,10:07:00,11,15.0,3.75,
16647,38,2025-01-22,16:30:00,17:25:00,11,15.0,1.5,
16648,119,2025-01-22,11:30:00,13:36:00,14,15.0,1.5,
16649,10,2025-01-22,14:30:00,15:43:00,5,15.0,1.5,
16650,31,2025-01-22,14:30:00,15:36:00,12,15.0,1.5,
16651,172,2025-01-22,09:45:00,12:09:00,3,15.0,1.5,
16652,175,2025-01-22,15:45:00,17:49:00,6,18.0,0.0,
16653,172,2025-01-23,16:15:00,17:13:00,7,15.0,1.5,
16654,233,2025-01-23,16:00:00,17:50:00,2,15.0,3.75,
16655,100,2025-01-23,11:00:00,13:03:00,12,15.0,1.5,
16656,93,2025-01-23,09:45:00,11:51:00,10,15.0,1.5,
16657,48,2025-01-23,11:30:00,12:43:00,14,15.0,3.75,
16658,169,2025-01-23,11:00:00,12:36:00,7,15.0,1.5,
16659,4,2025-01-23,12:45:00,15:06:00,2,15.0,3.75,
16660,4,2025-01-23,12:15:00,14:44:00,3,15.0,3.75,
16661,42,2025-01-23,10:45:00,12:19:00,7,15.0,1.5,
16662,222,2025-01-23,12:15:00,14:02:00,2,18.0,0.0,
16663,165,2025-01-23,15:00:00,16:35:00,2,15.0,6.0,
16664,51,2025-01-23,14:00:00,14:52:00,14,15.0,1.5,
16665,39,2025-01-23,09:15:00,10:04:00,4,15.0,1.5,
16666,237,2025-01-23,09:15:00,11:13:00,5,15.0,3.75,
16667,5,2025-01-23,11:00:00,12:52:00,10,15.0,3.75,
16668,76,2025-01-23,09:30:00,10:41:00,10,15.0,3.75,
16669,72,2025-01-23,12:15:00,13:34:00,3,18.0,0.0,
16670,196,2025-01-23,11:45:00,13:21:00,10,15.0,1.5,
16671,165,2025-01-23,16:30:00,18:00:00,10,15.0,6.0,
16672,69,2025-01-23,10:15:00,11:11:00,3,15.0,3.75,
16673,244,2025-01-23,13:00:00,15:30:00,11,18.0,0.0,
16674,111,2025-01-24,16:30:00,18:48:00,5,15.0,1.5,
16675,68,2025-01-24,13:30:00,15:30:00,7,18.0,0.0,
16676,155,2025-01-24,10:15:00,12:36:00,13,15.0,3.75,
16677,223,2025-01-24,12:15:00,13:45:00,11,15.0,1.5,
16678,233,2025-01-24,15:30:00,16:34:00,7,15.0,3.75,
16679,149,2025-01-24,16:45:00,19:14:00,2,15.0,1.5,
16680,162,2025-01-24,09:00:00,10:56:00,12,15.0,3.75,
16681,125,2025-01-24,10:00:00,10:49:00,10,18.0,0.0,
16682,2,2025-01-24,14:00:00,15:54:00,7,15.0,6.0,
16683,224,2025-01-24,16:15:00,17:47:00,14,15.0,3.75,
16684,1,2025-01-24,16:15:00,17:19:00,14,15.0,6.0,
16685,232,2025-01-24,10:45:00,12:25:00,4,15.0,3.75,
16686,92,2025-01-24,10:00:00,12:04:00,6,18.0,0.0,
16687,107,2025-01-24,13:45:00,14:31:00,2,15.0,3.75,
16688,39,2025-01-24,13:00:00,13:49:00,14,15.0,1.5,
16689,202,2025-01-25,11:30:00,13:43:00,3,18.0,0.0,
16690,98,2025-01-25,12:15:00,14:44:00,2,15.0,3.75,
16691,222,2025-01-25,13:45:00,16:00:00,4,18.0,0.0,
16692,134,2025-01-25,10:45:00,11:41:00,5,15.0,1.5,
16693,249,2025-01-25,15:30:00,16:29:00,7,18.0,0.0,
16694,57,2025-01-25,09:00:00,11:30:00,11,15.0,1.5,
16695,71,2025-01-25,13:30:00,14:18:00,12,15.0,1.5,
16696,162,2025-01-25,14:00:00,16:05:00,5,15.0,3.75,
16697,73,2025-01-25,09:30:00,11:31:00,14,15.0,3.75,
16698,2,2025-01-25,09:15:00,10:22:00,7,15.0,6.0,
16699,11,2025-01-25,13:30:00,14:31:00,13,18.0,0.0,
16700,223,2025-01-25,11:00:00,11:46:00,6,15.0,1.5,
16701,8,2025-01-25,16:00:00,17:44:00,3,15.0,1.5,
16702,56,2025-01-25,10:00:00,11:45:00,6,15.0,3.75,
16703,225,2025-01-25,14:45:00,17:13:00,6,18.0,0.0,
16704,23,2025-01-25,09:30:00,11:12:00,5,15.0,6.0,
16705,249,2025-01-25,16:45:00,19:14:00,13,18.0,0.0,
16706,231,2025-01-25,10:15:00,12:04:00,3,15.0,1.5,
16707,56,2025-01-25,09:30:00,11:27:00,10,15.0,3.75,
16708,237,2025-01-25,13:45:00,14:35:00,3,15.0,3.75,
16709,12,2025-01-25,14:30:00,16:33:00,3,18.0,0.0,
16710,155,2025-01-25,09:30:00,11:01:00,5,15.0,3.75,
16711,23,2025-01-25,11:45:00,13:06:00,5,15.0,6.0,
16712,238,2025-01-25,10:30:00,12:01:00,7,15.0,1.5,
16713,155,2025-01-25,16:15:00,18:28:00,5,15.0,3.75,
16714,5,2025-01-25,09:30:00,11:44:00,5,15.0,3.75,
16715,96,2025-01-25,11:45:00,12:46:00,3,15.0,1.5,
16716,71,2025-01-25,15:30:00,16:45:00,11,15.0,1.5,
16717,9,2025-01-25,15:30:00,17:37:00,13,15.0,1.5,
16718,210,2025-01-25,16:30:00,18:39:00,13,15.0,3.75,
16719,185,2025-01-25,11:15:00,12:06:00,1,18.0,0.0,
16720,106,2025-01-25,10:15:00,12:07:00,2,15.0,1.5,
16721,203,2025-01-25,10:30:00,11:57:00,12,15.0,3.75,
16722,96,2025-01-25,11:15:00,12:31:00,11,15.0,1.5,
16723,3,2025-01-26,15:15:00,17:19:00,12,15.0,3.75,
16724,25,2025-01-26,14:45:00,16:47:00,11,15.0,1.5,
16725,136,2025-01-26,09:30:00,11:21:00,12,18.0,0.0,
16726,218,2025-01-26,12:45:00,13:38:00,5,15.0,1.5,
16727,110,2025-01-26,11:15:00,12:45:00,11,15.0,3.75,
16728,130,2025-01-26,16:30:00,17:55:00,13,15.0,1.5,
16729,111,2025-01-26,11:30:00,13:23:00,12,15.0,1.5,
16730,91,2025-01-26,15:00:00,16:50:00,5,15.0,3.75,
16731,89,2025-01-26,15:30:00,17:17:00,3,15.0,1.5,
16732,27,2025-01-26,11:15:00,12:36:00,1,15.0,6.0,
16733,130,2025-01-26,16:45:00,18:17:00,13,15.0,1.5,
16734,11,2025-01-26,11:30:00,13:20:00,7,18.0,0.0,
16735,108,2025-01-26,16:45:00,17:39:00,7,15.0,1.5,
16736,72,2025-01-26,09:30:00,10:28:00,13,18.0,0.0,
16737,170,2025-01-26,11:30:00,12:19:00,10,15.0,1.5,
16738,169,2025-01-26,13:00:00,13:45:00,10,15.0,1.5,
16739,71,2025-01-26,13:15:00,15:14:00,5,15.0,1.5,
16740,195,2025-01-26,11:15:00,13:00:00,14,15.0,3.75,
16741,8,2025-01-26,14:30:00,16:28:00,2,15.0,1.5,
16742,91,2025-01-26,09:45:00,11:30:00,3,15.0,3.75,
16743,244,2025-01-27,12:15:00,13:06:00,1,18.0,0.0,
16744,173,2025-01-27,14:45:00,15:52:00,13,18.0,0.0,
16745,27,2025-01-27,13:45:00,16:07:00,10,15.0,6.0,
16746,100,2025-01-27,14:45:00,16:50:00,12,15.0,1.5,
16747,44,2025-01-27,09:15:00,10:36:00,6,15.0,1.5,
16748,5,2025-01-27,15:00:00,16:40:00,1,15.0,3.75,
16749,1,2025-01-27,09:00:00,11:04:00,14,15.0,6.0,
16750,44,2025-01-27,14:00:00,15:40:00,3,15.0,1.5,
16751,73,2025-01-27,16:45:00,18:31:00,5,15.0,3.75,
16752,96,2025-01-27,16:15:00,17:25:00,11,15.0,1.5,
16753,23,2025-01-27,11:45:00,13:09:00,2,15.0,6.0,
16754,91,2025-01-27,09:15:00,11:23:00,6,15.0,3.75,
16755,205,2025-01-27,13:45:00,15:45:00,12,15.0,3.75,
16756,240,2025-01-27,09:00:00,11:25:00,6,15.0,6.0,
16757,71,2025-01-27,12:00:00,13:28:00,6,15.0,1.5,
16758,5,2025-01-27,09:00:00,10:49:00,12,15.0,3.75,
16759,27,2025-01-28,10:15:00,11:34:00,11,15.0,6.0,
16760,143,2025-01-28,14:15:00,15:40:00,1,15.0,3.75,
16761,23,2025-01-28,15:30:00,16:49:00,13,15.0,6.0,
16762,1,2025-01-28,14:30:00,16:47:00,11,15.0,6.0,
16763,36,2025-01-28,16:15:00,18:21:00,3,15.0,3.75,
16764,177,2025-01-28,14:15:00,16:04:00,10,18.0,0.0,
16765,164,2025-01-28,10:45:00,11:31:00,13,15.0,1.5,
16766,198,2025-01-28,10:15:00,12:38:00,1,15.0,3.75,
16767,35,2025-01-28,11:30:00,13:29:00,7,18.0,0.0,
16768,97,2025-01-28,10:45:00,12:23:00,5,15.0,1.5,
16769,25,2025-01-28,12:15:00,14:17:00,7,15.0,1.5,
16770,82,2025-01-29,12:00:00,13:04:00,14,15.0,1.5,
16771,116,2025-01-29,09:15:00,10:58:00,13,18.0,0.0,
16772,217,2025-01-29,15:30:00,16:47:00,14,15.0,1.5,
16773,33,2025-01-29,09:00:00,11:02:00,2,15.0,3.75,
16774,93,2025-01-29,11:45:00,13:18:00,12,15.0,1.5,
16775,151,2025-01-29,15:15:00,16:00:00,7,18.0,0.0,
16776,115,2025-01-29,09:00:00,10:18:00,4,18.0,0.0,
16777,27,2025-01-29,13:00:00,14:47:00,3,15.0,6.0,
16778,52,2025-01-29,16:15:00,17:35:00,2,15.0,1.5,
16779,165,2025-01-29,15:15:00,17:34:00,10,15.0,6.0,
16780,152,2025-01-29,14:00:00,15:22:00,2,15.0,3.75,
16781,148,2025-01-29,13:45:00,14:51:00,13,15.0,1.5,
16782,163,2025-01-29,11:15:00,13:43:00,5,18.0,0.0,
16783,209,2025-01-29,10:30:00,12:49:00,11,18.0,0.0,
16784,234,2025-01-29,16:15:00,17:06:00,7,18.0,0.0,
16785,219,2025-01-29,12:00:00,13:01:00,3,15.0,3.75,
16786,43,2025-01-29,13:30:00,15:53:00,11,15.0,3.75,
16787,162,2025-01-30,13:30:00,14:34:00,4,15.0,3.75,
16788,69,2025-01-30,13:00:00,14:31:00,7,15.0,3.75,
16789,217,2025-01-30,10:00:00,11:12:00,4,15.0,1.5,
16790,195,2025-01-30,10:00:00,12:11:00,12,15.0,3.75,
16791,67,2025-01-30,12:30:00,13:26:00,10,15.0,3.75,
16792,108,2025-01-30,11:00:00,12:58:00,13,15.0,1.5,
16793,195,2025-01-30,10:15:00,11:57:00,10,15.0,3.75,
16794,3,2025-01-30,14:15:00,15:03:00,7,15.0,3.75,
16795,25,2025-01-30,14:30:00,16:59:00,4,15.0,1.5,
16796,69,2025-01-30,16:30:00,17:31:00,1,15.0,3.75,
16797,47,2025-01-30,16:45:00,17:38:00,13,15.0,1.5,
16798,101,2025-01-30,09:00:00,10:58:00,6,18.0,0.0,
16799,111,2025-01-30,10:45:00,13:07:00,14,15.0,1.5,
16800,157,2025-01-30,14:45:00,16:45:00,14,18.0,0.0,
16801,216,2025-01-30,11:00:00,12:22:00,4,18.0,0.0,
16802,1,2025-01-30,11:45:00,13:48:00,5,15.0,6.0,
16803,111,2025-01-30,10:30:00,12:58:00,12,15.0,1.5,
16804,38,2025-01-31,16:15:00,17:03:00,1,15.0,1.5,
16805,143,2025-01-31,16:15:00,18:20:00,10,15.0,3.75,
16806,10,2025-01-31,15:45:00,16:43:00,3,15.0,1.5,
16807,89,2025-01-31,14:00:00,16:13:00,14,15.0,1.5,
16808,196,2025-01-31,14:15:00,16:06:00,3,15.0,1.5,
16809,5,2025-01-31,13:15:00,14:20:00,11,15.0,3.75,
16810,155,2025-01-31,15:15:00,17:07:00,13,15.0,3.75,
16811,205,2025-01-31,15:00:00,16:19:00,5,15.0,3.75,
16812,233,2025-01-31,13:45:00,14:32:00,6,15.0,3.75,
16813,56,2025-01-31,16:30:00,18:28:00,13,15.0,3.75,
16814,154,2025-01-31,16:45:00,18:42:00,14,18.0,0.0,
16815,69,2025-01-31,12:15:00,13:25:00,7,15.0,3.75,
16816,24,2025-01-31,14:00:00,16:03:00,14,15.0,3.75,
16817,96,2025-01-31,13:15:00,15:20:00,13,15.0,1.5,
16818,201,2025-01-31,13:30:00,14:37:00,11,15.0,1.5,
16819,130,2025-01-31,14:45:00,16:33:00,6,15.0,1.5,
16820,65,2025-01-31,11:45:00,12:56:00,2,18.0,0.0,
16821,95,2025-01-31,13:45:00,15:56:00,13,15.0,1.5,
16822,21,2025-01-31,14:45:00,15:31:00,13,15.0,1.5,
16823,203,2025-01-31,10:45:00,11:58:00,12,15.0,3.75,
16824,21,2025-01-31,12:30:00,14:16:00,10,15.0,1.5,
16825,2,2023-09-12,10:15:00,11:45:00,13,15.0,6.0,Returned via email campaign
16826,5,2023-09-10,14:00:00,14:47:00,12,15.0,3.75,Returned via email campaign
16827,9,2023-09-03,11:45:00,12:49:00,4,15.0,1.5,Returned via email campaign
16828,143,2023-09-13,10:15:00,11:48:00,10,15.0,3.75,Returned via email campaign
16829,15,2023-08-18,10:30:00,11:27:00,13,18.0,0.0,Returned via email campaign
16830,31,2023-08-31,14:30:00,15:39:00,7,15.0,1.5,Returned via email campaign
16831,166,2023-08-21,13:30:00,14:30:00,4,18.0,0.0,Returned via email campaign
16832,171,2023-08-23,14:15:00,15:07:00,2,18.0,0.0,Returned via email campaign
16833,47,2023-09-02,13:30:00,14:41:00,7,15.0,1.5,Returned via email campaign
16834,57,2023-09-13,10:30:00,11:18:00,5,15.0,1.5,Returned via email campaign
16835,204,2023-08-26,13:30:00,15:01:00,12,18.0,0.0,Returned via email campaign
16836,6,2023-09-13,14:15:00,15:18:00,13,15.0,1.5,
16837,8,2023-09-01,15:00:00,15:48:00,2,15.0,1.5,
16838,16,2023-08-18,14:30:00,16:18:00,1,18.0,0.0,
16839,26,2023-08-22,15:15:00,16:51:00,11,18.0,0.0,
16840,160,2023-09-04,11:00:00,12:38:00,3,15.0,3.75,
16841,35,2023-08-19,13:15:00,14:23:00,7,18.0,0.0,
16842,179,2023-09-09,13:15:00,14:33:00,4,15.0,3.75,
16843,68,2023-09-01,14:30:00,16:10:00,3,18.0,0.0,
16844,79,2023-09-12,12:15:00,13:35:00,5,18.0,0.0,
16845,105,2023-09-10,14:15:00,15:46:00,3,18.0,0.0,
16846,243,2023-09-14,14:45:00,15:42:00,13,18.0,0.0,
16847,120,2023-09-03,14:45:00,16:17:00,10,15.0,1.5,
